# meters; x anterior, y left, z dorsal
mtllib fish.mtl
usemtl fish
v -0.0376674386 -0.007904810831 -0.01143867776
v -0.03770412806 -0.00797605142 -0.01128877953
v -0.03753786788 -0.007689820137 -0.01189306725
v -0.03634060615 -0.008049358614 -0.01128511478
v -0.03847060188 -0.006236343645 -0.01045453616
v -0.0376444517 -0.006174275186 -0.01255265598
v -0.03700818795 -0.006954132579 -0.01345723935
v -0.03714065089 -0.007122355048 -0.01309835699
v -0.03675319602 -0.006595680024 -0.01416595441
v -0.0366727982 -0.006399857346 -0.01443213012
v -0.03668473403 -0.006161795463 -0.01453043867
v -0.03660424727 -0.006255203392 -0.01463003245
v -0.03646433748 -0.006014166865 -0.01496337794
v -0.03863420452 -0.008828288876 -0.007693278812
v -0.0387854094 -0.008835272864 -0.007098320149
v -0.03910477481 -0.008857661858 -0.005536161571
v -0.03936256397 -0.008263254538 -0.005168797657
v -0.03889081462 -0.008303669281 -0.007369120814
v -0.03976508438 -0.00837450847 -6.182556261e-05
v -0.03922364137 -0.008869293146 -0.004822849039
v -0.03926029264 -0.008874839172 -0.00452450218
v -0.03931217383 -0.008886910975 -0.004092237655
v -0.03949902787 -0.008779302239 -0.002891229441
v -0.03936415373 -0.008860182017 -0.003750580804
v -0.03955668419 -0.008734521456 -0.002396615896
v -0.03971013262 -0.008541847579 -0.000163861162
v -0.03971137314 -0.008538070135 -0.0001181426824
v -0.03971670031 -0.008521847427 2.801493521e-05
v -0.0396642864 -0.008346648887 -0.002623834855
v -0.03915433887 -0.006258580834 -0.008283737789
v -0.0396810558 -0.006234792527 -0.006090484768
v -0.0400325565 -0.00624243496 -0.003919862419
v -0.04023632056 -0.006298618857 -0.001358559796
v -0.03821456314 -0.00839915406 -0.009592947293
v -0.03830194309 -0.008498095907 -0.0092027697
v -0.03824649261 -0.008430617861 -0.009468043897
v -0.03858305349 -0.008826471865 -0.007872746534
v -0.03826822781 -0.008301516995 -0.009531985711
v -0.03808854728 -0.008291088045 -0.01002521508
v -0.03644684165 -0.008940099739 -0.007787524931
v -0.03655307668 -0.009070850909 -0.003930370532
v -0.03669199974 -0.008793004788 4.119102506e-05
v -0.03665513101 -0.004124321975 -0.01529038858
v -0.03765701245 -0.004141557496 -0.01333894741
v -0.03852160948 -0.004138624761 -0.01132285104
v -0.0364953915 -0.002067107707 -0.01597744946
v -0.03753523643 -0.002068973845 -0.01406200391
v -0.03844661008 -0.002074363176 -0.01206135165
v -0.03984465751 -0.004174369853 -0.006981267802
v -0.03926087937 -0.00416737143 -0.009175841439
v -0.0405140959 -0.004183128476 -0.002647141203
v -0.04025437239 -0.004188952968 -0.004825808782
v -0.04061963338 -0.004197347909 -6.182556261e-05
v -0.03985253184 -0.002092548413 -0.007836580485
v -0.04031903318 -0.002093728399 -0.005707475099
v -0.03920982986 -0.002076062141 -0.01001982086
v -0.04063855692 -0.002097028773 -0.003531809639
v -0.04080421127 -0.002098031808 -0.001358480517
v -0.03602039184 -0.00527351303 -0.01598963861
v -0.03588613982 -0.005055919755 -0.01629776482
v -0.03581548643 -0.004959566053 -0.01643643502
v -0.03621802733 -0.006643785164 -0.01417798058
v -0.03347225625 -0.008131077513 -0.01122791108
v -0.0333251613 -0.005205524154 -0.01661321681
v -0.03343139657 -0.006856255699 -0.01426787183
v -0.03352945995 -0.008915583603 -0.007656774226
v -0.03363569498 -0.009316008538 -0.003791447704
v -0.03551367273 -0.004193300381 -0.01711868655
v -0.03546626235 -0.003347669961 -0.01740967457
v -0.03524974429 -0.003587515326 -0.01766192701
v -0.03520910137 -0.003511333372 -0.01773138319
v -0.03505346806 -0.003209176008 -0.01799925577
v -0.03501772669 -0.003084274475 -0.01807089683
v -0.03521784882 -0.001277542906 -0.01804455716
v -0.03467938884 -0.002006838564 -0.01869236466
v -0.03465109387 -0.001925734919 -0.01874308076
v -0.03448707678 -0.001549838926 -0.0189829224
v -0.03437607943 -0.0009459489374 -0.01916861136
v -0.03419117791 -4.478143637e-06 -0.01947362136
v -0.03312086289 -0.003375010099 -0.01813319859
v -0.03293290849 -0.001658903318 -0.01914651852
v -0.03970070764 -0.008356715553 0.001574444143
v -0.03968745119 -0.00826371368 0.002448946262
v -0.03968075405 -0.008252555504 0.002558137548
v -0.03960378396 -0.008178137243 0.003313415708
v -0.03954747434 -0.00813023746 0.003852909688
v -0.03945729531 -0.007977528498 0.004868557934
v -0.03941496111 -0.007929536514 0.005196780224
v -0.03919719926 -0.00775239896 0.006447979041
v -0.03912679128 -0.007685875986 0.00686365252
v -0.0389847739 -0.007574494928 0.007571575489
v -0.03894911914 -0.007552528288 0.007714979608
v -0.03869449741 -0.007318748627 0.008807856847
v -0.04023632056 -0.006298618857 0.001234908729
v -0.0400325565 -0.00624243496 0.003796211236
v -0.0396810558 -0.006234792527 0.005966833584
v -0.03915433887 -0.006258580834 0.008160086606
v -0.03693715784 -0.008376236074 0.003996408802
v -0.03860691211 -0.007249529939 0.009136069823
v -0.03721500349 -0.007689793129 0.007788188082
v -0.03839009556 -0.007057886571 0.00996388707
v -0.03815750846 -0.006886753719 0.01071452748
v -0.03847060188 -0.006236343645 0.01033088497
v -0.03796107995 -0.006758762058 0.01128252528
v -0.03748467772 -0.006782708224 0.01132663645
v -0.03786204497 -0.006623967085 0.0116118009
v -0.03763438922 -0.006317353342 0.0123667347
v -0.0376444517 -0.006174275186 0.01242900479
v -0.03760016824 -0.006277849898 0.01246504232
v -0.03759341941 -0.006270310842 0.01248428158
v -0.03749492041 -0.006172330584 0.01273715801
v -0.03714394079 -0.005844138097 0.01358975216
v -0.03692055701 -0.005671793129 0.0141177953
v -0.03686340594 -0.005631720182 0.01424258973
v -0.03667189575 -0.005278180353 0.01473636392
v -0.03643063198 -0.004886729177 0.01529024101
v -0.0405140959 -0.004183128476 0.002523490019
v -0.04025437239 -0.004188952968 0.004702157598
v -0.03984465751 -0.004174369853 0.006857616619
v -0.03926087937 -0.00416737143 0.009052190256
v -0.04080421127 -0.002098031808 0.00123482945
v -0.04063855692 -0.002097028773 0.003408158455
v -0.04031903318 -0.002093728399 0.005583823916
v -0.03985253184 -0.002092548413 0.007712928836
v -0.03920982986 -0.002076062141 0.009896169674
v -0.03852160948 -0.004138624761 0.01119919985
v -0.03765701245 -0.004141557496 0.01321529716
v -0.03665513101 -0.004124321975 0.0151667374
v -0.03844661008 -0.002074363176 0.01193770047
v -0.03753523643 -0.002068973845 0.01393835272
v -0.0364953915 -0.002067107707 0.01585379827
v -0.03429762202 -0.007869576104 0.007837219421
v -0.03379096182 -0.009103538468 0.0001719420207
v -0.03401977614 -0.008719457313 0.004110815727
v -0.03464901515 -0.007085070014 0.01137566872
v -0.03500858064 -0.005834763404 0.01444014467
v -0.03182969683 -0.007313884329 0.01145738762
v -0.03227915334 -0.006145297084 0.01461175576
v -0.03626211614 -0.004600441549 0.01568158555
v -0.03584826573 -0.004013244994 0.01649962019
v -0.03530277007 -0.004053281154 0.01657302145
v -0.03571747218 -0.003812257899 0.01676205944
v -0.03547098509 -0.003431903664 0.01725703876
v -0.03546626235 -0.003347669961 0.01728602338
v -0.0354350081 -0.003382291645 0.01732243623
v -0.03542822947 -0.003374325577 0.01733315576
v -0.03533758524 -0.003272106173 0.01747571703
v -0.03500526187 -0.00290482142 0.01798965435
v -0.03477734815 -0.002615320496 0.01834737535
v -0.03521784882 -0.001277542906 0.01792090598
v -0.03446540677 -0.002138103358 0.0188482872
v -0.0343002253 -0.001922786585 0.01907891247
v -0.03413305476 -0.001706845127 0.0193121827
v -0.03298194006 -0.002762114862 0.01855062905
v -0.0326550626 -0.004355642945 0.01689989891
v -0.03385003282 -0.001365455915 0.01968439135
v -0.03322709816 -0.001397401327 0.01976824764
v -0.03373619354 -0.001128712087 0.01984052758
v -0.03360835135 -0.0006354462821 0.0200305565
v -0.03903833053 0 -0.01072223924
v -0.0364953915 0.002067107707 -0.01597744946
v -0.03823048177 0 -0.01274141737
v -0.03753523643 0.002068973845 -0.01406200391
v -0.03844661008 0.002074363176 -0.01206135165
v -0.03728495653 0 -0.01469990678
v -0.03665513101 0.004124321975 -0.01529038858
v -0.03765701245 0.004141557496 -0.01333894741
v -0.03852160948 0.004138624761 -0.01132285104
v -0.04022621292 0 -0.006540721025
v -0.03985253184 0.002092548413 -0.007836580485
v -0.04031903318 0.002093728399 -0.005707475099
v -0.03970463782 0 -0.008652037684
v -0.03920982986 0.002076062141 -0.01001982086
v -0.04060055989 0 -0.004398394119
v -0.04082588687 0 -0.002235311292
v -0.04090111631 0 -6.182556261e-05
v -0.04063855692 0.002097028773 -0.003531809639
v -0.04080421127 0.002098031808 -0.001358480517
v -0.03984465751 0.004174369853 -0.006981267802
v -0.03926087937 0.00416737143 -0.009175841439
v -0.0405140959 0.004183128476 -0.002647141203
v -0.04025437239 0.004188952968 -0.004825808782
v -0.04061963338 0.004197347909 -6.182556261e-05
v -0.03847060188 0.006236343645 -0.01045453616
v -0.0376444517 0.006174275186 -0.01255265598
v -0.03700818795 0.006954132579 -0.01345723935
v -0.03714065089 0.007122355048 -0.01309835699
v -0.03668473403 0.006161795463 -0.01453043867
v -0.0366727982 0.006399857346 -0.01443213012
v -0.03660424727 0.006255203392 -0.01463003245
v -0.03646433748 0.006014166865 -0.01496337794
v -0.03675319602 0.006595680024 -0.01416595441
v -0.03753786788 0.007689820137 -0.01189306725
v -0.0376674386 0.007904810831 -0.01143867776
v -0.03770412806 0.00797605142 -0.01128877953
v -0.03634060615 0.008049358614 -0.01128511478
v -0.03915433887 0.006258580834 -0.008283737789
v -0.0396810558 0.006234792527 -0.006090484768
v -0.0400325565 0.00624243496 -0.003919862419
v -0.04023632056 0.006298618857 -0.001358559796
v -0.03936256397 0.008263254538 -0.005168797657
v -0.03889081462 0.008303669281 -0.007369120814
v -0.03863420452 0.008828288876 -0.007693278812
v -0.0387854094 0.008835272864 -0.007098320149
v -0.03910477481 0.008857661858 -0.005536161571
v -0.03976508438 0.00837450847 -6.182556261e-05
v -0.0396642864 0.008346648887 -0.002623834855
v -0.03922364137 0.008869293146 -0.004822849039
v -0.03926029264 0.008874839172 -0.00452450218
v -0.03931217383 0.008886910975 -0.004092237655
v -0.03949902787 0.008779302239 -0.002891229441
v -0.03936415373 0.008860182017 -0.003750580804
v -0.03955668419 0.008734521456 -0.002396615896
v -0.03971670031 0.008521847427 2.801493521e-05
v -0.03971013262 0.008541847579 -0.000163861162
v -0.03971137314 0.008538070135 -0.0001181426824
v -0.03826822781 0.008301516995 -0.009531985711
v -0.03808854728 0.008291088045 -0.01002521508
v -0.03821456314 0.00839915406 -0.009592947293
v -0.03830194309 0.008498095907 -0.0092027697
v -0.03824649261 0.008430617861 -0.009468043897
v -0.03858305349 0.008826471865 -0.007872746534
v -0.03644684165 0.008940099739 -0.007787524931
v -0.03655307668 0.009070850909 -0.003930370532
v -0.03669199974 0.008793004788 4.119102506e-05
v -0.03620628103 0 -0.0165883356
v -0.03521784882 0.001277542906 -0.01804455716
v -0.03419012109 0 -0.01947509285
v -0.03419117791 4.478143637e-06 -0.01947362136
v -0.03437607943 0.0009459489374 -0.01916861136
v -0.03465109387 0.001925734919 -0.01874308076
v -0.03467938884 0.002006838564 -0.01869236466
v -0.03448707678 0.001549838926 -0.0189829224
v -0.03546626235 0.003347669961 -0.01740967457
v -0.03524974429 0.003587515326 -0.01766192701
v -0.03520910137 0.003511333372 -0.01773138319
v -0.03551367273 0.004193300381 -0.01711868655
v -0.03505346806 0.003209176008 -0.01799925577
v -0.03501772669 0.003084274475 -0.01807089683
v -0.03293290849 0.001658903318 -0.01914651852
v -0.03285118912 0 -0.01962866236
v -0.03312086289 0.003375010099 -0.01813319859
v -0.03588613982 0.005055919755 -0.01629776482
v -0.03581548643 0.004959566053 -0.01643643502
v -0.03602039184 0.00527351303 -0.01598963861
v -0.03621802733 0.006643785164 -0.01417798058
v -0.0333251613 0.005205524154 -0.01661321681
v -0.03343139657 0.006856255699 -0.01426787183
v -0.03347225625 0.008131077513 -0.01122791108
v -0.03352945995 0.008915583603 -0.007656774226
v -0.03363569498 0.009316008538 -0.003791447704
v -0.04082588687 0 0.002111660108
v -0.04060055989 0 0.004274742935
v -0.04080421127 0.002098031808 0.00123482945
v -0.04063855692 0.002097028773 0.003408158455
v -0.04022621292 0 0.006417069842
v -0.04031903318 0.002093728399 0.005583823916
v -0.03985253184 0.002092548413 0.007712928836
v -0.03970463782 0 0.0085283865
v -0.03920982986 0.002076062141 0.009896169674
v -0.0405140959 0.004183128476 0.002523490019
v -0.04025437239 0.004188952968 0.004702157598
v -0.03984465751 0.004174369853 0.006857616619
v -0.03926087937 0.00416737143 0.009052190256
v -0.03903833053 0 0.01059858806
v -0.03823048177 0 0.01261776618
v -0.03844661008 0.002074363176 0.01193770047
v -0.03753523643 0.002068973845 0.01393835272
v -0.03728495653 0 0.0145762556
v -0.0364953915 0.002067107707 0.01585379827
v -0.03852160948 0.004138624761 0.01119919985
v -0.03765701245 0.004141557496 0.01321529716
v -0.03665513101 0.004124321975 0.0151667374
v -0.04023632056 0.006298618857 0.001234908729
v -0.0400325565 0.00624243496 0.003796211236
v -0.0396810558 0.006234792527 0.005966833584
v -0.03915433887 0.006258580834 0.008160086606
v -0.03970070764 0.008356715553 0.001574444143
v -0.03968745119 0.00826371368 0.002448946262
v -0.03968075405 0.008252555504 0.002558137548
v -0.03960378396 0.008178137243 0.003313415708
v -0.03954747434 0.00813023746 0.003852909688
v -0.03945729531 0.007977528498 0.004868557934
v -0.03919719926 0.00775239896 0.006447979041
v -0.03941496111 0.007929536514 0.005196780224
v -0.03912679128 0.007685875986 0.00686365252
v -0.0389847739 0.007574494928 0.007571575489
v -0.03894911914 0.007552528288 0.007714979608
v -0.03869449741 0.007318748627 0.008807856847
v -0.03839009556 0.007057886571 0.00996388707
v -0.03693715784 0.008376236074 0.003996408802
v -0.03860691211 0.007249529939 0.009136069823
v -0.03721500349 0.007689793129 0.007788188082
v -0.03847060188 0.006236343645 0.01033088497
v -0.03815750846 0.006886753719 0.01071452748
v -0.0376444517 0.006174275186 0.01242900479
v -0.03760016824 0.006277849898 0.01246504232
v -0.03759341941 0.006270310842 0.01248428158
v -0.03749492041 0.006172330584 0.01273715801
v -0.03763438922 0.006317353342 0.0123667347
v -0.03796107995 0.006758762058 0.01128252528
v -0.03748467772 0.006782708224 0.01132663645
v -0.03786204497 0.006623967085 0.0116118009
v -0.03714394079 0.005844138097 0.01358975216
v -0.03692055701 0.005671793129 0.0141177953
v -0.03667189575 0.005278180353 0.01473636392
v -0.03643063198 0.004886729177 0.01529024101
v -0.03686340594 0.005631720182 0.01424258973
v -0.03620628103 0 0.01646468442
v -0.03521784882 0.001277542906 0.01792090598
v -0.03418756647 0 0.01935499746
v -0.03413305476 0.001706845127 0.0193121827
v -0.03446540677 0.002138103358 0.0188482872
v -0.0343002253 0.001922786585 0.01907891247
v -0.03546626235 0.003347669961 0.01728602338
v -0.03547098509 0.003431903664 0.01725703876
v -0.03533758524 0.003272106173 0.01747571703
v -0.0354350081 0.003382291645 0.01732243623
v -0.03542822947 0.003374325577 0.01733315576
v -0.03584826573 0.004013244994 0.01649962019
v -0.03626211614 0.004600441549 0.01568158555
v -0.03530277007 0.004053281154 0.01657302145
v -0.03571747218 0.003812257899 0.01676205944
v -0.03500526187 0.00290482142 0.01798965435
v -0.03477734815 0.002615320496 0.01834737535
v -0.03360835135 0.0006354462821 0.0200305565
v -0.03373619354 0.001128712087 0.01984052758
v -0.03339626592 0 0.02027791951
v -0.03330064563 0 0.02028308089
v -0.03385003282 0.001365455915 0.01968439135
v -0.03322709816 0.001397401327 0.01976824764
v -0.03298194006 0.002762114862 0.01855062905
v -0.0326550626 0.004355642945 0.01689989891
v -0.03429762202 0.007869576104 0.007837219421
v -0.03379096182 0.009103538468 0.0001719420207
v -0.03401977614 0.008719457313 0.004110815727
v -0.03500858064 0.005834763404 0.01444014467
v -0.03464901515 0.007085070014 0.01137566872
v -0.03227915334 0.006145297084 0.01461175576
v -0.03182969683 0.007313884329 0.01145738762
v -0.03071831331 -0.008147421293 -0.01114619125
v -0.03074282912 -0.005385306664 -0.01676031176
v -0.03074282912 -0.007011522539 -0.01434141931
v -0.02802974589 -0.008131077513 -0.01103995622
v -0.02716477516 -0.008089875802 -0.01119101301
v -0.02721395319 -0.008143589832 -0.01101242911
v -0.02717693963 -0.008004905656 -0.01123105057
v -0.02821770053 -0.005663152784 -0.01689106386
v -0.02814415305 -0.007076898124 -0.01430055939
v -0.02731892954 -0.005985905882 -0.01210975062
v -0.03072648526 -0.008948272094 -0.007526023056
v -0.03080820462 -0.009463103488 -0.003677040547
v -0.02963417656 -0.006051986013 -0.003740332996
v -0.02983172399 -0.006106456276 -0.001257172528
v -0.02831117574 -0.009140184149 -0.006529185664
v -0.02844217418 -0.009261928499 -0.005724186752
v -0.02852726796 -0.00805033464 -0.007084359157
v -0.02782035897 -0.008661913686 -0.008877295743
v -0.02808216725 -0.008960307576 -0.007646623276
v -0.02797712989 -0.008841392584 -0.008139504794
v -0.02766604627 -0.008516975679 -0.009473898191
v -0.02818168163 -0.009047992527 -0.007148881185
v -0.02811879919 -0.009009991772 -0.007441157683
v -0.027923675 -0.008048248477 -0.009181237522
v -0.02864059304 -0.009511965327 -0.00409444745
v -0.0286795924 -0.009586500935 -0.00361534159
v -0.02870879227 -0.009579962119 -0.003403454762
v -0.02879115937 -0.009555622935 -0.002547047076
v -0.02891064713 -0.009532654658 -0.0008619756309
v -0.02887497398 -0.009541699663 -0.001634602178
v -0.02898462418 -0.008011152968 -0.0049511648
v -0.029277142 -0.008092002943 -0.002483845664
v -0.02937486463 -0.00811901316 -4.533632692e-12
v -0.02878275186 -0.006067639682 -0.007971071846
v -0.02929339917 -0.006044576876 -0.005844732489
v -0.02811987533 -0.006046080962 -0.01007564247
v -0.03063659393 -0.003579308745 -0.01841104377
v -0.03051401487 -0.00174879469 -0.01936716002
v -0.02816866872 -0.003767263144 -0.01856631015
v -0.02733110705 -0.004015203565 -0.01287205398
v -0.02816932647 -0.004012360238 -0.01091746588
v -0.02806243369 -0.00191223342 -0.01962866236
v -0.02721304631 -0.00200585206 -0.01357305117
v -0.02809661532 -0.002011077013 -0.01163343594
v -0.03010102435 -0.00405550655 -0.002506440946
v -0.02984922523 -0.004061153159 -0.004618640266
v -0.03020334268 -0.004069291987 -4.533632692e-12
v -0.02945964409 -0.002028707415 -0.007537556555
v -0.02991191325 -0.002029851312 -0.005473408125
v -0.03022168843 -0.002033050871 -0.003364119189
v -0.03038228934 -0.002034023404 -0.001257095636
v -0.02888604205 -0.004040230066 -0.00883595806
v -0.02945201027 -0.004047015216 -0.006708338599
v -0.02883655006 -0.002012724057 -0.009654189203
v -0.02649065734 -0.00754459342 -0.01300690856
v -0.026477074 -0.007534687407 -0.01303992115
v -0.02631633285 -0.007413048763 -0.01343285546
v -0.02705121039 -0.007992932573 -0.01151374702
v -0.02713951886 -0.008066440001 -0.01126899638
v -0.02531181204 -0.006430201698 -0.01567447998
v -0.02502322498 -0.006154157221 -0.01622350116
v -0.02568439975 -0.005785731599 -0.01687471915
v -0.02532003003 -0.005258117337 -0.0161260457
v -0.02638849219 -0.00597380707 -0.01402719386
v -0.02594642875 -0.00716731092 -0.01423101195
v -0.02566625758 -0.006811984815 -0.01492088169
v -0.0256006799 -0.0067401384 -0.01506078869
v -0.0247286686 -0.005885555409 -0.01677867186
v -0.02466548489 -0.005834717769 -0.01688451667
v -0.02565171219 -0.003889842192 -0.01862351384
v -0.02520719425 -0.003245536704 -0.01681858834
v -0.02635979162 -0.003998493776 -0.01476395849
v -0.02620492618 -0.002004042966 -0.01543005903
v -0.02552913291 -0.001993952785 -0.01970221076
v -0.02496635935 -0.00123856659 -0.01743410129
v -0.0241714015 -0.004753049929 -0.01792181071
v -0.02408391212 -0.004558782093 -0.01810632434
v -0.02406106771 -0.004512768704 -0.01815016356
v -0.02408141152 -0.004492609296 -0.01813017179
v -0.02403203839 -0.004464067984 -0.01819686752
v -0.0237415151 -0.003994258121 -0.01864808213
v -0.02388858677 -0.00247120508 -0.01876245227
v -0.02348402723 -0.002885504393 -0.01918277119
v -0.02327943335 -0.00222342601 -0.01950402346
v -0.02320223044 -0.002016398823 -0.01961990793
v -0.02317898509 -0.001861467841 -0.0196663474
v -0.02316909026 -0.001626665355 -0.01970717285
v -0.02311149168 -0.0009391216445 -0.01982284498
v -0.03094712757 -0.009365040809 0.0002700052819
v -0.03115959796 -0.008907412179 0.004176191312
v -0.03146195969 -0.008114733733 0.007894423116
v -0.02983172399 -0.006106456276 0.001257172461
v -0.02963417656 -0.006051986013 0.003740333278
v -0.02891388615 -0.009522791952 0.0003225890932
v -0.02893283682 -0.009465082549 0.0008207730962
v -0.0289279681 -0.009402666241 0.00137770353
v -0.02892596005 -0.009357909672 0.001742267307
v -0.02885860447 -0.009187748656 0.003161053663
v -0.02876151247 -0.009065905586 0.004203755666
v -0.02875049282 -0.009032534435 0.004368123856
v -0.02871738198 -0.008970186114 0.004679346249
v -0.029277142 -0.008092002943 0.00248384548
v -0.02898462418 -0.008011152968 0.004951164849
v -0.02863296492 -0.008822005242 0.005452299282
v -0.02849546259 -0.008650847711 0.006360538096
v -0.02842670165 -0.008557535708 0.006825988438
v -0.02832880428 -0.008456078358 0.007335064259
v -0.02852726796 -0.00805033464 0.007084358741
v -0.02862629735 -0.008327204734 0.007927110676
v -0.02828550407 -0.008418141864 0.007526281547
v -0.02819515786 -0.008339557797 0.007924639877
v -0.02792311388 -0.008051581681 0.009179585871
v -0.027923675 -0.008048248477 0.009181237106
v -0.02792225264 -0.008050836623 0.00918285295
v -0.02791845191 -0.008047944866 0.009195574817
v -0.02767313666 -0.00786844641 0.009986583401
v -0.02929339917 -0.006044576876 0.005844732538
v -0.02878275186 -0.006067639682 0.007971071896
v -0.02811987533 -0.006046080962 0.01007564205
v -0.02949252269 -0.006439486984 0.01470164701
v -0.02901855028 -0.007485494949 0.01145738762
v -0.02734280725 -0.007660337258 0.01102780763
v -0.02720655825 -0.007583749481 0.01141434375
v -0.02719761034 -0.007579411846 0.01143651761
v -0.02731892954 -0.005985905882 0.01210975021
v -0.03010102435 -0.00405550655 0.002506440996
v -0.02984922523 -0.004061153159 0.004618640315
v -0.03038228934 -0.002034023404 0.001257095627
v -0.03022168843 -0.002033050871 0.003364119238
v -0.02991191325 -0.002029851312 0.005473407708
v -0.02945964409 -0.002028707415 0.00753755707
v -0.02945201027 -0.004047015216 0.006708338648
v -0.02888604205 -0.004040230066 0.008835958574
v -0.02883655006 -0.002012724057 0.009654188786
v -0.02994197925 -0.004780583549 0.01715322796
v -0.03028520063 -0.00303178886 0.01880395997
v -0.03050584293 -0.001552668167 0.01997254628
v -0.02816932647 -0.004012360238 0.01091746546
v -0.02733110705 -0.004015203565 0.01287205357
v -0.02740867853 -0.003350494429 0.0189428835
v -0.02809661532 -0.002011077013 0.01163343552
v -0.02721304631 -0.00200585206 0.01357305076
v -0.02760480506 -0.001658903318 0.01999706242
v -0.02692203641 -0.007361577824 0.01216905497
v -0.02668635243 -0.007176323794 0.01279493726
v -0.02661600055 -0.006611097604 0.0146035834
v -0.02644344906 -0.007003260311 0.01338317364
v -0.02634066737 -0.006927693263 0.01363328404
v -0.0261179495 -0.006784066092 0.01411166627
v -0.02638849219 -0.00597380707 0.01402719345
v -0.02589966704 -0.006653117016 0.01457557015
v -0.02585568627 -0.006592146587 0.01468648415
v -0.02706545729 -0.005123804789 0.01721043165
v -0.02533542107 -0.005974161904 0.0158155116
v -0.02531516946 -0.005951330066 0.0158589727
v -0.02498199533 -0.005616774317 0.01649909865
v -0.02532003003 -0.005258117337 0.01612604435
v -0.02462558284 -0.005302332342 0.017104639
v -0.02635979162 -0.003998493776 0.01476395808
v -0.02520719425 -0.003245536704 0.01681858699
v -0.02620492618 -0.002004042966 0.01543005954
v -0.02496635935 -0.00123856659 0.01743410181
v -0.02433602999 -0.003693715669 0.01900825862
v -0.02418031472 -0.004592415877 0.01795829113
v -0.02414149766 -0.004529744852 0.01803294968
v -0.02410272251 -0.004469002597 0.0181053451
v -0.02407567551 -0.004432480317 0.01814897943
v -0.02388858677 -0.00247120508 0.01876245279
v -0.02350919576 -0.003732473589 0.01898672644
v -0.02328083732 -0.00309236953 0.01939402733
v -0.02328120566 -0.003093208885 0.01939349275
v -0.02449129683 -0.001846857835 0.02011146981
v -0.02279841409 -0.001931054518 0.02010166485
v -0.02278811972 -0.001907841186 0.02011582467
v -0.02283849775 -0.001238618395 0.02014124792
v -0.02277207536 -0.001304240315 0.02020655226
v -0.02275866478 -0.001153470599 0.02022928957
v -0.02271161017 -0.0008102362626 0.02028118286
v -0.03046498325 0 -0.01991468083
v -0.03051401487 0.00174879469 -0.01936716002
v -0.03063659393 0.003579308745 -0.01841104377
v -0.02803791778 0 -0.02028241728
v -0.02806243369 0.00191223342 -0.01962866236
v -0.02867028325 0 -0.01033517786
v -0.02788708055 0 -0.01229275365
v -0.02721304631 0.00200585206 -0.01357305117
v -0.02809661532 0.002011077013 -0.01163343594
v -0.02816866872 0.003767263144 -0.01856631015
v -0.02733110705 0.004015203565 -0.01287205398
v -0.02816932647 0.004012360238 -0.01091746588
v -0.02982192427 0 -0.006281232204
v -0.02945964409 0.002028707415 -0.007537556555
v -0.02991191325 0.002029851312 -0.005473408125
v -0.03018485052 0 -0.004204265283
v -0.03040330341 0 -0.002107175392
v -0.0304762374 0 -4.533632692e-12
v -0.03022168843 0.002033050871 -0.003364119189
v -0.03038228934 0.002034023404 -0.001257095636
v -0.03010102435 0.00405550655 -0.002506440946
v -0.02984922523 0.004061153159 -0.004618640266
v -0.03020334268 0.004069291987 -4.533632692e-12
v -0.02931626174 0 -0.008328135799
v -0.02883655006 0.002012724057 -0.009654189203
v -0.02888604205 0.004040230066 -0.00883595806
v -0.02945201027 0.004047015216 -0.006708338599
v -0.03074282912 0.005385306664 -0.01676031176
v -0.03074282912 0.007011522539 -0.01434141931
v -0.03071831331 0.008147421293 -0.01114619125
v -0.02821770053 0.005663152784 -0.01689106386
v -0.02731892954 0.005985905882 -0.01210975062
v -0.02814415305 0.007076898124 -0.01430055939
v -0.02802974589 0.008131077513 -0.01103995622
v -0.02717693963 0.008004905656 -0.01123105057
v -0.02716477516 0.008089875802 -0.01119101301
v -0.02721395319 0.008143589832 -0.01101242911
v -0.02963417656 0.006051986013 -0.003740332996
v -0.02983172399 0.006106456276 -0.001257172528
v -0.03072648526 0.008948272094 -0.007526023056
v -0.03080820462 0.009463103488 -0.003677040547
v -0.02878275186 0.006067639682 -0.007971071846
v -0.02929339917 0.006044576876 -0.005844732489
v -0.02811987533 0.006046080962 -0.01007564247
v -0.02852726796 0.00805033464 -0.007084359157
v -0.02831117574 0.009140184149 -0.006529185664
v -0.02844217418 0.009261928499 -0.005724186752
v -0.027923675 0.008048248477 -0.009181237522
v -0.02782035897 0.008661913686 -0.008877295743
v -0.02808216725 0.008960307576 -0.007646623276
v -0.02797712989 0.008841392584 -0.008139504794
v -0.02766604627 0.008516975679 -0.009473898191
v -0.02818168163 0.009047992527 -0.007148881185
v -0.02811879919 0.009009991772 -0.007441157683
v -0.02898462418 0.008011152968 -0.0049511648
v -0.029277142 0.008092002943 -0.002483845664
v -0.02937486463 0.00811901316 -4.533632692e-12
v -0.02864059304 0.009511965327 -0.00409444745
v -0.0286795924 0.009586500935 -0.00361534159
v -0.02870879227 0.009579962119 -0.003403454762
v -0.02879115937 0.009555622935 -0.002547047076
v -0.02891064713 0.009532654658 -0.0008619756309
v -0.02887497398 0.009541699663 -0.001634602178
v -0.02620492618 0.002004042966 -0.01543005903
v -0.02544741354 0 -0.02030693341
v -0.0259246358 0 -0.01602230568
v -0.02552913291 0.001993952785 -0.01970221076
v -0.02496635935 0.00123856659 -0.01743410129
v -0.02697040232 0 -0.0141914922
v -0.02520719425 0.003245536704 -0.01681858834
v -0.02565171219 0.003889842192 -0.01862351384
v -0.02635979162 0.003998493776 -0.01476395849
v -0.02396750984 0 -0.01882443924
v -0.02298191863 0 -0.01997397255
v -0.02311149168 0.0009391216445 -0.01982284498
v -0.02316909026 0.001626665355 -0.01970717285
v -0.02317898509 0.001861467841 -0.0196663474
v -0.02320223044 0.002016398823 -0.01961990793
v -0.02327943335 0.00222342601 -0.01950402346
v -0.02388858677 0.00247120508 -0.01876245227
v -0.0237415151 0.003994258121 -0.01864808213
v -0.02408141152 0.004492609296 -0.01813017179
v -0.02403203839 0.004464067984 -0.01819686752
v -0.0241714015 0.004753049929 -0.01792181071
v -0.02406106771 0.004512768704 -0.01815016356
v -0.02408391212 0.004558782093 -0.01810632434
v -0.02348402723 0.002885504393 -0.01918277119
v -0.02568439975 0.005785731599 -0.01687471915
v -0.02532003003 0.005258117337 -0.0161260457
v -0.02531181204 0.006430201698 -0.01567447998
v -0.02502322498 0.006154157221 -0.01622350116
v -0.02638849219 0.00597380707 -0.01402719386
v -0.02594642875 0.00716731092 -0.01423101195
v -0.0256006799 0.0067401384 -0.01506078869
v -0.02566625758 0.006811984815 -0.01492088169
v -0.02631633285 0.007413048763 -0.01343285546
v -0.02649065734 0.00754459342 -0.01300690856
v -0.026477074 0.007534687407 -0.01303992115
v -0.02705121039 0.007992932573 -0.01151374702
v -0.02713951886 0.008066440001 -0.01126899638
v -0.02466548489 0.005834717769 -0.01688451667
v -0.0247286686 0.005885555409 -0.01677867186
v -0.03040330341 0 0.002107175324
v -0.03018485052 0 0.004204265099
v -0.03038228934 0.002034023404 0.001257095627
v -0.03022168843 0.002033050871 0.003364119238
v -0.02982192427 0 0.006281232253
v -0.02991191325 0.002029851312 0.005473407708
v -0.02945964409 0.002028707415 0.00753755707
v -0.03010102435 0.00405550655 0.002506440996
v -0.02984922523 0.004061153159 0.004618640315
v -0.02931626174 0 0.008328135383
v -0.02883655006 0.002012724057 0.009654188786
v -0.02945201027 0.004047015216 0.006708338648
v -0.02888604205 0.004040230066 0.008835958574
v -0.03058756231 0 0.02041383113
v -0.03050584293 0.001552668167 0.01997254628
v -0.03028520063 0.00303178886 0.01880395997
v -0.02994197925 0.004780583549 0.01715322796
v -0.02867028325 0 0.01033517837
v -0.02788708055 0 0.01229275323
v -0.02809661532 0.002011077013 0.01163343552
v -0.02721304631 0.00200585206 0.01357305076
v -0.02767835253 0 0.02042200256
v -0.02760480506 0.001658903318 0.01999706242
v -0.02816932647 0.004012360238 0.01091746546
v -0.02733110705 0.004015203565 0.01287205357
v -0.02740867853 0.003350494429 0.0189428835
v -0.02983172399 0.006106456276 0.001257172461
v -0.02963417656 0.006051986013 0.003740333278
v -0.03094712757 0.009365040809 0.0002700052819
v -0.03115959796 0.008907412179 0.004176191312
v -0.03146195969 0.008114733733 0.007894423116
v -0.02929339917 0.006044576876 0.005844732538
v -0.02878275186 0.006067639682 0.007971071896
v -0.02811987533 0.006046080962 0.01007564205
v -0.029277142 0.008092002943 0.00248384548
v -0.02898462418 0.008011152968 0.004951164849
v -0.02891388615 0.009522791952 0.0003225890932
v -0.02893283682 0.009465082549 0.0008207730962
v -0.0289279681 0.009402666241 0.00137770353
v -0.02892596005 0.009357909672 0.001742267307
v -0.02871738198 0.008970186114 0.004679346249
v -0.02885860447 0.009187748656 0.003161053663
v -0.02875049282 0.009032534435 0.004368123856
v -0.02876151247 0.009065905586 0.004203755666
v -0.02852726796 0.00805033464 0.007084358741
v -0.02862629735 0.008327204734 0.007927110676
v -0.02863296492 0.008822005242 0.005452299282
v -0.02849546259 0.008650847711 0.006360538096
v -0.02842670165 0.008557535708 0.006825988438
v -0.02832880428 0.008456078358 0.007335064259
v -0.02819515786 0.008339557797 0.007924639877
v -0.027923675 0.008048248477 0.009181237106
v -0.02792225264 0.008050836623 0.00918285295
v -0.02791845191 0.008047944866 0.009195574817
v -0.02792311388 0.008051581681 0.009179585871
v -0.02767313666 0.00786844641 0.009986583401
v -0.02828550407 0.008418141864 0.007526281547
v -0.02949252269 0.006439486984 0.01470164701
v -0.02731892954 0.005985905882 0.01210975021
v -0.02901855028 0.007485494949 0.01145738762
v -0.02734280725 0.007660337258 0.01102780763
v -0.02720655825 0.007583749481 0.01141434375
v -0.02719761034 0.007579411846 0.01143651761
v -0.02697040232 0 0.01419149179
v -0.02620492618 0.002004042966 0.01543005954
v -0.0259246358 0 0.01602230619
v -0.02496635935 0.00123856659 0.01743410181
v -0.02635979162 0.003998493776 0.01476395808
v -0.02520719425 0.003245536704 0.01681858699
v -0.02455667242 0 0.02043017584
v -0.02396750984 0 0.01882443975
v -0.02449129683 0.001846857835 0.02011146981
v -0.02258553564 0 0.02042022001
v -0.02271161017 0.0008102362626 0.02028118286
v -0.02275866478 0.001153470599 0.02022928957
v -0.02283849775 0.001238618395 0.02014124792
v -0.02277207536 0.001304240315 0.02020655226
v -0.02279841409 0.001931054518 0.02010166485
v -0.02278811972 0.001907841186 0.02011582467
v -0.02388858677 0.00247120508 0.01876245279
v -0.02433602999 0.003693715669 0.01900825862
v -0.02410272251 0.004469002597 0.0181053451
v -0.02407567551 0.004432480317 0.01814897943
v -0.02418031472 0.004592415877 0.01795829113
v -0.02414149766 0.004529744852 0.01803294968
v -0.02328083732 0.00309236953 0.01939402733
v -0.02328120566 0.003093208885 0.01939349275
v -0.02350919576 0.003732473589 0.01898672644
v -0.02638849219 0.00597380707 0.01402719345
v -0.02668635243 0.007176323794 0.01279493726
v -0.02661600055 0.006611097604 0.0146035834
v -0.02644344906 0.007003260311 0.01338317364
v -0.02634066737 0.006927693263 0.01363328404
v -0.0261179495 0.006784066092 0.01411166627
v -0.02589966704 0.006653117016 0.01457557015
v -0.02585568627 0.006592146587 0.01468648415
v -0.02706545729 0.005123804789 0.01721043165
v -0.02532003003 0.005258117337 0.01612604435
v -0.02531516946 0.005951330066 0.0158589727
v -0.02533542107 0.005974161904 0.0158155116
v -0.02498199533 0.005616774317 0.01649909865
v -0.02692203641 0.007361577824 0.01216905497
v -0.02462558284 0.005302332342 0.017104639
vt 0.5039999981 0.6402424228
vt 0.5149433716 0.6522394868
vt 0.5120383032 0.6514248824
vt 0.4829999984 0.6392727275
vt 0.5039999984 0.6402424228
vt 0.4879970013 0.6443605823
vt 0.5039999984 0.6402424228
vt 0.5024727105 0.6486974425
vt 0.4992083213 0.6478413253
vt 0.5039999981 0.6402424228
vt 0.5120383032 0.6514248824
vt 0.5035514701 0.6489412394
vt 0.5039999984 0.6402424228
vt 0.5035514706 0.6489412394
vt 0.5024727105 0.6486974425
vt 0.5039999984 0.6402424228
vt 0.4992083213 0.6478413253
vt 0.4905659356 0.6452289558
vt 0.5039999984 0.6402424228
vt 0.4905659356 0.6452289558
vt 0.4879970013 0.6443605823
vt 0.4829999984 0.6392727275
vt 0.4879970013 0.6443605824
vt 0.4828160408 0.6426619907
vt 0.4829999985 0.6392727275
vt 0.4791505491 0.6418384867
vt 0.4765349208 0.6410382872
vt 0.4829999985 0.6392727275
vt 0.482816041 0.6426619907
vt 0.4807110249 0.6422215669
vt 0.4829999985 0.6392727275
vt 0.4807110249 0.6422215669
vt 0.4791505491 0.6418384867
vt 0.578 0.6450909096
vt 0.5757519433 0.6639800608
vt 0.5612122918 0.6625343538
vt 0.578 0.6450909096
vt 0.5760502339 0.6639977352
vt 0.5757519433 0.6639800608
vt 0.578 0.6450909096
vt 0.5770143877 0.6640762092
vt 0.576050234 0.6639977352
vt 0.5270000015 0.6412121219
vt 0.5263047651 0.6546954612
vt 0.5175737612 0.6528065668
vt 0.5270000015 0.6412121219
vt 0.5274348441 0.6550813234
vt 0.5263047644 0.6546954611
vt 0.5270000015 0.6412121219
vt 0.5410284588 0.6588067871
vt 0.531182553 0.6562443205
vt 0.5270000015 0.6412121219
vt 0.5455262738 0.6598063077
vt 0.5410284588 0.6588067871
vt 0.5270000015 0.6412121219
vt 0.5474084685 0.6601417162
vt 0.5455262738 0.6598063077
vt 0.5270000015 0.6412121219
vt 0.531182553 0.6562443205
vt 0.5274348441 0.6550813234
vt 0.5039999981 0.6402424228
vt 0.5175737611 0.6528065668
vt 0.5157841817 0.6524462674
vt 0.5039999981 0.6402424228
vt 0.5157841817 0.6524462674
vt 0.5149433716 0.6522394868
vt 0.5270000015 0.6412121219
vt 0.5175737612 0.6528065668
vt 0.5039999981 0.6402424229
vt 0.5270000015 0.6412121219
vt 0.5520000007 0.6431515148
vt 0.5474084684 0.6601417163
vt 0.5520000007 0.6431515148
vt 0.5501993029 0.6606128206
vt 0.5474084684 0.6601417163
vt 0.5520000006 0.6431515148
vt 0.5524252454 0.6610336125
vt 0.5501993029 0.6606128206
vt 0.5520000006 0.6431515148
vt 0.578 0.6450909096
vt 0.5524252454 0.6610336125
vt 0.578 0.6450909096
vt 0.5579985019 0.6620656447
vt 0.5524252454 0.6610336125
vt 0.578 0.6450909096
vt 0.5612122918 0.6625343538
vt 0.5579985019 0.6620656447
vt 0.4829999991 0.6218181817
vt 0.5049999978 0.6227878786
vt 0.5039999983 0.6402424229
vt 0.4829999985 0.6392727275
vt 0.4684892111 0.638491001
vt 0.4650000044 0.6208484846
vt 0.4650000044 0.6208484846
vt 0.4684892111 0.638491001
vt 0.4660788867 0.6376925348
vt 0.4650000044 0.6208484846
vt 0.4660788867 0.6376925348
vt 0.4650000013 0.6372655127
vt 0.4829999984 0.6392727275
vt 0.4829999992 0.6218181816
vt 0.5039999984 0.6402424228
vt 0.4829999985 0.6392727275
vt 0.4765349208 0.6410382872
vt 0.4684892111 0.638491001
vt 0.4829999985 0.6392727275
vt 0.4650000044 0.6208484846
vt 0.4829999994 0.6218181816
vt 0.4829999991 0.6218181817
vt 0.5060000004 0.6053333333
vt 0.5049999978 0.6227878786
vt 0.4829999994 0.6218181816
vt 0.4650000044 0.6208484847
vt 0.4650000036 0.6043636368
vt 0.5270000015 0.6412121219
vt 0.5279999995 0.6237575764
vt 0.5520000007 0.6431515149
vt 0.5270000015 0.6412121219
vt 0.5039999981 0.6402424229
vt 0.5049999982 0.6227878787
vt 0.5270000015 0.6412121219
vt 0.5049999983 0.6227878786
vt 0.5279999992 0.6237575764
vt 0.5279999993 0.6237575766
vt 0.5539999997 0.6247272726
vt 0.5520000008 0.6431515147
vt 0.5520000006 0.6431515147
vt 0.579 0.6266666666
vt 0.578 0.6450909096
vt 0.5520000006 0.6431515147
vt 0.554 0.6247272726
vt 0.579 0.6266666666
vt 0.5279999992 0.6237575764
vt 0.5049999983 0.6227878786
vt 0.5060000009 0.6053333333
vt 0.5279999993 0.6237575765
vt 0.530000001 0.6053333334
vt 0.5539999997 0.6247272725
vt 0.554 0.6247272726
vt 0.5550000002 0.6072727273
vt 0.579 0.6266666666
vt 0.5550000002 0.6072727274
vt 0.58 0.608242424
vt 0.579 0.6266666666
vt 0.4650000036 0.6208484847
vt 0.4650000009 0.6372655127
vt 0.4579961926 0.6355116777
vt 0.4650000036 0.6208484847
vt 0.4579961926 0.6355116777
vt 0.4524372 0.6339589475
vt 0.4650000036 0.6208484847
vt 0.4524372 0.6339589475
vt 0.4517316415 0.6337147725
vt 0.4489999977 0.6327452873
vt 0.4480944668 0.6325293121
vt 0.4402648761 0.6304668132
vt 0.4489999974 0.6198787873
vt 0.4517316415 0.6337147725
vt 0.448999997 0.6327452874
vt 0.448999998 0.6198787872
vt 0.4489999977 0.6327452873
vt 0.4402648761 0.6304668132
vt 0.4489999978 0.6198787872
vt 0.4402648759 0.6304668131
vt 0.4396319795 0.6302918887
vt 0.4489999978 0.6198787872
vt 0.4396319795 0.6302918887
vt 0.4366673088 0.629262519
vt 0.4325905418 0.6287231257
vt 0.4262050472 0.6280250231
vt 0.4261745181 0.6280204956
vt 0.4650000035 0.6208484847
vt 0.4517316415 0.6337147725
vt 0.4489999974 0.6198787873
vt 0.4650000035 0.6208484849
vt 0.4489999974 0.6198787873
vt 0.4490000014 0.6043636364
vt 0.4489999978 0.6198787872
vt 0.4359999995 0.6189090914
vt 0.4490000012 0.6043636364
vt 0.4489999978 0.6198787872
vt 0.4366673088 0.629262519
vt 0.4359999995 0.6189090915
vt 0.4359999998 0.6189090915
vt 0.4366673099 0.629262519
vt 0.4325905418 0.6287231256
vt 0.4250000007 0.6189090918
vt 0.4325905418 0.6287231257
vt 0.4261745181 0.6280204956
vt 0.4359999998 0.6189090915
vt 0.4325905418 0.6287231256
vt 0.4250000007 0.6189090918
vt 0.4359999997 0.6189090914
vt 0.4250000006 0.6189090918
vt 0.4239999994 0.6033939392
vt 0.578 0.6450909096
vt 0.5872371725 0.6644522478
vt 0.5770143877 0.6640762092
vt 0.578 0.6450909096
vt 0.5930193848 0.6646384493
vt 0.5872371725 0.6644522478
vt 0.578 0.6450909096
vt 0.5937428561 0.6646300451
vt 0.5930193848 0.6646384493
vt 0.578 0.6450909096
vt 0.5987562235 0.6643795146
vt 0.5937428561 0.6646300451
vt 0.6029999999 0.6470303032
vt 0.6021638102 0.6640581645
vt 0.5987562232 0.6643795143
vt 0.6029999999 0.6470303032
vt 0.608782808 0.6635452696
vt 0.6021638102 0.6640581645
vt 0.6274400944 0.6607981429
vt 0.6367028816 0.6591822819
vt 0.6345631493 0.6596091505
vt 0.578 0.6450909096
vt 0.6029999999 0.6470303032
vt 0.5987562232 0.6643795143
vt 0.6029999999 0.6470303032
vt 0.6109213364 0.6632934143
vt 0.608782808 0.6635452696
vt 0.6029999999 0.6470303032
vt 0.6190713562 0.6619653017
vt 0.6109213364 0.6632934143
vt 0.6029999999 0.6470303032
vt 0.6218164572 0.6616512898
vt 0.6190713562 0.6619653017
vt 0.6280000017 0.6499393929
vt 0.6264925512 0.6609777849
vt 0.6218164572 0.6616512898
vt 0.6280000017 0.6499393929
vt 0.6274400944 0.6607981429
vt 0.6264925512 0.6609777849
vt 0.6029999999 0.6470303032
vt 0.6280000017 0.6499393929
vt 0.6218164572 0.6616512898
vt 0.6280000017 0.6499393929
vt 0.6367028816 0.6591822819
vt 0.6274400944 0.6607981429
vt 0.6280000018 0.6499393929
vt 0.6424130437 0.6580966511
vt 0.6367028816 0.6591822818
vt 0.6280000018 0.6499393929
vt 0.6476031141 0.6568851728
vt 0.6424130437 0.6580966511
vt 0.6280000018 0.6499393929
vt 0.6289999993 0.6315151518
vt 0.6519999976 0.6528484854
vt 0.6280000018 0.6499393929
vt 0.6519999976 0.6528484854
vt 0.6476031141 0.6568851728
vt 0.6519999976 0.6528484854
vt 0.6515373213 0.6558395307
vt 0.6476031141 0.6568851728
vt 0.6519999976 0.6528484855
vt 0.6539774126 0.6553299459
vt 0.6515373213 0.6558395307
vt 0.6519999977 0.6528484854
vt 0.6600757501 0.6540231408
vt 0.6539774127 0.6553299459
vt 0.6539774127 0.6553299459
vt 0.6600757501 0.6540231408
vt 0.6593725913 0.6541991193
vt 0.6519999977 0.6528484854
vt 0.6530000014 0.6353939385
vt 0.6600757501 0.6540231408
vt 0.6530000014 0.6353939385
vt 0.6602142282 0.6539893755
vt 0.6600757501 0.6540231408
vt 0.6530000014 0.6353939385
vt 0.6620366168 0.6534852231
vt 0.6602142282 0.6539893755
vt 0.6530000014 0.6353939385
vt 0.6681852836 0.6516690714
vt 0.6620366168 0.6534852231
vt 0.672656954 0.6500241702
vt 0.6811907571 0.6480650342
vt 0.6766809363 0.6491805829
vt 0.578 0.6450909096
vt 0.579 0.6266666666
vt 0.6029999999 0.6470303032
vt 0.6029999999 0.6470303032
vt 0.579 0.6266666666
vt 0.6049999987 0.6286060609
vt 0.6029999999 0.6470303032
vt 0.6049999987 0.6286060609
vt 0.6280000018 0.6499393929
vt 0.6289999994 0.6315151517
vt 0.6530000017 0.6353939386
vt 0.6519999976 0.6528484853
vt 0.6049999988 0.6286060609
vt 0.6289999994 0.6315151518
vt 0.6280000017 0.6499393929
vt 0.579 0.6266666666
vt 0.5799999998 0.608242424
vt 0.6049999987 0.6286060609
vt 0.6049999987 0.6286060609
vt 0.5799999998 0.6082424241
vt 0.605999999 0.6111515151
vt 0.6049999988 0.6286060609
vt 0.6059999989 0.6111515151
vt 0.6289999994 0.6315151518
vt 0.6289999994 0.6315151517
vt 0.6300000009 0.6140606066
vt 0.6530000017 0.6353939386
vt 0.6289999994 0.6315151517
vt 0.6059999989 0.6111515151
vt 0.6300000009 0.6140606066
vt 0.6300000009 0.6140606066
vt 0.6539999985 0.6169696969
vt 0.6530000017 0.6353939385
vt 0.6530000014 0.6353939384
vt 0.6718021827 0.650360956
vt 0.6681852835 0.6516690713
vt 0.6530000014 0.6353939384
vt 0.6726569538 0.6500241701
vt 0.6718021827 0.650360956
vt 0.6530000014 0.6353939384
vt 0.6739999979 0.638303031
vt 0.6726569538 0.6500241701
vt 0.6739999982 0.638303031
vt 0.6811907571 0.6480650342
vt 0.672656954 0.6500241702
vt 0.6739999982 0.638303031
vt 0.6844906159 0.6473757199
vt 0.6811907571 0.6480650341
vt 0.6750000001 0.6208484845
vt 0.6920000033 0.6421818168
vt 0.6739999982 0.638303031
vt 0.6739999982 0.638303031
vt 0.6913875897 0.645546959
vt 0.6844906159 0.6473757199
vt 0.6530000014 0.6353939385
vt 0.6539999984 0.6169696969
vt 0.6739999979 0.638303031
vt 0.6750000002 0.6208484845
vt 0.673999998 0.638303031
vt 0.6539999984 0.6169696968
vt 0.6750000002 0.6208484845
vt 0.6940000027 0.6247272729
vt 0.6920000035 0.6421818165
vt 0.6739999982 0.638303031
vt 0.6920000034 0.6421818168
vt 0.6913875897 0.645546959
vt 0.6920000034 0.6421818168
vt 0.693734946 0.6449857656
vt 0.6913875896 0.645546959
vt 0.692000003 0.6421818166
vt 0.6977120559 0.6437211956
vt 0.6937349457 0.6449857655
vt 0.692000003 0.6421818166
vt 0.6982360736 0.6435320876
vt 0.6977120559 0.6437211956
vt 0.692000003 0.6421818166
vt 0.6983215925 0.6434953958
vt 0.6982360736 0.6435320876
vt 0.6920000031 0.6421818164
vt 0.6940000023 0.6247272728
vt 0.6983215925 0.6434953958
vt 0.6940000023 0.6247272728
vt 0.6994768276 0.6429802419
vt 0.6983215925 0.6434953958
vt 0.6940000023 0.6247272728
vt 0.7036400131 0.6410860928
vt 0.6994768276 0.6429802419
vt 0.7089999973 0.6286060609
vt 0.7069273175 0.6399953332
vt 0.7036400129 0.6410860925
vt 0.7089999977 0.6286060612
vt 0.7115057315 0.6381601615
vt 0.7069273178 0.6399953334
vt 0.7136164546 0.6371777057
vt 0.7195113541 0.6345730686
vt 0.7158912242 0.6362152622
vt 0.6940000023 0.624727273
vt 0.7089999973 0.6286060609
vt 0.7036400129 0.6410860925
vt 0.6940000023 0.624727273
vt 0.7100000013 0.6111515151
vt 0.7089999974 0.6286060609
vt 0.7089999977 0.6286060612
vt 0.713616455 0.6371777058
vt 0.7115057315 0.6381601615
vt 0.7089999977 0.6286060612
vt 0.7199999971 0.6305454549
vt 0.713616455 0.6371777058
vt 0.7199999967 0.6305454549
vt 0.7195113541 0.6345730686
vt 0.7136164546 0.6371777057
vt 0.7199999978 0.6305454548
vt 0.7213459455 0.634088027
vt 0.7195113547 0.6345730686
vt 0.7199999983 0.6305454546
vt 0.725055069 0.6337876563
vt 0.7213459452 0.6340880271
vt 0.7199999983 0.6305454546
vt 0.7300000012 0.6324848488
vt 0.725055069 0.6337876563
vt 0.7300000012 0.6324848488
vt 0.7298885603 0.6330971983
vt 0.725055069 0.6337876563
vt 0.7089999978 0.6286060611
vt 0.7219999979 0.6130909092
vt 0.7199999972 0.6305454548
vt 0.7199999984 0.6305454546
vt 0.7329999994 0.615030303
vt 0.7300000012 0.6324848488
vt 0.1209999985 0.3958787875
vt 0.1147637155 0.3937711037
vt 0.1174507028 0.3931137355
vt 0.1209999985 0.3958787875
vt 0.1174507028 0.3931137355
vt 0.1190435428 0.3928155932
vt 0.1209999985 0.3958787875
vt 0.1190435428 0.3928155932
vt 0.1211839544 0.3924895243
vt 0.1209999984 0.3958787875
vt 0.1211839543 0.3924895242
vt 0.1264967013 0.3915177693
vt 0.141999998 0.396848486
vt 0.1511541194 0.3869318737
vt 0.1541304083 0.3863997628
vt 0.1209999984 0.3958787875
vt 0.1264967013 0.3915177693
vt 0.1419999982 0.396848486
vt 0.1419999982 0.396848486
vt 0.12914277 0.3909276026
vt 0.1380128599 0.389234292
vt 0.1419999982 0.396848486
vt 0.1380128599 0.389234292
vt 0.1413498187 0.3887181842
vt 0.1419999982 0.396848486
vt 0.1413498187 0.3887181842
vt 0.1424485359 0.3885846107
vt 0.141999998 0.396848486
vt 0.1424485354 0.3885846107
vt 0.1511541194 0.3869318737
vt 0.1419999982 0.396848486
vt 0.1264967013 0.3915177693
vt 0.12914277 0.3909276026
vt 0.216 0.3997575753
vt 0.215702178 0.3808351013
vt 0.2160000003 0.3808507497
vt 0.216 0.3997575753
vt 0.2160000005 0.3808507497
vt 0.2169611566 0.3808798177
vt 0.216 0.3997575753
vt 0.2011255658 0.3806498587
vt 0.215702178 0.3808351013
vt 0.141999998 0.396848486
vt 0.1549888486 0.3862731718
vt 0.1568077394 0.3860792198
vt 0.141999998 0.396848486
vt 0.1541304083 0.3863997628
vt 0.1549888486 0.3862731718
vt 0.1650000016 0.3978181813
vt 0.1568077395 0.3860792198
vt 0.1656952345 0.3850090089
vt 0.1650000015 0.3978181812
vt 0.1656952338 0.3850090089
vt 0.1668555623 0.3847303543
vt 0.1650000015 0.3978181812
vt 0.1706916062 0.3839166006
vt 0.1807189611 0.3822450694
vt 0.1650000015 0.3978181812
vt 0.1807189611 0.3822450694
vt 0.1852820977 0.3816433189
vt 0.1650000015 0.3978181812
vt 0.1852820977 0.3816433189
vt 0.187183118 0.3814698951
vt 0.1650000015 0.3978181812
vt 0.1668555623 0.3847303543
vt 0.1706916062 0.3839166006
vt 0.141999998 0.396848486
vt 0.1568077395 0.3860792198
vt 0.1650000016 0.3978181813
vt 0.1650000016 0.3978181813
vt 0.187183118 0.3814698951
vt 0.1900000007 0.3987878792
vt 0.1900000007 0.3987878792
vt 0.187183118 0.3814698951
vt 0.1900000001 0.3813265734
vt 0.1900000005 0.3987878792
vt 0.19 0.3813265733
vt 0.1922520135 0.3811577549
vt 0.1900000005 0.3987878792
vt 0.1922520135 0.3811577549
vt 0.216 0.3997575753
vt 0.216 0.3997575753
vt 0.1922520135 0.3811577549
vt 0.197888342 0.3807563609
vt 0.216 0.3997575753
vt 0.197888342 0.3807563609
vt 0.2011255658 0.3806498587
vt 0.06276177667 0.4022825348
vt 0.06279559212 0.4022809111
vt 0.06985563215 0.4021932817
vt 0.08599999777 0.4123636369
vt 0.07433461963 0.4020102081
vt 0.07735163484 0.4011980748
vt 0.07799280292 0.4010697422
vt 0.08587074775 0.4003195206
vt 0.08678050228 0.4002539895
vt 0.08599999777 0.4123636369
vt 0.07735163484 0.4011980748
vt 0.07799280266 0.4010697425
vt 0.08599999795 0.4123636366
vt 0.07799280292 0.4010697422
vt 0.08678050228 0.4002539895
vt 0.08599999756 0.4123636368
vt 0.08678050175 0.4002539896
vt 0.08939018635 0.3994973487
vt 0.1010000035 0.4123636367
vt 0.09011392384 0.3993047489
vt 0.09577362525 0.3981377558
vt 0.1010000035 0.4123636367
vt 0.09577362525 0.3981377558
vt 0.1028811186 0.3968586656
vt 0.1010000035 0.4123636367
vt 0.08939018642 0.3994973487
vt 0.09011392384 0.3993047489
vt 0.06100000083 0.4113939385
vt 0.06276177667 0.4022825348
vt 0.06985563215 0.4021932817
vt 0.0610000008 0.4113939385
vt 0.06985563218 0.4021932818
vt 0.07299999977 0.4123636358
vt 0.07299999977 0.4123636358
vt 0.06985563218 0.4021932818
vt 0.07433462058 0.4020102082
vt 0.07299999957 0.4123636358
vt 0.07433461963 0.4020102081
vt 0.08599999777 0.4123636369
vt 0.06100000079 0.4113939386
vt 0.07299999976 0.4123636358
vt 0.05799999935 0.4259393941
vt 0.08599999756 0.4123636368
vt 0.08939018635 0.3994973487
vt 0.1010000033 0.4123636367
vt 0.07299999957 0.4123636358
vt 0.08599999777 0.4123636369
vt 0.08400000124 0.4278787879
vt 0.08599999754 0.4123636368
vt 0.1010000033 0.4123636366
vt 0.08400000133 0.4278787879
vt 0.1010000043 0.4123636368
vt 0.106489211 0.3958787882
vt 0.1209999985 0.3958787876
vt 0.1010000043 0.4123636368
vt 0.1028811191 0.3968586657
vt 0.1040022743 0.3965102598
vt 0.1010000043 0.4123636368
vt 0.1040022743 0.3965102598
vt 0.106489211 0.3958787882
vt 0.1209999985 0.3958787875
vt 0.106489211 0.3958787881
vt 0.1147637155 0.3937711037
vt 0.1209999984 0.3958787875
vt 0.1419999983 0.3968484861
vt 0.1199999992 0.4133333334
vt 0.1010000047 0.4123636371
vt 0.1209999985 0.3958787875
vt 0.1199999993 0.4133333335
vt 0.1199999992 0.4133333334
vt 0.1419999982 0.396848486
vt 0.1409999979 0.4152727272
vt 0.1010000047 0.412363637
vt 0.1199999993 0.4133333335
vt 0.1000000039 0.4288484848
vt 0.1199999992 0.4133333333
vt 0.1409999979 0.4152727272
vt 0.1400000003 0.4327272728
vt 0.141999998 0.3968484861
vt 0.1650000015 0.3978181813
vt 0.1409999982 0.4152727272
vt 0.1650000015 0.3978181813
vt 0.1900000007 0.3987878791
vt 0.1649999996 0.4162424235
vt 0.1409999982 0.4152727273
vt 0.1650000016 0.3978181813
vt 0.1649999992 0.4162424235
vt 0.1649999994 0.4162424234
vt 0.1900000008 0.3987878793
vt 0.1899999997 0.4172121213
vt 0.1900000005 0.3987878793
vt 0.2160000001 0.3997575753
vt 0.2149999999 0.4181818183
vt 0.1900000005 0.3987878793
vt 0.215 0.4181818183
vt 0.19 0.4172121213
vt 0.1409999982 0.4152727273
vt 0.1649999993 0.4162424235
vt 0.140000001 0.4327272728
vt 0.1649999995 0.4162424235
vt 0.1899999997 0.4172121214
vt 0.164000001 0.4336969697
vt 0.19 0.4172121214
vt 0.2149999999 0.4181818183
vt 0.1890000002 0.4356363636
vt 0.1890000002 0.4356363635
vt 0.215 0.4181818183
vt 0.215 0.4356363638
vt 0.2419999999 0.3997575756
vt 0.2384859081 0.382984876
vt 0.2419999998 0.3835405649
vt 0.2419999999 0.3997575756
vt 0.2419999999 0.3835405649
vt 0.2485687869 0.3842595598
vt 0.216 0.3997575753
vt 0.2169611566 0.3808798177
vt 0.2271056682 0.3816388293
vt 0.216 0.3997575753
vt 0.2271056682 0.3816388293
vt 0.2328409067 0.3820943328
vt 0.216 0.3997575753
vt 0.2328409067 0.3820943328
vt 0.2335552687 0.3821826656
vt 0.216 0.3997575753
vt 0.2335552687 0.3821826656
vt 0.2384859082 0.3829848761
vt 0.2669999986 0.3879291297
vt 0.2743327386 0.3900455832
vt 0.2765317275 0.3907505849
vt 0.2670000017 0.39878788
vt 0.2870656854 0.3943023388
vt 0.2909999977 0.3987878779
vt 0.2419999999 0.3997575756
vt 0.2485687869 0.3842595598
vt 0.2506868785 0.3845737539
vt 0.2419999999 0.3997575756
vt 0.216 0.3997575753
vt 0.2384859081 0.382984876
vt 0.2670000017 0.3987878799
vt 0.2660673144 0.387677134
vt 0.2669999987 0.3879291298
vt 0.2670000017 0.3987878799
vt 0.2614536301 0.3866457191
vt 0.2660673144 0.387677134
vt 0.2419999999 0.3997575756
vt 0.2506868785 0.3845737539
vt 0.2587409961 0.3861212726
vt 0.2419999999 0.3997575755
vt 0.2587409961 0.3861212726
vt 0.2614536301 0.3866457191
vt 0.2419999999 0.3997575755
vt 0.2614536301 0.3866457191
vt 0.2670000017 0.3987878799
vt 0.2670000017 0.39878788
vt 0.2765317275 0.3907505849
vt 0.2820619312 0.3924956368
vt 0.2670000017 0.39878788
vt 0.2669999986 0.3879291297
vt 0.2765317275 0.3907505849
vt 0.2670000017 0.39878788
vt 0.2820619312 0.3924956368
vt 0.2870656854 0.3943023388
vt 0.2670000017 0.39878788
vt 0.2909999977 0.3987878779
vt 0.2659999994 0.4172121209
vt 0.2990757503 0.3983963258
vt 0.2932100497 0.3964192113
vt 0.298402098 0.3981421479
vt 0.2909999978 0.3987878779
vt 0.2932100497 0.3964192113
vt 0.2990757503 0.3983963258
vt 0.2909999977 0.3987878781
vt 0.2908457729 0.3957968329
vt 0.2932100496 0.3964192113
vt 0.2909999977 0.3987878779
vt 0.2870656854 0.3943023388
vt 0.2908457729 0.3957968328
vt 0.3191495255 0.4059755804
vt 0.3110000013 0.4035515875
vt 0.3148517971 0.404614885
vt 0.2900000013 0.4162424252
vt 0.2990757502 0.3983963259
vt 0.2992081025 0.3984432223
vt 0.2900000013 0.4162424252
vt 0.2992081025 0.3984432223
vt 0.3009430789 0.399119853
vt 0.2900000013 0.4162424252
vt 0.3009430789 0.399119853
vt 0.306783734 0.4015173052
vt 0.2909999978 0.398787878
vt 0.2990757502 0.3983963259
vt 0.2900000013 0.4162424252
vt 0.3557556764 0.4228814767
vt 0.3505283895 0.4198346893
vt 0.3525476503 0.4209681634
vt 0.3290000031 0.4133333351
vt 0.331024103 0.4106695836
vt 0.3351438941 0.4121924851
vt 0.3290000032 0.4133333353
vt 0.3287958604 0.4097702425
vt 0.331024103 0.4106695838
vt 0.3290000031 0.4133333351
vt 0.3351438941 0.4121924851
vt 0.3356851903 0.4124154462
vt 0.3290000031 0.4133333351
vt 0.3356851903 0.4124154462
vt 0.3357731348 0.4124576149
vt 0.3290000031 0.4133333352
vt 0.3109999983 0.4152727264
vt 0.3287958606 0.4097702426
vt 0.3300000025 0.4307878789
vt 0.3369625889 0.4130469309
vt 0.3412466826 0.4152080497
vt 0.3439999977 0.4288484842
vt 0.3439999979 0.4167892548
vt 0.3484863483 0.418775029
vt 0.3439999977 0.4288484841
vt 0.3412466833 0.4152080496
vt 0.3439999978 0.4167892547
vt 0.3300000025 0.4307878789
vt 0.3357731348 0.4124576149
vt 0.3369625889 0.4130469309
vt 0.3290000032 0.4133333353
vt 0.3357731348 0.4124576149
vt 0.3300000025 0.4307878789
vt 0.3559999984 0.4269090907
vt 0.3577305008 0.4235529696
vt 0.3613201266 0.4241956315
vt 0.3660000012 0.4259393937
vt 0.3613201266 0.4241956315
vt 0.3659628528 0.425327044
vt 0.3660000012 0.4259393937
vt 0.3559999984 0.4269090907
vt 0.3613201266 0.4241956315
vt 0.3559999971 0.4269090903
vt 0.3505283895 0.4198346893
vt 0.3557556764 0.4228814767
vt 0.3559999976 0.4269090904
vt 0.3557556768 0.4228814767
vt 0.3577305011 0.4235529697
vt 0.3439999977 0.4288484842
vt 0.3484863483 0.418775029
vt 0.3505283894 0.4198346895
vt 0.355999997 0.4269090905
vt 0.3439999977 0.4288484842
vt 0.3505283894 0.4198346895
vt 0.3660000012 0.4259393937
vt 0.3669999994 0.4433939393
vt 0.3559999984 0.4269090907
vt 0.355999997 0.4269090906
vt 0.3569999978 0.4443636362
vt 0.3439999977 0.4288484844
vt 0.3439999977 0.4288484841
vt 0.3300000021 0.4307878788
vt 0.3412466833 0.4152080496
vt 0.3439999976 0.4288484842
vt 0.3440000012 0.4453333335
vt 0.3300000021 0.4307878788
vt 0.2419999999 0.3997575756
vt 0.2149999999 0.4181818183
vt 0.2160000001 0.3997575753
vt 0.2419999999 0.3997575756
vt 0.2409999987 0.4181818177
vt 0.2149999999 0.4181818183
vt 0.2419999999 0.3997575756
vt 0.2670000016 0.3987878799
vt 0.2409999988 0.4181818178
vt 0.2659999994 0.417212121
vt 0.2909999977 0.398787878
vt 0.2900000016 0.4162424252
vt 0.2409999988 0.4181818178
vt 0.2670000017 0.39878788
vt 0.2659999994 0.4172121209
vt 0.2149999999 0.4181818183
vt 0.2409999987 0.4181818178
vt 0.2149999998 0.4356363638
vt 0.2409999988 0.4181818178
vt 0.2399999991 0.4356363636
vt 0.2149999998 0.4356363638
vt 0.2659999994 0.4172121209
vt 0.2900000016 0.4162424253
vt 0.265000001 0.4356363632
vt 0.2409999988 0.4181818178
vt 0.2659999994 0.4172121209
vt 0.2399999989 0.4356363636
vt 0.2659999994 0.4172121209
vt 0.265000001 0.4356363632
vt 0.2399999989 0.4356363636
vt 0.265000001 0.4356363632
vt 0.2900000016 0.4162424252
vt 0.2889999985 0.4336969697
vt 0.3109999983 0.4152727264
vt 0.3191495254 0.4059755803
vt 0.3222858948 0.4070732799
vt 0.3109999983 0.4152727265
vt 0.3110000013 0.4035515875
vt 0.3191495255 0.4059755804
vt 0.2900000013 0.4162424253
vt 0.3067837339 0.4015173053
vt 0.3101965729 0.4031406034
vt 0.2900000013 0.4162424253
vt 0.3101965729 0.4031406034
vt 0.311000001 0.4035515876
vt 0.310999998 0.4152727264
vt 0.2900000013 0.4162424253
vt 0.311000001 0.4035515876
vt 0.3290000032 0.4133333351
vt 0.3110000001 0.4327272731
vt 0.3109999983 0.4152727264
vt 0.3109999983 0.4152727264
vt 0.3222858948 0.4070732799
vt 0.3287958606 0.4097702426
vt 0.310999998 0.4152727264
vt 0.2889999984 0.4336969696
vt 0.2900000013 0.4162424252
vt 0.3109999979 0.4152727263
vt 0.3110000002 0.4327272731
vt 0.2889999984 0.4336969696
vt 0.3290000034 0.4133333354
vt 0.3300000027 0.4307878789
vt 0.3110000001 0.4327272731
vt 0.4829999991 0.6218181817
vt 0.4839999989 0.6053333333
vt 0.5060000005 0.6053333335
vt 0.4839999989 0.6053333333
vt 0.4850000005 0.5888484853
vt 0.5060000005 0.6053333334
vt 0.4659999988 0.5888484853
vt 0.4839999992 0.6053333331
vt 0.4650000039 0.604363637
vt 0.4829999993 0.6218181816
vt 0.4650000039 0.6043636368
vt 0.4839999992 0.6053333332
vt 0.4850000005 0.5888484853
vt 0.5069999999 0.5878787881
vt 0.5060000006 0.6053333332
vt 0.4937880473 0.5781175765
vt 0.5069999999 0.5878787882
vt 0.4850000005 0.5888484853
vt 0.0703125 0.02272727273
vt 0.0703125 0.02272727273
vt 0.0703125 0.02272727273
vt 0.5039608281 0.5817858277
vt 0.5069999999 0.5878787881
vt 0.4940079207 0.5782041313
vt 0.5069999999 0.5878787881
vt 0.5061131907 0.5825129709
vt 0.507306225 0.5828307557
vt 0.5174798531 0.5858027785
vt 0.5070000001 0.5878787881
vt 0.5073062251 0.5828307557
vt 0.5069999999 0.5878787881
vt 0.5055927834 0.5823507932
vt 0.5061131907 0.5825129709
vt 0.0703125 0.02272727273
vt 0.0703125 0.02272727273
vt 0.0703125 0.02272727273
vt 0.5039608281 0.5817858277
vt 0.5055927834 0.5823507932
vt 0.5069999999 0.5878787881
vt 0.0703125 0.02272727273
vt 0.0703125 0.02272727273
vt 0.0703125 0.02272727273
vt 0.4659999991 0.5888484853
vt 0.4650000028 0.604363637
vt 0.4490000026 0.5878787879
vt 0.4659999987 0.5888484855
vt 0.4660000027 0.5723636364
vt 0.4850000007 0.5888484853
vt 0.4659999987 0.5888484855
vt 0.4850000007 0.5888484853
vt 0.4839999991 0.6053333333
vt 0.0703125 0.02272727273
vt 0.0703125 0.02272727273
vt 0.0703125 0.02272727273
vt 0.0703125 0.02272727273
vt 0.0703125 0.02272727273
vt 0.0703125 0.02272727273
vt 0.5279999992 0.6237575765
vt 0.506000001 0.6053333333
vt 0.5300000013 0.6053333334
vt 0.5300000013 0.6053333334
vt 0.506000001 0.6053333333
vt 0.5070000001 0.5878787881
vt 0.5300000011 0.6053333334
vt 0.5328339583 0.5893607736
vt 0.5549999999 0.6072727273
vt 0.5539999997 0.6247272725
vt 0.5300000011 0.6053333333
vt 0.5549999999 0.6072727273
vt 0.5550000002 0.6072727273
vt 0.562508785 0.5941081092
vt 0.58 0.6082424241
vt 0.562508785 0.5941081092
vt 0.5682893277 0.5949096002
vt 0.58 0.6082424241
vt 0.5682893277 0.5949096002
vt 0.573190703 0.5953713402
vt 0.58 0.6082424241
vt 0.573190703 0.5953713402
vt 0.5807149647 0.5957630386
vt 0.58 0.6082424241
vt 0.0703125 0.02272727273
vt 0.0703125 0.02272727273
vt 0.0703125 0.02272727273
vt 0.0703125 0.02272727273
vt 0.0703125 0.02272727273
vt 0.0703125 0.02272727273
vt 0.0703125 0.02272727273
vt 0.0703125 0.02272727273
vt 0.0703125 0.02272727273
vt 0.0703125 0.02272727273
vt 0.0703125 0.02272727273
vt 0.0703125 0.02272727273
vt 0.0703125 0.02272727273
vt 0.0703125 0.02272727273
vt 0.0703125 0.02272727273
vt 0.0703125 0.02272727273
vt 0.0703125 0.02272727273
vt 0.0703125 0.02272727273
vt 0.5300000014 0.6053333334
vt 0.5070000001 0.5878787882
vt 0.5263158234 0.5878787875
vt 0.5300000014 0.6053333334
vt 0.5263158234 0.5878787875
vt 0.5295816407 0.5885994738
vt 0.5300000011 0.6053333334
vt 0.5309440899 0.5888546652
vt 0.5328339583 0.5893607736
vt 0.5368467435 0.5903383908
vt 0.5420656232 0.5913648951
vt 0.5549999999 0.6072727273
vt 0.5328339583 0.5893607735
vt 0.5368467435 0.5903383908
vt 0.5549999999 0.6072727273
vt 0.5300000014 0.6053333334
vt 0.5295816407 0.5885994738
vt 0.5309440897 0.5888546652
vt 0.0703125 0.02272727273
vt 0.0703125 0.02272727273
vt 0.0703125 0.02272727273
vt 0.0703125 0.02272727273
vt 0.0703125 0.02272727273
vt 0.0703125 0.02272727273
vt 0.0703125 0.02272727273
vt 0.0703125 0.02272727273
vt 0.0703125 0.02272727273
vt 0.0703125 0.02272727273
vt 0.0703125 0.02272727273
vt 0.0703125 0.02272727273
vt 0.0703125 0.02272727273
vt 0.0703125 0.02272727273
vt 0.0703125 0.02272727273
vt 0.5214280879 0.5868252435
vt 0.5070000001 0.5878787881
vt 0.5174798531 0.5858027785
vt 0.5214280879 0.5868252435
vt 0.5263158234 0.5878787875
vt 0.5070000001 0.5878787881
vt 0.0703125 0.02272727273
vt 0.0703125 0.02272727273
vt 0.0703125 0.02272727273
vt 0.0703125 0.02272727273
vt 0.0703125 0.02272727273
vt 0.0703125 0.02272727273
vt 0.0703125 0.02272727273
vt 0.0703125 0.02272727273
vt 0.0703125 0.02272727273
vt 0.0703125 0.02272727273
vt 0.0703125 0.02272727273
vt 0.0703125 0.02272727273
vt 0.0703125 0.02272727273
vt 0.0703125 0.02272727273
vt 0.0703125 0.02272727273
vt 0.0703125 0.02272727273
vt 0.0703125 0.02272727273
vt 0.0703125 0.02272727273
vt 0.0703125 0.02272727273
vt 0.0703125 0.02272727273
vt 0.0703125 0.02272727273
vt 0.5549999999 0.6072727273
vt 0.5420656232 0.5913648951
vt 0.5526424556 0.5930061929
vt 0.5549999999 0.6072727273
vt 0.5526424556 0.5930061929
vt 0.5557550094 0.5933622494
vt 0.5550000002 0.6072727273
vt 0.55575501 0.5933622494
vt 0.5570933532 0.5935563998
vt 0.5550000002 0.6072727273
vt 0.5570933532 0.5935563998
vt 0.562508785 0.5941081092
vt 0.0703125 0.02272727273
vt 0.0703125 0.02272727273
vt 0.0703125 0.02272727273
vt 0.0703125 0.02272727273
vt 0.0703125 0.02272727273
vt 0.0703125 0.02272727273
vt 0.0703125 0.02272727273
vt 0.0703125 0.02272727273
vt 0.0703125 0.02272727273
vt 0.0703125 0.02272727273
vt 0.0703125 0.02272727273
vt 0.0703125 0.02272727273
vt 0.0703125 0.02272727273
vt 0.0703125 0.02272727273
vt 0.0703125 0.02272727273
vt 0.0703125 0.02272727273
vt 0.0703125 0.02272727273
vt 0.0703125 0.02272727273
vt 0.0703125 0.02272727273
vt 0.0703125 0.02272727273
vt 0.0703125 0.02272727273
vt 0.0703125 0.02272727273
vt 0.0703125 0.02272727273
vt 0.0703125 0.02272727273
vt 0.0703125 0.02272727273
vt 0.0703125 0.02272727273
vt 0.0703125 0.02272727273
vt 0.0703125 0.02272727273
vt 0.0703125 0.02272727273
vt 0.0703125 0.02272727273
vt 0.0703125 0.02272727273
vt 0.0703125 0.02272727273
vt 0.0703125 0.02272727273
vt 0.0703125 0.02272727273
vt 0.0703125 0.02272727273
vt 0.0703125 0.02272727273
vt 0.0703125 0.02272727273
vt 0.0703125 0.02272727273
vt 0.0703125 0.02272727273
vt 0.0703125 0.02272727273
vt 0.0703125 0.02272727273
vt 0.0703125 0.02272727273
vt 0.0703125 0.02272727273
vt 0.0703125 0.02272727273
vt 0.0703125 0.02272727273
vt 0.4650000037 0.6208484845
vt 0.4490000014 0.6043636363
vt 0.4650000028 0.6043636367
vt 0.4650000028 0.6043636367
vt 0.4490000014 0.6043636363
vt 0.4490000026 0.5878787876
vt 0.4490000012 0.6043636365
vt 0.4360000022 0.6033939399
vt 0.4350000012 0.5878787886
vt 0.4359999995 0.6189090914
vt 0.4360000022 0.6033939398
vt 0.4490000012 0.6043636364
vt 0.4359999997 0.6189090915
vt 0.4239999994 0.6033939392
vt 0.4360000016 0.6033939397
vt 0.4350000009 0.5878787886
vt 0.4360000017 0.6033939398
vt 0.4239999994 0.6033939392
vt 0.4490000017 0.5878787877
vt 0.4490000012 0.6043636363
vt 0.4350000013 0.5878787885
vt 0.4659999991 0.5888484854
vt 0.4490000026 0.5878787877
vt 0.4500000019 0.5723636376
vt 0.4490000017 0.5878787875
vt 0.4350000012 0.5878787884
vt 0.4500000012 0.5723636375
vt 0.0703125 0.02272727273
vt 0.0703125 0.02272727273
vt 0.0703125 0.02272727273
vt 0.0703125 0.02272727273
vt 0.0703125 0.02272727273
vt 0.0703125 0.02272727273
vt 0.0703125 0.02272727273
vt 0.0703125 0.02272727273
vt 0.0703125 0.02272727273
vt 0.0703125 0.02272727273
vt 0.0703125 0.02272727273
vt 0.0703125 0.02272727273
vt 0.4350000009 0.5878787887
vt 0.4239999993 0.6033939391
vt 0.4220000009 0.5878787882
vt 0.4350000009 0.5878787885
vt 0.4220000009 0.5878787879
vt 0.4349999988 0.5713939389
vt 0.0703125 0.02272727273
vt 0.0703125 0.02272727273
vt 0.0703125 0.02272727273
vt 0.0703125 0.02272727273
vt 0.0703125 0.02272727273
vt 0.0703125 0.02272727273
vt 0.0703125 0.02272727273
vt 0.0703125 0.02272727273
vt 0.0703125 0.02272727273
vt 0.0703125 0.02272727273
vt 0.0703125 0.02272727273
vt 0.0703125 0.02272727273
vt 0.0703125 0.02272727273
vt 0.0703125 0.02272727273
vt 0.0703125 0.02272727273
vt 0.0703125 0.02272727273
vt 0.0703125 0.02272727273
vt 0.0703125 0.02272727273
vt 0.0703125 0.02272727273
vt 0.0703125 0.02272727273
vt 0.0703125 0.02272727273
vt 0.0703125 0.02272727273
vt 0.0703125 0.02272727273
vt 0.0703125 0.02272727273
vt 0.0703125 0.02272727273
vt 0.0703125 0.02272727273
vt 0.0703125 0.02272727273
vt 0.0703125 0.02272727273
vt 0.0703125 0.02272727273
vt 0.0703125 0.02272727273
vt 0.0703125 0.02272727273
vt 0.0703125 0.02272727273
vt 0.0703125 0.02272727273
vt 0.0703125 0.02272727273
vt 0.0703125 0.02272727273
vt 0.0703125 0.02272727273
vt 0.0703125 0.02272727273
vt 0.0703125 0.02272727273
vt 0.0703125 0.02272727273
vt 0.0703125 0.02272727273
vt 0.0703125 0.02272727273
vt 0.0703125 0.02272727273
vt 0.0703125 0.02272727273
vt 0.0703125 0.02272727273
vt 0.0703125 0.02272727273
vt 0.0703125 0.02272727273
vt 0.0703125 0.02272727273
vt 0.0703125 0.02272727273
vt 0.0703125 0.02272727273
vt 0.0703125 0.02272727273
vt 0.0703125 0.02272727273
vt 0.0703125 0.02272727273
vt 0.0703125 0.02272727273
vt 0.0703125 0.02272727273
vt 0.0703125 0.02272727273
vt 0.0703125 0.02272727273
vt 0.0703125 0.02272727273
vt 0.0703125 0.02272727273
vt 0.0703125 0.02272727273
vt 0.0703125 0.02272727273
vt 0.0703125 0.02272727273
vt 0.0703125 0.02272727273
vt 0.0703125 0.02272727273
vt 0.0703125 0.02272727273
vt 0.0703125 0.02272727273
vt 0.0703125 0.02272727273
vt 0.0703125 0.02272727273
vt 0.0703125 0.02272727273
vt 0.0703125 0.02272727273
vt 0.0703125 0.02272727273
vt 0.0703125 0.02272727273
vt 0.0703125 0.02272727273
vt 0.0703125 0.02272727273
vt 0.0703125 0.02272727273
vt 0.0703125 0.02272727273
vt 0.0703125 0.02272727273
vt 0.0703125 0.02272727273
vt 0.0703125 0.02272727273
vt 0.0703125 0.02272727273
vt 0.0703125 0.02272727273
vt 0.0703125 0.02272727273
vt 0.0703125 0.02272727273
vt 0.0703125 0.02272727273
vt 0.0703125 0.02272727273
vt 0.0703125 0.02272727273
vt 0.0703125 0.02272727273
vt 0.0703125 0.02272727273
vt 0.4911671878 0.5771207029
vt 0.4850000005 0.5888484853
vt 0.4858510576 0.5748188607
vt 0.4937880473 0.5781175765
vt 0.4850000005 0.5888484853
vt 0.4911671878 0.5771207029
vt 0.0703125 0.02272727273
vt 0.0703125 0.02272727273
vt 0.0703125 0.02272727273
vt 0.0703125 0.02272727273
vt 0.0703125 0.02272727273
vt 0.0703125 0.02272727273
vt 0.0703125 0.02272727273
vt 0.0703125 0.02272727273
vt 0.0703125 0.02272727273
vt 0.4940079207 0.5782041313
vt 0.5069999999 0.5878787881
vt 0.4937880473 0.5781175765
vt 0.4660000028 0.5723636364
vt 0.4807025584 0.5728241589
vt 0.4850000007 0.5888484853
vt 0.4659999992 0.5888484855
vt 0.4500000019 0.5723636375
vt 0.4660000015 0.5723636363
vt 0.4660000028 0.5723636364
vt 0.4750232844 0.5703445754
vt 0.4796597374 0.5723636365
vt 0.4660000028 0.5723636364
vt 0.4796597374 0.5723636365
vt 0.4807025584 0.5728241589
vt 0.4660000028 0.5723636364
vt 0.4708739799 0.5683463011
vt 0.4750232844 0.5703445754
vt 0.4660000015 0.5723636363
vt 0.4500000019 0.5723636375
vt 0.4565957764 0.5626744392
vt 0.0703125 0.02272727273
vt 0.0703125 0.02272727273
vt 0.0703125 0.02272727273
vt 0.4660000027 0.5723636363
vt 0.4671133724 0.5665487704
vt 0.4708739795 0.5683463009
vt 0.4660000027 0.5723636363
vt 0.4663996311 0.5661633138
vt 0.4671133724 0.5665487704
vt 0.0703125 0.02272727273
vt 0.0703125 0.02272727273
vt 0.0703125 0.02272727273
vt 0.0703125 0.02272727273
vt 0.0703125 0.02272727273
vt 0.0703125 0.02272727273
vt 0.0703125 0.02272727273
vt 0.0703125 0.02272727273
vt 0.0703125 0.02272727273
vt 0.0703125 0.02272727273
vt 0.0703125 0.02272727273
vt 0.0703125 0.02272727273
vt 0.0703125 0.02272727273
vt 0.0703125 0.02272727273
vt 0.0703125 0.02272727273
vt 0.0703125 0.02272727273
vt 0.0703125 0.02272727273
vt 0.0703125 0.02272727273
vt 0.4850000007 0.5888484853
vt 0.4807025584 0.5728241589
vt 0.485851058 0.5748188606
vt 0.0703125 0.02272727273
vt 0.0703125 0.02272727273
vt 0.0703125 0.02272727273
vt 0.0703125 0.02272727273
vt 0.0703125 0.02272727273
vt 0.0703125 0.02272727273
vt 0.0703125 0.02272727273
vt 0.0703125 0.02272727273
vt 0.0703125 0.02272727273
vt 0.0703125 0.02272727273
vt 0.0703125 0.02272727273
vt 0.0703125 0.02272727273
vt 0.0703125 0.02272727273
vt 0.0703125 0.02272727273
vt 0.0703125 0.02272727273
vt 0.0703125 0.02272727273
vt 0.0703125 0.02272727273
vt 0.0703125 0.02272727273
vt 0.0703125 0.02272727273
vt 0.0703125 0.02272727273
vt 0.0703125 0.02272727273
vt 0.4660000017 0.5723636364
vt 0.4565957762 0.562674439
vt 0.4663996301 0.5661633138
vt 0.0703125 0.02272727273
vt 0.0703125 0.02272727273
vt 0.0703125 0.02272727273
vt 0.0703125 0.02272727273
vt 0.0703125 0.02272727273
vt 0.0703125 0.02272727273
vt 0.4500000013 0.5723636376
vt 0.4350000013 0.5878787885
vt 0.434999998 0.5713939389
vt 0.0703125 0.02272727273
vt 0.0703125 0.02272727273
vt 0.0703125 0.02272727273
vt 0.0703125 0.02272727273
vt 0.0703125 0.02272727273
vt 0.0703125 0.02272727273
vt 0.0703125 0.02272727273
vt 0.0703125 0.02272727273
vt 0.0703125 0.02272727273
vt 0.0703125 0.02272727273
vt 0.0703125 0.02272727273
vt 0.0703125 0.02272727273
vt 0.0703125 0.02272727273
vt 0.0703125 0.02272727273
vt 0.0703125 0.02272727273
vt 0.434999999 0.5713939391
vt 0.4220000008 0.5878787878
vt 0.4220000002 0.5713939391
vt 0.0703125 0.02272727273
vt 0.0703125 0.02272727273
vt 0.0703125 0.02272727273
vt 0.0703125 0.02272727273
vt 0.0703125 0.02272727273
vt 0.0703125 0.02272727273
vt 0.0703125 0.02272727273
vt 0.0703125 0.02272727273
vt 0.0703125 0.02272727273
vt 0.0703125 0.02272727273
vt 0.0703125 0.02272727273
vt 0.0703125 0.02272727273
vt 0.4500000019 0.5723636375
vt 0.4549175171 0.5621291933
vt 0.4565957764 0.5626744392
vt 0.4500000019 0.5723636375
vt 0.4545190259 0.561986297
vt 0.4549175171 0.5621291933
vt 0.4500000019 0.5723636375
vt 0.4540950355 0.5618036216
vt 0.4545190259 0.561986297
vt 0.4500000019 0.5723636375
vt 0.4500000026 0.5599734549
vt 0.4540950355 0.5618036216
vt 0.0703125 0.02272727273
vt 0.0703125 0.02272727273
vt 0.0703125 0.02272727273
vt 0.0703125 0.02272727273
vt 0.0703125 0.02272727273
vt 0.0703125 0.02272727273
vt 0.0703125 0.02272727273
vt 0.0703125 0.02272727273
vt 0.0703125 0.02272727273
vt 0.0703125 0.02272727273
vt 0.0703125 0.02272727273
vt 0.0703125 0.02272727273
vt 0.0703125 0.02272727273
vt 0.0703125 0.02272727273
vt 0.0703125 0.02272727273
vt 0.0703125 0.02272727273
vt 0.0703125 0.02272727273
vt 0.0703125 0.02272727273
vt 0.0703125 0.02272727273
vt 0.0703125 0.02272727273
vt 0.0703125 0.02272727273
vt 0.4500000012 0.5723636374
vt 0.434999998 0.5713939391
vt 0.4375333112 0.5568207525
vt 0.450000001 0.5723636376
vt 0.4375333117 0.5568207521
vt 0.4422064331 0.5582061003
vt 0.450000001 0.5723636376
vt 0.4422064331 0.5582061003
vt 0.4500000015 0.559973455
vt 0.0703125 0.02272727273
vt 0.0703125 0.02272727273
vt 0.0703125 0.02272727273
vt 0.0703125 0.02272727273
vt 0.0703125 0.02272727273
vt 0.0703125 0.02272727273
vt 0.434999999 0.5713939392
vt 0.4220000002 0.5713939391
vt 0.4349110506 0.5561913167
vt 0.434999998 0.5713939391
vt 0.4359155735 0.5563008647
vt 0.4375333112 0.5568207525
vt 0.434999999 0.5713939392
vt 0.4349110506 0.5561913167
vt 0.4359155732 0.5563008647
vt 0.0703125 0.02272727273
vt 0.0703125 0.02272727273
vt 0.0703125 0.02272727273
vt 0.0703125 0.02272727273
vt 0.0703125 0.02272727273
vt 0.0703125 0.02272727273
vt 0.4349110505 0.5561913167
vt 0.4220000001 0.571393939
vt 0.4333989503 0.5560758466
vt 0.4333989503 0.5560758466
vt 0.4220000001 0.571393939
vt 0.4289825204 0.5555411327
vt 0.4289825204 0.5555411327
vt 0.4220000001 0.571393939
vt 0.4229701051 0.5544611995
vt 0.0703125 0.02272727273
vt 0.0703125 0.02272727273
vt 0.0703125 0.02272727273
vt 0.0703125 0.02272727273
vt 0.0703125 0.02272727273
vt 0.0703125 0.02272727273
vt 0.0703125 0.02272727273
vt 0.0703125 0.02272727273
vt 0.0703125 0.02272727273
vt 0.0703125 0.02272727273
vt 0.0703125 0.02272727273
vt 0.0703125 0.02272727273
vt 0.0703125 0.02272727273
vt 0.0703125 0.02272727273
vt 0.0703125 0.02272727273
vt 0.0703125 0.02272727273
vt 0.0703125 0.02272727273
vt 0.0703125 0.02272727273
vt 0.5799999998 0.6082424241
vt 0.5877456845 0.5962825465
vt 0.605999999 0.6111515151
vt 0.5799999998 0.6082424241
vt 0.5807149647 0.5957630386
vt 0.5840323924 0.5960839648
vt 0.5799999998 0.6082424241
vt 0.5840323924 0.5960839648
vt 0.5877456845 0.5962825465
vt 0.5877456846 0.5962825465
vt 0.5901019572 0.5963225881
vt 0.605999999 0.6111515151
vt 0.5901019572 0.5963225881
vt 0.599267527 0.596092575
vt 0.605999999 0.6111515151
vt 0.605999999 0.6111515151
vt 0.599267527 0.596092575
vt 0.6060000006 0.595615129
vt 0.6059999989 0.6111515151
vt 0.6060000009 0.595615129
vt 0.6070591375 0.595585669
vt 0.6059999989 0.6111515151
vt 0.6070591375 0.595585669
vt 0.609063649 0.5954505164
vt 0.0703125 0.02272727273
vt 0.0703125 0.02272727273
vt 0.0703125 0.02272727273
vt 0.6300000009 0.6140606066
vt 0.6309999988 0.5956363638
vt 0.6539999985 0.6169696969
vt 0.6059999989 0.6111515151
vt 0.609063649 0.5954505164
vt 0.6300000009 0.6140606066
vt 0.609063649 0.5954505164
vt 0.6143016454 0.5950869357
vt 0.6300000009 0.6140606066
vt 0.6143016454 0.5950869357
vt 0.620466951 0.5944106995
vt 0.6300000009 0.6140606066
vt 0.620466951 0.5944106995
vt 0.6309999989 0.5956363638
vt 0.6300000009 0.6140606066
vt 0.0703125 0.02272727273
vt 0.0703125 0.02272727273
vt 0.0703125 0.02272727273
vt 0.0703125 0.02272727273
vt 0.0703125 0.02272727273
vt 0.0703125 0.02272727273
vt 0.0703125 0.02272727273
vt 0.0703125 0.02272727273
vt 0.0703125 0.02272727273
vt 0.0703125 0.02272727273
vt 0.0703125 0.02272727273
vt 0.0703125 0.02272727273
vt 0.0703125 0.02272727273
vt 0.0703125 0.02272727273
vt 0.0703125 0.02272727273
vt 0.0703125 0.02272727273
vt 0.0703125 0.02272727273
vt 0.0703125 0.02272727273
vt 0.0703125 0.02272727273
vt 0.0703125 0.02272727273
vt 0.0703125 0.02272727273
vt 0.0703125 0.02272727273
vt 0.0703125 0.02272727273
vt 0.0703125 0.02272727273
vt 0.0703125 0.02272727273
vt 0.0703125 0.02272727273
vt 0.0703125 0.02272727273
vt 0.0703125 0.02272727273
vt 0.0703125 0.02272727273
vt 0.0703125 0.02272727273
vt 0.0703125 0.02272727273
vt 0.0703125 0.02272727273
vt 0.0703125 0.02272727273
vt 0.0703125 0.02272727273
vt 0.0703125 0.02272727273
vt 0.0703125 0.02272727273
vt 0.0703125 0.02272727273
vt 0.0703125 0.02272727273
vt 0.0703125 0.02272727273
vt 0.0703125 0.02272727273
vt 0.0703125 0.02272727273
vt 0.0703125 0.02272727273
vt 0.0703125 0.02272727273
vt 0.0703125 0.02272727273
vt 0.0703125 0.02272727273
vt 0.620466951 0.5944106994
vt 0.6236322249 0.5941141562
vt 0.6309999989 0.5956363639
vt 0.0703125 0.02272727273
vt 0.0703125 0.02272727273
vt 0.0703125 0.02272727273
vt 0.6236322249 0.5941141562
vt 0.6271017105 0.5936505272
vt 0.6309999989 0.5956363639
vt 0.6271017105 0.5936505272
vt 0.6284070758 0.5934363065
vt 0.6309999989 0.5956363639
vt 0.0703125 0.02272727273
vt 0.0703125 0.02272727273
vt 0.0703125 0.02272727273
vt 0.0703125 0.02272727273
vt 0.0703125 0.02272727273
vt 0.0703125 0.02272727273
vt 0.0703125 0.02272727273
vt 0.0703125 0.02272727273
vt 0.0703125 0.02272727273
vt 0.0703125 0.02272727273
vt 0.0703125 0.02272727273
vt 0.0703125 0.02272727273
vt 0.0703125 0.02272727273
vt 0.0703125 0.02272727273
vt 0.0703125 0.02272727273
vt 0.6284070758 0.5934363065
vt 0.630999999 0.5929977499
vt 0.6309999989 0.5956363639
vt 0.6309999989 0.5956363638
vt 0.639295842 0.5918374403
vt 0.6539999986 0.5995151513
vt 0.0703125 0.02272727273
vt 0.0703125 0.02272727273
vt 0.0703125 0.02272727273
vt 0.0703125 0.02272727273
vt 0.0703125 0.02272727273
vt 0.0703125 0.02272727273
vt 0.6309999989 0.5956363638
vt 0.6309999991 0.5929977499
vt 0.6391914317 0.5918592617
vt 0.6309999989 0.5956363638
vt 0.639212762 0.5918553616
vt 0.639295842 0.5918374403
vt 0.6309999989 0.5956363638
vt 0.6391914317 0.5918592617
vt 0.639212762 0.5918553616
vt 0.0703125 0.02272727273
vt 0.0703125 0.02272727273
vt 0.0703125 0.02272727273
vt 0.639295842 0.5918374403
vt 0.6444617654 0.5906680911
vt 0.6539999986 0.5995151513
vt 0.0703125 0.02272727273
vt 0.0703125 0.02272727273
vt 0.0703125 0.02272727273
vt 0.0703125 0.02272727273
vt 0.0703125 0.02272727273
vt 0.0703125 0.02272727273
vt 0.0703125 0.02272727273
vt 0.0703125 0.02272727273
vt 0.0703125 0.02272727273
vt 0.0703125 0.02272727273
vt 0.0703125 0.02272727273
vt 0.0703125 0.02272727273
vt 0.0703125 0.02272727273
vt 0.0703125 0.02272727273
vt 0.0703125 0.02272727273
vt 0.0703125 0.02272727273
vt 0.0703125 0.02272727273
vt 0.0703125 0.02272727273
vt 0.0703125 0.02272727273
vt 0.0703125 0.02272727273
vt 0.0703125 0.02272727273
vt 0.0703125 0.02272727273
vt 0.0703125 0.02272727273
vt 0.0703125 0.02272727273
vt 0.0703125 0.02272727273
vt 0.0703125 0.02272727273
vt 0.0703125 0.02272727273
vt 0.6309999989 0.5956363638
vt 0.6539999986 0.5995151513
vt 0.6539999985 0.6169696969
vt 0.6750000002 0.6208484845
vt 0.6539999984 0.6169696969
vt 0.6539999986 0.5995151513
vt 0.6750000003 0.6208484845
vt 0.6539999986 0.5995151513
vt 0.6759999996 0.6033939393
vt 0.6750000002 0.6208484845
vt 0.6759999992 0.6033939393
vt 0.6940000027 0.6247272731
vt 0.6759999993 0.6033939393
vt 0.6949999979 0.6072727274
vt 0.694000003 0.6247272728
vt 0.6444617654 0.590668091
vt 0.6513105089 0.5886458238
vt 0.6539999986 0.5995151513
vt 0.6513105089 0.5886458238
vt 0.6538540068 0.5878071226
vt 0.6539999986 0.5995151513
vt 0.6539999986 0.5995151513
vt 0.6538540068 0.5878071226
vt 0.6540000006 0.587751699
vt 0.0703125 0.02272727273
vt 0.0703125 0.02272727273
vt 0.0703125 0.02272727273
vt 0.6539999986 0.5995151513
vt 0.6540000004 0.587751699
vt 0.6589972756 0.5861570175
vt 0.6539999986 0.5995151513
vt 0.6589972756 0.5861570175
vt 0.6759999996 0.6033939394
vt 0.0703125 0.02272727273
vt 0.0703125 0.02272727273
vt 0.0703125 0.02272727273
vt 0.0703125 0.02272727273
vt 0.0703125 0.02272727273
vt 0.0703125 0.02272727273
vt 0.6589972756 0.5861570175
vt 0.6634056541 0.5848478328
vt 0.6759999996 0.6033939394
vt 0.6759999996 0.6033939394
vt 0.6634056541 0.5848478328
vt 0.6675539459 0.5834805853
vt 0.6759999996 0.6033939394
vt 0.6675539459 0.5834805853
vt 0.6759999975 0.5849696962
vt 0.0703125 0.02272727273
vt 0.0703125 0.02272727273
vt 0.0703125 0.02272727273
vt 0.6759999993 0.6033939394
vt 0.6759999976 0.5849696962
vt 0.694999998 0.6072727273
vt 0.6759999976 0.5849696963
vt 0.6949999991 0.5888484854
vt 0.6949999979 0.6072727273
vt 0.0703125 0.02272727273
vt 0.0703125 0.02272727273
vt 0.0703125 0.02272727273
vt 0.0703125 0.02272727273
vt 0.0703125 0.02272727273
vt 0.0703125 0.02272727273
vt 0.0703125 0.02272727273
vt 0.0703125 0.02272727273
vt 0.0703125 0.02272727273
vt 0.0703125 0.02272727273
vt 0.0703125 0.02272727273
vt 0.0703125 0.02272727273
vt 0.0703125 0.02272727273
vt 0.0703125 0.02272727273
vt 0.0703125 0.02272727273
vt 0.0703125 0.02272727273
vt 0.0703125 0.02272727273
vt 0.0703125 0.02272727273
vt 0.0703125 0.02272727273
vt 0.0703125 0.02272727273
vt 0.0703125 0.02272727273
vt 0.0703125 0.02272727273
vt 0.0703125 0.02272727273
vt 0.0703125 0.02272727273
vt 0.0703125 0.02272727273
vt 0.0703125 0.02272727273
vt 0.0703125 0.02272727273
vt 0.0703125 0.02272727273
vt 0.0703125 0.02272727273
vt 0.0703125 0.02272727273
vt 0.0703125 0.02272727273
vt 0.0703125 0.02272727273
vt 0.0703125 0.02272727273
vt 0.0703125 0.02272727273
vt 0.0703125 0.02272727273
vt 0.0703125 0.02272727273
vt 0.0703125 0.02272727273
vt 0.0703125 0.02272727273
vt 0.0703125 0.02272727273
vt 0.0703125 0.02272727273
vt 0.0703125 0.02272727273
vt 0.0703125 0.02272727273
vt 0.0703125 0.02272727273
vt 0.0703125 0.02272727273
vt 0.0703125 0.02272727273
vt 0.0703125 0.02272727273
vt 0.0703125 0.02272727273
vt 0.0703125 0.02272727273
vt 0.0703125 0.02272727273
vt 0.0703125 0.02272727273
vt 0.0703125 0.02272727273
vt 0.0703125 0.02272727273
vt 0.0703125 0.02272727273
vt 0.0703125 0.02272727273
vt 0.0703125 0.02272727273
vt 0.0703125 0.02272727273
vt 0.0703125 0.02272727273
vt 0.0703125 0.02272727273
vt 0.0703125 0.02272727273
vt 0.0703125 0.02272727273
vt 0.0703125 0.02272727273
vt 0.0703125 0.02272727273
vt 0.0703125 0.02272727273
vt 0.0703125 0.02272727273
vt 0.0703125 0.02272727273
vt 0.0703125 0.02272727273
vt 0.0703125 0.02272727273
vt 0.0703125 0.02272727273
vt 0.0703125 0.02272727273
vt 0.6940000021 0.6247272728
vt 0.6949999982 0.6072727273
vt 0.7100000012 0.6111515151
vt 0.7089999979 0.6286060612
vt 0.7100000011 0.611151515
vt 0.7219999979 0.6130909093
vt 0.7199999986 0.6305454548
vt 0.7219999989 0.6130909092
vt 0.7329999995 0.6150303031
vt 0.7219999989 0.613090909
vt 0.7349999986 0.5966060604
vt 0.7329999995 0.615030303
vt 0.0703125 0.02272727273
vt 0.0703125 0.02272727273
vt 0.0703125 0.02272727273
vt 0.0703125 0.02272727273
vt 0.0703125 0.02272727273
vt 0.0703125 0.02272727273
vt 0.0703125 0.02272727273
vt 0.0703125 0.02272727273
vt 0.0703125 0.02272727273
vt 0.0703125 0.02272727273
vt 0.0703125 0.02272727273
vt 0.0703125 0.02272727273
vt 0.6949999994 0.5888484854
vt 0.7100000012 0.6111515152
vt 0.6949999982 0.6072727273
vt 0.7100000011 0.6111515151
vt 0.7110000035 0.592727272
vt 0.7219999979 0.6130909092
vt 0.6949999993 0.5888484854
vt 0.711000004 0.5927272723
vt 0.7100000013 0.6111515152
vt 0.0703125 0.02272727273
vt 0.0703125 0.02272727273
vt 0.0703125 0.02272727273
vt 0.0703125 0.02272727273
vt 0.0703125 0.02272727273
vt 0.0703125 0.02272727273
vt 0.0703125 0.02272727273
vt 0.0703125 0.02272727273
vt 0.0703125 0.02272727273
vt 0.0703125 0.02272727273
vt 0.0703125 0.02272727273
vt 0.0703125 0.02272727273
vt 0.711000003 0.5927272723
vt 0.7239999996 0.5946666664
vt 0.7219999982 0.6130909091
vt 0.7219999991 0.613090909
vt 0.7239999999 0.5946666664
vt 0.7349999988 0.5966060605
vt 0.0703125 0.02272727273
vt 0.0703125 0.02272727273
vt 0.0703125 0.02272727273
vt 0.0703125 0.02272727273
vt 0.0703125 0.02272727273
vt 0.0703125 0.02272727273
vt 0.0703125 0.02272727273
vt 0.0703125 0.02272727273
vt 0.0703125 0.02272727273
vt 0.0703125 0.02272727273
vt 0.0703125 0.02272727273
vt 0.0703125 0.02272727273
vt 0.0703125 0.02272727273
vt 0.0703125 0.02272727273
vt 0.0703125 0.02272727273
vt 0.0703125 0.02272727273
vt 0.0703125 0.02272727273
vt 0.0703125 0.02272727273
vt 0.6675539459 0.5834805853
vt 0.6693661171 0.5829468319
vt 0.6759999975 0.5849696962
vt 0.6693661171 0.5829468319
vt 0.6728475937 0.5817672525
vt 0.6759999975 0.5849696962
vt 0.6728475937 0.5817672525
vt 0.6759999966 0.5804584469
vt 0.6759999976 0.5849696963
vt 0.6759999976 0.5849696962
vt 0.6759999969 0.5804584468
vt 0.6768265001 0.5802270682
vt 0.0703125 0.02272727273
vt 0.0703125 0.02272727273
vt 0.0703125 0.02272727273
vt 0.0703125 0.02272727273
vt 0.0703125 0.02272727273
vt 0.0703125 0.02272727273
vt 0.0703125 0.02272727273
vt 0.0703125 0.02272727273
vt 0.0703125 0.02272727273
vt 0.0703125 0.02272727273
vt 0.0703125 0.02272727273
vt 0.0703125 0.02272727273
vt 0.0703125 0.02272727273
vt 0.0703125 0.02272727273
vt 0.0703125 0.02272727273
vt 0.0703125 0.02272727273
vt 0.0703125 0.02272727273
vt 0.0703125 0.02272727273
vt 0.0703125 0.02272727273
vt 0.0703125 0.02272727273
vt 0.0703125 0.02272727273
vt 0.6759999976 0.5849696962
vt 0.6768265001 0.5802270682
vt 0.6949999991 0.5888484853
vt 0.6768265001 0.5802270682
vt 0.6852605654 0.5774159123
vt 0.6949999991 0.5888484853
vt 0.6852605654 0.5774159123
vt 0.6855877405 0.577321137
vt 0.694999999 0.5888484853
vt 0.6855877405 0.577321137
vt 0.6904177589 0.575713005
vt 0.694999999 0.5888484853
vt 0.6904177589 0.575713005
vt 0.6950000063 0.5739409549
vt 0.694999999 0.5888484853
vt 0.0703125 0.02272727273
vt 0.0703125 0.02272727273
vt 0.0703125 0.02272727273
vt 0.0703125 0.02272727273
vt 0.0703125 0.02272727273
vt 0.0703125 0.02272727273
vt 0.0703125 0.02272727273
vt 0.0703125 0.02272727273
vt 0.0703125 0.02272727273
vt 0.0703125 0.02272727273
vt 0.0703125 0.02272727273
vt 0.0703125 0.02272727273
vt 0.6950000052 0.5739409548
vt 0.7029290206 0.5715589031
vt 0.702289191 0.5717495503
vt 0.0703125 0.02272727273
vt 0.0703125 0.02272727273
vt 0.0703125 0.02272727273
vt 0.0703125 0.02272727273
vt 0.0703125 0.02272727273
vt 0.0703125 0.02272727273
vt 0.0703125 0.02272727273
vt 0.0703125 0.02272727273
vt 0.0703125 0.02272727273
vt 0.6949999993 0.5888484853
vt 0.7110000028 0.573333333
vt 0.711000004 0.5927272724
vt 0.0703125 0.02272727273
vt 0.0703125 0.02272727273
vt 0.0703125 0.02272727273
vt 0.6949999993 0.5888484853
vt 0.6950000052 0.5739409548
vt 0.7110000029 0.573333333
vt 0.0703125 0.02272727273
vt 0.0703125 0.02272727273
vt 0.0703125 0.02272727273
vt 0.0703125 0.02272727273
vt 0.0703125 0.02272727273
vt 0.0703125 0.02272727273
vt 0.7110000029 0.5927272722
vt 0.7110000024 0.5733333328
vt 0.7250000008 0.5752727269
vt 0.0703125 0.02272727273
vt 0.0703125 0.02272727273
vt 0.0703125 0.02272727273
vt 0.0703125 0.02272727273
vt 0.0703125 0.02272727273
vt 0.0703125 0.02272727273
vt 0.711000003 0.5927272722
vt 0.7250000008 0.5752727269
vt 0.7239999996 0.5946666664
vt 0.7239999998 0.5946666664
vt 0.7370000009 0.5762424245
vt 0.7349999988 0.5966060604
vt 0.0703125 0.02272727273
vt 0.0703125 0.02272727273
vt 0.0703125 0.02272727273
vt 0.0703125 0.02272727273
vt 0.0703125 0.02272727273
vt 0.0703125 0.02272727273
vt 0.7239999999 0.5946666664
vt 0.7250000005 0.5752727269
vt 0.7370000007 0.5762424243
vt 0.0703125 0.02272727273
vt 0.0703125 0.02272727273
vt 0.0703125 0.02272727273
vt 0.0703125 0.02272727273
vt 0.0703125 0.02272727273
vt 0.0703125 0.02272727273
vt 0.6950000052 0.5739409548
vt 0.702289191 0.5717495503
vt 0.7110000029 0.573333333
vt 0.702289191 0.5717495503
vt 0.7029193974 0.5715391307
vt 0.7110000029 0.573333333
vt 0.7029193974 0.5715391307
vt 0.7035307424 0.5713277416
vt 0.7110000029 0.573333333
vt 0.7035307424 0.5713277416
vt 0.7039000204 0.5711765289
vt 0.7110000029 0.573333333
vt 0.7039000204 0.5711765289
vt 0.7110000024 0.5679677425
vt 0.7110000029 0.573333333
vt 0.0703125 0.02272727273
vt 0.0703125 0.02272727273
vt 0.0703125 0.02272727273
vt 0.0703125 0.02272727273
vt 0.0703125 0.02272727273
vt 0.0703125 0.02272727273
vt 0.7110000023 0.5733333329
vt 0.7162066089 0.5669381432
vt 0.7250000007 0.575272727
vt 0.7110000025 0.573333333
vt 0.711000002 0.5679677425
vt 0.7161997548 0.566939938
vt 0.0703125 0.02272727273
vt 0.0703125 0.02272727273
vt 0.0703125 0.02272727273
vt 0.7110000025 0.573333333
vt 0.7161997548 0.566939938
vt 0.7162066088 0.5669381431
vt 0.0703125 0.02272727273
vt 0.0703125 0.02272727273
vt 0.0703125 0.02272727273
vt 0.0703125 0.02272727273
vt 0.0703125 0.02272727273
vt 0.0703125 0.02272727273
vt 0.0703125 0.02272727273
vt 0.0703125 0.02272727273
vt 0.0703125 0.02272727273
vt 0.0703125 0.02272727273
vt 0.0703125 0.02272727273
vt 0.0703125 0.02272727273
vt 0.7250000005 0.5752727269
vt 0.7328580515 0.5643871159
vt 0.7370000006 0.5762424245
vt 0.7162066089 0.5669381432
vt 0.7253498917 0.5644715813
vt 0.7250000007 0.575272727
vt 0.0703125 0.02272727273
vt 0.0703125 0.02272727273
vt 0.0703125 0.02272727273
vt 0.7250000007 0.575272727
vt 0.7253498917 0.5644715813
vt 0.7255330347 0.5644181387
vt 0.0703125 0.02272727273
vt 0.0703125 0.02272727273
vt 0.0703125 0.02272727273
vt 0.7250000005 0.5752727269
vt 0.7255330371 0.5644181388
vt 0.7295469174 0.5645665858
vt 0.7250000005 0.5752727269
vt 0.7295469174 0.5645665858
vt 0.7305546968 0.5645438788
vt 0.7250000005 0.5752727269
vt 0.7305546968 0.5645438788
vt 0.7328580514 0.5643871159
vt 0.0703125 0.02272727273
vt 0.0703125 0.02272727273
vt 0.0703125 0.02272727273
vt 0.0703125 0.02272727273
vt 0.0703125 0.02272727273
vt 0.0703125 0.02272727273
vt 0.0703125 0.02272727273
vt 0.0703125 0.02272727273
vt 0.0703125 0.02272727273
vt 0.7328580515 0.5643871159
vt 0.7382182222 0.5638387069
vt 0.7370000006 0.5762424245
vt 0.0703125 0.02272727273
vt 0.0703125 0.02272727273
vt 0.0703125 0.02272727273
vt 0.0703125 0.02272727273
vt 0.0703125 0.02272727273
vt 0.0703125 0.02272727273
vt 0.07299999978 0.4123636358
vt 0.0700000017 0.4278787878
vt 0.05799999934 0.425939394
vt 0.07299999961 0.4123636358
vt 0.08400000124 0.4278787879
vt 0.07000000244 0.4278787877
vt 0.05799999934 0.4259393941
vt 0.0700000017 0.4278787877
vt 0.06800000096 0.4433939388
vt 0.08400000143 0.427878788
vt 0.1010000037 0.4123636369
vt 0.1000000028 0.4288484847
vt 0.06800000132 0.4433939387
vt 0.07000000244 0.4278787876
vt 0.08400000124 0.4278787879
vt 0.08400000142 0.427878788
vt 0.1000000028 0.4288484847
vt 0.08200000253 0.4443636368
vt 0.05799999929 0.4259393942
vt 0.06800000099 0.4433939386
vt 0.05500000092 0.4424242422
vt 0.05500000088 0.4424242424
vt 0.06800000093 0.4433939389
vt 0.06699999876 0.4598787883
vt 0.0703125 0.02272727273
vt 0.0703125 0.02272727273
vt 0.0703125 0.02272727273
vt 0.0703125 0.02272727273
vt 0.0703125 0.02272727273
vt 0.0703125 0.02272727273
vt 0.0703125 0.02272727273
vt 0.0703125 0.02272727273
vt 0.0703125 0.02272727273
vt 0.0703125 0.02272727273
vt 0.0703125 0.02272727273
vt 0.0703125 0.02272727273
vt 0.06800000136 0.4433939388
vt 0.08400000124 0.427878788
vt 0.0820000017 0.4443636367
vt 0.06800000131 0.443393939
vt 0.0820000017 0.4443636368
vt 0.08100000132 0.4598787869
vt 0.08200000255 0.4443636368
vt 0.09899999919 0.4453333327
vt 0.08100000201 0.4598787869
vt 0.0703125 0.02272727273
vt 0.0703125 0.02272727273
vt 0.0703125 0.02272727273
vt 0.0703125 0.02272727273
vt 0.0703125 0.02272727273
vt 0.0703125 0.02272727273
vt 0.0703125 0.02272727273
vt 0.0703125 0.02272727273
vt 0.0703125 0.02272727273
vt 0.0703125 0.02272727273
vt 0.0703125 0.02272727273
vt 0.0703125 0.02272727273
vt 0.0703125 0.02272727273
vt 0.0703125 0.02272727273
vt 0.0703125 0.02272727273
vt 0.0703125 0.02272727273
vt 0.0703125 0.02272727273
vt 0.0703125 0.02272727273
vt 0.0703125 0.02272727273
vt 0.0703125 0.02272727273
vt 0.0703125 0.02272727273
vt 0.0703125 0.02272727273
vt 0.0703125 0.02272727273
vt 0.0703125 0.02272727273
vt 0.0703125 0.02272727273
vt 0.0703125 0.02272727273
vt 0.0703125 0.02272727273
vt 0.0703125 0.02272727273
vt 0.0703125 0.02272727273
vt 0.0703125 0.02272727273
vt 0.0703125 0.02272727273
vt 0.0703125 0.02272727273
vt 0.0703125 0.02272727273
vt 0.0703125 0.02272727273
vt 0.0703125 0.02272727273
vt 0.0703125 0.02272727273
vt 0.0703125 0.02272727273
vt 0.0703125 0.02272727273
vt 0.0703125 0.02272727273
vt 0.0703125 0.02272727273
vt 0.0703125 0.02272727273
vt 0.0703125 0.02272727273
vt 0.0703125 0.02272727273
vt 0.0703125 0.02272727273
vt 0.0703125 0.02272727273
vt 0.0703125 0.02272727273
vt 0.0703125 0.02272727273
vt 0.0703125 0.02272727273
vt 0.0703125 0.02272727273
vt 0.0703125 0.02272727273
vt 0.0703125 0.02272727273
vt 0.0703125 0.02272727273
vt 0.0703125 0.02272727273
vt 0.0703125 0.02272727273
vt 0.0703125 0.02272727273
vt 0.0703125 0.02272727273
vt 0.0703125 0.02272727273
vt 0.0703125 0.02272727273
vt 0.0703125 0.02272727273
vt 0.0703125 0.02272727273
vt 0.0703125 0.02272727273
vt 0.0703125 0.02272727273
vt 0.0703125 0.02272727273
vt 0.0703125 0.02272727273
vt 0.0703125 0.02272727273
vt 0.0703125 0.02272727273
vt 0.0703125 0.02272727273
vt 0.0703125 0.02272727273
vt 0.0703125 0.02272727273
vt 0.0703125 0.02272727273
vt 0.0703125 0.02272727273
vt 0.0703125 0.02272727273
vt 0.0703125 0.02272727273
vt 0.0703125 0.02272727273
vt 0.0703125 0.02272727273
vt 0.0703125 0.02272727273
vt 0.0703125 0.02272727273
vt 0.0703125 0.02272727273
vt 0.0703125 0.02272727273
vt 0.0703125 0.02272727273
vt 0.0703125 0.02272727273
vt 0.0703125 0.02272727273
vt 0.0703125 0.02272727273
vt 0.0703125 0.02272727273
vt 0.0703125 0.02272727273
vt 0.0703125 0.02272727273
vt 0.0703125 0.02272727273
vt 0.09899999892 0.4453333327
vt 0.1000000037 0.4288484848
vt 0.1179999993 0.4307878789
vt 0.1199999994 0.4133333334
vt 0.1179999993 0.4307878788
vt 0.1000000037 0.428848485
vt 0.1199999991 0.4133333334
vt 0.1400000006 0.4327272726
vt 0.1179999989 0.4307878788
vt 0.1179999989 0.4307878787
vt 0.1400000005 0.4327272727
vt 0.1180000005 0.4472727269
vt 0.08200000257 0.4443636366
vt 0.1000000028 0.4288484845
vt 0.09899999919 0.4453333327
vt 0.09899999878 0.4453333326
vt 0.1180000007 0.4472727269
vt 0.09800000269 0.4608484851
vt 0.09899999874 0.4453333326
vt 0.1179999991 0.4307878787
vt 0.1180000007 0.4472727269
vt 0.0703125 0.02272727273
vt 0.0703125 0.02272727273
vt 0.0703125 0.02272727273
vt 0.0703125 0.02272727273
vt 0.0703125 0.02272727273
vt 0.0703125 0.02272727273
vt 0.1180000005 0.4472727268
vt 0.1400000006 0.4327272728
vt 0.1399999999 0.449212121
vt 0.1180000005 0.4472727269
vt 0.1399999999 0.4492121209
vt 0.1255297662 0.4583632569
vt 0.0703125 0.02272727273
vt 0.0703125 0.02272727273
vt 0.0703125 0.02272727273
vt 0.1257613478 0.4582866515
vt 0.14 0.4492121209
vt 0.136203331 0.4551544293
vt 0.14 0.4492121209
vt 0.1396937799 0.4542601535
vt 0.1384556905 0.4545243598
vt 0.1400000001 0.449212121
vt 0.1502279843 0.4521248109
vt 0.13969378 0.4542601536
vt 0.136203331 0.4551544293
vt 0.14 0.4492121209
vt 0.1379127641 0.4546631031
vt 0.0703125 0.02272727273
vt 0.0703125 0.02272727273
vt 0.0703125 0.02272727273
vt 0.14 0.4492121209
vt 0.1384556905 0.4545243598
vt 0.1379127641 0.4546631031
vt 0.0703125 0.02272727273
vt 0.0703125 0.02272727273
vt 0.0703125 0.02272727273
vt 0.0703125 0.02272727273
vt 0.0703125 0.02272727273
vt 0.0703125 0.02272727273
vt 0.0703125 0.02272727273
vt 0.0703125 0.02272727273
vt 0.0703125 0.02272727273
vt 0.0703125 0.02272727273
vt 0.0703125 0.02272727273
vt 0.0703125 0.02272727273
vt 0.0703125 0.02272727273
vt 0.0703125 0.02272727273
vt 0.0703125 0.02272727273
vt 0.0703125 0.02272727273
vt 0.0703125 0.02272727273
vt 0.0703125 0.02272727273
vt 0.1649999993 0.4162424235
vt 0.1640000013 0.4336969697
vt 0.140000001 0.4327272728
vt 0.140000001 0.4327272728
vt 0.1640000013 0.4336969697
vt 0.1400000001 0.449212121
vt 0.1640000011 0.4336969698
vt 0.1889999999 0.4356363636
vt 0.1659103732 0.4499659267
vt 0.1899999997 0.4172121214
vt 0.189 0.4356363636
vt 0.1640000011 0.4336969699
vt 0.0703125 0.02272727273
vt 0.0703125 0.02272727273
vt 0.0703125 0.02272727273
vt 0.1890000002 0.4356363636
vt 0.215 0.4356363638
vt 0.1960511838 0.4483572472
vt 0.1960511837 0.4483572472
vt 0.215 0.4356363638
vt 0.2018720023 0.4482112168
vt 0.2018720023 0.4482112168
vt 0.215 0.4356363638
vt 0.2067826763 0.4483158512
vt 0.2067826763 0.4483158512
vt 0.215 0.4356363638
vt 0.2142850351 0.4488090485
vt 0.0703125 0.02272727273
vt 0.0703125 0.02272727273
vt 0.0703125 0.02272727273
vt 0.0703125 0.02272727273
vt 0.0703125 0.02272727273
vt 0.0703125 0.02272727273
vt 0.0703125 0.02272727273
vt 0.0703125 0.02272727273
vt 0.0703125 0.02272727273
vt 0.0703125 0.02272727273
vt 0.0703125 0.02272727273
vt 0.0703125 0.02272727273
vt 0.0703125 0.02272727273
vt 0.0703125 0.02272727273
vt 0.0703125 0.02272727273
vt 0.0703125 0.02272727273
vt 0.0703125 0.02272727273
vt 0.0703125 0.02272727273
vt 0.0703125 0.02272727273
vt 0.0703125 0.02272727273
vt 0.0703125 0.02272727273
vt 0.1400000001 0.4492121209
vt 0.1640000014 0.4336969698
vt 0.1593158233 0.4507729962
vt 0.1640000014 0.4336969698
vt 0.16262293 0.4503195508
vt 0.1593158233 0.4507729962
vt 0.1640000014 0.4336969698
vt 0.1639999993 0.4501756378
vt 0.16262293 0.4503195508
vt 0.1640000011 0.4336969698
vt 0.1659103732 0.4499659267
vt 0.1639999995 0.4501756378
vt 0.1699676782 0.4495036029
vt 0.1889999999 0.4356363636
vt 0.1752311917 0.4491328615
vt 0.1659103732 0.4499659268
vt 0.1889999999 0.4356363636
vt 0.1699676782 0.4495036029
vt 0.0703125 0.02272727273
vt 0.0703125 0.02272727273
vt 0.0703125 0.02272727273
vt 0.0703125 0.02272727273
vt 0.0703125 0.02272727273
vt 0.0703125 0.02272727273
vt 0.0703125 0.02272727273
vt 0.0703125 0.02272727273
vt 0.0703125 0.02272727273
vt 0.0703125 0.02272727273
vt 0.0703125 0.02272727273
vt 0.0703125 0.02272727273
vt 0.0703125 0.02272727273
vt 0.0703125 0.02272727273
vt 0.0703125 0.02272727273
vt 0.1400000001 0.449212121
vt 0.1543002682 0.4514264072
vt 0.1502279843 0.4521248109
vt 0.1400000001 0.449212121
vt 0.1593158233 0.4507729962
vt 0.1543002682 0.4514264072
vt 0.0703125 0.02272727273
vt 0.0703125 0.02272727273
vt 0.0703125 0.02272727273
vt 0.0703125 0.02272727273
vt 0.0703125 0.02272727273
vt 0.0703125 0.02272727273
vt 0.0703125 0.02272727273
vt 0.0703125 0.02272727273
vt 0.0703125 0.02272727273
vt 0.0703125 0.02272727273
vt 0.0703125 0.02272727273
vt 0.0703125 0.02272727273
vt 0.0703125 0.02272727273
vt 0.0703125 0.02272727273
vt 0.0703125 0.02272727273
vt 0.0703125 0.02272727273
vt 0.0703125 0.02272727273
vt 0.0703125 0.02272727273
vt 0.0703125 0.02272727273
vt 0.0703125 0.02272727273
vt 0.0703125 0.02272727273
vt 0.1889999999 0.4356363636
vt 0.1858747002 0.4487947367
vt 0.1752311917 0.4491328615
vt 0.1889999999 0.4356363636
vt 0.1889999999 0.4488147111
vt 0.1858747002 0.4487947367
vt 0.1890000002 0.4356363636
vt 0.1903998896 0.4486802415
vt 0.1890000006 0.4488147111
vt 0.1890000002 0.4356363636
vt 0.1960511838 0.4483572472
vt 0.1903998896 0.4486802415
vt 0.0703125 0.02272727273
vt 0.0703125 0.02272727273
vt 0.0703125 0.02272727273
vt 0.0703125 0.02272727273
vt 0.0703125 0.02272727273
vt 0.0703125 0.02272727273
vt 0.0703125 0.02272727273
vt 0.0703125 0.02272727273
vt 0.0703125 0.02272727273
vt 0.0703125 0.02272727273
vt 0.0703125 0.02272727273
vt 0.0703125 0.02272727273
vt 0.0703125 0.02272727273
vt 0.0703125 0.02272727273
vt 0.0703125 0.02272727273
vt 0.0703125 0.02272727273
vt 0.0703125 0.02272727273
vt 0.0703125 0.02272727273
vt 0.0703125 0.02272727273
vt 0.0703125 0.02272727273
vt 0.0703125 0.02272727273
vt 0.0703125 0.02272727273
vt 0.0703125 0.02272727273
vt 0.0703125 0.02272727273
vt 0.05500000082 0.4424242425
vt 0.06699999885 0.4598787881
vt 0.05300000017 0.4589090912
vt 0.0703125 0.02272727273
vt 0.0703125 0.02272727273
vt 0.0703125 0.02272727273
vt 0.0703125 0.02272727273
vt 0.0703125 0.02272727273
vt 0.0703125 0.02272727273
vt 0.0703125 0.02272727273
vt 0.0703125 0.02272727273
vt 0.0703125 0.02272727273
vt 0.0703125 0.02272727273
vt 0.0703125 0.02272727273
vt 0.0703125 0.02272727273
vt 0.0703125 0.02272727273
vt 0.0703125 0.02272727273
vt 0.0703125 0.02272727273
vt 0.06800000127 0.4433939389
vt 0.08100000127 0.4598787867
vt 0.06699999808 0.4598787883
vt 0.0703125 0.02272727273
vt 0.0703125 0.02272727273
vt 0.0703125 0.02272727273
vt 0.0703125 0.02272727273
vt 0.0703125 0.02272727273
vt 0.0703125 0.02272727273
vt 0.0703125 0.02272727273
vt 0.0703125 0.02272727273
vt 0.0703125 0.02272727273
vt 0.0703125 0.02272727273
vt 0.0703125 0.02272727273
vt 0.0703125 0.02272727273
vt 0.0703125 0.02272727273
vt 0.0703125 0.02272727273
vt 0.0703125 0.02272727273
vt 0.0703125 0.02272727273
vt 0.0703125 0.02272727273
vt 0.0703125 0.02272727273
vt 0.05300000011 0.4589090913
vt 0.05904843867 0.4743072869
vt 0.05300000025 0.474901123
vt 0.05300000011 0.4589090913
vt 0.0634765795 0.4741142334
vt 0.05904843867 0.4743072869
vt 0.05300000011 0.4589090913
vt 0.06498883263 0.4741117136
vt 0.0634765795 0.4741142334
vt 0.05300000017 0.4589090912
vt 0.06699999887 0.459878788
vt 0.06498883262 0.4741117136
vt 0.0703125 0.02272727273
vt 0.0703125 0.02272727273
vt 0.0703125 0.02272727273
vt 0.06699999887 0.459878788
vt 0.06608442816 0.4740840347
vt 0.06498883262 0.4741117136
vt 0.06699999809 0.459878788
vt 0.06764283356 0.4736946846
vt 0.06608442834 0.4740840347
vt 0.0703125 0.02272727273
vt 0.0703125 0.02272727273
vt 0.0703125 0.02272727273
vt 0.0703125 0.02272727273
vt 0.0703125 0.02272727273
vt 0.0703125 0.02272727273
vt 0.0703125 0.02272727273
vt 0.0703125 0.02272727273
vt 0.0703125 0.02272727273
vt 0.0703125 0.02272727273
vt 0.0703125 0.02272727273
vt 0.0703125 0.02272727273
vt 0.0703125 0.02272727273
vt 0.0703125 0.02272727273
vt 0.0703125 0.02272727273
vt 0.0703125 0.02272727273
vt 0.0703125 0.02272727273
vt 0.0703125 0.02272727273
vt 0.0703125 0.02272727273
vt 0.0703125 0.02272727273
vt 0.0703125 0.02272727273
vt 0.06699999809 0.459878788
vt 0.08100000127 0.459878787
vt 0.06764283356 0.4736946846
vt 0.0703125 0.02272727273
vt 0.0703125 0.02272727273
vt 0.0703125 0.02272727273
vt 0.06764283393 0.473694685
vt 0.08100000104 0.4598787868
vt 0.07238035802 0.4729566956
vt 0.07238035802 0.4729566956
vt 0.08100000104 0.4598787868
vt 0.08024839119 0.4722689695
vt 0.08100000205 0.4598787868
vt 0.08471038605 0.4706869866
vt 0.08024839249 0.4722689695
vt 0.08100000205 0.4598787868
vt 0.08560402253 0.4704112623
vt 0.08517195725 0.4705300076
vt 0.08100000205 0.4598787868
vt 0.08742024858 0.4699677291
vt 0.08560402253 0.4704112623
vt 0.08100000205 0.4598787868
vt 0.08517195725 0.4705300076
vt 0.08471038605 0.4706869866
vt 0.0703125 0.02272727273
vt 0.0703125 0.02272727273
vt 0.0703125 0.02272727273
vt 0.0703125 0.02272727273
vt 0.0703125 0.02272727273
vt 0.0703125 0.02272727273
vt 0.0703125 0.02272727273
vt 0.0703125 0.02272727273
vt 0.0703125 0.02272727273
vt 0.0703125 0.02272727273
vt 0.0703125 0.02272727273
vt 0.0703125 0.02272727273
vt 0.0703125 0.02272727273
vt 0.0703125 0.02272727273
vt 0.0703125 0.02272727273
vt 0.0703125 0.02272727273
vt 0.0703125 0.02272727273
vt 0.0703125 0.02272727273
vt 0.0703125 0.02272727273
vt 0.0703125 0.02272727273
vt 0.0703125 0.02272727273
vt 0.0703125 0.02272727273
vt 0.0703125 0.02272727273
vt 0.0703125 0.02272727273
vt 0.08100000206 0.4598787869
vt 0.09899999918 0.4453333326
vt 0.09800000164 0.460848485
vt 0.09800000269 0.4608484852
vt 0.1180000007 0.4472727269
vt 0.1120219058 0.4625305797
vt 0.08100000205 0.4598787868
vt 0.09800000164 0.460848485
vt 0.08742024858 0.4699677291
vt 0.0703125 0.02272727273
vt 0.0703125 0.02272727273
vt 0.0703125 0.02272727273
vt 0.0703125 0.02272727273
vt 0.0703125 0.02272727273
vt 0.0703125 0.02272727273
vt 0.09800000269 0.4608484851
vt 0.09836867498 0.467100055
vt 0.09760037075 0.4674363277
vt 0.09800000269 0.4608484851
vt 0.1023865822 0.4655747625
vt 0.09836867498 0.467100055
vt 0.0703125 0.02272727273
vt 0.0703125 0.02272727273
vt 0.0703125 0.02272727273
vt 0.0703125 0.02272727273
vt 0.0703125 0.02272727273
vt 0.0703125 0.02272727273
vt 0.09800000269 0.4608484852
vt 0.1109767505 0.4628353556
vt 0.1064496403 0.4641800235
vt 0.09800000269 0.4608484852
vt 0.1120219058 0.4625305797
vt 0.1109767505 0.4628353556
vt 0.09800000269 0.4608484852
vt 0.1064496403 0.4641800235
vt 0.1023865823 0.4655747626
vt 0.0703125 0.02272727273
vt 0.0703125 0.02272727273
vt 0.0703125 0.02272727273
vt 0.0703125 0.02272727273
vt 0.0703125 0.02272727273
vt 0.0703125 0.02272727273
vt 0.0703125 0.02272727273
vt 0.0703125 0.02272727273
vt 0.0703125 0.02272727273
vt 0.0703125 0.02272727273
vt 0.0703125 0.02272727273
vt 0.0703125 0.02272727273
vt 0.0703125 0.02272727273
vt 0.0703125 0.02272727273
vt 0.0703125 0.02272727273
vt 0.1180000007 0.4472727269
vt 0.1171489347 0.461302351
vt 0.1120219058 0.4625305797
vt 0.0703125 0.02272727273
vt 0.0703125 0.02272727273
vt 0.0703125 0.02272727273
vt 0.0703125 0.02272727273
vt 0.0703125 0.02272727273
vt 0.0703125 0.02272727273
vt 0.0703125 0.02272727273
vt 0.0703125 0.02272727273
vt 0.0703125 0.02272727273
vt 0.0703125 0.02272727273
vt 0.0703125 0.02272727273
vt 0.0703125 0.02272727273
vt 0.0703125 0.02272727273
vt 0.0703125 0.02272727273
vt 0.0703125 0.02272727273
vt 0.1180000005 0.4472727269
vt 0.1227735853 0.4592416282
vt 0.117148934 0.4613023512
vt 0.1180000005 0.4472727269
vt 0.1255297662 0.4583632569
vt 0.1227735853 0.4592416282
vt 0.1257613478 0.4582866515
vt 0.1255297662 0.4583632569
vt 0.14 0.4492121209
vt 0.0703125 0.02272727273
vt 0.0703125 0.02272727273
vt 0.0703125 0.02272727273
vt 0.0703125 0.02272727273
vt 0.0703125 0.02272727273
vt 0.0703125 0.02272727273
vt 0.0703125 0.02272727273
vt 0.0703125 0.02272727273
vt 0.0703125 0.02272727273
vt 0.0703125 0.02272727273
vt 0.0703125 0.02272727273
vt 0.0703125 0.02272727273
vt 0.0703125 0.02272727273
vt 0.0703125 0.02272727273
vt 0.0703125 0.02272727273
vt 0.08742024858 0.4699677291
vt 0.09800000167 0.460848485
vt 0.09760036977 0.4674363276
vt 0.0703125 0.02272727273
vt 0.0703125 0.02272727273
vt 0.0703125 0.02272727273
vt 0.0703125 0.02272727273
vt 0.0703125 0.02272727273
vt 0.0703125 0.02272727273
vt 0.0703125 0.02272727273
vt 0.0703125 0.02272727273
vt 0.0703125 0.02272727273
vt 0.0703125 0.02272727273
vt 0.0703125 0.02272727273
vt 0.0703125 0.02272727273
vt 0.0703125 0.02272727273
vt 0.0703125 0.02272727273
vt 0.0703125 0.02272727273
vt 0.0703125 0.02272727273
vt 0.0703125 0.02272727273
vt 0.0703125 0.02272727273
vt 0.0703125 0.02272727273
vt 0.0703125 0.02272727273
vt 0.0703125 0.02272727273
vt 0.0703125 0.02272727273
vt 0.0703125 0.02272727273
vt 0.0703125 0.02272727273
vt 0.0703125 0.02272727273
vt 0.0703125 0.02272727273
vt 0.0703125 0.02272727273
vt 0.0703125 0.02272727273
vt 0.0703125 0.02272727273
vt 0.0703125 0.02272727273
vt 0.0703125 0.02272727273
vt 0.0703125 0.02272727273
vt 0.0703125 0.02272727273
vt 0.0703125 0.02272727273
vt 0.0703125 0.02272727273
vt 0.0703125 0.02272727273
vt 0.0703125 0.02272727273
vt 0.0703125 0.02272727273
vt 0.0703125 0.02272727273
vt 0.0703125 0.02272727273
vt 0.0703125 0.02272727273
vt 0.0703125 0.02272727273
vt 0.0703125 0.02272727273
vt 0.0703125 0.02272727273
vt 0.0703125 0.02272727273
vt 0.0703125 0.02272727273
vt 0.0703125 0.02272727273
vt 0.0703125 0.02272727273
vt 0.0703125 0.02272727273
vt 0.0703125 0.02272727273
vt 0.0703125 0.02272727273
vt 0.0703125 0.02272727273
vt 0.0703125 0.02272727273
vt 0.0703125 0.02272727273
vt 0.0703125 0.02272727273
vt 0.0703125 0.02272727273
vt 0.0703125 0.02272727273
vt 0.0703125 0.02272727273
vt 0.0703125 0.02272727273
vt 0.0703125 0.02272727273
vt 0.0703125 0.02272727273
vt 0.0703125 0.02272727273
vt 0.0703125 0.02272727273
vt 0.0703125 0.02272727273
vt 0.0703125 0.02272727273
vt 0.0703125 0.02272727273
vt 0.0703125 0.02272727273
vt 0.0703125 0.02272727273
vt 0.0703125 0.02272727273
vt 0.3559999988 0.4269090905
vt 0.3669999996 0.4433939393
vt 0.356999999 0.4443636362
vt 0.3669999996 0.4433939394
vt 0.3679999987 0.4627878789
vt 0.356999999 0.4443636364
vt 0.3439999977 0.4288484841
vt 0.3569999978 0.444363636
vt 0.3440000012 0.4453333335
vt 0.330000002 0.430787879
vt 0.3440000012 0.4453333336
vt 0.3289999982 0.447272727
vt 0.0703125 0.02272727273
vt 0.0703125 0.02272727273
vt 0.0703125 0.02272727273
vt 0.0703125 0.02272727273
vt 0.0703125 0.02272727273
vt 0.0703125 0.02272727273
vt 0.0703125 0.02272727273
vt 0.0703125 0.02272727273
vt 0.0703125 0.02272727273
vt 0.0703125 0.02272727273
vt 0.0703125 0.02272727273
vt 0.0703125 0.02272727273
vt 0.3679999987 0.4627878787
vt 0.3559999998 0.462787879
vt 0.356999999 0.4443636363
vt 0.3569999982 0.4443636363
vt 0.3559999995 0.462787879
vt 0.3430000029 0.4637575764
vt 0.0703125 0.02272727273
vt 0.0703125 0.02272727273
vt 0.0703125 0.02272727273
vt 0.0703125 0.02272727273
vt 0.0703125 0.02272727273
vt 0.0703125 0.02272727273
vt 0.0703125 0.02272727273
vt 0.0703125 0.02272727273
vt 0.0703125 0.02272727273
vt 0.0703125 0.02272727273
vt 0.0703125 0.02272727273
vt 0.0703125 0.02272727273
vt 0.3569999978 0.4443636361
vt 0.3430000037 0.4637575768
vt 0.3440000011 0.4453333335
vt 0.3440000012 0.4453333335
vt 0.3269999995 0.4656969691
vt 0.3289999983 0.4472727271
vt 0.3440000012 0.4453333335
vt 0.3430000039 0.4637575767
vt 0.3269999994 0.4656969691
vt 0.0703125 0.02272727273
vt 0.0703125 0.02272727273
vt 0.0703125 0.02272727273
vt 0.0703125 0.02272727273
vt 0.0703125 0.02272727273
vt 0.0703125 0.02272727273
vt 0.0703125 0.02272727273
vt 0.0703125 0.02272727273
vt 0.0703125 0.02272727273
vt 0.0703125 0.02272727273
vt 0.0703125 0.02272727273
vt 0.0703125 0.02272727273
vt 0.2149999998 0.4356363638
vt 0.2399999991 0.4356363636
vt 0.221015512 0.4490892399
vt 0.2149999998 0.4356363638
vt 0.2174692578 0.4488617571
vt 0.2142850351 0.4488090485
vt 0.2149999998 0.4356363638
vt 0.221015512 0.4490892399
vt 0.2174692578 0.4488617571
vt 0.221015512 0.4490892399
vt 0.239999999 0.4356363636
vt 0.2233640368 0.449231988
vt 0.2399999989 0.4356363635
vt 0.2423189531 0.4517087138
vt 0.2402514434 0.4513305901
vt 0.2233640368 0.449231988
vt 0.239999999 0.4356363636
vt 0.2324785305 0.4501730271
vt 0.239999999 0.4356363636
vt 0.2391567428 0.4511727499
vt 0.2324785305 0.4501730271
vt 0.2399999989 0.4356363635
vt 0.2402514434 0.4513305901
vt 0.2391567431 0.4511727499
vt 0.265000001 0.4356363632
vt 0.2889999985 0.4336969697
vt 0.2639999989 0.4530909089
vt 0.2650000009 0.4356363632
vt 0.2639999989 0.4530909089
vt 0.2534669509 0.453499464
vt 0.2399999989 0.4356363635
vt 0.265000001 0.4356363632
vt 0.2423189531 0.4517087138
vt 0.2650000009 0.4356363632
vt 0.2474519806 0.4524236706
vt 0.2423189531 0.4517087138
vt 0.2650000009 0.4356363632
vt 0.2534669509 0.453499464
vt 0.2474519806 0.4524236706
vt 0.0703125 0.02272727273
vt 0.0703125 0.02272727273
vt 0.0703125 0.02272727273
vt 0.0703125 0.02272727273
vt 0.0703125 0.02272727273
vt 0.0703125 0.02272727273
vt 0.0703125 0.02272727273
vt 0.0703125 0.02272727273
vt 0.0703125 0.02272727273
vt 0.0703125 0.02272727273
vt 0.0703125 0.02272727273
vt 0.0703125 0.02272727273
vt 0.0703125 0.02272727273
vt 0.0703125 0.02272727273
vt 0.0703125 0.02272727273
vt 0.0703125 0.02272727273
vt 0.0703125 0.02272727273
vt 0.0703125 0.02272727273
vt 0.0703125 0.02272727273
vt 0.0703125 0.02272727273
vt 0.0703125 0.02272727273
vt 0.0703125 0.02272727273
vt 0.0703125 0.02272727273
vt 0.0703125 0.02272727273
vt 0.0703125 0.02272727273
vt 0.0703125 0.02272727273
vt 0.0703125 0.02272727273
vt 0.0703125 0.02272727273
vt 0.0703125 0.02272727273
vt 0.0703125 0.02272727273
vt 0.0703125 0.02272727273
vt 0.0703125 0.02272727273
vt 0.0703125 0.02272727273
vt 0.0703125 0.02272727273
vt 0.0703125 0.02272727273
vt 0.0703125 0.02272727273
vt 0.0703125 0.02272727273
vt 0.0703125 0.02272727273
vt 0.0703125 0.02272727273
vt 0.0703125 0.02272727273
vt 0.0703125 0.02272727273
vt 0.0703125 0.02272727273
vt 0.0703125 0.02272727273
vt 0.0703125 0.02272727273
vt 0.0703125 0.02272727273
vt 0.0703125 0.02272727273
vt 0.0703125 0.02272727273
vt 0.0703125 0.02272727273
vt 0.0703125 0.02272727273
vt 0.0703125 0.02272727273
vt 0.0703125 0.02272727273
vt 0.0703125 0.02272727273
vt 0.0703125 0.02272727273
vt 0.0703125 0.02272727273
vt 0.0703125 0.02272727273
vt 0.0703125 0.02272727273
vt 0.0703125 0.02272727273
vt 0.0703125 0.02272727273
vt 0.0703125 0.02272727273
vt 0.0703125 0.02272727273
vt 0.0703125 0.02272727273
vt 0.0703125 0.02272727273
vt 0.0703125 0.02272727273
vt 0.0703125 0.02272727273
vt 0.0703125 0.02272727273
vt 0.0703125 0.02272727273
vt 0.2639999989 0.4530909087
vt 0.2638488284 0.4558761124
vt 0.2611909987 0.455081437
vt 0.2639999989 0.4530909087
vt 0.2869999986 0.4521212122
vt 0.2719980422 0.4582278844
vt 0.0703125 0.02272727273
vt 0.0703125 0.02272727273
vt 0.0703125 0.02272727273
vt 0.0703125 0.02272727273
vt 0.0703125 0.02272727273
vt 0.0703125 0.02272727273
vt 0.2639999989 0.4530909088
vt 0.2565565469 0.4540386204
vt 0.2534669509 0.4534994641
vt 0.2639999989 0.4530909088
vt 0.2599273067 0.454767568
vt 0.2565565469 0.4540386204
vt 0.2639999989 0.4530909088
vt 0.2611909987 0.455081437
vt 0.2599273067 0.454767568
vt 0.0703125 0.02272727273
vt 0.0703125 0.02272727273
vt 0.0703125 0.02272727273
vt 0.0703125 0.02272727273
vt 0.0703125 0.02272727273
vt 0.0703125 0.02272727273
vt 0.2639999989 0.4530909087
vt 0.271895891 0.4581906664
vt 0.2638488285 0.4558761124
vt 0.2639999989 0.4530909087
vt 0.2719980422 0.4582278844
vt 0.2719167917 0.4581976809
vt 0.2639999989 0.4530909087
vt 0.2719167917 0.4581976809
vt 0.271895891 0.4581906664
vt 0.0703125 0.02272727273
vt 0.0703125 0.02272727273
vt 0.0703125 0.02272727273
vt 0.2719980422 0.4582278844
vt 0.2869999986 0.4521212122
vt 0.2770470594 0.4601639946
vt 0.0703125 0.02272727273
vt 0.0703125 0.02272727273
vt 0.0703125 0.02272727273
vt 0.0703125 0.02272727273
vt 0.0703125 0.02272727273
vt 0.0703125 0.02272727273
vt 0.0703125 0.02272727273
vt 0.0703125 0.02272727273
vt 0.0703125 0.02272727273
vt 0.3110000002 0.4327272731
vt 0.2869999985 0.4521212121
vt 0.2889999984 0.4336969695
vt 0.3110000002 0.4327272731
vt 0.3099999996 0.4501818182
vt 0.2869999985 0.4521212122
vt 0.3300000027 0.4307878787
vt 0.3099999992 0.4501818182
vt 0.3110000001 0.4327272731
vt 0.3300000029 0.4307878788
vt 0.328999998 0.4472727271
vt 0.3099999993 0.4501818183
vt 0.2639999989 0.4530909088
vt 0.2889999985 0.4336969696
vt 0.2869999986 0.4521212122
vt 0.3099999996 0.4501818181
vt 0.2914515734 0.4651704459
vt 0.2869999985 0.4521212122
vt 0.0703125 0.02272727273
vt 0.0703125 0.02272727273
vt 0.0703125 0.02272727273
vt 0.0703125 0.02272727273
vt 0.0703125 0.02272727273
vt 0.0703125 0.02272727273
vt 0.0703125 0.02272727273
vt 0.0703125 0.02272727273
vt 0.0703125 0.02272727273
vt 0.3099999996 0.4501818181
vt 0.2995539458 0.4683809196
vt 0.2956334655 0.4667584365
vt 0.3099999996 0.4501818181
vt 0.2956334655 0.4667584365
vt 0.2914515734 0.4651704459
vt 0.3099999996 0.4501818181
vt 0.3079999974 0.4676363642
vt 0.2995539458 0.4683809196
vt 0.328999998 0.4472727272
vt 0.3079999976 0.4676363642
vt 0.3099999993 0.4501818181
vt 0.328999998 0.447272727
vt 0.3269999991 0.4656969691
vt 0.3079999976 0.4676363641
vt 0.2837390251 0.4623229829
vt 0.2770470594 0.4601639945
vt 0.2869999986 0.4521212122
vt 0.2837390251 0.4623229829
vt 0.2869999986 0.4521212122
vt 0.2862195404 0.4632078457
vt 0.2869999986 0.4521212122
vt 0.2863615237 0.4632655356
vt 0.2862195404 0.4632078457
vt 0.0703125 0.02272727273
vt 0.0703125 0.02272727273
vt 0.0703125 0.02272727273
vt 0.2869999985 0.4521212122
vt 0.2914515734 0.4651704459
vt 0.2863615235 0.4632655356
vt 0.0703125 0.02272727273
vt 0.0703125 0.02272727273
vt 0.0703125 0.02272727273
vt 0.0703125 0.02272727273
vt 0.0703125 0.02272727273
vt 0.0703125 0.02272727273
vt 0.3679999987 0.4627878788
vt 0.368000001 0.482181818
vt 0.3559999998 0.462787879
vt 0.3559999995 0.462787879
vt 0.3560000007 0.4831515156
vt 0.3430000029 0.4637575766
vt 0.0703125 0.02272727273
vt 0.0703125 0.02272727273
vt 0.0703125 0.02272727273
vt 0.0703125 0.02272727273
vt 0.0703125 0.02272727273
vt 0.0703125 0.02272727273
vt 0.3559999999 0.462787879
vt 0.3680000007 0.4821818181
vt 0.3560000005 0.4831515155
vt 0.0703125 0.02272727273
vt 0.0703125 0.02272727273
vt 0.0703125 0.02272727273
vt 0.0703125 0.02272727273
vt 0.0703125 0.02272727273
vt 0.0703125 0.02272727273
vt 0.0703125 0.02272727273
vt 0.0703125 0.02272727273
vt 0.0703125 0.02272727273
vt 0.0703125 0.02272727273
vt 0.0703125 0.02272727273
vt 0.0703125 0.02272727273
vt 0.3430000039 0.4637575766
vt 0.3420000028 0.4831515159
vt 0.3269999994 0.4656969691
vt 0.0703125 0.02272727273
vt 0.0703125 0.02272727273
vt 0.0703125 0.02272727273
vt 0.3560000007 0.4831515156
vt 0.3420000023 0.483151516
vt 0.3430000028 0.4637575767
vt 0.0703125 0.02272727273
vt 0.0703125 0.02272727273
vt 0.0703125 0.02272727273
vt 0.342000003 0.4831515157
vt 0.3253817538 0.481389107
vt 0.3269999993 0.4656969692
vt 0.0703125 0.02272727273
vt 0.0703125 0.02272727273
vt 0.0703125 0.02272727273
vt 0.0703125 0.02272727273
vt 0.0703125 0.02272727273
vt 0.0703125 0.02272727273
vt 0.3680000007 0.4821818179
vt 0.3621741835 0.4945814071
vt 0.3560000005 0.4831515155
vt 0.0703125 0.02272727273
vt 0.0703125 0.02272727273
vt 0.0703125 0.02272727273
vt 0.0703125 0.02272727273
vt 0.0703125 0.02272727273
vt 0.0703125 0.02272727273
vt 0.0703125 0.02272727273
vt 0.0703125 0.02272727273
vt 0.0703125 0.02272727273
vt 0.3680000007 0.4821818179
vt 0.3673908889 0.4951761888
vt 0.3621741835 0.4945814071
vt 0.0703125 0.02272727273
vt 0.0703125 0.02272727273
vt 0.0703125 0.02272727273
vt 0.0703125 0.02272727273
vt 0.0703125 0.02272727273
vt 0.0703125 0.02272727273
vt 0.0703125 0.02272727273
vt 0.0703125 0.02272727273
vt 0.0703125 0.02272727273
vt 0.0703125 0.02272727273
vt 0.0703125 0.02272727273
vt 0.0703125 0.02272727273
vt 0.3621741834 0.4945814072
vt 0.3599190583 0.4942540314
vt 0.3560000005 0.4831515155
vt 0.3599190583 0.4942540314
vt 0.3589256459 0.4941565093
vt 0.3560000005 0.4831515155
vt 0.3589256459 0.4941565093
vt 0.3549339236 0.4940061036
vt 0.3560000005 0.4831515155
vt 0.3560000007 0.4831515156
vt 0.3547623106 0.4939278228
vt 0.3461652868 0.490219883
vt 0.0703125 0.02272727273
vt 0.0703125 0.02272727273
vt 0.0703125 0.02272727273
vt 0.3560000007 0.4831515156
vt 0.3549339213 0.4940061033
vt 0.3547623106 0.4939278228
vt 0.0703125 0.02272727273
vt 0.0703125 0.02272727273
vt 0.0703125 0.02272727273
vt 0.0703125 0.02272727273
vt 0.0703125 0.02272727273
vt 0.0703125 0.02272727273
vt 0.0703125 0.02272727273
vt 0.0703125 0.02272727273
vt 0.0703125 0.02272727273
vt 0.0703125 0.02272727273
vt 0.0703125 0.02272727273
vt 0.0703125 0.02272727273
vt 0.3560000007 0.4831515156
vt 0.3461652868 0.490219883
vt 0.3420000022 0.4831515159
vt 0.0703125 0.02272727273
vt 0.0703125 0.02272727273
vt 0.0703125 0.02272727273
vt 0.0703125 0.02272727273
vt 0.0703125 0.02272727273
vt 0.0703125 0.02272727273
vt 0.0703125 0.02272727273
vt 0.0703125 0.02272727273
vt 0.0703125 0.02272727273
vt 0.342000003 0.4831515157
vt 0.3327447655 0.4842073704
vt 0.3253817538 0.481389107
vt 0.342000003 0.4831515157
vt 0.3414730249 0.4885171061
vt 0.334371228 0.4848780178
vt 0.342000003 0.4831515157
vt 0.3340003157 0.4847044247
vt 0.3333824399 0.4844559843
vt 0.342000003 0.4831515157
vt 0.334371228 0.4848780178
vt 0.3340003157 0.4847044247
vt 0.342000003 0.4831515157
vt 0.3333824399 0.4844559843
vt 0.3327447655 0.4842073704
vt 0.0703125 0.02272727273
vt 0.0703125 0.02272727273
vt 0.0703125 0.02272727273
vt 0.0703125 0.02272727273
vt 0.0703125 0.02272727273
vt 0.0703125 0.02272727273
vt 0.0703125 0.02272727273
vt 0.0703125 0.02272727273
vt 0.0703125 0.02272727273
vt 0.3461591531 0.490217202
vt 0.3414730241 0.4885171062
vt 0.3420000022 0.4831515158
vt 0.3461652868 0.4902198831
vt 0.3461591531 0.490217202
vt 0.3420000022 0.4831515158
vt 0.0703125 0.02272727273
vt 0.0703125 0.02272727273
vt 0.0703125 0.02272727273
vt 0.0703125 0.02272727273
vt 0.0703125 0.02272727273
vt 0.0703125 0.02272727273
vt 0.0703125 0.02272727273
vt 0.0703125 0.02272727273
vt 0.0703125 0.02272727273
vt 0.0703125 0.02272727273
vt 0.0703125 0.02272727273
vt 0.0703125 0.02272727273
vt 0.0703125 0.02272727273
vt 0.0703125 0.02272727273
vt 0.0703125 0.02272727273
vt 0.0703125 0.02272727273
vt 0.0703125 0.02272727273
vt 0.0703125 0.02272727273
vt 0.0703125 0.02272727273
vt 0.0703125 0.02272727273
vt 0.0703125 0.02272727273
vt 0.0703125 0.02272727273
vt 0.0703125 0.02272727273
vt 0.0703125 0.02272727273
vt 0.0703125 0.02272727273
vt 0.0703125 0.02272727273
vt 0.0703125 0.02272727273
vt 0.0703125 0.02272727273
vt 0.0703125 0.02272727273
vt 0.0703125 0.02272727273
vt 0.2995539458 0.4683809195
vt 0.3079999974 0.4676363642
vt 0.3012209305 0.4691170863
vt 0.3012209305 0.4691170863
vt 0.3079999974 0.4676363642
vt 0.30439725 0.4706932424
vt 0.30439725 0.4706932424
vt 0.3079999974 0.4676363642
vt 0.3075102884 0.4721476136
vt 0.3079999976 0.4676363641
vt 0.3082933595 0.4724633561
vt 0.3075102889 0.4721476135
vt 0.0703125 0.02272727273
vt 0.0703125 0.02272727273
vt 0.0703125 0.02272727273
vt 0.0703125 0.02272727273
vt 0.0703125 0.02272727273
vt 0.0703125 0.02272727273
vt 0.3082933595 0.4724633561
vt 0.3269999991 0.4656969692
vt 0.3162353619 0.4761354054
vt 0.3079999976 0.4676363641
vt 0.3269999991 0.4656969692
vt 0.3082933595 0.4724633561
vt 0.3269999991 0.4656969691
vt 0.3253817545 0.4813891075
vt 0.3210934135 0.4787729692
vt 0.3269999991 0.4656969691
vt 0.3165449985 0.4762887779
vt 0.3162353619 0.4761354054
vt 0.3269999991 0.4656969691
vt 0.3210934135 0.4787729692
vt 0.3165449985 0.4762887779
vt 0.0703125 0.02272727273
vt 0.0703125 0.02272727273
vt 0.0703125 0.02272727273
vt 0.0703125 0.02272727273
vt 0.0703125 0.02272727273
vt 0.0703125 0.02272727273
vt 0.0703125 0.02272727273
vt 0.0703125 0.02272727273
vt 0.0703125 0.02272727273
vt 0.0703125 0.02272727273
vt 0.0703125 0.02272727273
vt 0.0703125 0.02272727273
vt 0.0703125 0.02272727273
vt 0.0703125 0.02272727273
vt 0.0703125 0.02272727273
vt 0.333391261 0.4844529519
vt 0.3253817538 0.481389107
vt 0.3327447655 0.4842073704
vt 0.0703125 0.02272727273
vt 0.0703125 0.02272727273
vt 0.0703125 0.02272727273
vt 0.0703125 0.02272727273
vt 0.0703125 0.02272727273
vt 0.0703125 0.02272727273
vt 0.0703125 0.02272727273
vt 0.0703125 0.02272727273
vt 0.0703125 0.02272727273
vt 0.0703125 0.02272727273
vt 0.0703125 0.02272727273
vt 0.0703125 0.02272727273
vt 0.0703125 0.02272727273
vt 0.0703125 0.02272727273
vt 0.0703125 0.02272727273
vt 0.0703125 0.02272727273
vt 0.0703125 0.02272727273
vt 0.0703125 0.02272727273
vt 0.0703125 0.02272727273
vt 0.0703125 0.02272727273
vt 0.0703125 0.02272727273
vt 0.0703125 0.02272727273
vt 0.0703125 0.02272727273
vt 0.0703125 0.02272727273
vt 0.0703125 0.02272727273
vt 0.0703125 0.02272727273
vt 0.0703125 0.02272727273
vt 0.0703125 0.02272727273
vt 0.0703125 0.02272727273
vt 0.0703125 0.02272727273
vt 0.0703125 0.02272727273
vt 0.0703125 0.02272727273
vt 0.0703125 0.02272727273
vt 0.0703125 0.02272727273
vt 0.0703125 0.02272727273
vt 0.0703125 0.02272727273
vt 0.0703125 0.02272727273
vt 0.0703125 0.02272727273
vt 0.0703125 0.02272727273
vt 0.0703125 0.02272727273
vt 0.0703125 0.02272727273
vt 0.0703125 0.02272727273
vt 0.0703125 0.02272727273
vt 0.0703125 0.02272727273
vt 0.0703125 0.02272727273
vt 0.0703125 0.02272727273
vt 0.0703125 0.02272727273
vt 0.0703125 0.02272727273
vt 0.0703125 0.02272727273
vt 0.0703125 0.02272727273
vt 0.0703125 0.02272727273
vt 0.0703125 0.02272727273
vt 0.0703125 0.02272727273
vt 0.0703125 0.02272727273
vt 0.0703125 0.02272727273
vt 0.0703125 0.02272727273
vt 0.0703125 0.02272727273
vt 0.0703125 0.02272727273
vt 0.0703125 0.02272727273
vt 0.0703125 0.02272727273
vt 0.0703125 0.02272727273
vt 0.0703125 0.02272727273
vt 0.0703125 0.02272727273
vt 0.0703125 0.02272727273
vt 0.0703125 0.02272727273
vt 0.0703125 0.02272727273
vt 0.0703125 0.02272727273
vt 0.0703125 0.02272727273
vt 0.0703125 0.02272727273
vt 0.0703125 0.02272727273
vt 0.0703125 0.02272727273
vt 0.0703125 0.02272727273
vt 0.0703125 0.02272727273
vt 0.0703125 0.02272727273
vt 0.0703125 0.02272727273
vt 0.0703125 0.02272727273
vt 0.0703125 0.02272727273
vt 0.0703125 0.02272727273
vt 0.0703125 0.02272727273
vt 0.0703125 0.02272727273
vt 0.0703125 0.02272727273
vt 0.0703125 0.02272727273
vt 0.0703125 0.02272727273
vt 0.0703125 0.02272727273
vt 0.0703125 0.02272727273
vt 0.0703125 0.02272727273
vt 0.0703125 0.02272727273
vt 0.0703125 0.02272727273
vt 0.0703125 0.02272727273
vt 0.0703125 0.02272727273
vt 0.0703125 0.02272727273
vt 0.0703125 0.02272727273
vt 0.0703125 0.02272727273
vt 0.0703125 0.02272727273
vt 0.0703125 0.02272727273
vt 0.0703125 0.02272727273
vt 0.0703125 0.02272727273
vt 0.0703125 0.02272727273
vt 0.0703125 0.02272727273
vt 0.0703125 0.02272727273
vt 0.0703125 0.02272727273
vt 0.0703125 0.02272727273
vt 0.0703125 0.02272727273
vt 0.0703125 0.02272727273
vt 0.0703125 0.02272727273
vt 0.0703125 0.02272727273
vt 0.0703125 0.02272727273
vt 0.0703125 0.02272727273
vt 0.0703125 0.02272727273
vt 0.0703125 0.02272727273
vt 0.0703125 0.02272727273
vt 0.0703125 0.02272727273
vt 0.0703125 0.02272727273
vt 0.0703125 0.02272727273
vt 0.0703125 0.02272727273
vt 0.0703125 0.02272727273
vt 0.0703125 0.02272727273
vt 0.0703125 0.02272727273
vt 0.0703125 0.02272727273
vt 0.0703125 0.02272727273
vt 0.0703125 0.02272727273
vt 0.0703125 0.02272727273
vt 0.0703125 0.02272727273
vt 0.0703125 0.02272727273
vt 0.0703125 0.02272727273
vt 0.0703125 0.02272727273
vt 0.0703125 0.02272727273
vt 0.0703125 0.02272727273
vt 0.0703125 0.02272727273
vt 0.0703125 0.02272727273
vt 0.0703125 0.02272727273
vt 0.0703125 0.02272727273
vt 0.0703125 0.02272727273
vt 0.0703125 0.02272727273
vt 0.0703125 0.02272727273
vt 0.0703125 0.02272727273
vt 0.0703125 0.02272727273
vt 0.0703125 0.02272727273
vt 0.0703125 0.02272727273
vt 0.0703125 0.02272727273
vt 0.0703125 0.02272727273
vt 0.0703125 0.02272727273
vt 0.0703125 0.02272727273
vt 0.0703125 0.02272727273
vt 0.0703125 0.02272727273
vt 0.0703125 0.02272727273
vt 0.0703125 0.02272727273
vt 0.0703125 0.02272727273
vt 0.0703125 0.02272727273
vt 0.0703125 0.02272727273
vt 0.0703125 0.02272727273
vt 0.0703125 0.02272727273
vt 0.0703125 0.02272727273
vt 0.0703125 0.02272727273
vt 0.0703125 0.02272727273
vt 0.0703125 0.02272727273
vt 0.0703125 0.02272727273
vt 0.0703125 0.02272727273
vt 0.0703125 0.02272727273
vt 0.0703125 0.02272727273
vt 0.0703125 0.02272727273
vt 0.0703125 0.02272727273
vt 0.0703125 0.02272727273
vt 0.0703125 0.02272727273
vt 0.0703125 0.02272727273
vt 0.0703125 0.02272727273
vt 0.0703125 0.02272727273
vt 0.0703125 0.02272727273
vt 0.0703125 0.02272727273
vt 0.0703125 0.02272727273
vt 0.0703125 0.02272727273
vt 0.0703125 0.02272727273
vt 0.0703125 0.02272727273
vt 0.0703125 0.02272727273
vt 0.0703125 0.02272727273
vt 0.0703125 0.02272727273
vt 0.0703125 0.02272727273
vt 0.0703125 0.02272727273
vt 0.0703125 0.02272727273
vt 0.0703125 0.02272727273
vt 0.0703125 0.02272727273
vt 0.0703125 0.02272727273
vt 0.0703125 0.02272727273
vt 0.0703125 0.02272727273
vt 0.0703125 0.02272727273
vt 0.0703125 0.02272727273
vt 0.0703125 0.02272727273
vt 0.0703125 0.02272727273
vt 0.0703125 0.02272727273
vt 0.0703125 0.02272727273
vt 0.0703125 0.02272727273
vt 0.0703125 0.02272727273
vt 0.0703125 0.02272727273
vt 0.0703125 0.02272727273
vt 0.0703125 0.02272727273
vt 0.0703125 0.02272727273
vt 0.0703125 0.02272727273
vt 0.0703125 0.02272727273
vt 0.0703125 0.02272727273
vt 0.0703125 0.02272727273
vt 0.0703125 0.02272727273
vt 0.0703125 0.02272727273
vt 0.0703125 0.02272727273
vt 0.0703125 0.02272727273
vt 0.0703125 0.02272727273
vt 0.0703125 0.02272727273
vt 0.0703125 0.02272727273
vt 0.0703125 0.02272727273
vt 0.0703125 0.02272727273
vt 0.0703125 0.02272727273
vt 0.0703125 0.02272727273
vt 0.0703125 0.02272727273
vt 0.0703125 0.02272727273
vt 0.0703125 0.02272727273
vt 0.0703125 0.02272727273
vt 0.0703125 0.02272727273
vt 0.0703125 0.02272727273
vt 0.0703125 0.02272727273
vt 0.0703125 0.02272727273
vt 0.0703125 0.02272727273
vt 0.0703125 0.02272727273
vt 0.0703125 0.02272727273
vt 0.0703125 0.02272727273
vt 0.0703125 0.02272727273
vt 0.0703125 0.02272727273
vt 0.0703125 0.02272727273
vt 0.0703125 0.02272727273
vt 0.0703125 0.02272727273
vt 0.0703125 0.02272727273
vt 0.0703125 0.02272727273
vt 0.0703125 0.02272727273
vt 0.0703125 0.02272727273
vt 0.0703125 0.02272727273
vt 0.0703125 0.02272727273
vt 0.0703125 0.02272727273
vt 0.0703125 0.02272727273
vt 0.0703125 0.02272727273
vt 0.0703125 0.02272727273
vt 0.0703125 0.02272727273
vt 0.0703125 0.02272727273
vt 0.0703125 0.02272727273
vt 0.0703125 0.02272727273
vt 0.0703125 0.02272727273
vt 0.0703125 0.02272727273
vt 0.0703125 0.02272727273
vt 0.0703125 0.02272727273
vt 0.0703125 0.02272727273
vt 0.0703125 0.02272727273
vt 0.0703125 0.02272727273
vt 0.0703125 0.02272727273
vt 0.0703125 0.02272727273
vt 0.0703125 0.02272727273
vt 0.0703125 0.02272727273
vt 0.0703125 0.02272727273
vt 0.0703125 0.02272727273
vt 0.0703125 0.02272727273
vt 0.0703125 0.02272727273
vt 0.0703125 0.02272727273
vt 0.0703125 0.02272727273
vt 0.0703125 0.02272727273
vt 0.0703125 0.02272727273
vt 0.0703125 0.02272727273
vt 0.0703125 0.02272727273
vt 0.0703125 0.02272727273
vt 0.0703125 0.02272727273
vt 0.0703125 0.02272727273
vt 0.0703125 0.02272727273
vt 0.0703125 0.02272727273
vt 0.0703125 0.02272727273
vt 0.0703125 0.02272727273
vt 0.0703125 0.02272727273
vt 0.0703125 0.02272727273
vt 0.0703125 0.02272727273
vt 0.0703125 0.02272727273
vt 0.0703125 0.02272727273
vt 0.0703125 0.02272727273
vt 0.0703125 0.02272727273
vt 0.0703125 0.02272727273
vt 0.0703125 0.02272727273
vt 0.0703125 0.02272727273
vt 0.0703125 0.02272727273
vt 0.0703125 0.02272727273
vt 0.0703125 0.02272727273
vt 0.0703125 0.02272727273
vt 0.0703125 0.02272727273
vt 0.0703125 0.02272727273
vt 0.0703125 0.02272727273
vt 0.0703125 0.02272727273
vt 0.0703125 0.02272727273
vt 0.0703125 0.02272727273
vt 0.0703125 0.02272727273
vt 0.0703125 0.02272727273
vt 0.0703125 0.02272727273
vt 0.0703125 0.02272727273
vt 0.0703125 0.02272727273
vt 0.0703125 0.02272727273
vt 0.0703125 0.02272727273
vt 0.0703125 0.02272727273
vt 0.0703125 0.02272727273
vt 0.0703125 0.02272727273
vt 0.0703125 0.02272727273
vt 0.0703125 0.02272727273
vt 0.0703125 0.02272727273
vt 0.0703125 0.02272727273
vt 0.0703125 0.02272727273
vt 0.0703125 0.02272727273
vt 0.0703125 0.02272727273
vt 0.0703125 0.02272727273
vt 0.0703125 0.02272727273
vt 0.0703125 0.02272727273
vt 0.0703125 0.02272727273
vt 0.0703125 0.02272727273
vt 0.0703125 0.02272727273
vt 0.0703125 0.02272727273
vt 0.0703125 0.02272727273
vt 0.0703125 0.02272727273
vt 0.0703125 0.02272727273
vt 0.0703125 0.02272727273
vt 0.0703125 0.02272727273
vt 0.0703125 0.02272727273
vt 0.0703125 0.02272727273
vt 0.0703125 0.02272727273
vt 0.0703125 0.02272727273
vt 0.0703125 0.02272727273
vt 0.0703125 0.02272727273
vt 0.0703125 0.02272727273
vt 0.0703125 0.02272727273
vt 0.0703125 0.02272727273
vt 0.0703125 0.02272727273
vt 0.0703125 0.02272727273
vt 0.0703125 0.02272727273
vt 0.0703125 0.02272727273
vt 0.0703125 0.02272727273
vt 0.0703125 0.02272727273
vt 0.0703125 0.02272727273
vt 0.0703125 0.02272727273
vt 0.0703125 0.02272727273
vt 0.0703125 0.02272727273
vt 0.0703125 0.02272727273
vt 0.0703125 0.02272727273
vt 0.0703125 0.02272727273
vt 0.0703125 0.02272727273
vt 0.0703125 0.02272727273
vt 0.0703125 0.02272727273
vt 0.0703125 0.02272727273
vt 0.0703125 0.02272727273
vt 0.0703125 0.02272727273
vt 0.0703125 0.02272727273
vt 0.0703125 0.02272727273
vt 0.0703125 0.02272727273
vt 0.0703125 0.02272727273
vt 0.0703125 0.02272727273
vt 0.0703125 0.02272727273
vt 0.0703125 0.02272727273
vt 0.0703125 0.02272727273
vt 0.0703125 0.02272727273
vt 0.0703125 0.02272727273
vt 0.0703125 0.02272727273
vt 0.0703125 0.02272727273
vt 0.0703125 0.02272727273
vt 0.0703125 0.02272727273
vt 0.0703125 0.02272727273
vt 0.0703125 0.02272727273
vt 0.0703125 0.02272727273
vt 0.0703125 0.02272727273
vt 0.0703125 0.02272727273
vt 0.0703125 0.02272727273
vt 0.0703125 0.02272727273
vt 0.0703125 0.02272727273
vt 0.0703125 0.02272727273
vt 0.0703125 0.02272727273
vt 0.0703125 0.02272727273
vt 0.0703125 0.02272727273
vt 0.0703125 0.02272727273
vt 0.0703125 0.02272727273
vt 0.0703125 0.02272727273
vt 0.0703125 0.02272727273
vt 0.0703125 0.02272727273
vt 0.0703125 0.02272727273
vt 0.0703125 0.02272727273
vt 0.0703125 0.02272727273
vt 0.0703125 0.02272727273
vt 0.0703125 0.02272727273
vt 0.0703125 0.02272727273
vt 0.0703125 0.02272727273
vt 0.0703125 0.02272727273
vt 0.0703125 0.02272727273
vt 0.0703125 0.02272727273
vt 0.0703125 0.02272727273
vt 0.0703125 0.02272727273
vt 0.0703125 0.02272727273
vt 0.0703125 0.02272727273
vt 0.0703125 0.02272727273
vt 0.0703125 0.02272727273
vt 0.0703125 0.02272727273
vt 0.0703125 0.02272727273
vt 0.0703125 0.02272727273
vt 0.0703125 0.02272727273
vt 0.0703125 0.02272727273
vt 0.0703125 0.02272727273
vt 0.0703125 0.02272727273
vt 0.0703125 0.02272727273
vt 0.0703125 0.02272727273
vt 0.0703125 0.02272727273
vt 0.0703125 0.02272727273
vt 0.0703125 0.02272727273
vt 0.0703125 0.02272727273
vt 0.0703125 0.02272727273
vt 0.0703125 0.02272727273
vt 0.0703125 0.02272727273
vt 0.0703125 0.02272727273
vt 0.0703125 0.02272727273
vt 0.0703125 0.02272727273
vt 0.0703125 0.02272727273
vt 0.0703125 0.02272727273
vt 0.0703125 0.02272727273
vt 0.0703125 0.02272727273
vt 0.0703125 0.02272727273
vt 0.0703125 0.02272727273
vt 0.0703125 0.02272727273
vt 0.0703125 0.02272727273
vt 0.0703125 0.02272727273
vt 0.0703125 0.02272727273
vt 0.0703125 0.02272727273
vt 0.0703125 0.02272727273
vt 0.0703125 0.02272727273
vt 0.0703125 0.02272727273
vt 0.0703125 0.02272727273
vt 0.0703125 0.02272727273
vt 0.0703125 0.02272727273
vt 0.0703125 0.02272727273
vt 0.0703125 0.02272727273
vt 0.0703125 0.02272727273
vt 0.0703125 0.02272727273
vt 0.0703125 0.02272727273
vt 0.0703125 0.02272727273
vt 0.0703125 0.02272727273
vt 0.0703125 0.02272727273
vt 0.0703125 0.02272727273
vt 0.0703125 0.02272727273
vt 0.0703125 0.02272727273
vt 0.0703125 0.02272727273
vt 0.0703125 0.02272727273
vt 0.0703125 0.02272727273
vt 0.0703125 0.02272727273
vt 0.0703125 0.02272727273
vt 0.0703125 0.02272727273
vt 0.0703125 0.02272727273
vt 0.0703125 0.02272727273
vt 0.0703125 0.02272727273
vt 0.0703125 0.02272727273
vt 0.0703125 0.02272727273
vt 0.0703125 0.02272727273
vt 0.0703125 0.02272727273
vt 0.0703125 0.02272727273
vt 0.0703125 0.02272727273
vt 0.0703125 0.02272727273
vt 0.0703125 0.02272727273
vt 0.0703125 0.02272727273
vt 0.0703125 0.02272727273
vt 0.0703125 0.02272727273
vt 0.0703125 0.02272727273
vt 0.0703125 0.02272727273
vt 0.0703125 0.02272727273
vt 0.0703125 0.02272727273
vt 0.0703125 0.02272727273
vt 0.0703125 0.02272727273
vt 0.0703125 0.02272727273
vt 0.0703125 0.02272727273
vt 0.0703125 0.02272727273
vt 0.0703125 0.02272727273
vt 0.0703125 0.02272727273
vt 0.0703125 0.02272727273
vt 0.0703125 0.02272727273
vt 0.0703125 0.02272727273
vt 0.0703125 0.02272727273
vt 0.0703125 0.02272727273
vt 0.0703125 0.02272727273
vt 0.0703125 0.02272727273
vt 0.0703125 0.02272727273
vt 0.0703125 0.02272727273
vt 0.0703125 0.02272727273
vt 0.0703125 0.02272727273
vt 0.0703125 0.02272727273
vt 0.0703125 0.02272727273
vt 0.0703125 0.02272727273
vt 0.0703125 0.02272727273
vt 0.0703125 0.02272727273
vt 0.0703125 0.02272727273
vt 0.0703125 0.02272727273
vt 0.0703125 0.02272727273
vt 0.0703125 0.02272727273
vt 0.0703125 0.02272727273
vt 0.0703125 0.02272727273
vt 0.0703125 0.02272727273
vt 0.0703125 0.02272727273
vt 0.0703125 0.02272727273
vt 0.0703125 0.02272727273
vt 0.0703125 0.02272727273
vt 0.0703125 0.02272727273
vt 0.0703125 0.02272727273
vt 0.0703125 0.02272727273
vt 0.0703125 0.02272727273
vt 0.0703125 0.02272727273
vt 0.0703125 0.02272727273
vt 0.0703125 0.02272727273
vt 0.0703125 0.02272727273
vt 0.0703125 0.02272727273
vt 0.0703125 0.02272727273
vt 0.0703125 0.02272727273
vt 0.0703125 0.02272727273
vt 0.0703125 0.02272727273
vt 0.0703125 0.02272727273
vt 0.0703125 0.02272727273
vt 0.0703125 0.02272727273
vt 0.0703125 0.02272727273
vt 0.0703125 0.02272727273
vt 0.0703125 0.02272727273
vt 0.0703125 0.02272727273
vt 0.0703125 0.02272727273
vt 0.0703125 0.02272727273
vt 0.0703125 0.02272727273
vt 0.0703125 0.02272727273
vt 0.0703125 0.02272727273
vt 0.0703125 0.02272727273
vt 0.0703125 0.02272727273
vt 0.0703125 0.02272727273
vt 0.0703125 0.02272727273
vt 0.0703125 0.02272727273
vt 0.0703125 0.02272727273
vt 0.0703125 0.02272727273
vt 0.0703125 0.02272727273
vt 0.0703125 0.02272727273
vt 0.0703125 0.02272727273
vt 0.0703125 0.02272727273
vt 0.0703125 0.02272727273
vt 0.0703125 0.02272727273
vt 0.0703125 0.02272727273
vt 0.0703125 0.02272727273
vt 0.0703125 0.02272727273
vt 0.0703125 0.02272727273
vt 0.0703125 0.02272727273
vt 0.0703125 0.02272727273
vt 0.0703125 0.02272727273
vt 0.0703125 0.02272727273
vt 0.0703125 0.02272727273
vt 0.0703125 0.02272727273
vt 0.0703125 0.02272727273
vt 0.0703125 0.02272727273
vt 0.0703125 0.02272727273
vt 0.0703125 0.02272727273
vt 0.0703125 0.02272727273
vt 0.0703125 0.02272727273
vt 0.0703125 0.02272727273
vt 0.0703125 0.02272727273
vt 0.0703125 0.02272727273
vt 0.0703125 0.02272727273
vt 0.0703125 0.02272727273
vt 0.0703125 0.02272727273
vt 0.0703125 0.02272727273
vt 0.0703125 0.02272727273
vt 0.0703125 0.02272727273
vt 0.0703125 0.02272727273
vt 0.0703125 0.02272727273
vt 0.0703125 0.02272727273
vt 0.0703125 0.02272727273
vt 0.0703125 0.02272727273
vt 0.0703125 0.02272727273
vt 0.0703125 0.02272727273
vt 0.0703125 0.02272727273
vt 0.0703125 0.02272727273
vt 0.0703125 0.02272727273
vt 0.0703125 0.02272727273
vt 0.0703125 0.02272727273
vt 0.0703125 0.02272727273
vt 0.0703125 0.02272727273
vt 0.0703125 0.02272727273
vt 0.0703125 0.02272727273
vt 0.0703125 0.02272727273
vt 0.0703125 0.02272727273
vt 0.0703125 0.02272727273
vt 0.0703125 0.02272727273
vt 0.0703125 0.02272727273
vt 0.0703125 0.02272727273
vt 0.0703125 0.02272727273
vt 0.0703125 0.02272727273
vt 0.0703125 0.02272727273
vt 0.0703125 0.02272727273
vt 0.0703125 0.02272727273
vt 0.0703125 0.02272727273
vt 0.0703125 0.02272727273
vt 0.0703125 0.02272727273
vt 0.0703125 0.02272727273
vt 0.0703125 0.02272727273
vt 0.0703125 0.02272727273
vt 0.0703125 0.02272727273
vt 0.0703125 0.02272727273
vt 0.0703125 0.02272727273
vt 0.0703125 0.02272727273
vt 0.0703125 0.02272727273
vt 0.0703125 0.02272727273
vt 0.0703125 0.02272727273
vt 0.0703125 0.02272727273
vt 0.0703125 0.02272727273
vt 0.0703125 0.02272727273
vt 0.0703125 0.02272727273
vt 0.0703125 0.02272727273
vt 0.0703125 0.02272727273
vt 0.0703125 0.02272727273
vt 0.0703125 0.02272727273
vt 0.0703125 0.02272727273
vt 0.0703125 0.02272727273
vt 0.0703125 0.02272727273
vt 0.0703125 0.02272727273
vt 0.0703125 0.02272727273
vt 0.0703125 0.02272727273
vt 0.0703125 0.02272727273
vt 0.0703125 0.02272727273
vt 0.0703125 0.02272727273
vt 0.0703125 0.02272727273
vt 0.0703125 0.02272727273
vt 0.0703125 0.02272727273
vt 0.0703125 0.02272727273
vt 0.0703125 0.02272727273
vt 0.0703125 0.02272727273
vt 0.0703125 0.02272727273
vt 0.0703125 0.02272727273
vt 0.0703125 0.02272727273
vt 0.0703125 0.02272727273
vt 0.0703125 0.02272727273
vt 0.0703125 0.02272727273
vt 0.0703125 0.02272727273
vt 0.0703125 0.02272727273
vt 0.0703125 0.02272727273
vt 0.0703125 0.02272727273
vt 0.0703125 0.02272727273
vt 0.0703125 0.02272727273
vt 0.0703125 0.02272727273
vt 0.0703125 0.02272727273
vt 0.0703125 0.02272727273
vt 0.0703125 0.02272727273
vt 0.0703125 0.02272727273
vt 0.0703125 0.02272727273
vt 0.0703125 0.02272727273
vt 0.0703125 0.02272727273
vt 0.0703125 0.02272727273
vt 0.0703125 0.02272727273
vt 0.0703125 0.02272727273
vt 0.0703125 0.02272727273
vt 0.0703125 0.02272727273
vt 0.0703125 0.02272727273
vt 0.0703125 0.02272727273
vt 0.0703125 0.02272727273
vt 0.0703125 0.02272727273
vt 0.0703125 0.02272727273
vt 0.0703125 0.02272727273
vt 0.0703125 0.02272727273
vt 0.0703125 0.02272727273
vt 0.0703125 0.02272727273
vt 0.0703125 0.02272727273
vt 0.0703125 0.02272727273
vt 0.0703125 0.02272727273
vt 0.0703125 0.02272727273
vt 0.0703125 0.02272727273
vt 0.0703125 0.02272727273
vt 0.0703125 0.02272727273
vt 0.0703125 0.02272727273
vt 0.0703125 0.02272727273
vt 0.0703125 0.02272727273
vt 0.0703125 0.02272727273
vt 0.0703125 0.02272727273
vt 0.0703125 0.02272727273
vt 0.0703125 0.02272727273
vt 0.0703125 0.02272727273
vt 0.0703125 0.02272727273
vt 0.0703125 0.02272727273
vt 0.0703125 0.02272727273
vt 0.0703125 0.02272727273
vt 0.0703125 0.02272727273
vt 0.0703125 0.02272727273
vt 0.0703125 0.02272727273
vt 0.0703125 0.02272727273
vt 0.0703125 0.02272727273
vt 0.0703125 0.02272727273
vt 0.0703125 0.02272727273
vt 0.0703125 0.02272727273
vt 0.0703125 0.02272727273
vt 0.0703125 0.02272727273
vt 0.0703125 0.02272727273
vt 0.0703125 0.02272727273
vt 0.0703125 0.02272727273
vt 0.0703125 0.02272727273
vt 0.0703125 0.02272727273
vt 0.0703125 0.02272727273
vt 0.0703125 0.02272727273
vt 0.0703125 0.02272727273
vt 0.0703125 0.02272727273
vt 0.0703125 0.02272727273
vt 0.0703125 0.02272727273
vt 0.0703125 0.02272727273
vt 0.0703125 0.02272727273
vt 0.0703125 0.02272727273
vt 0.0703125 0.02272727273
vt 0.0703125 0.02272727273
vt 0.0703125 0.02272727273
vt 0.0703125 0.02272727273
vt 0.0703125 0.02272727273
vt 0.0703125 0.02272727273
vt 0.0703125 0.02272727273
vt 0.0703125 0.02272727273
vt 0.0703125 0.02272727273
vt 0.0703125 0.02272727273
vt 0.0703125 0.02272727273
vt 0.0703125 0.02272727273
vt 0.0703125 0.02272727273
vt 0.0703125 0.02272727273
vt 0.0703125 0.02272727273
vt 0.0703125 0.02272727273
vt 0.0703125 0.02272727273
vt 0.0703125 0.02272727273
vt 0.0703125 0.02272727273
vt 0.0703125 0.02272727273
vt 0.0703125 0.02272727273
vt 0.0703125 0.02272727273
vt 0.0703125 0.02272727273
vt 0.0703125 0.02272727273
vt 0.0703125 0.02272727273
vt 0.0703125 0.02272727273
vt 0.0703125 0.02272727273
vt 0.0703125 0.02272727273
vt 0.0703125 0.02272727273
vt 0.0703125 0.02272727273
vt 0.0703125 0.02272727273
vt 0.0703125 0.02272727273
vt 0.0703125 0.02272727273
vt 0.0703125 0.02272727273
vt 0.0703125 0.02272727273
vt 0.0703125 0.02272727273
vt 0.0703125 0.02272727273
vt 0.0703125 0.02272727273
vt 0.0703125 0.02272727273
vt 0.0703125 0.02272727273
vt 0.0703125 0.02272727273
vt 0.0703125 0.02272727273
vt 0.0703125 0.02272727273
vt 0.0703125 0.02272727273
vt 0.0703125 0.02272727273
vt 0.0703125 0.02272727273
vt 0.0703125 0.02272727273
vt 0.0703125 0.02272727273
vt 0.0703125 0.02272727273
vt 0.0703125 0.02272727273
vt 0.0703125 0.02272727273
vt 0.0703125 0.02272727273
vt 0.0703125 0.02272727273
vt 0.0703125 0.02272727273
vt 0.0703125 0.02272727273
vt 0.0703125 0.02272727273
vt 0.0703125 0.02272727273
vt 0.0703125 0.02272727273
vt 0.0703125 0.02272727273
vt 0.0703125 0.02272727273
vt 0.0703125 0.02272727273
vt 0.0703125 0.02272727273
vt 0.0703125 0.02272727273
vt 0.0703125 0.02272727273
vt 0.0703125 0.02272727273
vt 0.0703125 0.02272727273
vt 0.0703125 0.02272727273
vt 0.0703125 0.02272727273
vt 0.0703125 0.02272727273
vt 0.0703125 0.02272727273
vt 0.0703125 0.02272727273
vt 0.0703125 0.02272727273
vt 0.0703125 0.02272727273
vt 0.0703125 0.02272727273
vt 0.0703125 0.02272727273
vt 0.0703125 0.02272727273
vt 0.0703125 0.02272727273
vt 0.0703125 0.02272727273
vt 0.0703125 0.02272727273
vt 0.0703125 0.02272727273
vt 0.0703125 0.02272727273
vt 0.0703125 0.02272727273
vt 0.0703125 0.02272727273
vt 0.0703125 0.02272727273
vt 0.0703125 0.02272727273
vt 0.0703125 0.02272727273
vt 0.0703125 0.02272727273
vt 0.0703125 0.02272727273
vt 0.0703125 0.02272727273
vt 0.0703125 0.02272727273
vt 0.0703125 0.02272727273
vt 0.0703125 0.02272727273
vt 0.0703125 0.02272727273
vt 0.0703125 0.02272727273
vt 0.0703125 0.02272727273
vt 0.0703125 0.02272727273
vt 0.0703125 0.02272727273
vt 0.0703125 0.02272727273
vt 0.0703125 0.02272727273
vt 0.0703125 0.02272727273
vt 0.0703125 0.02272727273
vt 0.0703125 0.02272727273
vt 0.0703125 0.02272727273
vt 0.0703125 0.02272727273
vt 0.0703125 0.02272727273
vt 0.0703125 0.02272727273
vt 0.0703125 0.02272727273
vt 0.0703125 0.02272727273
vt 0.0703125 0.02272727273
vt 0.0703125 0.02272727273
vt 0.0703125 0.02272727273
vt 0.0703125 0.02272727273
vt 0.0703125 0.02272727273
vt 0.0703125 0.02272727273
vt 0.0703125 0.02272727273
vt 0.0703125 0.02272727273
vt 0.0703125 0.02272727273
vt 0.0703125 0.02272727273
vt 0.0703125 0.02272727273
vt 0.0703125 0.02272727273
vt 0.0703125 0.02272727273
vt 0.0703125 0.02272727273
vt 0.0703125 0.02272727273
vt 0.0703125 0.02272727273
vt 0.0703125 0.02272727273
vt 0.0703125 0.02272727273
vt 0.0703125 0.02272727273
vt 0.0703125 0.02272727273
vt 0.0703125 0.02272727273
vt 0.0703125 0.02272727273
vt 0.0703125 0.02272727273
vt 0.0703125 0.02272727273
vt 0.0703125 0.02272727273
vt 0.0703125 0.02272727273
vt 0.0703125 0.02272727273
vt 0.0703125 0.02272727273
vt 0.0703125 0.02272727273
vt 0.0703125 0.02272727273
vt 0.0703125 0.02272727273
vt 0.0703125 0.02272727273
vt 0.0703125 0.02272727273
vt 0.0703125 0.02272727273
vt 0.0703125 0.02272727273
vt 0.0703125 0.02272727273
vt 0.0703125 0.02272727273
vt 0.0703125 0.02272727273
vt 0.0703125 0.02272727273
vt 0.0703125 0.02272727273
vt 0.0703125 0.02272727273
vt 0.0703125 0.02272727273
vt 0.0703125 0.02272727273
vt 0.0703125 0.02272727273
vt 0.0703125 0.02272727273
vt 0.0703125 0.02272727273
vt 0.0703125 0.02272727273
vt 0.0703125 0.02272727273
vt 0.0703125 0.02272727273
vt 0.0703125 0.02272727273
vt 0.0703125 0.02272727273
vt 0.0703125 0.02272727273
vt 0.0703125 0.02272727273
vt 0.0703125 0.02272727273
vt 0.0703125 0.02272727273
vt 0.0703125 0.02272727273
vt 0.0703125 0.02272727273
vt 0.0703125 0.02272727273
vt 0.0703125 0.02272727273
vt 0.0703125 0.02272727273
vt 0.0703125 0.02272727273
vt 0.0703125 0.02272727273
vt 0.0703125 0.02272727273
vt 0.0703125 0.02272727273
vt 0.0703125 0.02272727273
vt 0.0703125 0.02272727273
vt 0.0703125 0.02272727273
vt 0.0703125 0.02272727273
vt 0.0703125 0.02272727273
vt 0.0703125 0.02272727273
vt 0.0703125 0.02272727273
vt 0.0703125 0.02272727273
vt 0.0703125 0.02272727273
vt 0.0703125 0.02272727273
vt 0.0703125 0.02272727273
vt 0.0703125 0.02272727273
vt 0.0703125 0.02272727273
vt 0.0703125 0.02272727273
vt 0.0703125 0.02272727273
vt 0.0703125 0.02272727273
vt 0.0703125 0.02272727273
vt 0.0703125 0.02272727273
vt 0.0703125 0.02272727273
vt 0.0703125 0.02272727273
vt 0.0703125 0.02272727273
vt 0.0703125 0.02272727273
vt 0.0703125 0.02272727273
vt 0.0703125 0.02272727273
vt 0.0703125 0.02272727273
vt 0.0703125 0.02272727273
vt 0.0703125 0.02272727273
vt 0.0703125 0.02272727273
vt 0.0703125 0.02272727273
vt 0.0703125 0.02272727273
vt 0.0703125 0.02272727273
vt 0.0703125 0.02272727273
vt 0.0703125 0.02272727273
vt 0.0703125 0.02272727273
vt 0.0703125 0.02272727273
vt 0.0703125 0.02272727273
vt 0.0703125 0.02272727273
vt 0.0703125 0.02272727273
vt 0.0703125 0.02272727273
vt 0.0703125 0.02272727273
vt 0.0703125 0.02272727273
vt 0.0703125 0.02272727273
vt 0.0703125 0.02272727273
vt 0.0703125 0.02272727273
vt 0.0703125 0.02272727273
vt 0.0703125 0.02272727273
vt 0.0703125 0.02272727273
vt 0.0703125 0.02272727273
vt 0.0703125 0.02272727273
vt 0.0703125 0.02272727273
vt 0.0703125 0.02272727273
vt 0.0703125 0.02272727273
vt 0.0703125 0.02272727273
vt 0.0703125 0.02272727273
vt 0.0703125 0.02272727273
vt 0.0703125 0.02272727273
vt 0.0703125 0.02272727273
vt 0.0703125 0.02272727273
vt 0.0703125 0.02272727273
vt 0.0703125 0.02272727273
vt 0.0703125 0.02272727273
vt 0.0703125 0.02272727273
vt 0.0703125 0.02272727273
vt 0.0703125 0.02272727273
vt 0.0703125 0.02272727273
vt 0.0703125 0.02272727273
vt 0.0703125 0.02272727273
vt 0.0703125 0.02272727273
vt 0.0703125 0.02272727273
vt 0.0703125 0.02272727273
vt 0.0703125 0.02272727273
vt 0.0703125 0.02272727273
vt 0.0703125 0.02272727273
vt 0.0703125 0.02272727273
vt 0.0703125 0.02272727273
vt 0.0703125 0.02272727273
vt 0.0703125 0.02272727273
vt 0.0703125 0.02272727273
vt 0.0703125 0.02272727273
vt 0.0703125 0.02272727273
vt 0.0703125 0.02272727273
vt 0.0703125 0.02272727273
vt 0.0703125 0.02272727273
vt 0.0703125 0.02272727273
vt 0.0703125 0.02272727273
vt 0.0703125 0.02272727273
vt 0.0703125 0.02272727273
vt 0.0703125 0.02272727273
vt 0.0703125 0.02272727273
vt 0.0703125 0.02272727273
vt 0.0703125 0.02272727273
vt 0.0703125 0.02272727273
vt 0.0703125 0.02272727273
vt 0.0703125 0.02272727273
vt 0.0703125 0.02272727273
vt 0.0703125 0.02272727273
vt 0.0703125 0.02272727273
vt 0.0703125 0.02272727273
vt 0.0703125 0.02272727273
vt 0.0703125 0.02272727273
vt 0.0703125 0.02272727273
vt 0.0703125 0.02272727273
vt 0.0703125 0.02272727273
vt 0.0703125 0.02272727273
vt 0.0703125 0.02272727273
vt 0.0703125 0.02272727273
vt 0.0703125 0.02272727273
vt 0.0703125 0.02272727273
vt 0.0703125 0.02272727273
vt 0.0703125 0.02272727273
vt 0.0703125 0.02272727273
vt 0.0703125 0.02272727273
vt 0.0703125 0.02272727273
vt 0.0703125 0.02272727273
vt 0.0703125 0.02272727273
vt 0.0703125 0.02272727273
vt 0.0703125 0.02272727273
vt 0.0703125 0.02272727273
vt 0.0703125 0.02272727273
vt 0.0703125 0.02272727273
vt 0.0703125 0.02272727273
vt 0.0703125 0.02272727273
vt 0.0703125 0.02272727273
vt 0.0703125 0.02272727273
vt 0.0703125 0.02272727273
vt 0.0703125 0.02272727273
vt 0.0703125 0.02272727273
vt 0.0703125 0.02272727273
vt 0.0703125 0.02272727273
vt 0.0703125 0.02272727273
vt 0.0703125 0.02272727273
vt 0.0703125 0.02272727273
vt 0.0703125 0.02272727273
vt 0.0703125 0.02272727273
vt 0.0703125 0.02272727273
vt 0.0703125 0.02272727273
vt 0.0703125 0.02272727273
vt 0.0703125 0.02272727273
vt 0.0703125 0.02272727273
vt 0.0703125 0.02272727273
vt 0.0703125 0.02272727273
vt 0.0703125 0.02272727273
vt 0.0703125 0.02272727273
vt 0.0703125 0.02272727273
vt 0.0703125 0.02272727273
vt 0.0703125 0.02272727273
vt 0.0703125 0.02272727273
vt 0.0703125 0.02272727273
vt 0.0703125 0.02272727273
vt 0.0703125 0.02272727273
vt 0.0703125 0.02272727273
vt 0.0703125 0.02272727273
vt 0.0703125 0.02272727273
vt 0.0703125 0.02272727273
vt 0.0703125 0.02272727273
vt 0.0703125 0.02272727273
vt 0.0703125 0.02272727273
vt 0.0703125 0.02272727273
vt 0.0703125 0.02272727273
vt 0.0703125 0.02272727273
vt 0.0703125 0.02272727273
vt 0.0703125 0.02272727273
vt 0.0703125 0.02272727273
vt 0.0703125 0.02272727273
vt 0.0703125 0.02272727273
vt 0.0703125 0.02272727273
vt 0.0703125 0.02272727273
vt 0.0703125 0.02272727273
vt 0.0703125 0.02272727273
vt 0.0703125 0.02272727273
vt 0.0703125 0.02272727273
vt 0.0703125 0.02272727273
vt 0.0703125 0.02272727273
vt 0.0703125 0.02272727273
vt 0.0703125 0.02272727273
vt 0.0703125 0.02272727273
vt 0.0703125 0.02272727273
vt 0.0703125 0.02272727273
vt 0.0703125 0.02272727273
vt 0.0703125 0.02272727273
vt 0.0703125 0.02272727273
vt 0.0703125 0.02272727273
vt 0.0703125 0.02272727273
vt 0.0703125 0.02272727273
vt 0.0703125 0.02272727273
vt 0.0703125 0.02272727273
vt 0.0703125 0.02272727273
vt 0.0703125 0.02272727273
vt 0.0703125 0.02272727273
vt 0.0703125 0.02272727273
vt 0.0703125 0.02272727273
vt 0.0703125 0.02272727273
vt 0.0703125 0.02272727273
vt 0.0703125 0.02272727273
vt 0.0703125 0.02272727273
vt 0.0703125 0.02272727273
vt 0.0703125 0.02272727273
vt 0.0703125 0.02272727273
vt 0.0703125 0.02272727273
vt 0.0703125 0.02272727273
vt 0.0703125 0.02272727273
vt 0.0703125 0.02272727273
vt 0.0703125 0.02272727273
vt 0.0703125 0.02272727273
vt 0.0703125 0.02272727273
vt 0.0703125 0.02272727273
vt 0.0703125 0.02272727273
vt 0.0703125 0.02272727273
vt 0.0703125 0.02272727273
vt 0.0703125 0.02272727273
vt 0.0703125 0.02272727273
vt 0.0703125 0.02272727273
vt 0.0703125 0.02272727273
vt 0.0703125 0.02272727273
vt 0.0703125 0.02272727273
vt 0.0703125 0.02272727273
vt 0.0703125 0.02272727273
vt 0.0703125 0.02272727273
vt 0.0703125 0.02272727273
vt 0.0703125 0.02272727273
vt 0.0703125 0.02272727273
vt 0.0703125 0.02272727273
vt 0.0703125 0.02272727273
vt 0.0703125 0.02272727273
vt 0.0703125 0.02272727273
vt 0.0703125 0.02272727273
vt 0.0703125 0.02272727273
vt 0.0703125 0.02272727273
vt 0.0703125 0.02272727273
vt 0.0703125 0.02272727273
vt 0.0703125 0.02272727273
vt 0.0703125 0.02272727273
vt 0.0703125 0.02272727273
vt 0.0703125 0.02272727273
vt 0.0703125 0.02272727273
vt 0.0703125 0.02272727273
vt 0.0703125 0.02272727273
vt 0.0703125 0.02272727273
vt 0.0703125 0.02272727273
vt 0.0703125 0.02272727273
vt 0.0703125 0.02272727273
vt 0.0703125 0.02272727273
vt 0.0703125 0.02272727273
vt 0.0703125 0.02272727273
vt 0.0703125 0.02272727273
vt 0.0703125 0.02272727273
vt 0.0703125 0.02272727273
vt 0.0703125 0.02272727273
vt 0.0703125 0.02272727273
vt 0.0703125 0.02272727273
vt 0.0703125 0.02272727273
vt 0.0703125 0.02272727273
vt 0.0703125 0.02272727273
vt 0.0703125 0.02272727273
vt 0.0703125 0.02272727273
vt 0.0703125 0.02272727273
vt 0.0703125 0.02272727273
vt 0.0703125 0.02272727273
vt 0.0703125 0.02272727273
vt 0.0703125 0.02272727273
vt 0.0703125 0.02272727273
vt 0.0703125 0.02272727273
vt 0.0703125 0.02272727273
vt 0.0703125 0.02272727273
vt 0.0703125 0.02272727273
vt 0.0703125 0.02272727273
vt 0.0703125 0.02272727273
vt 0.0703125 0.02272727273
vt 0.0703125 0.02272727273
vt 0.0703125 0.02272727273
vt 0.0703125 0.02272727273
vt 0.0703125 0.02272727273
vt 0.0703125 0.02272727273
vt 0.0703125 0.02272727273
vt 0.0703125 0.02272727273
vt 0.0703125 0.02272727273
vt 0.0703125 0.02272727273
vt 0.0703125 0.02272727273
vt 0.0703125 0.02272727273
vt 0.0703125 0.02272727273
vt 0.0703125 0.02272727273
vt 0.0703125 0.02272727273
vt 0.0703125 0.02272727273
vt 0.0703125 0.02272727273
vt 0.0703125 0.02272727273
vt 0.0703125 0.02272727273
vt 0.0703125 0.02272727273
vt 0.0703125 0.02272727273
vt 0.0703125 0.02272727273
vt 0.0703125 0.02272727273
vt 0.0703125 0.02272727273
vt 0.0703125 0.02272727273
vt 0.0703125 0.02272727273
vt 0.0703125 0.02272727273
vt 0.0703125 0.02272727273
vt 0.0703125 0.02272727273
vt 0.0703125 0.02272727273
vt 0.0703125 0.02272727273
vt 0.0703125 0.02272727273
vt 0.0703125 0.02272727273
vt 0.0703125 0.02272727273
vt 0.0703125 0.02272727273
vt 0.0703125 0.02272727273
vt 0.0703125 0.02272727273
vt 0.0703125 0.02272727273
vt 0.0703125 0.02272727273
vt 0.0703125 0.02272727273
vt 0.0703125 0.02272727273
vt 0.0703125 0.02272727273
vt 0.0703125 0.02272727273
vt 0.0703125 0.02272727273
vt 0.0703125 0.02272727273
vt 0.0703125 0.02272727273
vt 0.0703125 0.02272727273
vt 0.0703125 0.02272727273
vt 0.0703125 0.02272727273
vt 0.0703125 0.02272727273
vt 0.0703125 0.02272727273
vt 0.0703125 0.02272727273
vt 0.0703125 0.02272727273
vt 0.0703125 0.02272727273
vt 0.0703125 0.02272727273
vt 0.0703125 0.02272727273
vt 0.0703125 0.02272727273
vt 0.0703125 0.02272727273
vt 0.0703125 0.02272727273
vt 0.0703125 0.02272727273
vt 0.0703125 0.02272727273
vt 0.0703125 0.02272727273
vt 0.0703125 0.02272727273
vt 0.0703125 0.02272727273
vt 0.0703125 0.02272727273
vt 0.0703125 0.02272727273
vt 0.0703125 0.02272727273
vt 0.0703125 0.02272727273
vt 0.0703125 0.02272727273
vt 0.0703125 0.02272727273
vt 0.0703125 0.02272727273
vt 0.0703125 0.02272727273
vt 0.0703125 0.02272727273
vt 0.0703125 0.02272727273
vt 0.0703125 0.02272727273
vt 0.0703125 0.02272727273
vt 0.0703125 0.02272727273
vt 0.0703125 0.02272727273
vt 0.0703125 0.02272727273
vt 0.0703125 0.02272727273
vt 0.0703125 0.02272727273
vt 0.0703125 0.02272727273
vt 0.0703125 0.02272727273
vn -0.04109516286 -0.9399612028 -0.338798059
vn -0.06286553367 -0.9675686964 -0.2446604637
vn -0.06290866162 -0.9601497905 -0.2723139366
vn -0.08414944192 -0.8467346508 -0.5253182869
vn -0.04109516523 -0.9399612038 -0.338798056
vn -0.0855493259 -0.8691703372 -0.4870567089
vn -0.04109516523 -0.9399612038 -0.338798056
vn -0.06430566617 -0.9303269578 -0.3610492113
vn -0.06949744368 -0.9180927345 -0.3902253659
vn -0.04109516286 -0.9399612028 -0.338798059
vn -0.06290866162 -0.9601497905 -0.2723139366
vn -0.06248902214 -0.9341683596 -0.3513183713
vn -0.04109516523 -0.9399612038 -0.338798056
vn -0.06248901683 -0.9341683615 -0.3513183673
vn -0.06430566617 -0.9303269578 -0.3610492113
vn -0.04109516523 -0.9399612038 -0.338798056
vn -0.06949744368 -0.9180927345 -0.3902253659
vn -0.08212510098 -0.8812649581 -0.4654326389
vn -0.04109516523 -0.9399612038 -0.338798056
vn -0.08212510098 -0.8812649581 -0.4654326389
vn -0.0855493259 -0.8691703372 -0.4870567089
vn -0.0841494407 -0.84673465 -0.5253182883
vn -0.08554932645 -0.8691703374 -0.4870567085
vn -0.09013133767 -0.8417507771 -0.5322893679
vn -0.08414944165 -0.8467346497 -0.5253182888
vn -0.09643829202 -0.8177562751 -0.5674278195
vn -0.1005020165 -0.7998862132 -0.5916767619
vn -0.08414944165 -0.8467346497 -0.5253182888
vn -0.09013133926 -0.8417507761 -0.5322893692
vn -0.09382266168 -0.8281411333 -0.5526115919
vn -0.08414944165 -0.8467346497 -0.5253182888
vn -0.09382266168 -0.8281411333 -0.5526115919
vn -0.09643829202 -0.8177562751 -0.5674278195
vn -0.09845171119 -0.9914920782 0.08515115635
vn -0.08437347219 -0.992004954 0.09384715508
vn -0.08179549979 -0.9952733922 0.05234855316
vn -0.09845171119 -0.9914920782 0.08515115635
vn -0.08443338433 -0.991920064 0.09468680048
vn -0.08437347219 -0.992004954 0.09384715508
vn -0.09845171119 -0.9914920782 0.08515115631
vn -0.08477178826 -0.9917715726 0.09593170362
vn -0.08443338443 -0.9919200641 0.09468680017
vn -0.02229615617 -0.9905359276 -0.1354306376
vn -0.05900534122 -0.9882514588 -0.1409873179
vn -0.06236512852 -0.9736633231 -0.2192950616
vn -0.02229615768 -0.9905359271 -0.1354306412
vn -0.06002253634 -0.9892520766 -0.1333327566
vn -0.05900534085 -0.9882514583 -0.140987322
vn -0.02229615768 -0.9905359271 -0.1354306412
vn -0.06951078503 -0.9967670502 -0.04029514125
vn -0.06305916395 -0.9921675287 -0.1078292018
vn -0.02229615768 -0.9905359271 -0.1354306412
vn -0.07188464459 -0.9973688291 -0.009381715928
vn -0.06951078503 -0.9967670502 -0.04029514125
vn -0.02229615768 -0.9905359271 -0.1354306412
vn -0.07263030859 -0.9973526589 0.003537234116
vn -0.07188464459 -0.9973688291 -0.009381715928
vn -0.02229615768 -0.9905359271 -0.1354306412
vn -0.06305916395 -0.9921675287 -0.1078292018
vn -0.06002253634 -0.9892520766 -0.1333327566
vn -0.04109516286 -0.9399612028 -0.338798059
vn -0.06236512858 -0.973663323 -0.2192950618
vn -0.06277254234 -0.9695794117 -0.2365911501
vn -0.04109516286 -0.9399612028 -0.338798059
vn -0.06277254234 -0.9695794117 -0.2365911501
vn -0.06286553367 -0.9675686964 -0.2446604637
vn -0.02229615617 -0.9905359276 -0.1354306376
vn -0.06236512852 -0.9736633231 -0.2192950616
vn -0.04109516297 -0.939961203 -0.3387980586
vn -0.02229615899 -0.9905359269 -0.135430642
vn -0.06811380999 -0.99767284 0.003068094061
vn -0.07263030635 -0.9973526591 0.003537235626
vn -0.06811380999 -0.99767284 0.003068094061
vn -0.07783407075 -0.9967780632 0.01937395749
vn -0.07263030635 -0.9973526591 0.003537235626
vn -0.0681138094 -0.9976728401 0.003068092029
vn -0.08061532488 -0.9963869689 0.02672410275
vn -0.07783407065 -0.9967780632 0.01937395717
vn -0.0681138094 -0.9976728401 0.003068092029
vn -0.09845171181 -0.9914920781 0.08515115656
vn -0.08061532488 -0.9963869689 0.02672410275
vn -0.09845171119 -0.9914920782 0.08515115635
vn -0.08131269007 -0.9957588858 0.0430405355
vn -0.08061532588 -0.9963869688 0.02672410306
vn -0.09845171119 -0.9914920782 0.08515115635
vn -0.08179549979 -0.9952733922 0.05234855316
vn -0.08131269007 -0.9957588858 0.0430405355
vn -0.06082550386 -0.8745184077 -0.4811629793
vn -0.004246009029 -0.9518472279 -0.3065433512
vn -0.04109516702 -0.9399612042 -0.3387980548
vn -0.08414944135 -0.8467346498 -0.5253182885
vn -0.1122797339 -0.7404011327 -0.6627212265
vn -0.1045462767 -0.7281715314 -0.6773745618
vn -0.1045462767 -0.7281715314 -0.6773745618
vn -0.1122797339 -0.7404011327 -0.6627212265
vn -0.1160854764 -0.721135839 -0.6829987291
vn -0.1045462767 -0.7281715314 -0.6773745618
vn -0.1160854764 -0.721135839 -0.6829987291
vn -0.1176972262 -0.7124268834 -0.6918058245
vn -0.08414944158 -0.8467346506 -0.5253182873
vn -0.06082550328 -0.8745184077 -0.4811629794
vn -0.0410951666 -0.9399612045 -0.3387980539
vn -0.08414944165 -0.8467346497 -0.5253182888
vn -0.1005020165 -0.7998862132 -0.5916767619
vn -0.1122797337 -0.7404011328 -0.6627212264
vn -0.08414944213 -0.8467346483 -0.5253182909
vn -0.1045462744 -0.7281715374 -0.6773745556
vn -0.06082550319 -0.8745184076 -0.4811629796
vn -0.06082550405 -0.8745184077 -0.4811629793
vn -0.001713675527 -0.9602701922 -0.2790666969
vn -0.004246009156 -0.9518472279 -0.3065433512
vn -0.06082550332 -0.8745184075 -0.4811629797
vn -0.1045462748 -0.7281715371 -0.6773745559
vn -0.09785591356 -0.7486204962 -0.6557374268
vn -0.02229615924 -0.9905359269 -0.1354306422
vn -0.004152687765 -0.9887755479 -0.1493508321
vn -0.06811380992 -0.99767284 0.003068094257
vn -0.02229615577 -0.9905359275 -0.1354306386
vn -0.04109516388 -0.9399612037 -0.3387980565
vn -0.004246004957 -0.9518472286 -0.3065433491
vn -0.02229615638 -0.9905359272 -0.1354306401
vn -0.004246003399 -0.9518472299 -0.306543345
vn -0.004152688574 -0.9887755475 -0.1493508348
vn -0.004152686876 -0.988775548 -0.1493508312
vn -0.06225937625 -0.9975717608 -0.0312146144
vn -0.06811381061 -0.99767284 0.00306809351
vn -0.0681138096 -0.99767284 0.003068092046
vn -0.09633050785 -0.9929132665 0.06959654103
vn -0.09845171161 -0.9914920781 0.08515115651
vn -0.06811380962 -0.99767284 0.003068092088
vn -0.0622593769 -0.9975717608 -0.03121461303
vn -0.09633050783 -0.9929132665 0.06959654089
vn -0.004152687999 -0.9887755472 -0.1493508366
vn -0.004246003516 -0.95184723 -0.3065433448
vn -0.001713676464 -0.9602701931 -0.2790666936
vn -0.004152686268 -0.988775548 -0.1493508318
vn -0.01166750367 -0.984784035 -0.173390524
vn -0.06225937639 -0.9975717608 -0.03121461453
vn -0.06225937686 -0.9975717608 -0.03121461305
vn -0.05353076754 -0.9970642959 -0.05474711627
vn -0.09633050781 -0.9929132665 0.06959654096
vn -0.05353076751 -0.9970642959 -0.05474711634
vn -0.08152006319 -0.9947451378 0.06194021399
vn -0.09633050779 -0.9929132665 0.06959654103
vn -0.1045462861 -0.7281715261 -0.677374566
vn -0.117697229 -0.7124268798 -0.6918058277
vn -0.1133450868 -0.6489329775 -0.7523555556
vn -0.1045462861 -0.7281715261 -0.677374566
vn -0.1133450868 -0.6489329775 -0.7523555556
vn -0.1091252088 -0.5949235482 -0.7963401664
vn -0.1045462861 -0.7281715261 -0.677374566
vn -0.1091252088 -0.5949235482 -0.7963401664
vn -0.1085159318 -0.5879254903 -0.8016033373
vn -0.11231411 -0.5572205543 -0.8227337325
vn -0.1122750488 -0.5449724993 -0.8309026949
vn -0.1110974619 -0.4337050194 -0.8941796856
vn -0.1245814863 -0.5597475313 -0.8192448685
vn -0.1085159307 -0.5879254906 -0.8016033372
vn -0.1123141136 -0.557220551 -0.8227337342
vn -0.1245814833 -0.5597475334 -0.8192448675
vn -0.11231411 -0.5572205543 -0.8227337325
vn -0.1110974619 -0.4337050194 -0.8941796856
vn -0.124581483 -0.5597475332 -0.8192448677
vn -0.1110974616 -0.4337050186 -0.894179686
vn -0.1108718521 -0.4250146256 -0.8983707478
vn -0.124581483 -0.5597475332 -0.8192448677
vn -0.1108718521 -0.4250146256 -0.8983707478
vn -0.1098723443 -0.3841377191 -0.9167149397
vn -0.1091473499 -0.3444551856 -0.9324363148
vn -0.1063443425 -0.2837792868 -0.9529743948
vn -0.1063311443 -0.2834871517 -0.9530628114
vn -0.1045462804 -0.728171528 -0.6773745649
vn -0.1085159307 -0.5879254906 -0.8016033372
vn -0.1245814863 -0.5597475313 -0.8192448685
vn -0.1045462798 -0.728171528 -0.6773745649
vn -0.1245814854 -0.5597475316 -0.8192448684
vn -0.1090232792 -0.5678828118 -0.8158572404
vn -0.1245814821 -0.5597475334 -0.8192448676
vn -0.1187563331 -0.3840229164 -0.9156545927
vn -0.1090232811 -0.5678828112 -0.8158572405
vn -0.124581483 -0.5597475332 -0.8192448677
vn -0.1098723443 -0.3841377191 -0.9167149397
vn -0.118756332 -0.3840229166 -0.9156545927
vn -0.1187563323 -0.3840229211 -0.9156545908
vn -0.1098723454 -0.384137738 -0.9167149317
vn -0.1091473501 -0.3444551856 -0.9324363148
vn -0.1150628648 -0.2745936646 -0.9546511701
vn -0.1091473499 -0.3444551856 -0.9324363148
vn -0.1063311443 -0.2834871517 -0.9530628114
vn -0.1187563323 -0.3840229211 -0.9156545908
vn -0.1091473501 -0.3444551856 -0.9324363148
vn -0.1150628647 -0.2745936643 -0.9546511702
vn -0.1187563327 -0.38402292 -0.9156545912
vn -0.1150628653 -0.2745936624 -0.9546511706
vn -0.1177138251 -0.295594868 -0.9480332955
vn -0.09845171119 -0.9914920782 0.08515115631
vn -0.08867113316 -0.9900970748 0.1088357142
vn -0.08477178826 -0.9917715726 0.09593170362
vn -0.09845171119 -0.9914920782 0.08515115631
vn -0.09088831574 -0.9890691599 0.1161099095
vn -0.08867113316 -0.9900970748 0.1088357142
vn -0.09845171119 -0.9914920782 0.08515115631
vn -0.09118757499 -0.9889367638 0.1169995874
vn -0.09088831574 -0.9890691599 0.1161099095
vn -0.09845171119 -0.9914920782 0.08515115631
vn -0.093393797 -0.9879973053 0.1230403322
vn -0.09118757499 -0.9889367638 0.1169995874
vn -0.1078436153 -0.9855137185 0.1308910432
vn -0.09509102263 -0.9870400021 0.1292661275
vn -0.09339379719 -0.9879973049 0.1230403356
vn -0.1078436154 -0.9855137186 0.1308910431
vn -0.09332039603 -0.9847704658 0.1466916265
vn -0.09509102275 -0.9870400021 0.1292661274
vn -0.08103306072 -0.975994104 0.2021612032
vn -0.08117530284 -0.9630516797 0.2567918076
vn -0.08117645087 -0.9663224555 0.2441952002
vn -0.09845171117 -0.9914920782 0.08515115605
vn -0.1078436153 -0.9855137185 0.1308910432
vn -0.09339379719 -0.9879973049 0.1230403356
vn -0.1078436154 -0.9855137186 0.1308910431
vn -0.09280778603 -0.9839653458 0.1523118944
vn -0.09332039603 -0.9847704658 0.1466916265
vn -0.1078436154 -0.9855137186 0.1308910431
vn -0.09110856484 -0.9805795399 0.1736749702
vn -0.09280778603 -0.9839653458 0.1523118944
vn -0.1078436157 -0.9855137186 0.1308910428
vn -0.08782138346 -0.97918405 0.1829918055
vn -0.09110856577 -0.98057954 0.1736749694
vn -0.07880225893 -0.9741515094 0.2117050796
vn -0.08218403235 -0.9765651361 0.1989128448
vn -0.08782138346 -0.97918405 0.1829918055
vn -0.07880225893 -0.9741515094 0.2117050796
vn -0.08103306241 -0.9759941031 0.2021612065
vn -0.08218403235 -0.9765651361 0.1989128448
vn -0.1078436157 -0.9855137186 0.1308910428
vn -0.07880225893 -0.9741515094 0.2117050796
vn -0.08782138346 -0.97918405 0.1829918055
vn -0.07880226101 -0.9741515083 0.2117050838
vn -0.08117530284 -0.9630516797 0.2567918076
vn -0.08103306072 -0.975994104 0.2021612032
vn -0.07880226196 -0.974151509 0.2117050805
vn -0.08344637986 -0.9561704896 0.2806683033
vn -0.08117530263 -0.9630516795 0.2567918085
vn -0.07880226196 -0.974151509 0.2117050805
vn -0.08548973909 -0.9494564898 0.3020329096
vn -0.08344637986 -0.9561704896 0.2806683033
vn -0.07880226177 -0.9741515088 0.2117050813
vn -0.07857711516 -0.9735241634 0.2146540011
vn -0.08753161059 -0.9441338879 0.3177253829
vn -0.07880226196 -0.974151509 0.2117050805
vn -0.08753161046 -0.9441338877 0.3177253834
vn -0.08548973909 -0.9494564898 0.3020329096
vn -0.08753161046 -0.9441338877 0.3177253834
vn -0.08702236917 -0.9440859902 0.3180074691
vn -0.08548973909 -0.9494564898 0.3020329096
vn -0.08753160739 -0.9441338932 0.3177253679
vn -0.09109383889 -0.9345223918 0.3440491415
vn -0.08702236747 -0.9440859932 0.3180074605
vn -0.08753160683 -0.9441338916 0.3177253727
vn -0.1028938393 -0.9113927914 0.3984671099
vn -0.09109383857 -0.9345223908 0.3440491444
vn -0.09109383857 -0.9345223908 0.3440491444
vn -0.1028938393 -0.9113927914 0.3984671099
vn -0.1015456229 -0.9142051792 0.3923230515
vn -0.08753160632 -0.944133892 0.3177253717
vn -0.1000938186 -0.9516628798 0.2903773247
vn -0.1028938386 -0.9113927921 0.3984671084
vn -0.1000938186 -0.9516628798 0.2903773247
vn -0.1031856212 -0.9108103963 0.3997213399
vn -0.1028938386 -0.9113927921 0.3984671084
vn -0.1000938186 -0.9516628798 0.2903773247
vn -0.107045579 -0.9030253236 0.4160366678
vn -0.1031856212 -0.9108103963 0.3997213399
vn -0.1000938186 -0.9516628798 0.2903773247
vn -0.1198606601 -0.8746235648 0.469752107
vn -0.107045579 -0.9030253236 0.4160366678
vn -0.1266318222 -0.8528330842 0.506596597
vn -0.1400518874 -0.8150984988 0.5621386893
vn -0.1330042341 -0.8354759466 0.5331883498
vn -0.09845171158 -0.9914920782 0.08515115648
vn -0.09633050789 -0.9929132665 0.06959654109
vn -0.1078436155 -0.9855137185 0.1308910434
vn -0.1078436157 -0.9855137185 0.1308910429
vn -0.09633050784 -0.9929132665 0.06959654122
vn -0.09131418805 -0.9844072555 0.1503465146
vn -0.1078436158 -0.9855137185 0.1308910428
vn -0.09131418924 -0.9844072554 0.1503465146
vn -0.07880225808 -0.9741515094 0.2117050799
vn -0.07857711468 -0.9735241631 0.2146540026
vn -0.1000938174 -0.9516628826 0.2903773161
vn -0.08753160865 -0.9441338866 0.3177253873
vn -0.09131418801 -0.9844072553 0.1503465158
vn -0.07857711571 -0.9735241631 0.2146540025
vn -0.07880226022 -0.9741515097 0.2117050779
vn -0.09633050785 -0.9929132665 0.06959654107
vn -0.08152006326 -0.9947451378 0.06194021352
vn -0.09131418801 -0.9844072554 0.1503465152
vn -0.09131418841 -0.9844072555 0.1503465139
vn -0.08152006333 -0.9947451378 0.06194021336
vn -0.07082250522 -0.9843977749 0.1610751177
vn -0.0913141885 -0.9844072553 0.1503465157
vn -0.0708225054 -0.9843977747 0.1610751185
vn -0.07857711607 -0.9735241631 0.2146540023
vn -0.07857711483 -0.9735241632 0.2146540023
vn -0.08073881375 -0.9754518328 0.2048779293
vn -0.1000938168 -0.9516628823 0.2903773171
vn -0.07857711514 -0.973524163 0.2146540032
vn -0.0708225043 -0.9843977747 0.1610751195
vn -0.08073881325 -0.9754518331 0.2048779279
vn -0.08073881332 -0.9754518328 0.2048779293
vn -0.07764354003 -0.956657676 0.2806734252
vn -0.1000938136 -0.9516628827 0.290377317
vn -0.1000938177 -0.95166288 0.2903773245
vn -0.1253543784 -0.8570816945 0.499697157
vn -0.1198606583 -0.8746235658 0.4697521057
vn -0.1000938177 -0.95166288 0.2903773245
vn -0.1266318215 -0.8528330845 0.5065965966
vn -0.1253543784 -0.8570816945 0.499697157
vn -0.1000938177 -0.95166288 0.2903773245
vn -0.1317857975 -0.8585345916 0.4955308856
vn -0.1266318215 -0.8528330845 0.5065965966
vn -0.1317857977 -0.8585345883 0.4955308913
vn -0.1400518874 -0.8150984988 0.5621386893
vn -0.1266318222 -0.8528330842 0.506596597
vn -0.1317857989 -0.8585345889 0.4955308899
vn -0.1428840158 -0.7984538965 0.5848551387
vn -0.14005189 -0.8150985003 0.5621386866
vn -0.1167908699 -0.8746419993 0.4704904523
vn -0.1484609114 -0.7621704134 0.6301234948
vn -0.1317857997 -0.8585345883 0.4955308907
vn -0.1317857989 -0.8585345889 0.4955308899
vn -0.1483698526 -0.7621406494 0.6301809401
vn -0.1428840158 -0.7984538965 0.5848551387
vn -0.100093816 -0.9516628798 0.2903773257
vn -0.07764353728 -0.9566576796 0.2806734136
vn -0.1317857991 -0.858534592 0.4955308846
vn -0.1167908702 -0.8746419988 0.4704904532
vn -0.1317857981 -0.8585345905 0.4955308874
vn -0.07764353681 -0.9566576791 0.2806734157
vn -0.1167908705 -0.8746419989 0.4704904529
vn -0.1529444085 -0.7626511001 0.6284674275
vn -0.1484609168 -0.7621704083 0.6301234997
vn -0.1317857989 -0.8585345889 0.4955308899
vn -0.148460913 -0.762170412 0.6301234962
vn -0.1483698526 -0.7621406494 0.6301809401
vn -0.1484609104 -0.7621704263 0.6301234794
vn -0.1483331085 -0.7596111028 0.6332363394
vn -0.1483698559 -0.7621406306 0.6301809621
vn -0.1484609061 -0.762170418 0.6301234905
vn -0.143020167 -0.7446594001 0.6519414158
vn -0.1483331048 -0.7596110958 0.6332363485
vn -0.1484609061 -0.762170418 0.6301234905
vn -0.1422985849 -0.7426280032 0.6544117676
vn -0.143020167 -0.7446594001 0.6519414158
vn -0.1484609061 -0.762170418 0.6301234905
vn -0.1421768556 -0.742288759 0.6548229837
vn -0.1422985849 -0.7426280032 0.6544117676
vn -0.1484609083 -0.7621704211 0.6301234862
vn -0.1529444015 -0.7626511109 0.6284674161
vn -0.1421768556 -0.742288759 0.6548229837
vn -0.1529444015 -0.7626511109 0.6284674161
vn -0.1412873097 -0.7388658542 0.65887415
vn -0.1421768556 -0.742288759 0.6548229837
vn -0.1529444015 -0.7626511109 0.6284674161
vn -0.1380621748 -0.7263709701 0.673293435
vn -0.1412873097 -0.7388658542 0.65887415
vn -0.1290345956 -0.6952654097 0.7070757266
vn -0.1327177533 -0.7104275073 0.6911430784
vn -0.1380621791 -0.7263709793 0.6732934243
vn -0.1290345975 -0.6952654273 0.7070757089
vn -0.119739199 -0.6479163076 0.7522413061
vn -0.1327177551 -0.7104275232 0.6911430617
vn -0.1134193649 -0.6173220028 0.7784918706
vn -0.09933197919 -0.5413185399 0.8349295756
vn -0.1081190493 -0.5886089435 0.8011552801
vn -0.1529444001 -0.7626511081 0.6284674198
vn -0.1290345956 -0.6952654097 0.7070757266
vn -0.1380621791 -0.7263709793 0.6732934243
vn -0.1529444001 -0.762651108 0.62846742
vn -0.1264878336 -0.6659084596 0.7352324472
vn -0.1290345954 -0.6952654102 0.7070757262
vn -0.1290345975 -0.6952654273 0.7070757089
vn -0.1134193681 -0.6173220105 0.7784918639
vn -0.119739199 -0.6479163076 0.7522413061
vn -0.1290345975 -0.6952654273 0.7070757089
vn -0.09419319722 -0.5245080626 0.84617902
vn -0.1134193681 -0.6173220105 0.7784918639
vn -0.09419319446 -0.5245080556 0.8461790246
vn -0.09933197919 -0.5413185399 0.8349295756
vn -0.1134193649 -0.6173220028 0.7784918706
vn -0.09419319342 -0.5245080431 0.8461790325
vn -0.09422043715 -0.5173484582 0.8505722086
vn -0.09933197849 -0.5413185329 0.8349295802
vn -0.0941931956 -0.5245080444 0.8461790315
vn -0.07544443844 -0.4485778101 0.890553808
vn -0.09422043621 -0.5173484577 0.850572209
vn -0.0941931956 -0.5245080444 0.8461790315
vn -0.04788819689 -0.3475269517 0.936446335
vn -0.07544443844 -0.4485778101 0.890553808
vn -0.04788819689 -0.3475269517 0.936446335
vn -0.04963409221 -0.3528685843 0.93435551
vn -0.07544443844 -0.4485778101 0.890553808
vn -0.1290345981 -0.6952654286 0.7070757076
vn -0.073771199 -0.4537799895 0.8880549146
vn -0.09419319774 -0.524508064 0.846179019
vn -0.09419319477 -0.5245080426 0.8461790327
vn -0.03949912341 -0.2869548118 0.957129435
vn -0.04788819666 -0.3475269513 0.9364463352
vn -0.08414944165 0.8467346497 -0.5253182888
vn -0.1005020165 0.7998862132 -0.5916767619
vn -0.09643829202 0.8177562751 -0.5674278195
vn -0.08414944165 0.8467346497 -0.5253182888
vn -0.09643829202 0.8177562751 -0.5674278195
vn -0.09382266168 0.8281411333 -0.5526115919
vn -0.08414944165 0.8467346497 -0.5253182888
vn -0.09382266168 0.8281411333 -0.5526115919
vn -0.09013133926 0.8417507761 -0.5322893692
vn -0.0841494407 0.84673465 -0.5253182883
vn -0.09013133767 0.8417507771 -0.5322893679
vn -0.08554932645 0.8691703374 -0.4870567085
vn -0.04109516286 0.9399612028 -0.338798059
vn -0.06290866162 0.9601497905 -0.2723139366
vn -0.06286553367 0.9675686964 -0.2446604637
vn -0.08414944192 0.8467346508 -0.5253182869
vn -0.0855493259 0.8691703372 -0.4870567089
vn -0.04109516523 0.9399612038 -0.338798056
vn -0.04109516523 0.9399612038 -0.338798056
vn -0.08212510098 0.8812649581 -0.4654326389
vn -0.06949744368 0.9180927345 -0.3902253659
vn -0.04109516523 0.9399612038 -0.338798056
vn -0.06949744368 0.9180927345 -0.3902253659
vn -0.06430566617 0.9303269578 -0.3610492113
vn -0.04109516523 0.9399612038 -0.338798056
vn -0.06430566617 0.9303269578 -0.3610492113
vn -0.06248901683 0.9341683615 -0.3513183673
vn -0.04109516286 0.9399612028 -0.338798059
vn -0.06248902214 0.9341683596 -0.3513183713
vn -0.06290866162 0.9601497905 -0.2723139366
vn -0.04109516523 0.9399612038 -0.338798056
vn -0.0855493259 0.8691703372 -0.4870567089
vn -0.08212510098 0.8812649581 -0.4654326389
vn -0.09845171119 0.9914920782 0.08515115635
vn -0.08437347219 0.992004954 0.09384715508
vn -0.08443338433 0.991920064 0.09468680048
vn -0.09845171119 0.9914920782 0.08515115631
vn -0.08443338443 0.9919200641 0.09468680017
vn -0.08477178826 0.9917715726 0.09593170362
vn -0.09845171119 0.9914920782 0.08515115635
vn -0.08179549979 0.9952733922 0.05234855316
vn -0.08437347219 0.992004954 0.09384715508
vn -0.04109516286 0.9399612028 -0.338798059
vn -0.06277254234 0.9695794117 -0.2365911501
vn -0.06236512858 0.973663323 -0.2192950618
vn -0.04109516286 0.9399612028 -0.338798059
vn -0.06286553367 0.9675686964 -0.2446604637
vn -0.06277254234 0.9695794117 -0.2365911501
vn -0.02229615617 0.9905359276 -0.1354306376
vn -0.06236512852 0.9736633231 -0.2192950616
vn -0.05900534122 0.9882514588 -0.1409873179
vn -0.02229615768 0.9905359271 -0.1354306412
vn -0.05900534085 0.9882514583 -0.140987322
vn -0.06002253634 0.9892520766 -0.1333327566
vn -0.02229615768 0.9905359271 -0.1354306412
vn -0.06305916395 0.9921675287 -0.1078292018
vn -0.06951078503 0.9967670502 -0.04029514125
vn -0.02229615768 0.9905359271 -0.1354306412
vn -0.06951078503 0.9967670502 -0.04029514125
vn -0.07188464459 0.9973688291 -0.009381715928
vn -0.02229615768 0.9905359271 -0.1354306412
vn -0.07188464459 0.9973688291 -0.009381715928
vn -0.07263030859 0.9973526589 0.003537234116
vn -0.02229615768 0.9905359271 -0.1354306412
vn -0.06002253634 0.9892520766 -0.1333327566
vn -0.06305916395 0.9921675287 -0.1078292018
vn -0.04109516297 0.939961203 -0.3387980586
vn -0.06236512852 0.9736633231 -0.2192950616
vn -0.02229615617 0.9905359276 -0.1354306376
vn -0.02229615899 0.9905359269 -0.135430642
vn -0.07263030635 0.9973526591 0.003537235626
vn -0.06811380999 0.99767284 0.003068094061
vn -0.06811380999 0.99767284 0.003068094061
vn -0.07263030635 0.9973526591 0.003537235626
vn -0.07783407075 0.9967780632 0.01937395749
vn -0.0681138094 0.9976728401 0.003068092029
vn -0.07783407065 0.9967780632 0.01937395717
vn -0.08061532488 0.9963869689 0.02672410275
vn -0.0681138094 0.9976728401 0.003068092029
vn -0.08061532488 0.9963869689 0.02672410275
vn -0.09845171181 0.9914920781 0.08515115656
vn -0.09845171119 0.9914920782 0.08515115635
vn -0.08061532588 0.9963869688 0.02672410306
vn -0.08131269007 0.9957588858 0.0430405355
vn -0.09845171119 0.9914920782 0.08515115635
vn -0.08131269007 0.9957588858 0.0430405355
vn -0.08179549979 0.9952733922 0.05234855316
vn -0.1063311443 0.2834871517 -0.9530628114
vn -0.1063443425 0.2837792868 -0.9529743948
vn -0.1091473499 0.3444551856 -0.9324363148
vn -0.124581483 0.5597475332 -0.8192448677
vn -0.1098723443 0.3841377191 -0.9167149397
vn -0.1108718521 0.4250146256 -0.8983707478
vn -0.1110974619 0.4337050194 -0.8941796856
vn -0.1122750488 0.5449724993 -0.8309026949
vn -0.11231411 0.5572205543 -0.8227337325
vn -0.124581483 0.5597475332 -0.8192448677
vn -0.1108718521 0.4250146256 -0.8983707478
vn -0.1110974616 0.4337050186 -0.894179686
vn -0.1245814833 0.5597475334 -0.8192448675
vn -0.1110974619 0.4337050194 -0.8941796856
vn -0.11231411 0.5572205543 -0.8227337325
vn -0.1245814863 0.5597475313 -0.8192448685
vn -0.1123141136 0.557220551 -0.8227337342
vn -0.1085159307 0.5879254906 -0.8016033372
vn -0.1045462861 0.7281715261 -0.677374566
vn -0.1091252088 0.5949235482 -0.7963401664
vn -0.1133450868 0.6489329775 -0.7523555556
vn -0.1045462861 0.7281715261 -0.677374566
vn -0.1133450868 0.6489329775 -0.7523555556
vn -0.117697229 0.7124268798 -0.6918058277
vn -0.1045462861 0.7281715261 -0.677374566
vn -0.1085159318 0.5879254903 -0.8016033373
vn -0.1091252088 0.5949235482 -0.7963401664
vn -0.1150628648 0.2745936646 -0.9546511701
vn -0.1063311443 0.2834871517 -0.9530628114
vn -0.1091473499 0.3444551856 -0.9324363148
vn -0.1150628647 0.2745936643 -0.9546511702
vn -0.1091473501 0.3444551856 -0.9324363148
vn -0.1187563323 0.3840229211 -0.9156545908
vn -0.1187563323 0.3840229211 -0.9156545908
vn -0.1091473501 0.3444551856 -0.9324363148
vn -0.1098723454 0.384137738 -0.9167149317
vn -0.118756332 0.3840229166 -0.9156545927
vn -0.1098723443 0.3841377191 -0.9167149397
vn -0.124581483 0.5597475332 -0.8192448677
vn -0.1150628653 0.2745936624 -0.9546511706
vn -0.1187563327 0.38402292 -0.9156545912
vn -0.1177138251 0.295594868 -0.9480332955
vn -0.1245814863 0.5597475313 -0.8192448685
vn -0.1085159307 0.5879254906 -0.8016033372
vn -0.1045462804 0.728171528 -0.6773745649
vn -0.1187563331 0.3840229164 -0.9156545927
vn -0.1245814821 0.5597475334 -0.8192448676
vn -0.1090232811 0.5678828112 -0.8158572405
vn -0.1245814854 0.5597475316 -0.8192448684
vn -0.1045462798 0.728171528 -0.6773745649
vn -0.1090232792 0.5678828118 -0.8158572404
vn -0.1045462767 0.7281715314 -0.6773745618
vn -0.1122797339 0.7404011327 -0.6627212265
vn -0.08414944135 0.8467346498 -0.5253182885
vn -0.1045462767 0.7281715314 -0.6773745618
vn -0.1176972262 0.7124268834 -0.6918058245
vn -0.1160854764 0.721135839 -0.6829987291
vn -0.1045462767 0.7281715314 -0.6773745618
vn -0.1160854764 0.721135839 -0.6829987291
vn -0.1122797339 0.7404011327 -0.6627212265
vn -0.08414944165 0.8467346497 -0.5253182888
vn -0.1122797337 0.7404011328 -0.6627212264
vn -0.1005020165 0.7998862132 -0.5916767619
vn -0.08414944158 0.8467346506 -0.5253182873
vn -0.0410951666 0.9399612045 -0.3387980539
vn -0.06082550328 0.8745184077 -0.4811629794
vn -0.1045462744 0.7281715374 -0.6773745556
vn -0.08414944213 0.8467346483 -0.5253182909
vn -0.06082550319 0.8745184076 -0.4811629796
vn -0.06082550386 0.8745184077 -0.4811629793
vn -0.04109516702 0.9399612042 -0.3387980548
vn -0.004246009029 0.9518472279 -0.3065433512
vn -0.1045462748 0.7281715371 -0.6773745559
vn -0.06082550332 0.8745184075 -0.4811629797
vn -0.09785591356 0.7486204962 -0.6557374268
vn -0.06082550405 0.8745184077 -0.4811629793
vn -0.004246009156 0.9518472279 -0.3065433512
vn -0.001713675527 0.9602701922 -0.2790666969
vn -0.04109516388 0.9399612037 -0.3387980565
vn -0.02229615577 0.9905359275 -0.1354306386
vn -0.004246004957 0.9518472286 -0.3065433491
vn -0.02229615924 0.9905359269 -0.1354306422
vn -0.06811380992 0.99767284 0.003068094257
vn -0.004152687765 0.9887755479 -0.1493508321
vn -0.004246003399 0.9518472299 -0.306543345
vn -0.02229615638 0.9905359272 -0.1354306401
vn -0.004152688574 0.9887755475 -0.1493508348
vn -0.004152686876 0.988775548 -0.1493508312
vn -0.06811381061 0.99767284 0.00306809351
vn -0.06225937625 0.9975717608 -0.0312146144
vn -0.0681138096 0.99767284 0.003068092046
vn -0.09845171161 0.9914920781 0.08515115651
vn -0.09633050785 0.9929132665 0.06959654103
vn -0.06811380962 0.99767284 0.003068092088
vn -0.09633050783 0.9929132665 0.06959654089
vn -0.0622593769 0.9975717608 -0.03121461303
vn -0.004246003516 0.95184723 -0.3065433448
vn -0.004152687999 0.9887755472 -0.1493508366
vn -0.001713676464 0.9602701931 -0.2790666936
vn -0.004152686268 0.988775548 -0.1493508318
vn -0.06225937639 0.9975717608 -0.03121461453
vn -0.01166750367 0.984784035 -0.173390524
vn -0.06225937686 0.9975717608 -0.03121461305
vn -0.09633050781 0.9929132665 0.06959654096
vn -0.05353076754 0.9970642959 -0.05474711627
vn -0.05353076751 0.9970642959 -0.05474711634
vn -0.09633050779 0.9929132665 0.06959654103
vn -0.08152006319 0.9947451378 0.06194021399
vn -0.1078436153 0.9855137185 0.1308910432
vn -0.09339379719 0.9879973049 0.1230403356
vn -0.09509102263 0.9870400021 0.1292661275
vn -0.1078436154 0.9855137186 0.1308910431
vn -0.09509102275 0.9870400021 0.1292661274
vn -0.09332039603 0.9847704658 0.1466916265
vn -0.09845171119 0.9914920782 0.08515115631
vn -0.08477178826 0.9917715726 0.09593170362
vn -0.08867113316 0.9900970748 0.1088357142
vn -0.09845171119 0.9914920782 0.08515115631
vn -0.08867113316 0.9900970748 0.1088357142
vn -0.09088831574 0.9890691599 0.1161099095
vn -0.09845171119 0.9914920782 0.08515115631
vn -0.09088831574 0.9890691599 0.1161099095
vn -0.09118757499 0.9889367638 0.1169995874
vn -0.09845171119 0.9914920782 0.08515115631
vn -0.09118757499 0.9889367638 0.1169995874
vn -0.093393797 0.9879973053 0.1230403322
vn -0.08103306072 0.975994104 0.2021612032
vn -0.08117645087 0.9663224555 0.2441952002
vn -0.08117530284 0.9630516797 0.2567918076
vn -0.07880226196 0.974151509 0.2117050805
vn -0.08548973909 0.9494564898 0.3020329096
vn -0.08753161046 0.9441338877 0.3177253834
vn -0.1078436154 0.9855137186 0.1308910431
vn -0.09332039603 0.9847704658 0.1466916265
vn -0.09280778603 0.9839653458 0.1523118944
vn -0.1078436153 0.9855137185 0.1308910432
vn -0.09845171117 0.9914920782 0.08515115605
vn -0.09339379719 0.9879973049 0.1230403356
vn -0.07880225893 0.9741515094 0.2117050796
vn -0.08218403235 0.9765651361 0.1989128448
vn -0.08103306241 0.9759941031 0.2021612065
vn -0.07880225893 0.9741515094 0.2117050796
vn -0.08782138346 0.97918405 0.1829918055
vn -0.08218403235 0.9765651361 0.1989128448
vn -0.1078436154 0.9855137186 0.1308910431
vn -0.09280778603 0.9839653458 0.1523118944
vn -0.09110856484 0.9805795399 0.1736749702
vn -0.1078436157 0.9855137186 0.1308910428
vn -0.09110856577 0.98057954 0.1736749694
vn -0.08782138346 0.97918405 0.1829918055
vn -0.1078436157 0.9855137186 0.1308910428
vn -0.08782138346 0.97918405 0.1829918055
vn -0.07880225893 0.9741515094 0.2117050796
vn -0.07880226196 0.974151509 0.2117050805
vn -0.08117530263 0.9630516795 0.2567918085
vn -0.08344637986 0.9561704896 0.2806683033
vn -0.07880226101 0.9741515083 0.2117050838
vn -0.08103306072 0.975994104 0.2021612032
vn -0.08117530284 0.9630516797 0.2567918076
vn -0.07880226196 0.974151509 0.2117050805
vn -0.08344637986 0.9561704896 0.2806683033
vn -0.08548973909 0.9494564898 0.3020329096
vn -0.07880226177 0.9741515088 0.2117050813
vn -0.08753161059 0.9441338879 0.3177253829
vn -0.07857711516 0.9735241634 0.2146540011
vn -0.1028938393 0.9113927914 0.3984671099
vn -0.09109383857 0.9345223908 0.3440491444
vn -0.1015456229 0.9142051792 0.3923230515
vn -0.08753160683 0.9441338916 0.3177253727
vn -0.09109383857 0.9345223908 0.3440491444
vn -0.1028938393 0.9113927914 0.3984671099
vn -0.08753160739 0.9441338932 0.3177253679
vn -0.08702236747 0.9440859932 0.3180074605
vn -0.09109383889 0.9345223918 0.3440491415
vn -0.08753161046 0.9441338877 0.3177253834
vn -0.08548973909 0.9494564898 0.3020329096
vn -0.08702236917 0.9440859902 0.3180074691
vn -0.1400518874 0.8150984988 0.5621386893
vn -0.1266318222 0.8528330842 0.506596597
vn -0.1330042341 0.8354759466 0.5331883498
vn -0.1000938186 0.9516628798 0.2903773247
vn -0.1028938386 0.9113927921 0.3984671084
vn -0.1031856212 0.9108103963 0.3997213399
vn -0.1000938186 0.9516628798 0.2903773247
vn -0.1031856212 0.9108103963 0.3997213399
vn -0.107045579 0.9030253236 0.4160366678
vn -0.1000938186 0.9516628798 0.2903773247
vn -0.107045579 0.9030253236 0.4160366678
vn -0.1198606601 0.8746235648 0.469752107
vn -0.08753160632 0.944133892 0.3177253717
vn -0.1028938386 0.9113927921 0.3984671084
vn -0.1000938186 0.9516628798 0.2903773247
vn -0.09933197919 0.5413185399 0.8349295756
vn -0.1134193649 0.6173220028 0.7784918706
vn -0.1081190493 0.5886089435 0.8011552801
vn -0.1484609061 0.762170418 0.6301234905
vn -0.1483331048 0.7596110958 0.6332363485
vn -0.143020167 0.7446594001 0.6519414158
vn -0.1484609104 0.7621704263 0.6301234794
vn -0.1483698559 0.7621406306 0.6301809621
vn -0.1483331085 0.7596111028 0.6332363394
vn -0.1484609061 0.762170418 0.6301234905
vn -0.143020167 0.7446594001 0.6519414158
vn -0.1422985849 0.7426280032 0.6544117676
vn -0.1484609061 0.762170418 0.6301234905
vn -0.1422985849 0.7426280032 0.6544117676
vn -0.1421768556 0.742288759 0.6548229837
vn -0.148460913 0.762170412 0.6301234962
vn -0.1317857989 0.8585345889 0.4955308899
vn -0.1483698526 0.7621406494 0.6301809401
vn -0.1529444015 0.7626511109 0.6284674161
vn -0.1412873097 0.7388658542 0.65887415
vn -0.1380621748 0.7263709701 0.673293435
vn -0.1290345975 0.6952654273 0.7070757089
vn -0.1327177551 0.7104275232 0.6911430617
vn -0.119739199 0.6479163076 0.7522413061
vn -0.1290345956 0.6952654097 0.7070757266
vn -0.1380621791 0.7263709793 0.6732934243
vn -0.1327177533 0.7104275073 0.6911430784
vn -0.1529444015 0.7626511109 0.6284674161
vn -0.1421768556 0.742288759 0.6548229837
vn -0.1412873097 0.7388658542 0.65887415
vn -0.1484609083 0.7621704211 0.6301234862
vn -0.1421768556 0.742288759 0.6548229837
vn -0.1529444015 0.7626511109 0.6284674161
vn -0.0941931956 0.5245080444 0.8461790315
vn -0.09422043621 0.5173484577 0.850572209
vn -0.07544443844 0.4485778101 0.890553808
vn -0.04788819689 0.3475269517 0.936446335
vn -0.07544443844 0.4485778101 0.890553808
vn -0.04963409221 0.3528685843 0.93435551
vn -0.04788819689 0.3475269517 0.936446335
vn -0.0941931956 0.5245080444 0.8461790315
vn -0.07544443844 0.4485778101 0.890553808
vn -0.09419319446 0.5245080556 0.8461790246
vn -0.1134193649 0.6173220028 0.7784918706
vn -0.09933197919 0.5413185399 0.8349295756
vn -0.09419319342 0.5245080431 0.8461790325
vn -0.09933197849 0.5413185329 0.8349295802
vn -0.09422043715 0.5173484582 0.8505722086
vn -0.1290345975 0.6952654273 0.7070757089
vn -0.119739199 0.6479163076 0.7522413061
vn -0.1134193681 0.6173220105 0.7784918639
vn -0.09419319722 0.5245080626 0.84617902
vn -0.1290345975 0.6952654273 0.7070757089
vn -0.1134193681 0.6173220105 0.7784918639
vn -0.04788819666 0.3475269513 0.9364463352
vn -0.03949912341 0.2869548118 0.957129435
vn -0.09419319477 0.5245080426 0.8461790327
vn -0.09419319774 0.524508064 0.846179019
vn -0.073771199 0.4537799895 0.8880549146
vn -0.1290345981 0.6952654286 0.7070757076
vn -0.1290345956 0.6952654097 0.7070757266
vn -0.1529444001 0.7626511081 0.6284674198
vn -0.1380621791 0.7263709793 0.6732934243
vn -0.1290345954 0.6952654102 0.7070757262
vn -0.1264878336 0.6659084596 0.7352324472
vn -0.1529444001 0.762651108 0.62846742
vn -0.1078436155 0.9855137185 0.1308910434
vn -0.09633050789 0.9929132665 0.06959654109
vn -0.09845171158 0.9914920782 0.08515115648
vn -0.1078436157 0.9855137185 0.1308910429
vn -0.09131418805 0.9844072555 0.1503465146
vn -0.09633050784 0.9929132665 0.06959654122
vn -0.1078436158 0.9855137185 0.1308910428
vn -0.07880225808 0.9741515094 0.2117050799
vn -0.09131418924 0.9844072554 0.1503465146
vn -0.07857711468 0.9735241631 0.2146540026
vn -0.08753160865 0.9441338866 0.3177253873
vn -0.1000938174 0.9516628826 0.2903773161
vn -0.09131418801 0.9844072553 0.1503465158
vn -0.07880226022 0.9741515097 0.2117050779
vn -0.07857711571 0.9735241631 0.2146540025
vn -0.09633050785 0.9929132665 0.06959654107
vn -0.09131418801 0.9844072554 0.1503465152
vn -0.08152006326 0.9947451378 0.06194021352
vn -0.09131418841 0.9844072555 0.1503465139
vn -0.07082250522 0.9843977749 0.1610751177
vn -0.08152006333 0.9947451378 0.06194021336
vn -0.07857711483 0.9735241632 0.2146540023
vn -0.1000938168 0.9516628823 0.2903773171
vn -0.08073881375 0.9754518328 0.2048779293
vn -0.0913141885 0.9844072553 0.1503465157
vn -0.07857711607 0.9735241631 0.2146540023
vn -0.0708225054 0.9843977747 0.1610751185
vn -0.07857711514 0.973524163 0.2146540032
vn -0.08073881325 0.9754518331 0.2048779279
vn -0.0708225043 0.9843977747 0.1610751195
vn -0.08073881332 0.9754518328 0.2048779293
vn -0.1000938136 0.9516628827 0.290377317
vn -0.07764354003 0.956657676 0.2806734252
vn -0.1317857989 0.8585345889 0.4955308899
vn -0.14005189 0.8150985003 0.5621386866
vn -0.1428840158 0.7984538965 0.5848551387
vn -0.1317857977 0.8585345883 0.4955308913
vn -0.1266318222 0.8528330842 0.506596597
vn -0.1400518874 0.8150984988 0.5621386893
vn -0.1000938177 0.95166288 0.2903773245
vn -0.1198606583 0.8746235658 0.4697521057
vn -0.1253543784 0.8570816945 0.499697157
vn -0.1000938177 0.95166288 0.2903773245
vn -0.1253543784 0.8570816945 0.499697157
vn -0.1266318215 0.8528330845 0.5065965966
vn -0.1317857975 0.8585345916 0.4955308856
vn -0.1000938177 0.95166288 0.2903773245
vn -0.1266318215 0.8528330845 0.5065965966
vn -0.1484609114 0.7621704134 0.6301234948
vn -0.1167908699 0.8746419993 0.4704904523
vn -0.1317857997 0.8585345883 0.4955308907
vn -0.1317857989 0.8585345889 0.4955308899
vn -0.1428840158 0.7984538965 0.5848551387
vn -0.1483698526 0.7621406494 0.6301809401
vn -0.1317857991 0.858534592 0.4955308846
vn -0.07764353728 0.9566576796 0.2806734136
vn -0.100093816 0.9516628798 0.2903773257
vn -0.1317857981 0.8585345905 0.4955308874
vn -0.1167908702 0.8746419988 0.4704904532
vn -0.07764353681 0.9566576791 0.2806734157
vn -0.1484609168 0.7621704083 0.6301234997
vn -0.1529444085 0.7626511001 0.6284674275
vn -0.1167908705 0.8746419989 0.4704904529
vn -0.06082550378 -0.8745184082 -0.4811629785
vn -0.05231045295 -0.8972485986 -0.4384159769
vn -0.001713675319 -0.9602701923 -0.2790666964
vn -0.05231045293 -0.8972485986 -0.438415977
vn -0.01910158813 -0.9176192893 -0.3970012206
vn -0.001713675311 -0.9602701924 -0.279066696
vn -0.06575481466 -0.7734345572 -0.6304564141
vn -0.05231045216 -0.8972485977 -0.4384159788
vn -0.09785591417 -0.7486204985 -0.655737424
vn -0.0608255034 -0.8745184071 -0.4811629804
vn -0.09785591335 -0.7486204987 -0.6557374239
vn -0.05231045243 -0.8972485977 -0.4384159789
vn -0.01910158804 -0.9176192893 -0.3970012207
vn -0.0006577995591 -0.9637710208 -0.2667301759
vn -0.001713675941 -0.9602701924 -0.2790666961
vn -0.0187712836 -0.940743863 -0.3385980258
vn -0.0006577993347 -0.9637710208 -0.266730176
vn -0.01910158774 -0.9176192892 -0.3970012209
vn 0.910567163 0.2396769655 0.3367824133
vn 0.910567163 0.2396769655 0.3367824133
vn 0.910567163 0.2396769655 0.3367824133
vn -0.007186190741 -0.959364514 -0.2820781592
vn -0.0006577993631 -0.9637710209 -0.2667301756
vn -0.0185169527 -0.9411824267 -0.3373911115
vn -0.0006577993631 -0.9637710209 -0.2667301756
vn -0.004765005185 -0.9628523861 -0.2699862541
vn -0.003476364072 -0.9647234436 -0.2632424591
vn -0.005358888665 -0.9724015882 -0.2332518673
vn -0.0006577993287 -0.9637710211 -0.266730175
vn -0.003476367146 -0.9647234419 -0.2632424652
vn -0.0006577993631 -0.9637710209 -0.2667301756
vn -0.005341838426 -0.9620226725 -0.2729172813
vn -0.004765005185 -0.9628523861 -0.2699862541
vn 0.8984743349 0.2856946372 0.333350332
vn 0.8984743349 0.2856946372 0.333350332
vn 0.8984743349 0.2856946372 0.333350332
vn -0.007186190741 -0.959364514 -0.2820781592
vn -0.005341838426 -0.9620226725 -0.2729172813
vn -0.0006577993631 -0.9637710209 -0.2667301756
vn 0.8984729281 0.2856998058 0.3333496938
vn 0.8984729281 0.2856998058 0.3333496938
vn 0.8984729281 0.2856998058 0.3333496938
vn -0.0657548124 -0.7734345594 -0.6304564117
vn -0.09785592122 -0.7486204914 -0.6557374311
vn -0.07282838401 -0.5804165135 -0.8110565316
vn -0.06575481488 -0.7734345561 -0.6304564154
vn -0.03663854865 -0.7931340189 -0.6079441133
vn -0.0191015875 -0.9176192918 -0.397001215
vn -0.06575481504 -0.7734345557 -0.6304564159
vn -0.01910158764 -0.9176192916 -0.3970012154
vn -0.05231045269 -0.8972485967 -0.4384159809
vn 0.9050782686 0.2216072896 0.3629373733
vn 0.9050782686 0.2216072896 0.3629373733
vn 0.9050782686 0.2216072896 0.3629373733
vn 0.9146054842 0.1734337361 0.3652636685
vn 0.9146054842 0.1734337361 0.3652636685
vn 0.9146054842 0.1734337361 0.3652636685
vn -0.00415268727 -0.9887755478 -0.1493508326
vn -0.001713676875 -0.9602701925 -0.2790666958
vn -0.01166750191 -0.9847840352 -0.1733905227
vn -0.01166750194 -0.9847840352 -0.1733905228
vn -0.001713676863 -0.9602701925 -0.2790666958
vn -0.0006577995185 -0.9637710212 -0.2667301747
vn -0.01166750317 -0.9847840351 -0.1733905236
vn -0.01228213945 -0.9832722104 -0.181727569
vn -0.05353076716 -0.9970642959 -0.05474711738
vn -0.06225937629 -0.9975717608 -0.03121461468
vn -0.01166750312 -0.984784035 -0.1733905237
vn -0.05353076718 -0.9970642959 -0.05474711732
vn -0.0535307675 -0.9970642959 -0.05474711633
vn -0.0427992974 -0.9984299581 -0.03613639396
vn -0.08152006319 -0.9947451378 0.06194021396
vn -0.04279929751 -0.9984299581 -0.0361363942
vn -0.04722995789 -0.9988738023 -0.004523067701
vn -0.08152006305 -0.9947451378 0.06194021425
vn -0.04722995789 -0.9988738023 -0.004523067701
vn -0.05047378268 -0.9984777127 0.02224082933
vn -0.08152006305 -0.9947451378 0.06194021425
vn -0.05047378268 -0.9984777127 0.02224082933
vn -0.05467972777 -0.9965063784 0.06312816488
vn -0.08152006305 -0.9947451378 0.06194021425
vn 0.9685786168 0.2453423377 0.04077499715
vn 0.9685786168 0.2453423377 0.04077499715
vn 0.9685786168 0.2453423377 0.04077499715
vn 0.971876032 0.2206964919 0.08215860828
vn 0.971876032 0.2206964919 0.08215860828
vn 0.971876032 0.2206964919 0.08215860828
vn 0.9751893642 0.2213723199 -0
vn 0.9751893642 0.2213723199 -0
vn 0.9751893642 0.2213723199 -0
vn 0.9804972858 0.1786444919 0.0819220239
vn 0.9804972858 0.1786444919 0.0819220239
vn 0.9804972858 0.1786444919 0.0819220239
vn 0.9718658266 0.1746838892 0.1579947908
vn 0.9718658266 0.1746838892 0.1579947908
vn 0.9718658266 0.1746838892 0.1579947908
vn 0.9837656125 0.1794581277 0
vn 0.9837656125 0.1794581277 0
vn 0.9837656125 0.1794581277 0
vn -0.01166750186 -0.984784035 -0.1733905242
vn -0.0006577995252 -0.9637710212 -0.2667301745
vn -0.007262079478 -0.97836643 -0.2067520032
vn -0.01166750186 -0.984784035 -0.1733905242
vn -0.007262079478 -0.97836643 -0.2067520032
vn -0.008506243026 -0.9806405902 -0.1956314817
vn -0.01166750317 -0.9847840351 -0.1733905236
vn -0.009016517389 -0.9815401503 -0.191043544
vn -0.01228213945 -0.9832722104 -0.181727569
vn -0.01657498712 -0.9867066922 -0.1616637667
vn -0.02180864259 -0.9905066222 -0.1357240378
vn -0.05353076725 -0.9970642959 -0.05474711749
vn -0.01228213847 -0.9832722104 -0.1817275689
vn -0.01657498712 -0.9867066922 -0.1616637667
vn -0.05353076725 -0.9970642959 -0.05474711749
vn -0.01166750186 -0.984784035 -0.1733905242
vn -0.008506243026 -0.9806405902 -0.1956314817
vn -0.00901651799 -0.9815401504 -0.1910435438
vn 0.9224209208 0.304132238 0.2379983753
vn 0.9224209208 0.304132238 0.2379983753
vn 0.9224209208 0.304132238 0.2379983753
vn 0.9380655703 0.2857747768 0.1958718017
vn 0.9380655703 0.2857747768 0.1958718017
vn 0.9380655703 0.2857747768 0.1958718017
vn 0.9380654889 0.2857749407 0.1958719528
vn 0.9380654889 0.2857749407 0.1958719528
vn 0.9380654889 0.2857749407 0.1958719528
vn 0.9327400711 0.2403735888 0.2687312737
vn 0.9327400711 0.2403735888 0.2687312737
vn 0.9327400711 0.2403735888 0.2687312737
vn 0.9501562727 0.2397472168 0.1993096322
vn 0.9501562727 0.2397472168 0.1993096322
vn 0.9501562727 0.2397472168 0.1993096322
vn -0.006158979129 -0.9751459266 -0.2214779644
vn -0.0006577993287 -0.9637710211 -0.266730175
vn -0.005358888665 -0.9724015882 -0.2332518673
vn -0.006158979129 -0.9751459266 -0.2214779644
vn -0.007262079744 -0.9783664301 -0.2067520026
vn -0.0006577993287 -0.9637710211 -0.266730175
vn 0.9018381337 0.3039361644 0.3071006164
vn 0.9018381337 0.3039361644 0.3071006164
vn 0.9018381337 0.3039361644 0.3071006164
vn 0.9206486167 0.2863984655 0.2652961432
vn 0.9206486167 0.2863984655 0.2652961432
vn 0.9206486167 0.2863984655 0.2652961432
vn 0.9206486523 0.2863980344 0.2652964849
vn 0.9206486523 0.2863980344 0.2652964849
vn 0.9206486523 0.2863980344 0.2652964849
vn 0.9224209234 0.3041322396 0.2379983632
vn 0.9224209234 0.3041322396 0.2379983632
vn 0.9224209234 0.3041322396 0.2379983632
vn 0.9224208397 0.304131942 0.2379990678
vn 0.9224208397 0.304131942 0.2379990678
vn 0.9224208397 0.304131942 0.2379990678
vn 0.9206486658 0.2863979638 0.2652965143
vn 0.9206486658 0.2863979638 0.2652965143
vn 0.9206486658 0.2863979638 0.2652965143
vn 0.8984735749 0.2856975476 0.333349886
vn 0.8984735749 0.2856975476 0.333349886
vn 0.8984735749 0.2856975476 0.333349886
vn -0.05353076725 -0.9970642959 -0.05474711749
vn -0.02180864259 -0.9905066222 -0.1357240378
vn -0.03174054978 -0.9960082306 -0.08342746636
vn -0.05353076725 -0.9970642959 -0.05474711749
vn -0.03174054978 -0.9960082306 -0.08342746636
vn -0.03446099155 -0.9970777478 -0.06817921094
vn -0.0535307675 -0.9970642959 -0.05474711633
vn -0.03446099226 -0.997077748 -0.06817920783
vn -0.03618015322 -0.9974332831 -0.06178869131
vn -0.0535307675 -0.9970642959 -0.05474711633
vn -0.03618015322 -0.9974332831 -0.06178869131
vn -0.0427992974 -0.9984299581 -0.03613639396
vn 0.9499922922 0.2874354839 0.1220470703
vn 0.9499922922 0.2874354839 0.1220470703
vn 0.9499922922 0.2874354839 0.1220470703
vn 0.9468925726 0.3108566214 0.08223513136
vn 0.9468925726 0.3108566214 0.08223513136
vn 0.9468925726 0.3108566214 0.08223513136
vn 0.94999231 0.2874354656 0.1220469748
vn 0.94999231 0.2874354656 0.1220469748
vn 0.94999231 0.2874354656 0.1220469748
vn 0.9499922598 0.2874357444 0.1220467092
vn 0.9499922598 0.2874357444 0.1220467092
vn 0.9499922598 0.2874357444 0.1220467092
vn 0.9379159408 0.3070754302 0.1613021021
vn 0.9379159408 0.3070754302 0.1613021021
vn 0.9379159408 0.3070754302 0.1613021021
vn 0.9468925539 0.3108566029 0.08223541725
vn 0.9468925539 0.3108566029 0.08223541725
vn 0.9468925539 0.3108566029 0.08223541725
vn 0.956398663 0.2892044309 0.04077247257
vn 0.956398663 0.2892044309 0.04077247257
vn 0.956398663 0.2892044309 0.04077247257
vn 0.9500845321 0.3119925992 2.151215972e-07
vn 0.9500845321 0.3119925992 2.151215972e-07
vn 0.9500845321 0.3119925992 2.151215972e-07
vn 0.9563985576 0.2892047378 0.04077276896
vn 0.9563985576 0.2892047378 0.04077276896
vn 0.9563985576 0.2892047378 0.04077276896
vn 0.962172724 0.2435704266 0.1220536626
vn 0.962172724 0.2435704266 0.1220536626
vn 0.962172724 0.2435704266 0.1220536626
vn 0.9484165346 0.2229909007 0.2253466999
vn 0.9484165346 0.2229909007 0.2253466999
vn 0.9484165346 0.2229909007 0.2253466999
vn 0.9386244179 0.1747018249 0.2974280996
vn 0.9386244179 0.1747018249 0.2974280996
vn 0.9386244179 0.1747018249 0.2974280996
vn 0.9578319034 0.1746823621 0.2281317978
vn 0.9578319034 0.1746823621 0.2281317978
vn 0.9578319034 0.1746823621 0.2281317978
vn 0.9291735445 0.2228103684 0.2949441709
vn 0.9291735445 0.2228103684 0.2949441709
vn 0.9291735445 0.2228103684 0.2949441709
vn 0.9623261407 0.222259677 0.1566174793
vn 0.9623261407 0.222259677 0.1566174793
vn 0.9623261407 0.222259677 0.1566174793
vn -0.1045462817 -0.7281715331 -0.6773745591
vn -0.1090232801 -0.5678828133 -0.8158572392
vn -0.09785591952 -0.7486204907 -0.6557374321
vn -0.0978559202 -0.7486204908 -0.6557374319
vn -0.10902328 -0.5678828132 -0.8158572393
vn -0.07282838291 -0.5804165125 -0.8110565324
vn -0.1090232804 -0.5678828115 -0.8158572404
vn -0.1107383033 -0.3750717802 -0.9203576413
vn -0.07982815009 -0.4018974176 -0.9121984061
vn -0.1187563331 -0.3840229169 -0.9156545924
vn -0.1107383028 -0.3750717809 -0.9203576411
vn -0.1090232804 -0.5678828115 -0.8158572404
vn -0.1187563333 -0.384022922 -0.9156545903
vn -0.1177138255 -0.2955948691 -0.9480332951
vn -0.1107383017 -0.375071757 -0.9203576509
vn -0.07982814969 -0.4018974055 -0.9121984115
vn -0.1107383024 -0.3750717561 -0.9203576512
vn -0.1177138252 -0.2955948695 -0.948033295
vn -0.07282838346 -0.5804165015 -0.8110565401
vn -0.10902328 -0.5678828105 -0.8158572411
vn -0.07982814971 -0.4018974178 -0.9121984061
vn -0.06575481292 -0.77343456 -0.6304564108
vn -0.07282838341 -0.5804165133 -0.8110565317
vn -0.03266215614 -0.5800426805 -0.8139309997
vn -0.07282838295 -0.5804165015 -0.8110565402
vn -0.07982814964 -0.4018974183 -0.9121984059
vn -0.03266215607 -0.580042671 -0.8139310065
vn 0.9327818565 0.09089253481 0.3487929979
vn 0.9327818565 0.09089253481 0.3487929979
vn 0.9327818565 0.09089253481 0.3487929979
vn 0.9078655797 0.1561241277 0.3891083986
vn 0.9078655797 0.1561241277 0.3891083986
vn 0.9078655797 0.1561241277 0.3891083986
vn 0.906169831 0.09085352156 0.4130397984
vn 0.906169831 0.09085352156 0.4130397984
vn 0.906169831 0.09085352156 0.4130397984
vn 0.913838709 0.1069458436 0.391741497
vn 0.913838709 0.1069458436 0.391741497
vn 0.913838709 0.1069458436 0.391741497
vn -0.07982815039 -0.4018974059 -0.9121984113
vn -0.1177138248 -0.2955948692 -0.9480332952
vn -0.08234934593 -0.3139611876 -0.9458577895
vn -0.07982815144 -0.4018974072 -0.9121984106
vn -0.08234934542 -0.3139611881 -0.9458577894
vn -0.001109504794 -0.398092814 -0.9173444721
vn 0.9358820438 0.04107815348 0.3499105391
vn 0.9358820438 0.04107815348 0.3499105391
vn 0.9358820438 0.04107815348 0.3499105391
vn 0.9092154173 0.04109168909 0.4142931307
vn 0.9092154173 0.04109168909 0.4142931307
vn 0.9092154173 0.04109168909 0.4142931307
vn 0.9002593691 0.02510170763 0.4346296959
vn 0.9002593691 0.02510170763 0.4346296959
vn 0.9002593691 0.02510170763 0.4346296959
vn 0.9281574316 0.02503777063 0.3713447079
vn 0.9281574316 0.02503777063 0.3713447079
vn 0.9281574316 0.02503777063 0.3713447079
vn 0.9700005124 0.1571931669 0.1854435607
vn 0.9700005124 0.1571931669 0.1854435607
vn 0.9700005124 0.1571931669 0.1854435607
vn 0.9764697506 0.1085480906 0.186344139
vn 0.9764697506 0.1085480906 0.186344139
vn 0.9764697506 0.1085480906 0.186344139
vn 0.9727398955 0.09126567127 0.2131845982
vn 0.9727398955 0.09126567127 0.2131845982
vn 0.9727398955 0.09126567127 0.2131845982
vn 0.9806536966 0.1573200098 0.1164849426
vn 0.9806536966 0.1573200098 0.1164849426
vn 0.9806536966 0.1573200098 0.1164849426
vn 0.9871081196 0.1546755233 0.04114659988
vn 0.9871081196 0.1546755233 0.04114659988
vn 0.9871081196 0.1546755233 0.04114659988
vn 0.9871222396 0.1086746717 0.1173861145
vn 0.9871222396 0.1086746717 0.1173861145
vn 0.9871222396 0.1086746717 0.1173861145
vn 0.9852303729 0.09135015665 0.1448318374
vn 0.9852303729 0.09135015665 0.1448318374
vn 0.9852303729 0.09135015665 0.1448318374
vn 0.9927764366 0.1127025278 0.04114714114
vn 0.9927764366 0.1127025278 0.04114714114
vn 0.9927764366 0.1127025278 0.04114714114
vn 0.9929350937 0.09135408595 0.07572536357
vn 0.9929350937 0.09135408595 0.07572536357
vn 0.9929350937 0.09135408595 0.07572536357
vn 0.9961570509 0.08758498693 -0
vn 0.9961570509 0.08758498693 -0
vn 0.9961570509 0.08758498693 -0
vn 0.975966758 0.0418446525 0.2138642382
vn 0.975966758 0.0418446525 0.2138642382
vn 0.975966758 0.0418446525 0.2138642382
vn 0.9705158601 0.02483835728 0.239754085
vn 0.9705158601 0.02483835728 0.239754085
vn 0.9705158601 0.02483835728 0.239754085
vn 0.9847705897 0.02482436622 0.1720774143
vn 0.9847705897 0.02482436622 0.1720774143
vn 0.9847705897 0.02482436622 0.1720774143
vn 0.988500417 0.04210732483 0.1452373879
vn 0.988500417 0.04210732483 0.1452373879
vn 0.988500417 0.04210732483 0.1452373879
vn 0.9962249274 0.04203548119 0.07595335641
vn 0.9962249274 0.04203548119 0.07595335641
vn 0.9962249274 0.04203548119 0.07595335641
vn 0.9989350245 0.04613910283 0
vn 0.9989350245 0.04613910283 0
vn 0.9989350245 0.04613910283 0
vn 0.9943125441 0.02478614002 0.1035770821
vn 0.9943125441 0.02478614002 0.1035770821
vn 0.9943125441 0.02478614002 0.1035770821
vn 0.9990947882 0.02477432346 0.03458087807
vn 0.9990947882 0.02477432346 0.03458087807
vn 0.9990947882 0.02477432346 0.03458087807
vn 0.9542651255 0.1571196519 0.2543452089
vn 0.9542651255 0.1571196519 0.2543452089
vn 0.9542651255 0.1571196519 0.2543452089
vn 0.9332112423 0.1565675339 0.323424465
vn 0.9332112423 0.1565675339 0.323424465
vn 0.9332112423 0.1565675339 0.323424465
vn 0.9605742678 0.1087565745 0.2558692705
vn 0.9605742678 0.1087565745 0.2558692705
vn 0.9605742678 0.1087565745 0.2558692705
vn 0.9551811992 0.09043632497 0.2818690261
vn 0.9551811992 0.09043632497 0.2818690261
vn 0.9551811992 0.09043632497 0.2818690261
vn 0.9395209553 0.1082043867 0.3249495119
vn 0.9395209553 0.1082043867 0.3249495119
vn 0.9395209553 0.1082043867 0.3249495119
vn 0.9583508127 0.04233222553 0.2824388474
vn 0.9583508127 0.04233222553 0.2824388474
vn 0.9583508127 0.04233222553 0.2824388474
vn 0.9516120283 0.0250173835 0.306282024
vn 0.9516120283 0.0250173835 0.306282024
vn 0.9516120283 0.0250173835 0.306282024
vn -0.02172007568 -0.9352646321 -0.3532821907
vn -0.01910158774 -0.9176192892 -0.3970012209
vn -0.02786328709 -0.9235150867 -0.3825487182
vn -0.0187712836 -0.940743863 -0.3385980258
vn -0.01910158774 -0.9176192892 -0.3970012209
vn -0.02172007568 -0.9352646321 -0.3532821907
vn 0.8837674974 0.2375932492 0.4031184174
vn 0.8837674974 0.2375932492 0.4031184174
vn 0.8837674974 0.2375932492 0.4031184174
vn 0.8716715717 0.2836162798 0.3996879744
vn 0.8716715717 0.2836162798 0.3996879744
vn 0.8716715717 0.2836162798 0.3996879744
vn 0.8765847318 0.3020342557 0.374665873
vn 0.8765847318 0.3020342557 0.374665873
vn 0.8765847318 0.3020342557 0.374665873
vn -0.0185169527 -0.9411824267 -0.3373911115
vn -0.0006577993631 -0.9637710209 -0.2667301756
vn -0.01877128363 -0.9407438631 -0.3385980257
vn -0.03663855421 -0.7931340177 -0.6079441145
vn -0.03122610937 -0.8957225006 -0.4435156503
vn -0.01910158785 -0.9176192917 -0.3970012153
vn -0.06575481196 -0.7734345582 -0.6304564132
vn -0.03266215653 -0.5800426823 -0.8139309984
vn -0.03663855515 -0.7931340125 -0.6079441212
vn -0.03663855428 -0.7931340177 -0.6079441145
vn -0.03137373281 -0.8603910899 -0.5086677317
vn -0.0319321335 -0.8895624689 -0.4556961189
vn -0.03663855421 -0.7931340177 -0.6079441145
vn -0.03193213322 -0.8895624689 -0.4556961189
vn -0.03122610937 -0.8957225006 -0.4435156503
vn -0.03663855428 -0.7931340177 -0.6079441145
vn -0.03056092712 -0.8316954371 -0.5543904127
vn -0.03137373281 -0.8603910899 -0.5086677317
vn -0.03663855526 -0.7931340124 -0.6079441213
vn -0.03266215705 -0.5800426853 -0.8139309963
vn -0.01389344842 -0.6641751522 -0.747447884
vn 0.8447336166 0.1975515286 0.4973917073
vn 0.8447336166 0.1975515286 0.4973917073
vn 0.8447336166 0.1975515286 0.4973917073
vn -0.03663855676 -0.7931340175 -0.6079441146
vn -0.02411904869 -0.8015603155 -0.5974272609
vn -0.0305609331 -0.8316954366 -0.5543904131
vn -0.03663855676 -0.7931340175 -0.6079441146
vn -0.0227963419 -0.795621171 -0.6053654095
vn -0.02411904869 -0.8015603155 -0.5974272609
vn 0.8068927048 0.1730407557 0.5647840825
vn 0.8068927048 0.1730407557 0.5647840825
vn 0.8068927048 0.1730407557 0.5647840825
vn 0.8169729132 0.2122990807 0.5361756796
vn 0.8169729132 0.2122990807 0.5361756796
vn 0.8169729132 0.2122990807 0.5361756796
vn 0.8169732928 0.2122992779 0.5361750231
vn 0.8169732928 0.2122992779 0.5361750231
vn 0.8169732928 0.2122992779 0.5361750231
vn 0.8770262983 0.2202901857 0.4269626519
vn 0.8770262983 0.2202901857 0.4269626519
vn 0.8770262983 0.2202901857 0.4269626519
vn 0.8770253306 0.2202876936 0.4269659255
vn 0.8770253306 0.2202876936 0.4269659255
vn 0.8770253306 0.2202876936 0.4269659255
vn 0.8770253894 0.2202879876 0.426965653
vn 0.8770253894 0.2202879876 0.426965653
vn 0.8770253894 0.2202879876 0.426965653
vn -0.01910158785 -0.9176192917 -0.3970012153
vn -0.03122610937 -0.8957225006 -0.4435156503
vn -0.02786328513 -0.9235150783 -0.3825487388
vn 0.8520080906 0.2357495373 0.4674445092
vn 0.8520080906 0.2357495373 0.4674445092
vn 0.8520080906 0.2357495373 0.4674445092
vn 0.8837665653 0.2375960817 0.4031187914
vn 0.8837665653 0.2375960817 0.4031187914
vn 0.8837665653 0.2375960817 0.4031187914
vn 0.8858119418 0.1721635264 0.4309256595
vn 0.8858119418 0.1721635264 0.4309256595
vn 0.8858119418 0.1721635264 0.4309256595
vn 0.8531281491 0.171391356 0.4927447253
vn 0.8531281491 0.171391356 0.4927447253
vn 0.8531281491 0.171391356 0.4927447253
vn 0.8520079738 0.2357494502 0.467444766
vn 0.8520079738 0.2357494502 0.467444766
vn 0.8520079738 0.2357494502 0.467444766
vn 0.8447332101 0.1975488956 0.4973934435
vn 0.8447332101 0.1975488956 0.4973934435
vn 0.8447332101 0.1975488956 0.4973934435
vn 0.8447336064 0.1975517284 0.4973916453
vn 0.8447336064 0.1975517284 0.4973916453
vn 0.8447336064 0.1975517284 0.4973916453
vn -0.03663855523 -0.7931340148 -0.6079441182
vn -0.01389344831 -0.6641751476 -0.7474478881
vn -0.02279634129 -0.7956211627 -0.6053654205
vn 0.8068929549 0.173042019 0.564783338
vn 0.8068929549 0.173042019 0.564783338
vn 0.8068929549 0.173042019 0.564783338
vn 0.8068945255 0.1730364911 0.5647827879
vn 0.8068945255 0.1730364911 0.5647827879
vn 0.8068945255 0.1730364911 0.5647827879
vn -0.032662162 -0.5800426708 -0.8139310065
vn -0.07982815427 -0.4018974181 -0.9121984056
vn -0.001109500729 -0.3980927962 -0.9173444798
vn 0.8430486279 0.132135483 0.5213532633
vn 0.8430486279 0.132135483 0.5213532633
vn 0.8430486279 0.132135483 0.5213532633
vn 0.8500822909 0.1062639342 0.51581787
vn 0.8500822909 0.1062639342 0.51581787
vn 0.8500822909 0.1062639342 0.51581787
vn 0.8781658542 0.1559171999 0.4522328595
vn 0.8781658542 0.1559171999 0.4522328595
vn 0.8781658542 0.1559171999 0.4522328595
vn 0.8841401509 0.1067395999 0.4548657509
vn 0.8841401509 0.1067395999 0.4548657509
vn 0.8841401509 0.1067395999 0.4548657509
vn 0.8751839731 0.09075023579 0.4752024915
vn 0.8751839731 0.09075023579 0.4752024915
vn 0.8751839731 0.09075023579 0.4752024915
vn -0.0011095018 -0.3980928111 -0.9173444733
vn -0.08234934703 -0.3139611896 -0.9458577887
vn 0.03346504147 -0.2658366788 -0.963437051
vn 0.8373354232 0.0659585205 0.542695921
vn 0.8373354232 0.0659585205 0.542695921
vn 0.8373354232 0.0659585205 0.542695921
vn 0.8429291452 0.0406515656 0.5364866321
vn 0.8429291452 0.0406515656 0.5364866321
vn 0.8429291452 0.0406515656 0.5364866321
vn 0.878100275 0.0407646983 0.4767369783
vn 0.878100275 0.0407646983 0.4767369783
vn 0.878100275 0.0407646983 0.4767369783
vn 0.8680533351 0.02512397754 0.4958348446
vn 0.8680533351 0.02512397754 0.4958348446
vn 0.8680533351 0.02512397754 0.4958348446
vn -0.03266215705 -0.5800426853 -0.8139309963
vn -0.01227614839 -0.6397261445 -0.7685048837
vn -0.01389344842 -0.6641751522 -0.747447884
vn -0.03266215705 -0.5800426853 -0.8139309963
vn -0.01186231449 -0.6338202958 -0.7733893703
vn -0.01227614839 -0.6397261445 -0.7685048837
vn -0.03266215705 -0.5800426853 -0.8139309963
vn -0.01135607149 -0.6274663073 -0.7785608986
vn -0.01186231449 -0.6338202958 -0.7733893703
vn -0.03266215705 -0.5800426853 -0.8139309963
vn -0.006338741364 -0.5645134516 -0.8253995295
vn -0.01135607149 -0.6274663073 -0.7785608986
vn 0.7766690018 0.1873813307 0.6013929652
vn 0.7766690018 0.1873813307 0.6013929652
vn 0.7766690018 0.1873813307 0.6013929652
vn 0.7637256526 0.1474658013 0.6284719286
vn 0.7637256526 0.1474658013 0.6284719286
vn 0.7637256526 0.1474658013 0.6284719286
vn 0.7722440245 0.1213935743 0.6236206914
vn 0.7722440245 0.1213935743 0.6236206914
vn 0.7722440245 0.1213935743 0.6236206914
vn 0.7722401021 0.1213999978 0.6236242981
vn 0.7722401021 0.1213999978 0.6236242981
vn 0.7722401021 0.1213999978 0.6236242981
vn 0.8153162849 0.1470040151 0.5600439046
vn 0.8153162849 0.1470040151 0.5600439046
vn 0.8153162849 0.1470040151 0.5600439046
vn 0.8068914187 0.1730461616 0.5647842636
vn 0.8068914187 0.1730461616 0.5647842636
vn 0.8068914187 0.1730461616 0.5647842636
vn 0.8024758094 0.1070603946 0.5870014031
vn 0.8024758094 0.1070603946 0.5870014031
vn 0.8024758094 0.1070603946 0.5870014031
vn -0.03266215995 -0.580042674 -0.8139310042
vn -0.001109502008 -0.3980927956 -0.9173444801
vn 0.05007395106 -0.355771686 -0.9332304682
vn -0.03266216022 -0.5800426718 -0.8139310058
vn 0.05007395136 -0.3557716902 -0.9332304666
vn 0.02863699097 -0.4375179426 -0.8987535662
vn -0.03266216022 -0.5800426718 -0.8139310058
vn 0.02863699097 -0.4375179426 -0.8987535662
vn -0.006338746549 -0.5645134346 -0.8253995411
vn 0.7722400191 0.1213999975 0.623624401
vn 0.7722400191 0.1213999975 0.623624401
vn 0.7722400191 0.1213999975 0.623624401
vn 0.7567659675 0.08088837922 0.6486619617
vn 0.7567659675 0.08088837922 0.6486619617
vn 0.7567659675 0.08088837922 0.6486619617
vn -0.001109503408 -0.3980928112 -0.9173444733
vn 0.03346504073 -0.2658366782 -0.9634370512
vn 0.05794926149 -0.3217792325 -0.9450396863
vn -0.001109502008 -0.3980927956 -0.9173444801
vn 0.05486416109 -0.332610098 -0.9414671776
vn 0.05007395106 -0.355771686 -0.9332304682
vn -0.001109503408 -0.3980928112 -0.9173444733
vn 0.05794926149 -0.3217792325 -0.9450396863
vn 0.05486416118 -0.3326100923 -0.9414671796
vn 0.793995702 0.04057287105 0.6065679412
vn 0.793995702 0.04057287105 0.6065679412
vn 0.793995702 0.04057287105 0.6065679412
vn 0.8095093242 0.08118805314 0.5814663825
vn 0.8095093242 0.08118805314 0.5814663825
vn 0.8095093242 0.08118805314 0.5814663825
vn 0.05794926241 -0.3217792313 -0.9450396866
vn 0.03346504155 -0.2658366767 -0.9634370516
vn 0.06576262443 -0.301796651 -0.9511014976
vn 0.06576262443 -0.301796651 -0.9511014976
vn 0.03346504155 -0.2658366767 -0.9634370516
vn 0.08959952312 -0.2408649808 -0.966413983
vn 0.08959952312 -0.2408649808 -0.966413983
vn 0.03346504155 -0.2658366767 -0.9634370516
vn 0.1232878351 -0.1536548706 -0.9804031265
vn 0.7567670205 0.08088381658 0.6486613022
vn 0.7567670205 0.08088381658 0.6486613022
vn 0.7567670205 0.08088381658 0.6486613022
vn 0.7567651296 0.08088949439 0.6486628002
vn 0.7567651296 0.08088949439 0.6486628002
vn 0.7567651296 0.08088949439 0.6486628002
vn 0.7567635526 0.08089334524 0.6486641598
vn 0.7567635526 0.08089334524 0.6486641598
vn 0.7567635526 0.08089334524 0.6486641598
vn 0.7770803655 0.04057255592 0.6280923287
vn 0.7770803655 0.04057255592 0.6280923287
vn 0.7770803655 0.04057255592 0.6280923287
vn 0.7770790619 0.04057098587 0.6280940428
vn 0.7770790619 0.04057098587 0.6280940428
vn 0.7770790619 0.04057098587 0.6280940428
vn 0.7591662251 1.038084885e-06 0.6508967988
vn 0.7591662251 1.038084885e-06 0.6508967988
vn 0.7591662251 1.038084885e-06 0.6508967988
vn -0.08152006316 -0.9947451379 0.0619402133
vn -0.05126672112 -0.9946227068 0.08998552394
vn -0.07082250523 -0.9843977749 0.1610751177
vn -0.08152006316 -0.9947451379 0.0619402133
vn -0.05467972787 -0.9965063784 0.06312816498
vn -0.0532354072 -0.9957000725 0.07581132473
vn -0.08152006316 -0.9947451379 0.0619402133
vn -0.0532354072 -0.9957000725 0.07581132473
vn -0.05126672112 -0.9946227068 0.08998552394
vn -0.05126672033 -0.9946227068 0.08998552412
vn -0.05128355309 -0.9937484623 0.09916648058
vn -0.07082250475 -0.9843977749 0.1610751177
vn -0.05128355309 -0.9937484623 0.09916648058
vn -0.05078899434 -0.9895715704 0.1347908941
vn -0.07082250475 -0.9843977749 0.1610751177
vn -0.07082250475 -0.9843977749 0.1610751177
vn -0.05078899434 -0.9895715704 0.1347908941
vn -0.04997029764 -0.9857192031 0.1608123815
vn -0.07082250443 -0.9843977747 0.1610751195
vn -0.04997029789 -0.9857192032 0.1608123807
vn -0.050198698 -0.9853893095 0.1627513426
vn -0.07082250443 -0.9843977747 0.1610751195
vn -0.050198698 -0.9853893095 0.1627513426
vn -0.05052385351 -0.9847600229 0.166418261
vn 0.9685786165 0.2453423382 -0.04077500001
vn 0.9685786165 0.2453423382 -0.04077500001
vn 0.9685786165 0.2453423382 -0.04077500001
vn -0.08073881349 -0.9754518329 0.2048779289
vn -0.04925238387 -0.9763175206 0.2106615808
vn -0.07764354011 -0.956657676 0.2806734251
vn -0.07082250443 -0.9843977747 0.1610751195
vn -0.05052385351 -0.9847600229 0.166418261
vn -0.08073881384 -0.9754518331 0.2048779277
vn -0.05052385361 -0.9847600229 0.1664182609
vn -0.04953331038 -0.9829457765 0.177098988
vn -0.08073881375 -0.9754518331 0.2048779278
vn -0.04953331038 -0.9829457765 0.177098988
vn -0.04793597535 -0.9806721638 0.1896951486
vn -0.08073881375 -0.9754518331 0.2048779278
vn -0.04793597535 -0.9806721638 0.1896951486
vn -0.04925238355 -0.9763175203 0.2106615823
vn -0.08073881375 -0.9754518331 0.2048779278
vn 0.9718760304 0.2206965033 -0.08215859684
vn 0.9718760304 0.2206965033 -0.08215859684
vn 0.9718760304 0.2206965033 -0.08215859684
vn 0.9804972872 0.1786444898 -0.08192201243
vn 0.9804972872 0.1786444898 -0.08192201243
vn 0.9804972872 0.1786444898 -0.08192201243
vn 0.9718658258 0.1746838783 -0.1579948081
vn 0.9718658258 0.1746838783 -0.1579948081
vn 0.9718658258 0.1746838783 -0.1579948081
vn 0.950084569 0.3119924867 -3.269085358e-07
vn 0.950084569 0.3119924867 -3.269085358e-07
vn 0.950084569 0.3119924867 -3.269085358e-07
vn 0.9563985577 0.2892047538 -0.04077265275
vn 0.9563985577 0.2892047538 -0.04077265275
vn 0.9563985577 0.2892047538 -0.04077265275
vn 0.9563985881 0.2892046365 -0.04077277193
vn 0.9563985881 0.2892046365 -0.04077277193
vn 0.9563985881 0.2892046365 -0.04077277193
vn 0.9563985667 0.2892046964 -0.04077284961
vn 0.9563985667 0.2892046964 -0.04077284961
vn 0.9563985667 0.2892046964 -0.04077284961
vn 0.9468925883 0.3108565585 -0.08223518922
vn 0.9468925883 0.3108565585 -0.08223518922
vn 0.9468925883 0.3108565585 -0.08223518922
vn 0.9499923016 0.2874354706 -0.122047028
vn 0.9499923016 0.2874354706 -0.122047028
vn 0.9499923016 0.2874354706 -0.122047028
vn 0.9499922789 0.2874355732 -0.1220469631
vn 0.9499922789 0.2874355732 -0.1220469631
vn 0.9499922789 0.2874355732 -0.1220469631
vn 0.9499922971 0.2874355371 -0.1220469067
vn 0.9499922971 0.2874355371 -0.1220469067
vn 0.9499922971 0.2874355371 -0.1220469067
vn 0.9379158999 0.3070755432 -0.1613021249
vn 0.9379158999 0.3070755432 -0.1613021249
vn 0.9379158999 0.3070755432 -0.1613021249
vn 0.937915946 0.3070755021 -0.1613019348
vn 0.937915946 0.3070755021 -0.1613019348
vn 0.937915946 0.3070755021 -0.1613019348
vn 0.9621727203 0.2435704469 -0.1220536513
vn 0.9621727203 0.2435704469 -0.1220536513
vn 0.9621727203 0.2435704469 -0.1220536513
vn 0.938065495 0.285774781 -0.1958721566
vn 0.938065495 0.285774781 -0.1958721566
vn 0.938065495 0.285774781 -0.1958721566
vn -0.04793597521 -0.9806721639 0.1896951484
vn -0.04712857934 -0.9795227252 0.1957399494
vn -0.04925238373 -0.9763175203 0.2106615825
vn 0.9380656696 0.2857746207 -0.1958715539
vn 0.9380656696 0.2857746207 -0.1958715539
vn 0.9380656696 0.2857746207 -0.1958715539
vn -0.04712857934 -0.9795227252 0.1957399494
vn -0.04599031343 -0.9782429175 0.2023009774
vn -0.04925238373 -0.9763175203 0.2106615825
vn -0.04599031343 -0.9782429175 0.2023009774
vn -0.0454894132 -0.9777564964 0.204750939
vn -0.04925238373 -0.9763175203 0.2106615825
vn 0.9501562601 0.2397472332 -0.1993096727
vn 0.9501562601 0.2397472332 -0.1993096727
vn 0.9501562601 0.2397472332 -0.1993096727
vn 0.9380654285 0.2857751207 -0.1958719793
vn 0.9380654285 0.2857751207 -0.1958719793
vn 0.9380654285 0.2857751207 -0.1958719793
vn 0.9224210808 0.3041320442 -0.2379980028
vn 0.9224210808 0.3041320442 -0.2379980028
vn 0.9224210808 0.3041320442 -0.2379980028
vn 0.920648796 0.2863978406 -0.2652961955
vn 0.920648796 0.2863978406 -0.2652961955
vn 0.920648796 0.2863978406 -0.2652961955
vn 0.9206488672 0.2863966838 -0.2652971973
vn 0.9206488672 0.2863966838 -0.2652971973
vn 0.9206488672 0.2863966838 -0.2652971973
vn -0.04548941341 -0.9777564964 0.204750939
vn -0.04755737828 -0.9766628918 0.2094466318
vn -0.04925238236 -0.9763175203 0.2106615826
vn -0.04925238313 -0.9763175204 0.210661582
vn -0.04826521653 -0.9724157897 0.2282060489
vn -0.05571539277 -0.9624540321 0.2656652613
vn 0.932740057 0.2403736483 -0.2687312697
vn 0.932740057 0.2403736483 -0.2687312697
vn 0.932740057 0.2403736483 -0.2687312697
vn 0.9206485413 0.2863983969 -0.2652964789
vn 0.9206485413 0.2863983969 -0.2652964789
vn 0.9206485413 0.2863983969 -0.2652964789
vn -0.04925238313 -0.9763175204 0.210661582
vn -0.04755737899 -0.9766628918 0.2094466315
vn -0.04826105073 -0.9724705 0.2279736775
vn -0.04925238313 -0.9763175204 0.210661582
vn -0.04826226029 -0.9724592498 0.2280214061
vn -0.04826521653 -0.9724157897 0.2282060489
vn -0.04925238313 -0.9763175204 0.210661582
vn -0.04826105073 -0.9724705 0.2279736775
vn -0.04826226029 -0.9724592498 0.2280214061
vn 0.9206443413 0.286410203 -0.2652983084
vn 0.9206443413 0.286410203 -0.2652983084
vn 0.9206443413 0.286410203 -0.2652983084
vn -0.04826521653 -0.9724157897 0.2282060489
vn -0.04841032892 -0.9696523844 0.2396470186
vn -0.05571539277 -0.9624540321 0.2656652613
vn 0.9018563968 0.3039315226 -0.3070515739
vn 0.9018563968 0.3039315226 -0.3070515739
vn 0.9018563968 0.3039315226 -0.3070515739
vn 0.8984842322 0.2856544745 -0.3333580743
vn 0.8984842322 0.2856544745 -0.3333580743
vn 0.8984842322 0.2856544745 -0.3333580743
vn 0.9105617536 0.2396944939 -0.3367845638
vn 0.9105617536 0.2396944939 -0.3367845638
vn 0.9105617536 0.2396944939 -0.3367845638
vn 0.9105671989 0.2396769352 -0.3367823376
vn 0.9105671989 0.2396769352 -0.3367823376
vn 0.9105671989 0.2396769352 -0.3367823376
vn 0.9623261364 0.2222596839 -0.1566174959
vn 0.9623261364 0.2222596839 -0.1566174959
vn 0.9623261364 0.2222596839 -0.1566174959
vn 0.9484165236 0.2229909508 -0.2253466967
vn 0.9484165236 0.2229909508 -0.2253466967
vn 0.9484165236 0.2229909508 -0.2253466967
vn 0.9578319034 0.1746823621 -0.2281317978
vn 0.9578319034 0.1746823621 -0.2281317978
vn 0.9578319034 0.1746823621 -0.2281317978
vn 0.9386243834 0.1747019153 -0.2974281555
vn 0.9386243834 0.1747019153 -0.2974281555
vn 0.9386243834 0.1747019153 -0.2974281555
vn 0.9291735205 0.2228103919 -0.2949442288
vn 0.9291735205 0.2228103919 -0.2949442288
vn 0.9291735205 0.2228103919 -0.2949442288
vn -0.0492523833 -0.9763175204 0.2106615821
vn -0.05571539276 -0.9624540321 0.2656652613
vn -0.07764353947 -0.9566576757 0.2806734265
vn -0.1167908701 -0.8746419986 0.4704904536
vn -0.07764353691 -0.9566576791 0.2806734154
vn -0.05571539047 -0.962454035 0.2656652514
vn -0.1167908696 -0.874641999 0.4704904529
vn -0.05571539149 -0.9624540344 0.2656652533
vn -0.08088014016 -0.8968141835 0.4349514033
vn -0.1167908697 -0.8746419993 0.4704904524
vn -0.08088013917 -0.8968141854 0.4349513995
vn -0.152944408 -0.7626511005 0.6284674272
vn -0.08088013866 -0.8968141856 0.4349513992
vn -0.132584957 -0.7722188481 0.6213688758
vn -0.1529444103 -0.7626510956 0.6284674325
vn -0.04841032865 -0.9696523844 0.2396470187
vn -0.04764789943 -0.9658187613 0.2548014873
vn -0.05571539288 -0.9624540321 0.2656652613
vn -0.04764789943 -0.9658187613 0.2548014873
vn -0.04729898923 -0.9643486792 0.2603736365
vn -0.05571539288 -0.9624540321 0.2656652613
vn -0.05571539288 -0.9624540321 0.2656652613
vn -0.04729898923 -0.9643486792 0.2603736365
vn -0.04727369019 -0.9642644307 0.260690057
vn 0.9105671505 0.2396769299 -0.3367824725
vn 0.9105671505 0.2396769299 -0.3367824725
vn 0.9105671505 0.2396769299 -0.3367824725
vn -0.05571539147 -0.9624540344 0.2656652532
vn -0.04727369053 -0.9642644303 0.2606900585
vn -0.05138106468 -0.9528456645 0.29907378
vn -0.05571539147 -0.9624540344 0.2656652532
vn -0.05138106468 -0.9528456645 0.29907378
vn -0.08088014018 -0.8968141835 0.4349514032
vn 0.9050782491 0.2216073121 -0.3629374082
vn 0.9050782491 0.2216073121 -0.3629374082
vn 0.9050782491 0.2216073121 -0.3629374082
vn 0.9050782686 0.2216072893 -0.3629373734
vn 0.9050782686 0.2216072893 -0.3629373734
vn 0.9050782686 0.2216072893 -0.3629373734
vn -0.05138106444 -0.9528456646 0.2990737797
vn -0.04830055026 -0.9445741806 0.3247255366
vn -0.08088014067 -0.8968141832 0.4349514037
vn -0.08088014067 -0.8968141832 0.4349514037
vn -0.04830055026 -0.9445741806 0.3247255366
vn -0.04511668525 -0.9362624221 0.3483922526
vn -0.08088014067 -0.8968141832 0.4349514037
vn -0.04511668525 -0.9362624221 0.3483922526
vn -0.04654621973 -0.9139214029 0.4032134902
vn 0.9146054842 0.1734337361 -0.3652636685
vn 0.9146054842 0.1734337361 -0.3652636685
vn 0.9146054842 0.1734337361 -0.3652636685
vn -0.08088013885 -0.8968141856 0.4349513991
vn -0.04654621359 -0.9139214071 0.4032134815
vn -0.1325849571 -0.7722188479 0.6213688761
vn -0.04654621548 -0.913921407 0.4032134815
vn -0.08225866129 -0.8014679315 0.5923534988
vn -0.1325849594 -0.7722188473 0.6213688763
vn 0.9871081194 0.1546755251 -0.04114659893
vn 0.9871081194 0.1546755251 -0.04114659893
vn 0.9871081194 0.1546755251 -0.04114659893
vn 0.9806536987 0.1573199965 -0.1164849429
vn 0.9806536987 0.1573199965 -0.1164849429
vn 0.9806536987 0.1573199965 -0.1164849429
vn 0.9927764367 0.1127025272 -0.04114714019
vn 0.9927764367 0.1127025272 -0.04114714019
vn 0.9927764367 0.1127025272 -0.04114714019
vn 0.9929350939 0.09135408508 -0.07572536149
vn 0.9929350939 0.09135408508 -0.07572536149
vn 0.9929350939 0.09135408508 -0.07572536149
vn 0.9871222396 0.1086746717 -0.1173861145
vn 0.9871222396 0.1086746717 -0.1173861145
vn 0.9871222396 0.1086746717 -0.1173861145
vn 0.9852303702 0.09135013663 -0.144831869
vn 0.9852303702 0.09135013663 -0.144831869
vn 0.9852303702 0.09135013663 -0.144831869
vn 0.9700005124 0.1571931669 -0.1854435607
vn 0.9700005124 0.1571931669 -0.1854435607
vn 0.9700005124 0.1571931669 -0.1854435607
vn 0.9764697552 0.1085480483 -0.1863441396
vn 0.9764697552 0.1085480483 -0.1863441396
vn 0.9764697552 0.1085480483 -0.1863441396
vn 0.9727399146 0.09126568273 -0.2131845062
vn 0.9727399146 0.09126568273 -0.2131845062
vn 0.9727399146 0.09126568273 -0.2131845062
vn 0.9962249277 0.04203547816 -0.07595335433
vn 0.9962249277 0.04203547816 -0.07595335433
vn 0.9962249277 0.04203547816 -0.07595335433
vn 0.9885004125 0.04210732125 -0.1452374193
vn 0.9885004125 0.04210732125 -0.1452374193
vn 0.9885004125 0.04210732125 -0.1452374193
vn 0.9990947882 0.02477432287 -0.03458087902
vn 0.9990947882 0.02477432287 -0.03458087902
vn 0.9990947882 0.02477432287 -0.03458087902
vn 0.9943125437 0.02478613052 -0.1035770878
vn 0.9943125437 0.02478613052 -0.1035770878
vn 0.9943125437 0.02478613052 -0.1035770878
vn 0.9759667777 0.04184466401 -0.2138641461
vn 0.9759667777 0.04184466401 -0.2138641461
vn 0.9759667777 0.04184466401 -0.2138641461
vn 0.9847705922 0.02482439808 -0.1720773954
vn 0.9847705922 0.02482439808 -0.1720773954
vn 0.9847705922 0.02482439808 -0.1720773954
vn 0.9705158496 0.0248382682 -0.239754137
vn 0.9705158496 0.0248382682 -0.239754137
vn 0.9705158496 0.0248382682 -0.239754137
vn 0.9542651338 0.157119688 -0.2543451555
vn 0.9542651338 0.157119688 -0.2543451555
vn 0.9542651338 0.157119688 -0.2543451555
vn 0.9332111896 0.1565675853 -0.3234245923
vn 0.9332111896 0.1565675853 -0.3234245923
vn 0.9332111896 0.1565675853 -0.3234245923
vn 0.9605742777 0.1087566117 -0.2558692173
vn 0.9605742777 0.1087566117 -0.2558692173
vn 0.9605742777 0.1087566117 -0.2558692173
vn 0.9551811728 0.09043624281 -0.2818691418
vn 0.9551811728 0.09043624281 -0.2818691418
vn 0.9551811728 0.09043624281 -0.2818691418
vn 0.9395209205 0.1082042916 -0.3249496441
vn 0.9395209205 0.1082042916 -0.3249496441
vn 0.9395209205 0.1082042916 -0.3249496441
vn 0.9583507825 0.04233214273 -0.2824389621
vn 0.9583507825 0.04233214273 -0.2824389621
vn 0.9583507825 0.04233214273 -0.2824389621
vn 0.9516120675 0.02501747817 -0.3062818944
vn 0.9516120675 0.02501747817 -0.3062818944
vn 0.9516120675 0.02501747817 -0.3062818944
vn -0.1529444025 -0.7626511049 0.6284674231
vn -0.1325849627 -0.7722188441 0.6213688795
vn -0.1264878347 -0.6659084577 0.7352324487
vn -0.1290345994 -0.6952654295 0.7070757065
vn -0.1264878315 -0.6659084493 0.7352324569
vn -0.07377120093 -0.4537799923 0.888054913
vn -0.09419319191 -0.5245080351 0.8461790376
vn -0.07377119505 -0.4537799695 0.8880549252
vn -0.03949912234 -0.2869548088 0.9571294359
vn -0.07377119472 -0.453779968 0.8880549259
vn -0.007706441522 -0.2526395345 0.9675297806
vn -0.03949912217 -0.286954808 0.9571294361
vn 0.9327818565 0.09089253481 -0.3487929979
vn 0.9327818565 0.09089253481 -0.3487929979
vn 0.9327818565 0.09089253481 -0.3487929979
vn 0.9078655797 0.1561241277 -0.3891083986
vn 0.9078655797 0.1561241277 -0.3891083986
vn 0.9078655797 0.1561241277 -0.3891083986
vn 0.913838709 0.1069458436 -0.391741497
vn 0.913838709 0.1069458436 -0.391741497
vn 0.913838709 0.1069458436 -0.391741497
vn 0.906169831 0.09085352156 -0.4130397984
vn 0.906169831 0.09085352156 -0.4130397984
vn 0.906169831 0.09085352156 -0.4130397984
vn -0.08225866301 -0.8014679288 0.5923535021
vn -0.1264878344 -0.6659084581 0.7352324484
vn -0.1325849633 -0.7722188436 0.62136888
vn -0.1264878309 -0.6659084492 0.7352324571
vn -0.08379472625 -0.628360016 0.7733964922
vn -0.07377120197 -0.4537799925 0.8880549128
vn -0.08225866236 -0.8014679331 0.5923534964
vn -0.08379474044 -0.6283600256 0.7733964829
vn -0.1264878351 -0.6659084516 0.7352324542
vn 0.9358820375 0.04107831516 -0.3499105369
vn 0.9358820375 0.04107831516 -0.3499105369
vn 0.9358820375 0.04107831516 -0.3499105369
vn 0.9092154173 0.04109168909 -0.4142931307
vn 0.9092154173 0.04109168909 -0.4142931307
vn 0.9092154173 0.04109168909 -0.4142931307
vn 0.9281573694 0.02503782687 -0.3713448597
vn 0.9281573694 0.02503782687 -0.3713448597
vn 0.9281573694 0.02503782687 -0.3713448597
vn 0.9002593691 0.02510170763 -0.4346296959
vn 0.9002593691 0.02510170763 -0.4346296959
vn 0.9002593691 0.02510170763 -0.4346296959
vn -0.08379473102 -0.6283600259 0.7733964836
vn -0.0307551597 -0.3881020494 0.9211030992
vn -0.07377119944 -0.4537799875 0.8880549156
vn -0.07377119345 -0.4537799635 0.8880549284
vn -0.03075515808 -0.3881020425 0.9211031022
vn -0.007706439796 -0.2526395278 0.9675297824
vn 0.8837981351 0.2375046919 -0.403103433
vn 0.8837981351 0.2375046919 -0.403103433
vn 0.8837981351 0.2375046919 -0.403103433
vn 0.8837667442 0.2375959653 -0.4031184678
vn 0.8837667442 0.2375959653 -0.4031184678
vn 0.8837667442 0.2375959653 -0.4031184678
vn 0.8837664355 0.237595844 -0.4031192162
vn 0.8837664355 0.237595844 -0.4031192162
vn 0.8837664355 0.237595844 -0.4031192162
vn 0.8770255653 0.2202885132 -0.4269650205
vn 0.8770255653 0.2202885132 -0.4269650205
vn 0.8770255653 0.2202885132 -0.4269650205
vn 0.8770254384 0.2202872837 -0.4269659155
vn 0.8770254384 0.2202872837 -0.4269659155
vn 0.8770254384 0.2202872837 -0.4269659155
vn 0.8770254533 0.2202876769 -0.426965682
vn 0.8770254533 0.2202876769 -0.426965682
vn 0.8770254533 0.2202876769 -0.426965682
vn -0.04511668574 -0.936262422 0.3483922529
vn -0.04615018186 -0.931899001 0.3597699441
vn -0.04654622056 -0.9139214027 0.4032134907
vn -0.04615018186 -0.931899001 0.3597699441
vn -0.04824268823 -0.9231675454 0.381358527
vn -0.04654622056 -0.9139214027 0.4032134907
vn -0.04824268826 -0.9231675454 0.3813585271
vn -0.04724165677 -0.9152980391 0.3999971568
vn -0.04654622175 -0.9139214023 0.4032134915
vn -0.04654621615 -0.9139214068 0.4032134819
vn -0.04724164941 -0.9152980441 0.3999971462
vn -0.04890913377 -0.9115025048 0.4083761506
vn 0.8520078333 0.2357494134 -0.4674450407
vn 0.8520078333 0.2357494134 -0.4674450407
vn 0.8520078333 0.2357494134 -0.4674450407
vn 0.8520078653 0.2357494311 -0.4674449735
vn 0.8520078653 0.2357494311 -0.4674449735
vn 0.8520078653 0.2357494311 -0.4674449735
vn 0.852008572 0.235752043 -0.467442368
vn 0.852008572 0.235752043 -0.467442368
vn 0.852008572 0.235752043 -0.467442368
vn 0.8858119418 0.1721635264 -0.4309256595
vn 0.8858119418 0.1721635264 -0.4309256595
vn 0.8858119418 0.1721635264 -0.4309256595
vn 0.8531280301 0.1713914255 -0.4927449071
vn 0.8531280301 0.1713914255 -0.4927449071
vn 0.8531280301 0.1713914255 -0.4927449071
vn 0.8447337911 0.1975507312 -0.4973917276
vn 0.8447337911 0.1975507312 -0.4973917276
vn 0.8447337911 0.1975507312 -0.4973917276
vn 0.8447337996 0.1975506823 -0.4973917326
vn 0.8447337996 0.1975506823 -0.4973917326
vn 0.8447337996 0.1975506823 -0.4973917326
vn -0.04654621615 -0.9139214068 0.4032134819
vn -0.04890913377 -0.9115025048 0.4083761506
vn -0.08225865922 -0.8014679322 0.592353498
vn -0.04890913377 -0.9115025048 0.4083761506
vn -0.06586821008 -0.8680427687 0.4921007322
vn -0.08225865922 -0.8014679322 0.592353498
vn -0.06586821418 -0.8680427678 0.4921007331
vn -0.06502986416 -0.8664851329 0.4949491198
vn -0.08225866387 -0.8014679313 0.5923534986
vn -0.06502986416 -0.8664851329 0.4949491198
vn -0.0519848834 -0.8426337159 0.5359720073
vn -0.08225866387 -0.8014679313 0.5923534986
vn -0.0519848834 -0.8426337159 0.5359720073
vn -0.03885752716 -0.8185536752 0.573114276
vn -0.08225866387 -0.8014679313 0.5923534986
vn 0.8447268611 0.197555169 -0.4974017344
vn 0.8447268611 0.197555169 -0.4974017344
vn 0.8447268611 0.197555169 -0.4974017344
vn 0.8169728659 0.212298922 -0.5361758146
vn 0.8169728659 0.212298922 -0.5361758146
vn 0.8169728659 0.212298922 -0.5361758146
vn 0.8068930213 0.1730432501 -0.564782866
vn 0.8068930213 0.1730432501 -0.564782866
vn 0.8068930213 0.1730432501 -0.564782866
vn 0.8068933188 0.1730408149 -0.5647831872
vn 0.8068933188 0.1730408149 -0.5647831872
vn 0.8068933188 0.1730408149 -0.5647831872
vn -0.03885753943 -0.8185536633 0.5731142923
vn -0.03431050246 -0.7399476778 0.6717888236
vn -0.03469645191 -0.7467888601 0.6641555199
vn 0.8781658542 0.1559171999 -0.4522328595
vn 0.8781658542 0.1559171999 -0.4522328595
vn 0.8781658542 0.1559171999 -0.4522328595
vn 0.8841401509 0.1067395999 -0.4548657509
vn 0.8841401509 0.1067395999 -0.4548657509
vn 0.8841401509 0.1067395999 -0.4548657509
vn 0.8751840609 0.09075038724 -0.4752023009
vn 0.8751840609 0.09075038724 -0.4752023009
vn 0.8751840609 0.09075038724 -0.4752023009
vn -0.08225866225 -0.8014679317 0.5923534983
vn -0.04129705202 -0.6419550534 0.7656293248
vn -0.08379474083 -0.6283600294 0.7733964797
vn 0.8430484987 0.1321355558 -0.5213534538
vn 0.8430484987 0.1321355558 -0.5213534538
vn 0.8430484987 0.1321355558 -0.5213534538
vn -0.08225866191 -0.8014679326 0.5923534971
vn -0.03885753943 -0.8185536633 0.5731142923
vn -0.04129705382 -0.6419550508 0.7656293268
vn 0.8153164013 0.1470039556 -0.5600437508
vn 0.8153164013 0.1470039556 -0.5600437508
vn 0.8153164013 0.1470039556 -0.5600437508
vn 0.8500820971 0.1062642734 -0.5158181195
vn 0.8500820971 0.1062642734 -0.5158181195
vn 0.8500820971 0.1062642734 -0.5158181195
vn -0.08379474154 -0.6283600234 0.7733964845
vn -0.04129705179 -0.641955044 0.7656293327
vn -0.0353762574 -0.3495285765 0.9362576006
vn 0.8781003777 0.04076462933 -0.4767367949
vn 0.8781003777 0.04076462933 -0.4767367949
vn 0.8781003777 0.04076462933 -0.4767367949
vn 0.8680534453 0.02512390619 -0.4958346553
vn 0.8680534453 0.02512390619 -0.4958346553
vn 0.8680534453 0.02512390619 -0.4958346553
vn -0.08379473304 -0.6283600263 0.7733964831
vn -0.03537625576 -0.3495285774 0.9362576003
vn -0.03075516026 -0.3881020499 0.921103099
vn -0.03075515879 -0.3881020426 0.9211031021
vn -0.01420473047 -0.1833274791 0.9829492668
vn -0.007706439569 -0.2526395275 0.9675297825
vn 0.8373352926 0.06595908072 -0.5426960543
vn 0.8373352926 0.06595908072 -0.5426960543
vn 0.8373352926 0.06595908072 -0.5426960543
vn 0.8429291452 0.0406515656 -0.5364866321
vn 0.8429291452 0.0406515656 -0.5364866321
vn 0.8429291452 0.0406515656 -0.5364866321
vn -0.03075515854 -0.3881020422 0.9211031023
vn -0.03537625801 -0.3495285855 0.9362575972
vn -0.01420473136 -0.1833274814 0.9829492663
vn 0.8153196805 0.14701358 -0.5600364505
vn 0.8153196805 0.14701358 -0.5600364505
vn 0.8153196805 0.14701358 -0.5600364505
vn 0.8024703813 0.1070429515 -0.5870120047
vn 0.8024703813 0.1070429515 -0.5870120047
vn 0.8024703813 0.1070429515 -0.5870120047
vn -0.03885753943 -0.8185536633 0.5731142923
vn -0.03469645191 -0.7467888601 0.6641555199
vn -0.04129705382 -0.6419550508 0.7656293268
vn -0.03469645203 -0.7467888601 0.6641555199
vn -0.03416767233 -0.7399553735 0.6717876267
vn -0.04129705347 -0.6419550509 0.7656293268
vn -0.03416767233 -0.7399553735 0.6717876267
vn -0.03362812899 -0.7332583324 0.6791180802
vn -0.04129705347 -0.6419550509 0.7656293268
vn -0.03362812899 -0.7332583324 0.6791180802
vn -0.03322571044 -0.7291990091 0.683494592
vn -0.04129705347 -0.6419550509 0.7656293268
vn -0.03322571044 -0.7291990091 0.683494592
vn -0.02437458913 -0.6470897247 0.7620241253
vn -0.04129705347 -0.6419550509 0.7656293268
vn 0.8024760281 0.1070605929 -0.587001068
vn 0.8024760281 0.1070605929 -0.587001068
vn 0.8024760281 0.1070605929 -0.587001068
vn 0.7722400376 0.1214003431 -0.6236243108
vn 0.7722400376 0.1214003431 -0.6236243108
vn 0.7722400376 0.1214003431 -0.6236243108
vn -0.0412970518 -0.6419550446 0.7656293321
vn -0.0213518415 -0.5482766127 0.8360244344
vn -0.0353762573 -0.3495285768 0.9362576004
vn -0.04129705361 -0.6419550424 0.7656293339
vn -0.024374589 -0.6470897199 0.7620241294
vn -0.02135749222 -0.5484135132 0.8359344927
vn 0.7722394357 0.1214000183 -0.6236251193
vn 0.7722394357 0.1214000183 -0.6236251193
vn 0.7722394357 0.1214000183 -0.6236251193
vn -0.04129705361 -0.6419550424 0.7656293339
vn -0.02135749222 -0.5484135132 0.8359344927
vn -0.02135184016 -0.5482766138 0.8360244336
vn 0.7568030842 0.08098174933 -0.6486070059
vn 0.7568030842 0.08098174933 -0.6486070059
vn 0.7568030842 0.08098174933 -0.6486070059
vn 0.7567653961 0.08088831207 -0.6486626367
vn 0.7567653961 0.08088831207 -0.6486626367
vn 0.7567653961 0.08088831207 -0.6486626367
vn 0.8095094801 0.08118848887 -0.5814661047
vn 0.8095094801 0.08118848887 -0.5814661047
vn 0.8095094801 0.08118848887 -0.5814661047
vn 0.793995702 0.04057287105 -0.6065679412
vn 0.793995702 0.04057287105 -0.6065679412
vn 0.793995702 0.04057287105 -0.6065679412
vn -0.03537625742 -0.3495285861 0.936257597
vn -0.006645268259 -0.2410742417 0.9704839259
vn -0.01420473164 -0.1833274817 0.9829492663
vn -0.0213518415 -0.5482766127 0.8360244344
vn -0.007750329959 -0.3544074469 0.9350589789
vn -0.0353762573 -0.3495285768 0.9362576004
vn 0.7567653976 0.08088830636 -0.6486626356
vn 0.7567653976 0.08088830636 -0.6486626356
vn 0.7567653976 0.08088830636 -0.6486626356
vn -0.0353762573 -0.3495285768 0.9362576004
vn -0.007750329959 -0.3544074469 0.9350589789
vn -0.007467497703 -0.3504095255 0.936566816
vn 0.7770796014 0.04057255523 -0.628093274
vn 0.7770796014 0.04057255523 -0.628093274
vn 0.7770796014 0.04057255523 -0.628093274
vn -0.03537625791 -0.3495285859 0.936257597
vn -0.007467495535 -0.3504094678 0.9365668377
vn -0.007456010437 -0.2909736034 0.9567020278
vn -0.03537625791 -0.3495285859 0.936257597
vn -0.007456010437 -0.2909736034 0.9567020278
vn -0.007293747236 -0.2758454927 0.9611743158
vn -0.03537625791 -0.3495285859 0.936257597
vn -0.007293747236 -0.2758454927 0.9611743158
vn -0.006645269522 -0.2410742421 0.9704839258
vn 0.738306795 0.08102011605 -0.6695810759
vn 0.738306795 0.08102011605 -0.6695810759
vn 0.738306795 0.08102011605 -0.6695810759
vn 0.7383275687 0.08101550348 -0.6695587275
vn 0.7383275687 0.08101550348 -0.6695587275
vn 0.7383275687 0.08101550348 -0.6695587275
vn 0.720481587 0.04031967094 -0.6923009511
vn 0.720481587 0.04031967094 -0.6923009511
vn 0.720481587 0.04031967094 -0.6923009511
vn -0.006645268259 -0.2410742417 0.9704839259
vn 0.004117953461 -0.1654971433 0.9862016721
vn -0.01420473164 -0.1833274817 0.9829492663
vn 0.7407971415 8.795455171e-07 -0.6717288107
vn 0.7407971415 8.795455171e-07 -0.6717288107
vn 0.7407971415 8.795455171e-07 -0.6717288107
vn 0.7407984814 0 -0.671727333
vn 0.7407984814 0 -0.671727333
vn 0.7407984814 0 -0.671727333
vn -0.1187563333 0.384022922 -0.9156545903
vn -0.1107383017 0.375071757 -0.9203576509
vn -0.1177138255 0.2955948691 -0.9480332951
vn -0.1187563331 0.3840229169 -0.9156545924
vn -0.1090232804 0.5678828115 -0.8158572404
vn -0.1107383028 0.3750717809 -0.9203576411
vn -0.1177138252 0.2955948695 -0.948033295
vn -0.1107383024 0.3750717561 -0.9203576512
vn -0.07982814969 0.4018974055 -0.9121984115
vn -0.1090232801 0.5678828133 -0.8158572392
vn -0.1045462817 0.7281715331 -0.6773745591
vn -0.09785591952 0.7486204907 -0.6557374321
vn -0.07982815009 0.4018974176 -0.9121984061
vn -0.1107383033 0.3750717802 -0.9203576413
vn -0.1090232804 0.5678828115 -0.8158572404
vn -0.10902328 0.5678828132 -0.8158572393
vn -0.0978559202 0.7486204908 -0.6557374319
vn -0.07282838291 0.5804165125 -0.8110565324
vn -0.1177138248 0.2955948692 -0.9480332952
vn -0.07982815039 0.4018974059 -0.9121984113
vn -0.08234934593 0.3139611876 -0.9458577895
vn -0.08234934542 0.3139611881 -0.9458577894
vn -0.07982815144 0.4018974072 -0.9121984106
vn -0.001109504794 0.398092814 -0.9173444721
vn 0.9358820438 -0.04107815348 0.3499105391
vn 0.9358820438 -0.04107815348 0.3499105391
vn 0.9358820438 -0.04107815348 0.3499105391
vn 0.9002593691 -0.02510170763 0.4346296959
vn 0.9002593691 -0.02510170763 0.4346296959
vn 0.9002593691 -0.02510170763 0.4346296959
vn 0.9281574316 -0.02503777063 0.3713447079
vn 0.9281574316 -0.02503777063 0.3713447079
vn 0.9281574316 -0.02503777063 0.3713447079
vn 0.9092154173 -0.04109168909 0.4142931307
vn 0.9092154173 -0.04109168909 0.4142931307
vn 0.9092154173 -0.04109168909 0.4142931307
vn -0.07982814971 0.4018974178 -0.9121984061
vn -0.10902328 0.5678828105 -0.8158572411
vn -0.07282838346 0.5804165015 -0.8110565401
vn -0.07982814964 0.4018974183 -0.9121984059
vn -0.07282838295 0.5804165015 -0.8110565402
vn -0.03266215607 0.580042671 -0.8139310065
vn -0.07282838341 0.5804165133 -0.8110565317
vn -0.06575481292 0.77343456 -0.6304564108
vn -0.03266215614 0.5800426805 -0.8139309997
vn 0.9327818565 -0.09089253481 0.3487929979
vn 0.9327818565 -0.09089253481 0.3487929979
vn 0.9327818565 -0.09089253481 0.3487929979
vn 0.906169831 -0.09085352156 0.4130397984
vn 0.906169831 -0.09085352156 0.4130397984
vn 0.906169831 -0.09085352156 0.4130397984
vn 0.913838709 -0.1069458436 0.391741497
vn 0.913838709 -0.1069458436 0.391741497
vn 0.913838709 -0.1069458436 0.391741497
vn 0.9078655797 -0.1561241277 0.3891083986
vn 0.9078655797 -0.1561241277 0.3891083986
vn 0.9078655797 -0.1561241277 0.3891083986
vn 0.9705158601 -0.02483835728 0.239754085
vn 0.9705158601 -0.02483835728 0.239754085
vn 0.9705158601 -0.02483835728 0.239754085
vn 0.9847705897 -0.02482436622 0.1720774143
vn 0.9847705897 -0.02482436622 0.1720774143
vn 0.9847705897 -0.02482436622 0.1720774143
vn 0.975966758 -0.0418446525 0.2138642382
vn 0.975966758 -0.0418446525 0.2138642382
vn 0.975966758 -0.0418446525 0.2138642382
vn 0.9943125441 -0.02478614002 0.1035770821
vn 0.9943125441 -0.02478614002 0.1035770821
vn 0.9943125441 -0.02478614002 0.1035770821
vn 0.9990947882 -0.02477432346 0.03458087807
vn 0.9990947882 -0.02477432346 0.03458087807
vn 0.9990947882 -0.02477432346 0.03458087807
vn 0.988500417 -0.04210732483 0.1452373879
vn 0.988500417 -0.04210732483 0.1452373879
vn 0.988500417 -0.04210732483 0.1452373879
vn 0.9962249274 -0.04203548119 0.07595335641
vn 0.9962249274 -0.04203548119 0.07595335641
vn 0.9962249274 -0.04203548119 0.07595335641
vn 0.9989350245 -0.04613910283 0
vn 0.9989350245 -0.04613910283 0
vn 0.9989350245 -0.04613910283 0
vn 0.9727398955 -0.09126567127 0.2131845982
vn 0.9727398955 -0.09126567127 0.2131845982
vn 0.9727398955 -0.09126567127 0.2131845982
vn 0.9764697506 -0.1085480906 0.186344139
vn 0.9764697506 -0.1085480906 0.186344139
vn 0.9764697506 -0.1085480906 0.186344139
vn 0.9700005124 -0.1571931669 0.1854435607
vn 0.9700005124 -0.1571931669 0.1854435607
vn 0.9700005124 -0.1571931669 0.1854435607
vn 0.9871222396 -0.1086746717 0.1173861145
vn 0.9871222396 -0.1086746717 0.1173861145
vn 0.9871222396 -0.1086746717 0.1173861145
vn 0.9852303729 -0.09135015665 0.1448318374
vn 0.9852303729 -0.09135015665 0.1448318374
vn 0.9852303729 -0.09135015665 0.1448318374
vn 0.9929350937 -0.09135408595 0.07572536357
vn 0.9929350937 -0.09135408595 0.07572536357
vn 0.9929350937 -0.09135408595 0.07572536357
vn 0.9961570509 -0.08758498693 0
vn 0.9961570509 -0.08758498693 0
vn 0.9961570509 -0.08758498693 0
vn 0.9927764366 -0.1127025278 0.04114714114
vn 0.9927764366 -0.1127025278 0.04114714114
vn 0.9927764366 -0.1127025278 0.04114714114
vn 0.9806536966 -0.1573200098 0.1164849426
vn 0.9806536966 -0.1573200098 0.1164849426
vn 0.9806536966 -0.1573200098 0.1164849426
vn 0.9871081196 -0.1546755233 0.04114659988
vn 0.9871081196 -0.1546755233 0.04114659988
vn 0.9871081196 -0.1546755233 0.04114659988
vn 0.9516120283 -0.0250173835 0.306282024
vn 0.9516120283 -0.0250173835 0.306282024
vn 0.9516120283 -0.0250173835 0.306282024
vn 0.9583508127 -0.04233222553 0.2824388474
vn 0.9583508127 -0.04233222553 0.2824388474
vn 0.9583508127 -0.04233222553 0.2824388474
vn 0.9551811992 -0.09043632497 0.2818690261
vn 0.9551811992 -0.09043632497 0.2818690261
vn 0.9551811992 -0.09043632497 0.2818690261
vn 0.9605742678 -0.1087565745 0.2558692705
vn 0.9605742678 -0.1087565745 0.2558692705
vn 0.9605742678 -0.1087565745 0.2558692705
vn 0.9395209553 -0.1082043867 0.3249495119
vn 0.9395209553 -0.1082043867 0.3249495119
vn 0.9395209553 -0.1082043867 0.3249495119
vn 0.9542651255 -0.1571196519 0.2543452089
vn 0.9542651255 -0.1571196519 0.2543452089
vn 0.9542651255 -0.1571196519 0.2543452089
vn 0.9332112423 -0.1565675339 0.323424465
vn 0.9332112423 -0.1565675339 0.323424465
vn 0.9332112423 -0.1565675339 0.323424465
vn -0.06575481466 0.7734345572 -0.6304564141
vn -0.09785591417 0.7486204985 -0.655737424
vn -0.05231045216 0.8972485977 -0.4384159788
vn -0.0608255034 0.8745184071 -0.4811629804
vn -0.05231045243 0.8972485977 -0.4384159789
vn -0.09785591335 0.7486204987 -0.6557374239
vn -0.06082550378 0.8745184082 -0.4811629785
vn -0.001713675319 0.9602701923 -0.2790666964
vn -0.05231045295 0.8972485986 -0.4384159769
vn -0.05231045293 0.8972485986 -0.438415977
vn -0.001713675311 0.9602701924 -0.279066696
vn -0.01910158813 0.9176192893 -0.3970012206
vn -0.07282838401 0.5804165135 -0.8110565316
vn -0.09785592122 0.7486204914 -0.6557374311
vn -0.0657548124 0.7734345594 -0.6304564117
vn -0.06575481488 0.7734345561 -0.6304564154
vn -0.0191015875 0.9176192918 -0.397001215
vn -0.03663854865 0.7931340189 -0.6079441133
vn -0.06575481504 0.7734345557 -0.6304564159
vn -0.05231045269 0.8972485967 -0.4384159809
vn -0.01910158764 0.9176192916 -0.3970012154
vn 0.9146054842 -0.1734337361 0.3652636685
vn 0.9146054842 -0.1734337361 0.3652636685
vn 0.9146054842 -0.1734337361 0.3652636685
vn 0.9050782686 -0.2216072896 0.3629373733
vn 0.9050782686 -0.2216072896 0.3629373733
vn 0.9050782686 -0.2216072896 0.3629373733
vn -0.01910158804 0.9176192893 -0.3970012207
vn -0.001713675941 0.9602701924 -0.2790666961
vn -0.0006577995591 0.9637710208 -0.2667301759
vn -0.01910158774 0.9176192892 -0.3970012209
vn -0.0006577993347 0.9637710208 -0.266730176
vn -0.0187712836 0.940743863 -0.3385980258
vn 0.910567163 -0.2396769655 0.3367824133
vn 0.910567163 -0.2396769655 0.3367824133
vn 0.910567163 -0.2396769655 0.3367824133
vn -0.0185169527 0.9411824267 -0.3373911115
vn -0.0006577993631 0.9637710209 -0.2667301756
vn -0.007186190741 0.959364514 -0.2820781592
vn -0.0006577993631 0.9637710209 -0.2667301756
vn -0.003476364072 0.9647234436 -0.2632424591
vn -0.004765005185 0.9628523861 -0.2699862541
vn -0.0006577993287 0.9637710211 -0.266730175
vn -0.005358888665 0.9724015882 -0.2332518673
vn -0.003476367146 0.9647234419 -0.2632424652
vn -0.007186190741 0.959364514 -0.2820781592
vn -0.0006577993631 0.9637710209 -0.2667301756
vn -0.005341838426 0.9620226725 -0.2729172813
vn 0.8984729281 -0.2856998058 0.3333496938
vn 0.8984729281 -0.2856998058 0.3333496938
vn 0.8984729281 -0.2856998058 0.3333496938
vn -0.0006577993631 0.9637710209 -0.2667301756
vn -0.004765005185 0.9628523861 -0.2699862541
vn -0.005341838426 0.9620226725 -0.2729172813
vn 0.8984743349 -0.2856946372 0.333350332
vn 0.8984743349 -0.2856946372 0.333350332
vn 0.8984743349 -0.2856946372 0.333350332
vn 0.9718658266 -0.1746838892 0.1579947908
vn 0.9718658266 -0.1746838892 0.1579947908
vn 0.9718658266 -0.1746838892 0.1579947908
vn 0.9804972858 -0.1786444919 0.0819220239
vn 0.9804972858 -0.1786444919 0.0819220239
vn 0.9804972858 -0.1786444919 0.0819220239
vn 0.9837656125 -0.1794581277 0
vn 0.9837656125 -0.1794581277 0
vn 0.9837656125 -0.1794581277 0
vn 0.971876032 -0.2206964919 0.08215860828
vn 0.971876032 -0.2206964919 0.08215860828
vn 0.971876032 -0.2206964919 0.08215860828
vn 0.9751893642 -0.2213723199 0
vn 0.9751893642 -0.2213723199 0
vn 0.9751893642 -0.2213723199 0
vn -0.00415268727 0.9887755478 -0.1493508326
vn -0.01166750191 0.9847840352 -0.1733905227
vn -0.001713676875 0.9602701925 -0.2790666958
vn -0.001713676863 0.9602701925 -0.2790666958
vn -0.01166750194 0.9847840352 -0.1733905228
vn -0.0006577995185 0.9637710212 -0.2667301747
vn -0.01166750317 0.9847840351 -0.1733905236
vn -0.05353076716 0.9970642959 -0.05474711738
vn -0.01228213945 0.9832722104 -0.181727569
vn -0.06225937629 0.9975717608 -0.03121461468
vn -0.05353076718 0.9970642959 -0.05474711732
vn -0.01166750312 0.984784035 -0.1733905237
vn 0.9685786168 -0.2453423377 0.04077499715
vn 0.9685786168 -0.2453423377 0.04077499715
vn 0.9685786168 -0.2453423377 0.04077499715
vn -0.0535307675 0.9970642959 -0.05474711633
vn -0.08152006319 0.9947451378 0.06194021396
vn -0.0427992974 0.9984299581 -0.03613639396
vn -0.04279929751 0.9984299581 -0.0361363942
vn -0.08152006305 0.9947451378 0.06194021425
vn -0.04722995789 0.9988738023 -0.004523067701
vn -0.04722995789 0.9988738023 -0.004523067701
vn -0.08152006305 0.9947451378 0.06194021425
vn -0.05047378268 0.9984777127 0.02224082933
vn -0.05047378268 0.9984777127 0.02224082933
vn -0.08152006305 0.9947451378 0.06194021425
vn -0.05467972777 0.9965063784 0.06312816488
vn 0.9386244179 -0.1747018249 0.2974280996
vn 0.9386244179 -0.1747018249 0.2974280996
vn 0.9386244179 -0.1747018249 0.2974280996
vn 0.9578319034 -0.1746823621 0.2281317978
vn 0.9578319034 -0.1746823621 0.2281317978
vn 0.9578319034 -0.1746823621 0.2281317978
vn 0.9484165346 -0.2229909007 0.2253466999
vn 0.9484165346 -0.2229909007 0.2253466999
vn 0.9484165346 -0.2229909007 0.2253466999
vn 0.9291735445 -0.2228103684 0.2949441709
vn 0.9291735445 -0.2228103684 0.2949441709
vn 0.9291735445 -0.2228103684 0.2949441709
vn 0.9623261407 -0.222259677 0.1566174793
vn 0.9623261407 -0.222259677 0.1566174793
vn 0.9623261407 -0.222259677 0.1566174793
vn 0.9327400711 -0.2403735888 0.2687312737
vn 0.9327400711 -0.2403735888 0.2687312737
vn 0.9327400711 -0.2403735888 0.2687312737
vn 0.9501562727 -0.2397472168 0.1993096322
vn 0.9501562727 -0.2397472168 0.1993096322
vn 0.9501562727 -0.2397472168 0.1993096322
vn -0.0006577995252 0.9637710212 -0.2667301745
vn -0.01166750186 0.984784035 -0.1733905242
vn -0.007262079478 0.97836643 -0.2067520032
vn -0.01166750186 0.984784035 -0.1733905242
vn -0.008506243026 0.9806405902 -0.1956314817
vn -0.007262079478 0.97836643 -0.2067520032
vn -0.01166750186 0.984784035 -0.1733905242
vn -0.00901651799 0.9815401504 -0.1910435438
vn -0.008506243026 0.9806405902 -0.1956314817
vn -0.01166750317 0.9847840351 -0.1733905236
vn -0.01228213945 0.9832722104 -0.181727569
vn -0.009016517389 0.9815401503 -0.191043544
vn -0.01657498712 0.9867066922 -0.1616637667
vn -0.05353076725 0.9970642959 -0.05474711749
vn -0.02180864259 0.9905066222 -0.1357240378
vn -0.01228213847 0.9832722104 -0.1817275689
vn -0.05353076725 0.9970642959 -0.05474711749
vn -0.01657498712 0.9867066922 -0.1616637667
vn 0.9224209208 -0.304132238 0.2379983753
vn 0.9224209208 -0.304132238 0.2379983753
vn 0.9224209208 -0.304132238 0.2379983753
vn 0.9380655703 -0.2857747768 0.1958718017
vn 0.9380655703 -0.2857747768 0.1958718017
vn 0.9380655703 -0.2857747768 0.1958718017
vn 0.9380654889 -0.2857749407 0.1958719528
vn 0.9380654889 -0.2857749407 0.1958719528
vn 0.9380654889 -0.2857749407 0.1958719528
vn 0.9206486658 -0.2863979638 0.2652965143
vn 0.9206486658 -0.2863979638 0.2652965143
vn 0.9206486658 -0.2863979638 0.2652965143
vn 0.8984735749 -0.2856975476 0.333349886
vn 0.8984735749 -0.2856975476 0.333349886
vn 0.8984735749 -0.2856975476 0.333349886
vn -0.0006577993287 0.9637710211 -0.266730175
vn -0.006158979129 0.9751459266 -0.2214779644
vn -0.005358888665 0.9724015882 -0.2332518673
vn -0.0006577993287 0.9637710211 -0.266730175
vn -0.007262079744 0.9783664301 -0.2067520026
vn -0.006158979129 0.9751459266 -0.2214779644
vn 0.9018381337 -0.3039361644 0.3071006164
vn 0.9018381337 -0.3039361644 0.3071006164
vn 0.9018381337 -0.3039361644 0.3071006164
vn 0.9206486167 -0.2863984655 0.2652961432
vn 0.9206486167 -0.2863984655 0.2652961432
vn 0.9206486167 -0.2863984655 0.2652961432
vn 0.9206486523 -0.2863980344 0.2652964849
vn 0.9206486523 -0.2863980344 0.2652964849
vn 0.9206486523 -0.2863980344 0.2652964849
vn 0.9224208397 -0.304131942 0.2379990678
vn 0.9224208397 -0.304131942 0.2379990678
vn 0.9224208397 -0.304131942 0.2379990678
vn 0.9224209234 -0.3041322396 0.2379983632
vn 0.9224209234 -0.3041322396 0.2379983632
vn 0.9224209234 -0.3041322396 0.2379983632
vn 0.962172724 -0.2435704266 0.1220536626
vn 0.962172724 -0.2435704266 0.1220536626
vn 0.962172724 -0.2435704266 0.1220536626
vn 0.94999231 -0.2874354656 0.1220469748
vn 0.94999231 -0.2874354656 0.1220469748
vn 0.94999231 -0.2874354656 0.1220469748
vn -0.05353076725 0.9970642959 -0.05474711749
vn -0.03174054978 0.9960082306 -0.08342746636
vn -0.02180864259 0.9905066222 -0.1357240378
vn -0.05353076725 0.9970642959 -0.05474711749
vn -0.03446099155 0.9970777478 -0.06817921094
vn -0.03174054978 0.9960082306 -0.08342746636
vn -0.0535307675 0.9970642959 -0.05474711633
vn -0.03618015322 0.9974332831 -0.06178869131
vn -0.03446099226 0.997077748 -0.06817920783
vn -0.0535307675 0.9970642959 -0.05474711633
vn -0.0427992974 0.9984299581 -0.03613639396
vn -0.03618015322 0.9974332831 -0.06178869131
vn 0.9499922922 -0.2874354839 0.1220470703
vn 0.9499922922 -0.2874354839 0.1220470703
vn 0.9499922922 -0.2874354839 0.1220470703
vn 0.9468925726 -0.3108566214 0.08223513136
vn 0.9468925726 -0.3108566214 0.08223513136
vn 0.9468925726 -0.3108566214 0.08223513136
vn 0.9379159408 -0.3070754302 0.1613021021
vn 0.9379159408 -0.3070754302 0.1613021021
vn 0.9379159408 -0.3070754302 0.1613021021
vn 0.9499922598 -0.2874357444 0.1220467092
vn 0.9499922598 -0.2874357444 0.1220467092
vn 0.9499922598 -0.2874357444 0.1220467092
vn 0.9563985576 -0.2892047378 0.04077276896
vn 0.9563985576 -0.2892047378 0.04077276896
vn 0.9563985576 -0.2892047378 0.04077276896
vn 0.9468925539 -0.3108566029 0.08223541725
vn 0.9468925539 -0.3108566029 0.08223541725
vn 0.9468925539 -0.3108566029 0.08223541725
vn 0.956398663 -0.2892044309 0.04077247257
vn 0.956398663 -0.2892044309 0.04077247257
vn 0.956398663 -0.2892044309 0.04077247257
vn 0.9500845321 -0.3119925992 2.151215972e-07
vn 0.9500845321 -0.3119925992 2.151215972e-07
vn 0.9500845321 -0.3119925992 2.151215972e-07
vn -0.08234934703 0.3139611896 -0.9458577887
vn -0.0011095018 0.3980928111 -0.9173444733
vn 0.03346504147 0.2658366788 -0.963437051
vn 0.8429291452 -0.0406515656 0.5364866321
vn 0.8429291452 -0.0406515656 0.5364866321
vn 0.8429291452 -0.0406515656 0.5364866321
vn 0.8274016251 -0 0.5616106754
vn 0.8274016251 -0 0.5616106754
vn 0.8274016251 -0 0.5616106754
vn 0.8373354232 -0.0659585205 0.542695921
vn 0.8373354232 -0.0659585205 0.542695921
vn 0.8373354232 -0.0659585205 0.542695921
vn 0.8680533351 -0.02512397754 0.4958348446
vn 0.8680533351 -0.02512397754 0.4958348446
vn 0.8680533351 -0.02512397754 0.4958348446
vn 0.878100275 -0.0407646983 0.4767369783
vn 0.878100275 -0.0407646983 0.4767369783
vn 0.878100275 -0.0407646983 0.4767369783
vn -0.07982815427 0.4018974181 -0.9121984056
vn -0.032662162 0.5800426708 -0.8139310065
vn -0.001109500729 0.3980927962 -0.9173444798
vn 0.8500822909 -0.1062639342 0.51581787
vn 0.8500822909 -0.1062639342 0.51581787
vn 0.8500822909 -0.1062639342 0.51581787
vn 0.8430486279 -0.132135483 0.5213532633
vn 0.8430486279 -0.132135483 0.5213532633
vn 0.8430486279 -0.132135483 0.5213532633
vn 0.8751839731 -0.09075023579 0.4752024915
vn 0.8751839731 -0.09075023579 0.4752024915
vn 0.8751839731 -0.09075023579 0.4752024915
vn 0.8841401509 -0.1067395999 0.4548657509
vn 0.8841401509 -0.1067395999 0.4548657509
vn 0.8841401509 -0.1067395999 0.4548657509
vn 0.8781658542 -0.1559171999 0.4522328595
vn 0.8781658542 -0.1559171999 0.4522328595
vn 0.8781658542 -0.1559171999 0.4522328595
vn 0.8121415556 0 0.5834604474
vn 0.8121415556 0 0.5834604474
vn 0.8121415556 0 0.5834604474
vn 0.03346504155 0.2658366767 -0.9634370516
vn 0.08959952312 0.2408649808 -0.966413983
vn 0.1232878351 0.1536548706 -0.9804031265
vn 0.03346504155 0.2658366767 -0.9634370516
vn 0.06576262443 0.301796651 -0.9511014976
vn 0.08959952312 0.2408649808 -0.966413983
vn 0.03346504155 0.2658366767 -0.9634370516
vn 0.05794926241 0.3217792313 -0.9450396866
vn 0.06576262443 0.301796651 -0.9511014976
vn 0.03346504073 0.2658366782 -0.9634370512
vn -0.001109503408 0.3980928112 -0.9173444733
vn 0.05794926149 0.3217792325 -0.9450396863
vn 0.793995702 -0.04057287105 0.6065679412
vn 0.793995702 -0.04057287105 0.6065679412
vn 0.793995702 -0.04057287105 0.6065679412
vn -0.001109503408 0.3980928112 -0.9173444733
vn 0.05486416118 0.3326100923 -0.9414671796
vn 0.05794926149 0.3217792325 -0.9450396863
vn -0.001109502008 0.3980927956 -0.9173444801
vn 0.05007395106 0.355771686 -0.9332304682
vn 0.05486416109 0.332610098 -0.9414671776
vn 0.8095093242 -0.08118805314 0.5814663825
vn 0.8095093242 -0.08118805314 0.5814663825
vn 0.8095093242 -0.08118805314 0.5814663825
vn 0.7591662251 -1.038084885e-06 0.6508967988
vn 0.7591662251 -1.038084885e-06 0.6508967988
vn 0.7591662251 -1.038084885e-06 0.6508967988
vn 0.7770790619 -0.04057098587 0.6280940428
vn 0.7770790619 -0.04057098587 0.6280940428
vn 0.7770790619 -0.04057098587 0.6280940428
vn 0.7770803655 -0.04057255592 0.6280923287
vn 0.7770803655 -0.04057255592 0.6280923287
vn 0.7770803655 -0.04057255592 0.6280923287
vn 0.7567670205 -0.08088381658 0.6486613022
vn 0.7567670205 -0.08088381658 0.6486613022
vn 0.7567670205 -0.08088381658 0.6486613022
vn 0.7567635526 -0.08089334524 0.6486641598
vn 0.7567635526 -0.08089334524 0.6486641598
vn 0.7567635526 -0.08089334524 0.6486641598
vn 0.7567651296 -0.08088949439 0.6486628002
vn 0.7567651296 -0.08088949439 0.6486628002
vn 0.7567651296 -0.08088949439 0.6486628002
vn -0.001109502008 0.3980927956 -0.9173444801
vn -0.03266215995 0.580042674 -0.8139310042
vn 0.05007395106 0.355771686 -0.9332304682
vn 0.8024758094 -0.1070603946 0.5870014031
vn 0.8024758094 -0.1070603946 0.5870014031
vn 0.8024758094 -0.1070603946 0.5870014031
vn 0.05007395136 0.3557716902 -0.9332304666
vn -0.03266216022 0.5800426718 -0.8139310058
vn 0.02863699097 0.4375179426 -0.8987535662
vn 0.02863699097 0.4375179426 -0.8987535662
vn -0.03266216022 0.5800426718 -0.8139310058
vn -0.006338746549 0.5645134346 -0.8253995411
vn -0.03266215705 0.5800426853 -0.8139309963
vn -0.01135607149 0.6274663073 -0.7785608986
vn -0.006338741364 0.5645134516 -0.8253995295
vn -0.03266215705 0.5800426853 -0.8139309963
vn -0.01227614839 0.6397261445 -0.7685048837
vn -0.01186231449 0.6338202958 -0.7733893703
vn -0.03266215705 0.5800426853 -0.8139309963
vn -0.01389344842 0.6641751522 -0.747447884
vn -0.01227614839 0.6397261445 -0.7685048837
vn -0.03266215705 0.5800426853 -0.8139309963
vn -0.01186231449 0.6338202958 -0.7733893703
vn -0.01135607149 0.6274663073 -0.7785608986
vn 0.7722401021 -0.1213999978 0.6236242981
vn 0.7722401021 -0.1213999978 0.6236242981
vn 0.7722401021 -0.1213999978 0.6236242981
vn 0.7637256526 -0.1474658013 0.6284719286
vn 0.7637256526 -0.1474658013 0.6284719286
vn 0.7637256526 -0.1474658013 0.6284719286
vn 0.7766690018 -0.1873813307 0.6013929652
vn 0.7766690018 -0.1873813307 0.6013929652
vn 0.7766690018 -0.1873813307 0.6013929652
vn 0.7722440245 -0.1213935743 0.6236206914
vn 0.7722440245 -0.1213935743 0.6236206914
vn 0.7722440245 -0.1213935743 0.6236206914
vn 0.8153162849 -0.1470040151 0.5600439046
vn 0.8153162849 -0.1470040151 0.5600439046
vn 0.8153162849 -0.1470040151 0.5600439046
vn 0.8068914187 -0.1730461616 0.5647842636
vn 0.8068914187 -0.1730461616 0.5647842636
vn 0.8068914187 -0.1730461616 0.5647842636
vn 0.7567659675 -0.08088837922 0.6486619617
vn 0.7567659675 -0.08088837922 0.6486619617
vn 0.7567659675 -0.08088837922 0.6486619617
vn 0.7722400191 -0.1213999975 0.623624401
vn 0.7722400191 -0.1213999975 0.623624401
vn 0.7722400191 -0.1213999975 0.623624401
vn -0.03266215653 0.5800426823 -0.8139309984
vn -0.06575481196 0.7734345582 -0.6304564132
vn -0.03663855515 0.7931340125 -0.6079441212
vn -0.03663855421 0.7931340177 -0.6079441145
vn -0.01910158785 0.9176192917 -0.3970012153
vn -0.03122610937 0.8957225006 -0.4435156503
vn -0.03266215705 0.5800426853 -0.8139309963
vn -0.03663855526 0.7931340124 -0.6079441213
vn -0.01389344842 0.6641751522 -0.747447884
vn 0.8447336166 -0.1975515286 0.4973917073
vn 0.8447336166 -0.1975515286 0.4973917073
vn 0.8447336166 -0.1975515286 0.4973917073
vn 0.8068927048 -0.1730407557 0.5647840825
vn 0.8068927048 -0.1730407557 0.5647840825
vn 0.8068927048 -0.1730407557 0.5647840825
vn -0.03663855676 0.7931340175 -0.6079441146
vn -0.02411904869 0.8015603155 -0.5974272609
vn -0.0227963419 0.795621171 -0.6053654095
vn -0.03663855676 0.7931340175 -0.6079441146
vn -0.0305609331 0.8316954366 -0.5543904131
vn -0.02411904869 0.8015603155 -0.5974272609
vn 0.8169729132 -0.2122990807 0.5361756796
vn 0.8169729132 -0.2122990807 0.5361756796
vn 0.8169729132 -0.2122990807 0.5361756796
vn 0.8169732928 -0.2122992779 0.5361750231
vn 0.8169732928 -0.2122992779 0.5361750231
vn 0.8169732928 -0.2122992779 0.5361750231
vn -0.03663855428 0.7931340177 -0.6079441145
vn -0.0319321335 0.8895624689 -0.4556961189
vn -0.03137373281 0.8603910899 -0.5086677317
vn -0.03663855421 0.7931340177 -0.6079441145
vn -0.03122610937 0.8957225006 -0.4435156503
vn -0.03193213322 0.8895624689 -0.4556961189
vn -0.03663855428 0.7931340177 -0.6079441145
vn -0.03137373281 0.8603910899 -0.5086677317
vn -0.03056092712 0.8316954371 -0.5543904127
vn 0.8858119418 -0.1721635264 0.4309256595
vn 0.8858119418 -0.1721635264 0.4309256595
vn 0.8858119418 -0.1721635264 0.4309256595
vn 0.8531281491 -0.171391356 0.4927447253
vn 0.8531281491 -0.171391356 0.4927447253
vn 0.8531281491 -0.171391356 0.4927447253
vn 0.8770253894 -0.2202879876 0.426965653
vn 0.8770253894 -0.2202879876 0.426965653
vn 0.8770253894 -0.2202879876 0.426965653
vn 0.8770262983 -0.2202901857 0.4269626519
vn 0.8770262983 -0.2202901857 0.4269626519
vn 0.8770262983 -0.2202901857 0.4269626519
vn 0.8770253306 -0.2202876936 0.4269659255
vn 0.8770253306 -0.2202876936 0.4269659255
vn 0.8770253306 -0.2202876936 0.4269659255
vn -0.01910158785 0.9176192917 -0.3970012153
vn -0.02786328513 0.9235150783 -0.3825487388
vn -0.03122610937 0.8957225006 -0.4435156503
vn 0.8520080906 -0.2357495373 0.4674445092
vn 0.8520080906 -0.2357495373 0.4674445092
vn 0.8520080906 -0.2357495373 0.4674445092
vn 0.8837665653 -0.2375960817 0.4031187914
vn 0.8837665653 -0.2375960817 0.4031187914
vn 0.8837665653 -0.2375960817 0.4031187914
vn 0.8447332101 -0.1975488956 0.4973934435
vn 0.8447332101 -0.1975488956 0.4973934435
vn 0.8447332101 -0.1975488956 0.4973934435
vn 0.8447336064 -0.1975517284 0.4973916453
vn 0.8447336064 -0.1975517284 0.4973916453
vn 0.8447336064 -0.1975517284 0.4973916453
vn 0.8520079738 -0.2357494502 0.467444766
vn 0.8520079738 -0.2357494502 0.467444766
vn 0.8520079738 -0.2357494502 0.467444766
vn -0.01910158774 0.9176192892 -0.3970012209
vn -0.02172007568 0.9352646321 -0.3532821907
vn -0.02786328709 0.9235150867 -0.3825487182
vn -0.01910158774 0.9176192892 -0.3970012209
vn -0.0187712836 0.940743863 -0.3385980258
vn -0.02172007568 0.9352646321 -0.3532821907
vn -0.0185169527 0.9411824267 -0.3373911115
vn -0.01877128363 0.9407438631 -0.3385980257
vn -0.0006577993631 0.9637710209 -0.2667301756
vn 0.8837674974 -0.2375932492 0.4031184174
vn 0.8837674974 -0.2375932492 0.4031184174
vn 0.8837674974 -0.2375932492 0.4031184174
vn 0.8716715717 -0.2836162798 0.3996879744
vn 0.8716715717 -0.2836162798 0.3996879744
vn 0.8716715717 -0.2836162798 0.3996879744
vn 0.8765847318 -0.3020342557 0.374665873
vn 0.8765847318 -0.3020342557 0.374665873
vn 0.8765847318 -0.3020342557 0.374665873
vn 0.8068929549 -0.173042019 0.564783338
vn 0.8068929549 -0.173042019 0.564783338
vn 0.8068929549 -0.173042019 0.564783338
vn 0.8068945255 -0.1730364911 0.5647827879
vn 0.8068945255 -0.1730364911 0.5647827879
vn 0.8068945255 -0.1730364911 0.5647827879
vn -0.01389344831 0.6641751476 -0.7474478881
vn -0.03663855523 0.7931340148 -0.6079441182
vn -0.02279634129 0.7956211627 -0.6053654205
vn 0.9990947882 -0.02477432287 -0.03458087902
vn 0.9990947882 -0.02477432287 -0.03458087902
vn 0.9990947882 -0.02477432287 -0.03458087902
vn 0.9943125437 -0.02478613052 -0.1035770878
vn 0.9943125437 -0.02478613052 -0.1035770878
vn 0.9943125437 -0.02478613052 -0.1035770878
vn 0.9962249277 -0.04203547816 -0.07595335433
vn 0.9962249277 -0.04203547816 -0.07595335433
vn 0.9962249277 -0.04203547816 -0.07595335433
vn 0.9885004125 -0.04210732125 -0.1452374193
vn 0.9885004125 -0.04210732125 -0.1452374193
vn 0.9885004125 -0.04210732125 -0.1452374193
vn 0.9847705922 -0.02482439808 -0.1720773954
vn 0.9847705922 -0.02482439808 -0.1720773954
vn 0.9847705922 -0.02482439808 -0.1720773954
vn 0.9705158496 -0.0248382682 -0.239754137
vn 0.9705158496 -0.0248382682 -0.239754137
vn 0.9705158496 -0.0248382682 -0.239754137
vn 0.9759667777 -0.04184466401 -0.2138641461
vn 0.9759667777 -0.04184466401 -0.2138641461
vn 0.9759667777 -0.04184466401 -0.2138641461
vn 0.9929350939 -0.09135408508 -0.07572536149
vn 0.9929350939 -0.09135408508 -0.07572536149
vn 0.9929350939 -0.09135408508 -0.07572536149
vn 0.9927764367 -0.1127025272 -0.04114714019
vn 0.9927764367 -0.1127025272 -0.04114714019
vn 0.9927764367 -0.1127025272 -0.04114714019
vn 0.9871222396 -0.1086746717 -0.1173861145
vn 0.9871222396 -0.1086746717 -0.1173861145
vn 0.9871222396 -0.1086746717 -0.1173861145
vn 0.9852303702 -0.09135013663 -0.144831869
vn 0.9852303702 -0.09135013663 -0.144831869
vn 0.9852303702 -0.09135013663 -0.144831869
vn 0.9871081194 -0.1546755251 -0.04114659893
vn 0.9871081194 -0.1546755251 -0.04114659893
vn 0.9871081194 -0.1546755251 -0.04114659893
vn 0.9806536987 -0.1573199965 -0.1164849429
vn 0.9806536987 -0.1573199965 -0.1164849429
vn 0.9806536987 -0.1573199965 -0.1164849429
vn 0.9727399146 -0.09126568273 -0.2131845062
vn 0.9727399146 -0.09126568273 -0.2131845062
vn 0.9727399146 -0.09126568273 -0.2131845062
vn 0.9764697552 -0.1085480483 -0.1863441396
vn 0.9764697552 -0.1085480483 -0.1863441396
vn 0.9764697552 -0.1085480483 -0.1863441396
vn 0.9700005124 -0.1571931669 -0.1854435607
vn 0.9700005124 -0.1571931669 -0.1854435607
vn 0.9700005124 -0.1571931669 -0.1854435607
vn 0.9516120675 -0.02501747817 -0.3062818944
vn 0.9516120675 -0.02501747817 -0.3062818944
vn 0.9516120675 -0.02501747817 -0.3062818944
vn 0.9583507825 -0.04233214273 -0.2824389621
vn 0.9583507825 -0.04233214273 -0.2824389621
vn 0.9583507825 -0.04233214273 -0.2824389621
vn 0.9605742777 -0.1087566117 -0.2558692173
vn 0.9605742777 -0.1087566117 -0.2558692173
vn 0.9605742777 -0.1087566117 -0.2558692173
vn 0.9551811728 -0.09043624281 -0.2818691418
vn 0.9551811728 -0.09043624281 -0.2818691418
vn 0.9551811728 -0.09043624281 -0.2818691418
vn 0.9395209205 -0.1082042916 -0.3249496441
vn 0.9395209205 -0.1082042916 -0.3249496441
vn 0.9395209205 -0.1082042916 -0.3249496441
vn 0.9542651338 -0.157119688 -0.2543451555
vn 0.9542651338 -0.157119688 -0.2543451555
vn 0.9542651338 -0.157119688 -0.2543451555
vn 0.9332111896 -0.1565675853 -0.3234245923
vn 0.9332111896 -0.1565675853 -0.3234245923
vn 0.9332111896 -0.1565675853 -0.3234245923
vn -0.09419319191 0.5245080351 0.8461790376
vn -0.03949912234 0.2869548088 0.9571294359
vn -0.07377119505 0.4537799695 0.8880549252
vn -0.03949912217 0.286954808 0.9571294361
vn -0.007706441522 0.2526395345 0.9675297806
vn -0.07377119472 0.453779968 0.8880549259
vn -0.1290345994 0.6952654295 0.7070757065
vn -0.07377120093 0.4537799923 0.888054913
vn -0.1264878315 0.6659084493 0.7352324569
vn -0.1529444025 0.7626511049 0.6284674231
vn -0.1264878347 0.6659084577 0.7352324487
vn -0.1325849627 0.7722188441 0.6213688795
vn 0.9358820375 -0.04107831516 -0.3499105369
vn 0.9358820375 -0.04107831516 -0.3499105369
vn 0.9358820375 -0.04107831516 -0.3499105369
vn 0.9281573694 -0.02503782687 -0.3713448597
vn 0.9281573694 -0.02503782687 -0.3713448597
vn 0.9281573694 -0.02503782687 -0.3713448597
vn 0.9002593691 -0.02510170763 -0.4346296959
vn 0.9002593691 -0.02510170763 -0.4346296959
vn 0.9002593691 -0.02510170763 -0.4346296959
vn 0.9092154173 -0.04109168909 -0.4142931307
vn 0.9092154173 -0.04109168909 -0.4142931307
vn 0.9092154173 -0.04109168909 -0.4142931307
vn -0.007706439796 0.2526395278 0.9675297824
vn -0.03075515808 0.3881020425 0.9211031022
vn -0.07377119345 0.4537799635 0.8880549284
vn -0.07377119944 0.4537799875 0.8880549156
vn -0.0307551597 0.3881020494 0.9211030992
vn -0.08379473102 0.6283600259 0.7733964836
vn 0.9327818565 -0.09089253481 -0.3487929979
vn 0.9327818565 -0.09089253481 -0.3487929979
vn 0.9327818565 -0.09089253481 -0.3487929979
vn 0.913838709 -0.1069458436 -0.391741497
vn 0.913838709 -0.1069458436 -0.391741497
vn 0.913838709 -0.1069458436 -0.391741497
vn 0.906169831 -0.09085352156 -0.4130397984
vn 0.906169831 -0.09085352156 -0.4130397984
vn 0.906169831 -0.09085352156 -0.4130397984
vn 0.9078655797 -0.1561241277 -0.3891083986
vn 0.9078655797 -0.1561241277 -0.3891083986
vn 0.9078655797 -0.1561241277 -0.3891083986
vn -0.07377120197 0.4537799925 0.8880549128
vn -0.08379472625 0.628360016 0.7733964922
vn -0.1264878309 0.6659084492 0.7352324571
vn -0.1264878344 0.6659084581 0.7352324484
vn -0.08225866301 0.8014679288 0.5923535021
vn -0.1325849633 0.7722188436 0.62136888
vn -0.1264878351 0.6659084516 0.7352324542
vn -0.08379474044 0.6283600256 0.7733964829
vn -0.08225866236 0.8014679331 0.5923534964
vn 0.9804972872 -0.1786444898 -0.08192201243
vn 0.9804972872 -0.1786444898 -0.08192201243
vn 0.9804972872 -0.1786444898 -0.08192201243
vn 0.9718658258 -0.1746838783 -0.1579948081
vn 0.9718658258 -0.1746838783 -0.1579948081
vn 0.9718658258 -0.1746838783 -0.1579948081
vn 0.9718760304 -0.2206965033 -0.08215859684
vn 0.9718760304 -0.2206965033 -0.08215859684
vn 0.9718760304 -0.2206965033 -0.08215859684
vn 0.9685786165 -0.2453423382 -0.04077500001
vn 0.9685786165 -0.2453423382 -0.04077500001
vn 0.9685786165 -0.2453423382 -0.04077500001
vn -0.08152006316 0.9947451379 0.0619402133
vn -0.07082250523 0.9843977749 0.1610751177
vn -0.05126672112 0.9946227068 0.08998552394
vn -0.08152006316 0.9947451379 0.0619402133
vn -0.0532354072 0.9957000725 0.07581132473
vn -0.05467972787 0.9965063784 0.06312816498
vn -0.08152006316 0.9947451379 0.0619402133
vn -0.05126672112 0.9946227068 0.08998552394
vn -0.0532354072 0.9957000725 0.07581132473
vn -0.05126672033 0.9946227068 0.08998552412
vn -0.07082250475 0.9843977749 0.1610751177
vn -0.05128355309 0.9937484623 0.09916648058
vn -0.07082250443 0.9843977747 0.1610751195
vn -0.05052385351 0.9847600229 0.166418261
vn -0.050198698 0.9853893095 0.1627513426
vn -0.05128355309 0.9937484623 0.09916648058
vn -0.07082250475 0.9843977749 0.1610751177
vn -0.05078899434 0.9895715704 0.1347908941
vn -0.07082250475 0.9843977749 0.1610751177
vn -0.04997029764 0.9857192031 0.1608123815
vn -0.05078899434 0.9895715704 0.1347908941
vn -0.07082250443 0.9843977747 0.1610751195
vn -0.050198698 0.9853893095 0.1627513426
vn -0.04997029789 0.9857192032 0.1608123807
vn -0.08073881349 0.9754518329 0.2048779289
vn -0.07764354011 0.956657676 0.2806734251
vn -0.04925238387 0.9763175206 0.2106615808
vn -0.08073881375 0.9754518331 0.2048779278
vn -0.04925238355 0.9763175203 0.2106615823
vn -0.04793597535 0.9806721638 0.1896951486
vn -0.07082250443 0.9843977747 0.1610751195
vn -0.08073881384 0.9754518331 0.2048779277
vn -0.05052385351 0.9847600229 0.166418261
vn -0.08073881375 0.9754518331 0.2048779278
vn -0.04953331038 0.9829457765 0.177098988
vn -0.05052385361 0.9847600229 0.1664182609
vn -0.08073881375 0.9754518331 0.2048779278
vn -0.04793597535 0.9806721638 0.1896951486
vn -0.04953331038 0.9829457765 0.177098988
vn 0.9623261364 -0.2222596839 -0.1566174959
vn 0.9623261364 -0.2222596839 -0.1566174959
vn 0.9623261364 -0.2222596839 -0.1566174959
vn 0.9578319034 -0.1746823621 -0.2281317978
vn 0.9578319034 -0.1746823621 -0.2281317978
vn 0.9578319034 -0.1746823621 -0.2281317978
vn 0.9386243834 -0.1747019153 -0.2974281555
vn 0.9386243834 -0.1747019153 -0.2974281555
vn 0.9386243834 -0.1747019153 -0.2974281555
vn 0.9484165236 -0.2229909508 -0.2253466967
vn 0.9484165236 -0.2229909508 -0.2253466967
vn 0.9484165236 -0.2229909508 -0.2253466967
vn 0.9291735205 -0.2228103919 -0.2949442288
vn 0.9291735205 -0.2228103919 -0.2949442288
vn 0.9291735205 -0.2228103919 -0.2949442288
vn 0.9621727203 -0.2435704469 -0.1220536513
vn 0.9621727203 -0.2435704469 -0.1220536513
vn 0.9621727203 -0.2435704469 -0.1220536513
vn 0.9563985881 -0.2892046365 -0.04077277193
vn 0.9563985881 -0.2892046365 -0.04077277193
vn 0.9563985881 -0.2892046365 -0.04077277193
vn 0.9563985667 -0.2892046964 -0.04077284961
vn 0.9563985667 -0.2892046964 -0.04077284961
vn 0.9563985667 -0.2892046964 -0.04077284961
vn 0.9468925883 -0.3108565585 -0.08223518922
vn 0.9468925883 -0.3108565585 -0.08223518922
vn 0.9468925883 -0.3108565585 -0.08223518922
vn 0.950084569 -0.3119924867 -3.269085358e-07
vn 0.950084569 -0.3119924867 -3.269085358e-07
vn 0.950084569 -0.3119924867 -3.269085358e-07
vn 0.9563985577 -0.2892047538 -0.04077265275
vn 0.9563985577 -0.2892047538 -0.04077265275
vn 0.9563985577 -0.2892047538 -0.04077265275
vn 0.9499922789 -0.2874355732 -0.1220469631
vn 0.9499922789 -0.2874355732 -0.1220469631
vn 0.9499922789 -0.2874355732 -0.1220469631
vn 0.9499923016 -0.2874354706 -0.122047028
vn 0.9499923016 -0.2874354706 -0.122047028
vn 0.9499923016 -0.2874354706 -0.122047028
vn 0.9379158999 -0.3070755432 -0.1613021249
vn 0.9379158999 -0.3070755432 -0.1613021249
vn 0.9379158999 -0.3070755432 -0.1613021249
vn 0.937915946 -0.3070755021 -0.1613019348
vn 0.937915946 -0.3070755021 -0.1613019348
vn 0.937915946 -0.3070755021 -0.1613019348
vn 0.9499922971 -0.2874355371 -0.1220469067
vn 0.9499922971 -0.2874355371 -0.1220469067
vn 0.9499922971 -0.2874355371 -0.1220469067
vn 0.9501562601 -0.2397472332 -0.1993096727
vn 0.9501562601 -0.2397472332 -0.1993096727
vn 0.9501562601 -0.2397472332 -0.1993096727
vn 0.9380654285 -0.2857751207 -0.1958719793
vn 0.9380654285 -0.2857751207 -0.1958719793
vn 0.9380654285 -0.2857751207 -0.1958719793
vn 0.9224210808 -0.3041320442 -0.2379980028
vn 0.9224210808 -0.3041320442 -0.2379980028
vn 0.9224210808 -0.3041320442 -0.2379980028
vn 0.920648796 -0.2863978406 -0.2652961955
vn 0.920648796 -0.2863978406 -0.2652961955
vn 0.920648796 -0.2863978406 -0.2652961955
vn 0.9206488672 -0.2863966838 -0.2652971973
vn 0.9206488672 -0.2863966838 -0.2652971973
vn 0.9206488672 -0.2863966838 -0.2652971973
vn 0.932740057 -0.2403736483 -0.2687312697
vn 0.932740057 -0.2403736483 -0.2687312697
vn 0.932740057 -0.2403736483 -0.2687312697
vn -0.04925238236 0.9763175203 0.2106615826
vn -0.04755737828 0.9766628918 0.2094466318
vn -0.04548941341 0.9777564964 0.204750939
vn -0.04925238313 0.9763175204 0.210661582
vn -0.05571539277 0.9624540321 0.2656652613
vn -0.04826521653 0.9724157897 0.2282060489
vn 0.938065495 -0.285774781 -0.1958721566
vn 0.938065495 -0.285774781 -0.1958721566
vn 0.938065495 -0.285774781 -0.1958721566
vn 0.9380656696 -0.2857746207 -0.1958715539
vn 0.9380656696 -0.2857746207 -0.1958715539
vn 0.9380656696 -0.2857746207 -0.1958715539
vn -0.04925238373 0.9763175203 0.2106615825
vn -0.04712857934 0.9795227252 0.1957399494
vn -0.04793597521 0.9806721639 0.1896951484
vn -0.04925238373 0.9763175203 0.2106615825
vn -0.04599031343 0.9782429175 0.2023009774
vn -0.04712857934 0.9795227252 0.1957399494
vn -0.04925238373 0.9763175203 0.2106615825
vn -0.0454894132 0.9777564964 0.204750939
vn -0.04599031343 0.9782429175 0.2023009774
vn 0.9105671989 -0.2396769352 -0.3367823376
vn 0.9105671989 -0.2396769352 -0.3367823376
vn 0.9105671989 -0.2396769352 -0.3367823376
vn 0.9206485413 -0.2863983969 -0.2652964789
vn 0.9206485413 -0.2863983969 -0.2652964789
vn 0.9206485413 -0.2863983969 -0.2652964789
vn -0.04925238313 0.9763175204 0.210661582
vn -0.04826105073 0.9724705 0.2279736775
vn -0.04755737899 0.9766628918 0.2094466315
vn -0.04925238313 0.9763175204 0.210661582
vn -0.04826521653 0.9724157897 0.2282060489
vn -0.04826226029 0.9724592498 0.2280214061
vn -0.04925238313 0.9763175204 0.210661582
vn -0.04826226029 0.9724592498 0.2280214061
vn -0.04826105073 0.9724705 0.2279736775
vn 0.9206443413 -0.286410203 -0.2652983084
vn 0.9206443413 -0.286410203 -0.2652983084
vn 0.9206443413 -0.286410203 -0.2652983084
vn -0.04826521653 0.9724157897 0.2282060489
vn -0.05571539277 0.9624540321 0.2656652613
vn -0.04841032892 0.9696523844 0.2396470186
vn 0.9018563968 -0.3039315226 -0.3070515739
vn 0.9018563968 -0.3039315226 -0.3070515739
vn 0.9018563968 -0.3039315226 -0.3070515739
vn 0.8984842322 -0.2856544745 -0.3333580743
vn 0.8984842322 -0.2856544745 -0.3333580743
vn 0.8984842322 -0.2856544745 -0.3333580743
vn 0.9105617536 -0.2396944939 -0.3367845638
vn 0.9105617536 -0.2396944939 -0.3367845638
vn 0.9105617536 -0.2396944939 -0.3367845638
vn -0.1167908701 0.8746419986 0.4704904536
vn -0.05571539047 0.962454035 0.2656652514
vn -0.07764353691 0.9566576791 0.2806734154
vn -0.1167908696 0.874641999 0.4704904529
vn -0.08088014016 0.8968141835 0.4349514033
vn -0.05571539149 0.9624540344 0.2656652533
vn -0.152944408 0.7626511005 0.6284674272
vn -0.08088013917 0.8968141854 0.4349513995
vn -0.1167908697 0.8746419993 0.4704904524
vn -0.1529444103 0.7626510956 0.6284674325
vn -0.132584957 0.7722188481 0.6213688758
vn -0.08088013866 0.8968141856 0.4349513992
vn -0.0492523833 0.9763175204 0.2106615821
vn -0.07764353947 0.9566576757 0.2806734265
vn -0.05571539276 0.9624540321 0.2656652613
vn -0.08088014018 0.8968141835 0.4349514032
vn -0.05138106468 0.9528456645 0.29907378
vn -0.05571539147 0.9624540344 0.2656652532
vn 0.9146054842 -0.1734337361 -0.3652636685
vn 0.9146054842 -0.1734337361 -0.3652636685
vn 0.9146054842 -0.1734337361 -0.3652636685
vn 0.9050782686 -0.2216072893 -0.3629373734
vn 0.9050782686 -0.2216072893 -0.3629373734
vn 0.9050782686 -0.2216072893 -0.3629373734
vn 0.9050782491 -0.2216073121 -0.3629374082
vn 0.9050782491 -0.2216073121 -0.3629374082
vn 0.9050782491 -0.2216073121 -0.3629374082
vn -0.08088014067 0.8968141832 0.4349514037
vn -0.04511668525 0.9362624221 0.3483922526
vn -0.04830055026 0.9445741806 0.3247255366
vn -0.08088014067 0.8968141832 0.4349514037
vn -0.04830055026 0.9445741806 0.3247255366
vn -0.05138106444 0.9528456646 0.2990737797
vn -0.08088014067 0.8968141832 0.4349514037
vn -0.04654621973 0.9139214029 0.4032134902
vn -0.04511668525 0.9362624221 0.3483922526
vn -0.1325849571 0.7722188479 0.6213688761
vn -0.04654621359 0.9139214071 0.4032134815
vn -0.08088013885 0.8968141856 0.4349513991
vn -0.1325849594 0.7722188473 0.6213688763
vn -0.08225866129 0.8014679315 0.5923534988
vn -0.04654621548 0.913921407 0.4032134815
vn -0.04764789943 0.9658187613 0.2548014873
vn -0.04841032865 0.9696523844 0.2396470187
vn -0.05571539288 0.9624540321 0.2656652613
vn -0.04764789943 0.9658187613 0.2548014873
vn -0.05571539288 0.9624540321 0.2656652613
vn -0.04729898923 0.9643486792 0.2603736365
vn -0.05571539288 0.9624540321 0.2656652613
vn -0.04727369019 0.9642644307 0.260690057
vn -0.04729898923 0.9643486792 0.2603736365
vn 0.9105671505 -0.2396769299 -0.3367824725
vn 0.9105671505 -0.2396769299 -0.3367824725
vn 0.9105671505 -0.2396769299 -0.3367824725
vn -0.05571539147 0.9624540344 0.2656652532
vn -0.05138106468 0.9528456645 0.29907378
vn -0.04727369053 0.9642644303 0.2606900585
vn 0.8680534453 -0.02512390619 -0.4958346553
vn 0.8680534453 -0.02512390619 -0.4958346553
vn 0.8680534453 -0.02512390619 -0.4958346553
vn 0.8781003777 -0.04076462933 -0.4767367949
vn 0.8781003777 -0.04076462933 -0.4767367949
vn 0.8781003777 -0.04076462933 -0.4767367949
vn -0.007706439569 0.2526395275 0.9675297825
vn -0.01420473047 0.1833274791 0.9829492668
vn -0.03075515879 0.3881020426 0.9211031021
vn -0.03075516026 0.3881020499 0.921103099
vn -0.03537625576 0.3495285774 0.9362576003
vn -0.08379473304 0.6283600263 0.7733964831
vn 0.8429291452 -0.0406515656 -0.5364866321
vn 0.8429291452 -0.0406515656 -0.5364866321
vn 0.8429291452 -0.0406515656 -0.5364866321
vn 0.8274016251 0 -0.5616106754
vn 0.8274016251 0 -0.5616106754
vn 0.8274016251 0 -0.5616106754
vn -0.03075515854 0.3881020422 0.9211031023
vn -0.01420473136 0.1833274814 0.9829492663
vn -0.03537625801 0.3495285855 0.9362575972
vn 0.8373352926 -0.06595908072 -0.5426960543
vn 0.8373352926 -0.06595908072 -0.5426960543
vn 0.8373352926 -0.06595908072 -0.5426960543
vn 0.8751840609 -0.09075038724 -0.4752023009
vn 0.8751840609 -0.09075038724 -0.4752023009
vn 0.8751840609 -0.09075038724 -0.4752023009
vn 0.8841401509 -0.1067395999 -0.4548657509
vn 0.8841401509 -0.1067395999 -0.4548657509
vn 0.8841401509 -0.1067395999 -0.4548657509
vn 0.8781658542 -0.1559171999 -0.4522328595
vn 0.8781658542 -0.1559171999 -0.4522328595
vn 0.8781658542 -0.1559171999 -0.4522328595
vn -0.08379474083 0.6283600294 0.7733964797
vn -0.04129705202 0.6419550534 0.7656293248
vn -0.08225866225 0.8014679317 0.5923534983
vn 0.8500820971 -0.1062642734 -0.5158181195
vn 0.8500820971 -0.1062642734 -0.5158181195
vn 0.8500820971 -0.1062642734 -0.5158181195
vn -0.0353762574 0.3495285765 0.9362576006
vn -0.04129705179 0.641955044 0.7656293327
vn -0.08379474154 0.6283600234 0.7733964845
vn 0.8430484987 -0.1321355558 -0.5213534538
vn 0.8430484987 -0.1321355558 -0.5213534538
vn 0.8430484987 -0.1321355558 -0.5213534538
vn -0.04129705382 0.6419550508 0.7656293268
vn -0.03885753943 0.8185536633 0.5731142923
vn -0.08225866191 0.8014679326 0.5923534971
vn 0.8153164013 -0.1470039556 -0.5600437508
vn 0.8153164013 -0.1470039556 -0.5600437508
vn 0.8153164013 -0.1470039556 -0.5600437508
vn 0.8121415556 0 -0.5834604474
vn 0.8121415556 0 -0.5834604474
vn 0.8121415556 0 -0.5834604474
vn -0.01420473164 0.1833274817 0.9829492663
vn -0.006645268259 0.2410742417 0.9704839259
vn -0.03537625742 0.3495285861 0.936257597
vn 0.8095094801 -0.08118848887 -0.5814661047
vn 0.8095094801 -0.08118848887 -0.5814661047
vn 0.8095094801 -0.08118848887 -0.5814661047
vn 0.793995702 -0.04057287105 -0.6065679412
vn 0.793995702 -0.04057287105 -0.6065679412
vn 0.793995702 -0.04057287105 -0.6065679412
vn 0.7591656145 0 -0.650897511
vn 0.7591656145 0 -0.650897511
vn 0.7591656145 0 -0.650897511
vn -0.01420473164 0.1833274817 0.9829492663
vn 0.004117953461 0.1654971433 0.9862016721
vn -0.006645268259 0.2410742417 0.9704839259
vn 0.7407965071 -2.70982909e-07 -0.6717295104
vn 0.7407965071 -2.70982909e-07 -0.6717295104
vn 0.7407965071 -2.70982909e-07 -0.6717295104
vn 0.740801536 2.005207549e-06 -0.6717239643
vn 0.740801536 2.005207549e-06 -0.6717239643
vn 0.740801536 2.005207549e-06 -0.6717239643
vn 0.7407971415 -8.795455171e-07 -0.6717288107
vn 0.7407971415 -8.795455171e-07 -0.6717288107
vn 0.7407971415 -8.795455171e-07 -0.6717288107
vn 0.7770796014 -0.04057255523 -0.628093274
vn 0.7770796014 -0.04057255523 -0.628093274
vn 0.7770796014 -0.04057255523 -0.628093274
vn -0.006645269522 0.2410742421 0.9704839258
vn -0.007293747236 0.2758454927 0.9611743158
vn -0.03537625791 0.3495285859 0.936257597
vn -0.007293747236 0.2758454927 0.9611743158
vn -0.007456010437 0.2909736034 0.9567020278
vn -0.03537625791 0.3495285859 0.936257597
vn -0.007456010437 0.2909736034 0.9567020278
vn -0.007467495535 0.3504094678 0.9365668377
vn -0.03537625791 0.3495285859 0.936257597
vn -0.0353762573 0.3495285768 0.9362576004
vn -0.007750329959 0.3544074469 0.9350589789
vn -0.0213518415 0.5482766127 0.8360244344
vn 0.7567653976 -0.08088830636 -0.6486626356
vn 0.7567653976 -0.08088830636 -0.6486626356
vn 0.7567653976 -0.08088830636 -0.6486626356
vn -0.0353762573 0.3495285768 0.9362576004
vn -0.007467497703 0.3504095255 0.936566816
vn -0.007750329959 0.3544074469 0.9350589789
vn 0.720481587 -0.04031967094 -0.6923009511
vn 0.720481587 -0.04031967094 -0.6923009511
vn 0.720481587 -0.04031967094 -0.6923009511
vn 0.7383275687 -0.08101550348 -0.6695587275
vn 0.7383275687 -0.08101550348 -0.6695587275
vn 0.7383275687 -0.08101550348 -0.6695587275
vn 0.738306795 -0.08102011605 -0.6695810759
vn 0.738306795 -0.08102011605 -0.6695810759
vn 0.738306795 -0.08102011605 -0.6695810759
vn 0.8024760281 -0.1070605929 -0.587001068
vn 0.8024760281 -0.1070605929 -0.587001068
vn 0.8024760281 -0.1070605929 -0.587001068
vn -0.0353762573 0.3495285768 0.9362576004
vn -0.0213518415 0.5482766127 0.8360244344
vn -0.0412970518 0.6419550446 0.7656293321
vn 0.7722400376 -0.1214003431 -0.6236243108
vn 0.7722400376 -0.1214003431 -0.6236243108
vn 0.7722400376 -0.1214003431 -0.6236243108
vn 0.8153196805 -0.14701358 -0.5600364505
vn 0.8153196805 -0.14701358 -0.5600364505
vn 0.8153196805 -0.14701358 -0.5600364505
vn 0.8024703813 -0.1070429515 -0.5870120047
vn 0.8024703813 -0.1070429515 -0.5870120047
vn 0.8024703813 -0.1070429515 -0.5870120047
vn -0.04129705382 0.6419550508 0.7656293268
vn -0.03469645191 0.7467888601 0.6641555199
vn -0.03885753943 0.8185536633 0.5731142923
vn -0.04129705347 0.6419550509 0.7656293268
vn -0.02437458913 0.6470897247 0.7620241253
vn -0.03322571044 0.7291990091 0.683494592
vn -0.04129705347 0.6419550509 0.7656293268
vn -0.03362812899 0.7332583324 0.6791180802
vn -0.03416767233 0.7399553735 0.6717876267
vn -0.04129705347 0.6419550509 0.7656293268
vn -0.03322571044 0.7291990091 0.683494592
vn -0.03362812899 0.7332583324 0.6791180802
vn -0.04129705347 0.6419550509 0.7656293268
vn -0.03416767233 0.7399553735 0.6717876267
vn -0.03469645203 0.7467888601 0.6641555199
vn 0.7568030842 -0.08098174933 -0.6486070059
vn 0.7568030842 -0.08098174933 -0.6486070059
vn 0.7568030842 -0.08098174933 -0.6486070059
vn 0.7567653961 -0.08088831207 -0.6486626367
vn 0.7567653961 -0.08088831207 -0.6486626367
vn 0.7567653961 -0.08088831207 -0.6486626367
vn 0.7722394357 -0.1214000183 -0.6236251193
vn 0.7722394357 -0.1214000183 -0.6236251193
vn 0.7722394357 -0.1214000183 -0.6236251193
vn -0.02135749222 0.5484135132 0.8359344927
vn -0.024374589 0.6470897199 0.7620241294
vn -0.04129705361 0.6419550424 0.7656293339
vn -0.02135184016 0.5482766138 0.8360244336
vn -0.02135749222 0.5484135132 0.8359344927
vn -0.04129705361 0.6419550424 0.7656293339
vn 0.8858119418 -0.1721635264 -0.4309256595
vn 0.8858119418 -0.1721635264 -0.4309256595
vn 0.8858119418 -0.1721635264 -0.4309256595
vn 0.8531280301 -0.1713914255 -0.4927449071
vn 0.8531280301 -0.1713914255 -0.4927449071
vn 0.8531280301 -0.1713914255 -0.4927449071
vn 0.8837664355 -0.237595844 -0.4031192162
vn 0.8837664355 -0.237595844 -0.4031192162
vn 0.8837664355 -0.237595844 -0.4031192162
vn 0.8837667442 -0.2375959653 -0.4031184678
vn 0.8837667442 -0.2375959653 -0.4031184678
vn 0.8837667442 -0.2375959653 -0.4031184678
vn 0.8770255653 -0.2202885132 -0.4269650205
vn 0.8770255653 -0.2202885132 -0.4269650205
vn 0.8770255653 -0.2202885132 -0.4269650205
vn 0.8770254533 -0.2202876769 -0.426965682
vn 0.8770254533 -0.2202876769 -0.426965682
vn 0.8770254533 -0.2202876769 -0.426965682
vn 0.8770254384 -0.2202872837 -0.4269659155
vn 0.8770254384 -0.2202872837 -0.4269659155
vn 0.8770254384 -0.2202872837 -0.4269659155
vn 0.8520078333 -0.2357494134 -0.4674450407
vn 0.8520078333 -0.2357494134 -0.4674450407
vn 0.8520078333 -0.2357494134 -0.4674450407
vn 0.852008572 -0.235752043 -0.467442368
vn 0.852008572 -0.235752043 -0.467442368
vn 0.852008572 -0.235752043 -0.467442368
vn 0.8520078653 -0.2357494311 -0.4674449735
vn 0.8520078653 -0.2357494311 -0.4674449735
vn 0.8520078653 -0.2357494311 -0.4674449735
vn -0.04511668574 0.936262422 0.3483922529
vn -0.04654622056 0.9139214027 0.4032134907
vn -0.04615018186 0.931899001 0.3597699441
vn -0.04615018186 0.931899001 0.3597699441
vn -0.04654622056 0.9139214027 0.4032134907
vn -0.04824268823 0.9231675454 0.381358527
vn -0.04824268826 0.9231675454 0.3813585271
vn -0.04654622175 0.9139214023 0.4032134915
vn -0.04724165677 0.9152980391 0.3999971568
vn -0.04654621615 0.9139214068 0.4032134819
vn -0.04890913377 0.9115025048 0.4083761506
vn -0.04724164941 0.9152980441 0.3999971462
vn 0.8447337996 -0.1975506823 -0.4973917326
vn 0.8447337996 -0.1975506823 -0.4973917326
vn 0.8447337996 -0.1975506823 -0.4973917326
vn 0.8447337911 -0.1975507312 -0.4973917276
vn 0.8447337911 -0.1975507312 -0.4973917276
vn 0.8447337911 -0.1975507312 -0.4973917276
vn -0.04890913377 0.9115025048 0.4083761506
vn -0.08225865922 0.8014679322 0.592353498
vn -0.06586821008 0.8680427687 0.4921007322
vn -0.04654621615 0.9139214068 0.4032134819
vn -0.08225865922 0.8014679322 0.592353498
vn -0.04890913377 0.9115025048 0.4083761506
vn -0.08225866387 0.8014679313 0.5923534986
vn -0.03885752716 0.8185536752 0.573114276
vn -0.0519848834 0.8426337159 0.5359720073
vn -0.08225866387 0.8014679313 0.5923534986
vn -0.06502986416 0.8664851329 0.4949491198
vn -0.06586821418 0.8680427678 0.4921007331
vn -0.08225866387 0.8014679313 0.5923534986
vn -0.0519848834 0.8426337159 0.5359720073
vn -0.06502986416 0.8664851329 0.4949491198
vn 0.8169728659 -0.212298922 -0.5361758146
vn 0.8169728659 -0.212298922 -0.5361758146
vn 0.8169728659 -0.212298922 -0.5361758146
vn 0.8447268611 -0.197555169 -0.4974017344
vn 0.8447268611 -0.197555169 -0.4974017344
vn 0.8447268611 -0.197555169 -0.4974017344
vn 0.8068930213 -0.1730432501 -0.564782866
vn 0.8068930213 -0.1730432501 -0.564782866
vn 0.8068930213 -0.1730432501 -0.564782866
vn 0.8837981351 -0.2375046919 -0.403103433
vn 0.8837981351 -0.2375046919 -0.403103433
vn 0.8837981351 -0.2375046919 -0.403103433
vn 0.8068933188 -0.1730408149 -0.5647831872
vn 0.8068933188 -0.1730408149 -0.5647831872
vn 0.8068933188 -0.1730408149 -0.5647831872
vn -0.03431050246 0.7399476778 0.6717888236
vn -0.03885753943 0.8185536633 0.5731142923
vn -0.03469645191 0.7467888601 0.6641555199
vn -0.933211151 -0.156567811 -0.3234245944
vn -0.933211151 -0.156567811 -0.3234245944
vn -0.933211151 -0.156567811 -0.3234245944
vn -0.9105671989 -0.2396766391 -0.3367825484
vn -0.9105671989 -0.2396766391 -0.3367825484
vn -0.9105671989 -0.2396766391 -0.3367825484
vn -0.9050779321 -0.221607708 -0.362937957
vn -0.9050779321 -0.221607708 -0.362937957
vn -0.9050779321 -0.221607708 -0.362937957
vn -0.9105674086 -0.2396771919 -0.3367815882
vn -0.9105674086 -0.2396771919 -0.3367815882
vn -0.9105674086 -0.2396771919 -0.3367815882
vn -0.8531280409 -0.1713918882 -0.4927447275
vn -0.8531280409 -0.1713918882 -0.4927447275
vn -0.8531280409 -0.1713918882 -0.4927447275
vn -0.9050784158 -0.221607146 -0.3629370938
vn -0.9050784158 -0.221607146 -0.3629370938
vn -0.9050784158 -0.221607146 -0.3629370938
vn -0.9146055778 -0.1734338523 -0.3652633788
vn -0.9146055778 -0.1734338523 -0.3652633788
vn -0.9146055778 -0.1734338523 -0.3652633788
vn -0.9078655964 -0.1561240276 -0.3891083998
vn -0.9078655964 -0.1561240276 -0.3891083998
vn -0.9078655964 -0.1561240276 -0.3891083998
vn -0.8770252386 -0.2202874808 -0.4269662243
vn -0.8770252386 -0.2202874808 -0.4269662243
vn -0.8770252386 -0.2202874808 -0.4269662243
vn -0.8770252953 -0.2202879327 -0.4269658746
vn -0.8770252953 -0.2202879327 -0.4269658746
vn -0.8770252953 -0.2202879327 -0.4269658746
vn -0.8770254195 -0.220286662 -0.4269662751
vn -0.8770254195 -0.220286662 -0.4269662751
vn -0.8770254195 -0.220286662 -0.4269662751
vn -0.8770250613 -0.220288988 -0.4269658108
vn -0.8770250613 -0.220288988 -0.4269658108
vn -0.8770250613 -0.220288988 -0.4269658108
vn -0.8520084519 -0.2357501487 -0.4674435423
vn -0.8520084519 -0.2357501487 -0.4674435423
vn -0.8520084519 -0.2357501487 -0.4674435423
vn -0.8447338247 -0.1975501774 -0.4973918906
vn -0.8447338247 -0.1975501774 -0.4973918906
vn -0.8447338247 -0.1975501774 -0.4973918906
vn -0.8837666465 -0.2375961714 -0.4031185606
vn -0.8837666465 -0.2375961714 -0.4031185606
vn -0.8837666465 -0.2375961714 -0.4031185606
vn -0.8858118227 -0.1721635097 -0.4309259109
vn -0.8858118227 -0.1721635097 -0.4309259109
vn -0.8858118227 -0.1721635097 -0.4309259109
vn -0.8781659002 -0.1559175167 -0.4522326609
vn -0.8781659002 -0.1559175167 -0.4522326609
vn -0.8781659002 -0.1559175167 -0.4522326609
vn -0.85312773 -0.1713919465 -0.4927452455
vn -0.85312773 -0.1713919465 -0.4927452455
vn -0.85312773 -0.1713919465 -0.4927452455
vn -0.9206486181 -0.2863963177 -0.265298457
vn -0.9206486181 -0.2863963177 -0.265298457
vn -0.9206486181 -0.2863963177 -0.265298457
vn -0.9379158796 -0.3070758285 -0.1613016999
vn -0.9379158796 -0.3070758285 -0.1613016999
vn -0.9379158796 -0.3070758285 -0.1613016999
vn -0.938065174 -0.2857756456 -0.1958724323
vn -0.938065174 -0.2857756456 -0.1958724323
vn -0.938065174 -0.2857756456 -0.1958724323
vn -0.9224211173 -0.3041323879 -0.2379974223
vn -0.9224211173 -0.3041323879 -0.2379974223
vn -0.9224211173 -0.3041323879 -0.2379974223
vn -0.9380654348 -0.2857749192 -0.1958722432
vn -0.9380654348 -0.2857749192 -0.1958722432
vn -0.9380654348 -0.2857749192 -0.1958722432
vn -0.932740078 -0.2403737758 -0.2687310827
vn -0.932740078 -0.2403737758 -0.2687310827
vn -0.932740078 -0.2403737758 -0.2687310827
vn -0.9501561825 -0.2397473369 -0.1993099179
vn -0.9501561825 -0.2397473369 -0.1993099179
vn -0.9501561825 -0.2397473369 -0.1993099179
vn -0.9685786168 -0.2453423393 -0.04077498762
vn -0.9685786168 -0.2453423393 -0.04077498762
vn -0.9685786168 -0.2453423393 -0.04077498762
vn -0.9499919321 -0.287436419 -0.1220476713
vn -0.9499919321 -0.287436419 -0.1220476713
vn -0.9499919321 -0.287436419 -0.1220476713
vn -0.949992215 -0.2874357662 -0.1220470067
vn -0.949992215 -0.2874357662 -0.1220470067
vn -0.949992215 -0.2874357662 -0.1220470067
vn -0.9499923635 -0.2874353746 -0.1220467729
vn -0.9499923635 -0.2874353746 -0.1220467729
vn -0.9499923635 -0.2874353746 -0.1220467729
vn -0.9499925198 -0.2874345021 -0.1220476111
vn -0.9499925198 -0.2874345021 -0.1220476111
vn -0.9499925198 -0.2874345021 -0.1220476111
vn -0.9468926403 -0.3108567771 -0.08223376322
vn -0.9468926403 -0.3108567771 -0.08223376322
vn -0.9468926403 -0.3108567771 -0.08223376322
vn -0.9499913171 -0.2874395996 -0.1220449675
vn -0.9499913171 -0.2874395996 -0.1220449675
vn -0.9499913171 -0.2874395996 -0.1220449675
vn -0.9563982988 -0.2892055968 -0.04077274747
vn -0.9563982988 -0.2892055968 -0.04077274747
vn -0.9563982988 -0.2892055968 -0.04077274747
vn -0.9563981408 -0.2892061329 -0.04077265071
vn -0.9563981408 -0.2892061329 -0.04077265071
vn -0.9563981408 -0.2892061329 -0.04077265071
vn -0.9500843377 -0.3119931912 -1.384285471e-06
vn -0.9500843377 -0.3119931912 -1.384285471e-06
vn -0.9500843377 -0.3119931912 -1.384285471e-06
vn -0.9500841049 -0.3119939 8.963164507e-07
vn -0.9500841049 -0.3119939 8.963164507e-07
vn -0.9500841049 -0.3119939 8.963164507e-07
vn -0.9621727727 -0.2435703381 -0.1220534554
vn -0.9621727727 -0.2435703381 -0.1220534554
vn -0.9621727727 -0.2435703381 -0.1220534554
vn -0.9700005592 -0.1571928635 -0.1854435729
vn -0.9700005592 -0.1571928635 -0.1854435729
vn -0.9700005592 -0.1571928635 -0.1854435729
vn -0.9291734846 -0.2228102355 -0.2949444599
vn -0.9291734846 -0.2228102355 -0.2949444599
vn -0.9291734846 -0.2228102355 -0.2949444599
vn -0.9484164588 -0.2229911794 -0.2253467432
vn -0.9484164588 -0.2229911794 -0.2253467432
vn -0.9484164588 -0.2229911794 -0.2253467432
vn -0.9623261947 -0.2222595952 -0.1566172636
vn -0.9623261947 -0.2222595952 -0.1566172636
vn -0.9623261947 -0.2222595952 -0.1566172636
vn -0.954265201 -0.1571195923 -0.2543449624
vn -0.954265201 -0.1571195923 -0.2543449624
vn -0.954265201 -0.1571195923 -0.2543449624
vn -0.9386242994 -0.1747019924 -0.2974283753
vn -0.9386242994 -0.1747019924 -0.2974283753
vn -0.9386242994 -0.1747019924 -0.2974283753
vn -0.9578319362 -0.1746820912 -0.2281318677
vn -0.9578319362 -0.1746820912 -0.2281318677
vn -0.9578319362 -0.1746820912 -0.2281318677
vn -0.9718760301 -0.2206965084 -0.08215858589
vn -0.9718760301 -0.2206965084 -0.08215858589
vn -0.9718760301 -0.2206965084 -0.08215858589
vn -0.9751893626 -0.2213723269 0
vn -0.9751893626 -0.2213723269 0
vn -0.9751893626 -0.2213723269 0
vn -0.9718658899 -0.1746837358 -0.157994571
vn -0.9718658899 -0.1746837358 -0.157994571
vn -0.9718658899 -0.1746837358 -0.157994571
vn -0.9804972496 -0.1786446964 -0.08192201099
vn -0.9804972496 -0.1786446964 -0.08192201099
vn -0.9804972496 -0.1786446964 -0.08192201099
vn -0.9806536601 -0.1573200548 -0.1164851894
vn -0.9806536601 -0.1573200548 -0.1164851894
vn -0.9806536601 -0.1573200548 -0.1164851894
vn -0.9837656281 -0.1794580426 0
vn -0.9837656281 -0.1794580426 0
vn -0.9837656281 -0.1794580426 0
vn -0.9871081204 -0.1546755851 -0.04114634794
vn -0.9871081204 -0.1546755851 -0.04114634794
vn -0.9871081204 -0.1546755851 -0.04114634794
vn -0.9206479591 -0.2864008571 -0.2652958434
vn -0.9206479591 -0.2864008571 -0.2652958434
vn -0.9206479591 -0.2864008571 -0.2652958434
vn -0.9206485972 -0.2863983719 -0.2652963119
vn -0.9206485972 -0.2863983719 -0.2652963119
vn -0.9206485972 -0.2863983719 -0.2652963119
vn -0.8984734205 -0.2856985924 -0.3333494066
vn -0.8984734205 -0.2856985924 -0.3333494066
vn -0.8984734205 -0.2856985924 -0.3333494066
vn -0.9018377091 -0.3039354191 -0.3071026009
vn -0.9018377091 -0.3039354191 -0.3071026009
vn -0.9018377091 -0.3039354191 -0.3071026009
vn -0.9206491348 -0.2863964991 -0.2652964679
vn -0.9206491348 -0.2863964991 -0.2652964679
vn -0.9206491348 -0.2863964991 -0.2652964679
vn -0.910567393 -0.239676575 -0.3367820693
vn -0.910567393 -0.239676575 -0.3367820693
vn -0.910567393 -0.239676575 -0.3367820693
vn -0.9395209104 -0.1082043375 -0.3249496581
vn -0.9395209104 -0.1082043375 -0.3249496581
vn -0.9395209104 -0.1082043375 -0.3249496581
vn -0.9327818056 -0.09089248804 -0.348793146
vn -0.9327818056 -0.09089248804 -0.348793146
vn -0.9327818056 -0.09089248804 -0.348793146
vn -0.9358819939 -0.04107804188 -0.3499106858
vn -0.9358819939 -0.04107804188 -0.3499106858
vn -0.9358819939 -0.04107804188 -0.3499106858
vn -0.9061698501 -0.090853433 -0.4130397759
vn -0.9061698501 -0.090853433 -0.4130397759
vn -0.9061698501 -0.090853433 -0.4130397759
vn -0.9138387224 -0.1069457356 -0.3917414951
vn -0.9138387224 -0.1069457356 -0.3917414951
vn -0.9138387224 -0.1069457356 -0.3917414951
vn -0.8841402569 -0.1067394483 -0.4548655804
vn -0.8841402569 -0.1067394483 -0.4548655804
vn -0.8841402569 -0.1067394483 -0.4548655804
vn -0.8751839055 -0.09074977542 -0.4752027039
vn -0.8751839055 -0.09074977542 -0.4752027039
vn -0.8751839055 -0.09074977542 -0.4752027039
vn -0.8680535386 -0.02512449522 -0.4958344622
vn -0.8680535386 -0.02512449522 -0.4958344622
vn -0.8680535386 -0.02512449522 -0.4958344622
vn -0.9092154237 -0.04109181482 -0.414293104
vn -0.9092154237 -0.04109181482 -0.414293104
vn -0.9092154237 -0.04109181482 -0.414293104
vn -0.900259309 -0.025101719 -0.4346298197
vn -0.900259309 -0.025101719 -0.4346298197
vn -0.900259309 -0.025101719 -0.4346298197
vn -0.9281574775 -0.0250378624 -0.3713445872
vn -0.9281574775 -0.0250378624 -0.3713445872
vn -0.9281574775 -0.0250378624 -0.3713445872
vn -0.8781001696 -0.04076474266 -0.4767371686
vn -0.8781001696 -0.04076474266 -0.4767371686
vn -0.8781001696 -0.04076474266 -0.4767371686
vn -0.976469749 -0.1085481068 -0.186344138
vn -0.976469749 -0.1085481068 -0.186344138
vn -0.976469749 -0.1085481068 -0.186344138
vn -0.9727399177 -0.09126577355 -0.2131844533
vn -0.9727399177 -0.09126577355 -0.2131844533
vn -0.9727399177 -0.09126577355 -0.2131844533
vn -0.9605743262 -0.1087566389 -0.2558690238
vn -0.9605743262 -0.1087566389 -0.2558690238
vn -0.9605743262 -0.1087566389 -0.2558690238
vn -0.9551812119 -0.09043622148 -0.281869016
vn -0.9551812119 -0.09043622148 -0.281869016
vn -0.9551812119 -0.09043622148 -0.281869016
vn -0.9871222069 -0.1086746949 -0.1173863678
vn -0.9871222069 -0.1086746949 -0.1173863678
vn -0.9871222069 -0.1086746949 -0.1173863678
vn -0.9852303418 -0.09135024107 -0.1448319956
vn -0.9852303418 -0.09135024107 -0.1448319956
vn -0.9852303418 -0.09135024107 -0.1448319956
vn -0.9929351273 -0.09135390635 -0.07572513936
vn -0.9929351273 -0.09135390635 -0.07572513936
vn -0.9929351273 -0.09135390635 -0.07572513936
vn -0.9927764653 -0.1127023684 -0.04114688461
vn -0.9927764653 -0.1127023684 -0.04114688461
vn -0.9927764653 -0.1127023684 -0.04114688461
vn -0.9961570512 -0.08758498362 0
vn -0.9961570512 -0.08758498362 0
vn -0.9961570512 -0.08758498362 0
vn -0.9759667791 -0.04184491534 -0.2138640905
vn -0.9759667791 -0.04184491534 -0.2138640905
vn -0.9759667791 -0.04184491534 -0.2138640905
vn -0.9705158444 -0.0248384891 -0.239754135
vn -0.9705158444 -0.0248384891 -0.239754135
vn -0.9705158444 -0.0248384891 -0.239754135
vn -0.9847705976 -0.02482464567 -0.1720773285
vn -0.9847705976 -0.02482464567 -0.1720773285
vn -0.9847705976 -0.02482464567 -0.1720773285
vn -0.958350812 -0.04233231726 -0.2824388361
vn -0.958350812 -0.04233231726 -0.2824388361
vn -0.958350812 -0.04233231726 -0.2824388361
vn -0.9516119593 -0.02501730027 -0.3062822449
vn -0.9516119593 -0.02501730027 -0.3062822449
vn -0.9516119593 -0.02501730027 -0.3062822449
vn -0.9885003889 -0.04210744466 -0.1452375442
vn -0.9885003889 -0.04210744466 -0.1452375442
vn -0.9885003889 -0.04210744466 -0.1452375442
vn -0.9962249436 -0.04203550142 -0.07595313258
vn -0.9962249436 -0.04203550142 -0.07595313258
vn -0.9962249436 -0.04203550142 -0.07595313258
vn -0.9989350127 -0.0461393589 0
vn -0.9989350127 -0.0461393589 0
vn -0.9989350127 -0.0461393589 0
vn -0.9943125619 -0.02478612742 -0.1035769142
vn -0.9943125619 -0.02478612742 -0.1035769142
vn -0.9943125619 -0.02478612742 -0.1035769142
vn -0.9990947792 -0.02477449535 -0.0345810158
vn -0.9990947792 -0.02477449535 -0.0345810158
vn -0.9990947792 -0.02477449535 -0.0345810158
vn -0.8531278061 -0.17139141 -0.4927453004
vn -0.8531278061 -0.17139141 -0.4927453004
vn -0.8531278061 -0.17139141 -0.4927453004
vn -0.8430486181 -0.1321368576 -0.5213529308
vn -0.8430486181 -0.1321368576 -0.5213529308
vn -0.8430486181 -0.1321368576 -0.5213529308
vn -0.8430483315 -0.1321354413 -0.5213537531
vn -0.8430483315 -0.1321354413 -0.5213537531
vn -0.8430483315 -0.1321354413 -0.5213537531
vn -0.8430482531 -0.132136256 -0.5213536734
vn -0.8430482531 -0.132136256 -0.5213536734
vn -0.8430482531 -0.132136256 -0.5213536734
vn -0.8153163979 -0.1470045508 -0.5600435996
vn -0.8153163979 -0.1470045508 -0.5600435996
vn -0.8153163979 -0.1470045508 -0.5600435996
vn -0.8024764997 -0.1070583632 -0.5870008299
vn -0.8024764997 -0.1070583632 -0.5870008299
vn -0.8024764997 -0.1070583632 -0.5870008299
vn -0.8095094192 -0.08118811064 -0.5814662423
vn -0.8095094192 -0.08118811064 -0.5814662423
vn -0.8095094192 -0.08118811064 -0.5814662423
vn -0.850082271 -0.1062634286 -0.515818007
vn -0.850082271 -0.1062634286 -0.515818007
vn -0.850082271 -0.1062634286 -0.515818007
vn -0.8024753786 -0.1070592995 -0.5870021917
vn -0.8024753786 -0.1070592995 -0.5870021917
vn -0.8024753786 -0.1070592995 -0.5870021917
vn -0.8024757769 -0.1070619438 -0.5870011649
vn -0.8024757769 -0.1070619438 -0.5870011649
vn -0.8024757769 -0.1070619438 -0.5870011649
vn -0.8373355651 -0.06595854567 -0.542695699
vn -0.8373355651 -0.06595854567 -0.542695699
vn -0.8373355651 -0.06595854567 -0.542695699
vn -0.8429291468 -0.04065224864 -0.5364865779
vn -0.8429291468 -0.04065224864 -0.5364865779
vn -0.8429291468 -0.04065224864 -0.5364865779
vn -0.8095093461 -0.08118810104 -0.5814663454
vn -0.8095093461 -0.08118810104 -0.5814663454
vn -0.8095093461 -0.08118810104 -0.5814663454
vn -0.8095093713 -0.08118815795 -0.5814663023
vn -0.8095093713 -0.08118815795 -0.5814663023
vn -0.8095093713 -0.08118815795 -0.5814663023
vn -0.7939958635 -0.04057321638 -0.6065677067
vn -0.7939958635 -0.04057321638 -0.6065677067
vn -0.7939958635 -0.04057321638 -0.6065677067
vn -0.7939958189 -0.04057279915 -0.6065677931
vn -0.7939958189 -0.04057279915 -0.6065677931
vn -0.7939958189 -0.04057279915 -0.6065677931
vn -0.812141663 0 -0.5834602979
vn -0.812141663 0 -0.5834602979
vn -0.812141663 0 -0.5834602979
vn -0.7939957977 -0.04057291957 -0.6065678127
vn -0.7939957977 -0.04057291957 -0.6065678127
vn -0.7939957977 -0.04057291957 -0.6065678127
vn -0.9685785686 -0.2453424875 0.04077524062
vn -0.9685785686 -0.2453424875 0.04077524062
vn -0.9685785686 -0.2453424875 0.04077524062
vn -0.9685785689 -0.2453426386 0.04077432521
vn -0.9685785689 -0.2453426386 0.04077432521
vn -0.9685785689 -0.2453426386 0.04077432521
vn -0.9718762131 -0.2206945482 0.08216168718
vn -0.9718762131 -0.2206945482 0.08216168718
vn -0.9718762131 -0.2206945482 0.08216168718
vn -0.9621726431 -0.243570647 0.1220538598
vn -0.9621726431 -0.243570647 0.1220538598
vn -0.9621726431 -0.243570647 0.1220538598
vn -0.9563980546 -0.2892063692 0.04077299444
vn -0.9563980546 -0.2892063692 0.04077299444
vn -0.9563980546 -0.2892063692 0.04077299444
vn -0.9621728966 -0.2435703517 0.1220524507
vn -0.9621728966 -0.2435703517 0.1220524507
vn -0.9621728966 -0.2435703517 0.1220524507
vn -0.9621728057 -0.243570304 0.1220532627
vn -0.9621728057 -0.243570304 0.1220532627
vn -0.9621728057 -0.243570304 0.1220532627
vn -0.9623255557 -0.2222607731 0.1566195183
vn -0.9623255557 -0.2222607731 0.1566195183
vn -0.9623255557 -0.2222607731 0.1566195183
vn -0.9501561918 -0.2397474893 0.1993096902
vn -0.9501561918 -0.2397474893 0.1993096902
vn -0.9501561918 -0.2397474893 0.1993096902
vn -0.950156313 -0.2397478479 0.1993086811
vn -0.950156313 -0.2397478479 0.1993086811
vn -0.950156313 -0.2397478479 0.1993086811
vn -0.9327515798 -0.2403350835 0.2687257673
vn -0.9327515798 -0.2403350835 0.2687257673
vn -0.9327515798 -0.2403350835 0.2687257673
vn -0.9718760116 -0.2206965884 0.08215858991
vn -0.9718760116 -0.2206965884 0.08215858991
vn -0.9718760116 -0.2206965884 0.08215858991
vn -0.9871081207 -0.1546755835 0.04114634887
vn -0.9871081207 -0.1546755835 0.04114634887
vn -0.9871081207 -0.1546755835 0.04114634887
vn -0.9804972497 -0.1786446942 0.08192201467
vn -0.9804972497 -0.1786446942 0.08192201467
vn -0.9804972497 -0.1786446942 0.08192201467
vn -0.9718658899 -0.1746837358 0.157994571
vn -0.9718658899 -0.1746837358 0.157994571
vn -0.9718658899 -0.1746837358 0.157994571
vn -0.9806536601 -0.1573200548 0.1164851894
vn -0.9806536601 -0.1573200548 0.1164851894
vn -0.9806536601 -0.1573200548 0.1164851894
vn -0.9623262293 -0.2222594419 0.1566172687
vn -0.9623262293 -0.2222594419 0.1566172687
vn -0.9623262293 -0.2222594419 0.1566172687
vn -0.9700005592 -0.1571928635 0.1854435729
vn -0.9700005592 -0.1571928635 0.1854435729
vn -0.9700005592 -0.1571928635 0.1854435729
vn -0.9484165229 -0.2229908877 0.2253467618
vn -0.9484165229 -0.2229908877 0.2253467618
vn -0.9484165229 -0.2229908877 0.2253467618
vn -0.9484162277 -0.2229914792 0.2253474192
vn -0.9484162277 -0.2229914792 0.2253474192
vn -0.9484162277 -0.2229914792 0.2253474192
vn -0.9327400749 -0.240373797 0.2687310746
vn -0.9327400749 -0.240373797 0.2687310746
vn -0.9327400749 -0.240373797 0.2687310746
vn -0.9291734947 -0.2228102892 0.2949443875
vn -0.9291734947 -0.2228102892 0.2949443875
vn -0.9291734947 -0.2228102892 0.2949443875
vn -0.929173477 -0.2228100359 0.2949446347
vn -0.929173477 -0.2228100359 0.2949446347
vn -0.929173477 -0.2228100359 0.2949446347
vn -0.9291734432 -0.222810423 0.2949444488
vn -0.9291734432 -0.222810423 0.2949444488
vn -0.9291734432 -0.222810423 0.2949444488
vn -0.9578319362 -0.1746820912 0.2281318677
vn -0.9578319362 -0.1746820912 0.2281318677
vn -0.9578319362 -0.1746820912 0.2281318677
vn -0.954265201 -0.1571195923 0.2543449624
vn -0.954265201 -0.1571195923 0.2543449624
vn -0.954265201 -0.1571195923 0.2543449624
vn -0.9386242994 -0.1747019924 0.2974283753
vn -0.9386242994 -0.1747019924 0.2974283753
vn -0.9386242994 -0.1747019924 0.2974283753
vn -0.933211151 -0.156567811 0.3234245944
vn -0.933211151 -0.156567811 0.3234245944
vn -0.933211151 -0.156567811 0.3234245944
vn -0.9105670133 -0.2396770302 0.336782772
vn -0.9105670133 -0.2396770302 0.336782772
vn -0.9105670133 -0.2396770302 0.336782772
vn -0.9050783693 -0.2216081612 0.3629365899
vn -0.9050783693 -0.2216081612 0.3629365899
vn -0.9050783693 -0.2216081612 0.3629365899
vn -0.9050783639 -0.2216084286 0.3629364402
vn -0.9050783639 -0.2216084286 0.3629364402
vn -0.9050783639 -0.2216084286 0.3629364402
vn -0.9050785683 -0.2216064582 0.3629371335
vn -0.9050785683 -0.2216064582 0.3629371335
vn -0.9050785683 -0.2216064582 0.3629371335
vn -0.9050771145 -0.2216099148 0.3629386485
vn -0.9050771145 -0.2216099148 0.3629386485
vn -0.9050771145 -0.2216099148 0.3629386485
vn -0.8837679703 -0.2375968343 0.4031152677
vn -0.8837679703 -0.2375968343 0.4031152677
vn -0.8837679703 -0.2375968343 0.4031152677
vn -0.88376778 -0.2375965494 0.4031158527
vn -0.88376778 -0.2375965494 0.4031158527
vn -0.88376778 -0.2375965494 0.4031158527
vn -0.877025527 -0.2202856437 0.4269665797
vn -0.877025527 -0.2202856437 0.4269665797
vn -0.877025527 -0.2202856437 0.4269665797
vn -0.9146055778 -0.1734338523 0.3652633788
vn -0.9146055778 -0.1734338523 0.3652633788
vn -0.9146055778 -0.1734338523 0.3652633788
vn -0.9078656446 -0.1561241446 0.3891082405
vn -0.9078656446 -0.1561241446 0.3891082405
vn -0.9078656446 -0.1561241446 0.3891082405
vn -0.8858115525 -0.1721638654 0.4309263243
vn -0.8858115525 -0.1721638654 0.4309263243
vn -0.8858115525 -0.1721638654 0.4309263243
vn -0.8858118609 -0.1721637514 0.4309257358
vn -0.8858118609 -0.1721637514 0.4309257358
vn -0.8858118609 -0.1721637514 0.4309257358
vn -0.8858117532 -0.1721636625 0.4309259927
vn -0.8858117532 -0.1721636625 0.4309259927
vn -0.8858117532 -0.1721636625 0.4309259927
vn -0.8781656702 -0.1559173528 0.4522331641
vn -0.8781656702 -0.1559173528 0.4522331641
vn -0.8781656702 -0.1559173528 0.4522331641
vn -0.8781658331 -0.1559177525 0.4522327101
vn -0.8781658331 -0.1559177525 0.4522327101
vn -0.8781658331 -0.1559177525 0.4522327101
vn -0.9927764651 -0.1127023701 0.04114688554
vn -0.9927764651 -0.1127023701 0.04114688554
vn -0.9927764651 -0.1127023701 0.04114688554
vn -0.9929351269 -0.09135390803 0.07572514338
vn -0.9929351269 -0.09135390803 0.07572514338
vn -0.9929351269 -0.09135390803 0.07572514338
vn -0.9871222069 -0.1086746949 0.1173863678
vn -0.9871222069 -0.1086746949 0.1173863678
vn -0.9871222069 -0.1086746949 0.1173863678
vn -0.9852303418 -0.09135024107 0.1448319956
vn -0.9852303418 -0.09135024107 0.1448319956
vn -0.9852303418 -0.09135024107 0.1448319956
vn -0.976469749 -0.1085481068 0.186344138
vn -0.976469749 -0.1085481068 0.186344138
vn -0.976469749 -0.1085481068 0.186344138
vn -0.9727399105 -0.09126574434 0.2131844984
vn -0.9727399105 -0.09126574434 0.2131844984
vn -0.9727399105 -0.09126574434 0.2131844984
vn -0.9605743322 -0.1087565823 0.2558690252
vn -0.9605743322 -0.1087565823 0.2558690252
vn -0.9605743322 -0.1087565823 0.2558690252
vn -0.9551812303 -0.09043619888 0.2818689612
vn -0.9551812303 -0.09043619888 0.2818689612
vn -0.9551812303 -0.09043619888 0.2818689612
vn -0.9395209104 -0.1082043375 0.3249496581
vn -0.9395209104 -0.1082043375 0.3249496581
vn -0.9395209104 -0.1082043375 0.3249496581
vn -0.9962249434 -0.0420354989 0.07595313663
vn -0.9962249434 -0.0420354989 0.07595313663
vn -0.9962249434 -0.0420354989 0.07595313663
vn -0.9885003889 -0.04210744466 0.1452375442
vn -0.9885003889 -0.04210744466 0.1452375442
vn -0.9885003889 -0.04210744466 0.1452375442
vn -0.9990947792 -0.02477449382 0.03458101673
vn -0.9990947792 -0.02477449382 0.03458101673
vn -0.9990947792 -0.02477449382 0.03458101673
vn -0.9943125619 -0.02478612742 0.1035769142
vn -0.9943125619 -0.02478612742 0.1035769142
vn -0.9943125619 -0.02478612742 0.1035769142
vn -0.9759667685 -0.04184493351 0.213864135
vn -0.9759667685 -0.04184493351 0.213864135
vn -0.9759667685 -0.04184493351 0.213864135
vn -0.9847705976 -0.02482464567 0.1720773285
vn -0.9847705976 -0.02482464567 0.1720773285
vn -0.9847705976 -0.02482464567 0.1720773285
vn -0.9705158431 -0.02483854242 0.2397541347
vn -0.9705158431 -0.02483854242 0.2397541347
vn -0.9705158431 -0.02483854242 0.2397541347
vn -0.9583508266 -0.0423323574 0.2824387805
vn -0.9583508266 -0.0423323574 0.2824387805
vn -0.9583508266 -0.0423323574 0.2824387805
vn -0.9516119593 -0.02501730027 0.3062822449
vn -0.9516119593 -0.02501730027 0.3062822449
vn -0.9516119593 -0.02501730027 0.3062822449
vn -0.9327818056 -0.09089248804 0.348793146
vn -0.9327818056 -0.09089248804 0.348793146
vn -0.9327818056 -0.09089248804 0.348793146
vn -0.9358819939 -0.04107804188 0.3499106858
vn -0.9358819939 -0.04107804188 0.3499106858
vn -0.9358819939 -0.04107804188 0.3499106858
vn -0.9138387935 -0.1069456793 0.3917413447
vn -0.9138387935 -0.1069456793 0.3917413447
vn -0.9138387935 -0.1069456793 0.3917413447
vn -0.9061698656 -0.09085324878 0.4130397825
vn -0.9061698656 -0.09085324878 0.4130397825
vn -0.9061698656 -0.09085324878 0.4130397825
vn -0.8781658047 -0.1559175699 0.4522328282
vn -0.8781658047 -0.1559175699 0.4522328282
vn -0.8781658047 -0.1559175699 0.4522328282
vn -0.8531276352 -0.1713919923 0.4927453937
vn -0.8531276352 -0.1713919923 0.4927453937
vn -0.8531276352 -0.1713919923 0.4927453937
vn -0.8841401823 -0.1067393103 0.4548657579
vn -0.8841401823 -0.1067393103 0.4548657579
vn -0.8841401823 -0.1067393103 0.4548657579
vn -0.8751839055 -0.09074977542 0.4752027039
vn -0.8751839055 -0.09074977542 0.4752027039
vn -0.8751839055 -0.09074977542 0.4752027039
vn -0.853127904 -0.1713921561 0.4927448713
vn -0.853127904 -0.1713921561 0.4927448713
vn -0.853127904 -0.1713921561 0.4927448713
vn -0.9092154237 -0.04109181482 0.414293104
vn -0.9092154237 -0.04109181482 0.414293104
vn -0.9092154237 -0.04109181482 0.414293104
vn -0.9281574775 -0.0250378624 0.3713445872
vn -0.9281574775 -0.0250378624 0.3713445872
vn -0.9281574775 -0.0250378624 0.3713445872
vn -0.900259309 -0.025101719 0.4346298197
vn -0.900259309 -0.025101719 0.4346298197
vn -0.900259309 -0.025101719 0.4346298197
vn -0.8781001696 -0.04076474266 0.4767371686
vn -0.8781001696 -0.04076474266 0.4767371686
vn -0.8781001696 -0.04076474266 0.4767371686
vn -0.8680535386 -0.02512449522 0.4958344622
vn -0.8680535386 -0.02512449522 0.4958344622
vn -0.8680535386 -0.02512449522 0.4958344622
vn -0.8430482218 -0.132135742 0.5213538543
vn -0.8430482218 -0.132135742 0.5213538543
vn -0.8430482218 -0.132135742 0.5213538543
vn -0.8430475027 -0.1321404876 0.5213538144
vn -0.8430475027 -0.1321404876 0.5213538144
vn -0.8430475027 -0.1321404876 0.5213538144
vn -0.8430486448 -0.1321348801 0.5213533888
vn -0.8430486448 -0.1321348801 0.5213533888
vn -0.8430486448 -0.1321348801 0.5213533888
vn -0.850082271 -0.1062634286 0.515818007
vn -0.850082271 -0.1062634286 0.515818007
vn -0.850082271 -0.1062634286 0.515818007
vn -0.8430527252 -0.1321273768 0.5213486922
vn -0.8430527252 -0.1321273768 0.5213486922
vn -0.8430527252 -0.1321273768 0.5213486922
vn -0.8153169744 -0.1469976051 0.5600445834
vn -0.8153169744 -0.1469976051 0.5600445834
vn -0.8153169744 -0.1469976051 0.5600445834
vn -0.8024741288 -0.1070475867 0.5870060364
vn -0.8024741288 -0.1070475867 0.5870060364
vn -0.8024741288 -0.1070475867 0.5870060364
vn -0.8024764364 -0.1070606795 0.5870004939
vn -0.8024764364 -0.1070606795 0.5870004939
vn -0.8024764364 -0.1070606795 0.5870004939
vn -0.8095101061 -0.08118775037 0.5814653363
vn -0.8095101061 -0.08118775037 0.5814653363
vn -0.8095101061 -0.08118775037 0.5814653363
vn -0.8095085228 -0.08118831968 0.5814674611
vn -0.8095085228 -0.08118831968 0.5814674611
vn -0.8095085228 -0.08118831968 0.5814674611
vn -0.8373355651 -0.06595854567 0.542695699
vn -0.8373355651 -0.06595854567 0.542695699
vn -0.8373355651 -0.06595854567 0.542695699
vn -0.8429291468 -0.04065224864 0.5364865779
vn -0.8429291468 -0.04065224864 0.5364865779
vn -0.8429291468 -0.04065224864 0.5364865779
vn -0.8095096926 -0.08118854262 0.5814658014
vn -0.8095096926 -0.08118854262 0.5814658014
vn -0.8095096926 -0.08118854262 0.5814658014
vn -0.8095089892 -0.08118797347 0.5814668601
vn -0.8095089892 -0.08118797347 0.5814668601
vn -0.8095089892 -0.08118797347 0.5814668601
vn -0.7939960106 -0.04057442004 0.6065674337
vn -0.7939960106 -0.04057442004 0.6065674337
vn -0.7939960106 -0.04057442004 0.6065674337
vn -0.7939957939 -0.04057349154 0.6065677794
vn -0.7939957939 -0.04057349154 0.6065677794
vn -0.7939957939 -0.04057349154 0.6065677794
vn -0.793995757 -0.04057317264 0.6065678491
vn -0.793995757 -0.04057317264 0.6065678491
vn -0.793995757 -0.04057317264 0.6065678491
vn -0.7770796362 -0.040572866 0.6280932109
vn -0.7770796362 -0.040572866 0.6280932109
vn -0.7770796362 -0.040572866 0.6280932109
vn -0.7770808554 -0.0405735418 0.6280916588
vn -0.7770808554 -0.0405735418 0.6280916588
vn -0.7770808554 -0.0405735418 0.6280916588
vn -0.7770788799 -0.04057164781 0.6280942253
vn -0.7770788799 -0.04057164781 0.6280942253
vn -0.7770788799 -0.04057164781 0.6280942253
vn -0.7591653418 -2.044685724e-07 0.650897829
vn -0.7591653418 -2.044685724e-07 0.650897829
vn -0.7591653418 -2.044685724e-07 0.650897829
vn -0.9358819939 0.04107804188 -0.3499106858
vn -0.9358819939 0.04107804188 -0.3499106858
vn -0.9358819939 0.04107804188 -0.3499106858
vn -0.9327818056 0.09089248804 -0.348793146
vn -0.9327818056 0.09089248804 -0.348793146
vn -0.9327818056 0.09089248804 -0.348793146
vn -0.9395209104 0.1082043375 -0.3249496581
vn -0.9395209104 0.1082043375 -0.3249496581
vn -0.9395209104 0.1082043375 -0.3249496581
vn -0.8680535386 0.02512449522 -0.4958344622
vn -0.8680535386 0.02512449522 -0.4958344622
vn -0.8680535386 0.02512449522 -0.4958344622
vn -0.900259309 0.025101719 -0.4346298197
vn -0.900259309 0.025101719 -0.4346298197
vn -0.900259309 0.025101719 -0.4346298197
vn -0.9281574775 0.0250378624 -0.3713445872
vn -0.9281574775 0.0250378624 -0.3713445872
vn -0.9281574775 0.0250378624 -0.3713445872
vn -0.9092154237 0.04109181482 -0.414293104
vn -0.9092154237 0.04109181482 -0.414293104
vn -0.9092154237 0.04109181482 -0.414293104
vn -0.8781001696 0.04076474266 -0.4767371686
vn -0.8781001696 0.04076474266 -0.4767371686
vn -0.8781001696 0.04076474266 -0.4767371686
vn -0.9061698501 0.090853433 -0.4130397759
vn -0.9061698501 0.090853433 -0.4130397759
vn -0.9061698501 0.090853433 -0.4130397759
vn -0.9138387224 0.1069457356 -0.3917414951
vn -0.9138387224 0.1069457356 -0.3917414951
vn -0.9138387224 0.1069457356 -0.3917414951
vn -0.8751839055 0.09074977542 -0.4752027039
vn -0.8751839055 0.09074977542 -0.4752027039
vn -0.8751839055 0.09074977542 -0.4752027039
vn -0.8841402569 0.1067394483 -0.4548655804
vn -0.8841402569 0.1067394483 -0.4548655804
vn -0.8841402569 0.1067394483 -0.4548655804
vn -0.9705158444 0.0248384891 -0.239754135
vn -0.9705158444 0.0248384891 -0.239754135
vn -0.9705158444 0.0248384891 -0.239754135
vn -0.9847705976 0.02482464567 -0.1720773285
vn -0.9847705976 0.02482464567 -0.1720773285
vn -0.9847705976 0.02482464567 -0.1720773285
vn -0.9759667791 0.04184491534 -0.2138640905
vn -0.9759667791 0.04184491534 -0.2138640905
vn -0.9759667791 0.04184491534 -0.2138640905
vn -0.9516119593 0.02501730027 -0.3062822449
vn -0.9516119593 0.02501730027 -0.3062822449
vn -0.9516119593 0.02501730027 -0.3062822449
vn -0.958350812 0.04233231726 -0.2824388361
vn -0.958350812 0.04233231726 -0.2824388361
vn -0.958350812 0.04233231726 -0.2824388361
vn -0.9943125619 0.02478612742 -0.1035769142
vn -0.9943125619 0.02478612742 -0.1035769142
vn -0.9943125619 0.02478612742 -0.1035769142
vn -0.9990947792 0.02477449535 -0.0345810158
vn -0.9990947792 0.02477449535 -0.0345810158
vn -0.9990947792 0.02477449535 -0.0345810158
vn -0.9885003889 0.04210744466 -0.1452375442
vn -0.9885003889 0.04210744466 -0.1452375442
vn -0.9885003889 0.04210744466 -0.1452375442
vn -0.9962249436 0.04203550142 -0.07595313258
vn -0.9962249436 0.04203550142 -0.07595313258
vn -0.9962249436 0.04203550142 -0.07595313258
vn -0.9989350127 0.0461393589 0
vn -0.9989350127 0.0461393589 0
vn -0.9989350127 0.0461393589 0
vn -0.9727399177 0.09126577355 -0.2131844533
vn -0.9727399177 0.09126577355 -0.2131844533
vn -0.9727399177 0.09126577355 -0.2131844533
vn -0.976469749 0.1085481068 -0.186344138
vn -0.976469749 0.1085481068 -0.186344138
vn -0.976469749 0.1085481068 -0.186344138
vn -0.9551812119 0.09043622148 -0.281869016
vn -0.9551812119 0.09043622148 -0.281869016
vn -0.9551812119 0.09043622148 -0.281869016
vn -0.9605743262 0.1087566389 -0.2558690238
vn -0.9605743262 0.1087566389 -0.2558690238
vn -0.9605743262 0.1087566389 -0.2558690238
vn -0.9852303418 0.09135024107 -0.1448319956
vn -0.9852303418 0.09135024107 -0.1448319956
vn -0.9852303418 0.09135024107 -0.1448319956
vn -0.9929351273 0.09135390635 -0.07572513936
vn -0.9929351273 0.09135390635 -0.07572513936
vn -0.9929351273 0.09135390635 -0.07572513936
vn -0.9871222069 0.1086746949 -0.1173863678
vn -0.9871222069 0.1086746949 -0.1173863678
vn -0.9871222069 0.1086746949 -0.1173863678
vn -0.9961570512 0.08758498362 0
vn -0.9961570512 0.08758498362 0
vn -0.9961570512 0.08758498362 0
vn -0.9927764653 0.1127023684 -0.04114688461
vn -0.9927764653 0.1127023684 -0.04114688461
vn -0.9927764653 0.1127023684 -0.04114688461
vn -0.933211151 0.156567811 -0.3234245944
vn -0.933211151 0.156567811 -0.3234245944
vn -0.933211151 0.156567811 -0.3234245944
vn -0.8531280409 0.1713918882 -0.4927447275
vn -0.8531280409 0.1713918882 -0.4927447275
vn -0.8531280409 0.1713918882 -0.4927447275
vn -0.9146055778 0.1734338523 -0.3652633788
vn -0.9146055778 0.1734338523 -0.3652633788
vn -0.9146055778 0.1734338523 -0.3652633788
vn -0.9078655964 0.1561240276 -0.3891083998
vn -0.9078655964 0.1561240276 -0.3891083998
vn -0.9078655964 0.1561240276 -0.3891083998
vn -0.9050784158 0.221607146 -0.3629370938
vn -0.9050784158 0.221607146 -0.3629370938
vn -0.9050784158 0.221607146 -0.3629370938
vn -0.8781659002 0.1559175167 -0.4522326609
vn -0.8781659002 0.1559175167 -0.4522326609
vn -0.8781659002 0.1559175167 -0.4522326609
vn -0.8858118227 0.1721635097 -0.4309259109
vn -0.8858118227 0.1721635097 -0.4309259109
vn -0.8858118227 0.1721635097 -0.4309259109
vn -0.85312773 0.1713919465 -0.4927452455
vn -0.85312773 0.1713919465 -0.4927452455
vn -0.85312773 0.1713919465 -0.4927452455
vn -0.8770250613 0.220288988 -0.4269658108
vn -0.8770250613 0.220288988 -0.4269658108
vn -0.8770250613 0.220288988 -0.4269658108
vn -0.8770252953 0.2202879327 -0.4269658746
vn -0.8770252953 0.2202879327 -0.4269658746
vn -0.8770252953 0.2202879327 -0.4269658746
vn -0.8770254195 0.220286662 -0.4269662751
vn -0.8770254195 0.220286662 -0.4269662751
vn -0.8770254195 0.220286662 -0.4269662751
vn -0.8770252386 0.2202874808 -0.4269662243
vn -0.8770252386 0.2202874808 -0.4269662243
vn -0.8770252386 0.2202874808 -0.4269662243
vn -0.8520084519 0.2357501487 -0.4674435423
vn -0.8520084519 0.2357501487 -0.4674435423
vn -0.8520084519 0.2357501487 -0.4674435423
vn -0.8447338247 0.1975501774 -0.4973918906
vn -0.8447338247 0.1975501774 -0.4973918906
vn -0.8447338247 0.1975501774 -0.4973918906
vn -0.8837666465 0.2375961714 -0.4031185606
vn -0.8837666465 0.2375961714 -0.4031185606
vn -0.8837666465 0.2375961714 -0.4031185606
vn -0.9105671989 0.2396766391 -0.3367825484
vn -0.9105671989 0.2396766391 -0.3367825484
vn -0.9105671989 0.2396766391 -0.3367825484
vn -0.9050779321 0.221607708 -0.362937957
vn -0.9050779321 0.221607708 -0.362937957
vn -0.9050779321 0.221607708 -0.362937957
vn -0.9105674086 0.2396771919 -0.3367815882
vn -0.9105674086 0.2396771919 -0.3367815882
vn -0.9105674086 0.2396771919 -0.3367815882
vn -0.9700005592 0.1571928635 -0.1854435729
vn -0.9700005592 0.1571928635 -0.1854435729
vn -0.9700005592 0.1571928635 -0.1854435729
vn -0.954265201 0.1571195923 -0.2543449624
vn -0.954265201 0.1571195923 -0.2543449624
vn -0.954265201 0.1571195923 -0.2543449624
vn -0.9386242994 0.1747019924 -0.2974283753
vn -0.9386242994 0.1747019924 -0.2974283753
vn -0.9386242994 0.1747019924 -0.2974283753
vn -0.9578319362 0.1746820912 -0.2281318677
vn -0.9578319362 0.1746820912 -0.2281318677
vn -0.9578319362 0.1746820912 -0.2281318677
vn -0.9291734846 0.2228102355 -0.2949444599
vn -0.9291734846 0.2228102355 -0.2949444599
vn -0.9291734846 0.2228102355 -0.2949444599
vn -0.9484164588 0.2229911794 -0.2253467432
vn -0.9484164588 0.2229911794 -0.2253467432
vn -0.9484164588 0.2229911794 -0.2253467432
vn -0.9623261947 0.2222595952 -0.1566172636
vn -0.9623261947 0.2222595952 -0.1566172636
vn -0.9623261947 0.2222595952 -0.1566172636
vn -0.9806536601 0.1573200548 -0.1164851894
vn -0.9806536601 0.1573200548 -0.1164851894
vn -0.9806536601 0.1573200548 -0.1164851894
vn -0.9718658899 0.1746837358 -0.157994571
vn -0.9718658899 0.1746837358 -0.157994571
vn -0.9718658899 0.1746837358 -0.157994571
vn -0.9804972496 0.1786446964 -0.08192201099
vn -0.9804972496 0.1786446964 -0.08192201099
vn -0.9804972496 0.1786446964 -0.08192201099
vn -0.9871081204 0.1546755851 -0.04114634794
vn -0.9871081204 0.1546755851 -0.04114634794
vn -0.9871081204 0.1546755851 -0.04114634794
vn -0.9837656281 0.1794580426 0
vn -0.9837656281 0.1794580426 0
vn -0.9837656281 0.1794580426 0
vn -0.9718760301 0.2206965084 -0.08215858589
vn -0.9718760301 0.2206965084 -0.08215858589
vn -0.9718760301 0.2206965084 -0.08215858589
vn -0.9751893626 0.2213723269 0
vn -0.9751893626 0.2213723269 0
vn -0.9751893626 0.2213723269 0
vn -0.932740078 0.2403737758 -0.2687310827
vn -0.932740078 0.2403737758 -0.2687310827
vn -0.932740078 0.2403737758 -0.2687310827
vn -0.9501561825 0.2397473369 -0.1993099179
vn -0.9501561825 0.2397473369 -0.1993099179
vn -0.9501561825 0.2397473369 -0.1993099179
vn -0.9206486181 0.2863963177 -0.265298457
vn -0.9206486181 0.2863963177 -0.265298457
vn -0.9206486181 0.2863963177 -0.265298457
vn -0.9379158796 0.3070758285 -0.1613016999
vn -0.9379158796 0.3070758285 -0.1613016999
vn -0.9379158796 0.3070758285 -0.1613016999
vn -0.938065174 0.2857756456 -0.1958724323
vn -0.938065174 0.2857756456 -0.1958724323
vn -0.938065174 0.2857756456 -0.1958724323
vn -0.9224211173 0.3041323879 -0.2379974223
vn -0.9224211173 0.3041323879 -0.2379974223
vn -0.9224211173 0.3041323879 -0.2379974223
vn -0.9380654348 0.2857749192 -0.1958722432
vn -0.9380654348 0.2857749192 -0.1958722432
vn -0.9380654348 0.2857749192 -0.1958722432
vn -0.9685786168 0.2453423393 -0.04077498762
vn -0.9685786168 0.2453423393 -0.04077498762
vn -0.9685786168 0.2453423393 -0.04077498762
vn -0.9621727727 0.2435703381 -0.1220534554
vn -0.9621727727 0.2435703381 -0.1220534554
vn -0.9621727727 0.2435703381 -0.1220534554
vn -0.9499919321 0.287436419 -0.1220476713
vn -0.9499919321 0.287436419 -0.1220476713
vn -0.9499919321 0.287436419 -0.1220476713
vn -0.949992215 0.2874357662 -0.1220470067
vn -0.949992215 0.2874357662 -0.1220470067
vn -0.949992215 0.2874357662 -0.1220470067
vn -0.9499923635 0.2874353746 -0.1220467729
vn -0.9499923635 0.2874353746 -0.1220467729
vn -0.9499923635 0.2874353746 -0.1220467729
vn -0.9499925198 0.2874345021 -0.1220476111
vn -0.9499925198 0.2874345021 -0.1220476111
vn -0.9499925198 0.2874345021 -0.1220476111
vn -0.9468926403 0.3108567771 -0.08223376322
vn -0.9468926403 0.3108567771 -0.08223376322
vn -0.9468926403 0.3108567771 -0.08223376322
vn -0.9499913171 0.2874395996 -0.1220449675
vn -0.9499913171 0.2874395996 -0.1220449675
vn -0.9499913171 0.2874395996 -0.1220449675
vn -0.9563982988 0.2892055968 -0.04077274747
vn -0.9563982988 0.2892055968 -0.04077274747
vn -0.9563982988 0.2892055968 -0.04077274747
vn -0.9563981408 0.2892061329 -0.04077265071
vn -0.9563981408 0.2892061329 -0.04077265071
vn -0.9563981408 0.2892061329 -0.04077265071
vn -0.9500843377 0.3119931912 -1.384285471e-06
vn -0.9500843377 0.3119931912 -1.384285471e-06
vn -0.9500843377 0.3119931912 -1.384285471e-06
vn -0.9500841049 0.3119939 8.963164507e-07
vn -0.9500841049 0.3119939 8.963164507e-07
vn -0.9500841049 0.3119939 8.963164507e-07
vn -0.910567393 0.239676575 -0.3367820693
vn -0.910567393 0.239676575 -0.3367820693
vn -0.910567393 0.239676575 -0.3367820693
vn -0.8984734205 0.2856985924 -0.3333494066
vn -0.8984734205 0.2856985924 -0.3333494066
vn -0.8984734205 0.2856985924 -0.3333494066
vn -0.9018377091 0.3039354191 -0.3071026009
vn -0.9018377091 0.3039354191 -0.3071026009
vn -0.9018377091 0.3039354191 -0.3071026009
vn -0.9206491348 0.2863964991 -0.2652964679
vn -0.9206491348 0.2863964991 -0.2652964679
vn -0.9206491348 0.2863964991 -0.2652964679
vn -0.9206479591 0.2864008571 -0.2652958434
vn -0.9206479591 0.2864008571 -0.2652958434
vn -0.9206479591 0.2864008571 -0.2652958434
vn -0.9206485972 0.2863983719 -0.2652963119
vn -0.9206485972 0.2863983719 -0.2652963119
vn -0.9206485972 0.2863983719 -0.2652963119
vn -0.8429291468 0.04065224864 -0.5364865779
vn -0.8429291468 0.04065224864 -0.5364865779
vn -0.8429291468 0.04065224864 -0.5364865779
vn -0.8274013581 0 -0.5616110688
vn -0.8274013581 0 -0.5616110688
vn -0.8274013581 0 -0.5616110688
vn -0.8373355651 0.06595854567 -0.542695699
vn -0.8373355651 0.06595854567 -0.542695699
vn -0.8373355651 0.06595854567 -0.542695699
vn -0.8121614303 -4.650421195e-05 -0.5834327801
vn -0.8121614303 -4.650421195e-05 -0.5834327801
vn -0.8121614303 -4.650421195e-05 -0.5834327801
vn -0.8121057239 8.512761234e-05 -0.5835103135
vn -0.8121057239 8.512761234e-05 -0.5835103135
vn -0.8121057239 8.512761234e-05 -0.5835103135
vn -0.7939957977 0.04057291957 -0.6065678127
vn -0.7939957977 0.04057291957 -0.6065678127
vn -0.7939957977 0.04057291957 -0.6065678127
vn -0.7939958189 0.04057279915 -0.6065677931
vn -0.7939958189 0.04057279915 -0.6065677931
vn -0.7939958189 0.04057279915 -0.6065677931
vn -0.7939958635 0.04057321638 -0.6065677067
vn -0.7939958635 0.04057321638 -0.6065677067
vn -0.7939958635 0.04057321638 -0.6065677067
vn -0.8095093713 0.08118815795 -0.5814663023
vn -0.8095093713 0.08118815795 -0.5814663023
vn -0.8095093713 0.08118815795 -0.5814663023
vn -0.8095093461 0.08118810104 -0.5814663454
vn -0.8095093461 0.08118810104 -0.5814663454
vn -0.8095093461 0.08118810104 -0.5814663454
vn -0.8095094192 0.08118811064 -0.5814662423
vn -0.8095094192 0.08118811064 -0.5814662423
vn -0.8095094192 0.08118811064 -0.5814662423
vn -0.8024764997 0.1070583632 -0.5870008299
vn -0.8024764997 0.1070583632 -0.5870008299
vn -0.8024764997 0.1070583632 -0.5870008299
vn -0.850082271 0.1062634286 -0.515818007
vn -0.850082271 0.1062634286 -0.515818007
vn -0.850082271 0.1062634286 -0.515818007
vn -0.8024757769 0.1070619438 -0.5870011649
vn -0.8024757769 0.1070619438 -0.5870011649
vn -0.8024757769 0.1070619438 -0.5870011649
vn -0.8024753786 0.1070592995 -0.5870021917
vn -0.8024753786 0.1070592995 -0.5870021917
vn -0.8024753786 0.1070592995 -0.5870021917
vn -0.8430482531 0.132136256 -0.5213536734
vn -0.8430482531 0.132136256 -0.5213536734
vn -0.8430482531 0.132136256 -0.5213536734
vn -0.8430486181 0.1321368576 -0.5213529308
vn -0.8430486181 0.1321368576 -0.5213529308
vn -0.8430486181 0.1321368576 -0.5213529308
vn -0.8430483315 0.1321354413 -0.5213537531
vn -0.8430483315 0.1321354413 -0.5213537531
vn -0.8430483315 0.1321354413 -0.5213537531
vn -0.8153163979 0.1470045508 -0.5600435996
vn -0.8153163979 0.1470045508 -0.5600435996
vn -0.8153163979 0.1470045508 -0.5600435996
vn -0.8531278061 0.17139141 -0.4927453004
vn -0.8531278061 0.17139141 -0.4927453004
vn -0.8531278061 0.17139141 -0.4927453004
vn -0.9990947792 0.02477449382 0.03458101673
vn -0.9990947792 0.02477449382 0.03458101673
vn -0.9990947792 0.02477449382 0.03458101673
vn -0.9943125619 0.02478612742 0.1035769142
vn -0.9943125619 0.02478612742 0.1035769142
vn -0.9943125619 0.02478612742 0.1035769142
vn -0.9962249434 0.0420354989 0.07595313663
vn -0.9962249434 0.0420354989 0.07595313663
vn -0.9962249434 0.0420354989 0.07595313663
vn -0.9885003889 0.04210744466 0.1452375442
vn -0.9885003889 0.04210744466 0.1452375442
vn -0.9885003889 0.04210744466 0.1452375442
vn -0.9847705976 0.02482464567 0.1720773285
vn -0.9847705976 0.02482464567 0.1720773285
vn -0.9847705976 0.02482464567 0.1720773285
vn -0.9705158431 0.02483854242 0.2397541347
vn -0.9705158431 0.02483854242 0.2397541347
vn -0.9705158431 0.02483854242 0.2397541347
vn -0.9759667685 0.04184493351 0.213864135
vn -0.9759667685 0.04184493351 0.213864135
vn -0.9759667685 0.04184493351 0.213864135
vn -0.9516119593 0.02501730027 0.3062822449
vn -0.9516119593 0.02501730027 0.3062822449
vn -0.9516119593 0.02501730027 0.3062822449
vn -0.9583508266 0.0423323574 0.2824387805
vn -0.9583508266 0.0423323574 0.2824387805
vn -0.9583508266 0.0423323574 0.2824387805
vn -0.9929351269 0.09135390803 0.07572514338
vn -0.9929351269 0.09135390803 0.07572514338
vn -0.9929351269 0.09135390803 0.07572514338
vn -0.9927764651 0.1127023701 0.04114688554
vn -0.9927764651 0.1127023701 0.04114688554
vn -0.9927764651 0.1127023701 0.04114688554
vn -0.9852303418 0.09135024107 0.1448319956
vn -0.9852303418 0.09135024107 0.1448319956
vn -0.9852303418 0.09135024107 0.1448319956
vn -0.9871222069 0.1086746949 0.1173863678
vn -0.9871222069 0.1086746949 0.1173863678
vn -0.9871222069 0.1086746949 0.1173863678
vn -0.9727399105 0.09126574434 0.2131844984
vn -0.9727399105 0.09126574434 0.2131844984
vn -0.9727399105 0.09126574434 0.2131844984
vn -0.976469749 0.1085481068 0.186344138
vn -0.976469749 0.1085481068 0.186344138
vn -0.976469749 0.1085481068 0.186344138
vn -0.9551812303 0.09043619888 0.2818689612
vn -0.9551812303 0.09043619888 0.2818689612
vn -0.9551812303 0.09043619888 0.2818689612
vn -0.9605743322 0.1087565823 0.2558690252
vn -0.9605743322 0.1087565823 0.2558690252
vn -0.9605743322 0.1087565823 0.2558690252
vn -0.9395209104 0.1082043375 0.3249496581
vn -0.9395209104 0.1082043375 0.3249496581
vn -0.9395209104 0.1082043375 0.3249496581
vn -0.9358819939 0.04107804188 0.3499106858
vn -0.9358819939 0.04107804188 0.3499106858
vn -0.9358819939 0.04107804188 0.3499106858
vn -0.9327818056 0.09089248804 0.348793146
vn -0.9327818056 0.09089248804 0.348793146
vn -0.9327818056 0.09089248804 0.348793146
vn -0.9281574775 0.0250378624 0.3713445872
vn -0.9281574775 0.0250378624 0.3713445872
vn -0.9281574775 0.0250378624 0.3713445872
vn -0.900259309 0.025101719 0.4346298197
vn -0.900259309 0.025101719 0.4346298197
vn -0.900259309 0.025101719 0.4346298197
vn -0.9092154237 0.04109181482 0.414293104
vn -0.9092154237 0.04109181482 0.414293104
vn -0.9092154237 0.04109181482 0.414293104
vn -0.8781001696 0.04076474266 0.4767371686
vn -0.8781001696 0.04076474266 0.4767371686
vn -0.8781001696 0.04076474266 0.4767371686
vn -0.8680535386 0.02512449522 0.4958344622
vn -0.8680535386 0.02512449522 0.4958344622
vn -0.8680535386 0.02512449522 0.4958344622
vn -0.9138387935 0.1069456793 0.3917413447
vn -0.9138387935 0.1069456793 0.3917413447
vn -0.9138387935 0.1069456793 0.3917413447
vn -0.9061698656 0.09085324878 0.4130397825
vn -0.9061698656 0.09085324878 0.4130397825
vn -0.9061698656 0.09085324878 0.4130397825
vn -0.8751839055 0.09074977542 0.4752027039
vn -0.8751839055 0.09074977542 0.4752027039
vn -0.8751839055 0.09074977542 0.4752027039
vn -0.8841401823 0.1067393103 0.4548657579
vn -0.8841401823 0.1067393103 0.4548657579
vn -0.8841401823 0.1067393103 0.4548657579
vn -0.8781658047 0.1559175699 0.4522328282
vn -0.8781658047 0.1559175699 0.4522328282
vn -0.8781658047 0.1559175699 0.4522328282
vn -0.8531276352 0.1713919923 0.4927453937
vn -0.8531276352 0.1713919923 0.4927453937
vn -0.8531276352 0.1713919923 0.4927453937
vn -0.853127904 0.1713921561 0.4927448713
vn -0.853127904 0.1713921561 0.4927448713
vn -0.853127904 0.1713921561 0.4927448713
vn -0.9871081207 0.1546755835 0.04114634887
vn -0.9871081207 0.1546755835 0.04114634887
vn -0.9871081207 0.1546755835 0.04114634887
vn -0.9804972497 0.1786446942 0.08192201467
vn -0.9804972497 0.1786446942 0.08192201467
vn -0.9804972497 0.1786446942 0.08192201467
vn -0.9806536601 0.1573200548 0.1164851894
vn -0.9806536601 0.1573200548 0.1164851894
vn -0.9806536601 0.1573200548 0.1164851894
vn -0.9718658899 0.1746837358 0.157994571
vn -0.9718658899 0.1746837358 0.157994571
vn -0.9718658899 0.1746837358 0.157994571
vn -0.9718760116 0.2206965884 0.08215858991
vn -0.9718760116 0.2206965884 0.08215858991
vn -0.9718760116 0.2206965884 0.08215858991
vn -0.9623262293 0.2222594419 0.1566172687
vn -0.9623262293 0.2222594419 0.1566172687
vn -0.9623262293 0.2222594419 0.1566172687
vn -0.9700005592 0.1571928635 0.1854435729
vn -0.9700005592 0.1571928635 0.1854435729
vn -0.9700005592 0.1571928635 0.1854435729
vn -0.9578319362 0.1746820912 0.2281318677
vn -0.9578319362 0.1746820912 0.2281318677
vn -0.9578319362 0.1746820912 0.2281318677
vn -0.954265201 0.1571195923 0.2543449624
vn -0.954265201 0.1571195923 0.2543449624
vn -0.954265201 0.1571195923 0.2543449624
vn -0.933211151 0.156567811 0.3234245944
vn -0.933211151 0.156567811 0.3234245944
vn -0.933211151 0.156567811 0.3234245944
vn -0.9386242994 0.1747019924 0.2974283753
vn -0.9386242994 0.1747019924 0.2974283753
vn -0.9386242994 0.1747019924 0.2974283753
vn -0.9484165229 0.2229908877 0.2253467618
vn -0.9484165229 0.2229908877 0.2253467618
vn -0.9484165229 0.2229908877 0.2253467618
vn -0.9484162277 0.2229914792 0.2253474192
vn -0.9484162277 0.2229914792 0.2253474192
vn -0.9484162277 0.2229914792 0.2253474192
vn -0.9291734432 0.222810423 0.2949444488
vn -0.9291734432 0.222810423 0.2949444488
vn -0.9291734432 0.222810423 0.2949444488
vn -0.9327400749 0.240373797 0.2687310746
vn -0.9327400749 0.240373797 0.2687310746
vn -0.9327400749 0.240373797 0.2687310746
vn -0.9291734947 0.2228102892 0.2949443875
vn -0.9291734947 0.2228102892 0.2949443875
vn -0.9291734947 0.2228102892 0.2949443875
vn -0.929173477 0.2228100359 0.2949446347
vn -0.929173477 0.2228100359 0.2949446347
vn -0.929173477 0.2228100359 0.2949446347
vn -0.9685785686 0.2453424875 0.04077524062
vn -0.9685785686 0.2453424875 0.04077524062
vn -0.9685785686 0.2453424875 0.04077524062
vn -0.9685785689 0.2453426386 0.04077432521
vn -0.9685785689 0.2453426386 0.04077432521
vn -0.9685785689 0.2453426386 0.04077432521
vn -0.9718762131 0.2206945482 0.08216168718
vn -0.9718762131 0.2206945482 0.08216168718
vn -0.9718762131 0.2206945482 0.08216168718
vn -0.9621726431 0.243570647 0.1220538598
vn -0.9621726431 0.243570647 0.1220538598
vn -0.9621726431 0.243570647 0.1220538598
vn -0.9621728966 0.2435703517 0.1220524507
vn -0.9621728966 0.2435703517 0.1220524507
vn -0.9621728966 0.2435703517 0.1220524507
vn -0.9621728057 0.243570304 0.1220532627
vn -0.9621728057 0.243570304 0.1220532627
vn -0.9621728057 0.243570304 0.1220532627
vn -0.9563980546 0.2892063692 0.04077299444
vn -0.9563980546 0.2892063692 0.04077299444
vn -0.9563980546 0.2892063692 0.04077299444
vn -0.9623255557 0.2222607731 0.1566195183
vn -0.9623255557 0.2222607731 0.1566195183
vn -0.9623255557 0.2222607731 0.1566195183
vn -0.9501561918 0.2397474893 0.1993096902
vn -0.9501561918 0.2397474893 0.1993096902
vn -0.9501561918 0.2397474893 0.1993096902
vn -0.950156313 0.2397478479 0.1993086811
vn -0.950156313 0.2397478479 0.1993086811
vn -0.950156313 0.2397478479 0.1993086811
vn -0.9327515798 0.2403350835 0.2687257673
vn -0.9327515798 0.2403350835 0.2687257673
vn -0.9327515798 0.2403350835 0.2687257673
vn -0.9146055778 0.1734338523 0.3652633788
vn -0.9146055778 0.1734338523 0.3652633788
vn -0.9146055778 0.1734338523 0.3652633788
vn -0.9078656446 0.1561241446 0.3891082405
vn -0.9078656446 0.1561241446 0.3891082405
vn -0.9078656446 0.1561241446 0.3891082405
vn -0.8858115525 0.1721638654 0.4309263243
vn -0.8858115525 0.1721638654 0.4309263243
vn -0.8858115525 0.1721638654 0.4309263243
vn -0.9050783639 0.2216084286 0.3629364402
vn -0.9050783639 0.2216084286 0.3629364402
vn -0.9050783639 0.2216084286 0.3629364402
vn -0.9105670133 0.2396770302 0.336782772
vn -0.9105670133 0.2396770302 0.336782772
vn -0.9105670133 0.2396770302 0.336782772
vn -0.9050783693 0.2216081612 0.3629365899
vn -0.9050783693 0.2216081612 0.3629365899
vn -0.9050783693 0.2216081612 0.3629365899
vn -0.9050785683 0.2216064582 0.3629371335
vn -0.9050785683 0.2216064582 0.3629371335
vn -0.9050785683 0.2216064582 0.3629371335
vn -0.88376778 0.2375965494 0.4031158527
vn -0.88376778 0.2375965494 0.4031158527
vn -0.88376778 0.2375965494 0.4031158527
vn -0.8837679703 0.2375968343 0.4031152677
vn -0.8837679703 0.2375968343 0.4031152677
vn -0.8837679703 0.2375968343 0.4031152677
vn -0.877025527 0.2202856437 0.4269665797
vn -0.877025527 0.2202856437 0.4269665797
vn -0.877025527 0.2202856437 0.4269665797
vn -0.9050771145 0.2216099148 0.3629386485
vn -0.9050771145 0.2216099148 0.3629386485
vn -0.9050771145 0.2216099148 0.3629386485
vn -0.8858118609 0.1721637514 0.4309257358
vn -0.8858118609 0.1721637514 0.4309257358
vn -0.8858118609 0.1721637514 0.4309257358
vn -0.8858117532 0.1721636625 0.4309259927
vn -0.8858117532 0.1721636625 0.4309259927
vn -0.8858117532 0.1721636625 0.4309259927
vn -0.8781658331 0.1559177525 0.4522327101
vn -0.8781658331 0.1559177525 0.4522327101
vn -0.8781658331 0.1559177525 0.4522327101
vn -0.8781656702 0.1559173528 0.4522331641
vn -0.8781656702 0.1559173528 0.4522331641
vn -0.8781656702 0.1559173528 0.4522331641
vn -0.8429291468 0.04065224864 0.5364865779
vn -0.8429291468 0.04065224864 0.5364865779
vn -0.8429291468 0.04065224864 0.5364865779
vn -0.8274013581 0 0.5616110688
vn -0.8274013581 0 0.5616110688
vn -0.8274013581 0 0.5616110688
vn -0.8373355651 0.06595854567 0.542695699
vn -0.8373355651 0.06595854567 0.542695699
vn -0.8373355651 0.06595854567 0.542695699
vn -0.8121417357 0 0.5834601967
vn -0.8121417357 0 0.5834601967
vn -0.8121417357 0 0.5834601967
vn -0.793995757 0.04057317264 0.6065678491
vn -0.793995757 0.04057317264 0.6065678491
vn -0.793995757 0.04057317264 0.6065678491
vn -0.7770796362 0.040572866 0.6280932109
vn -0.7770796362 0.040572866 0.6280932109
vn -0.7770796362 0.040572866 0.6280932109
vn -0.7939960106 0.04057442004 0.6065674337
vn -0.7939960106 0.04057442004 0.6065674337
vn -0.7939960106 0.04057442004 0.6065674337
vn -0.8095096926 0.08118854262 0.5814658014
vn -0.8095096926 0.08118854262 0.5814658014
vn -0.8095096926 0.08118854262 0.5814658014
vn -0.8095089892 0.08118797347 0.5814668601
vn -0.8095089892 0.08118797347 0.5814668601
vn -0.8095089892 0.08118797347 0.5814668601
vn -0.7939957939 0.04057349154 0.6065677794
vn -0.7939957939 0.04057349154 0.6065677794
vn -0.7939957939 0.04057349154 0.6065677794
vn -0.850082271 0.1062634286 0.515818007
vn -0.850082271 0.1062634286 0.515818007
vn -0.850082271 0.1062634286 0.515818007
vn -0.8095101061 0.08118775037 0.5814653363
vn -0.8095101061 0.08118775037 0.5814653363
vn -0.8095101061 0.08118775037 0.5814653363
vn -0.8095085228 0.08118831968 0.5814674611
vn -0.8095085228 0.08118831968 0.5814674611
vn -0.8095085228 0.08118831968 0.5814674611
vn -0.8430527252 0.1321273768 0.5213486922
vn -0.8430527252 0.1321273768 0.5213486922
vn -0.8430527252 0.1321273768 0.5213486922
vn -0.8024741288 0.1070475867 0.5870060364
vn -0.8024741288 0.1070475867 0.5870060364
vn -0.8024741288 0.1070475867 0.5870060364
vn -0.8024764364 0.1070606795 0.5870004939
vn -0.8024764364 0.1070606795 0.5870004939
vn -0.8024764364 0.1070606795 0.5870004939
vn -0.8153169744 0.1469976051 0.5600445834
vn -0.8153169744 0.1469976051 0.5600445834
vn -0.8153169744 0.1469976051 0.5600445834
vn -0.8430475027 0.1321404876 0.5213538144
vn -0.8430475027 0.1321404876 0.5213538144
vn -0.8430475027 0.1321404876 0.5213538144
vn -0.8430486448 0.1321348801 0.5213533888
vn -0.8430486448 0.1321348801 0.5213533888
vn -0.8430486448 0.1321348801 0.5213533888
vn -0.8430482218 0.132135742 0.5213538543
vn -0.8430482218 0.132135742 0.5213538543
vn -0.8430482218 0.132135742 0.5213538543
vn -0.7770788799 0.04057164781 0.6280942253
vn -0.7770788799 0.04057164781 0.6280942253
vn -0.7770788799 0.04057164781 0.6280942253
vn -0.7591653418 2.044685724e-07 0.650897829
vn -0.7591653418 2.044685724e-07 0.650897829
vn -0.7591653418 2.044685724e-07 0.650897829
vn -0.7770808554 0.0405735418 0.6280916588
vn -0.7770808554 0.0405735418 0.6280916588
vn -0.7770808554 0.0405735418 0.6280916588
f 4/1/1 34/2/2 39/3/3
f 62/4/4 4/5/5 7/6/6
f 4/7/7 1/8/8 3/9/9
f 4/10/10 39/11/11 2/12/12
f 4/13/13 2/14/14 1/15/15
f 4/16/16 3/17/17 8/18/18
f 4/19/19 8/20/20 7/21/21
f 62/22/22 7/23/23 9/24/24
f 62/25/25 12/26/26 13/27/27
f 62/28/28 9/29/29 10/30/30
f 62/31/31 10/32/32 12/33/33
f 42/34/34 26/35/35 25/36/36
f 42/37/37 27/38/38 26/39/39
f 42/40/40 28/41/41 27/42/42
f 40/43/43 37/44/44 35/45/45
f 40/46/46 14/47/47 37/48/48
f 40/49/49 16/50/50 15/51/51
f 40/52/52 20/53/53 16/54/54
f 40/55/55 21/56/56 20/57/57
f 40/58/58 15/59/59 14/60/60
f 4/61/61 35/62/62 36/63/63
f 4/64/64 36/65/65 34/66/66
f 40/67/67 35/68/68 4/69/69
f 40/70/70 41/71/71 21/72/72
f 41/73/73 22/74/74 21/75/75
f 41/76/76 24/77/77 22/78/78
f 41/79/79 42/80/80 24/81/81
f 42/82/82 23/83/83 24/84/84
f 42/85/85 25/86/86 23/87/87
f 65/88/88 63/89/89 4/90/90
f 62/91/91 59/92/92 64/93/93
f 64/94/94 59/95/95 60/96/96
f 64/97/97 60/98/98 61/99/99
f 62/100/100 65/101/101 4/102/102
f 62/103/103 13/104/104 59/105/105
f 62/106/106 64/107/107 65/108/108
f 65/109/109 341/110/110 63/111/111
f 65/112/112 64/113/113 342/114/114
f 40/115/115 66/116/116 41/117/117
f 40/118/118 4/119/119 63/120/120
f 40/121/121 63/122/122 66/123/123
f 66/124/124 67/125/125 41/126/126
f 41/127/127 133/128/128 42/129/129
f 41/130/130 67/131/131 133/132/132
f 66/133/133 63/134/134 341/135/135
f 66/136/136 351/137/137 67/138/138
f 67/139/139 352/140/140 133/141/141
f 352/142/142 429/143/143 133/144/144
f 64/145/145 61/146/146 68/147/147
f 64/148/148 68/149/149 70/150/150
f 64/151/151 70/152/152 71/153/153
f 72/154/154 73/155/155 75/156/156
f 80/157/157 71/158/158 72/159/159
f 80/160/160 72/161/161 75/162/162
f 80/163/163 75/164/164 76/165/165
f 80/166/166 76/167/167 77/168/168
f 78/169/169 79/170/170 228/171/171
f 64/172/172 71/173/173 80/174/174
f 64/175/175 80/176/176 377/177/177
f 80/178/178 81/179/179 377/180/180
f 80/181/181 77/182/182 81/183/183
f 81/184/184 77/185/185 78/186/186
f 241/187/187 78/188/188 228/189/189
f 81/190/190 78/191/191 241/192/192
f 81/193/193 241/194/194 519/195/195
f 42/196/196 82/197/197 28/198/198
f 42/199/199 83/200/200 82/201/201
f 42/202/202 84/203/203 83/204/204
f 42/205/205 85/206/206 84/207/207
f 98/208/208 86/209/209 85/210/210
f 98/211/211 87/212/212 86/213/213
f 92/214/214 99/215/215 93/216/216
f 42/217/217 98/218/218 85/219/219
f 98/220/220 88/221/221 87/222/222
f 98/223/223 89/224/224 88/225/225
f 98/226/226 90/227/227 89/228/228
f 100/229/229 91/230/230 90/231/231
f 100/232/232 92/233/233 91/234/234
f 98/235/235 100/236/236 90/237/237
f 100/238/238 99/239/239 92/240/240
f 100/241/241 101/242/242 99/243/243
f 100/244/244 102/245/245 101/246/246
f 100/247/247 132/248/248 105/249/249
f 100/250/250 105/251/251 102/252/252
f 105/253/253 104/254/254 102/255/255
f 105/256/256 106/257/257 104/258/258
f 105/259/259 109/260/260 106/261/261
f 106/262/262 109/263/263 107/264/264
f 105/265/265 135/266/266 109/267/267
f 135/268/268 110/269/269 109/270/270
f 135/271/271 111/272/272 110/273/273
f 135/274/274 112/275/275 111/276/276
f 114/277/277 116/278/278 115/279/279
f 42/280/280 133/281/281 98/282/282
f 98/283/283 133/284/284 134/285/285
f 98/286/286 134/287/287 100/288/288
f 132/289/289 135/290/290 105/291/291
f 134/292/292 132/293/293 100/294/294
f 133/295/295 429/296/296 134/297/297
f 134/298/298 429/299/299 430/300/300
f 134/301/301 430/302/302 132/303/303
f 132/304/304 431/305/305 135/306/306
f 132/307/307 430/308/308 431/309/309
f 431/310/310 137/311/311 135/312/312
f 135/313/313 113/314/314 112/315/315
f 135/316/316 114/317/317 113/318/318
f 135/319/319 136/320/320 114/321/321
f 136/322/322 116/323/323 114/324/324
f 136/325/325 139/326/326 116/327/327
f 138/328/328 141/329/329 136/330/330
f 136/331/331 140/332/332 139/333/333
f 135/334/334 137/335/335 136/336/336
f 138/337/337 136/338/338 137/339/339
f 138/340/340 155/341/341 141/342/342
f 136/343/343 141/344/344 140/345/345
f 141/346/346 142/347/347 140/348/348
f 141/349/349 143/350/350 142/351/351
f 141/352/352 145/353/353 143/354/354
f 141/355/355 146/356/356 145/357/357
f 141/358/358 155/359/359 146/360/360
f 155/361/361 147/362/362 146/363/363
f 155/364/364 148/365/365 147/366/366
f 154/367/367 149/368/368 148/369/369
f 154/370/370 151/371/371 149/372/372
f 152/373/373 156/374/374 153/375/375
f 155/376/376 154/377/377 148/378/378
f 155/379/379 476/380/380 154/381/381
f 154/382/382 152/383/383 151/384/384
f 154/385/385 157/386/386 152/387/387
f 157/388/388 156/389/389 152/390/390
f 157/391/391 158/392/392 156/393/393
f 157/394/394 159/395/395 158/396/396
f 157/397/397 329/398/398 159/399/399
f 329/400/400 328/401/401 159/402/402
f 154/403/403 477/404/404 157/405/405
f 157/406/406 634/407/407 329/408/408
f 246/409/409 191/410/410 190/411/411
f 246/412/412 190/413/413 189/414/414
f 246/415/415 189/416/416 192/417/417
f 246/418/418 192/419/419 186/420/420
f 196/421/421 218/422/422 219/423/423
f 246/424/424 186/425/425 196/426/426
f 196/427/427 187/428/428 193/429/429
f 196/430/430 193/431/431 194/432/432
f 196/433/433 194/434/434 195/435/435
f 196/436/436 195/437/437 218/438/438
f 196/439/439 186/440/440 187/441/441
f 225/442/442 215/443/443 216/444/444
f 225/445/445 216/446/446 214/447/447
f 225/448/448 213/449/449 215/450/450
f 196/451/451 221/452/452 220/453/453
f 196/454/454 219/455/455 221/456/456
f 223/457/457 220/458/458 222/459/459
f 223/460/460 222/461/461 203/462/462
f 223/463/463 204/464/464 205/465/465
f 223/466/466 205/467/467 208/468/468
f 223/469/469 208/470/470 209/471/471
f 223/472/472 203/473/473 204/474/474
f 196/475/475 220/476/476 223/477/477
f 223/478/478 209/479/479 224/480/480
f 224/481/481 209/482/482 210/483/483
f 224/484/484 210/485/485 212/486/486
f 224/487/487 212/488/488 225/489/489
f 225/490/490 212/491/491 211/492/492
f 225/493/493 211/494/494 213/495/495
f 228/496/496 229/497/497 230/498/498
f 242/499/499 233/500/500 231/501/501
f 232/502/502 239/503/503 238/504/504
f 242/505/505 231/506/506 232/507/507
f 242/508/508 232/509/509 238/510/510
f 242/511/511 238/512/512 236/513/513
f 247/514/514 235/515/515 237/516/516
f 247/517/517 237/518/518 244/519/519
f 247/520/520 236/521/521 235/522/522
f 241/523/523 228/524/524 230/525/525
f 241/526/526 230/527/527 240/528/528
f 240/529/529 230/530/530 233/531/531
f 240/532/532 233/533/533 242/534/534
f 241/535/535 240/536/536 519/537/537
f 242/538/538 236/539/539 247/540/540
f 240/541/541 242/542/542 521/543/543
f 242/544/544 247/545/545 521/546/546
f 247/547/547 245/548/548 246/549/549
f 247/550/550 244/551/551 243/552/552
f 247/553/553 243/554/554 245/555/555
f 246/556/556 245/557/557 191/558/558
f 246/559/559 196/560/560 248/561/561
f 247/562/562 246/563/563 248/564/564
f 248/565/565 196/566/566 249/567/567
f 247/568/568 248/569/569 546/570/570
f 248/571/571 249/572/572 548/573/573
f 196/574/574 223/575/575 249/576/576
f 223/577/577 224/578/578 250/579/579
f 249/580/580 223/581/581 250/582/582
f 250/583/583 224/584/584 251/585/585
f 224/586/586 225/587/587 335/588/588
f 224/589/589 335/590/590 251/591/591
f 249/592/592 250/593/593 548/594/594
f 250/595/595 251/596/596 558/597/597
f 251/598/598 335/599/599 559/600/600
f 559/601/601 335/602/602 649/603/603
f 291/604/604 281/605/605 282/606/606
f 291/607/607 282/608/608 283/609/609
f 225/610/610 214/611/611 278/612/612
f 225/613/613 278/614/614 279/615/615
f 225/616/616 279/617/617 280/618/618
f 225/619/619 280/620/620 281/621/621
f 288/622/622 289/623/623 292/624/624
f 293/625/625 295/626/626 302/627/627
f 291/628/628 283/629/629 285/630/630
f 291/631/631 225/632/632 281/633/633
f 293/634/634 287/635/635 288/636/636
f 293/637/637 286/638/638 287/639/639
f 291/640/640 285/641/641 284/642/642
f 291/643/643 284/644/644 286/645/645
f 291/646/646 286/647/647 293/648/648
f 293/649/649 292/650/650 290/651/651
f 293/652/652 288/653/653 292/654/654
f 293/655/655 290/656/656 295/657/657
f 293/658/658 302/659/659 334/660/660
f 297/661/661 303/662/662 300/663/663
f 302/664/664 303/665/665 297/666/666
f 302/667/667 301/668/668 303/669/669
f 302/670/670 295/671/671 301/672/672
f 307/673/673 308/674/674 306/675/675
f 338/676/676 297/677/677 298/678/678
f 338/679/679 298/680/680 299/681/681
f 338/682/682 299/683/683 304/684/684
f 302/685/685 297/686/686 338/687/687
f 330/688/688 314/689/689 312/690/690
f 322/691/691 323/692/692 316/693/693
f 322/694/694 320/695/695 323/696/696
f 322/697/697 316/698/698 318/699/699
f 322/700/700 318/701/701 319/702/702
f 322/703/703 337/704/704 320/705/705
f 333/706/706 317/707/707 324/708/708
f 332/709/709 325/710/710 313/711/711
f 332/712/712 324/713/713 325/714/714
f 333/715/715 319/716/716 317/717/717
f 322/718/718 319/719/719 333/720/720
f 331/721/721 327/722/722 326/723/723
f 329/724/724 326/725/725 328/726/726
f 329/727/727 331/728/728 326/729/729
f 331/730/730 314/731/731 330/732/732
f 331/733/733 330/734/734 327/735/735
f 332/736/736 313/737/737 314/738/738
f 331/739/739 332/740/740 314/741/741
f 329/742/742 634/743/743 331/744/744
f 331/745/745 635/746/746 332/747/747
f 332/748/748 333/749/749 324/750/750
f 332/751/751 636/752/752 333/753/753
f 291/754/754 335/755/755 225/756/756
f 291/757/757 336/758/758 335/759/759
f 291/760/760 293/761/761 336/762/762
f 334/763/763 302/764/764 338/765/765
f 336/766/766 293/767/767 334/768/768
f 335/769/769 336/770/770 649/771/771
f 336/772/772 650/773/773 649/774/774
f 334/775/775 338/776/776 651/777/777
f 336/778/778 334/779/779 650/780/780
f 334/781/781 651/782/782 650/783/783
f 651/784/784 338/785/785 340/786/786
f 337/787/787 307/788/788 321/789/789
f 337/790/790 308/791/791 307/792/792
f 338/793/793 304/794/794 305/795/795
f 338/796/796 305/797/797 308/798/798
f 337/799/799 338/800/800 308/801/801
f 322/802/802 339/803/803 337/804/804
f 337/805/805 321/806/806 320/807/807
f 337/808/808 340/809/809 338/810/810
f 337/811/811 339/812/812 340/813/813
f 322/814/814 333/815/815 339/816/816
f 65/817/817 343/818/818 341/819/819
f 343/820/820 349/821/821 341/822/822
f 348/823/823 343/824/824 342/825/825
f 65/826/826 342/827/827 343/828/828
f 349/829/829 344/830/830 341/831/831
f 396/832/832 344/833/833 349/834/834
f 364/835/835 347/836/836 376/837/837
f 398/838/838 344/839/839 395/840/840
f 344/841/841 345/842/842 346/843/843
f 361/844/844 344/845/845 346/846/846
f 344/847/847 399/848/848 345/849/849
f 346/850/850 345/851/851 364/852/852
f 398/853/853 399/854/854 344/855/855
f 364/856/856 345/857/857 347/858/858
f 348/859/859 342/860/860 379/861/861
f 348/862/862 402/863/863 349/864/864
f 348/865/865 349/866/866 343/867/867
f 350/868/868 376/869/869 347/870/870
f 350/871/871 381/872/872 376/873/873
f 66/874/874 341/875/875 351/876/876
f 351/877/877 341/878/878 344/879/879
f 351/880/880 362/881/881 352/882/882
f 67/883/883 351/884/884 352/885/885
f 352/886/886 368/887/887 429/888/888
f 368/889/889 370/890/890 429/891/891
f 370/892/892 369/893/893 429/894/894
f 369/895/895 434/896/896 429/897/897
f 372/898/898 354/899/899 373/900/900
f 372/901/901 353/902/902 354/903/903
f 354/904/904 432/905/905 373/906/906
f 353/907/907 385/908/908 354/909/909
f 353/910/910 375/911/911 386/912/912
f 354/913/913 387/914/914 432/915/915
f 351/916/916 344/917/917 360/918/918
f 351/919/919 360/920/920 359/921/921
f 351/922/922 363/923/923 362/924/924
f 355/925/925 356/926/926 352/927/927
f 362/928/928 355/929/929 352/930/930
f 351/931/931 359/932/932 363/933/933
f 362/934/934 357/935/935 355/936/936
f 355/937/937 357/938/938 356/939/939
f 357/940/940 371/941/941 356/942/942
f 364/943/943 374/944/944 357/945/945
f 357/946/946 375/947/947 371/948/948
f 358/949/949 344/950/950 361/951/951
f 358/952/952 360/953/953 344/954/954
f 358/955/955 361/956/956 364/957/957
f 360/958/958 357/959/959 359/960/960
f 358/961/961 357/962/962 360/963/963
f 363/964/964 357/965/965 362/966/966
f 363/967/967 359/968/968 357/969/969
f 358/970/970 364/971/971 357/972/972
f 361/973/973 346/974/974 364/975/975
f 352/976/976 356/977/977 365/978/978
f 352/979/979 365/980/980 366/981/981
f 352/982/982 366/983/983 367/984/984
f 352/985/985 367/986/986 368/987/987
f 366/988/988 372/989/989 367/990/990
f 367/991/991 372/992/992 368/993/993
f 365/994/994 371/995/995 372/996/996
f 365/997/997 372/998/998 366/999/999
f 356/1000/1000 371/1001/1001 365/1002/1002
f 368/1003/1003 372/1004/1004 370/1005/1005
f 370/1006/1006 372/1007/1007 369/1008/1008
f 369/1009/1009 373/1010/1010 434/1011/1011
f 369/1012/1012 372/1013/1013 373/1014/1014
f 371/1015/1015 353/1016/1016 372/1017/1017
f 357/1018/1018 374/1019/1019 375/1020/1020
f 376/1021/1021 392/1022/1022 374/1023/1023
f 374/1024/1024 393/1025/1025 375/1026/1026
f 364/1027/1027 376/1028/1028 374/1029/1029
f 371/1030/1030 375/1031/1031 353/1032/1032
f 64/1033/1033 377/1034/1034 342/1035/1035
f 342/1036/1036 377/1037/1037 379/1038/1038
f 377/1039/1039 378/1040/1040 382/1041/1041
f 81/1042/1042 378/1043/1043 377/1044/1044
f 81/1045/1045 519/1046/1046 378/1047/1047
f 382/1048/1048 378/1049/1049 519/1050/1050
f 379/1051/1051 377/1052/1052 382/1053/1053
f 348/1054/1054 379/1055/1055 410/1056/1056
f 379/1057/1057 382/1058/1058 410/1059/1059
f 384/1060/1060 394/1061/1061 381/1062/1062
f 350/1063/1063 380/1064/1064 381/1065/1065
f 380/1066/1066 383/1067/1067 384/1068/1068
f 380/1069/1069 384/1070/1070 381/1071/1071
f 382/1072/1072 519/1073/1073 522/1074/1074
f 382/1075/1075 522/1076/1076 414/1077/1077
f 384/1078/1078 524/1079/1079 394/1080/1080
f 384/1081/1081 383/1082/1082 525/1083/1083
f 383/1084/1084 587/1085/1085 525/1086/1086
f 384/1087/1087 525/1088/1088 524/1089/1089
f 375/1090/1090 393/1091/1091 386/1092/1092
f 393/1093/1093 389/1094/1094 386/1095/1095
f 393/1096/1096 388/1097/1097 389/1098/1098
f 353/1099/1099 386/1100/1100 385/1101/1101
f 354/1102/1102 385/1103/1103 387/1104/1104
f 386/1105/1105 390/1106/1106 385/1107/1107
f 386/1108/1108 389/1109/1109 390/1110/1110
f 385/1111/1111 391/1112/1112 387/1113/1113
f 385/1114/1114 390/1115/1115 391/1116/1116
f 391/1117/1117 468/1118/1118 387/1119/1119
f 388/1120/1120 531/1121/1121 389/1122/1122
f 388/1123/1123 542/1124/1124 531/1125/1125
f 389/1126/1126 531/1127/1127 534/1128/1128
f 389/1129/1129 534/1130/1130 390/1131/1131
f 390/1132/1132 535/1133/1133 391/1134/1134
f 391/1135/1135 536/1136/1136 468/1137/1137
f 390/1138/1138 534/1139/1139 535/1140/1140
f 391/1141/1141 535/1142/1142 536/1143/1143
f 374/1144/1144 392/1145/1145 393/1146/1146
f 376/1147/1147 381/1148/1148 392/1149/1149
f 392/1150/1150 388/1151/1151 393/1152/1152
f 392/1153/1153 394/1154/1154 388/1155/1155
f 381/1156/1156 394/1157/1157 392/1158/1158
f 394/1159/1159 542/1160/1160 388/1161/1161
f 394/1162/1162 524/1163/1163 542/1164/1164
f 397/1165/1165 349/1166/1166 405/1167/1167
f 396/1168/1168 349/1169/1169 397/1170/1170
f 398/1171/1171 395/1172/1172 347/1173/1173
f 398/1174/1174 347/1175/1175 399/1176/1176
f 345/1177/1177 399/1178/1178 347/1179/1179
f 395/1180/1180 344/1181/1181 396/1182/1182
f 402/1183/1183 406/1184/1184 349/1185/1185
f 348/1186/1186 410/1187/1187 402/1188/1188
f 402/1189/1189 400/1190/1190 407/1191/1191
f 402/1192/1192 407/1193/1193 406/1194/1194
f 402/1195/1195 401/1196/1196 400/1197/1197
f 402/1198/1198 410/1199/1199 416/1200/1200
f 400/1201/1201 403/1202/1202 404/1203/1203
f 402/1204/1204 408/1205/1205 401/1206/1206
f 402/1207/1207 409/1208/1208 408/1209/1209
f 409/1210/1210 403/1211/1211 408/1212/1212
f 400/1213/1213 401/1214/1214 403/1215/1215
f 401/1216/1216 408/1217/1217 403/1218/1218
f 395/1219/1219 396/1220/1220 350/1221/1221
f 396/1222/1222 397/1223/1223 350/1224/1224
f 397/1225/1225 404/1226/1226 350/1227/1227
f 349/1228/1228 406/1229/1229 405/1230/1230
f 397/1231/1231 405/1232/1232 404/1233/1233
f 395/1234/1234 350/1235/1235 347/1236/1236
f 350/1237/1237 404/1238/1238 380/1239/1239
f 403/1240/1240 412/1241/1241 404/1242/1242
f 405/1243/1243 406/1244/1244 404/1245/1245
f 406/1246/1246 407/1247/1247 404/1248/1248
f 407/1249/1249 400/1250/1250 404/1251/1251
f 402/1252/1252 416/1253/1253 409/1254/1254
f 409/1255/1255 416/1256/1256 403/1257/1257
f 403/1258/1258 416/1259/1259 417/1260/1260
f 410/1261/1261 382/1262/1262 414/1263/1263
f 403/1264/1264 411/1265/1265 412/1266/1266
f 411/1267/1267 413/1268/1268 412/1269/1269
f 404/1270/1270 412/1271/1271 380/1272/1272
f 380/1273/1273 412/1274/1274 383/1275/1275
f 412/1276/1276 413/1277/1277 383/1278/1278
f 414/1279/1279 522/1280/1280 583/1281/1281
f 411/1282/1282 415/1283/1283 413/1284/1284
f 415/1285/1285 584/1286/1286 413/1287/1287
f 413/1288/1288 587/1289/1289 383/1290/1290
f 413/1291/1291 584/1292/1292 587/1293/1293
f 410/1294/1294 417/1295/1295 416/1296/1296
f 410/1297/1297 418/1298/1298 417/1299/1299
f 410/1300/1300 420/1301/1301 418/1302/1302
f 410/1303/1303 421/1304/1304 420/1305/1305
f 418/1306/1306 419/1307/1307 417/1308/1308
f 418/1309/1309 420/1310/1310 419/1311/1311
f 420/1312/1312 421/1313/1313 419/1314/1314
f 419/1315/1315 421/1316/1316 422/1317/1317
f 403/1318/1318 419/1319/1319 411/1320/1320
f 403/1321/1321 417/1322/1322 419/1323/1323
f 419/1324/1324 422/1325/1325 411/1326/1326
f 410/1327/1327 414/1328/1328 424/1329/1329
f 410/1330/1330 424/1331/1331 423/1332/1332
f 410/1333/1333 423/1334/1334 421/1335/1335
f 421/1336/1336 423/1337/1337 422/1338/1338
f 422/1339/1339 423/1340/1340 424/1341/1341
f 414/1342/1342 583/1343/1343 426/1344/1344
f 414/1345/1345 425/1346/1346 424/1347/1347
f 414/1348/1348 426/1349/1349 425/1350/1350
f 422/1351/1351 591/1352/1352 415/1353/1353
f 411/1354/1354 422/1355/1355 415/1356/1356
f 426/1357/1357 583/1358/1358 427/1359/1359
f 427/1360/1360 583/1361/1361 428/1362/1362
f 428/1363/1363 583/1364/1364 592/1365/1365
f 422/1366/1366 424/1367/1367 425/1368/1368
f 422/1369/1369 425/1370/1370 426/1371/1371
f 422/1372/1372 426/1373/1373 427/1374/1374
f 422/1375/1375 427/1376/1376 591/1377/1377
f 427/1378/1378 428/1379/1379 591/1380/1380
f 428/1381/1381 592/1382/1382 591/1383/1383
f 429/1384/1384 436/1385/1385 430/1386/1386
f 429/1387/1387 434/1388/1388 435/1389/1389
f 429/1390/1390 435/1391/1391 436/1392/1392
f 436/1393/1393 437/1394/1394 430/1395/1395
f 437/1396/1396 438/1397/1397 430/1398/1398
f 430/1399/1399 438/1400/1400 439/1401/1401
f 430/1402/1402 439/1403/1403 440/1404/1404
f 430/1405/1405 440/1406/1406 441/1407/1407
f 373/1408/1408 432/1409/1409 442/1410/1410
f 431/1411/1411 449/1412/1412 137/1413/1413
f 430/1414/1414 441/1415/1415 431/1416/1416
f 441/1417/1417 444/1418/1418 431/1419/1419
f 444/1420/1420 445/1421/1421 431/1422/1422
f 445/1423/1423 449/1424/1424 431/1425/1425
f 442/1426/1426 432/1427/1427 433/1428/1428
f 432/1429/1429 466/1430/1430 433/1431/1431
f 433/1432/1432 467/1433/1433 457/1434/1434
f 434/1435/1435 373/1436/1436 435/1437/1437
f 435/1438/1438 373/1439/1439 436/1440/1440
f 436/1441/1441 373/1442/1442 442/1443/1443
f 436/1444/1444 442/1445/1445 437/1446/1446
f 437/1447/1447 442/1448/1448 438/1449/1449
f 438/1450/1450 442/1451/1451 439/1452/1452
f 439/1453/1453 442/1454/1454 443/1455/1455
f 439/1456/1456 443/1457/1457 440/1458/1458
f 440/1459/1459 443/1460/1460 441/1461/1461
f 441/1462/1462 443/1463/1463 444/1464/1464
f 442/1465/1465 433/1466/1466 443/1467/1467
f 444/1468/1468 443/1469/1469 445/1470/1470
f 445/1471/1471 446/1472/1472 449/1473/1473
f 445/1474/1474 448/1475/1475 446/1476/1476
f 446/1477/1477 447/1478/1478 449/1479/1479
f 447/1480/1480 450/1481/1481 449/1482/1482
f 443/1483/1483 457/1484/1484 448/1485/1485
f 445/1486/1486 443/1487/1487 448/1488/1488
f 446/1489/1489 448/1490/1490 447/1491/1491
f 447/1492/1492 448/1493/1493 450/1494/1494
f 450/1495/1495 448/1496/1496 451/1497/1497
f 450/1498/1498 451/1499/1499 449/1500/1500
f 449/1501/1501 455/1502/1502 461/1503/1503
f 448/1504/1504 458/1505/1505 453/1506/1506
f 448/1507/1507 453/1508/1508 451/1509/1509
f 449/1510/1510 451/1511/1511 452/1512/1512
f 449/1513/1513 454/1514/1514 455/1515/1515
f 449/1516/1516 452/1517/1517 454/1518/1518
f 451/1519/1519 453/1520/1520 452/1521/1521
f 455/1522/1522 456/1523/1523 461/1524/1524
f 452/1525/1525 453/1526/1526 454/1527/1527
f 453/1528/1528 455/1529/1529 454/1530/1530
f 453/1531/1531 456/1532/1532 455/1533/1533
f 453/1534/1534 459/1535/1535 456/1536/1536
f 443/1537/1537 433/1538/1538 457/1539/1539
f 448/1540/1540 457/1541/1541 458/1542/1542
f 457/1543/1543 472/1544/1544 458/1545/1545
f 458/1546/1546 473/1547/1547 459/1548/1548
f 453/1549/1549 458/1550/1550 459/1551/1551
f 449/1552/1552 461/1553/1553 137/1554/1554
f 138/1555/1555 137/1556/1556 461/1557/1557
f 138/1558/1558 461/1559/1559 460/1560/1560
f 138/1561/1561 460/1562/1562 155/1563/1563
f 460/1564/1564 475/1565/1565 155/1566/1566
f 456/1567/1567 462/1568/1568 461/1569/1569
f 462/1570/1570 463/1571/1571 461/1572/1572
f 461/1573/1573 463/1574/1574 464/1575/1575
f 456/1576/1576 459/1577/1577 462/1578/1578
f 461/1579/1579 464/1580/1580 484/1581/1581
f 461/1582/1582 484/1583/1583 460/1584/1584
f 462/1585/1585 465/1586/1586 463/1587/1587
f 462/1588/1588 459/1589/1589 465/1590/1590
f 484/1591/1591 485/1592/1592 460/1593/1593
f 460/1594/1594 485/1595/1595 487/1596/1596
f 460/1597/1597 487/1598/1598 486/1599/1599
f 459/1600/1600 478/1601/1601 465/1602/1602
f 460/1603/1603 486/1604/1604 475/1605/1605
f 486/1606/1606 493/1607/1607 475/1608/1608
f 432/1609/1609 387/1610/1610 466/1611/1611
f 433/1612/1612 466/1613/1613 467/1614/1614
f 387/1615/1615 468/1616/1616 466/1617/1617
f 466/1618/1618 468/1619/1619 469/1620/1620
f 466/1621/1621 469/1622/1622 467/1623/1623
f 467/1624/1624 469/1625/1625 470/1626/1626
f 457/1627/1627 467/1628/1628 472/1629/1629
f 467/1630/1630 470/1631/1631 472/1632/1632
f 472/1633/1633 470/1634/1634 471/1635/1635
f 468/1636/1636 621/1637/1637 469/1638/1638
f 469/1639/1639 622/1640/1640 470/1641/1641
f 468/1642/1642 536/1643/1643 621/1644/1644
f 469/1645/1645 621/1646/1646 622/1647/1647
f 470/1648/1648 625/1649/1649 471/1650/1650
f 470/1651/1651 622/1652/1652 625/1653/1653
f 471/1654/1654 625/1655/1655 630/1656/1656
f 458/1657/1657 472/1658/1658 473/1659/1659
f 459/1660/1660 473/1661/1661 478/1662/1662
f 472/1663/1663 471/1664/1664 473/1665/1665
f 473/1666/1666 471/1667/1667 474/1668/1668
f 473/1669/1669 474/1670/1670 478/1671/1671
f 471/1672/1672 630/1673/1673 474/1674/1674
f 474/1675/1675 630/1676/1676 638/1677/1677
f 155/1678/1678 475/1679/1679 476/1680/1680
f 154/1681/1681 476/1682/1682 477/1683/1683
f 157/1684/1684 477/1685/1685 634/1686/1686
f 477/1687/1687 642/1688/1688 634/1689/1689
f 474/1690/1690 481/1691/1691 478/1692/1692
f 465/1693/1693 478/1694/1694 479/1695/1695
f 478/1696/1696 481/1697/1697 479/1698/1698
f 479/1699/1699 481/1700/1700 482/1701/1701
f 493/1702/1702 476/1703/1703 475/1704/1704
f 476/1705/1705 480/1706/1706 477/1707/1707
f 493/1708/1708 480/1709/1709 476/1710/1710
f 474/1711/1711 638/1712/1712 481/1713/1713
f 481/1714/1714 639/1715/1715 482/1716/1716
f 481/1717/1717 638/1718/1718 639/1719/1719
f 482/1720/1720 639/1721/1721 684/1722/1722
f 480/1723/1723 483/1724/1724 477/1725/1725
f 477/1726/1726 483/1727/1727 642/1728/1728
f 463/1729/1729 484/1730/1730 464/1731/1731
f 463/1732/1732 465/1733/1733 484/1734/1734
f 484/1735/1735 465/1736/1736 485/1737/1737
f 465/1738/1738 487/1739/1739 485/1740/1740
f 465/1741/1741 488/1742/1742 487/1743/1743
f 465/1744/1744 490/1745/1745 488/1746/1746
f 487/1747/1747 488/1748/1748 486/1749/1749
f 488/1750/1750 489/1751/1751 486/1752/1752
f 489/1753/1753 491/1754/1754 486/1755/1755
f 486/1756/1756 491/1757/1757 492/1758/1758
f 488/1759/1759 490/1760/1760 489/1761/1761
f 489/1762/1762 490/1763/1763 491/1764/1764
f 491/1765/1765 490/1766/1766 492/1767/1767
f 465/1768/1768 479/1769/1769 490/1770/1770
f 490/1771/1771 499/1772/1772 497/1773/1773
f 492/1774/1774 490/1775/1775 494/1776/1776
f 490/1777/1777 497/1778/1778 494/1779/1779
f 486/1780/1780 492/1781/1781 493/1782/1782
f 492/1783/1783 494/1784/1784 493/1785/1785
f 494/1786/1786 495/1787/1787 493/1788/1788
f 495/1789/1789 496/1790/1790 493/1791/1791
f 496/1792/1792 498/1793/1793 493/1794/1794
f 494/1795/1795 497/1796/1796 495/1797/1797
f 495/1798/1798 497/1799/1799 496/1800/1800
f 496/1801/1801 497/1802/1802 498/1803/1803
f 497/1804/1804 505/1805/1805 498/1806/1806
f 498/1807/1807 505/1808/1808 504/1809/1809
f 490/1810/1810 479/1811/1811 499/1812/1812
f 479/1813/1813 482/1814/1814 499/1815/1815
f 499/1816/1816 482/1817/1817 501/1818/1818
f 493/1819/1819 503/1820/1820 480/1821/1821
f 497/1822/1822 499/1823/1823 500/1824/1824
f 493/1825/1825 498/1826/1826 503/1827/1827
f 497/1828/1828 500/1829/1829 505/1830/1830
f 499/1831/1831 501/1832/1832 500/1833/1833
f 480/1834/1834 503/1835/1835 512/1836/1836
f 482/1837/1837 684/1838/1838 501/1839/1839
f 501/1840/1840 684/1841/1841 686/1842/1842
f 480/1843/1843 512/1844/1844 483/1845/1845
f 483/1846/1846 690/1847/1847 642/1848/1848
f 500/1849/1849 501/1850/1850 502/1851/1851
f 501/1852/1852 686/1853/1853 502/1854/1854
f 483/1855/1855 512/1856/1856 690/1857/1857
f 505/1858/1858 500/1859/1859 506/1860/1860
f 506/1861/1861 500/1862/1862 507/1863/1863
f 498/1864/1864 504/1865/1865 503/1866/1866
f 504/1867/1867 505/1868/1868 503/1869/1869
f 505/1870/1870 506/1871/1871 503/1872/1872
f 506/1873/1873 507/1874/1874 503/1875/1875
f 507/1876/1876 509/1877/1877 503/1878/1878
f 507/1879/1879 500/1880/1880 508/1881/1881
f 507/1882/1882 508/1883/1883 509/1884/1884
f 503/1885/1885 510/1886/1886 512/1887/1887
f 503/1888/1888 509/1889/1889 511/1890/1890
f 509/1891/1891 508/1892/1892 511/1893/1893
f 503/1894/1894 511/1895/1895 510/1896/1896
f 510/1897/1897 511/1898/1898 508/1899/1899
f 510/1900/1900 508/1901/1901 513/1902/1902
f 500/1903/1903 502/1904/1904 508/1905/1905
f 508/1906/1906 502/1907/1907 691/1908/1908
f 512/1909/1909 518/1910/1910 690/1911/1911
f 510/1912/1912 513/1913/1913 512/1914/1914
f 508/1915/1915 515/1916/1916 513/1917/1917
f 512/1918/1918 513/1919/1919 514/1920/1920
f 508/1921/1921 691/1922/1922 515/1923/1923
f 512/1924/1924 514/1925/1925 516/1926/1926
f 512/1927/1927 516/1928/1928 517/1929/1929
f 512/1930/1930 517/1931/1931 518/1932/1932
f 513/1933/1933 516/1934/1934 514/1935/1935
f 513/1936/1936 515/1937/1937 516/1938/1938
f 516/1939/1939 515/1940/1940 517/1941/1941
f 518/1942/1942 693/1943/1943 690/1944/1944
f 515/1945/1945 518/1946/1946 517/1947/1947
f 515/1948/1948 696/1949/1949 518/1950/1950
f 240/1951/1951 520/1952/1952 519/1953/1953
f 240/1954/1954 521/1955/1955 520/1956/1956
f 519/1957/1957 520/1958/1958 523/1959/1959
f 521/1960/1960 247/1961/1961 546/1962/1962
f 523/1963/1963 520/1964/1964 521/1965/1965
f 521/1966/1966 546/1967/1967 528/1968/1968
f 519/1969/1969 523/1970/1970 522/1971/1971
f 522/1972/1972 523/1973/1973 585/1974/1974
f 527/1975/1975 543/1976/1976 524/1977/1977
f 525/1978/1978 587/1979/1979 526/1980/1980
f 525/1981/1981 527/1982/1982 524/1983/1983
f 525/1984/1984 526/1985/1985 527/1986/1986
f 523/1987/1987 521/1988/1988 528/1989/1989
f 523/1990/1990 528/1991/1991 589/1992/1992
f 528/1993/1993 549/1994/1994 589/1995/1995
f 527/1996/1996 530/1997/1997 543/1998/1998
f 527/1999/1999 526/2000/2000 529/2001/2001
f 527/2002/2002 529/2003/2003 530/2004/2004
f 529/2005/2005 550/2006/2006 530/2007/2007
f 531/2008/2008 542/2009/2009 532/2010/2010
f 531/2011/2011 533/2012/2012 534/2013/2013
f 531/2014/2014 532/2015/2015 533/2016/2016
f 534/2017/2017 537/2018/2018 535/2019/2019
f 535/2020/2020 538/2021/2021 536/2022/2022
f 534/2023/2023 533/2024/2024 537/2025/2025
f 535/2026/2026 537/2027/2027 538/2028/2028
f 538/2029/2029 623/2030/2030 536/2031/2031
f 532/2032/2032 545/2033/2033 533/2034/2034
f 533/2035/2035 545/2036/2036 540/2037/2037
f 545/2038/2038 561/2039/2039 540/2040/2040
f 537/2041/2041 540/2042/2042 539/2043/2043
f 533/2044/2044 540/2045/2045 537/2046/2046
f 537/2047/2047 539/2048/2048 538/2049/2049
f 538/2050/2050 541/2051/2051 623/2052/2052
f 538/2053/2053 539/2054/2054 541/2055/2055
f 540/2056/2056 556/2057/2057 539/2058/2058
f 539/2059/2059 557/2060/2060 541/2061/2061
f 524/2062/2062 543/2063/2063 542/2064/2064
f 542/2065/2065 543/2066/2066 532/2067/2067
f 543/2068/2068 544/2069/2069 532/2070/2070
f 532/2071/2071 544/2072/2072 545/2073/2073
f 543/2074/2074 530/2075/2075 544/2076/2076
f 544/2077/2077 560/2078/2078 545/2079/2079
f 530/2080/2080 562/2081/2081 544/2082/2082
f 549/2083/2083 546/2084/2084 547/2085/2085
f 248/2086/2086 547/2087/2087 546/2088/2088
f 248/2089/2089 548/2090/2090 547/2091/2091
f 547/2092/2092 548/2093/2093 551/2094/2094
f 528/2095/2095 546/2096/2096 549/2097/2097
f 549/2098/2098 551/2099/2099 606/2100/2100
f 549/2101/2101 547/2102/2102 551/2103/2103
f 530/2104/2104 550/2105/2105 562/2106/2106
f 550/2107/2107 553/2108/2108 562/2109/2109
f 551/2110/2110 548/2111/2111 552/2112/2112
f 551/2113/2113 552/2114/2114 616/2115/2115
f 562/2116/2116 553/2117/2117 566/2118/2118
f 615/2119/2119 552/2120/2120 617/2121/2121
f 552/2122/2122 555/2123/2123 554/2124/2124
f 552/2125/2125 570/2126/2126 555/2127/2127
f 617/2128/2128 552/2129/2129 618/2130/2130
f 566/2131/2131 553/2132/2132 554/2133/2133
f 552/2134/2134 554/2135/2135 618/2136/2136
f 555/2137/2137 566/2138/2138 554/2139/2139
f 540/2140/2140 561/2141/2141 556/2142/2142
f 539/2143/2143 556/2144/2144 557/2145/2145
f 557/2146/2146 647/2147/2147 541/2148/2148
f 556/2149/2149 574/2150/2150 557/2151/2151
f 557/2152/2152 575/2153/2153 647/2154/2154
f 250/2155/2155 558/2156/2156 548/2157/2157
f 548/2158/2158 558/2159/2159 552/2160/2160
f 558/2161/2161 559/2162/2162 571/2163/2163
f 251/2164/2164 559/2165/2165 558/2166/2166
f 557/2167/2167 574/2168/2168 575/2169/2169
f 559/2170/2170 649/2171/2171 579/2172/2172
f 579/2173/2173 649/2174/2174 581/2175/2175
f 581/2176/2176 649/2177/2177 580/2178/2178
f 580/2179/2179 649/2180/2180 657/2181/2181
f 544/2182/2182 562/2183/2183 560/2184/2184
f 545/2185/2185 560/2186/2186 561/2187/2187
f 560/2188/2188 563/2189/2189 561/2190/2190
f 562/2191/2191 566/2192/2192 560/2193/2193
f 556/2194/2194 561/2195/2195 573/2196/2196
f 560/2197/2197 566/2198/2198 563/2199/2199
f 561/2200/2200 563/2201/2201 573/2202/2202
f 552/2203/2203 558/2204/2204 569/2205/2205
f 558/2206/2206 568/2207/2207 569/2208/2208
f 558/2209/2209 572/2210/2210 568/2211/2211
f 558/2212/2212 571/2213/2213 572/2214/2214
f 564/2215/2215 559/2216/2216 565/2217/2217
f 571/2218/2218 559/2219/2219 564/2220/2220
f 563/2221/2221 571/2222/2222 564/2223/2223
f 563/2224/2224 564/2225/2225 565/2226/2226
f 563/2227/2227 565/2228/2228 573/2229/2229
f 566/2230/2230 567/2231/2231 563/2232/2232
f 555/2233/2233 570/2234/2234 566/2235/2235
f 552/2236/2236 567/2237/2237 570/2238/2238
f 552/2239/2239 569/2240/2240 567/2241/2241
f 566/2242/2242 570/2243/2243 567/2244/2244
f 563/2245/2245 569/2246/2246 568/2247/2247
f 563/2248/2248 567/2249/2249 569/2250/2250
f 563/2251/2251 568/2252/2252 572/2253/2253
f 563/2254/2254 572/2255/2255 571/2256/2256
f 556/2257/2257 573/2258/2258 574/2259/2259
f 573/2260/2260 576/2261/2261 574/2262/2262
f 559/2263/2263 576/2264/2264 565/2265/2265
f 559/2266/2266 577/2267/2267 576/2268/2268
f 559/2269/2269 578/2270/2270 577/2271/2271
f 559/2272/2272 579/2273/2273 578/2274/2274
f 574/2275/2275 577/2276/2276 578/2277/2277
f 574/2278/2278 578/2279/2279 579/2280/2280
f 573/2281/2281 565/2282/2282 576/2283/2283
f 574/2284/2284 576/2285/2285 577/2286/2286
f 574/2287/2287 580/2288/2288 575/2289/2289
f 574/2290/2290 579/2291/2291 581/2292/2292
f 574/2293/2293 581/2294/2294 580/2295/2295
f 580/2296/2296 657/2297/2297 575/2298/2298
f 522/2299/2299 585/2300/2300 583/2301/2301
f 586/2302/2302 582/2303/2303 584/2304/2304
f 415/2305/2305 586/2306/2306 584/2307/2307
f 586/2308/2308 588/2309/2309 582/2310/2310
f 584/2311/2311 582/2312/2312 587/2313/2313
f 587/2314/2314 582/2315/2315 526/2316/2316
f 523/2317/2317 589/2318/2318 585/2319/2319
f 582/2320/2320 588/2321/2321 590/2322/2322
f 588/2323/2323 607/2324/2324 590/2325/2325
f 582/2326/2326 590/2327/2327 526/2328/2328
f 526/2329/2329 590/2330/2330 529/2331/2331
f 529/2332/2332 590/2333/2333 610/2334/2334
f 415/2335/2335 591/2336/2336 586/2337/2337
f 583/2338/2338 593/2339/2339 592/2340/2340
f 583/2341/2341 594/2342/2342 593/2343/2343
f 583/2344/2344 595/2345/2345 594/2346/2346
f 583/2347/2347 585/2348/2348 595/2349/2349
f 591/2350/2350 598/2351/2351 586/2352/2352
f 585/2353/2353 596/2354/2354 595/2355/2355
f 585/2356/2356 597/2357/2357 596/2358/2358
f 586/2359/2359 598/2360/2360 588/2361/2361
f 592/2362/2362 593/2363/2363 591/2364/2364
f 593/2365/2365 594/2366/2366 591/2367/2367
f 591/2368/2368 594/2369/2369 598/2370/2370
f 596/2371/2371 597/2372/2372 598/2373/2373
f 594/2374/2374 595/2375/2375 598/2376/2376
f 595/2377/2377 596/2378/2378 598/2379/2379
f 585/2380/2380 589/2381/2381 597/2382/2382
f 588/2383/2383 598/2384/2384 600/2385/2385
f 597/2386/2386 589/2387/2387 605/2388/2388
f 605/2389/2389 589/2390/2390 599/2391/2391
f 589/2392/2392 601/2393/2393 599/2394/2394
f 589/2395/2395 604/2396/2396 603/2397/2397
f 589/2398/2398 602/2399/2399 604/2400/2400
f 589/2401/2401 603/2402/2402 601/2403/2403
f 598/2404/2404 599/2405/2405 600/2406/2406
f 601/2407/2407 603/2408/2408 600/2409/2409
f 603/2410/2410 604/2411/2411 600/2412/2412
f 599/2413/2413 601/2414/2414 600/2415/2415
f 588/2416/2416 600/2417/2417 607/2418/2418
f 600/2419/2419 604/2420/2420 607/2421/2421
f 597/2422/2422 605/2423/2423 598/2424/2424
f 598/2425/2425 605/2426/2426 599/2427/2427
f 589/2428/2428 549/2429/2429 606/2430/2430
f 606/2431/2431 551/2432/2432 613/2433/2433
f 589/2434/2434 606/2435/2435 602/2436/2436
f 607/2437/2437 608/2438/2438 610/2439/2439
f 619/2440/2440 620/2441/2441 607/2442/2442
f 606/2443/2443 620/2444/2444 619/2445/2445
f 606/2446/2446 609/2447/2447 620/2448/2448
f 607/2449/2449 609/2450/2450 608/2451/2451
f 607/2452/2452 620/2453/2453 609/2454/2454
f 606/2455/2455 612/2456/2456 608/2457/2457
f 606/2458/2458 613/2459/2459 612/2460/2460
f 606/2461/2461 608/2462/2462 609/2463/2463
f 529/2464/2464 610/2465/2465 550/2466/2466
f 590/2467/2467 607/2468/2468 610/2469/2469
f 550/2470/2470 610/2471/2471 614/2472/2472
f 550/2473/2473 616/2474/2474 615/2475/2475
f 550/2476/2476 614/2477/2477 616/2478/2478
f 551/2479/2479 611/2480/2480 613/2481/2481
f 610/2482/2482 611/2483/2483 614/2484/2484
f 550/2485/2485 615/2486/2486 553/2487/2487
f 610/2488/2488 612/2489/2489 613/2490/2490
f 610/2491/2491 608/2492/2492 612/2493/2493
f 610/2494/2494 613/2495/2495 611/2496/2496
f 551/2497/2497 614/2498/2498 611/2499/2499
f 551/2500/2500 616/2501/2501 614/2502/2502
f 615/2503/2503 616/2504/2504 552/2505/2505
f 615/2506/2506 617/2507/2507 553/2508/2508
f 617/2509/2509 618/2510/2510 553/2511/2511
f 553/2512/2512 618/2513/2513 554/2514/2514
f 602/2515/2515 619/2516/2516 607/2517/2517
f 604/2518/2518 602/2519/2519 607/2520/2520
f 602/2521/2521 606/2522/2522 619/2523/2523
f 536/2524/2524 623/2525/2525 621/2526/2526
f 621/2527/2527 624/2528/2528 622/2529/2529
f 621/2530/2530 623/2531/2531 624/2532/2532
f 622/2533/2533 624/2534/2534 626/2535/2535
f 622/2536/2536 626/2537/2537 625/2538/2538
f 625/2539/2539 627/2540/2540 630/2541/2541
f 625/2542/2542 626/2543/2543 627/2544/2544
f 623/2545/2545 628/2546/2546 624/2547/2547
f 623/2548/2548 541/2549/2549 628/2550/2550
f 624/2551/2551 628/2552/2552 629/2553/2553
f 624/2554/2554 629/2555/2555 626/2556/2556
f 541/2557/2557 647/2558/2558 628/2559/2559
f 628/2560/2560 648/2561/2561 629/2562/2562
f 626/2563/2563 632/2564/2564 627/2565/2565
f 626/2566/2566 629/2567/2567 632/2568/2568
f 629/2569/2569 652/2570/2570 632/2571/2571
f 630/2572/2572 631/2573/2573 638/2574/2574
f 630/2575/2575 627/2576/2576 631/2577/2577
f 627/2578/2578 632/2579/2579 633/2580/2580
f 627/2581/2581 633/2582/2582 631/2583/2583
f 631/2584/2584 633/2585/2585 644/2586/2586
f 632/2587/2587 653/2588/2588 633/2589/2589
f 633/2590/2590 654/2591/2591 644/2592/2592
f 331/2593/2593 634/2594/2594 635/2595/2595
f 634/2596/2596 642/2597/2597 635/2598/2598
f 332/2599/2599 635/2600/2600 636/2601/2601
f 333/2602/2602 636/2603/2603 637/2604/2604
f 631/2605/2605 640/2606/2606 638/2607/2607
f 638/2608/2608 640/2609/2609 639/2610/2610
f 639/2611/2611 641/2612/2612 684/2613/2613
f 639/2614/2614 640/2615/2615 641/2616/2616
f 642/2617/2617 643/2618/2618 635/2619/2619
f 635/2620/2620 643/2621/2621 646/2622/2622
f 631/2623/2623 644/2624/2624 640/2625/2625
f 640/2626/2626 644/2627/2627 645/2628/2628
f 640/2629/2629 645/2630/2630 641/2631/2631
f 644/2632/2632 679/2633/2633 645/2634/2634
f 635/2635/2635 646/2636/2636 636/2637/2637
f 636/2638/2638 717/2639/2639 637/2640/2640
f 636/2641/2641 646/2642/2642 717/2643/2643
f 628/2644/2644 647/2645/2645 648/2646/2646
f 629/2647/2647 648/2648/2648 652/2649/2649
f 647/2650/2650 655/2651/2651 648/2652/2652
f 647/2653/2653 575/2654/2654 655/2655/2655
f 649/2656/2656 650/2657/2657 659/2658/2658
f 649/2659/2659 658/2660/2660 657/2661/2661
f 649/2662/2662 659/2663/2663 658/2664/2664
f 659/2665/2665 650/2666/2666 660/2667/2667
f 650/2668/2668 661/2669/2669 663/2670/2670
f 660/2671/2671 650/2672/2672 662/2673/2673
f 650/2674/2674 664/2675/2675 662/2676/2676
f 650/2677/2677 663/2678/2678 664/2679/2679
f 651/2680/2680 340/2681/2681 666/2682/2682
f 651/2683/2683 666/2684/2684 668/2685/2685
f 650/2686/2686 651/2687/2687 661/2688/2688
f 651/2689/2689 667/2690/2690 661/2691/2691
f 651/2692/2692 668/2693/2693 667/2694/2694
f 648/2695/2695 656/2696/2696 652/2697/2697
f 632/2698/2698 652/2699/2699 653/2700/2700
f 633/2701/2701 653/2702/2702 654/2703/2703
f 652/2704/2704 665/2705/2705 653/2706/2706
f 653/2707/2707 672/2708/2708 654/2709/2709
f 648/2710/2710 655/2711/2711 656/2712/2712
f 575/2713/2713 659/2714/2714 655/2715/2715
f 655/2716/2716 659/2717/2717 660/2718/2718
f 655/2719/2719 660/2720/2720 662/2721/2721
f 575/2722/2722 657/2723/2723 658/2724/2724
f 575/2725/2725 658/2726/2726 659/2727/2727
f 655/2728/2728 664/2729/2729 656/2730/2730
f 655/2731/2731 662/2732/2732 664/2733/2733
f 663/2734/2734 661/2735/2735 656/2736/2736
f 656/2737/2737 661/2738/2738 667/2739/2739
f 663/2740/2740 656/2741/2741 664/2742/2742
f 652/2743/2743 656/2744/2744 665/2745/2745
f 656/2746/2746 668/2747/2747 665/2748/2748
f 665/2749/2749 669/2750/2750 670/2751/2751
f 665/2752/2752 670/2753/2753 677/2754/2754
f 665/2755/2755 677/2756/2756 671/2757/2757
f 653/2758/2758 665/2759/2759 672/2760/2760
f 666/2761/2761 671/2762/2762 677/2763/2763
f 666/2764/2764 680/2765/2765 674/2766/2766
f 656/2767/2767 667/2768/2768 668/2769/2769
f 665/2770/2770 668/2771/2771 669/2772/2772
f 666/2773/2773 669/2774/2774 668/2775/2775
f 666/2776/2776 670/2777/2777 669/2778/2778
f 666/2779/2779 677/2780/2780 670/2781/2781
f 672/2782/2782 676/2783/2783 654/2784/2784
f 665/2785/2785 671/2786/2786 672/2787/2787
f 666/2788/2788 675/2789/2789 671/2790/2790
f 666/2791/2791 674/2792/2792 673/2793/2793
f 666/2794/2794 673/2795/2795 675/2796/2796
f 671/2797/2797 675/2798/2798 672/2799/2799
f 674/2800/2800 680/2801/2801 676/2802/2802
f 672/2803/2803 675/2804/2804 673/2805/2805
f 672/2806/2806 673/2807/2807 674/2808/2808
f 672/2809/2809 674/2810/2810 676/2811/2811
f 339/2812/2812 680/2813/2813 340/2814/2814
f 339/2815/2815 678/2816/2816 680/2817/2817
f 333/2818/2818 678/2819/2819 339/2820/2820
f 333/2821/2821 637/2822/2822 678/2823/2823
f 666/2824/2824 340/2825/2825 680/2826/2826
f 678/2827/2827 722/2828/2828 680/2829/2829
f 644/2830/2830 654/2831/2831 679/2832/2832
f 679/2833/2833 654/2834/2834 681/2835/2835
f 679/2836/2836 681/2837/2837 682/2838/2838
f 678/2839/2839 712/2840/2840 710/2841/2841
f 678/2842/2842 710/2843/2843 722/2844/2844
f 678/2845/2845 711/2846/2846 712/2847/2847
f 637/2848/2848 711/2849/2849 678/2850/2850
f 637/2851/2851 717/2852/2852 711/2853/2853
f 681/2854/2854 676/2855/2855 680/2856/2856
f 681/2857/2857 680/2858/2858 682/2859/2859
f 680/2860/2860 683/2861/2861 682/2862/2862
f 654/2863/2863 676/2864/2864 681/2865/2865
f 680/2866/2866 722/2867/2867 683/2868/2868
f 684/2869/2869 685/2870/2870 686/2871/2871
f 684/2872/2872 641/2873/2873 685/2874/2874
f 642/2875/2875 690/2876/2876 643/2877/2877
f 643/2878/2878 692/2879/2879 646/2880/2880
f 686/2881/2881 685/2882/2882 687/2883/2883
f 502/2884/2884 686/2885/2885 687/2886/2886
f 643/2887/2887 690/2888/2888 692/2889/2889
f 687/2890/2890 685/2891/2891 689/2892/2892
f 641/2893/2893 688/2894/2894 685/2895/2895
f 641/2896/2896 645/2897/2897 688/2898/2898
f 645/2899/2899 709/2900/2900 688/2901/2901
f 646/2902/2902 701/2903/2903 717/2904/2904
f 685/2905/2905 688/2906/2906 689/2907/2907
f 692/2908/2908 701/2909/2909 646/2910/2910
f 688/2911/2911 718/2912/2912 689/2913/2913
f 701/2914/2914 723/2915/2915 717/2916/2916
f 689/2917/2917 718/2918/2918 705/2919/2919
f 502/2920/2920 687/2921/2921 691/2922/2922
f 690/2923/2923 694/2924/2924 692/2925/2925
f 687/2926/2926 689/2927/2927 700/2928/2928
f 691/2929/2929 687/2930/2930 700/2931/2931
f 515/2932/2932 691/2933/2933 696/2934/2934
f 690/2935/2935 693/2936/2936 694/2937/2937
f 518/2938/2938 696/2939/2939 693/2940/2940
f 693/2941/2941 696/2942/2942 694/2943/2943
f 694/2944/2944 696/2945/2945 695/2946/2946
f 691/2947/2947 700/2948/2948 696/2949/2949
f 694/2950/2950 695/2951/2951 692/2952/2952
f 695/2953/2953 697/2954/2954 692/2955/2955
f 697/2956/2956 699/2957/2957 692/2958/2958
f 692/2959/2959 698/2960/2960 706/2961/2961
f 696/2962/2962 700/2963/2963 698/2964/2964
f 692/2965/2965 699/2966/2966 698/2967/2967
f 695/2968/2968 696/2969/2969 697/2970/2970
f 696/2971/2971 698/2972/2972 697/2973/2973
f 697/2974/2974 698/2975/2975 699/2976/2976
f 689/2977/2977 703/2978/2978 700/2979/2979
f 692/2980/2980 706/2981/2981 701/2982/2982
f 700/2983/2983 703/2984/2984 708/2985/2985
f 689/2986/2986 705/2987/2987 702/2988/2988
f 689/2989/2989 702/2990/2990 703/2991/2991
f 701/2992/2992 704/2993/2993 723/2994/2994
f 701/2995/2995 708/2996/2996 703/2997/2997
f 701/2998/2998 702/2999/2999 705/3000/3000
f 701/3001/3001 703/3002/3002 702/3003/3003
f 701/3004/3004 705/3005/3005 704/3006/3006
f 700/3007/3007 707/3008/3008 706/3009/3009
f 698/3010/3010 700/3011/3011 706/3012/3012
f 700/3013/3013 708/3014/3014 707/3015/3015
f 707/3016/3016 708/3017/3017 701/3018/3018
f 706/3019/3019 707/3020/3020 701/3021/3021
f 645/3022/3022 679/3023/3023 709/3024/3024
f 688/3025/3025 709/3026/3026 718/3027/3027
f 679/3028/3028 722/3029/3029 710/3030/3030
f 679/3031/3031 682/3032/3032 722/3033/3033
f 679/3034/3034 710/3035/3035 712/3036/3036
f 679/3037/3037 713/3038/3038 709/3039/3039
f 679/3040/3040 712/3041/3041 713/3042/3042
f 709/3043/3043 713/3044/3044 714/3045/3045
f 709/3046/3046 715/3047/3047 716/3048/3048
f 709/3049/3049 714/3050/3050 715/3051/3051
f 712/3052/3052 711/3053/3053 713/3054/3054
f 713/3055/3055 711/3056/3056 714/3057/3057
f 714/3058/3058 711/3059/3059 715/3060/3060
f 711/3061/3061 716/3062/3062 715/3063/3063
f 709/3064/3064 720/3065/3065 718/3066/3066
f 709/3067/3067 716/3068/3068 720/3069/3069
f 716/3070/3070 717/3071/3071 720/3072/3072
f 711/3073/3073 717/3074/3074 716/3075/3075
f 717/3076/3076 723/3077/3077 721/3078/3078
f 717/3079/3079 719/3080/3080 720/3081/3081
f 717/3082/3082 721/3083/3083 719/3084/3084
f 718/3085/3085 719/3086/3086 721/3087/3087
f 718/3088/3088 720/3089/3089 719/3090/3090
f 718/3091/3091 721/3092/3092 723/3093/3093
f 722/3094/3094 682/3095/3095 683/3096/3096
f 705/3097/3097 718/3098/3098 723/3099/3099
f 705/3100/3100 723/3101/3101 704/3102/3102
f 5/3103/3103 50/3104/3104 45/3105/3105
f 5/3106/3106 2/3107/3107 39/3108/3108
f 6/3109/3109 3/3110/3110 1/3111/3111
f 5/3112/3112 1/3113/3113 2/3114/3114
f 43/3115/3115 59/3116/3116 13/3117/3117
f 5/3118/3118 6/3119/3119 1/3120/3120
f 5/3121/3121 45/3122/3122 6/3123/3123
f 45/3124/3124 44/3125/3125 6/3126/3126
f 6/3127/3127 7/3128/3128 8/3129/3129
f 6/3130/3130 9/3131/3131 7/3132/3132
f 6/3133/3133 10/3134/3134 9/3135/3135
f 11/3136/3136 10/3137/3137 6/3138/3138
f 11/3139/3139 12/3140/3140 10/3141/3141
f 11/3142/3142 13/3143/3143 12/3144/3144
f 6/3145/3145 8/3146/3146 3/3147/3147
f 11/3148/3148 6/3149/3149 44/3150/3150
f 11/3151/3151 44/3152/3152 43/3153/3153
f 11/3154/3154 43/3155/3155 13/3156/3156
f 18/3157/3157 37/3158/3158 14/3159/3159
f 17/3160/3160 16/3161/3161 20/3162/3162
f 18/3163/3163 15/3164/3164 16/3165/3165
f 18/3166/3166 14/3167/3167 15/3168/3168
f 17/3169/3169 18/3170/3170 16/3171/3171
f 18/3172/3172 30/3173/3173 38/3174/3174
f 17/3175/3175 31/3176/3176 18/3177/3177
f 29/3178/3178 19/3179/3179 33/3180/3180
f 17/3181/3181 20/3182/3182 21/3183/3183
f 17/3184/3184 21/3185/3185 22/3186/3186
f 17/3187/3187 22/3188/3188 29/3189/3189
f 29/3190/3190 24/3191/3191 23/3192/3192
f 29/3193/3193 23/3194/3194 25/3195/3195
f 29/3196/3196 22/3197/3197 24/3198/3198
f 29/3199/3199 25/3200/3200 19/3201/3201
f 19/3202/3202 25/3203/3203 26/3204/3204
f 19/3205/3205 26/3206/3206 27/3207/3207
f 19/3208/3208 27/3209/3209 28/3210/3210
f 17/3211/3211 29/3212/3212 32/3213/3213
f 31/3214/3214 52/3215/3215 49/3216/3216
f 5/3217/3217 38/3218/3218 30/3219/3219
f 31/3220/3220 30/3221/3221 18/3222/3222
f 17/3223/3223 32/3224/3224 31/3225/3225
f 30/3226/3226 49/3227/3227 50/3228/3228
f 5/3229/3229 30/3230/3230 50/3231/3231
f 31/3232/3232 49/3233/3233 30/3234/3234
f 29/3235/3235 33/3236/3236 32/3237/3237
f 33/3238/3238 19/3239/3239 94/3240/3240
f 31/3241/3241 32/3242/3242 52/3243/3243
f 32/3244/3244 33/3245/3245 51/3246/3246
f 32/3247/3247 51/3248/3248 52/3249/3249
f 33/3250/3250 94/3251/3251 53/3252/3252
f 33/3253/3253 53/3254/3254 51/3255/3255
f 18/3256/3256 36/3257/3257 35/3258/3258
f 18/3259/3259 35/3260/3260 37/3261/3261
f 38/3262/3262 39/3263/3263 34/3264/3264
f 38/3265/3265 34/3266/3266 36/3267/3267
f 18/3268/3268 38/3269/3269 36/3270/3270
f 5/3271/3271 39/3272/3272 38/3273/3273
f 45/3274/3274 50/3275/3275 56/3276/3276
f 45/3277/3277 56/3278/3278 48/3279/3279
f 48/3280/3280 56/3281/3281 160/3282/3282
f 48/3283/3283 47/3284/3284 44/3285/3285
f 45/3286/3286 48/3287/3287 44/3288/3288
f 43/3289/3289 44/3290/3290 47/3291/3291
f 43/3292/3292 47/3293/3293 46/3294/3294
f 46/3295/3295 165/3296/3296 226/3297/3297
f 48/3298/3298 162/3299/3299 47/3300/3300
f 47/3301/3301 162/3302/3302 165/3303/3303
f 48/3304/3304 160/3305/3305 162/3306/3306
f 46/3307/3307 47/3308/3308 165/3309/3309
f 49/3310/3310 52/3311/3311 55/3312/3312
f 49/3313/3313 55/3314/3314 54/3315/3315
f 49/3316/3316 54/3317/3317 50/3318/3318
f 56/3319/3319 50/3320/3320 54/3321/3321
f 52/3322/3322 51/3323/3323 57/3324/3324
f 55/3325/3325 52/3326/3326 57/3327/3327
f 51/3328/3328 58/3329/3329 57/3330/3330
f 51/3331/3331 53/3332/3332 58/3333/3333
f 58/3334/3334 53/3335/3335 121/3336/3336
f 54/3337/3337 55/3338/3338 169/3339/3339
f 54/3340/3340 169/3341/3341 172/3342/3342
f 55/3343/3343 174/3344/3344 169/3345/3345
f 56/3346/3346 54/3347/3347 172/3348/3348
f 56/3349/3349 172/3350/3350 160/3351/3351
f 55/3352/3352 57/3353/3353 174/3354/3354
f 57/3355/3355 58/3356/3356 175/3357/3357
f 58/3358/3358 121/3359/3359 176/3360/3360
f 57/3361/3361 175/3362/3362 174/3363/3363
f 58/3364/3364 176/3365/3365 175/3366/3366
f 43/3367/3367 60/3368/3368 59/3369/3369
f 43/3370/3370 61/3371/3371 60/3372/3372
f 43/3373/3373 68/3374/3374 61/3375/3375
f 43/3376/3376 69/3377/3377 68/3378/3378
f 69/3379/3379 70/3380/3380 68/3381/3381
f 69/3382/3382 73/3383/3383 72/3384/3384
f 69/3385/3385 74/3386/3386 73/3387/3387
f 43/3388/3388 46/3389/3389 69/3390/3390
f 69/3391/3391 71/3392/3392 70/3393/3393
f 69/3394/3394 72/3395/3395 71/3396/3396
f 46/3397/3397 74/3398/3398 69/3399/3399
f 46/3400/3400 226/3401/3401 74/3402/3402
f 74/3403/3403 75/3404/3404 73/3405/3405
f 74/3406/3406 76/3407/3407 75/3408/3408
f 74/3409/3409 77/3410/3410 76/3411/3411
f 74/3412/3412 78/3413/3413 77/3414/3414
f 74/3415/3415 227/3416/3416 79/3417/3417
f 74/3418/3418 79/3419/3419 78/3420/3420
f 19/3421/3421 82/3422/3422 94/3423/3423
f 94/3424/3424 82/3425/3425 83/3426/3426
f 94/3427/3427 83/3428/3428 84/3429/3429
f 95/3430/3430 84/3431/3431 85/3432/3432
f 19/3433/3433 28/3434/3434 82/3435/3435
f 95/3436/3436 85/3437/3437 86/3438/3438
f 95/3439/3439 86/3440/3440 87/3441/3441
f 96/3442/3442 87/3443/3443 88/3444/3444
f 96/3445/3445 88/3446/3446 89/3447/3447
f 96/3448/3448 89/3449/3449 90/3450/3450
f 92/3451/3451 93/3452/3452 91/3453/3453
f 94/3454/3454 84/3455/3455 95/3456/3456
f 94/3457/3457 117/3458/3458 53/3459/3459
f 94/3460/3460 95/3461/3461 117/3462/3462
f 95/3463/3463 96/3464/3464 118/3465/3465
f 95/3466/3466 118/3467/3467 117/3468/3468
f 95/3469/3469 87/3470/3470 96/3471/3471
f 96/3472/3472 119/3473/3473 118/3474/3474
f 96/3475/3475 90/3476/3476 97/3477/3477
f 97/3478/3478 90/3479/3479 91/3480/3480
f 97/3481/3481 91/3482/3482 93/3483/3483
f 97/3484/3484 93/3485/3485 99/3486/3486
f 97/3487/3487 99/3488/3488 101/3489/3489
f 97/3490/3490 101/3491/3491 103/3492/3492
f 96/3493/3493 97/3494/3494 119/3495/3495
f 97/3496/3496 120/3497/3497 119/3498/3498
f 97/3499/3499 103/3500/3500 120/3501/3501
f 120/3502/3502 103/3503/3503 126/3504/3504
f 103/3505/3505 101/3506/3506 102/3507/3507
f 103/3508/3508 102/3509/3509 104/3510/3510
f 103/3511/3511 104/3512/3512 106/3513/3513
f 103/3514/3514 106/3515/3515 108/3516/3516
f 108/3517/3517 106/3518/3518 107/3519/3519
f 108/3520/3520 107/3521/3521 109/3522/3522
f 108/3523/3523 109/3524/3524 110/3525/3525
f 108/3526/3526 110/3527/3527 111/3528/3528
f 103/3529/3529 108/3530/3530 126/3531/3531
f 126/3532/3532 108/3533/3533 127/3534/3534
f 108/3535/3535 111/3536/3536 127/3537/3537
f 127/3538/3538 111/3539/3539 112/3540/3540
f 127/3541/3541 112/3542/3542 113/3543/3543
f 127/3544/3544 113/3545/3545 114/3546/3546
f 127/3547/3547 114/3548/3548 115/3549/3549
f 53/3550/3550 117/3551/3551 121/3552/3552
f 117/3553/3553 122/3554/3554 121/3555/3555
f 117/3556/3556 118/3557/3557 122/3558/3558
f 122/3559/3559 118/3560/3560 123/3561/3561
f 118/3562/3562 119/3563/3563 123/3564/3564
f 119/3565/3565 124/3566/3566 123/3567/3567
f 119/3568/3568 120/3569/3569 124/3570/3570
f 124/3571/3571 120/3572/3572 125/3573/3573
f 120/3574/3574 126/3575/3575 125/3576/3576
f 121/3577/3577 122/3578/3578 252/3579/3579
f 122/3580/3580 123/3581/3581 253/3582/3582
f 121/3583/3583 252/3584/3584 176/3585/3585
f 122/3586/3586 253/3587/3587 252/3588/3588
f 123/3589/3589 124/3590/3590 256/3591/3591
f 123/3592/3592 256/3593/3593 253/3594/3594
f 124/3595/3595 259/3596/3596 256/3597/3597
f 124/3598/3598 125/3599/3599 259/3600/3600
f 125/3601/3601 265/3602/3602 259/3603/3603
f 126/3604/3604 129/3605/3605 125/3606/3606
f 125/3607/3607 129/3608/3608 265/3609/3609
f 126/3610/3610 127/3611/3611 129/3612/3612
f 129/3613/3613 127/3614/3614 130/3615/3615
f 127/3616/3616 115/3617/3617 128/3618/3618
f 128/3619/3619 115/3620/3620 116/3621/3621
f 127/3622/3622 128/3623/3623 130/3624/3624
f 128/3625/3625 131/3626/3626 130/3627/3627
f 128/3628/3628 116/3629/3629 139/3630/3630
f 129/3631/3631 130/3632/3632 266/3633/3633
f 129/3634/3634 266/3635/3635 265/3636/3636
f 130/3637/3637 269/3638/3638 266/3639/3639
f 130/3640/3640 131/3641/3641 269/3642/3642
f 131/3643/3643 309/3644/3644 269/3645/3645
f 128/3646/3646 139/3647/3647 140/3648/3648
f 128/3649/3649 140/3650/3650 142/3651/3651
f 128/3652/3652 142/3653/3653 144/3654/3654
f 128/3655/3655 144/3656/3656 131/3657/3657
f 144/3658/3658 142/3659/3659 143/3660/3660
f 144/3661/3661 143/3662/3662 145/3663/3663
f 144/3664/3664 145/3665/3665 146/3666/3666
f 144/3667/3667 146/3668/3668 147/3669/3669
f 144/3670/3670 147/3671/3671 150/3672/3672
f 150/3673/3673 147/3674/3674 148/3675/3675
f 131/3676/3676 144/3677/3677 150/3678/3678
f 131/3679/3679 150/3680/3680 309/3681/3681
f 150/3682/3682 148/3683/3683 149/3684/3684
f 150/3685/3685 149/3686/3686 151/3687/3687
f 150/3688/3688 151/3689/3689 152/3690/3690
f 150/3691/3691 152/3692/3692 153/3693/3693
f 150/3694/3694 153/3695/3695 311/3696/3696
f 311/3697/3697 153/3698/3698 156/3699/3699
f 311/3700/3700 156/3701/3701 158/3702/3702
f 311/3703/3703 158/3704/3704 159/3705/3705
f 311/3706/3706 159/3707/3707 328/3708/3708
f 164/3709/3709 160/3710/3710 173/3711/3711
f 164/3712/3712 173/3713/3713 168/3714/3714
f 173/3715/3715 180/3716/3716 168/3717/3717
f 165/3718/3718 161/3719/3719 226/3720/3720
f 162/3721/3721 163/3722/3722 165/3723/3723
f 162/3724/3724 160/3725/3725 164/3726/3726
f 162/3727/3727 164/3728/3728 163/3729/3729
f 165/3730/3730 163/3731/3731 161/3732/3732
f 164/3733/3733 167/3734/3734 163/3735/3735
f 164/3736/3736 168/3737/3737 167/3738/3738
f 161/3739/3739 163/3740/3740 166/3741/3741
f 166/3742/3742 163/3743/3743 167/3744/3744
f 172/3745/3745 169/3746/3746 170/3747/3747
f 169/3748/3748 174/3749/3749 171/3750/3750
f 170/3751/3751 169/3752/3752 171/3753/3753
f 160/3754/3754 172/3755/3755 173/3756/3756
f 173/3757/3757 172/3758/3758 170/3759/3759
f 174/3760/3760 175/3761/3761 177/3762/3762
f 175/3763/3763 176/3764/3764 178/3765/3765
f 171/3766/3766 174/3767/3767 177/3768/3768
f 177/3769/3769 175/3770/3770 178/3771/3771
f 178/3772/3772 176/3773/3773 254/3774/3774
f 170/3775/3775 171/3776/3776 179/3777/3777
f 171/3778/3778 182/3779/3779 179/3780/3780
f 173/3781/3781 170/3782/3782 180/3783/3783
f 170/3784/3784 179/3785/3785 180/3786/3786
f 171/3787/3787 177/3788/3788 182/3789/3789
f 177/3790/3790 178/3791/3791 181/3792/3792
f 177/3793/3793 181/3794/3794 182/3795/3795
f 178/3796/3796 254/3797/3797 183/3798/3798
f 178/3799/3799 183/3800/3800 181/3801/3801
f 168/3802/3802 180/3803/3803 184/3804/3804
f 166/3805/3805 191/3806/3806 245/3807/3807
f 168/3808/3808 184/3809/3809 185/3810/3810
f 168/3811/3811 185/3812/3812 167/3813/3813
f 184/3814/3814 194/3815/3815 185/3816/3816
f 166/3817/3817 167/3818/3818 188/3819/3819
f 167/3820/3820 185/3821/3821 188/3822/3822
f 166/3823/3823 188/3824/3824 191/3825/3825
f 188/3826/3826 185/3827/3827 189/3828/3828
f 185/3829/3829 186/3830/3830 192/3831/3831
f 185/3832/3832 192/3833/3833 189/3834/3834
f 185/3835/3835 187/3836/3836 186/3837/3837
f 188/3838/3838 189/3839/3839 190/3840/3840
f 188/3841/3841 190/3842/3842 191/3843/3843
f 185/3844/3844 193/3845/3845 187/3846/3846
f 184/3847/3847 218/3848/3848 195/3849/3849
f 185/3850/3850 194/3851/3851 193/3852/3852
f 184/3853/3853 195/3854/3854 194/3855/3855
f 179/3856/3856 182/3857/3857 198/3858/3858
f 179/3859/3859 197/3860/3860 180/3861/3861
f 184/3862/3862 180/3863/3863 197/3864/3864
f 179/3865/3865 198/3866/3866 197/3867/3867
f 184/3868/3868 197/3869/3869 217/3870/3870
f 198/3871/3871 202/3872/3872 197/3873/3873
f 198/3874/3874 199/3875/3875 201/3876/3876
f 182/3877/3877 181/3878/3878 199/3879/3879
f 182/3880/3880 199/3881/3881 198/3882/3882
f 181/3883/3883 200/3884/3884 199/3885/3885
f 181/3886/3886 183/3887/3887 200/3888/3888
f 200/3889/3889 183/3890/3890 274/3891/3891
f 199/3892/3892 200/3893/3893 207/3894/3894
f 200/3895/3895 274/3896/3896 206/3897/3897
f 197/3898/3898 202/3899/3899 217/3900/3900
f 198/3901/3901 201/3902/3902 202/3903/3903
f 202/3904/3904 203/3905/3905 222/3906/3906
f 201/3907/3907 208/3908/3908 205/3909/3909
f 202/3910/3910 205/3911/3911 204/3912/3912
f 202/3913/3913 204/3914/3914 203/3915/3915
f 201/3916/3916 205/3917/3917 202/3918/3918
f 200/3919/3919 206/3920/3920 207/3921/3921
f 201/3922/3922 199/3923/3923 207/3924/3924
f 201/3925/3925 209/3926/3926 208/3927/3927
f 201/3928/3928 210/3929/3929 209/3930/3930
f 201/3931/3931 207/3932/3932 210/3933/3933
f 207/3934/3934 211/3935/3935 212/3936/3936
f 207/3937/3937 213/3938/3938 211/3939/3939
f 207/3940/3940 212/3941/3941 210/3942/3942
f 207/3943/3943 206/3944/3944 213/3945/3945
f 206/3946/3946 215/3947/3947 213/3948/3948
f 206/3949/3949 216/3950/3950 215/3951/3951
f 206/3952/3952 214/3953/3953 216/3954/3954
f 184/3955/3955 217/3956/3956 218/3957/3957
f 217/3958/3958 219/3959/3959 218/3960/3960
f 217/3961/3961 221/3962/3962 219/3963/3963
f 202/3964/3964 221/3965/3965 217/3966/3966
f 202/3967/3967 220/3968/3968 221/3969/3969
f 202/3970/3970 222/3971/3971 220/3972/3972
f 226/3973/3973 161/3974/3974 227/3975/3975
f 74/3976/3976 226/3977/3977 227/3978/3978
f 161/3979/3979 234/3980/3980 227/3981/3981
f 227/3982/3982 228/3983/3983 79/3984/3984
f 227/3985/3985 229/3986/3986 228/3987/3987
f 227/3988/3988 230/3989/3989 229/3990/3990
f 227/3991/3991 233/3992/3992 230/3993/3993
f 227/3994/3994 231/3995/3995 233/3996/3996
f 227/3997/3997 232/3998/3998 231/3999/3999
f 227/4000/4000 239/4001/4001 232/4002/4002
f 227/4003/4003 234/4004/4004 239/4005/4005
f 234/4006/4006 238/4007/4007 239/4008/4008
f 161/4009/4009 166/4010/4010 234/4011/4011
f 234/4012/4012 236/4013/4013 238/4014/4014
f 234/4015/4015 235/4016/4016 236/4017/4017
f 166/4018/4018 237/4019/4019 234/4020/4020
f 166/4021/4021 243/4022/4022 244/4023/4023
f 166/4024/4024 244/4025/4025 237/4026/4026
f 234/4027/4027 237/4028/4028 235/4029/4029
f 166/4030/4030 245/4031/4031 243/4032/4032
f 176/4033/4033 252/4034/4034 254/4035/4035
f 252/4036/4036 253/4037/4037 255/4038/4038
f 254/4039/4039 252/4040/4040 255/4041/4041
f 253/4042/4042 257/4043/4043 255/4044/4044
f 253/4045/4045 256/4046/4046 257/4047/4047
f 256/4048/4048 259/4049/4049 258/4050/4050
f 256/4051/4051 258/4052/4052 257/4053/4053
f 259/4054/4054 265/4055/4055 260/4056/4056
f 259/4057/4057 260/4058/4058 258/4059/4059
f 254/4060/4060 255/4061/4061 261/4062/4062
f 254/4063/4063 261/4064/4064 183/4065/4065
f 255/4066/4066 257/4067/4067 262/4068/4068
f 255/4069/4069 262/4070/4070 261/4071/4071
f 257/4072/4072 258/4073/4073 263/4074/4074
f 257/4075/4075 263/4076/4076 262/4077/4077
f 258/4078/4078 260/4079/4079 264/4080/4080
f 258/4081/4081 264/4082/4082 263/4083/4083
f 264/4084/4084 260/4085/4085 271/4086/4086
f 265/4087/4087 267/4088/4088 260/4089/4089
f 260/4090/4090 267/4091/4091 271/4092/4092
f 265/4093/4093 266/4094/4094 267/4095/4095
f 266/4096/4096 269/4097/4097 268/4098/4098
f 266/4099/4099 268/4100/4100 267/4101/4101
f 269/4102/4102 270/4103/4103 268/4104/4104
f 269/4105/4105 309/4106/4106 270/4107/4107
f 267/4108/4108 272/4109/4109 271/4110/4110
f 267/4111/4111 268/4112/4112 272/4113/4113
f 268/4114/4114 270/4115/4115 273/4116/4116
f 272/4117/4117 268/4118/4118 273/4119/4119
f 272/4120/4120 273/4121/4121 306/4122/4122
f 273/4123/4123 307/4124/4124 306/4125/4125
f 273/4126/4126 321/4127/4127 307/4128/4128
f 183/4129/4129 261/4130/4130 274/4131/4131
f 261/4132/4132 275/4133/4133 274/4134/4134
f 261/4135/4135 262/4136/4136 275/4137/4137
f 262/4138/4138 276/4139/4139 275/4140/4140
f 274/4141/4141 275/4142/4142 280/4143/4143
f 275/4144/4144 276/4145/4145 283/4146/4146
f 262/4147/4147 263/4148/4148 276/4149/4149
f 263/4150/4150 277/4151/4151 276/4152/4152
f 263/4153/4153 264/4154/4154 277/4155/4155
f 264/4156/4156 271/4157/4157 294/4158/4158
f 264/4159/4159 294/4160/4160 277/4161/4161
f 276/4162/4162 277/4163/4163 286/4164/4164
f 277/4165/4165 287/4166/4166 286/4167/4167
f 277/4168/4168 294/4169/4169 290/4170/4170
f 277/4171/4171 289/4172/4172 287/4173/4173
f 277/4174/4174 292/4175/4175 289/4176/4176
f 277/4177/4177 290/4178/4178 292/4179/4179
f 274/4180/4180 278/4181/4181 206/4182/4182
f 274/4183/4183 279/4184/4184 278/4185/4185
f 274/4186/4186 280/4187/4187 279/4188/4188
f 275/4189/4189 281/4190/4190 280/4191/4191
f 275/4192/4192 282/4193/4193 281/4194/4194
f 275/4195/4195 283/4196/4196 282/4197/4197
f 206/4198/4198 278/4199/4199 214/4200/4200
f 276/4201/4201 285/4202/4202 283/4203/4203
f 276/4204/4204 284/4205/4205 285/4206/4206
f 276/4207/4207 286/4208/4208 284/4209/4209
f 288/4210/4210 287/4211/4211 289/4212/4212
f 271/4213/4213 296/4214/4214 294/4215/4215
f 271/4216/4216 272/4217/4217 296/4218/4218
f 272/4219/4219 299/4220/4220 296/4221/4221
f 294/4222/4222 303/4223/4223 301/4224/4224
f 294/4225/4225 295/4226/4226 290/4227/4227
f 294/4228/4228 301/4229/4229 295/4230/4230
f 294/4231/4231 296/4232/4232 303/4233/4233
f 296/4234/4234 298/4235/4235 297/4236/4236
f 296/4237/4237 297/4238/4238 300/4239/4239
f 296/4240/4240 299/4241/4241 298/4242/4242
f 296/4243/4243 300/4244/4244 303/4245/4245
f 272/4246/4246 304/4247/4247 299/4248/4248
f 272/4249/4249 305/4250/4250 304/4251/4251
f 272/4252/4252 306/4253/4253 308/4254/4254
f 272/4255/4255 308/4256/4256 305/4257/4257
f 270/4258/4258 309/4259/4259 310/4260/4260
f 150/4261/4261 310/4262/4262 309/4263/4263
f 270/4264/4264 310/4265/4265 315/4266/4266
f 150/4267/4267 311/4268/4268 310/4269/4269
f 310/4270/4270 311/4271/4271 312/4272/4272
f 311/4273/4273 330/4274/4274 312/4275/4275
f 310/4276/4276 314/4277/4277 313/4278/4278
f 310/4279/4279 325/4280/4280 324/4281/4281
f 310/4282/4282 313/4283/4283 325/4284/4284
f 310/4285/4285 312/4286/4286 314/4287/4287
f 270/4288/4288 315/4289/4289 273/4290/4290
f 310/4291/4291 317/4292/4292 315/4293/4293
f 310/4294/4294 324/4295/4295 317/4296/4296
f 315/4297/4297 316/4298/4298 323/4299/4299
f 315/4300/4300 319/4301/4301 318/4302/4302
f 315/4303/4303 317/4304/4304 319/4305/4305
f 315/4306/4306 318/4307/4307 316/4308/4308
f 273/4309/4309 323/4310/4310 320/4311/4311
f 273/4312/4312 315/4313/4313 323/4314/4314
f 273/4315/4315 320/4316/4316 321/4317/4317
f 311/4318/4318 326/4319/4319 327/4320/4320
f 311/4321/4321 328/4322/4322 326/4323/4323
f 311/4324/4324 327/4325/4325 330/4326/4326
