# meters; x anterior, y left, z dorsal
mtllib fish.mtl
usemtl fish
v -0.03251932978 -0.007935124449 -0.009112768297
v -0.03237853243 -0.007799535524 -0.009551479903
v -0.03292040198 -0.006908491254 -0.009002012623
v -0.03207411847 -0.007532719057 -0.01040470363
v -0.03211287267 -0.007568613626 -0.01029471536
v -0.03204216666 -0.007918607444 -0.009096251291
v -0.03215571351 -0.006835670676 -0.01072138031
v -0.03177214644 -0.007284872234 -0.0111544984
v -0.03147318817 -0.007065027952 -0.01181084146
v -0.03126374117 -0.006781014148 -0.01234336705
v -0.03313228159 -0.008565221913 -0.006900637367
v -0.03376568339 -0.008562081493 -0.004600910892
v -0.03359277218 -0.009185108356 -0.004236008463
v -0.03329562253 -0.008845626377 -0.006003871517
v -0.03329099386 -0.008572575636 -0.006427281493
v -0.03322046108 -0.008689737879 -0.006499621974
v -0.03324976794 -0.008740141056 -0.006338435182
v -0.03349829137 -0.009055473842 -0.004905844064
v -0.03356485858 -0.006945897825 -0.007232957476
v -0.03408577896 -0.006947698537 -0.005423284092
v -0.03448049209 -0.006913883146 -0.00358226891
v -0.0347329457 -0.00698365923 -0.001452892509
v -0.03372405513 -0.009440299124 -0.002932516116
v -0.03372229866 -0.009433431551 -0.002967104738
v -0.03373215391 -0.009540564381 -0.002560511653
v -0.03379441655 -0.009552723728 -0.002050839321
v -0.03406160555 -0.00874124933 -0.00253914269
v -0.03388220861 -0.009588797577 -0.0008970162163
v -0.03388943195 -0.009598615579 -0.0006445741311
v -0.03391047797 -0.009630936198 0.0001250498316
v -0.03423224247 -0.008788543753 -0.000395577532
v -0.03295738666 -0.008336008526 -0.007641091434
v -0.0317888376 -0.008923755959 -0.006031774872
v -0.03274666003 -0.008122119121 -0.008430162867
v -0.03285925507 -0.008229668252 -0.00803451096
v -0.03169894635 -0.009863528423 -0.002648592883
v -0.03304294541 -0.005166029558 -0.009760358793
v -0.03305345445 -0.003465250134 -0.01041825158
v -0.03371411233 -0.001735624159 -0.009349283253
v -0.03050314865 -0.005943023134 -0.01390086436
v -0.03031406782 -0.005602922291 -0.01433430096
v -0.03031405478 -0.005603272934 -0.01433416498
v -0.03031392439 -0.005603061523 -0.01433443227
v -0.03031365245 -0.005602675024 -0.01433491283
v -0.03223994604 -0.005155588035 -0.01141517372
v -0.03221517845 -0.00345082907 -0.01205102583
v -0.03130589842 -0.00623958325 -0.01257095808
v -0.03104688271 -0.006516904105 -0.01283417777
v -0.03089794002 -0.006357159466 -0.01312750154
v -0.03131783052 -0.004537925124 -0.01322655049
v -0.03122044957 -0.002801002935 -0.013824237
v -0.03101260073 -0.001068922924 -0.0143554457
v -0.03208152435 -0.001729553682 -0.01262589214
v -0.03295156404 -0.001731114928 -0.01102323407
v -0.03474697515 -0.005216664635 -0.004353446377
v -0.03439541391 -0.003486848669 -0.006934970574
v -0.03488386094 -0.00349270436 -0.005098766604
v -0.03373418606 -0.005217962433 -0.008004857649
v -0.03430626958 -0.005236568395 -0.006188545798
v -0.03377686485 -0.003462796332 -0.008731378664
v -0.0350410775 -0.005223059095 -0.002537281907
v -0.03521156727 -0.005270068534 -0.0003942342156
v -0.03522667146 -0.003504906083 -0.003295289076
v -0.03544398255 -0.003500032937 -0.001472393007
v -0.03489045098 -0.001750839758 -0.005814408374
v -0.03435269973 -0.001737045823 -0.007641130549
v -0.03528077386 -0.001751827192 -0.004032981073
v -0.03554811931 -0.001754588564 -0.002212597014
v -0.03568672246 -0.001755427802 -0.0003941678588
v -0.03005638576 -0.006978834514 -0.01170309955
v -0.02985208712 -0.007951295003 -0.009096251291
v -0.02799705832 -0.007068725768 -0.01169492812
v -0.02776007212 -0.008180109784 -0.009218831037
v -0.02581515021 -0.008466127329 -0.009439472531
v -0.02609299726 -0.007289368194 -0.01176030324
v -0.0293290843 -0.01023943815 -0.002836547283
v -0.02954972579 -0.009185257368 -0.006146182263
v -0.02709814391 -0.01059083082 -0.00312256506
v -0.0274005071 -0.009536650963 -0.006424027917
v -0.02537386722 -0.009863528423 -0.006840796632
v -0.03014627702 -0.005924654659 -0.01385231917
v -0.03018821075 -0.005428453907 -0.01455119388
v -0.02927853025 -0.004210019019 -0.01605722909
v -0.02911612063 -0.004005366936 -0.01630261024
v -0.02965613498 -0.004773576278 -0.01544235689
v -0.0302488622 -0.003877266543 -0.01495617577
v -0.02953910313 -0.004580589477 -0.01565362183
v -0.02807877815 -0.005932826549 -0.01371339658
v -0.02883370823 -0.003675462678 -0.01669448843
v -0.02872457772 -0.003490678268 -0.0168598522
v -0.02830759107 -0.003652855987 -0.01663077851
v -0.02818501226 -0.004796927329 -0.0153314401
v -0.02905361771 -0.003186328569 -0.01657076222
v -0.03008244789 -0.002132729627 -0.01550185536
v -0.02917618721 -0.001068967627 -0.01669180063
v -0.02839991308 -0.003011462511 -0.01728189034
v -0.02808182172 -0.002570931101 -0.01769029764
v -0.02807583704 -0.002550291363 -0.01770014917
v -0.02797850452 -0.002237767912 -0.017848656
v -0.02796956941 -0.002214565873 -0.01785951336
v -0.02811311602 -0.002119228709 -0.01773698856
v -0.0278290943 -0.00184596586 -0.01803064947
v -0.02760473496 -0.001303033787 -0.01828109701
v -0.02757179967 -0.0007827468216 -0.01834274684
v -0.02756410695 -0.00056662102 -0.01836248716
v -0.0264117033 -0.003718231572 -0.0165081997
v -0.02628912262 -0.004821442999 -0.01520886128
v -0.02620740465 -0.006030889694 -0.0136398491
v -0.02653428025 -0.00255781645 -0.01754603577
v -0.02671406276 -0.001299338066 -0.01819979069
v -0.02479365698 -0.002565988339 -0.01734990855
v -0.02492441095 -0.001299338066 -0.01797914733
v -0.03481728255 -0.007006969769 0.0006907462083
v -0.0347329457 -0.00698365923 0.002834385072
v -0.03448049209 -0.006913883146 0.004963761239
v -0.03389340869 -0.009675621055 0.001069918959
v -0.03389494351 -0.009671604261 0.001206935311
v -0.03389563269 -0.009669802152 0.001232422408
v -0.03382364891 -0.009683745913 0.001069638805
v -0.03387857645 -0.009597097524 0.002283709517
v -0.03423224247 -0.008788543753 0.00177706992
v -0.03380579732 -0.009518160485 0.003453130179
v -0.03371021195 -0.009458087385 0.004363841421
v -0.03406160555 -0.00874124933 0.003920635019
v -0.03366310193 -0.009438189678 0.004673463336
v -0.03366094313 -0.00943612773 0.00469013727
v -0.03365203968 -0.009438588284 0.004673463336
v -0.0336396177 -0.0094096018 0.004868087868
v -0.03376568339 -0.008562081493 0.005982403221
v -0.0335570988 -0.00931364391 0.005542218263
v -0.03342059112 -0.009198848158 0.006375946614
v -0.03317561231 -0.009041550569 0.007560113954
v -0.03315218768 -0.009030013345 0.00765090347
v -0.03305975205 -0.008956694044 0.008045943963
v -0.03303745619 -0.008941461332 0.008128717585
v -0.03329099386 -0.008572575636 0.007808773822
v -0.03408577896 -0.006947698537 0.006804776422
v -0.03356485858 -0.006945897825 0.00861444934
v -0.03156819425 -0.01008417085 0.001020607175
v -0.03141292787 -0.009691918269 0.004665291446
v -0.03267257332 -0.008607911877 0.009579862046
v -0.03268618367 -0.00854455214 0.00961260921
v -0.03265365816 -0.008593643084 0.009642547506
v -0.03256454549 -0.008534207009 0.009905535306
v -0.03249107531 -0.008486826904 0.01011562305
v -0.03124949007 -0.009021818638 0.00812202091
v -0.03292040198 -0.006908491254 0.01038350495
v -0.03215762644 -0.008162792772 0.01115697673
v -0.03209967955 -0.008111980744 0.01131940777
v -0.03201608776 -0.008028472774 0.01156096863
v -0.03173755153 -0.00778402295 0.01226333673
v -0.03215571351 -0.006835670676 0.01210287264
v -0.03108605041 -0.008073874749 0.01129273283
v -0.03150793023 -0.007594301365 0.01283434177
v -0.03121701113 -0.0073811654 0.01347258645
v -0.0309799914 -0.007225411944 0.01393660302
v -0.03091548986 -0.007182392292 0.01406322564
v -0.03087713613 -0.007155358791 0.01413930724
v -0.03069384254 -0.00689489441 0.01457443977
v -0.03521156727 -0.005270068534 0.001775726603
v -0.0350410775 -0.005223059095 0.003918774237
v -0.03553228683 -0.003511930117 0.0006907462083
v -0.03544398255 -0.003500032937 0.002853885569
v -0.03522667146 -0.003504906083 0.004676781638
v -0.03474697515 -0.005216664635 0.005734938706
v -0.03488386094 -0.00349270436 0.006480258933
v -0.03439541391 -0.003486848669 0.008316462903
v -0.03430626958 -0.005236568395 0.007570038128
v -0.03373418606 -0.005217962433 0.009386349979
v -0.03377686485 -0.003462796332 0.01011287099
v -0.03568672246 -0.001755427802 0.001775660246
v -0.03554811931 -0.001754588564 0.003594089576
v -0.03528077386 -0.001751827192 0.005414473868
v -0.03489045098 -0.001750839758 0.007195900704
v -0.03435269973 -0.001737045823 0.009022622878
v -0.03304294541 -0.005166029558 0.01114185112
v -0.03305345445 -0.003465250134 0.01179974391
v -0.03371411233 -0.001735624159 0.01073077651
v -0.03223994604 -0.005155588035 0.01279666698
v -0.03221517845 -0.00345082907 0.01343251816
v -0.03130589842 -0.00623958325 0.0139524504
v -0.03131783052 -0.004537925124 0.01460804282
v -0.0302843549 -0.006391092204 0.01540961354
v -0.03031406782 -0.005602922291 0.01571579328
v -0.03295156404 -0.001731114928 0.0124047264
v -0.03208152435 -0.001729553682 0.01400738447
v -0.03122044957 -0.002801002935 0.01520572933
v -0.03101260073 -0.001068922924 0.01573693803
v -0.0291983322 -0.01044373587 0.0009307158615
v -0.02911661423 -0.009814497083 0.004608087751
v -0.02900220684 -0.009038163349 0.008097505241
v -0.02685298628 -0.01074609812 0.0007345893682
v -0.02683664343 -0.01000245195 0.004550884056
v -0.0268121273 -0.009226117283 0.008081161461
v -0.02894500314 -0.008016671054 0.01120284158
v -0.02883876718 -0.007085070014 0.0140221599
v -0.02680395401 -0.008106562309 0.01116198166
v -0.02682030059 -0.007101413794 0.01389958108
v -0.02476097128 -0.008343548514 0.0111292941
v -0.0248263464 -0.007223992608 0.01379334605
v -0.03013489998 -0.006224566605 0.01568400631
v -0.02991329736 -0.005993885919 0.01608373462
v -0.0296843019 -0.005782037508 0.01644877861
v -0.0293737971 -0.005240147002 0.01703433091
v -0.0302488622 -0.003877266543 0.0163376681
v -0.02920547544 -0.004941055086 0.01735365162
v -0.02919442996 -0.004922138527 0.01737381103
v -0.0291850236 -0.004908241797 0.01738850171
v -0.02875704921 -0.005785731599 0.01636750581
v -0.02864640064 -0.004173439462 0.01816157768
v -0.02862042791 -0.004138286225 0.01819878961
v -0.0286065065 -0.004119415767 0.0182187404
v -0.02849031656 -0.003707361175 0.01844716402
v -0.03008244789 -0.002132729627 0.01688334676
v -0.02905361771 -0.003186328569 0.01795225362
v -0.02917618721 -0.001068967627 0.01807329203
v -0.02810854136 -0.002638760954 0.01903207372
v -0.02807616859 -0.002546465257 0.01908196653
v -0.02811311602 -0.002119228709 0.01911847996
v -0.02796474143 -0.00224988698 0.01924156355
v -0.02791196338 -0.002133264905 0.0193034369
v -0.02789277627 -0.001907235361 0.01934629823
v -0.02776530429 -0.0009345493745 0.01952610681
v -0.02770315527 -0.000437427283 0.01961506675
v -0.02674675218 -0.005793903954 0.01619589473
v -0.02669771991 -0.004159516189 0.01801823782
v -0.02485086254 -0.005851107184 0.01602428457
v -0.02481000356 -0.004175859969 0.01778125162
v -0.02665686092 -0.002149219625 0.01917048129
v -0.02478548742 -0.002165563405 0.01891715037
v -0.03353327743 0 -0.0099182962
v -0.03371411233 0.001735624159 -0.009349283253
v -0.03305345445 0.003465250134 -0.01041825158
v -0.03304294541 0.005166029558 -0.009760358793
v -0.03101260073 0.001068922924 -0.0143554457
v -0.03122044957 0.002801002935 -0.013824237
v -0.03274215429 0 -0.01155696851
v -0.03183962449 0 -0.01313702059
v -0.03208152435 0.001729553682 -0.01262589214
v -0.03295156404 0.001731114928 -0.01102323407
v -0.03031406782 0.005602922291 -0.01433430096
v -0.03030719652 0.00559882028 -0.01434445144
v -0.03031383685 0.005609041546 -0.01433192329
v -0.0303116203 0.005605310667 -0.01433654824
v -0.03042017899 0.005805483554 -0.01408585669
v -0.03050314865 0.005943023134 -0.01390086436
v -0.03221517845 0.00345082907 -0.01205102583
v -0.03223994604 0.005155588035 -0.01141517372
v -0.03131783052 0.004537925124 -0.01322655049
v -0.03130589842 0.00623958325 -0.01257095808
v -0.03104688271 0.006516904105 -0.01283417777
v -0.03089794002 0.006357159466 -0.01312750154
v -0.035203109 0 -0.004730159839
v -0.03476670615 0 -0.006496703209
v -0.03489045098 0.001750839758 -0.005814408374
v -0.03420920714 0 -0.008228845385
v -0.03435269973 0.001737045823 -0.007641130549
v -0.03551632582 0 -0.002937670288
v -0.03570485904 0 -0.001127814132
v -0.03528077386 0.001751827192 -0.004032981073
v -0.03554811931 0.001754588564 -0.002212597014
v -0.03568672246 0.001755427802 -0.0003941678588
v -0.03439541391 0.003486848669 -0.006934970574
v -0.03488386094 0.00349270436 -0.005098766604
v -0.03474697515 0.005216664635 -0.004353446377
v -0.03377686485 0.003462796332 -0.008731378664
v -0.03373418606 0.005217962433 -0.008004857649
v -0.03430626958 0.005236568395 -0.006188545798
v -0.03522667146 0.003504906083 -0.003295289076
v -0.03544398255 0.003500032937 -0.001472393007
v -0.0350410775 0.005223059095 -0.002537281907
v -0.03521156727 0.005270068534 -0.0003942342156
v -0.03292040198 0.006908491254 -0.009002012623
v -0.03237903721 0.007827593014 -0.009527681817
v -0.03236838847 0.007816216908 -0.009561767292
v -0.03251932978 0.007935124449 -0.009112768297
v -0.03215571351 0.006835670676 -0.01072138031
v -0.03177214644 0.007284872234 -0.0111544984
v -0.03207411847 0.007532719057 -0.01040470363
v -0.03211287267 0.007568613626 -0.01029471536
v -0.03204216666 0.007918607444 -0.009096251291
v -0.03147318817 0.007065027952 -0.01181084146
v -0.03126374117 0.006781014148 -0.01234336705
v -0.03356485858 0.006945897825 -0.007232957476
v -0.03408577896 0.006947698537 -0.005423284092
v -0.03303781382 0.008560844697 -0.007182387126
v -0.03320211961 0.008720207028 -0.006518435155
v -0.03376568339 0.008562081493 -0.004600910892
v -0.03329099386 0.008572575636 -0.006427281493
v -0.03324309408 0.008767265826 -0.006324053233
v -0.03329562253 0.008845626377 -0.006003871517
v -0.03342630758 0.009070540778 -0.005162795496
v -0.03346971094 0.009108209983 -0.004938437094
v -0.03357843726 0.009236757644 -0.004205757708
v -0.03448049209 0.006913883146 -0.00358226891
v -0.0347329457 0.00698365923 -0.001452892509
v -0.03406160555 0.00874124933 -0.00253914269
v -0.03370943337 0.009459676221 -0.002983331171
v -0.03373215391 0.009540564381 -0.002560511653
v -0.03379441655 0.009552723728 -0.002050839321
v -0.03423224247 0.008788543753 -0.000395577532
v -0.03388220861 0.009588797577 -0.0008970162163
v -0.03388943195 0.009598615579 -0.0006445741311
v -0.03391047797 0.009630936198 0.0001250498316
v -0.03273824274 0.008180904202 -0.008402463471
v -0.03282406784 0.008293688297 -0.008074483325
v -0.03294153742 0.008472182788 -0.007552862589
v -0.0317888376 0.008923755959 -0.006031774872
v -0.03169894635 0.009863528423 -0.002648592883
v -0.02917618721 0.001068967627 -0.01669180063
v -0.0301505611 0 -0.01555535239
v -0.02905361771 0.003186328569 -0.01657076222
v -0.03008244789 0.002132729627 -0.01550185536
v -0.02817394256 0 -0.01779709799
v -0.02751204602 0 -0.01841075574
v -0.02756410695 0.00056662102 -0.01836248716
v -0.02757179967 0.0007827468216 -0.01834274684
v -0.02760473496 0.001303033787 -0.01828109701
v -0.02839991308 0.003011462511 -0.01728189034
v -0.02798005982 0.002236397937 -0.01784736519
v -0.02811311602 0.002119228709 -0.01773698856
v -0.02781769118 0.001811193652 -0.01804378485
v -0.02783387198 0.001850562403 -0.01802570974
v -0.02808182172 0.002570931101 -0.01769029764
v -0.02807586498 0.00254997937 -0.01770017525
v -0.02818126648 0.002731224056 -0.01755865705
v -0.02912308692 0.004096631426 -0.01627272968
v -0.02924724153 0.004291290417 -0.01607617592
v -0.0302488622 0.003877266543 -0.01495617577
v -0.02965613498 0.004773576278 -0.01544235689
v -0.02952028482 0.004599238746 -0.01567211603
v -0.03018821075 0.005428453907 -0.01455119388
v -0.03014627702 0.005924654659 -0.01385231917
v -0.02872457772 0.003490678268 -0.0168598522
v -0.02883370823 0.003675462678 -0.01669448843
v -0.02830759107 0.003652855987 -0.01663077851
v -0.02818501226 0.004796927329 -0.0153314401
v -0.02807877815 0.005932826549 -0.01371339658
v -0.02685298628 0 -0.01833871235
v -0.02671406276 0.001299338066 -0.01819979069
v -0.02653428025 0.00255781645 -0.01754603577
v -0.02502247176 0 -0.01815892984
v -0.02492441095 0.001299338066 -0.01797914733
v -0.02479365698 0.002565988339 -0.01734990855
v -0.0264117033 0.003718231572 -0.0165081997
v -0.02628912262 0.004821442999 -0.01520886128
v -0.02620740465 0.006030889694 -0.0136398491
v -0.03005638576 0.006978834514 -0.01170309955
v -0.02985208712 0.007951295003 -0.009096251291
v -0.02799705832 0.007068725768 -0.01169492812
v -0.02776007212 0.008180109784 -0.009218831037
v -0.02609299726 0.007289368194 -0.01176030324
v -0.02581515021 0.008466127329 -0.009439472531
v -0.02954972579 0.009185257368 -0.006146182263
v -0.0293290843 0.01023943815 -0.002836547283
v -0.0274005071 0.009536650963 -0.006424027917
v -0.02537386722 0.009863528423 -0.006840796632
v -0.02709814391 0.01059083082 -0.00312256506
v -0.03576780341 0 0.0006907462083
v -0.03570485904 0 0.002509306461
v -0.03551632582 0 0.004319162617
v -0.03568672246 0.001755427802 0.001775660246
v -0.03554811931 0.001754588564 0.003594089576
v -0.035203109 0 0.006111652168
v -0.03476670615 0 0.007878195538
v -0.03528077386 0.001751827192 0.005414473868
v -0.03489045098 0.001750839758 0.007195900704
v -0.03420920714 0 0.009610337714
v -0.03435269973 0.001737045823 0.009022622878
v -0.03553228683 0.003511930117 0.0006907462083
v -0.03544398255 0.003500032937 0.002853885569
v -0.03522667146 0.003504906083 0.004676781638
v -0.03521156727 0.005270068534 0.001775726603
v -0.0350410775 0.005223059095 0.003918774237
v -0.03488386094 0.00349270436 0.006480258933
v -0.03439541391 0.003486848669 0.008316462903
v -0.03474697515 0.005216664635 0.005734938706
v -0.03377686485 0.003462796332 0.01011287099
v -0.03430626958 0.005236568395 0.007570038128
v -0.03373418606 0.005217962433 0.009386349979
v -0.03353327743 0 0.01129978853
v -0.03371411233 0.001735624159 0.01073077651
v -0.03305345445 0.003465250134 0.01179974391
v -0.03304294541 0.005166029558 0.01114185112
v -0.03274215429 0 0.01293846084
v -0.03183962449 0 0.01451851292
v -0.03295156404 0.001731114928 0.0124047264
v -0.03208152435 0.001729553682 0.01400738447
v -0.03101260073 0.001068922924 0.01573693803
v -0.03122044957 0.002801002935 0.01520572933
v -0.03221517845 0.00345082907 0.01343251816
v -0.03223994604 0.005155588035 0.01279666698
v -0.03131783052 0.004537925124 0.01460804282
v -0.03130589842 0.00623958325 0.0139524504
v -0.03031406782 0.005602922291 0.01571579328
v -0.0302843549 0.006391092204 0.01540961354
v -0.03481728255 0.007006969769 0.0006907462083
v -0.0347329457 0.00698365923 0.002834385072
v -0.03448049209 0.006913883146 0.004963761239
v -0.03423224247 0.008788543753 0.00177706992
v -0.03389340869 0.009675621055 0.001069918959
v -0.03389494351 0.009671604261 0.001206935311
v -0.03389563269 0.009669802152 0.001232422408
v -0.03382364891 0.009683745913 0.001069638805
v -0.03387857645 0.009597097524 0.002283709517
v -0.03406160555 0.00874124933 0.003920635019
v -0.03380579732 0.009518160485 0.003453130179
v -0.03371021195 0.009458087385 0.004363841421
v -0.03366310193 0.009438189678 0.004673463336
v -0.03365203968 0.009438588284 0.004673463336
v -0.0336396177 0.0094096018 0.004868087868
v -0.03408577896 0.006947698537 0.006804776422
v -0.03356485858 0.006945897825 0.00861444934
v -0.03376568339 0.008562081493 0.005982403221
v -0.03317561231 0.009041550569 0.007560113954
v -0.03315218768 0.009030013345 0.00765090347
v -0.0335570988 0.00931364391 0.005542218263
v -0.03342059112 0.009198848158 0.006375946614
v -0.03329099386 0.008572575636 0.007808773822
v -0.03303745619 0.008941461332 0.008128717585
v -0.03305975205 0.008956694044 0.008045943963
v -0.03141292787 0.009691918269 0.004665291446
v -0.03286273635 0.008717690594 0.008896993051
v -0.03269139162 0.008544793352 0.009597078475
v -0.03268789916 0.008541431278 0.009610660883
v -0.03268676854 0.008540467359 0.009614534254
v -0.03124949007 0.009021818638 0.00812202091
v -0.03156819425 0.01008417085 0.001020607175
v -0.03292040198 0.006908491254 0.01038350495
v -0.03215571351 0.006835670676 0.01210287264
v -0.03216276175 0.008154347539 0.01115176971
v -0.03209967955 0.008111980744 0.01131940777
v -0.03201573572 0.008031480946 0.01155960238
v -0.03108605041 0.008073874749 0.01129273283
v -0.03121672428 0.00738484785 0.01347103859
v -0.0309799914 0.007225411944 0.01393660302
v -0.0315034338 0.007599566132 0.01283941841
v -0.03069384254 0.00689489441 0.01457443977
v -0.03087713613 0.007155358791 0.01413930724
v -0.03091548986 0.007182392292 0.01406322564
v -0.0301505611 0 0.01693684379
v -0.02917618721 0.001068967627 0.01807329203
v -0.03008244789 0.002132729627 0.01688334676
v -0.02905361771 0.003186328569 0.01795225362
v -0.02817394256 0 0.01917858938
v -0.0276218713 0 0.01969042564
v -0.02770315527 0.000437427283 0.01961506675
v -0.02776530429 0.0009345493745 0.01952610681
v -0.02789277627 0.001907235361 0.01934629823
v -0.02811311602 0.002119228709 0.01911847996
v -0.02796519219 0.002249490703 0.01924118916
v -0.02791196338 0.002133264905 0.0193034369
v -0.02807656161 0.002541914582 0.01908235582
v -0.0302488622 0.003877266543 0.0163376681
v -0.02919628143 0.004920303356 0.01737198936
v -0.02921007431 0.00494380109 0.01734685669
v -0.02918463803 0.004903197289 0.01739015388
v -0.0296843019 0.005782037508 0.01644877861
v -0.03013489998 0.006224566605 0.01568400631
v -0.02991329736 0.005993885919 0.01608373462
v -0.02862042791 0.004138286225 0.01819878961
v -0.02859250314 0.004068930168 0.01824647146
v -0.0286065065 0.004119415767 0.0182187404
v -0.02849084555 0.003706871765 0.01844669836
v -0.02864640064 0.004173439462 0.01816157768
v -0.02875704921 0.005785731599 0.01636750581
v -0.02668137706 0 0.01958725
v -0.02665686092 0.002149219625 0.01917048129
v -0.02494075379 0 0.01927671539
v -0.02478548742 0.002165563405 0.01891715037
v -0.02669771991 0.004159516189 0.01801823782
v -0.02674675218 0.005793903954 0.01619589473
v -0.02481000356 0.004175859969 0.01778125162
v -0.02485086254 0.005851107184 0.01602428457
v -0.02911661423 0.009814497083 0.004608087751
v -0.02900220684 0.009038163349 0.008097505241
v -0.0291983322 0.01044373587 0.0009307158615
v -0.0268121273 0.009226117283 0.008081161461
v -0.02685298628 0.01074609812 0.0007345893682
v -0.02683664343 0.01000245195 0.004550884056
v -0.02894500314 0.008016671054 0.01120284158
v -0.02883876718 0.007085070014 0.0140221599
v -0.02680395401 0.008106562309 0.01116198166
v -0.02682030059 0.007101413794 0.01389958108
v -0.0248263464 0.007223992608 0.01379334605
v -0.02476097128 0.008343548514 0.0111292941
v -0.02395194999 -0.008694941178 -0.009651943532
v -0.02428699887 -0.007493666839 -0.01177664702
v -0.02216229445 -0.008882896043 -0.009692802516
v -0.02246465764 -0.007730653044 -0.01168675577
v -0.02071586109 -0.008057530038 -0.01149062948
v -0.02093650258 -0.006815395784 -0.01328028315
v -0.02046253017 -0.009087194689 -0.009521192362
v -0.01932445026 -0.007286733016 -0.009159882975
v -0.02307754985 -0.01086867694 -0.005328988147
v -0.02389070994 -0.01332025789 -0.002986435269
v -0.02357399694 -0.01332025789 -0.003031259359
v -0.0236495868 -0.01301789656 -0.002967298453
v -0.02366320646 -0.01332025789 -0.002654040189
v -0.02358421168 -0.01332025789 -0.002504439748
v -0.02341260246 -0.01314864773 -0.00247698203
v -0.02345346145 -0.01249489281 -0.002901922868
v -0.02471193901 -0.01096674055 -0.003612881483
v -0.02356786884 -0.01164501067 -0.003081705378
v -0.02439323298 -0.01107297558 0.0004812592996
v -0.02292391888 -0.01332025789 -0.003141156121
v -0.02285453535 -0.01332025789 -0.003158958818
v -0.02299137644 -0.01332025789 -0.002480882176
v -0.02302852131 -0.01264198776 -0.002329887313
v -0.02329002178 -0.0120209204 -0.002910094758
v -0.02288959778 -0.01214349922 -0.001978493951
v -0.02256271846 -0.01264198776 -0.00326148812
v -0.02263819656 -0.01332025789 -0.002451464025
v -0.02241907126 -0.01332025789 -0.002419483106
v -0.02212960876 -0.0128299417 -0.002248167948
v -0.02240745208 -0.01199640427 -0.003522990228
v -0.02251368619 -0.01131813321 -0.004086853893
v -0.02315109826 -0.0115714632 -0.001218503763
v -0.02355152226 -0.009969763458 -0.007470036348
v -0.02132875702 -0.01129361801 -0.004544482523
v -0.02154122896 -0.01068889443 -0.005868336142
v -0.0202745781 -0.01010051463 -0.007625302722
v -0.02012748129 -0.01158780791 -0.004732436923
v -0.02016017071 -0.01074609812 -0.005892851812
v -0.01926352314 -0.01004167926 -0.006206099366
v -0.01962261877 -0.01026304346 -0.0044785067
v -0.02200216658 -0.01332025789 -0.003339965784
v -0.02165142677 -0.01332025789 -0.003375895278
v -0.02150036625 -0.01282177027 -0.003375895278
v -0.02171774439 -0.01332025789 -0.002436449242
v -0.02132875702 -0.01205360796 -0.003800835883
v -0.02112807936 -0.01332025789 -0.003435839855
v -0.02106533057 -0.01332025789 -0.002296718725
v -0.0210018777 -0.01315681916 -0.002190964253
v -0.02189262069 -0.01224156283 -0.001569897126
v -0.02190896354 -0.01171855815 -0.0002950747876
v -0.02070769153 -0.01242951676 -0.001471833748
v -0.0203775414 -0.01332025789 -0.003588811451
v -0.02035629607 -0.01321402285 -0.003596537703
v -0.02013163499 -0.01332025789 -0.00358957141
v -0.02051156244 -0.01332025789 -0.002281022447
v -0.02019285641 -0.01223339047 -0.003858039578
v -0.01953833408 -0.01332025789 -0.003641867035
v -0.01925978667 -0.01332025789 -0.003611823035
v -0.0197359719 -0.01332025789 -0.002234944099
v -0.01955544806 -0.01265833154 -0.001741507746
v -0.02055242143 -0.0120781241 -9.056952038e-06
v -0.0198668488 -0.01041260269 -0.002705611012
v -0.01998920224 -0.01048787776 -0.0009330638714
v -0.02184358842 -0.009977935813 -0.007715193977
v -0.02087301991 -0.007354631554 -0.004545411983
v -0.01964952282 -0.008718697354 -0.006950886411
v -0.02013032741 -0.008725051768 -0.005392378618
v -0.01994575418 -0.007339574397 -0.007663675075
v -0.02046527199 -0.007363646291 -0.006114222531
v -0.02069707818 -0.009058988653 -1.462257637e-11
v -0.02112720764 -0.007508532144 -0.00277440036
v -0.02127378292 -0.007549157366 -0.0009331272013
v -0.02044283829 -0.0089046387 -0.003637584348
v -0.02062682665 -0.009028239176 -0.00185991959
v -0.02469559617 -0.003734575352 -0.01631207248
v -0.02456484593 -0.004960366059 -0.01507811011
v -0.02288142449 -0.005172836594 -0.01494735894
v -0.02301217473 -0.003898014314 -0.01613228997
v -0.02444226525 -0.006177984644 -0.01356630163
v -0.02272615812 -0.006504862104 -0.01347641037
v -0.02312658212 -0.002623192035 -0.01708023479
v -0.02320013053 -0.001332025859 -0.01770947357
v -0.02112445838 -0.005434338469 -0.01469402896
v -0.02125520862 -0.004143172409 -0.0159688503
v -0.01935931898 -0.005704012234 -0.01439983906
v -0.01944921023 -0.004347470589 -0.01564197284
v -0.01949009157 -0.00587168429 -0.009802754459
v -0.02025220401 -0.004437501077 -0.008977259931
v -0.01956244416 -0.004428531975 -0.01039870777
v -0.02133693031 -0.002786630765 -0.01687593614
v -0.02139413214 -0.001405573217 -0.01744797123
v -0.01950641579 -0.002917381702 -0.01654905868
v -0.01953093193 -0.001470948802 -0.01714560991
v -0.02026123039 -0.002976570511 -0.009542374362
v -0.01954116902 -0.00296418299 -0.01094489028
v -0.01942636303 -0.001485646935 -0.01143868682
v -0.02017370842 -0.00148698804 -0.01006204025
v -0.02211499817 -0.004526867997 -0.0009319732927
v -0.02212797335 -0.003010633867 -0.003423912873
v -0.0223146402 -0.003006448038 -0.00185808698
v -0.02239049084 -0.003016667441 -1.462257637e-11
v -0.02217444635 -0.001504779328 -0.004057573577
v -0.02240408815 -0.00150715129 -0.002493905326
v -0.02252314842 -0.00150787225 -0.0009319162492
v -0.02070051662 -0.0059663672 -0.006806279489
v -0.02114797241 -0.005967913661 -0.005251811774
v -0.02084596313 -0.004482110031 -0.007469324817
v -0.0213373699 -0.004498091992 -0.005909154148
v -0.02171592645 -0.004480995238 -0.004332845521
v -0.02014694221 -0.00593423564 -0.008325857532
v -0.02148702226 -0.005938867107 -0.003670421851
v -0.02170387513 -0.005998803303 -0.001841336445
v -0.02177631713 -0.006018826272 -1.462257637e-11
v -0.02196855328 -0.004486487713 -0.002772801978
v -0.02141394324 -0.002995123155 -0.006550315724
v -0.02088262371 -0.002974462695 -0.008093389173
v -0.02183350778 -0.003000152996 -0.004973058545
v -0.02137725285 -0.001492082491 -0.007156890773
v -0.02082871876 -0.00149086141 -0.008624155496
v -0.0218391665 -0.001503931242 -0.005587778476
v -0.01891803599 -0.009258804843 -0.009104423647
v -0.01854637495 -0.009272320196 -0.008930981581
v -0.01853516556 -0.009232159704 -0.008999949743
v -0.01824722669 -0.008457117714 -0.01027270542
v -0.0183929377 -0.008845992386 -0.00964933676
v -0.01834635667 -0.008707032539 -0.009873821822
v -0.01922856874 -0.006978834514 -0.01283082688
v -0.01905695952 -0.008163766004 -0.01103300085
v -0.01864300898 -0.006863716524 -0.01075926931
v -0.01844097159 -0.00826957915 -0.01009845962
v -0.01805004335 -0.00803256873 -0.01092304238
v -0.01812767095 -0.008211286739 -0.01065811836
v -0.01787344969 -0.007644869387 -0.01149512404
v -0.0174279832 -0.006728174631 -0.01267991909
v -0.01765955842 -0.007101413794 -0.01230782313
v -0.01756534583 -0.007105435245 -0.01226703679
v -0.01765397421 -0.007256612647 -0.01205436928
v -0.01774253181 -0.007403749973 -0.01184415766
v -0.01899975396 -0.01179210562 -0.004454590802
v -0.01868969805 -0.01191073656 -0.004284733863
v -0.01883471615 -0.01020100527 -0.007129599762
v -0.01880227259 -0.01001122966 -0.007505476897
v -0.01886083043 -0.0101740621 -0.007192190227
v -0.01883123673 -0.01017753128 -0.007174638988
v -0.01882700852 -0.01015137043 -0.007225799796
v -0.01887249059 -0.01035479177 -0.006793807683
v -0.01892695434 -0.01109718252 -0.005314971742
v -0.01895356036 -0.01085317321 -0.005704568655
v -0.01895672686 -0.01090542786 -0.005589345892
v -0.01896102584 -0.0109263612 -0.005532325668
v -0.01889232404 -0.01126783434 -0.005099947055
v -0.01879113398 -0.01161355805 -0.004662115083
v -0.01890653974 -0.01049614884 -0.006486976941
v -0.01917953647 -0.01257661171 -0.003702772738
v -0.01886027536 -0.01332025789 -0.003508101174
v -0.01921377934 -0.01332025789 -0.002317564518
v -0.01859468824 -0.01332025789 -0.002340673891
v -0.0189819657 -0.01173149981 -0.003534291362
v -0.01915933422 -0.01184111927 -0.001772610194
v -0.01837891198 -0.01332025789 -0.00340200025
v -0.01822600371 -0.01332025789 -0.003329587824
v -0.0183214829 -0.01296069287 -0.003449442753
v -0.0182636664 -0.01278182585 -0.003557846838
v -0.01823964945 -0.01283559669 -0.003493300596
v -0.01810099415 -0.01312146708 -0.003141674402
v -0.01801653064 -0.01326834504 -0.00302772662
v -0.01801522679 -0.01327061653 -0.003025964557
v -0.01798360652 -0.01332025789 -0.002983058992
v -0.01852578155 -0.0130424127 -0.002207308266
v -0.01832735769 -0.01298356988 -0.002323625333
v -0.01838738701 -0.01292733196 -0.002130711408
v -0.01834917671 -0.01290365309 -0.002690309382
v -0.01842558614 -0.01288928371 -0.00200313628
v -0.01815056286 -0.01317091286 -0.002644209613
v -0.0180584029 -0.01326098666 -0.002792981177
v -0.01821580014 -0.01310852543 -0.002532015511
v -0.01800571985 -0.01332025789 -0.002883535999
v -0.01799855611 -0.01332025789 -0.002885660113
v -0.01800170771 -0.01331639849 -0.002884500849
v -0.01853715486 -0.01225198898 -0.004004009956
v -0.01871928058 -0.0125674 -0.001227561457
v -0.01892408959 -0.01229362097 -0.0005987990445
v -0.01918770976 -0.01226607803 -0.0003686222045
v -0.01895980022 -0.01225836203 -0.0003177340987
v -0.01896267242 -0.01225413755 -0.0002841184178
v -0.01896441213 -0.01225158013 0.0003120726032
v -0.01921857751 -0.01187773421 -1.462257637e-11
v -0.01875907413 -0.009844111279 -0.007833629337
v -0.01878098256 -0.009917201474 -0.007691291583
v -0.01906631745 -0.008666905575 -0.008473168549
v -0.01770041741 -0.005834763404 -0.01388500673
v -0.01697480536 -0.005791779608 -0.01373298695
v -0.01695882759 -0.005738884211 -0.01377773793
v -0.01693233333 -0.005667822901 -0.01383652767
v -0.01680849723 -0.005361968651 -0.01408697055
v -0.01771676025 -0.004453706089 -0.01516800043
v -0.01693975038 -0.004234609194 -0.01433691797
v -0.01650406278 -0.004629062023 -0.0146959093
v -0.01876012094 -0.005359658971 -0.0113914995
v -0.01877036921 -0.003897973336 -0.0119546386
v -0.01790816195 -0.004812781699 -0.01290617087
v -0.0172325284 -0.006283272058 -0.01315410384
v -0.0178508409 -0.006333197933 -0.01231553541
v -0.01700267798 -0.005892269313 -0.01364731551
v -0.01785214848 -0.003330483101 -0.0134403477
v -0.01770041741 -0.003056304762 -0.01619766509
v -0.01770920537 -0.00183196587 -0.01390907304
v -0.0168254622 -0.002736983122 -0.01482723975
v -0.01769224412 -0.001536324271 -0.01680238773
v -0.01693074635 -0.0009182186914 -0.01493120888
v -0.01868672154 -0.002405997133 -0.01246803762
v -0.01850818328 -0.0009181802743 -0.01292433353
v -0.01637882969 -0.004302954301 -0.01492376575
v -0.01645605869 -0.004530891776 -0.01477563982
v -0.01621792323 -0.003829239169 -0.01523205308
v -0.01607363156 -0.003432400525 -0.01548779053
v -0.01605570174 -0.003390983911 -0.01551372041
v -0.0156768956 -0.002120386576 -0.01611162392
v -0.01562724493 -0.001965424744 -0.01617484954
v -0.01604151211 -0.003113508224 -0.01571552125
v -0.01596568755 -0.003199673491 -0.01564098751
v -0.01593077785 -0.003118170658 -0.01569162538
v -0.01591211788 -0.003040009178 -0.01572476742
v -0.01601759202 -0.001820368809 -0.01582900104
v -0.01597613699 -0.00159352785 -0.01641830844
v -0.01552111886 -0.001595948124 -0.01631423501
v -0.01552389792 -0.001345375669 -0.0163394515
v -0.01551609344 -0.001118878834 -0.0163598903
v -0.01549336917 -0.0005356225884 -0.01641509165
v -0.02461387447 -0.01032115705 0.004550884056
v -0.02233390368 -0.01146522816 0.001845972889
v -0.02252185947 -0.01072158199 0.004918621431
v -0.02260358117 -0.01000245195 0.008187396495
v -0.0247201123 -0.009520307183 0.008089333351
v -0.020568768 -0.01187382545 0.002156506453
v -0.01998920224 -0.01048787776 0.0009330638713
v -0.0198668488 -0.01041260269 0.002705611099
v -0.02058511085 -0.0111383507 0.005000340796
v -0.01962261877 -0.01026304346 0.004478506787
v -0.01926352314 -0.01004167926 0.006206098988
v -0.02061780027 -0.0103865331 0.00811384902
v -0.02127378292 -0.007549157366 0.0009331271721
v -0.02112720764 -0.007508532144 0.002774400447
v -0.02087301991 -0.007354631554 0.00454541207
v -0.02062682665 -0.009028239176 0.001859919677
v -0.02044283829 -0.0089046387 0.003637584203
v -0.02013032741 -0.008725051768 0.005392378705
v -0.01964952282 -0.008718697354 0.006950886032
v -0.02046527199 -0.007363646291 0.006114222153
v -0.01994575418 -0.007339574397 0.007663675162
v -0.01932445026 -0.007286733016 0.009159883062
v -0.022660783 -0.008662253618 0.0110720904
v -0.02281604937 -0.007501838729 0.01370345386
v -0.02069134495 -0.009070850909 0.01094133923
v -0.02087112746 -0.007738824934 0.01351549993
v -0.02211499817 -0.004526867997 0.0009319732925
v -0.0223146402 -0.003006448038 0.001858087067
v -0.02212797335 -0.003010633867 0.00342391296
v -0.02252314842 -0.00150787225 0.0009319163072
v -0.02240408815 -0.00150715129 0.002493905413
v -0.02217444635 -0.001504779328 0.004057573431
v -0.02170387513 -0.005998803303 0.001841336532
v -0.02148702226 -0.005938867107 0.003670421705
v -0.02114797241 -0.005967913661 0.005251811861
v -0.02196855328 -0.004486487713 0.002772802065
v -0.02171592645 -0.004480995238 0.004332845609
v -0.02070051662 -0.0059663672 0.006806279576
v -0.0213373699 -0.004498091992 0.005909154235
v -0.02084596313 -0.004482110031 0.007469324439
v -0.02014694221 -0.00593423564 0.008325857154
v -0.01949009157 -0.00587168429 0.009802754546
v -0.02025220401 -0.004437501077 0.008977260019
v -0.02183350778 -0.003000152996 0.004973058632
v -0.02141394324 -0.002995123155 0.006550315811
v -0.02088262371 -0.002974462695 0.00809338926
v -0.0218391665 -0.001503931242 0.005587778563
v -0.02137725285 -0.001492082491 0.007156890861
v -0.02082871876 -0.00149086141 0.008624155584
v -0.02026123039 -0.002976570511 0.00954237445
v -0.02017370842 -0.00148698804 0.01006204034
v -0.02285690836 -0.006006374024 0.01587718962
v -0.02279970653 -0.004257579334 0.01756878155
v -0.02270164198 -0.002214594977 0.01873736786
v -0.01956244416 -0.004428531975 0.01039870786
v -0.02096919201 -0.006177984644 0.01567289098
v -0.0208956436 -0.004380158614 0.01738899904
v -0.01930211715 -0.006390455179 0.01549310847
v -0.01926125816 -0.004543597344 0.01726641836
v -0.01954116902 -0.00296418299 0.01094489037
v -0.01942636303 -0.001485646935 0.01143868691
v -0.02075672007 -0.002271798672 0.01851672637
v -0.01891527928 -0.01224391349 0.001470326897
v -0.01915933422 -0.01184111927 0.001772610165
v -0.01889030493 -0.01224140916 0.001745339759
v -0.01889351986 -0.01224156283 0.001747909628
v -0.01889042786 -0.01224027202 0.001752008145
v -0.0188924805 -0.01223371737 0.00177673022
v -0.01891896731 -0.01215636451 0.002044884066
v -0.01897803924 -0.01173877437 0.003529053691
v -0.01897797591 -0.01173616759 0.003538504286
v -0.0189819657 -0.01173149981 0.003534291449
v -0.01897599033 -0.01172780804 0.003569595792
v -0.018891877 -0.01142312214 0.004707872911
v -0.01887727386 -0.01138888858 0.004858136221
v -0.018852754 -0.01132227946 0.005133619576
v -0.01880396388 -0.01124482229 0.005462516143
v -0.01879776872 -0.01123735774 0.005494841418
v -0.01858167953 -0.01090972405 0.006742580372
v -0.01871692619 -0.01000559609 0.007745900235
v -0.01849952198 -0.01081078034 0.00711581581
v -0.0184542597 -0.01077796984 0.007288542154
v -0.01832012317 -0.01069909148 0.00771039915
v -0.01882814474 -0.01064803451 0.00782783101
v -0.01825013242 -0.01047565695 0.008182934529
v -0.01806846491 -0.01005938463 0.009062373589
v -0.01803833476 -0.01000621077 0.009189451623
v -0.01906631745 -0.008666905575 0.008473168636
v -0.01814237467 -0.00965016894 0.009389508094
v -0.01792735092 -0.009847137146 0.009572634051
v -0.01844097159 -0.00826957915 0.01009845971
v -0.01893437884 -0.009307837114 0.01067166547
v -0.01864300898 -0.006863716524 0.0107592694
v -0.01913867748 -0.007959467359 0.01327851372
v -0.01763033725 -0.009499005042 0.01041904981
v -0.01755499697 -0.009374515153 0.01066837324
v -0.01750938452 -0.009258219972 0.01085847667
v -0.01748359061 -0.009196295403 0.01095949257
v -0.01746563099 -0.009161526337 0.01101572956
v -0.01743806384 -0.009114918299 0.01109062745
v -0.01708741716 -0.008523625322 0.01204223237
v -0.01702630377 -0.008418548852 0.01220958079
v -0.01770036153 -0.007820563391 0.01166062946
v -0.01760235286 -0.008041186258 0.01292712013
v -0.01679773486 -0.008086137474 0.01273383158
v -0.01675345606 -0.008004914038 0.01284602242
v -0.01656791798 -0.007700928021 0.01326276599
v -0.0168392793 -0.007278066128 0.0131872199
v -0.01647908098 -0.007572261617 0.01345191016
v -0.0162235894 -0.007254757918 0.01391528877
v -0.01586060829 -0.006768846884 0.01459186482
v -0.01586714245 -0.006687570829 0.01462684343
v -0.01582277796 -0.00672273105 0.01465547322
v -0.01876012094 -0.005359658971 0.01139149959
v -0.01877036921 -0.003897973336 0.01195463868
v -0.01790816195 -0.004812781699 0.01290617096
v -0.0178508409 -0.006333197933 0.0123155355
v -0.01693183041 -0.005765219685 0.01380252237
v -0.01785214848 -0.003330483101 0.01344034779
v -0.01693975038 -0.004234609194 0.01433691806
v -0.01779030866 -0.006496690214 0.0152234347
v -0.01776579253 -0.004649832379 0.01707846443
v -0.01868672154 -0.002405997133 0.0124680377
v -0.01850818328 -0.0009181802743 0.01292433361
v -0.01770920537 -0.00183196587 0.01390907312
v -0.0168254622 -0.002736983122 0.01482723984
v -0.01911416135 -0.002369861817 0.01843500654
v -0.01763504229 -0.002459753305 0.01840231898
v -0.01693074635 -0.0009182186914 0.01493120896
v -0.01628666974 -0.006602925714 0.01492107338
v -0.01572826735 -0.006621134467 0.01479361164
v -0.01571541137 -0.006592515856 0.01481887097
v -0.01590493179 -0.005171490833 0.01518957368
v -0.01537570587 -0.005874684546 0.0154490448
v -0.01528118408 -0.005678270012 0.01562307267
v -0.01627850018 -0.004690692294 0.0167761031
v -0.01586118943 -0.003628900507 0.01567443884
v -0.01482434056 -0.004873395432 0.01632308731
v -0.0148210027 -0.004503448959 0.01644661608
v -0.01475896544 -0.004766607191 0.01641506473
v -0.0147585184 -0.004731551744 0.01644922564
v -0.01473819322 -0.004731663968 0.01644462119
v -0.01472691304 -0.004686378408 0.01646924722
v -0.01470376781 -0.004593447782 0.01651978264
v -0.01460760689 -0.004294430837 0.01667754496
v -0.01601759202 -0.001820368809 0.01582900113
v -0.01618043563 -0.002476097085 0.01805092538
v -0.01497544951 -0.002738078823 0.01669350411
v -0.01426422826 -0.003314733738 0.01718811835
v -0.01467680044 -0.002492440864 0.01777307833
v -0.01396563134 -0.002609338611 0.01754427286
v -0.01391502327 -0.002496649744 0.01760052102
v -0.01401294625 -0.00183322106 0.01762699666
v -0.01391840956 -0.001906264457 0.01768854218
v -0.01391002393 -0.001742249238 0.01771089206
v -0.01508074484 -0.0009190085693 0.01679764646
v -0.01384811706 -0.001103712246 0.01779129128
v -0.01378317407 -0.0002348039416 0.01788583914
v -0.0232818485 0 -0.01785656852
v -0.02320013053 0.001332025859 -0.01770947357
v -0.02312658212 0.002623192035 -0.01708023479
v -0.02469559617 0.003734575352 -0.01631207248
v -0.02456484593 0.004960366059 -0.01507811011
v -0.02301217473 0.003898014314 -0.01613228997
v -0.02288142449 0.005172836594 -0.01494735894
v -0.02444226525 0.006177984644 -0.01356630163
v -0.02272615812 0.006504862104 -0.01347641037
v -0.02143499113 0 -0.01758689476
v -0.02139413214 0.001405573217 -0.01744797123
v -0.02133693031 0.002786630765 -0.01687593614
v -0.01956361762 0 -0.01727636014
v -0.01953093193 0.001470948802 -0.01714560991
v -0.01950641579 0.002917381702 -0.01654905868
v -0.02067338533 0 -0.009112923828
v -0.01942636303 0.001485646935 -0.01143868682
v -0.01999382905 0 -0.01052050614
v -0.02017370842 0.00148698804 -0.01006204025
v -0.02026123039 0.002976570511 -0.009542374362
v -0.01954116902 0.00296418299 -0.01094489028
v -0.02125520862 0.004143172409 -0.0159688503
v -0.02112445838 0.005434338469 -0.01469402896
v -0.01944921023 0.004347470589 -0.01564197284
v -0.01935931898 0.005704012234 -0.01439983906
v -0.02025220401 0.004437501077 -0.008977259931
v -0.01956244416 0.004428531975 -0.01039870777
v -0.01949009157 0.00587168429 -0.009802754459
v -0.02210773385 0 -0.004656434016
v -0.02237678177 0 -0.003116726599
v -0.02217444635 0.001504779328 -0.004057573577
v -0.02240408815 0.00150715129 -0.002493905326
v -0.02253872386 0 -0.00156210149
v -0.02259279273 0 -1.462257637e-11
v -0.02252314842 0.00150787225 -0.0009319162492
v -0.02212797335 0.003010633867 -0.003423912873
v -0.0223146402 0.003006448038 -0.00185808698
v -0.02239049084 0.003016667441 -1.462257637e-11
v -0.02211499817 0.004526867997 -0.0009319732927
v -0.02137725285 0.001492082491 -0.007156890773
v -0.02125399417 0 -0.007661724885
v -0.02082871876 0.00149086141 -0.008624155496
v -0.02173287279 0 -0.006173854185
v -0.0218391665 0.001503931242 -0.005587778476
v -0.02141394324 0.002995123155 -0.006550315724
v -0.02088262371 0.002974462695 -0.008093389173
v -0.02183350778 0.003000152996 -0.004973058545
v -0.02084596313 0.004482110031 -0.007469324817
v -0.0213373699 0.004498091992 -0.005909154148
v -0.02171592645 0.004480995238 -0.004332845521
v -0.02070051662 0.0059663672 -0.006806279489
v -0.02114797241 0.005967913661 -0.005251811774
v -0.02014694221 0.00593423564 -0.008325857532
v -0.02196855328 0.004486487713 -0.002772801978
v -0.02148702226 0.005938867107 -0.003670421851
v -0.02170387513 0.005998803303 -0.001841336445
v -0.02177631713 0.006018826272 -1.462257637e-11
v -0.02428699887 0.007493666839 -0.01177664702
v -0.02395194999 0.008694941178 -0.009651943532
v -0.02246465764 0.007730653044 -0.01168675577
v -0.02216229445 0.008882896043 -0.009692802516
v -0.02093650258 0.006815395784 -0.01328028315
v -0.02071586109 0.008057530038 -0.01149062948
v -0.01932445026 0.007286733016 -0.009159882975
v -0.02046253017 0.009087194689 -0.009521192362
v -0.02355152226 0.009969763458 -0.007470036348
v -0.02307754985 0.01086867694 -0.005328988147
v -0.02471193901 0.01096674055 -0.003612881483
v -0.02356786884 0.01164501067 -0.003081705378
v -0.02439323298 0.01107297558 0.0004812592996
v -0.02389070994 0.01332025789 -0.002986435269
v -0.0236495868 0.01301789656 -0.002967298453
v -0.02380242801 0.01332025789 -0.002807811092
v -0.02345346145 0.01249489281 -0.002901922868
v -0.02358421168 0.01332025789 -0.002504439748
v -0.02341260246 0.01314864773 -0.00247698203
v -0.02251368619 0.01131813321 -0.004086853893
v -0.02315109826 0.0115714632 -0.001218503763
v -0.02329002178 0.0120209204 -0.002910094758
v -0.02288959778 0.01214349922 -0.001978493951
v -0.02292391888 0.01332025789 -0.003141156121
v -0.02285453535 0.01332025789 -0.003158958818
v -0.02336914322 0.01332025789 -0.002489239865
v -0.02302852131 0.01264198776 -0.002329887313
v -0.02299137644 0.01332025789 -0.002480882176
v -0.02240745208 0.01199640427 -0.003522990228
v -0.02256271846 0.01264198776 -0.00326148812
v -0.02263819656 0.01332025789 -0.002451464025
v -0.02241907126 0.01332025789 -0.002419483106
v -0.02212960876 0.0128299417 -0.002248167948
v -0.02087301991 0.007354631554 -0.004545411983
v -0.02184358842 0.009977935813 -0.007715193977
v -0.01994575418 0.007339574397 -0.007663675075
v -0.02046527199 0.007363646291 -0.006114222531
v -0.01964952282 0.008718697354 -0.006950886411
v -0.02013032741 0.008725051768 -0.005392378618
v -0.02112720764 0.007508532144 -0.00277440036
v -0.02127378292 0.007549157366 -0.0009331272013
v -0.02069707818 0.009058988653 -1.462257637e-11
v -0.02044283829 0.0089046387 -0.003637584348
v -0.02062682665 0.009028239176 -0.00185991959
v -0.02154122896 0.01068889443 -0.005868336142
v -0.02132875702 0.01129361801 -0.004544482523
v -0.0202745781 0.01010051463 -0.007625302722
v -0.02016017071 0.01074609812 -0.005892851812
v -0.02012748129 0.01158780791 -0.004732436923
v -0.01926352314 0.01004167926 -0.006206099366
v -0.01962261877 0.01026304346 -0.0044785067
v -0.02132875702 0.01205360796 -0.003800835883
v -0.02200216658 0.01332025789 -0.003339965784
v -0.02150036625 0.01282177027 -0.003375895278
v -0.02165142677 0.01332025789 -0.003375895278
v -0.02171774439 0.01332025789 -0.002436449242
v -0.02071041471 0.01332025789 -0.003540295598
v -0.02106533057 0.01332025789 -0.002296718725
v -0.0210018777 0.01315681916 -0.002190964253
v -0.02189262069 0.01224156283 -0.001569897126
v -0.02190896354 0.01171855815 -0.0002950747876
v -0.02070769153 0.01242951676 -0.001471833748
v -0.0198668488 0.01041260269 -0.002705611012
v -0.01998920224 0.01048787776 -0.0009330638714
v -0.02019285641 0.01223339047 -0.003858039578
v -0.0203775414 0.01332025789 -0.003588811451
v -0.02035629607 0.01321402285 -0.003596537703
v -0.02013163499 0.01332025789 -0.00358957141
v -0.02051156244 0.01332025789 -0.002281022447
v -0.01953833408 0.01332025789 -0.003641867035
v -0.01925978667 0.01332025789 -0.003611823035
v -0.0197359719 0.01332025789 -0.002234944099
v -0.01955544806 0.01265833154 -0.001741507746
v -0.02055242143 0.0120781241 -9.056952038e-06
v -0.01770858697 0 -0.01690045228
v -0.01769224412 0.001536324271 -0.01680238773
v -0.01776771105 0 -0.01395502542
v -0.01693074635 0.0009182186914 -0.01493120888
v -0.01770041741 0.003056304762 -0.01619766509
v -0.01770920537 0.00183196587 -0.01390907304
v -0.0168254622 0.002736983122 -0.01482723975
v -0.01921857751 0 -0.01187773464
v -0.01850818328 0.0009181802743 -0.01292433353
v -0.01868672154 0.002405997133 -0.01246803762
v -0.01771676025 0.004453706089 -0.01516800043
v -0.01693975038 0.004234609194 -0.01433691797
v -0.01650406278 0.004629062023 -0.0146959093
v -0.01770041741 0.005834763404 -0.01388500673
v -0.01695882759 0.005738884211 -0.01377773793
v -0.01697480536 0.005791779608 -0.01373298695
v -0.01693233333 0.005667822901 -0.01383652767
v -0.01680849723 0.005361968651 -0.01408697055
v -0.01877036921 0.003897973336 -0.0119546386
v -0.01790816195 0.004812781699 -0.01290617087
v -0.01876012094 0.005359658971 -0.0113914995
v -0.01785214848 0.003330483101 -0.0134403477
v -0.0172325284 0.006283272058 -0.01315410384
v -0.0178508409 0.006333197933 -0.01231553541
v -0.01700267798 0.005892269313 -0.01364731551
v -0.01596796743 0 -0.01658174624
v -0.01597613699 0.00159352785 -0.01641830844
v -0.01549336917 0.0005356225884 -0.01641509165
v -0.01544550664 0 -0.01645946731
v -0.01551609344 0.001118878834 -0.0163598903
v -0.01552389792 0.001345375669 -0.0163394515
v -0.01552111886 0.001595948124 -0.01631423501
v -0.01606984294 0 -0.01588063357
v -0.01562724493 0.001965424744 -0.01617484954
v -0.0156768956 0.002120386576 -0.01611162392
v -0.01601759202 0.001820368809 -0.01582900104
v -0.01604151211 0.003113508224 -0.01571552125
v -0.01591211788 0.003040009178 -0.01572476742
v -0.01593077785 0.003118170658 -0.01569162538
v -0.01596568755 0.003199673491 -0.01564098751
v -0.01621792323 0.003829239169 -0.01523205308
v -0.01607363156 0.003432400525 -0.01548779053
v -0.01605570174 0.003390983911 -0.01551372041
v -0.01637882969 0.004302954301 -0.01492376575
v -0.01645605869 0.004530891776 -0.01477563982
v -0.01922856874 0.006978834514 -0.01283082688
v -0.01864300898 0.006863716524 -0.01075926931
v -0.01905695952 0.008163766004 -0.01103300085
v -0.01844097159 0.00826957915 -0.01009845962
v -0.01805004335 0.00803256873 -0.01092304238
v -0.01812767095 0.008211286739 -0.01065811836
v -0.01891803599 0.009258804843 -0.009104423647
v -0.01824722669 0.008457117714 -0.01027270542
v -0.01834635667 0.008707032539 -0.009873821822
v -0.0183929377 0.008845992386 -0.00964933676
v -0.01853516556 0.009232159704 -0.008999949743
v -0.01854637495 0.009272320196 -0.008930981581
v -0.0174279832 0.006728174631 -0.01267991909
v -0.01765955842 0.007101413794 -0.01230782313
v -0.01756534583 0.007105435245 -0.01226703679
v -0.01765397421 0.007256612647 -0.01205436928
v -0.01774253181 0.007403749973 -0.01184415766
v -0.01787344969 0.007644869387 -0.01149512404
v -0.01906631745 0.008666905575 -0.008473168549
v -0.01875907413 0.009844111279 -0.007833629337
v -0.01878098256 0.009917201474 -0.007691291583
v -0.01880227259 0.01001122966 -0.007505476897
v -0.01886083043 0.0101740621 -0.007192190227
v -0.01882700852 0.01015137043 -0.007225799796
v -0.01883123673 0.01017753128 -0.007174638988
v -0.01883471615 0.01020100527 -0.007129599762
v -0.01887249059 0.01035479177 -0.006793807683
v -0.01890653974 0.01049614884 -0.006486976941
v -0.01895356036 0.01085317321 -0.005704568655
v -0.01895672686 0.01090542786 -0.005589345892
v -0.01896102584 0.0109263612 -0.005532325668
v -0.01892695434 0.01109718252 -0.005314971742
v -0.01889232404 0.01126783434 -0.005099947055
v -0.01879113398 0.01161355805 -0.004662115083
v -0.01899975396 0.01179210562 -0.004454590802
v -0.01868969805 0.01191073656 -0.004284733863
v -0.0189819657 0.01173149981 -0.003534291362
v -0.01915933422 0.01184111927 -0.001772610194
v -0.01917953647 0.01257661171 -0.003702772738
v -0.01886027536 0.01332025789 -0.003508101174
v -0.01921377934 0.01332025789 -0.002317564518
v -0.01859468824 0.01332025789 -0.002340673891
v -0.01853715486 0.01225198898 -0.004004009956
v -0.0182636664 0.01278182585 -0.003557846838
v -0.01823964945 0.01283559669 -0.003493300596
v -0.0183214829 0.01296069287 -0.003449442753
v -0.01837891198 0.01332025789 -0.00340200025
v -0.01822600371 0.01332025789 -0.003329587824
v -0.01810099415 0.01312146708 -0.003141674402
v -0.01801653064 0.01326834504 -0.00302772662
v -0.01801522679 0.01327061653 -0.003025964557
v -0.01798360652 0.01332025789 -0.002983058992
v -0.01834917671 0.01290365309 -0.002690309382
v -0.01842558614 0.01288928371 -0.00200313628
v -0.01852578155 0.0130424127 -0.002207308266
v -0.01832735769 0.01298356988 -0.002323625333
v -0.01838738701 0.01292733196 -0.002130711408
v -0.01821580014 0.01310852543 -0.002532015511
v -0.01815056286 0.01317091286 -0.002644209613
v -0.0180584029 0.01326098666 -0.002792981177
v -0.01800571985 0.01332025789 -0.002883535999
v -0.01799855611 0.01332025789 -0.002885660113
v -0.01800170771 0.01331639849 -0.002884500849
v -0.01892408959 0.01229362097 -0.0005987990445
v -0.01921857751 0.01187773421 -1.462257637e-11
v -0.01918770976 0.01226607803 -0.0003686222045
v -0.01895980022 0.01225836203 -0.0003177340987
v -0.01896267242 0.01225413755 -0.0002841184178
v -0.01896441213 0.01225158013 0.0003120726032
v -0.01871928058 0.0125674 -0.001227561457
v -0.02253872386 0 0.001562101577
v -0.02252314842 0.00150787225 0.0009319163072
v -0.02240408815 0.00150715129 0.002493905413
v -0.02237678177 0 0.003116726453
v -0.02210773385 0 0.004656434103
v -0.02217444635 0.001504779328 0.004057573431
v -0.0223146402 0.003006448038 0.001858087067
v -0.02212797335 0.003010633867 0.00342391296
v -0.02211499817 0.004526867997 0.0009319732925
v -0.02183350778 0.003000152996 0.004973058632
v -0.02173287279 0 0.006173854272
v -0.0218391665 0.001503931242 0.005587778563
v -0.02137725285 0.001492082491 0.007156890861
v -0.02125399417 0 0.007661724972
v -0.02067338533 0 0.009112923915
v -0.02082871876 0.00149086141 0.008624155584
v -0.02141394324 0.002995123155 0.006550315811
v -0.02088262371 0.002974462695 0.00809338926
v -0.02017370842 0.00148698804 0.01006204034
v -0.02026123039 0.002976570511 0.00954237445
v -0.02196855328 0.004486487713 0.002772802065
v -0.02171592645 0.004480995238 0.004332845609
v -0.02170387513 0.005998803303 0.001841336532
v -0.02148702226 0.005938867107 0.003670421705
v -0.02114797241 0.005967913661 0.005251811861
v -0.0213373699 0.004498091992 0.005909154235
v -0.02084596313 0.004482110031 0.007469324439
v -0.02070051662 0.0059663672 0.006806279576
v -0.02025220401 0.004437501077 0.008977260019
v -0.02014694221 0.00593423564 0.008325857154
v -0.01949009157 0.00587168429 0.009802754546
v -0.02275067425 0 0.01899069878
v -0.02270164198 0.002214594977 0.01873736786
v -0.02279970653 0.004257579334 0.01756878155
v -0.02285690836 0.006006374024 0.01587718962
v -0.01999382905 0 0.01052050623
v -0.01942636303 0.001485646935 0.01143868691
v -0.01954116902 0.00296418299 0.01094489037
v -0.02071586109 0 0.01885177525
v -0.02075672007 0.002271798672 0.01851672637
v -0.01956244416 0.004428531975 0.01039870786
v -0.0208956436 0.004380158614 0.01738899904
v -0.02096919201 0.006177984644 0.01567289098
v -0.01926125816 0.004543597344 0.01726641836
v -0.01930211715 0.006390455179 0.01549310847
v -0.0247201123 0.009520307183 0.008089333351
v -0.02461387447 0.01032115705 0.004550884056
v -0.02233390368 0.01146522816 0.001845972889
v -0.02252185947 0.01072158199 0.004918621431
v -0.02260358117 0.01000245195 0.008187396495
v -0.02127378292 0.007549157366 0.0009331271721
v -0.02112720764 0.007508532144 0.002774400447
v -0.02087301991 0.007354631554 0.00454541207
v -0.02062682665 0.009028239176 0.001859919677
v -0.02044283829 0.0089046387 0.003637584203
v -0.02013032741 0.008725051768 0.005392378705
v -0.02046527199 0.007363646291 0.006114222153
v -0.01994575418 0.007339574397 0.007663675162
v -0.01932445026 0.007286733016 0.009159883062
v -0.01964952282 0.008718697354 0.006950886032
v -0.01998920224 0.01048787776 0.0009330638713
v -0.0198668488 0.01041260269 0.002705611099
v -0.02058511085 0.0111383507 0.005000340796
v -0.01962261877 0.01026304346 0.004478506787
v -0.020568768 0.01187382545 0.002156506453
v -0.01926352314 0.01004167926 0.006206098988
v -0.02061780027 0.0103865331 0.00811384902
v -0.02281604937 0.007501838729 0.01370345386
v -0.022660783 0.008662253618 0.0110720904
v -0.02087112746 0.007738824934 0.01351549993
v -0.02069134495 0.009070850909 0.01094133923
v -0.01921857751 0 0.01187773472
v -0.01850818328 0.0009181802743 0.01292433361
v -0.01868672154 0.002405997133 0.0124680377
v -0.01776771105 0 0.01395502551
v -0.01770920537 0.00183196587 0.01390907312
v -0.0168254622 0.002736983122 0.01482723984
v -0.0190978185 0 0.01873736786
v -0.01911416135 0.002369861817 0.01843500654
v -0.01693074635 0.0009182186914 0.01493120896
v -0.01764321185 0 0.01859844434
v -0.01763504229 0.002459753305 0.01840231898
v -0.01877036921 0.003897973336 0.01195463868
v -0.01790816195 0.004812781699 0.01290617096
v -0.01876012094 0.005359658971 0.01139149959
v -0.01785214848 0.003330483101 0.01344034779
v -0.01693975038 0.004234609194 0.01433691806
v -0.0178508409 0.006333197933 0.0123155355
v -0.01693183041 0.005765219685 0.01380252237
v -0.01776579253 0.004649832379 0.01707846443
v -0.01779030866 0.006496690214 0.0152234347
v -0.01606984294 0 0.01588063365
v -0.0161559195 0 0.01850038166
v -0.01601759202 0.001820368809 0.01582900113
v -0.01618043563 0.002476097085 0.01805092538
v -0.01508074484 0.0009190085693 0.01679764646
v -0.01466045759 0 0.01807544152
v -0.01405930377 0 0.01768531236
v -0.01378317407 0.0002348039416 0.01788583914
v -0.01375154636 0 0.01790880742
v -0.01384811706 0.001103712246 0.01779129128
v -0.01497544951 0.002738078823 0.01669350411
v -0.01426422826 0.003314733738 0.01718811835
v -0.01467680044 0.002492440864 0.01777307833
v -0.01401294625 0.00183322106 0.01762699666
v -0.01391002393 0.001742249238 0.01771089206
v -0.01391840956 0.001906264457 0.01768854218
v -0.01391502327 0.002496649744 0.01760052102
v -0.01396563134 0.002609338611 0.01754427286
v -0.01628666974 0.006602925714 0.01492107338
v -0.01571541137 0.006592515856 0.01481887097
v -0.01572826735 0.006621134467 0.01479361164
v -0.01586118943 0.003628900507 0.01567443884
v -0.01627850018 0.004690692294 0.0167761031
v -0.01590493179 0.005171490833 0.01518957368
v -0.01528118408 0.005678270012 0.01562307267
v -0.01537570587 0.005874684546 0.0154490448
v -0.0148210027 0.004503448959 0.01644661608
v -0.01482434056 0.004873395432 0.01632308731
v -0.01460760689 0.004294430837 0.01667754496
v -0.01475896544 0.004766607191 0.01641506473
v -0.01470376781 0.004593447782 0.01651978264
v -0.0147585184 0.004731551744 0.01644922564
v -0.01472691304 0.004686378408 0.01646924722
v -0.01473819322 0.004731663968 0.01644462119
v -0.01844097159 0.00826957915 0.01009845971
v -0.01906631745 0.008666905575 0.008473168636
v -0.01814237467 0.00965016894 0.009389508094
v -0.01792735092 0.009847137146 0.009572634051
v -0.018891877 0.01142312214 0.004707872911
v -0.01887727386 0.01138888858 0.004858136221
v -0.018852754 0.01132227946 0.005133619576
v -0.01915933422 0.01184111927 0.001772610165
v -0.01891527928 0.01224391349 0.001470326897
v -0.01889030493 0.01224140916 0.001745339759
v -0.01889351986 0.01224156283 0.001747909628
v -0.01889042786 0.01224027202 0.001752008145
v -0.0188924805 0.01223371737 0.00177673022
v -0.01891896731 0.01215636451 0.002044884066
v -0.0189819657 0.01173149981 0.003534291449
v -0.01897803924 0.01173877437 0.003529053691
v -0.01897797591 0.01173616759 0.003538504286
v -0.01897599033 0.01172780804 0.003569595792
v -0.01871692619 0.01000559609 0.007745900235
v -0.01879776872 0.01123735774 0.005494841418
v -0.01880396388 0.01124482229 0.005462516143
v -0.01858167953 0.01090972405 0.006742580372
v -0.01849952198 0.01081078034 0.00711581581
v -0.0184542597 0.01077796984 0.007288542154
v -0.01832012317 0.01069909148 0.00771039915
v -0.01882814474 0.01064803451 0.00782783101
v -0.01825013242 0.01047565695 0.008182934529
v -0.01806846491 0.01005938463 0.009062373589
v -0.01803833476 0.01000621077 0.009189451623
v -0.01864300898 0.006863716524 0.0107592694
v -0.01913867748 0.007959467359 0.01327851372
v -0.01893437884 0.009307837114 0.01067166547
v -0.01770036153 0.007820563391 0.01166062946
v -0.01760235286 0.008041186258 0.01292712013
v -0.0168392793 0.007278066128 0.0131872199
v -0.01656791798 0.007700928021 0.01326276599
v -0.01679773486 0.008086137474 0.01273383158
v -0.01675345606 0.008004914038 0.01284602242
v -0.01743806384 0.009114918299 0.01109062745
v -0.01763033725 0.009499005042 0.01041904981
v -0.01755499697 0.009374515153 0.01066837324
v -0.01750938452 0.009258219972 0.01085847667
v -0.01748359061 0.009196295403 0.01095949257
v -0.01746563099 0.009161526337 0.01101572956
v -0.01702630377 0.008418548852 0.01220958079
v -0.01708741716 0.008523625322 0.01204223237
v -0.0162235894 0.007254757918 0.01391528877
v -0.01586714245 0.006687570829 0.01462684343
v -0.01586060829 0.006768846884 0.01459186482
v -0.01582277796 0.00672273105 0.01465547322
v -0.01647908098 0.007572261617 0.01345191016
vt 0.5170000016 0.4336969662
vt 0.5136450293 0.4358342012
vt 0.5083477275 0.4341164715
vt 0.5170000015 0.433696966
vt 0.5083477274 0.4341164714
vt 0.5075498656 0.4338486049
vt 0.5170000016 0.4336969662
vt 0.5167754238 0.4367457916
vt 0.5136450293 0.4358342012
vt 0.4980000001 0.4201212079
vt 0.5021076291 0.4317666977
vt 0.4973407814 0.4297098211
vt 0.498 0.4201212079
vt 0.4973407815 0.4297098211
vt 0.493352919 0.4281365866
vt 0.498 0.4201212079
vt 0.493352919 0.4281365866
vt 0.4896750343 0.4265248789
vt 0.4980000001 0.4201212079
vt 0.5075498656 0.4338486049
vt 0.5021076291 0.4317666977
vt 0.4980000001 0.4201212079
vt 0.5170000015 0.433696966
vt 0.5075498656 0.4338486049
vt 0.498 0.4201212084
vt 0.5170000009 0.4201212072
vt 0.5170000013 0.4336969664
vt 0.5380000006 0.4327272758
vt 0.5584762794 0.4456766986
vt 0.5497798286 0.4447297616
vt 0.5584762794 0.4456766986
vt 0.5582453023 0.4456629553
vt 0.5497798286 0.4447297616
vt 0.5619999987 0.4327272762
vt 0.5611017916 0.4457921192
vt 0.5584762795 0.4456766985
vt 0.5619999989 0.4327272762
vt 0.5645609403 0.446317008
vt 0.5611017913 0.4457921192
vt 0.5619999989 0.4327272762
vt 0.572431269 0.447164243
vt 0.5645609403 0.446317008
vt 0.5860000004 0.4472727231
vt 0.5741620633 0.447272727
vt 0.572431269 0.447164243
vt 0.5860000003 0.4472727229
vt 0.5794506427 0.4476101328
vt 0.5741620633 0.4472727269
vt 0.5619999989 0.4327272762
vt 0.5860000004 0.4472727231
vt 0.572431269 0.447164243
vt 0.5610000006 0.4181818201
vt 0.5859999999 0.4336969664
vt 0.5619999993 0.432727276
vt 0.5380000007 0.4327272758
vt 0.5318848046 0.4413797549
vt 0.5268405964 0.44005857
vt 0.5380000007 0.4327272758
vt 0.5268405964 0.44005857
vt 0.5170000013 0.4336969662
vt 0.5380000007 0.4327272758
vt 0.5357166434 0.4422820523
vt 0.534617478 0.4420521954
vt 0.5380000007 0.4327272758
vt 0.5380000003 0.4426604891
vt 0.5357166434 0.4422820523
vt 0.5380000006 0.4327272758
vt 0.5453142618 0.4440650753
vt 0.5380000001 0.4426604891
vt 0.5380000007 0.4327272758
vt 0.534617478 0.4420521954
vt 0.5318848046 0.4413797549
vt 0.5380000006 0.4327272758
vt 0.5497798286 0.4447297616
vt 0.5453142618 0.4440650753
vt 0.5170000016 0.4336969663
vt 0.5241455072 0.4392944281
vt 0.5214383463 0.4384369283
vt 0.5170000016 0.4336969663
vt 0.5214383463 0.4384369283
vt 0.5167754238 0.4367457917
vt 0.5170000016 0.4336969663
vt 0.5268405963 0.4400585698
vt 0.5241455072 0.4392944281
vt 0.5380000007 0.4327272755
vt 0.5170000008 0.4201212075
vt 0.5379999977 0.4191515127
vt 0.5380000006 0.4327272755
vt 0.5379999979 0.4191515127
vt 0.5619999989 0.432727276
vt 0.5380000007 0.4327272757
vt 0.5170000013 0.4336969664
vt 0.5170000009 0.4201212071
vt 0.5380000005 0.4327272756
vt 0.5619999987 0.4327272762
vt 0.5584762795 0.4456766985
vt 0.5619999993 0.432727276
vt 0.586 0.4336969665
vt 0.586 0.4472727234
vt 0.4819999998 0.4201212078
vt 0.4818394464 0.4224565225
vt 0.4782558741 0.4213119943
vt 0.498 0.4201212079
vt 0.4896750343 0.4265248789
vt 0.4874750589 0.4254303565
vt 0.498 0.4201212079
vt 0.4874750589 0.4254303565
vt 0.482 0.4201212076
vt 0.4819999998 0.4201212077
vt 0.4874750587 0.4254303566
vt 0.4818394463 0.4224565223
vt 0.4980000002 0.4201212085
vt 0.4989999965 0.4075151527
vt 0.5170000012 0.4201212073
vt 0.4989999967 0.4075151528
vt 0.516999998 0.4065454555
vt 0.5170000008 0.4201212072
vt 0.4989999967 0.4075151528
vt 0.4839999978 0.3949090965
vt 0.4989999993 0.3949090949
vt 0.4989999967 0.4075151529
vt 0.4989999993 0.3949090949
vt 0.516999998 0.4065454555
vt 0.4989999994 0.3949090948
vt 0.5160000021 0.3939393907
vt 0.5169999982 0.4065454552
vt 0.5000000004 0.38327273
vt 0.4989999991 0.3949090948
vt 0.4839999974 0.3949090964
vt 0.4989999991 0.3949090947
vt 0.5159999971 0.3823030364
vt 0.5160000024 0.3939393908
vt 0.5000000003 0.38327273
vt 0.5159999971 0.3823030365
vt 0.4989999991 0.3949090948
vt 0.5610000011 0.4181818202
vt 0.5369999998 0.4046060636
vt 0.5600000002 0.4036363573
vt 0.5610000005 0.4181818202
vt 0.586 0.4181818139
vt 0.586 0.4336969661
vt 0.5610000005 0.4181818202
vt 0.560000001 0.4036363572
vt 0.5860000001 0.4181818139
vt 0.5600000012 0.4036363575
vt 0.5860000004 0.4036363601
vt 0.5860000002 0.418181814
vt 0.5379999977 0.4191515125
vt 0.5170000009 0.4201212072
vt 0.516999998 0.4065454554
vt 0.5379999976 0.4191515126
vt 0.5169999981 0.4065454553
vt 0.5369999997 0.4046060637
vt 0.5610000012 0.4181818202
vt 0.5379999979 0.4191515127
vt 0.5369999998 0.4046060637
vt 0.5610000012 0.4181818201
vt 0.5619999991 0.432727276
vt 0.5379999978 0.4191515128
vt 0.5600000002 0.4036363578
vt 0.5369999998 0.4046060634
vt 0.5350000004 0.3920000067
vt 0.5580000003 0.3890909076
vt 0.5600000003 0.4036363579
vt 0.5350000002 0.3920000066
vt 0.5579999998 0.3890909077
vt 0.5860000004 0.4036363601
vt 0.5600000012 0.4036363577
vt 0.5579999997 0.3890909076
vt 0.5850000002 0.3881212079
vt 0.5860000002 0.40363636
vt 0.5169999982 0.4065454553
vt 0.5160000021 0.3939393906
vt 0.5369999998 0.4046060635
vt 0.5160000021 0.3939393909
vt 0.5350000004 0.3920000067
vt 0.5369999998 0.4046060634
vt 0.5160000023 0.3939393908
vt 0.5159999971 0.3823030364
vt 0.5349999998 0.3920000068
vt 0.4819999998 0.4201212078
vt 0.47824964 0.4213095238
vt 0.4764411166 0.4205358647
vt 0.4819999998 0.4201212078
vt 0.4782536556 0.4213111989
vt 0.47824964 0.4213095238
vt 0.4819999998 0.4201212078
vt 0.4782558741 0.4213119943
vt 0.4782536556 0.4213111989
vt 0.4819999998 0.4201212077
vt 0.4764411165 0.4205358647
vt 0.4692856353 0.4172132651
vt 0.4819999998 0.4201212077
vt 0.4692856353 0.4172132651
vt 0.4699999988 0.4075151489
vt 0.4589999968 0.4075151471
vt 0.4640132312 0.414321002
vt 0.4619902864 0.413073359
vt 0.4699999989 0.4075151488
vt 0.4692856349 0.4172132656
vt 0.4674760365 0.4163038965
vt 0.4699999989 0.4075151488
vt 0.4674760365 0.4163038965
vt 0.4640132316 0.4143210019
vt 0.4819999999 0.420121208
vt 0.4699999989 0.407515149
vt 0.4829999977 0.4075151556
vt 0.4829999977 0.4075151559
vt 0.4699999989 0.4075151487
vt 0.470999997 0.3949090872
vt 0.4589999968 0.4075151471
vt 0.4619902864 0.413073359
vt 0.458748507 0.4109292889
vt 0.4589999971 0.4075151475
vt 0.4587485075 0.4109292894
vt 0.4571536931 0.4102148208
vt 0.4589999971 0.4075151475
vt 0.4571536931 0.4102148208
vt 0.4530539868 0.4080917318
vt 0.458999997 0.407515147
vt 0.4699999989 0.4075151488
vt 0.4640132316 0.4143210019
vt 0.4589999971 0.407515147
vt 0.4709999972 0.3949090872
vt 0.469999999 0.4075151487
vt 0.4979999999 0.4201212084
vt 0.4819999999 0.420121208
vt 0.4829999976 0.4075151556
vt 0.498 0.4201212084
vt 0.4829999974 0.4075151556
vt 0.4989999965 0.4075151528
vt 0.4589999971 0.4075151474
vt 0.4530539868 0.4080917316
vt 0.4491975716 0.4059942181
vt 0.4589999971 0.4075151474
vt 0.4491975716 0.4059942181
vt 0.4499999964 0.3958787814
vt 0.4499999977 0.3958787815
vt 0.449197572 0.4059942181
vt 0.4490387918 0.4059517428
vt 0.4499999977 0.3958787815
vt 0.4490387918 0.4059517428
vt 0.4466385248 0.4052647106
vt 0.4395477503 0.4025495325
vt 0.4464613309 0.4052025352
vt 0.4436618474 0.4041748741
vt 0.4829999977 0.407515156
vt 0.470999997 0.3949090872
vt 0.4839999975 0.3949090967
vt 0.4589999969 0.4075151476
vt 0.4599999959 0.3958787946
vt 0.4709999971 0.3949090877
vt 0.4839999976 0.3949090961
vt 0.470999997 0.3949090875
vt 0.4849999981 0.3842424241
vt 0.484999998 0.384242424
vt 0.4709999968 0.3949090874
vt 0.4719999986 0.3842424341
vt 0.4599999965 0.3958787952
vt 0.4499999966 0.3958787809
vt 0.4609999991 0.3842424299
vt 0.4599999961 0.3958787946
vt 0.4719999986 0.3842424341
vt 0.470999997 0.3949090877
vt 0.4599999963 0.3958787952
vt 0.4609999991 0.3842424299
vt 0.4719999985 0.3842424351
vt 0.4989999965 0.4075151529
vt 0.4829999975 0.407515156
vt 0.4839999974 0.3949090967
vt 0.5000000005 0.3832727298
vt 0.4839999975 0.3949090962
vt 0.484999998 0.3842424242
vt 0.4589999972 0.4075151473
vt 0.4499999966 0.3958787814
vt 0.4599999964 0.3958787944
vt 0.4499999977 0.3958787815
vt 0.4466385248 0.4052647106
vt 0.4464613308 0.4052025353
vt 0.4499999977 0.3958787815
vt 0.4464613308 0.4052025353
vt 0.439999998 0.3968484777
vt 0.439999998 0.3968484778
vt 0.4464613309 0.4052025352
vt 0.4395477503 0.4025495325
vt 0.4399999999 0.3968484779
vt 0.4395477526 0.4025495326
vt 0.4364217768 0.4018604027
vt 0.44 0.3968484782
vt 0.4364217769 0.401860403
vt 0.4351063541 0.4016680423
vt 0.4320000006 0.396848481
vt 0.4351063541 0.4016680423
vt 0.4316734856 0.4009645458
vt 0.44 0.3968484782
vt 0.4351063541 0.4016680423
vt 0.4320000006 0.396848481
vt 0.4400000007 0.396848478
vt 0.432000001 0.3968484809
vt 0.4419999988 0.3852121297
vt 0.4499999976 0.3958787814
vt 0.4399999979 0.3968484776
vt 0.4509999997 0.3842424137
vt 0.4510000007 0.384242414
vt 0.4399999988 0.396848478
vt 0.4419999998 0.3852121298
vt 0.460999999 0.3842424298
vt 0.4499999967 0.3958787811
vt 0.4509999995 0.3842424136
vt 0.4419999996 0.3852121304
vt 0.4320000008 0.3968484807
vt 0.4330000009 0.3842424167
vt 0.5860000003 0.4472727229
vt 0.585965717 0.4477381428
vt 0.5794506427 0.4476101328
vt 0.5860000004 0.4472727229
vt 0.5868762416 0.4477899247
vt 0.5859657172 0.4477381428
vt 0.5860000004 0.4472727228
vt 0.5870450437 0.4478025692
vt 0.5868762415 0.4477899247
vt 0.5860000004 0.4472727228
vt 0.5940300315 0.4480218899
vt 0.5870450437 0.4478025692
vt 0.5860000004 0.4472727228
vt 0.607916787 0.4475613167
vt 0.5940300315 0.4480218899
vt 0.5940300315 0.4480218899
vt 0.607916787 0.4475613167
vt 0.6018262622 0.4479083096
vt 0.5860000004 0.4472727228
vt 0.6099999998 0.4472727324
vt 0.607916787 0.4475613167
vt 0.6099999998 0.4472727324
vt 0.6099945853 0.4473462418
vt 0.607916787 0.4475613167
vt 0.6099999997 0.4472727324
vt 0.6101099038 0.4473376051
vt 0.6099945852 0.4473462418
vt 0.6099999999 0.4472727324
vt 0.6112949706 0.447272738
vt 0.6101099042 0.4473376049
vt 0.6299568064 0.4453948323
vt 0.6293444217 0.4455016957
vt 0.621385594 0.4465284919
vt 0.5860000002 0.4336969661
vt 0.5860000005 0.4181818139
vt 0.6110000006 0.4336969686
vt 0.5860000001 0.4336969665
vt 0.6100000001 0.4472727315
vt 0.5860000002 0.4472727234
vt 0.6099999996 0.4472727317
vt 0.6110000005 0.4336969687
vt 0.6112949698 0.4472727368
vt 0.6110000005 0.4336969687
vt 0.6157990146 0.4470333689
vt 0.6112949698 0.4472727368
vt 0.5860000004 0.4336969663
vt 0.6110000006 0.4336969687
vt 0.6099999997 0.4472727317
vt 0.6110000005 0.4336969687
vt 0.621385594 0.4465284919
vt 0.6157990146 0.4470333689
vt 0.6110000005 0.4336969687
vt 0.6299568064 0.4453948323
vt 0.621385594 0.4465284919
vt 0.6110000004 0.4336969688
vt 0.634 0.4336969749
vt 0.6299568064 0.4453948322
vt 0.634 0.4336969749
vt 0.6326209187 0.4449359962
vt 0.6299568064 0.4453948322
vt 0.634 0.4336969749
vt 0.6331805492 0.4448216427
vt 0.6326209187 0.4449359962
vt 0.6340000001 0.4336969749
vt 0.6432351056 0.4430329503
vt 0.6331805491 0.4448216427
vt 0.6340000001 0.4336969749
vt 0.6436709593 0.4429360681
vt 0.6432351056 0.4430329503
vt 0.6340000001 0.4336969749
vt 0.6455042456 0.4424689192
vt 0.6436709593 0.4429360681
vt 0.6340000001 0.4336969749
vt 0.6469698705 0.4420815385
vt 0.6455042456 0.4424689192
vt 0.6110000003 0.4336969688
vt 0.6109999996 0.4191515194
vt 0.6340000003 0.433696975
vt 0.6340000003 0.4336969747
vt 0.656 0.4336969693
vt 0.6469698706 0.4420815384
vt 0.6340000003 0.4336969747
vt 0.6349999998 0.4201212146
vt 0.656 0.4336969691
vt 0.656 0.4336969693
vt 0.654374854 0.440336636
vt 0.6469698706 0.4420815384
vt 0.656 0.4336969693
vt 0.6555336963 0.4400274471
vt 0.654374854 0.440336636
vt 0.6559999999 0.4336969693
vt 0.6573126332 0.4395945499
vt 0.6555336964 0.4400274471
vt 0.6559999999 0.4336969693
vt 0.6625080991 0.4381145869
vt 0.6573126332 0.4395945499
vt 0.656 0.4336969692
vt 0.6666016633 0.4367919587
vt 0.662508099 0.4381145868
vt 0.656 0.4336969692
vt 0.6711920765 0.4350943872
vt 0.6666016633 0.4367919587
vt 0.656 0.4336969692
vt 0.6560000005 0.420121214
vt 0.675445845 0.4333208169
vt 0.656 0.4336969692
vt 0.6745404245 0.4336969616
vt 0.6711920765 0.4350943872
vt 0.656 0.4336969692
vt 0.675445845 0.4333208169
vt 0.6745404243 0.4336969617
vt 0.5860000008 0.418181814
vt 0.5860000002 0.4036363601
vt 0.6109999993 0.4191515192
vt 0.6109999996 0.4191515194
vt 0.5859999999 0.40363636
vt 0.6109999985 0.4046060633
vt 0.5860000005 0.4181818137
vt 0.6109999996 0.4191515194
vt 0.6110000004 0.4336969688
vt 0.6109999994 0.4191515192
vt 0.635 0.4201212146
vt 0.6340000001 0.4336969747
vt 0.6109999996 0.4191515194
vt 0.6109999983 0.4046060633
vt 0.6350000001 0.4201212146
vt 0.6350000002 0.4201212146
vt 0.6109999984 0.4046060634
vt 0.6350000017 0.4055757587
vt 0.6349999999 0.4201212146
vt 0.6350000018 0.4055757586
vt 0.6560000005 0.4201212138
vt 0.6350000018 0.4055757586
vt 0.657 0.4065454468
vt 0.6560000003 0.4201212139
vt 0.5850000001 0.3881212079
vt 0.6119999997 0.3910302939
vt 0.586 0.40363636
vt 0.5860000001 0.4036363601
vt 0.612 0.3910302943
vt 0.6109999983 0.4046060631
vt 0.6109999982 0.4046060631
vt 0.6120000001 0.3910302943
vt 0.6350000017 0.4055757587
vt 0.6120000001 0.3910302944
vt 0.6360000005 0.3929697039
vt 0.6350000017 0.4055757587
vt 0.6350000019 0.4055757586
vt 0.6570000002 0.3939393966
vt 0.6569999996 0.406545447
vt 0.6350000017 0.4055757586
vt 0.6360000004 0.3929697039
vt 0.657 0.3939393964
vt 0.6349999999 0.4201212149
vt 0.6560000005 0.420121214
vt 0.6559999999 0.4336969692
vt 0.6760000002 0.420121209
vt 0.6759999978 0.4330954309
vt 0.675445845 0.4333208169
vt 0.6759999999 0.420121209
vt 0.6793259485 0.4321209859
vt 0.6759999976 0.4330954309
vt 0.6759999999 0.420121209
vt 0.6857343658 0.4298849631
vt 0.6793259485 0.4321209859
vt 0.6560000005 0.420121214
vt 0.6760000002 0.420121209
vt 0.675445845 0.4333208169
vt 0.6560000004 0.4201212139
vt 0.657 0.4065454468
vt 0.6760000004 0.420121209
vt 0.6760000002 0.4201212091
vt 0.6569999997 0.406545447
vt 0.6760000011 0.4075151609
vt 0.6569999998 0.4065454469
vt 0.6760000032 0.3949090916
vt 0.676000001 0.4075151609
vt 0.6570000001 0.3939393966
vt 0.6760000032 0.3949090915
vt 0.6569999996 0.406545447
vt 0.6760000007 0.407515161
vt 0.6760000031 0.3949090915
vt 0.6930000003 0.3958787904
vt 0.676 0.4201212091
vt 0.676000001 0.4075151609
vt 0.6939999996 0.4210909147
vt 0.6759999999 0.420121209
vt 0.6878462233 0.4290557344
vt 0.6857343658 0.4298849631
vt 0.6760000001 0.4201212091
vt 0.6910533217 0.4279560593
vt 0.6878462234 0.4290557345
vt 0.6760000001 0.4201212091
vt 0.693999997 0.4267896529
vt 0.6910533217 0.4279560593
vt 0.6760000001 0.4201212091
vt 0.6939999995 0.4210909146
vt 0.693999997 0.4267896529
vt 0.6939999999 0.4210909146
vt 0.6994829643 0.4251567157
vt 0.6939999975 0.426789653
vt 0.6940000002 0.4210909151
vt 0.7022978307 0.4239924924
vt 0.6994829648 0.4251567164
vt 0.7094742193 0.4201530773
vt 0.7024757105 0.423916181
vt 0.7022978307 0.4239924924
vt 0.7094742193 0.4201530773
vt 0.7026058945 0.4238514635
vt 0.7024757105 0.423916181
vt 0.6939999999 0.4210909152
vt 0.6939999964 0.407515155
vt 0.7098125241 0.4199735131
vt 0.6940000002 0.4210909151
vt 0.7094742193 0.4201530773
vt 0.7022978307 0.4239924924
vt 0.6939999999 0.4210909152
vt 0.7098125241 0.4199735131
vt 0.7094742193 0.4201530773
vt 0.7100000004 0.4199050204
vt 0.7212105299 0.417181504
vt 0.713116268 0.4192809641
vt 0.7100000027 0.4084848481
vt 0.710000001 0.4199050204
vt 0.7098125239 0.419973512
vt 0.7100000019 0.408484848
vt 0.7212105299 0.417181504
vt 0.7100000004 0.4199050204
vt 0.7100000018 0.408484848
vt 0.7219020916 0.4169975439
vt 0.7212105299 0.417181504
vt 0.7100000018 0.408484848
vt 0.7241250354 0.4163617672
vt 0.7219020916 0.4169975439
vt 0.7100000018 0.408484848
vt 0.7250000016 0.4160577034
vt 0.7241250354 0.4163617672
vt 0.7250000005 0.4160577035
vt 0.7329123531 0.4150613474
vt 0.7264912417 0.4159209266
vt 0.6760000008 0.4075151617
vt 0.693999996 0.4075151549
vt 0.6939999995 0.4210909152
vt 0.6760000014 0.4075151607
vt 0.6930000005 0.3958787903
vt 0.6939999962 0.4075151546
vt 0.6939999962 0.4075151543
vt 0.7100000027 0.4084848481
vt 0.7098125239 0.419973512
vt 0.6930000006 0.3958787903
vt 0.7100000026 0.408484848
vt 0.6939999965 0.4075151544
vt 0.6930000006 0.3958787905
vt 0.7090000028 0.3958787954
vt 0.7100000026 0.4084848479
vt 0.7090000024 0.3958787955
vt 0.7250000023 0.4084848529
vt 0.7100000018 0.408484848
vt 0.7100000018 0.408484848
vt 0.725000002 0.4084848524
vt 0.7250000016 0.4160577034
vt 0.7250000006 0.4084848524
vt 0.7329123531 0.4150613474
vt 0.7250000005 0.4160577035
vt 0.7250000006 0.4084848524
vt 0.7390000007 0.4084848543
vt 0.732912353 0.4150613475
vt 0.7390000007 0.4084848543
vt 0.7361506025 0.4146538741
vt 0.732912353 0.4150613475
vt 0.7390000007 0.4084848543
vt 0.7389999996 0.4141355249
vt 0.7361506025 0.4146538741
vt 0.7090000019 0.3958787955
vt 0.7249999996 0.395878793
vt 0.725000002 0.4084848529
vt 0.7250000005 0.408484853
vt 0.7250000001 0.395878793
vt 0.7390000006 0.4084848551
vt 0.7250000001 0.3958787928
vt 0.7389999997 0.3968484867
vt 0.7390000005 0.4084848551
vt 0.09344111664 0.6136459535
vt 0.09525912113 0.6128891016
vt 0.09529793244 0.6128756652
vt 0.09344111664 0.6136459535
vt 0.09519227974 0.6129161895
vt 0.09525912113 0.6128891016
vt 0.09899999972 0.6140606104
vt 0.09529793244 0.6128756652
vt 0.09735353254 0.612235953
vt 0.09899999943 0.6140606104
vt 0.09735353226 0.6122359531
vt 0.09899999889 0.6117252957
vt 0.1149999997 0.6150303069
vt 0.1048400626 0.6094593478
vt 0.1071152864 0.608575686
vt 0.09899999947 0.6140606104
vt 0.09899999884 0.6117252957
vt 0.1048400624 0.6094593479
vt 0.0989999997 0.6140606103
vt 0.1048400626 0.6094593478
vt 0.1149999997 0.6150303069
vt 0.1340000009 0.6033939429
vt 0.1257803407 0.6025549334
vt 0.1311482297 0.601204895
vt 0.1340000012 0.6033939429
vt 0.1250022836 0.6027625854
vt 0.1257803409 0.6025549334
vt 0.1340000009 0.6033939429
vt 0.1311482297 0.601204895
vt 0.1313964531 0.6011498071
vt 0.134000001 0.6033939429
vt 0.1313964533 0.601149807
vt 0.1342245805 0.6003451176
vt 0.1149999999 0.6150303069
vt 0.1149999983 0.6060809345
vt 0.1196784382 0.6044158732
vt 0.1149999997 0.6150303069
vt 0.1071152864 0.608575686
vt 0.110903976 0.607301043
vt 0.1149999997 0.6150303069
vt 0.110903976 0.607301043
vt 0.1149999984 0.6060809345
vt 0.1149999999 0.6150303069
vt 0.1196784382 0.6044158732
vt 0.1250022836 0.6027625854
vt 0.1149999999 0.6150303069
vt 0.1250022836 0.6027625854
vt 0.1340000012 0.6033939429
vt 0.1149999997 0.6150303068
vt 0.134000001 0.6033939428
vt 0.1330000005 0.616969702
vt 0.1789999993 0.6082424207
vt 0.1770674673 0.5952304689
vt 0.1798982079 0.5951775777
vt 0.1789999994 0.6082424207
vt 0.1798982077 0.5951775777
vt 0.1832897195 0.5949238344
vt 0.1789999994 0.6082424207
vt 0.1832897195 0.5949238344
vt 0.1909594 0.5946916648
vt 0.2039999998 0.5956363678
vt 0.1909594 0.5946916648
vt 0.1926355808 0.594718027
vt 0.2039999996 0.5956363677
vt 0.1926355807 0.5947180271
vt 0.1977613299 0.5948169152
vt 0.1789999994 0.6082424207
vt 0.1909594 0.5946916648
vt 0.2039999998 0.5956363678
vt 0.1340000011 0.603393943
vt 0.1342245805 0.6003451176
vt 0.1395241228 0.599249543
vt 0.1560000009 0.6063030275
vt 0.1484224125 0.5979347084
vt 0.1530824 0.5973086686
vt 0.156000001 0.6063030273
vt 0.1419601591 0.5988409275
vt 0.1458207154 0.5983123584
vt 0.156000001 0.6063030273
vt 0.1395241228 0.599249543
vt 0.1419601591 0.5988409275
vt 0.1560000009 0.6063030275
vt 0.1458207153 0.5983123586
vt 0.1484224125 0.5979347084
vt 0.1340000011 0.603393943
vt 0.1395241228 0.599249543
vt 0.156000001 0.6063030273
vt 0.1560000009 0.6063030275
vt 0.1530824 0.5973086686
vt 0.1544443664 0.5971693234
vt 0.1560000009 0.6063030275
vt 0.1544443664 0.5971693234
vt 0.1566829088 0.5970320284
vt 0.1560000009 0.6063030275
vt 0.1566829088 0.5970320284
vt 0.1624508912 0.5965714272
vt 0.1789999993 0.6082424207
vt 0.1624508911 0.5965714274
vt 0.1639577182 0.5963416325
vt 0.1560000009 0.6063030275
vt 0.1624508912 0.5965714272
vt 0.1789999992 0.6082424209
vt 0.1340000011 0.6033939428
vt 0.156000001 0.6063030274
vt 0.1330000006 0.616969702
vt 0.1330000002 0.616969702
vt 0.1560000011 0.6063030274
vt 0.1539999973 0.6208484872
vt 0.156000001 0.6063030274
vt 0.1789999994 0.6082424206
vt 0.1539999977 0.6208484873
vt 0.1789999993 0.6082424207
vt 0.1639577182 0.5963416325
vt 0.1688734922 0.5958036593
vt 0.1789999993 0.6082424207
vt 0.1688734922 0.5958036593
vt 0.1770674673 0.5952304689
vt 0.1789999995 0.6082424207
vt 0.2039999997 0.5956363678
vt 0.2029999997 0.6101818216
vt 0.1789999994 0.6082424206
vt 0.2029999998 0.6101818217
vt 0.2019999997 0.625696974
vt 0.07399999666 0.6247272771
vt 0.06537284885 0.6256213174
vt 0.06805398646 0.6241506929
vt 0.06399999747 0.6363636425
vt 0.06163264142 0.6267825909
vt 0.06385170643 0.6262789501
vt 0.06399999618 0.6363636427
vt 0.06399999768 0.6262482061
vt 0.06537284882 0.6256213175
vt 0.06399999747 0.6363636425
vt 0.06385170643 0.6262789501
vt 0.0639999982 0.626248206
vt 0.07972385738 0.6187202533
vt 0.08355695875 0.6173518946
vt 0.08571437568 0.6166915788
vt 0.08499999834 0.6256969721
vt 0.07972385738 0.6187202533
vt 0.08571437568 0.6166915788
vt 0.09899999918 0.6140606101
vt 0.08571437533 0.6166915785
vt 0.09344111712 0.6136459538
vt 0.09899999972 0.6140606104
vt 0.09344111664 0.6136459535
vt 0.09529793244 0.6128756652
vt 0.08499999843 0.6256969721
vt 0.08571437533 0.6166915785
vt 0.09899999918 0.6140606101
vt 0.07399999676 0.6247272767
vt 0.07234070051 0.6220276035
vt 0.07399999531 0.6213131348
vt 0.07399999676 0.6247272767
vt 0.06805398656 0.6241506925
vt 0.07234070051 0.6220276035
vt 0.0739999967 0.6247272767
vt 0.07399999515 0.6213131347
vt 0.08499999877 0.6256969722
vt 0.08499999877 0.6256969722
vt 0.07399999515 0.6213131347
vt 0.07791188572 0.6194972301
vt 0.07399999666 0.6247272771
vt 0.07399999669 0.6373333261
vt 0.06537284885 0.6256213174
vt 0.08499999877 0.6256969722
vt 0.07791188572 0.6194972301
vt 0.07972385728 0.6187202535
vt 0.0739999967 0.624727277
vt 0.08499999877 0.6256969724
vt 0.08499999694 0.6383030338
vt 0.08499999845 0.6256969722
vt 0.09899999924 0.6140606104
vt 0.09799999835 0.627636359
vt 0.09899999929 0.6140606104
vt 0.1149999993 0.615030307
vt 0.09799999828 0.6276363591
vt 0.04600000032 0.6344242465
vt 0.04600000005 0.6299915614
vt 0.04992475913 0.6292339498
vt 0.04600000032 0.6344242465
vt 0.04992475913 0.6292339498
vt 0.05499999941 0.6344242496
vt 0.05499999941 0.6344242496
vt 0.04992475913 0.6292339498
vt 0.05142177653 0.6290267921
vt 0.0549999993 0.6344242493
vt 0.05142177639 0.629026792
vt 0.05499999908 0.6287231945
vt 0.05499999764 0.6344242492
vt 0.05499999714 0.6287231944
vt 0.0586256294 0.6276777937
vt 0.04600000031 0.6344242464
vt 0.05499999941 0.6344242493
vt 0.05500000027 0.6460605975
vt 0.06399999747 0.6363636425
vt 0.05862562947 0.6276777939
vt 0.05890397566 0.6275874056
vt 0.06399999747 0.6363636425
vt 0.05890397566 0.6275874056
vt 0.06163264142 0.6267825909
vt 0.05499999764 0.6344242492
vt 0.0586256294 0.6276777937
vt 0.06399999741 0.6363636423
vt 0.06399999618 0.6363636427
vt 0.06537284882 0.6256213175
vt 0.07399999689 0.637333326
vt 0.04600000045 0.6344242463
vt 0.05500000036 0.6460605976
vt 0.0460000003 0.646060613
vt 0.05499999753 0.6344242488
vt 0.06399999731 0.6363636419
vt 0.06399999889 0.6470303126
vt 0.0549999976 0.6344242493
vt 0.06399999891 0.6470303132
vt 0.05500000132 0.6460605975
vt 0.06399999607 0.6363636422
vt 0.07399999953 0.6479999949
vt 0.06399999859 0.6470303127
vt 0.07399999654 0.624727277
vt 0.08499999681 0.6383030338
vt 0.07399999648 0.637333326
vt 0.08499999863 0.6256969721
vt 0.09799999805 0.6276363593
vt 0.09799999793 0.6392727216
vt 0.08499999868 0.6256969723
vt 0.09799999791 0.6392727214
vt 0.08499999676 0.6383030337
vt 0.06399999601 0.6363636424
vt 0.07399999709 0.6373333263
vt 0.07399999955 0.6479999948
vt 0.07399999612 0.6373333266
vt 0.084999997 0.6383030335
vt 0.08599999862 0.6489696871
vt 0.07399999667 0.6373333264
vt 0.08599999936 0.648969687
vt 0.07399999955 0.6479999948
vt 0.08499999666 0.6383030337
vt 0.09799999805 0.6392727214
vt 0.09799999805 0.6509090909
vt 0.08499999711 0.6383030333
vt 0.09799999818 0.6509090908
vt 0.08599999861 0.648969687
vt 0.09799999802 0.6276363594
vt 0.1129999994 0.6402424204
vt 0.09799999792 0.6392727218
vt 0.09799999799 0.6392727215
vt 0.1130000007 0.6518787851
vt 0.09799999799 0.650909091
vt 0.1149999998 0.6150303068
vt 0.1330000006 0.616969702
vt 0.1319999979 0.6305454535
vt 0.09799999806 0.6276363591
vt 0.1149999994 0.615030307
vt 0.1139999967 0.6286060591
vt 0.1149999996 0.615030307
vt 0.1319999981 0.6305454533
vt 0.1139999968 0.6286060591
vt 0.09799999808 0.6276363595
vt 0.1139999967 0.6286060592
vt 0.1129999996 0.6402424205
vt 0.1139999968 0.6286060592
vt 0.1319999981 0.6305454536
vt 0.1129999997 0.6402424205
vt 0.1129999997 0.6402424203
vt 0.1319999982 0.6305454536
vt 0.1300000018 0.6431515187
vt 0.09799999788 0.6392727216
vt 0.1129999994 0.6402424203
vt 0.1130000006 0.6518787852
vt 0.1129999997 0.6402424204
vt 0.1300000019 0.6431515186
vt 0.1279999981 0.6547878724
vt 0.1129999995 0.6402424203
vt 0.1279999978 0.6547878723
vt 0.1130000005 0.6518787852
vt 0.1330000005 0.6169697016
vt 0.1539999975 0.6208484869
vt 0.152 0.6344242395
vt 0.1330000004 0.616969702
vt 0.1519999999 0.6344242395
vt 0.1319999982 0.6305454534
vt 0.1539999977 0.620848487
vt 0.1749999998 0.6373333395
vt 0.152 0.6344242395
vt 0.1539999976 0.6208484871
vt 0.1789999993 0.6082424206
vt 0.1770000014 0.6237575738
vt 0.1789999995 0.6082424206
vt 0.2019999996 0.625696974
vt 0.1770000007 0.6237575738
vt 0.1539999977 0.6208484869
vt 0.1770000013 0.623757574
vt 0.1749999998 0.6373333393
vt 0.1770000006 0.6237575739
vt 0.2019999998 0.6256969737
vt 0.1750000005 0.6373333394
vt 0.1750000003 0.6373333396
vt 0.2019999997 0.6256969739
vt 0.1999999999 0.6402424279
vt 0.1319999982 0.6305454536
vt 0.152 0.6344242394
vt 0.1300000018 0.6431515187
vt 0.1300000019 0.6431515184
vt 0.152 0.6344242396
vt 0.1490000009 0.6470302963
vt 0.1300000018 0.6431515186
vt 0.1490000009 0.6470302962
vt 0.1279999981 0.6547878724
vt 0.1490000009 0.6470302963
vt 0.152 0.6344242396
vt 0.1749999997 0.6373333393
vt 0.1490000011 0.6470302964
vt 0.1749999995 0.6373333392
vt 0.1710000001 0.6518787894
vt 0.1750000003 0.6373333394
vt 0.1979999998 0.6547878829
vt 0.1709999995 0.6518787893
vt 0.1750000005 0.6373333393
vt 0.2 0.6402424277
vt 0.1979999999 0.6547878828
vt 0.2039999996 0.5956363677
vt 0.1977613299 0.5948169152
vt 0.2040342827 0.5952041921
vt 0.2039999997 0.5956363677
vt 0.2040342829 0.5952041921
vt 0.2049524358 0.5952299948
vt 0.2039999997 0.5956363681
vt 0.2049524358 0.5952299951
vt 0.2051231007 0.5952379244
vt 0.2039999997 0.5956363681
vt 0.2051231007 0.5952379244
vt 0.2121403993 0.5958672271
vt 0.2039999997 0.5956363681
vt 0.2121403993 0.5958672271
vt 0.2259593024 0.5980069312
vt 0.2199198971 0.596924791
vt 0.2259593024 0.5980069312
vt 0.2121403993 0.5958672271
vt 0.2039999997 0.5956363681
vt 0.2259593024 0.5980069312
vt 0.2280000006 0.5985454494
vt 0.2280000006 0.5985454494
vt 0.2259593024 0.5980069312
vt 0.2280054155 0.59847194
vt 0.2280000004 0.5985454494
vt 0.2280054155 0.59847194
vt 0.2293512746 0.5986546376
vt 0.2486801523 0.6020944729
vt 0.2398234154 0.6002451174
vt 0.2480493561 0.6019366362
vt 0.204 0.5956363678
vt 0.2280000005 0.6121212133
vt 0.203 0.6101818217
vt 0.2040000001 0.5956363677
vt 0.2280000002 0.5985454501
vt 0.2280000006 0.6121212132
vt 0.2279999999 0.5985454501
vt 0.2293512736 0.5986546389
vt 0.2280000004 0.6121212131
vt 0.2280000004 0.6121212131
vt 0.2293512736 0.5986546389
vt 0.2340327478 0.5992723077
vt 0.2280000004 0.6121212131
vt 0.2340327478 0.5992723077
vt 0.2398234154 0.6002451174
vt 0.2280000004 0.6121212131
vt 0.2398234154 0.6002451174
vt 0.2486801523 0.6020944729
vt 0.2280000003 0.612121213
vt 0.2486801522 0.602094473
vt 0.2510000008 0.6140606009
vt 0.2510000008 0.6140606009
vt 0.2486801522 0.602094473
vt 0.2512766681 0.602775101
vt 0.2510000008 0.6140606009
vt 0.2512766681 0.602775101
vt 0.2518194519 0.6029359331
vt 0.251000001 0.6140606009
vt 0.2518194517 0.6029359331
vt 0.2570917318 0.6044818187
vt 0.2570917318 0.6044818186
vt 0.261929831 0.6058279604
vt 0.2619560375 0.6058364833
vt 0.2570917318 0.6044818186
vt 0.2618377988 0.6058012357
vt 0.261929831 0.6058279604
vt 0.2730000001 0.6169696974
vt 0.2570917318 0.6044818186
vt 0.2619560375 0.6058364833
vt 0.251000001 0.6140606009
vt 0.2570917318 0.6044818187
vt 0.2729999999 0.6169696976
vt 0.2280000003 0.612121213
vt 0.2510000004 0.6140606008
vt 0.2510000003 0.6286060579
vt 0.2510000007 0.6140606008
vt 0.273 0.6169696976
vt 0.251 0.6286060579
vt 0.2280000005 0.6121212133
vt 0.2020000002 0.6256969741
vt 0.203 0.6101818218
vt 0.2730000001 0.6169696974
vt 0.2619560375 0.6058364833
vt 0.2723360195 0.6097233942
vt 0.2730000001 0.6169696974
vt 0.2723360195 0.6097233942
vt 0.2734663114 0.610187043
vt 0.2729999999 0.6169696974
vt 0.2734663113 0.6101870428
vt 0.2751302513 0.6107660822
vt 0.2729999999 0.6169696974
vt 0.2751302513 0.6107660822
vt 0.2839782402 0.6142866047
vt 0.2729999999 0.6169696974
vt 0.2839782402 0.6142866047
vt 0.2883356137 0.616250812
vt 0.2729999999 0.6169696974
vt 0.2924181373 0.6182618106
vt 0.2720000007 0.6295757558
vt 0.2729999999 0.6169696974
vt 0.2883356137 0.616250812
vt 0.2915404236 0.617868635
vt 0.2729999999 0.6169696974
vt 0.2915404237 0.617868634
vt 0.2924181373 0.6182618106
vt 0.3480426888 0.64294124
vt 0.340301585 0.6407657708
vt 0.3417693176 0.6411205246
vt 0.3390000027 0.6489696929
vt 0.3373712796 0.6395671981
vt 0.3394741975 0.6403829262
vt 0.3390000027 0.6489696929
vt 0.3263282413 0.6357367072
vt 0.3289660213 0.6365097165
vt 0.3390000027 0.6489696929
vt 0.3289660213 0.6365097165
vt 0.3373712796 0.6395671981
vt 0.2919999997 0.6315151546
vt 0.3024535707 0.6228002211
vt 0.3045043466 0.62385699
vt 0.2919999996 0.6315151547
vt 0.3045043465 0.6238569901
vt 0.3073313939 0.6255728649
vt 0.3090000008 0.6334545395
vt 0.3182910099 0.6311597393
vt 0.3184556729 0.6312489622
vt 0.3090000008 0.6334545395
vt 0.3180627754 0.6310517525
vt 0.3182910099 0.6311597393
vt 0.3090000008 0.6334545395
vt 0.3099041251 0.6273174363
vt 0.3180627754 0.6310517525
vt 0.2919999996 0.6315151547
vt 0.3073313939 0.6255728649
vt 0.3099041248 0.6273174362
vt 0.3090000004 0.6334545394
vt 0.2919999996 0.6315151547
vt 0.3099041248 0.6273174362
vt 0.3090000008 0.6334545395
vt 0.3184556729 0.6312489622
vt 0.325441358 0.6353302087
vt 0.3090000003 0.6334545398
vt 0.325441358 0.6353302087
vt 0.3257890903 0.6355189147
vt 0.3240000018 0.6470303038
vt 0.3259628424 0.6356101311
vt 0.3263282412 0.635736708
vt 0.3240000026 0.6470303038
vt 0.3257890908 0.6355189151
vt 0.325962843 0.6356101312
vt 0.3090000003 0.6334545398
vt 0.3257890903 0.6355189147
vt 0.3079999964 0.6460606026
vt 0.309 0.6334545397
vt 0.3079999965 0.6460606025
vt 0.2919999998 0.6315151546
vt 0.3530000017 0.6499393882
vt 0.3512109038 0.6435730075
vt 0.3539712096 0.6442887175
vt 0.3530000017 0.6499393882
vt 0.3480426888 0.6429412398
vt 0.3512109038 0.6435730075
vt 0.3530000017 0.6499393882
vt 0.3390000012 0.6489696931
vt 0.3480426888 0.6429412398
vt 0.3390000012 0.6489696928
vt 0.340301585 0.6407657708
vt 0.3480426888 0.64294124
vt 0.3390000027 0.6489696929
vt 0.3394741975 0.6403829262
vt 0.3403015861 0.6407657709
vt 0.3530000012 0.6499393874
vt 0.3519999997 0.6615757557
vt 0.3390000009 0.6489696924
vt 0.3519999999 0.6615757557
vt 0.3370000009 0.6606060559
vt 0.3390000011 0.6489696928
vt 0.3390000026 0.648969693
vt 0.3370000005 0.6606060559
vt 0.322000003 0.6596363567
vt 0.3390000026 0.6489696934
vt 0.3240000018 0.6470303038
vt 0.3263282412 0.635736708
vt 0.3240000026 0.6470303038
vt 0.3079999968 0.6460606028
vt 0.3257890908 0.6355189151
vt 0.3079999967 0.6460606025
vt 0.3060000007 0.6576969673
vt 0.2910000022 0.644121203
vt 0.3390000026 0.6489696929
vt 0.322000003 0.6596363563
vt 0.3240000018 0.6470303037
vt 0.3240000026 0.6470303038
vt 0.3220000034 0.6596363563
vt 0.3079999967 0.6460606025
vt 0.3220000035 0.6596363571
vt 0.3060000008 0.6576969673
vt 0.3079999968 0.6460606025
vt 0.2280000003 0.6121212131
vt 0.2269999999 0.6266666624
vt 0.2020000002 0.6256969742
vt 0.2280000002 0.6121212131
vt 0.2510000003 0.6286060581
vt 0.2269999999 0.6266666624
vt 0.2269999999 0.6266666624
vt 0.2510000003 0.6286060582
vt 0.2259999985 0.6412121183
vt 0.2510000004 0.6286060583
vt 0.2500000018 0.6421818173
vt 0.2259999986 0.6412121185
vt 0.2510000001 0.6286060581
vt 0.2720000006 0.6295757559
vt 0.2709999989 0.6431515228
vt 0.251 0.6286060582
vt 0.270999999 0.6431515227
vt 0.2500000019 0.6421818173
vt 0.2020000003 0.625696974
vt 0.2259999986 0.6412121185
vt 0.1999999996 0.6402424278
vt 0.2269999999 0.6266666624
vt 0.2259999986 0.6412121184
vt 0.2020000002 0.6256969742
vt 0.2500000018 0.6421818172
vt 0.2490000016 0.6547878719
vt 0.2259999986 0.6412121187
vt 0.2490000015 0.6547878718
vt 0.2249999988 0.6547878875
vt 0.2259999986 0.6412121186
vt 0.2500000019 0.6421818173
vt 0.2709999991 0.6431515226
vt 0.2700000004 0.6557575732
vt 0.2500000019 0.6421818173
vt 0.2700000004 0.6557575733
vt 0.2490000014 0.6547878719
vt 0.1999999998 0.6402424277
vt 0.2249999991 0.6547878874
vt 0.1979999998 0.6547878828
vt 0.1999999996 0.6402424278
vt 0.2259999986 0.6412121186
vt 0.2249999987 0.6547878875
vt 0.2919999997 0.6315151546
vt 0.2929556878 0.6185409325
vt 0.2962098604 0.6198737291
vt 0.2919999997 0.6315151546
vt 0.2962098604 0.6198737291
vt 0.3024535707 0.6228002211
vt 0.2919999999 0.6315151546
vt 0.2924181373 0.6182618105
vt 0.2929556881 0.6185409325
vt 0.2720000006 0.6295757557
vt 0.2924181373 0.6182618105
vt 0.2919999999 0.6315151546
vt 0.2510000001 0.6286060581
vt 0.2729999999 0.6169696974
vt 0.2720000006 0.6295757558
vt 0.2720000006 0.6295757559
vt 0.2910000022 0.6441212028
vt 0.2709999989 0.6431515228
vt 0.2720000006 0.6295757558
vt 0.292 0.6315151546
vt 0.2910000019 0.6441212029
vt 0.3079999965 0.6460606025
vt 0.2910000017 0.6441212029
vt 0.2919999998 0.6315151546
vt 0.2709999985 0.6431515228
vt 0.2910000026 0.6441212028
vt 0.2890000034 0.6567272724
vt 0.270999999 0.6431515226
vt 0.2890000033 0.6567272725
vt 0.2700000003 0.6557575731
vt 0.3060000007 0.6576969672
vt 0.2890000032 0.6567272725
vt 0.2910000022 0.6441212028
vt 0.5000000006 0.38327273
vt 0.484999998 0.3842424242
vt 0.5010000006 0.3716363717
vt 0.5000000005 0.38327273
vt 0.5010000003 0.3716363717
vt 0.5159999975 0.3823030365
vt 0.5159999976 0.3823030367
vt 0.5160000022 0.3706666655
vt 0.5319999963 0.3803636247
vt 0.5010000004 0.3716363718
vt 0.5160000023 0.3706666656
vt 0.5159999975 0.3823030366
vt 0.501 0.3716363721
vt 0.4849999981 0.384242424
vt 0.4869999977 0.3726060588
vt 0.5160000024 0.3706666655
vt 0.5180000002 0.3599999905
vt 0.5310000009 0.3696969653
vt 0.5039999977 0.3609696929
vt 0.5180000003 0.3599999905
vt 0.5160000023 0.3706666655
vt 0.5039999976 0.3609696932
vt 0.4869999978 0.372606059
vt 0.4900000023 0.3619393854
vt 0.5009999996 0.3716363713
vt 0.4869999978 0.3726060589
vt 0.5039999976 0.360969693
vt 0.5009999995 0.3716363713
vt 0.5039999977 0.360969693
vt 0.5160000024 0.3706666656
vt 0.5039999975 0.3609696926
vt 0.5070000004 0.3503030377
vt 0.518 0.3599999904
vt 0.5070000004 0.3503030375
vt 0.5209999976 0.3503030334
vt 0.5180000001 0.3599999905
vt 0.5039999972 0.3609696924
vt 0.4900000016 0.3619393838
vt 0.493 0.3503030278
vt 0.5039999973 0.3609696924
vt 0.4930000001 0.3503030279
vt 0.5070000006 0.3503030378
vt 0.5580000004 0.3890909076
vt 0.5349999999 0.3920000068
vt 0.5319999975 0.3803636254
vt 0.5470000004 0.3774545342
vt 0.5549999984 0.3745454435
vt 0.5580000001 0.3890909075
vt 0.5470000007 0.3774545339
vt 0.5580000003 0.3890909073
vt 0.5319999965 0.3803636251
vt 0.5430000001 0.3677575853
vt 0.5319999974 0.3803636252
vt 0.5310000008 0.3696969654
vt 0.5470000005 0.3774545339
vt 0.5319999963 0.380363625
vt 0.5430000008 0.3677575854
vt 0.5470000018 0.377454534
vt 0.5529999993 0.3667878784
vt 0.5549999998 0.3745454432
vt 0.8102884621 0.4832509735
vt 0.8128734076 0.4828201037
vt 0.8109999958 0.4850909096
vt 0.8128734145 0.4828201061
vt 0.8150000012 0.4841212172
vt 0.8109999993 0.4850909109
vt 0.0234375 0.02272727273
vt 0.0234375 0.02272727273
vt 0.0234375 0.02272727273
vt 0.8109999993 0.4850909109
vt 0.8150000012 0.4841212172
vt 0.815000002 0.4860606
vt 0.0234375 0.02272727273
vt 0.0234375 0.02272727273
vt 0.0234375 0.02272727273
vt 0.8150000006 0.4841212177
vt 0.815559999 0.4849745469
vt 0.8150000019 0.4860606009
vt 0.0234375 0.02272727273
vt 0.0234375 0.02272727273
vt 0.0234375 0.02272727273
vt 0.8110000009 0.4850909103
vt 0.8149999968 0.486060601
vt 0.8109999986 0.4889696934
vt 0.5579999997 0.3890909068
vt 0.5620000003 0.3803636427
vt 0.5850000003 0.3881212077
vt 0.5580000006 0.3890909072
vt 0.5549999972 0.3745454437
vt 0.5620000001 0.3803636427
vt 0.5620000007 0.3803636419
vt 0.574 0.3793939352
vt 0.585 0.3881212082
vt 0.8102884622 0.4832509734
vt 0.8109999969 0.485090909
vt 0.8063749982 0.483296972
vt 0.8109999968 0.4850909091
vt 0.803999993 0.487999998
vt 0.806374998 0.4832969721
vt 0.8109999964 0.4850909092
vt 0.8110000034 0.4889696946
vt 0.8039999918 0.4879999984
vt 0.806374998 0.4832969721
vt 0.803999993 0.487999998
vt 0.8059302418 0.4833206503
vt 0.7807199993 0.6679757595
vt 0.7843408981 0.6702589487
vt 0.7809999927 0.6693333275
vt 0.0234375 0.02272727273
vt 0.0234375 0.02272727273
vt 0.0234375 0.02272727273
vt 0.7809999917 0.6693333264
vt 0.7843408977 0.6702589484
vt 0.7819999928 0.6741818104
vt 0.8109999993 0.4889696946
vt 0.8149999978 0.4860606026
vt 0.8149999977 0.4889696931
vt 0.7843408977 0.6702589484
vt 0.7866980977 0.6719039374
vt 0.7819999928 0.6741818104
vt 0.0234375 0.02272727273
vt 0.0234375 0.02272727273
vt 0.0234375 0.02272727273
vt 0.0234375 0.02272727273
vt 0.0234375 0.02272727273
vt 0.0234375 0.02272727273
vt 0.8110000041 0.4889696944
vt 0.8099999981 0.4928484831
vt 0.803999992 0.4879999978
vt 0.8099999997 0.492848483
vt 0.8090000036 0.4957575791
vt 0.8019999956 0.492848484
vt 0.8039999928 0.4879999964
vt 0.8099999984 0.4928484828
vt 0.801999995 0.4928484849
vt 0.8109999979 0.4889696957
vt 0.8149999957 0.4889696953
vt 0.8169999977 0.4918787879
vt 0.8109999994 0.4889696936
vt 0.8169999984 0.4918787866
vt 0.8100000014 0.4928484836
vt 0.8100000002 0.4928484826
vt 0.8220000009 0.495757575
vt 0.8090000002 0.4957575808
vt 0.8100000006 0.492848483
vt 0.8169999986 0.49187879
vt 0.8220000013 0.4957575745
vt 0.0234375 0.02272727273
vt 0.0234375 0.02272727273
vt 0.0234375 0.02272727273
vt 0.8059302431 0.4833206495
vt 0.803999992 0.4879999985
vt 0.7998843067 0.4840090171
vt 0.8039999914 0.4879999981
vt 0.7959999889 0.4870303018
vt 0.7998843075 0.4840090177
vt 0.7866981015 0.6719039403
vt 0.7869999902 0.6761212078
vt 0.7819999956 0.6741818126
vt 0.0234375 0.02272727273
vt 0.0234375 0.02272727273
vt 0.0234375 0.02272727273
vt 0.7866981015 0.6719039403
vt 0.7877228876 0.6726162835
vt 0.7869999902 0.6761212078
vt 0.0234375 0.02272727273
vt 0.0234375 0.02272727273
vt 0.0234375 0.02272727273
vt 0.7877228875 0.6726162835
vt 0.7913199827 0.6747248407
vt 0.7869999897 0.6761212077
vt 0.7819999946 0.6741818134
vt 0.78699999 0.6761212081
vt 0.7860000013 0.6819393923
vt 0.8039999915 0.4879999977
vt 0.8019999943 0.4928484856
vt 0.7959999889 0.4870303015
vt 0.8019999954 0.4928484845
vt 0.8009999889 0.4976969686
vt 0.7950000001 0.4918787873
vt 0.7819999954 0.6741818123
vt 0.7860000014 0.6819393929
vt 0.7809999969 0.6770909065
vt 0.7809999964 0.677090907
vt 0.7860000017 0.6819393927
vt 0.7760000036 0.6819393971
vt 0.7860000016 0.681939393
vt 0.7820000052 0.6896969724
vt 0.7760000039 0.6819393961
vt 0.8019999962 0.492848484
vt 0.8090000047 0.4957575791
vt 0.8009999911 0.4976969674
vt 0.5740000001 0.3793939348
vt 0.5940000006 0.3755151417
vt 0.585 0.3881212079
vt 0.5810000011 0.3716363571
vt 0.5940000019 0.375515141
vt 0.5740000007 0.3793939343
vt 0.5159999973 0.3823030364
vt 0.5319999968 0.3803636255
vt 0.5349999999 0.3920000068
vt 0.5160000024 0.3706666656
vt 0.5310000009 0.3696969655
vt 0.5319999969 0.3803636251
vt 0.5310000003 0.3590303099
vt 0.543000002 0.3590303081
vt 0.5310000004 0.369696965
vt 0.7950000001 0.4918787872
vt 0.8009999892 0.4976969699
vt 0.7929999994 0.4986666662
vt 0.5470000008 0.3774545341
vt 0.5430000007 0.3677575853
vt 0.5529999994 0.3667878785
vt 0.5430000012 0.3677575848
vt 0.5520000003 0.3590302967
vt 0.5529999993 0.366787878
vt 0.5430000004 0.3677575854
vt 0.5310000007 0.3696969653
vt 0.5430000015 0.3590303076
vt 0.7929999993 0.4986666666
vt 0.7859999945 0.4976969677
vt 0.7869999929 0.4909090905
vt 0.7799999938 0.4880000003
vt 0.7859999943 0.4976969673
vt 0.7789999945 0.4947878787
vt 0.5446595446 0.3514737159
vt 0.5309999996 0.3590303092
vt 0.5390533283 0.3508690106
vt 0.5309999996 0.3590303092
vt 0.5339999989 0.350303021
vt 0.5368536617 0.3505336212
vt 0.5309999996 0.3590303092
vt 0.5368536617 0.3505336212
vt 0.5390533283 0.3508690106
vt 0.5430000007 0.3677575854
vt 0.5430000018 0.3590303077
vt 0.5520000013 0.359030297
vt 0.5454848864 0.3515391157
vt 0.5458772361 0.3515901656
vt 0.5430000015 0.3590303077
vt 0.5430000012 0.3590303069
vt 0.5550000006 0.3532121166
vt 0.552000002 0.3590302982
vt 0.5458772363 0.3515901653
vt 0.555 0.3532121153
vt 0.5430000017 0.3590303081
vt 0.5454848864 0.3515391157
vt 0.5430000015 0.3590303077
vt 0.5309999996 0.3590303094
vt 0.5446595446 0.3514737159
vt 0.5454848861 0.3515391158
vt 0.5309999996 0.3590303092
vt 0.0234375 0.02272727273
vt 0.0234375 0.02272727273
vt 0.0234375 0.02272727273
vt 0.7998843075 0.4840090177
vt 0.7959999889 0.4870303018
vt 0.7972323381 0.4840428546
vt 0.0234375 0.02272727273
vt 0.0234375 0.02272727273
vt 0.0234375 0.02272727273
vt 0.797232338 0.4840428563
vt 0.795999989 0.4870303005
vt 0.7932974704 0.4836609153
vt 0.0234375 0.02272727273
vt 0.0234375 0.02272727273
vt 0.0234375 0.02272727273
vt 0.7913199797 0.6747248386
vt 0.7950000102 0.6790303116
vt 0.7869999879 0.6761212062
vt 0.7869999892 0.6761212078
vt 0.7929999895 0.6848484814
vt 0.7860000013 0.6819393923
vt 0.7959999907 0.4870303001
vt 0.8019999955 0.4928484847
vt 0.7949999999 0.4918787873
vt 0.0234375 0.02272727273
vt 0.0234375 0.02272727273
vt 0.0234375 0.02272727273
vt 0.7932974705 0.4836609153
vt 0.79599999 0.487030301
vt 0.7879999971 0.4841212133
vt 0.7959999903 0.4870303002
vt 0.795 0.4918787874
vt 0.7879999974 0.484121213
vt 0.0234375 0.02272727273
vt 0.0234375 0.02272727273
vt 0.0234375 0.02272727273
vt 0.7913199797 0.6747248386
vt 0.7952353031 0.6776613271
vt 0.7950000102 0.6790303116
vt 0.7950000099 0.6790303102
vt 0.7929999884 0.6848484801
vt 0.786999988 0.6761212066
vt 0.0234375 0.02272727273
vt 0.0234375 0.02272727273
vt 0.0234375 0.02272727273
vt 0.7952353023 0.6776613261
vt 0.79826531 0.6794261018
vt 0.7950000093 0.6790303105
vt 0.7950000001 0.4918787872
vt 0.7929999996 0.4986666663
vt 0.7869999906 0.4909090909
vt 0.7860000013 0.6819393931
vt 0.7890000086 0.6945454583
vt 0.7820000045 0.689696973
vt 0.7860000012 0.681939393
vt 0.7929999893 0.6848484816
vt 0.7890000098 0.6945454574
vt 0.5810000003 0.3716363584
vt 0.5830000002 0.3638787791
vt 0.5969999993 0.3638787937
vt 0.7932974705 0.4836609153
vt 0.7879999971 0.4841212133
vt 0.7881181678 0.4834336104
vt 0.788118168 0.4834336117
vt 0.7879999974 0.4841212135
vt 0.7865081955 0.4835012442
vt 0.0234375 0.02272727273
vt 0.0234375 0.02272727273
vt 0.0234375 0.02272727273
vt 0.7949999999 0.4918787874
vt 0.7869999908 0.4909090915
vt 0.7879999971 0.4841212137
vt 0.7879999973 0.4841212138
vt 0.782591153 0.483783696
vt 0.7865081955 0.4835012444
vt 0.7879999973 0.4841212138
vt 0.7869999914 0.4909090918
vt 0.782591153 0.483783696
vt 0.7950000093 0.6790303098
vt 0.79826531 0.6794261014
vt 0.8024727275 0.681789534
vt 0.7950000099 0.67903031
vt 0.8009999922 0.6867878732
vt 0.7929999891 0.6848484804
vt 0.0234375 0.02272727273
vt 0.0234375 0.02272727273
vt 0.0234375 0.02272727273
vt 0.7950000093 0.6790303098
vt 0.8024727275 0.681789534
vt 0.8009999926 0.6867878734
vt 0.0234375 0.02272727273
vt 0.0234375 0.02272727273
vt 0.0234375 0.02272727273
vt 0.7825911525 0.4837836946
vt 0.7869999909 0.4909090904
vt 0.7799999931 0.4880000005
vt 0.7825911525 0.4837836946
vt 0.7799999931 0.4880000005
vt 0.7806546733 0.4835561385
vt 0.0234375 0.02272727273
vt 0.0234375 0.02272727273
vt 0.0234375 0.02272727273
vt 0.0234375 0.02272727273
vt 0.0234375 0.02272727273
vt 0.0234375 0.02272727273
vt 0.8024727277 0.6817895341
vt 0.8057619186 0.6831245879
vt 0.8009999919 0.6867878731
vt 0.7799999933 0.488
vt 0.786999991 0.4909090903
vt 0.7859999932 0.4976969675
vt 0.7929999898 0.6848484811
vt 0.7979999977 0.695515151
vt 0.7890000092 0.6945454579
vt 0.7929999893 0.6848484799
vt 0.800999992 0.6867878737
vt 0.7979999975 0.6955151507
vt 0.5830000002 0.3638787778
vt 0.581 0.3551515176
vt 0.5939999999 0.3532121222
vt 0.0234375 0.02272727273
vt 0.0234375 0.02272727273
vt 0.0234375 0.02272727273
vt 0.0234375 0.02272727273
vt 0.0234375 0.02272727273
vt 0.0234375 0.02272727273
vt 0.0234375 0.02272727273
vt 0.0234375 0.02272727273
vt 0.0234375 0.02272727273
vt 0.0234375 0.02272727273
vt 0.0234375 0.02272727273
vt 0.0234375 0.02272727273
vt 0.0234375 0.02272727273
vt 0.0234375 0.02272727273
vt 0.0234375 0.02272727273
vt 0.0234375 0.02272727273
vt 0.0234375 0.02272727273
vt 0.0234375 0.02272727273
vt 0.5310000002 0.3590303099
vt 0.5310000003 0.369696965
vt 0.5179999991 0.3599999898
vt 0.0234375 0.02272727273
vt 0.0234375 0.02272727273
vt 0.0234375 0.02272727273
vt 0.5309999995 0.3590303093
vt 0.5180000002 0.3599999906
vt 0.5209999977 0.3503030335
vt 0.5309999994 0.3590303091
vt 0.5209999977 0.3503030333
vt 0.5339999991 0.3503030211
vt 0.0234375 0.02272727273
vt 0.0234375 0.02272727273
vt 0.0234375 0.02272727273
vt 0.0234375 0.02272727273
vt 0.0234375 0.02272727273
vt 0.0234375 0.02272727273
vt 0.0234375 0.02272727273
vt 0.0234375 0.02272727273
vt 0.0234375 0.02272727273
vt 0.0234375 0.02272727273
vt 0.0234375 0.02272727273
vt 0.0234375 0.02272727273
vt 0.0234375 0.02272727273
vt 0.0234375 0.02272727273
vt 0.0234375 0.02272727273
vt 0.0234375 0.02272727273
vt 0.0234375 0.02272727273
vt 0.0234375 0.02272727273
vt 0.0234375 0.02272727273
vt 0.0234375 0.02272727273
vt 0.0234375 0.02272727273
vt 0.0234375 0.02272727273
vt 0.0234375 0.02272727273
vt 0.0234375 0.02272727273
vt 0.0234375 0.02272727273
vt 0.0234375 0.02272727273
vt 0.0234375 0.02272727273
vt 0.0234375 0.02272727273
vt 0.0234375 0.02272727273
vt 0.0234375 0.02272727273
vt 0.0234375 0.02272727273
vt 0.0234375 0.02272727273
vt 0.0234375 0.02272727273
vt 0.0234375 0.02272727273
vt 0.0234375 0.02272727273
vt 0.0234375 0.02272727273
vt 0.0234375 0.02272727273
vt 0.0234375 0.02272727273
vt 0.0234375 0.02272727273
vt 0.0234375 0.02272727273
vt 0.0234375 0.02272727273
vt 0.0234375 0.02272727273
vt 0.0234375 0.02272727273
vt 0.0234375 0.02272727273
vt 0.0234375 0.02272727273
vt 0.0234375 0.02272727273
vt 0.0234375 0.02272727273
vt 0.0234375 0.02272727273
vt 0.0234375 0.02272727273
vt 0.0234375 0.02272727273
vt 0.0234375 0.02272727273
vt 0.0234375 0.02272727273
vt 0.0234375 0.02272727273
vt 0.0234375 0.02272727273
vt 0.0234375 0.02272727273
vt 0.0234375 0.02272727273
vt 0.0234375 0.02272727273
vt 0.0234375 0.02272727273
vt 0.0234375 0.02272727273
vt 0.0234375 0.02272727273
vt 0.0234375 0.02272727273
vt 0.0234375 0.02272727273
vt 0.0234375 0.02272727273
vt 0.0234375 0.02272727273
vt 0.0234375 0.02272727273
vt 0.0234375 0.02272727273
vt 0.0234375 0.02272727273
vt 0.0234375 0.02272727273
vt 0.0234375 0.02272727273
vt 0.484999998 0.384242424
vt 0.4719999982 0.3842424348
vt 0.4869999976 0.3726060587
vt 0.4869999977 0.372606059
vt 0.471999998 0.3842424343
vt 0.4740000001 0.3735757532
vt 0.4609999989 0.3842424296
vt 0.4509999998 0.384242414
vt 0.463 0.3735757483
vt 0.4609999989 0.3842424296
vt 0.4740000002 0.3735757531
vt 0.4719999981 0.3842424343
vt 0.4609999989 0.3842424296
vt 0.463 0.3735757482
vt 0.4740000002 0.3735757532
vt 0.4900000019 0.3619393854
vt 0.4869999977 0.3726060591
vt 0.4740000002 0.3735757534
vt 0.4629999999 0.3735757478
vt 0.4529999995 0.3735757495
vt 0.4650000031 0.3619393876
vt 0.4630000002 0.3735757478
vt 0.4769999992 0.3619393923
vt 0.4740000003 0.3735757529
vt 0.4510000003 0.3842424143
vt 0.4420000001 0.3852121296
vt 0.4530000004 0.3735757503
vt 0.4630000004 0.3735757484
vt 0.4510000001 0.3842424141
vt 0.4529999999 0.3735757501
vt 0.4529999997 0.3735757499
vt 0.442000001 0.3852121301
vt 0.4430000007 0.373575756
vt 0.4419999998 0.38521213
vt 0.4330000007 0.3842424168
vt 0.4430000004 0.373575756
vt 0.4430000004 0.3735757561
vt 0.4330000008 0.3842424175
vt 0.4340000008 0.3735757478
vt 0.4529999999 0.3735757499
vt 0.4430000007 0.3735757561
vt 0.4549999999 0.3619394026
vt 0.4430000005 0.3735757561
vt 0.4340000012 0.3735757472
vt 0.4450000004 0.3619393909
vt 0.4450000005 0.3619393908
vt 0.4340000016 0.3735757466
vt 0.436000001 0.3609696896
vt 0.4900000018 0.3619393842
vt 0.4740000002 0.3735757529
vt 0.4769999991 0.3619393923
vt 0.4650000032 0.3619393874
vt 0.4549999995 0.3619394025
vt 0.4680000018 0.3503030224
vt 0.4629999996 0.3735757478
vt 0.4650000037 0.3619393877
vt 0.476999999 0.3619393923
vt 0.4650000038 0.3619393881
vt 0.4799999991 0.3512727203
vt 0.4769999991 0.3619393925
vt 0.493 0.3503030282
vt 0.476999999 0.3619393926
vt 0.4799999993 0.3512727206
vt 0.4680000013 0.3503030225
vt 0.455 0.3619394024
vt 0.4569999996 0.3503030355
vt 0.4650000038 0.3619393877
vt 0.4680000024 0.3503030226
vt 0.4799999992 0.3512727197
vt 0.4900000014 0.3619393837
vt 0.476999999 0.3619393924
vt 0.4929999998 0.3503030277
vt 0.0234375 0.02272727273
vt 0.0234375 0.02272727273
vt 0.0234375 0.02272727273
vt 0.0234375 0.02272727273
vt 0.0234375 0.02272727273
vt 0.0234375 0.02272727273
vt 0.0234375 0.02272727273
vt 0.0234375 0.02272727273
vt 0.0234375 0.02272727273
vt 0.0234375 0.02272727273
vt 0.0234375 0.02272727273
vt 0.0234375 0.02272727273
vt 0.0234375 0.02272727273
vt 0.0234375 0.02272727273
vt 0.0234375 0.02272727273
vt 0.0234375 0.02272727273
vt 0.0234375 0.02272727273
vt 0.0234375 0.02272727273
vt 0.0234375 0.02272727273
vt 0.0234375 0.02272727273
vt 0.0234375 0.02272727273
vt 0.465000003 0.3619393874
vt 0.4529999998 0.3735757498
vt 0.4549999998 0.3619394026
vt 0.4549999996 0.3619394025
vt 0.4430000007 0.3735757561
vt 0.4450000012 0.361939391
vt 0.4549999999 0.3619394023
vt 0.4450000011 0.361939391
vt 0.4569999995 0.3503030355
vt 0.4450000004 0.3619393907
vt 0.4360000007 0.3609696897
vt 0.4469999995 0.3493333408
vt 0.4450000011 0.3619393909
vt 0.447 0.349333341
vt 0.4569999993 0.3503030358
vt 0.4469999992 0.3493333408
vt 0.436000001 0.3609696898
vt 0.4380000015 0.3483636295
vt 0.0234375 0.02272727273
vt 0.0234375 0.02272727273
vt 0.0234375 0.02272727273
vt 0.0234375 0.02272727273
vt 0.0234375 0.02272727273
vt 0.0234375 0.02272727273
vt 0.0234375 0.02272727273
vt 0.0234375 0.02272727273
vt 0.0234375 0.02272727273
vt 0.0234375 0.02272727273
vt 0.0234375 0.02272727273
vt 0.0234375 0.02272727273
vt 0.0234375 0.02272727273
vt 0.0234375 0.02272727273
vt 0.0234375 0.02272727273
vt 0.0234375 0.02272727273
vt 0.0234375 0.02272727273
vt 0.0234375 0.02272727273
vt 0.0234375 0.02272727273
vt 0.0234375 0.02272727273
vt 0.0234375 0.02272727273
vt 0.0234375 0.02272727273
vt 0.0234375 0.02272727273
vt 0.0234375 0.02272727273
vt 0.0234375 0.02272727273
vt 0.0234375 0.02272727273
vt 0.0234375 0.02272727273
vt 0.0234375 0.02272727273
vt 0.0234375 0.02272727273
vt 0.0234375 0.02272727273
vt 0.0234375 0.02272727273
vt 0.0234375 0.02272727273
vt 0.0234375 0.02272727273
vt 0.0234375 0.02272727273
vt 0.0234375 0.02272727273
vt 0.0234375 0.02272727273
vt 0.0234375 0.02272727273
vt 0.0234375 0.02272727273
vt 0.0234375 0.02272727273
vt 0.0234375 0.02272727273
vt 0.0234375 0.02272727273
vt 0.0234375 0.02272727273
vt 0.0234375 0.02272727273
vt 0.0234375 0.02272727273
vt 0.0234375 0.02272727273
vt 0.0234375 0.02272727273
vt 0.0234375 0.02272727273
vt 0.0234375 0.02272727273
vt 0.0234375 0.02272727273
vt 0.0234375 0.02272727273
vt 0.0234375 0.02272727273
vt 0.0234375 0.02272727273
vt 0.0234375 0.02272727273
vt 0.0234375 0.02272727273
vt 0.0234375 0.02272727273
vt 0.0234375 0.02272727273
vt 0.0234375 0.02272727273
vt 0.0234375 0.02272727273
vt 0.0234375 0.02272727273
vt 0.0234375 0.02272727273
vt 0.0234375 0.02272727273
vt 0.0234375 0.02272727273
vt 0.0234375 0.02272727273
vt 0.0234375 0.02272727273
vt 0.0234375 0.02272727273
vt 0.0234375 0.02272727273
vt 0.0234375 0.02272727273
vt 0.0234375 0.02272727273
vt 0.0234375 0.02272727273
vt 0.0234375 0.02272727273
vt 0.0234375 0.02272727273
vt 0.0234375 0.02272727273
vt 0.0234375 0.02272727273
vt 0.0234375 0.02272727273
vt 0.0234375 0.02272727273
vt 0.0234375 0.02272727273
vt 0.0234375 0.02272727273
vt 0.0234375 0.02272727273
vt 0.0234375 0.02272727273
vt 0.0234375 0.02272727273
vt 0.0234375 0.02272727273
vt 0.0234375 0.02272727273
vt 0.0234375 0.02272727273
vt 0.0234375 0.02272727273
vt 0.0234375 0.02272727273
vt 0.0234375 0.02272727273
vt 0.0234375 0.02272727273
vt 0.0234375 0.02272727273
vt 0.0234375 0.02272727273
vt 0.0234375 0.02272727273
vt 0.0234375 0.02272727273
vt 0.0234375 0.02272727273
vt 0.0234375 0.02272727273
vt 0.0234375 0.02272727273
vt 0.0234375 0.02272727273
vt 0.0234375 0.02272727273
vt 0.0234375 0.02272727273
vt 0.0234375 0.02272727273
vt 0.0234375 0.02272727273
vt 0.0234375 0.02272727273
vt 0.0234375 0.02272727273
vt 0.0234375 0.02272727273
vt 0.0234375 0.02272727273
vt 0.0234375 0.02272727273
vt 0.0234375 0.02272727273
vt 0.0234375 0.02272727273
vt 0.0234375 0.02272727273
vt 0.0234375 0.02272727273
vt 0.0234375 0.02272727273
vt 0.0234375 0.02272727273
vt 0.0234375 0.02272727273
vt 0.0234375 0.02272727273
vt 0.0234375 0.02272727273
vt 0.0234375 0.02272727273
vt 0.0234375 0.02272727273
vt 0.0234375 0.02272727273
vt 0.0234375 0.02272727273
vt 0.0234375 0.02272727273
vt 0.0234375 0.02272727273
vt 0.0234375 0.02272727273
vt 0.0234375 0.02272727273
vt 0.0234375 0.02272727273
vt 0.0234375 0.02272727273
vt 0.0234375 0.02272727273
vt 0.0234375 0.02272727273
vt 0.0234375 0.02272727273
vt 0.0234375 0.02272727273
vt 0.0234375 0.02272727273
vt 0.0234375 0.02272727273
vt 0.0234375 0.02272727273
vt 0.0234375 0.02272727273
vt 0.0234375 0.02272727273
vt 0.0234375 0.02272727273
vt 0.0234375 0.02272727273
vt 0.0234375 0.02272727273
vt 0.0234375 0.02272727273
vt 0.0234375 0.02272727273
vt 0.0234375 0.02272727273
vt 0.0234375 0.02272727273
vt 0.0234375 0.02272727273
vt 0.0234375 0.02272727273
vt 0.0234375 0.02272727273
vt 0.0234375 0.02272727273
vt 0.0234375 0.02272727273
vt 0.0234375 0.02272727273
vt 0.0234375 0.02272727273
vt 0.0234375 0.02272727273
vt 0.0234375 0.02272727273
vt 0.0234375 0.02272727273
vt 0.0234375 0.02272727273
vt 0.0234375 0.02272727273
vt 0.0234375 0.02272727273
vt 0.0234375 0.02272727273
vt 0.0234375 0.02272727273
vt 0.0234375 0.02272727273
vt 0.0234375 0.02272727273
vt 0.0234375 0.02272727273
vt 0.0234375 0.02272727273
vt 0.0234375 0.02272727273
vt 0.0234375 0.02272727273
vt 0.0234375 0.02272727273
vt 0.0234375 0.02272727273
vt 0.0234375 0.02272727273
vt 0.0234375 0.02272727273
vt 0.0234375 0.02272727273
vt 0.0234375 0.02272727273
vt 0.0234375 0.02272727273
vt 0.0234375 0.02272727273
vt 0.0234375 0.02272727273
vt 0.0234375 0.02272727273
vt 0.0234375 0.02272727273
vt 0.0234375 0.02272727273
vt 0.0234375 0.02272727273
vt 0.0234375 0.02272727273
vt 0.0234375 0.02272727273
vt 0.0234375 0.02272727273
vt 0.0234375 0.02272727273
vt 0.5209999975 0.3503030332
vt 0.5215719415 0.3478128725
vt 0.5221025496 0.3478974713
vt 0.5070000009 0.3503030374
vt 0.5148705541 0.3463839349
vt 0.5165545982 0.3467761025
vt 0.5070000009 0.3503030374
vt 0.5165545982 0.3467761025
vt 0.5209999978 0.3503030331
vt 0.5209999975 0.3503030332
vt 0.516554598 0.3467761027
vt 0.5215719415 0.3478128725
vt 0.0234375 0.02272727273
vt 0.0234375 0.02272727273
vt 0.0234375 0.02272727273
vt 0.0234375 0.02272727273
vt 0.0234375 0.02272727273
vt 0.0234375 0.02272727273
vt 0.0234375 0.02272727273
vt 0.0234375 0.02272727273
vt 0.0234375 0.02272727273
vt 0.5070000009 0.3503030374
vt 0.5118640026 0.3455848492
vt 0.5148705541 0.3463839349
vt 0.0234375 0.02272727273
vt 0.0234375 0.02272727273
vt 0.0234375 0.02272727273
vt 0.5070000009 0.3503030376
vt 0.493 0.3503030279
vt 0.4959999997 0.340606069
vt 0.507000001 0.3503030375
vt 0.4995894445 0.34143879
vt 0.5023576895 0.3424993256
vt 0.507000001 0.3503030375
vt 0.4979128287 0.3407385501
vt 0.4995894445 0.34143879
vt 0.507000001 0.3503030375
vt 0.4959999998 0.3406060689
vt 0.4979128287 0.3407385501
vt 0.0234375 0.02272727273
vt 0.0234375 0.02272727273
vt 0.0234375 0.02272727273
vt 0.0234375 0.02272727273
vt 0.0234375 0.02272727273
vt 0.0234375 0.02272727273
vt 0.0234375 0.02272727273
vt 0.0234375 0.02272727273
vt 0.0234375 0.02272727273
vt 0.0234375 0.02272727273
vt 0.0234375 0.02272727273
vt 0.0234375 0.02272727273
vt 0.0234375 0.02272727273
vt 0.0234375 0.02272727273
vt 0.0234375 0.02272727273
vt 0.507000001 0.3503030375
vt 0.5068582277 0.3439969438
vt 0.5089383553 0.3446641764
vt 0.507000001 0.3503030375
vt 0.5023576895 0.3424993256
vt 0.5068582277 0.3439969438
vt 0.5070000009 0.3503030374
vt 0.5089383552 0.3446641763
vt 0.5118640026 0.3455848492
vt 0.0234375 0.02272727273
vt 0.0234375 0.02272727273
vt 0.0234375 0.02272727273
vt 0.0234375 0.02272727273
vt 0.0234375 0.02272727273
vt 0.0234375 0.02272727273
vt 0.0234375 0.02272727273
vt 0.0234375 0.02272727273
vt 0.0234375 0.02272727273
vt 0.0234375 0.02272727273
vt 0.0234375 0.02272727273
vt 0.0234375 0.02272727273
vt 0.4959999988 0.3406060694
vt 0.496281185 0.3399925641
vt 0.4979128288 0.3407385501
vt 0.0234375 0.02272727273
vt 0.0234375 0.02272727273
vt 0.0234375 0.02272727273
vt 0.0234375 0.02272727273
vt 0.0234375 0.02272727273
vt 0.0234375 0.02272727273
vt 0.4959999987 0.3406060691
vt 0.4927905711 0.3390174775
vt 0.4962811853 0.3399925643
vt 0.0234375 0.02272727273
vt 0.0234375 0.02272727273
vt 0.0234375 0.02272727273
vt 0.7789999946 0.4947878801
vt 0.7770204358 0.4938280891
vt 0.775838164 0.491293475
vt 0.5549999997 0.3532121151
vt 0.5531716537 0.3515201905
vt 0.5563197101 0.3512925438
vt 0.0234375 0.02272727273
vt 0.0234375 0.02272727273
vt 0.0234375 0.02272727273
vt 0.0234375 0.02272727273
vt 0.0234375 0.02272727273
vt 0.0234375 0.02272727273
vt 0.0234375 0.02272727273
vt 0.0234375 0.02272727273
vt 0.0234375 0.02272727273
vt 0.0234375 0.02272727273
vt 0.0234375 0.02272727273
vt 0.0234375 0.02272727273
vt 0.0234375 0.02272727273
vt 0.0234375 0.02272727273
vt 0.0234375 0.02272727273
vt 0.5318559778 0.3498571231
vt 0.5337642332 0.3500744106
vt 0.5339999991 0.3503030208
vt 0.5339999994 0.3503030214
vt 0.5337642331 0.3500744104
vt 0.5341248684 0.3501334932
vt 0.5344565084 0.3501554618
vt 0.5339999992 0.350303022
vt 0.5341248679 0.3501334944
vt 0.5344565084 0.3501554599
vt 0.536853662 0.3505336208
vt 0.5339999993 0.3503030206
vt 0.5458772363 0.3515901653
vt 0.5477110506 0.3516414447
vt 0.555 0.3532121153
vt 0.5549999997 0.3532121151
vt 0.547711051 0.351641445
vt 0.5495132702 0.3516709458
vt 0.0234375 0.02272727273
vt 0.0234375 0.02272727273
vt 0.0234375 0.02272727273
vt 0.0234375 0.02272727273
vt 0.0234375 0.02272727273
vt 0.0234375 0.02272727273
vt 0.0234375 0.02272727273
vt 0.0234375 0.02272727273
vt 0.0234375 0.02272727273
vt 0.5549999997 0.3532121151
vt 0.5495132702 0.3516709458
vt 0.5531716537 0.3515201905
vt 0.0234375 0.02272727273
vt 0.0234375 0.02272727273
vt 0.0234375 0.02272727273
vt 0.0234375 0.02272727273
vt 0.0234375 0.02272727273
vt 0.0234375 0.02272727273
vt 0.0234375 0.02272727273
vt 0.0234375 0.02272727273
vt 0.0234375 0.02272727273
vt 0.0234375 0.02272727273
vt 0.0234375 0.02272727273
vt 0.0234375 0.02272727273
vt 0.0234375 0.02272727273
vt 0.0234375 0.02272727273
vt 0.0234375 0.02272727273
vt 0.780654673 0.4835561387
vt 0.7799999928 0.488000001
vt 0.777617799 0.48337998
vt 0.0234375 0.02272727273
vt 0.0234375 0.02272727273
vt 0.0234375 0.02272727273
vt 0.7799999934 0.4880000021
vt 0.7739999928 0.4860606078
vt 0.7776177992 0.4833799805
vt 0.0234375 0.02272727273
vt 0.0234375 0.02272727273
vt 0.0234375 0.02272727273
vt 0.8057619186 0.6831245879
vt 0.8090000063 0.6867878797
vt 0.8009999919 0.6867878731
vt 0.0234375 0.02272727273
vt 0.0234375 0.02272727273
vt 0.0234375 0.02272727273
vt 0.8057619187 0.683124588
vt 0.8095439986 0.6849415781
vt 0.8090000066 0.6867878797
vt 0.0234375 0.02272727273
vt 0.0234375 0.02272727273
vt 0.0234375 0.02272727273
vt 0.0234375 0.02272727273
vt 0.0234375 0.02272727273
vt 0.0234375 0.02272727273
vt 0.7799999933 0.4880000019
vt 0.7789999942 0.4947878801
vt 0.7739999924 0.486060608
vt 0.7739999937 0.4860606076
vt 0.7789999946 0.4947878801
vt 0.775838164 0.491293475
vt 0.0234375 0.02272727273
vt 0.0234375 0.02272727273
vt 0.0234375 0.02272727273
vt 0.0234375 0.02272727273
vt 0.0234375 0.02272727273
vt 0.0234375 0.02272727273
vt 0.0234375 0.02272727273
vt 0.0234375 0.02272727273
vt 0.0234375 0.02272727273
vt 0.7776177992 0.4833799805
vt 0.7739999928 0.4860606078
vt 0.7743055388 0.4836902403
vt 0.0234375 0.02272727273
vt 0.0234375 0.02272727273
vt 0.0234375 0.02272727273
vt 0.7743055413 0.4836902389
vt 0.7739999939 0.4860606072
vt 0.7732542235 0.4836500632
vt 0.0234375 0.02272727273
vt 0.0234375 0.02272727273
vt 0.0234375 0.02272727273
vt 0.7739999937 0.4860606076
vt 0.775838164 0.491293475
vt 0.7737788978 0.4873469522
vt 0.0234375 0.02272727273
vt 0.0234375 0.02272727273
vt 0.0234375 0.02272727273
vt 0.7739999932 0.4860606079
vt 0.7737788965 0.4873469527
vt 0.7734735335 0.4868874709
vt 0.7732542294 0.4836500594
vt 0.7739999964 0.4860606055
vt 0.7717515488 0.48442537
vt 0.7732542294 0.4836500594
vt 0.7717515488 0.48442537
vt 0.7709572766 0.4832981728
vt 0.7732542294 0.4836500594
vt 0.7709450023 0.4832807435
vt 0.7706434529 0.4828901413
vt 0.7732542294 0.4836500594
vt 0.7709572766 0.4832981728
vt 0.7709450023 0.4832807435
vt 0.0234375 0.02272727273
vt 0.0234375 0.02272727273
vt 0.0234375 0.02272727273
vt 0.7739999932 0.4860606079
vt 0.7734735335 0.4868874709
vt 0.7717515507 0.4844253679
vt 0.0234375 0.02272727273
vt 0.0234375 0.02272727273
vt 0.0234375 0.02272727273
vt 0.0234375 0.02272727273
vt 0.0234375 0.02272727273
vt 0.0234375 0.02272727273
vt 0.8095439984 0.6849415779
vt 0.8127738962 0.6867878734
vt 0.8090000048 0.6867878796
vt 0.0234375 0.02272727273
vt 0.0234375 0.02272727273
vt 0.0234375 0.02272727273
vt 0.8139409462 0.6864294929
vt 0.8127738962 0.6867878734
vt 0.8095439984 0.6849415779
vt 0.8119105506 0.6869930126
vt 0.8103396517 0.6874374064
vt 0.8090000048 0.6867878798
vt 0.0234375 0.02272727273
vt 0.0234375 0.02272727273
vt 0.0234375 0.02272727273
vt 0.0234375 0.02272727273
vt 0.0234375 0.02272727273
vt 0.0234375 0.02272727273
vt 0.8127738963 0.6867878739
vt 0.8119105506 0.6869930126
vt 0.8090000048 0.6867878798
vt 0.0234375 0.02272727273
vt 0.0234375 0.02272727273
vt 0.0234375 0.02272727273
vt 0.8090000041 0.6867878808
vt 0.8103396509 0.6874374082
vt 0.8092509681 0.6881207775
vt 0.8090000041 0.6867878808
vt 0.8092509681 0.6881207775
vt 0.8085373273 0.688582504
vt 0.8090000048 0.6867878801
vt 0.8085373279 0.6885825034
vt 0.8038341374 0.692194896
vt 0.814640002 0.6861769731
vt 0.8139409462 0.6864294929
vt 0.8095439984 0.6849415779
vt 0.0234375 0.02272727273
vt 0.0234375 0.02272727273
vt 0.0234375 0.02272727273
vt 0.0234375 0.02272727273
vt 0.0234375 0.02272727273
vt 0.0234375 0.02272727273
vt 0.0234375 0.02272727273
vt 0.0234375 0.02272727273
vt 0.0234375 0.02272727273
vt 0.0234375 0.02272727273
vt 0.0234375 0.02272727273
vt 0.0234375 0.02272727273
vt 0.814640002 0.6861769731
vt 0.8146588858 0.6862090256
vt 0.8139409462 0.6864294929
vt 0.0234375 0.02272727273
vt 0.0234375 0.02272727273
vt 0.0234375 0.02272727273
vt 0.0234375 0.02272727273
vt 0.0234375 0.02272727273
vt 0.0234375 0.02272727273
vt 0.8146400024 0.6861769729
vt 0.8146859009 0.6861940111
vt 0.8146588838 0.6862090266
vt 0.0234375 0.02272727273
vt 0.0234375 0.02272727273
vt 0.0234375 0.02272727273
vt 0.8009999925 0.6867878742
vt 0.8090000062 0.6867878804
vt 0.7979999975 0.6955151508
vt 0.8090000048 0.6867878801
vt 0.8038341374 0.692194896
vt 0.7979999983 0.6955151513
vt 0.0234375 0.02272727273
vt 0.0234375 0.02272727273
vt 0.0234375 0.02272727273
vt 0.8038341374 0.692194896
vt 0.8001666654 0.6952816997
vt 0.7979999983 0.6955151513
vt 0.0234375 0.02272727273
vt 0.0234375 0.02272727273
vt 0.0234375 0.02272727273
vt 0.0234375 0.02272727273
vt 0.0234375 0.02272727273
vt 0.0234375 0.02272727273
vt 0.0234375 0.02272727273
vt 0.0234375 0.02272727273
vt 0.0234375 0.02272727273
vt 0.5810000002 0.3551515173
vt 0.5795555515 0.3535174015
vt 0.5813475354 0.3537192327
vt 0.5810000002 0.3551515173
vt 0.5813475354 0.3537192327
vt 0.5815619961 0.3537346055
vt 0.5809999999 0.3551515173
vt 0.5815619961 0.3537346055
vt 0.5852068324 0.3537196527
vt 0.0234375 0.02272727273
vt 0.0234375 0.02272727273
vt 0.0234375 0.02272727273
vt 0.0234375 0.02272727273
vt 0.0234375 0.02272727273
vt 0.0234375 0.02272727273
vt 0.5809999999 0.3551515173
vt 0.5852068324 0.3537196527
vt 0.5922984413 0.3533608214
vt 0.5318559778 0.3498571231
vt 0.5339999991 0.3503030208
vt 0.5209999977 0.3503030333
vt 0.5318559778 0.3498571231
vt 0.5209999977 0.3503030333
vt 0.5305871395 0.3496808868
vt 0.5209999977 0.3503030333
vt 0.5296140121 0.3495091276
vt 0.5305871395 0.3496808868
vt 0.5209999977 0.3503030333
vt 0.5221025495 0.3478974714
vt 0.5296140121 0.3495091276
vt 0.0234375 0.02272727273
vt 0.0234375 0.02272727273
vt 0.0234375 0.02272727273
vt 0.0234375 0.02272727273
vt 0.0234375 0.02272727273
vt 0.0234375 0.02272727273
vt 0.0234375 0.02272727273
vt 0.0234375 0.02272727273
vt 0.0234375 0.02272727273
vt 0.0234375 0.02272727273
vt 0.0234375 0.02272727273
vt 0.0234375 0.02272727273
vt 0.0234375 0.02272727273
vt 0.0234375 0.02272727273
vt 0.0234375 0.02272727273
vt 0.0234375 0.02272727273
vt 0.0234375 0.02272727273
vt 0.0234375 0.02272727273
vt 0.4830000008 0.3406060646
vt 0.479999999 0.3512727198
vt 0.4680000021 0.3503030223
vt 0.4680000018 0.3503030225
vt 0.4569999993 0.3503030353
vt 0.4710000033 0.3396363608
vt 0.4830000007 0.3406060644
vt 0.4680000023 0.3503030227
vt 0.4710000037 0.3396363611
vt 0.4710000035 0.339636361
vt 0.4569999992 0.3503030356
vt 0.4600000009 0.3386666708
vt 0.4830000003 0.3406060646
vt 0.4840607862 0.3357949809
vt 0.4848765346 0.3360568872
vt 0.4830000003 0.3406060646
vt 0.4836339718 0.3356485193
vt 0.4840607862 0.3357949809
vt 0.4830000003 0.3406060646
vt 0.471000004 0.3396363609
vt 0.4836339718 0.3356485193
vt 0.4836339718 0.3356485193
vt 0.471000004 0.3396363609
vt 0.4830705131 0.3354186446
vt 0.4830705131 0.3354186446
vt 0.471000004 0.3396363609
vt 0.4806647077 0.3343647015
vt 0.0234375 0.02272727273
vt 0.0234375 0.02272727273
vt 0.0234375 0.02272727273
vt 0.0234375 0.02272727273
vt 0.0234375 0.02272727273
vt 0.0234375 0.02272727273
vt 0.4710000034 0.3396363607
vt 0.460000001 0.3386666708
vt 0.4716706879 0.3305830609
vt 0.0234375 0.02272727273
vt 0.0234375 0.02272727273
vt 0.0234375 0.02272727273
vt 0.4710000039 0.3396363609
vt 0.4733613074 0.3312406031
vt 0.4742157236 0.3316524289
vt 0.4710000034 0.3396363607
vt 0.4716706879 0.3305830609
vt 0.4733613074 0.3312406031
vt 0.4806647074 0.3343647014
vt 0.4710000039 0.3396363609
vt 0.4742157236 0.3316524289
vt 0.0234375 0.02272727273
vt 0.0234375 0.02272727273
vt 0.0234375 0.02272727273
vt 0.0234375 0.02272727273
vt 0.0234375 0.02272727273
vt 0.0234375 0.02272727273
vt 0.0234375 0.02272727273
vt 0.0234375 0.02272727273
vt 0.0234375 0.02272727273
vt 0.4716706883 0.3305830615
vt 0.4600000009 0.3386666706
vt 0.4682584129 0.3293831904
vt 0.4682584129 0.3293831904
vt 0.4600000009 0.3386666706
vt 0.4654145486 0.3283168545
vt 0.0234375 0.02272727273
vt 0.0234375 0.02272727273
vt 0.0234375 0.02272727273
vt 0.0234375 0.02272727273
vt 0.0234375 0.02272727273
vt 0.0234375 0.02272727273
vt 0.4929999999 0.350303028
vt 0.4799999989 0.3512727205
vt 0.4959999996 0.3406060688
vt 0.4959999996 0.3406060692
vt 0.4799999989 0.3512727201
vt 0.483000001 0.3406060646
vt 0.0234375 0.02272727273
vt 0.0234375 0.02272727273
vt 0.0234375 0.02272727273
vt 0.0234375 0.02272727273
vt 0.0234375 0.02272727273
vt 0.0234375 0.02272727273
vt 0.0234375 0.02272727273
vt 0.0234375 0.02272727273
vt 0.0234375 0.02272727273
vt 0.0234375 0.02272727273
vt 0.0234375 0.02272727273
vt 0.0234375 0.02272727273
vt 0.0234375 0.02272727273
vt 0.0234375 0.02272727273
vt 0.0234375 0.02272727273
vt 0.0234375 0.02272727273
vt 0.0234375 0.02272727273
vt 0.0234375 0.02272727273
vt 0.4959999987 0.3406060691
vt 0.4830000006 0.3406060644
vt 0.4927905711 0.3390174775
vt 0.4927905711 0.3390174775
vt 0.4830000006 0.3406060644
vt 0.4887594328 0.3376493482
vt 0.0234375 0.02272727273
vt 0.0234375 0.02272727273
vt 0.0234375 0.02272727273
vt 0.0234375 0.02272727273
vt 0.0234375 0.02272727273
vt 0.0234375 0.02272727273
vt 0.4830000007 0.3406060646
vt 0.4848765348 0.3360568873
vt 0.4887594328 0.3376493484
vt 0.0234375 0.02272727273
vt 0.0234375 0.02272727273
vt 0.0234375 0.02272727273
vt 0.0234375 0.02272727273
vt 0.0234375 0.02272727273
vt 0.0234375 0.02272727273
vt 0.0234375 0.02272727273
vt 0.0234375 0.02272727273
vt 0.0234375 0.02272727273
vt 0.0234375 0.02272727273
vt 0.0234375 0.02272727273
vt 0.0234375 0.02272727273
vt 0.0234375 0.02272727273
vt 0.0234375 0.02272727273
vt 0.0234375 0.02272727273
vt 0.4569999991 0.3503030356
vt 0.4469999997 0.3493333406
vt 0.4600000007 0.3386666707
vt 0.4600000009 0.3386666706
vt 0.4470000001 0.3493333404
vt 0.4490000027 0.3376969646
vt 0.4469999995 0.3493333403
vt 0.4380000013 0.3483636298
vt 0.4490000012 0.3376969643
vt 0.4490000008 0.3376969639
vt 0.4380000008 0.3483636293
vt 0.4390000006 0.3357575648
vt 0.4600000007 0.3386666704
vt 0.4490000031 0.3376969642
vt 0.4630000004 0.3279999922
vt 0.4490000034 0.3376969643
vt 0.4519999985 0.3260606004
vt 0.4630000004 0.3279999914
vt 0.0234375 0.02272727273
vt 0.0234375 0.02272727273
vt 0.0234375 0.02272727273
vt 0.4654145486 0.3283168545
vt 0.4600000009 0.3386666706
vt 0.4651221694 0.3281870732
vt 0.4651221694 0.3281870732
vt 0.4600000009 0.3386666706
vt 0.4629999997 0.327999992
vt 0.0234375 0.02272727273
vt 0.0234375 0.02272727273
vt 0.0234375 0.02272727273
vt 0.0234375 0.02272727273
vt 0.0234375 0.02272727273
vt 0.0234375 0.02272727273
vt 0.4490000017 0.3376969638
vt 0.4390000021 0.3357575649
vt 0.4520000009 0.326060601
vt 0.4520000003 0.3260606008
vt 0.4390000014 0.3357575649
vt 0.4409999987 0.3241212213
vt 0.0234375 0.02272727273
vt 0.0234375 0.02272727273
vt 0.0234375 0.02272727273
vt 0.0234375 0.02272727273
vt 0.0234375 0.02272727273
vt 0.0234375 0.02272727273
vt 0.0234375 0.02272727273
vt 0.0234375 0.02272727273
vt 0.0234375 0.02272727273
vt 0.0234375 0.02272727273
vt 0.0234375 0.02272727273
vt 0.0234375 0.02272727273
vt 0.0234375 0.02272727273
vt 0.0234375 0.02272727273
vt 0.0234375 0.02272727273
vt 0.0234375 0.02272727273
vt 0.0234375 0.02272727273
vt 0.0234375 0.02272727273
vt 0.0234375 0.02272727273
vt 0.0234375 0.02272727273
vt 0.0234375 0.02272727273
vt 0.0234375 0.02272727273
vt 0.0234375 0.02272727273
vt 0.0234375 0.02272727273
vt 0.0234375 0.02272727273
vt 0.0234375 0.02272727273
vt 0.0234375 0.02272727273
vt 0.0234375 0.02272727273
vt 0.0234375 0.02272727273
vt 0.0234375 0.02272727273
vt 0.4550495732 0.3240133396
vt 0.4629999998 0.3279999912
vt 0.4519999981 0.3260606002
vt 0.0234375 0.02272727273
vt 0.0234375 0.02272727273
vt 0.0234375 0.02272727273
vt 0.0234375 0.02272727273
vt 0.0234375 0.02272727273
vt 0.0234375 0.02272727273
vt 0.4550495732 0.3240133397
vt 0.4519999984 0.3260606004
vt 0.4525923451 0.322901419
vt 0.0234375 0.02272727273
vt 0.0234375 0.02272727273
vt 0.0234375 0.02272727273
vt 0.0234375 0.02272727273
vt 0.0234375 0.02272727273
vt 0.0234375 0.02272727273
vt 0.0234375 0.02272727273
vt 0.0234375 0.02272727273
vt 0.0234375 0.02272727273
vt 0.0234375 0.02272727273
vt 0.0234375 0.02272727273
vt 0.0234375 0.02272727273
vt 0.0234375 0.02272727273
vt 0.0234375 0.02272727273
vt 0.0234375 0.02272727273
vt 0.4651221693 0.3281870731
vt 0.4629999995 0.3279999916
vt 0.4637380851 0.3275398931
vt 0.4637380851 0.3275398929
vt 0.4629999994 0.3279999911
vt 0.4631426386 0.327239258
vt 0.4629999998 0.3279999912
vt 0.4625920035 0.3270338023
vt 0.4631426385 0.327239258
vt 0.4561288277 0.3245081386
vt 0.4625920035 0.3270338023
vt 0.4629999998 0.3279999912
vt 0.0234375 0.02272727273
vt 0.0234375 0.02272727273
vt 0.0234375 0.02272727273
vt 0.4561288277 0.3245081386
vt 0.4629999998 0.3279999912
vt 0.4550495732 0.3240133396
vt 0.4520000004 0.3260606014
vt 0.4409999986 0.3241212206
vt 0.4493192546 0.3225945938
vt 0.4520000004 0.326060601
vt 0.4508663552 0.3227779026
vt 0.4525923468 0.3229014196
vt 0.0234375 0.02272727273
vt 0.0234375 0.02272727273
vt 0.0234375 0.02272727273
vt 0.4520000004 0.326060601
vt 0.4493192547 0.3225945939
vt 0.4508663552 0.3227779026
vt 0.0234375 0.02272727273
vt 0.0234375 0.02272727273
vt 0.0234375 0.02272727273
vt 0.4493192546 0.3225945938
vt 0.4409999986 0.3241212206
vt 0.4453187718 0.3217601912
vt 0.0234375 0.02272727273
vt 0.0234375 0.02272727273
vt 0.0234375 0.02272727273
vt 0.0234375 0.02272727273
vt 0.0234375 0.02272727273
vt 0.0234375 0.02272727273
vt 0.4453187718 0.3217601912
vt 0.4409999986 0.3241212206
vt 0.4416801433 0.320823552
vt 0.0234375 0.02272727273
vt 0.0234375 0.02272727273
vt 0.0234375 0.02272727273
vt 0.0234375 0.02272727273
vt 0.0234375 0.02272727273
vt 0.0234375 0.02272727273
vt 0.5850000001 0.3881212078
vt 0.6150000005 0.3774545427
vt 0.6119999998 0.3910302939
vt 0.5849999999 0.3881212081
vt 0.5940000009 0.3755151424
vt 0.6150000005 0.377454543
vt 0.6119999999 0.391030294
vt 0.6150000006 0.3774545427
vt 0.6360000006 0.3929697043
vt 0.6150000003 0.3774545428
vt 0.6359999999 0.3793939502
vt 0.6360000012 0.3929697042
vt 0.6360000007 0.3929697044
vt 0.6570000005 0.3803636373
vt 0.6570000001 0.3939393966
vt 0.6359999988 0.3793939502
vt 0.6570000006 0.3803636374
vt 0.6360000009 0.3929697041
vt 0.5810000007 0.3716363573
vt 0.5969999989 0.3638787948
vt 0.5940000013 0.3755151412
vt 0.594000002 0.3755151414
vt 0.5969999984 0.3638787947
vt 0.6150000003 0.3658181829
vt 0.5940000005 0.3755151421
vt 0.6150000004 0.3658181828
vt 0.6150000004 0.3774545429
vt 0.5829999996 0.3638787779
vt 0.5939999998 0.353212122
vt 0.5969999997 0.3638787947
vt 0.5969999995 0.3638787946
vt 0.5939999995 0.3532121221
vt 0.6150000004 0.3658181828
vt 0.5939999993 0.3532121222
vt 0.5959967137 0.3535406307
vt 0.6150000004 0.3658181827
vt 0.5959967137 0.3535406307
vt 0.6060173934 0.3547481744
vt 0.6150000004 0.3658181827
vt 0.0234375 0.02272727273
vt 0.0234375 0.02272727273
vt 0.0234375 0.02272727273
vt 0.0234375 0.02272727273
vt 0.0234375 0.02272727273
vt 0.0234375 0.02272727273
vt 0.0234375 0.02272727273
vt 0.0234375 0.02272727273
vt 0.0234375 0.02272727273
vt 0.6060173934 0.3547481744
vt 0.6060814721 0.3547530621
vt 0.6150000004 0.3658181827
vt 0.6060814721 0.3547530621
vt 0.6062933718 0.3547578089
vt 0.6150000004 0.3658181827
vt 0.6062933718 0.3547578089
vt 0.6140581757 0.3548587893
vt 0.6150000004 0.3658181827
vt 0.6150000003 0.3658181827
vt 0.6140581757 0.3548587894
vt 0.61508154 0.3548015411
vt 0.0234375 0.02272727273
vt 0.0234375 0.02272727273
vt 0.0234375 0.02272727273
vt 0.6150000003 0.377454543
vt 0.6150000004 0.3658181828
vt 0.6359999999 0.3793939496
vt 0.6150000004 0.3658181828
vt 0.6359999986 0.3667878893
vt 0.635999999 0.3793939504
vt 0.6150000003 0.3658181827
vt 0.61508154 0.3548015411
vt 0.6359999981 0.3667878898
vt 0.6150815397 0.3548015412
vt 0.6168345278 0.3547049277
vt 0.6359999994 0.3667878899
vt 0.6168345278 0.3547049277
vt 0.6189254679 0.3544633898
vt 0.6359999994 0.3667878899
vt 0.6189254679 0.3544633898
vt 0.6191308352 0.3544305989
vt 0.6359999994 0.3667878899
vt 0.6191308352 0.3544305989
vt 0.6339999992 0.355151519
vt 0.6359999994 0.3667878899
vt 0.6339999993 0.355151519
vt 0.6559999988 0.3677575695
vt 0.6359999986 0.3667878901
vt 0.0234375 0.02272727273
vt 0.0234375 0.02272727273
vt 0.0234375 0.02272727273
vt 0.0234375 0.02272727273
vt 0.0234375 0.02272727273
vt 0.0234375 0.02272727273
vt 0.0234375 0.02272727273
vt 0.0234375 0.02272727273
vt 0.0234375 0.02272727273
vt 0.0234375 0.02272727273
vt 0.0234375 0.02272727273
vt 0.0234375 0.02272727273
vt 0.0234375 0.02272727273
vt 0.0234375 0.02272727273
vt 0.0234375 0.02272727273
vt 0.0234375 0.02272727273
vt 0.0234375 0.02272727273
vt 0.0234375 0.02272727273
vt 0.0234375 0.02272727273
vt 0.0234375 0.02272727273
vt 0.0234375 0.02272727273
vt 0.0234375 0.02272727273
vt 0.0234375 0.02272727273
vt 0.0234375 0.02272727273
vt 0.0234375 0.02272727273
vt 0.0234375 0.02272727273
vt 0.0234375 0.02272727273
vt 0.0234375 0.02272727273
vt 0.0234375 0.02272727273
vt 0.0234375 0.02272727273
vt 0.0234375 0.02272727273
vt 0.0234375 0.02272727273
vt 0.0234375 0.02272727273
vt 0.0234375 0.02272727273
vt 0.0234375 0.02272727273
vt 0.0234375 0.02272727273
vt 0.0234375 0.02272727273
vt 0.0234375 0.02272727273
vt 0.0234375 0.02272727273
vt 0.0234375 0.02272727273
vt 0.0234375 0.02272727273
vt 0.0234375 0.02272727273
vt 0.0234375 0.02272727273
vt 0.0234375 0.02272727273
vt 0.0234375 0.02272727273
vt 0.6359999986 0.3793939506
vt 0.655999999 0.3677575696
vt 0.6570000006 0.3803636374
vt 0.6359999981 0.3793939505
vt 0.6359999977 0.3667878894
vt 0.6559999993 0.3677575696
vt 0.0234375 0.02272727273
vt 0.0234375 0.02272727273
vt 0.0234375 0.02272727273
vt 0.6339999994 0.3551515187
vt 0.6539999996 0.357090906
vt 0.6559999987 0.3677575699
vt 0.0234375 0.02272727273
vt 0.0234375 0.02272727273
vt 0.0234375 0.02272727273
vt 0.0234375 0.02272727273
vt 0.0234375 0.02272727273
vt 0.0234375 0.02272727273
vt 0.0234375 0.02272727273
vt 0.0234375 0.02272727273
vt 0.0234375 0.02272727273
vt 0.0234375 0.02272727273
vt 0.0234375 0.02272727273
vt 0.0234375 0.02272727273
vt 0.0234375 0.02272727273
vt 0.0234375 0.02272727273
vt 0.0234375 0.02272727273
vt 0.0234375 0.02272727273
vt 0.0234375 0.02272727273
vt 0.0234375 0.02272727273
vt 0.657 0.3939393966
vt 0.6570000006 0.3803636374
vt 0.6759999975 0.3823030283
vt 0.657 0.3939393966
vt 0.6759999975 0.3823030284
vt 0.6760000032 0.3949090915
vt 0.6760000031 0.3949090915
vt 0.6759999978 0.3823030284
vt 0.6930000008 0.383272721
vt 0.6570000006 0.3803636373
vt 0.6750000016 0.3696969628
vt 0.6759999975 0.3823030282
vt 0.6570000006 0.3803636374
vt 0.655999999 0.3677575696
vt 0.6750000016 0.3696969629
vt 0.6759999978 0.3823030282
vt 0.6750000014 0.3696969628
vt 0.6919999991 0.371636365
vt 0.6750000012 0.3696969632
vt 0.6559999986 0.3677575699
vt 0.6539999995 0.357090906
vt 0.675000001 0.3696969631
vt 0.6539999995 0.3570909059
vt 0.6730000006 0.3590303012
vt 0.6750000009 0.3696969632
vt 0.6730000004 0.3590303012
vt 0.6919999992 0.3716363649
vt 0.6730000006 0.3590303011
vt 0.6909999989 0.3609697008
vt 0.6919999991 0.371636365
vt 0.0234375 0.02272727273
vt 0.0234375 0.02272727273
vt 0.0234375 0.02272727273
vt 0.0234375 0.02272727273
vt 0.0234375 0.02272727273
vt 0.0234375 0.02272727273
vt 0.0234375 0.02272727273
vt 0.0234375 0.02272727273
vt 0.0234375 0.02272727273
vt 0.0234375 0.02272727273
vt 0.0234375 0.02272727273
vt 0.0234375 0.02272727273
vt 0.0234375 0.02272727273
vt 0.0234375 0.02272727273
vt 0.0234375 0.02272727273
vt 0.0234375 0.02272727273
vt 0.0234375 0.02272727273
vt 0.0234375 0.02272727273
vt 0.0234375 0.02272727273
vt 0.0234375 0.02272727273
vt 0.0234375 0.02272727273
vt 0.0234375 0.02272727273
vt 0.0234375 0.02272727273
vt 0.0234375 0.02272727273
vt 0.0234375 0.02272727273
vt 0.0234375 0.02272727273
vt 0.0234375 0.02272727273
vt 0.0234375 0.02272727273
vt 0.0234375 0.02272727273
vt 0.0234375 0.02272727273
vt 0.0234375 0.02272727273
vt 0.0234375 0.02272727273
vt 0.0234375 0.02272727273
vt 0.0234375 0.02272727273
vt 0.0234375 0.02272727273
vt 0.0234375 0.02272727273
vt 0.0234375 0.02272727273
vt 0.0234375 0.02272727273
vt 0.0234375 0.02272727273
vt 0.0234375 0.02272727273
vt 0.0234375 0.02272727273
vt 0.0234375 0.02272727273
vt 0.0234375 0.02272727273
vt 0.0234375 0.02272727273
vt 0.0234375 0.02272727273
vt 0.0234375 0.02272727273
vt 0.0234375 0.02272727273
vt 0.0234375 0.02272727273
vt 0.0234375 0.02272727273
vt 0.0234375 0.02272727273
vt 0.0234375 0.02272727273
vt 0.0234375 0.02272727273
vt 0.0234375 0.02272727273
vt 0.0234375 0.02272727273
vt 0.0234375 0.02272727273
vt 0.0234375 0.02272727273
vt 0.0234375 0.02272727273
vt 0.0234375 0.02272727273
vt 0.0234375 0.02272727273
vt 0.0234375 0.02272727273
vt 0.0234375 0.02272727273
vt 0.0234375 0.02272727273
vt 0.0234375 0.02272727273
vt 0.0234375 0.02272727273
vt 0.0234375 0.02272727273
vt 0.0234375 0.02272727273
vt 0.0234375 0.02272727273
vt 0.0234375 0.02272727273
vt 0.0234375 0.02272727273
vt 0.0234375 0.02272727273
vt 0.0234375 0.02272727273
vt 0.0234375 0.02272727273
vt 0.0234375 0.02272727273
vt 0.0234375 0.02272727273
vt 0.0234375 0.02272727273
vt 0.0234375 0.02272727273
vt 0.0234375 0.02272727273
vt 0.0234375 0.02272727273
vt 0.0234375 0.02272727273
vt 0.0234375 0.02272727273
vt 0.0234375 0.02272727273
vt 0.0234375 0.02272727273
vt 0.0234375 0.02272727273
vt 0.0234375 0.02272727273
vt 0.0234375 0.02272727273
vt 0.0234375 0.02272727273
vt 0.0234375 0.02272727273
vt 0.0234375 0.02272727273
vt 0.0234375 0.02272727273
vt 0.0234375 0.02272727273
vt 0.0234375 0.02272727273
vt 0.0234375 0.02272727273
vt 0.0234375 0.02272727273
vt 0.0234375 0.02272727273
vt 0.0234375 0.02272727273
vt 0.0234375 0.02272727273
vt 0.0234375 0.02272727273
vt 0.0234375 0.02272727273
vt 0.0234375 0.02272727273
vt 0.0234375 0.02272727273
vt 0.0234375 0.02272727273
vt 0.0234375 0.02272727273
vt 0.0234375 0.02272727273
vt 0.0234375 0.02272727273
vt 0.0234375 0.02272727273
vt 0.0234375 0.02272727273
vt 0.0234375 0.02272727273
vt 0.0234375 0.02272727273
vt 0.0234375 0.02272727273
vt 0.0234375 0.02272727273
vt 0.0234375 0.02272727273
vt 0.0234375 0.02272727273
vt 0.0234375 0.02272727273
vt 0.0234375 0.02272727273
vt 0.0234375 0.02272727273
vt 0.0234375 0.02272727273
vt 0.0234375 0.02272727273
vt 0.0234375 0.02272727273
vt 0.0234375 0.02272727273
vt 0.0234375 0.02272727273
vt 0.0234375 0.02272727273
vt 0.0234375 0.02272727273
vt 0.0234375 0.02272727273
vt 0.0234375 0.02272727273
vt 0.0234375 0.02272727273
vt 0.0234375 0.02272727273
vt 0.0234375 0.02272727273
vt 0.0234375 0.02272727273
vt 0.0234375 0.02272727273
vt 0.0234375 0.02272727273
vt 0.0234375 0.02272727273
vt 0.0234375 0.02272727273
vt 0.0234375 0.02272727273
vt 0.0234375 0.02272727273
vt 0.0234375 0.02272727273
vt 0.0234375 0.02272727273
vt 0.0234375 0.02272727273
vt 0.0234375 0.02272727273
vt 0.0234375 0.02272727273
vt 0.0234375 0.02272727273
vt 0.0234375 0.02272727273
vt 0.0234375 0.02272727273
vt 0.0234375 0.02272727273
vt 0.0234375 0.02272727273
vt 0.0234375 0.02272727273
vt 0.0234375 0.02272727273
vt 0.0234375 0.02272727273
vt 0.0234375 0.02272727273
vt 0.0234375 0.02272727273
vt 0.0234375 0.02272727273
vt 0.0234375 0.02272727273
vt 0.0234375 0.02272727273
vt 0.0234375 0.02272727273
vt 0.0234375 0.02272727273
vt 0.0234375 0.02272727273
vt 0.0234375 0.02272727273
vt 0.0234375 0.02272727273
vt 0.0234375 0.02272727273
vt 0.0234375 0.02272727273
vt 0.0234375 0.02272727273
vt 0.0234375 0.02272727273
vt 0.0234375 0.02272727273
vt 0.0234375 0.02272727273
vt 0.0234375 0.02272727273
vt 0.0234375 0.02272727273
vt 0.6760000031 0.3949090915
vt 0.6930000007 0.3832727209
vt 0.6930000002 0.3958787904
vt 0.6930000009 0.3832727209
vt 0.7090000021 0.3958787949
vt 0.6930000003 0.3958787904
vt 0.6930000009 0.3832727209
vt 0.7090000038 0.383272732
vt 0.7090000021 0.3958787949
vt 0.7090000018 0.3958787949
vt 0.7090000031 0.383272732
vt 0.7249999996 0.3958787927
vt 0.6759999977 0.3823030283
vt 0.6919999991 0.3716363649
vt 0.6930000004 0.3832727211
vt 0.6930000006 0.383272721
vt 0.6919999995 0.3716363649
vt 0.709000004 0.3832727318
vt 0.7090000034 0.3832727321
vt 0.7240000007 0.3823030265
vt 0.7250000001 0.3958787929
vt 0.7250000004 0.3958787929
vt 0.7240000005 0.3823030266
vt 0.7389999998 0.3968484869
vt 0.7240000008 0.3823030265
vt 0.7390000006 0.3823030315
vt 0.7389999997 0.3968484868
vt 0.7090000029 0.3832727321
vt 0.7240000032 0.3696969614
vt 0.724000001 0.3823030266
vt 0.7240000008 0.3823030267
vt 0.7390000003 0.3696969659
vt 0.7390000007 0.3823030311
vt 0.0234375 0.02272727273
vt 0.0234375 0.02272727273
vt 0.0234375 0.02272727273
vt 0.0234375 0.02272727273
vt 0.0234375 0.02272727273
vt 0.0234375 0.02272727273
vt 0.0234375 0.02272727273
vt 0.0234375 0.02272727273
vt 0.0234375 0.02272727273
vt 0.6919999995 0.371636365
vt 0.7080000038 0.3706666616
vt 0.709000004 0.383272732
vt 0.7090000032 0.3832727322
vt 0.7080000025 0.3706666619
vt 0.7240000028 0.3696969611
vt 0.6919999995 0.3716363649
vt 0.7069999964 0.360969705
vt 0.7080000038 0.370666662
vt 0.6919999995 0.371636365
vt 0.6909999991 0.3609697009
vt 0.7069999961 0.3609697054
vt 0.7080000025 0.3706666621
vt 0.7069999973 0.360969705
vt 0.7230000018 0.3590302993
vt 0.0234375 0.02272727273
vt 0.0234375 0.02272727273
vt 0.0234375 0.02272727273
vt 0.0234375 0.02272727273
vt 0.0234375 0.02272727273
vt 0.0234375 0.02272727273
vt 0.0234375 0.02272727273
vt 0.0234375 0.02272727273
vt 0.0234375 0.02272727273
vt 0.0234375 0.02272727273
vt 0.0234375 0.02272727273
vt 0.0234375 0.02272727273
vt 0.724000001 0.3696969617
vt 0.7390000005 0.3696969658
vt 0.7240000009 0.3823030266
vt 0.7080000024 0.3706666618
vt 0.7230000017 0.359030299
vt 0.7240000024 0.369696961
vt 0.7240000004 0.3696969612
vt 0.7230000008 0.3590302991
vt 0.7390000002 0.3696969656
vt 0.7230000009 0.3590302992
vt 0.739 0.3590303057
vt 0.7390000003 0.3696969656
vt 0.5809999999 0.3551515173
vt 0.5922984413 0.3533608214
vt 0.594 0.3532121226
vt 0.0234375 0.02272727273
vt 0.0234375 0.02272727273
vt 0.0234375 0.02272727273
vt 0.0234375 0.02272727273
vt 0.0234375 0.02272727273
vt 0.0234375 0.02272727273
vt 0.0234375 0.02272727273
vt 0.0234375 0.02272727273
vt 0.0234375 0.02272727273
vt 0.0234375 0.02272727273
vt 0.0234375 0.02272727273
vt 0.0234375 0.02272727273
vt 0.0234375 0.02272727273
vt 0.0234375 0.02272727273
vt 0.0234375 0.02272727273
vt 0.5922984413 0.3533608214
vt 0.5939849351 0.3531920443
vt 0.594 0.3532121226
vt 0.5939849344 0.353192044
vt 0.5940277667 0.353195292
vt 0.5939999996 0.3532121227
vt 0.5939999994 0.3532121225
vt 0.5940277665 0.3531952919
vt 0.5941959314 0.3532216308
vt 0.0234375 0.02272727273
vt 0.0234375 0.02272727273
vt 0.0234375 0.02272727273
vt 0.0234375 0.02272727273
vt 0.0234375 0.02272727273
vt 0.0234375 0.02272727273
vt 0.5939999993 0.3532121222
vt 0.5941959299 0.3532216305
vt 0.5959967137 0.3535406307
vt 0.0234375 0.02272727273
vt 0.0234375 0.02272727273
vt 0.0234375 0.02272727273
vt 0.0234375 0.02272727273
vt 0.0234375 0.02272727273
vt 0.0234375 0.02272727273
vt 0.0234375 0.02272727273
vt 0.0234375 0.02272727273
vt 0.0234375 0.02272727273
vt 0.0234375 0.02272727273
vt 0.0234375 0.02272727273
vt 0.0234375 0.02272727273
vt 0.0234375 0.02272727273
vt 0.0234375 0.02272727273
vt 0.0234375 0.02272727273
vt 0.0234375 0.02272727273
vt 0.0234375 0.02272727273
vt 0.0234375 0.02272727273
vt 0.0234375 0.02272727273
vt 0.0234375 0.02272727273
vt 0.0234375 0.02272727273
vt 0.0234375 0.02272727273
vt 0.0234375 0.02272727273
vt 0.0234375 0.02272727273
vt 0.0234375 0.02272727273
vt 0.0234375 0.02272727273
vt 0.0234375 0.02272727273
vt 0.0234375 0.02272727273
vt 0.0234375 0.02272727273
vt 0.0234375 0.02272727273
vt 0.6191308359 0.3544305988
vt 0.6270411379 0.3533551128
vt 0.6339999994 0.3551515187
vt 0.0234375 0.02272727273
vt 0.0234375 0.02272727273
vt 0.0234375 0.02272727273
vt 0.0234375 0.02272727273
vt 0.0234375 0.02272727273
vt 0.0234375 0.02272727273
vt 0.6270411379 0.3533551128
vt 0.6294041688 0.3529232345
vt 0.6339999994 0.3551515187
vt 0.6294041685 0.3529232349
vt 0.6305557433 0.3527307388
vt 0.6339999989 0.3551515186
vt 0.0234375 0.02272727273
vt 0.0234375 0.02272727273
vt 0.0234375 0.02272727273
vt 0.6305557433 0.3527307388
vt 0.6333752112 0.3521222343
vt 0.6339999989 0.3551515186
vt 0.0234375 0.02272727273
vt 0.0234375 0.02272727273
vt 0.0234375 0.02272727273
vt 0.0234375 0.02272727273
vt 0.0234375 0.02272727273
vt 0.0234375 0.02272727273
vt 0.6339999992 0.3551515185
vt 0.6430039616 0.3512748167
vt 0.6539999997 0.3570909061
vt 0.6339999992 0.3551515185
vt 0.6333752121 0.3521222341
vt 0.6367334315 0.3519312642
vt 0.0234375 0.02272727273
vt 0.0234375 0.02272727273
vt 0.0234375 0.02272727273
vt 0.6339999992 0.3551515185
vt 0.6367334315 0.3519312642
vt 0.6430039616 0.3512748167
vt 0.0234375 0.02272727273
vt 0.0234375 0.02272727273
vt 0.0234375 0.02272727273
vt 0.0234375 0.02272727273
vt 0.0234375 0.02272727273
vt 0.0234375 0.02272727273
vt 0.0234375 0.02272727273
vt 0.0234375 0.02272727273
vt 0.0234375 0.02272727273
vt 0.0234375 0.02272727273
vt 0.0234375 0.02272727273
vt 0.0234375 0.02272727273
vt 0.0234375 0.02272727273
vt 0.0234375 0.02272727273
vt 0.0234375 0.02272727273
vt 0.0234375 0.02272727273
vt 0.0234375 0.02272727273
vt 0.0234375 0.02272727273
vt 0.6430039622 0.3512748163
vt 0.6439473722 0.3511278709
vt 0.654 0.3570909059
vt 0.6439473722 0.3511278709
vt 0.6468074105 0.3505608919
vt 0.654 0.3570909059
vt 0.0234375 0.02272727273
vt 0.0234375 0.02272727273
vt 0.0234375 0.02272727273
vt 0.0234375 0.02272727273
vt 0.0234375 0.02272727273
vt 0.0234375 0.02272727273
vt 0.0234375 0.02272727273
vt 0.0234375 0.02272727273
vt 0.0234375 0.02272727273
vt 0.0234375 0.02272727273
vt 0.0234375 0.02272727273
vt 0.0234375 0.02272727273
vt 0.0234375 0.02272727273
vt 0.0234375 0.02272727273
vt 0.0234375 0.02272727273
vt 0.0234375 0.02272727273
vt 0.0234375 0.02272727273
vt 0.0234375 0.02272727273
vt 0.0234375 0.02272727273
vt 0.0234375 0.02272727273
vt 0.0234375 0.02272727273
vt 0.0234375 0.02272727273
vt 0.0234375 0.02272727273
vt 0.0234375 0.02272727273
vt 0.6468074105 0.3505608919
vt 0.6531645254 0.3489893382
vt 0.654 0.3570909059
vt 0.6531645255 0.3489893382
vt 0.6550560189 0.3485901673
vt 0.6539999999 0.3570909059
vt 0.6539999999 0.3570909059
vt 0.6550560189 0.3485901673
vt 0.6730000009 0.3590303012
vt 0.6550560189 0.3485901673
vt 0.6565351491 0.3483419031
vt 0.6730000007 0.3590303013
vt 0.6565351491 0.3483419031
vt 0.6573227866 0.348200227
vt 0.6730000007 0.3590303013
vt 0.6573227866 0.348200227
vt 0.6577651233 0.3480987958
vt 0.6730000007 0.3590303013
vt 0.6577651233 0.3480987958
vt 0.6583581482 0.3479408457
vt 0.6730000007 0.3590303013
vt 0.6583581482 0.3479408457
vt 0.6720000011 0.3493333291
vt 0.6730000007 0.3590303013
vt 0.0234375 0.02272727273
vt 0.0234375 0.02272727273
vt 0.0234375 0.02272727273
vt 0.0234375 0.02272727273
vt 0.0234375 0.02272727273
vt 0.0234375 0.02272727273
vt 0.6730000006 0.3590303014
vt 0.6720000013 0.3493333292
vt 0.6909999987 0.3609697007
vt 0.6720000005 0.3493333291
vt 0.6890000008 0.351272731
vt 0.6909999994 0.3609697008
vt 0.0234375 0.02272727273
vt 0.0234375 0.02272727273
vt 0.0234375 0.02272727273
vt 0.0234375 0.02272727273
vt 0.0234375 0.02272727273
vt 0.0234375 0.02272727273
vt 0.0234375 0.02272727273
vt 0.0234375 0.02272727273
vt 0.0234375 0.02272727273
vt 0.0234375 0.02272727273
vt 0.0234375 0.02272727273
vt 0.0234375 0.02272727273
vt 0.0234375 0.02272727273
vt 0.0234375 0.02272727273
vt 0.0234375 0.02272727273
vt 0.0234375 0.02272727273
vt 0.0234375 0.02272727273
vt 0.0234375 0.02272727273
vt 0.6583581462 0.3479408447
vt 0.6655763896 0.3457739192
vt 0.6720000006 0.3493333289
vt 0.6655763897 0.3457739193
vt 0.6668605986 0.345403661
vt 0.6720000006 0.3493333289
vt 0.0234375 0.02272727273
vt 0.0234375 0.02272727273
vt 0.0234375 0.02272727273
vt 0.0234375 0.02272727273
vt 0.0234375 0.02272727273
vt 0.0234375 0.02272727273
vt 0.0234375 0.02272727273
vt 0.0234375 0.02272727273
vt 0.0234375 0.02272727273
vt 0.0234375 0.02272727273
vt 0.0234375 0.02272727273
vt 0.0234375 0.02272727273
vt 0.6720000007 0.3493333289
vt 0.6749302059 0.3426558331
vt 0.6890000007 0.351272731
vt 0.6668605986 0.345403661
vt 0.6708998726 0.343999394
vt 0.6720000006 0.3493333289
vt 0.6720000007 0.3493333289
vt 0.6708998727 0.3439993939
vt 0.6717528601 0.3437436972
vt 0.6720000007 0.3493333289
vt 0.6717528601 0.3437436972
vt 0.6749302059 0.3426558331
vt 0.0234375 0.02272727273
vt 0.0234375 0.02272727273
vt 0.0234375 0.02272727273
vt 0.0234375 0.02272727273
vt 0.0234375 0.02272727273
vt 0.0234375 0.02272727273
vt 0.0234375 0.02272727273
vt 0.0234375 0.02272727273
vt 0.0234375 0.02272727273
vt 0.0234375 0.02272727273
vt 0.0234375 0.02272727273
vt 0.0234375 0.02272727273
vt 0.6749302046 0.3426558328
vt 0.6764714107 0.3421714883
vt 0.6890000003 0.351272731
vt 0.6764714107 0.3421714883
vt 0.6802808348 0.3407440526
vt 0.6890000003 0.351272731
vt 0.6802808348 0.3407440526
vt 0.6880000028 0.3415757461
vt 0.6890000003 0.351272731
vt 0.0234375 0.02272727273
vt 0.0234375 0.02272727273
vt 0.0234375 0.02272727273
vt 0.6802808337 0.3407440527
vt 0.6856468663 0.3387286594
vt 0.6880000016 0.3415757463
vt 0.6856468663 0.3387286594
vt 0.6861529377 0.3385156535
vt 0.6880000016 0.3415757463
vt 0.0234375 0.02272727273
vt 0.0234375 0.02272727273
vt 0.0234375 0.02272727273
vt 0.0234375 0.02272727273
vt 0.0234375 0.02272727273
vt 0.0234375 0.02272727273
vt 0.0234375 0.02272727273
vt 0.0234375 0.02272727273
vt 0.0234375 0.02272727273
vt 0.0234375 0.02272727273
vt 0.0234375 0.02272727273
vt 0.0234375 0.02272727273
vt 0.0234375 0.02272727273
vt 0.0234375 0.02272727273
vt 0.0234375 0.02272727273
vt 0.0234375 0.02272727273
vt 0.0234375 0.02272727273
vt 0.0234375 0.02272727273
vt 0.0234375 0.02272727273
vt 0.0234375 0.02272727273
vt 0.0234375 0.02272727273
vt 0.0234375 0.02272727273
vt 0.0234375 0.02272727273
vt 0.0234375 0.02272727273
vt 0.0234375 0.02272727273
vt 0.0234375 0.02272727273
vt 0.0234375 0.02272727273
vt 0.0234375 0.02272727273
vt 0.0234375 0.02272727273
vt 0.0234375 0.02272727273
vt 0.0234375 0.02272727273
vt 0.0234375 0.02272727273
vt 0.0234375 0.02272727273
vt 0.0234375 0.02272727273
vt 0.0234375 0.02272727273
vt 0.0234375 0.02272727273
vt 0.0234375 0.02272727273
vt 0.0234375 0.02272727273
vt 0.0234375 0.02272727273
vt 0.0234375 0.02272727273
vt 0.0234375 0.02272727273
vt 0.0234375 0.02272727273
vt 0.0234375 0.02272727273
vt 0.0234375 0.02272727273
vt 0.0234375 0.02272727273
vt 0.0234375 0.02272727273
vt 0.0234375 0.02272727273
vt 0.0234375 0.02272727273
vt 0.6909999995 0.3609697008
vt 0.689000001 0.3512727309
vt 0.706999997 0.3609697051
vt 0.6890000007 0.351272731
vt 0.7060000001 0.3512727289
vt 0.7069999962 0.3609697053
vt 0.7069999973 0.3609697052
vt 0.7060000003 0.3512727289
vt 0.7220000013 0.3503030371
vt 0.6890000005 0.3512727309
vt 0.6880000021 0.3415757461
vt 0.706 0.3512727288
vt 0.6880000017 0.3415757462
vt 0.7050000005 0.3415757613
vt 0.706 0.3512727288
vt 0.0234375 0.02272727273
vt 0.0234375 0.02272727273
vt 0.0234375 0.02272727273
vt 0.7060000003 0.3512727288
vt 0.7050000002 0.3415757614
vt 0.7210000011 0.3406060561
vt 0.0234375 0.02272727273
vt 0.0234375 0.02272727273
vt 0.0234375 0.02272727273
vt 0.0234375 0.02272727273
vt 0.0234375 0.02272727273
vt 0.0234375 0.02272727273
vt 0.0234375 0.02272727273
vt 0.0234375 0.02272727273
vt 0.0234375 0.02272727273
vt 0.0234375 0.02272727273
vt 0.0234375 0.02272727273
vt 0.0234375 0.02272727273
vt 0.0234375 0.02272727273
vt 0.0234375 0.02272727273
vt 0.0234375 0.02272727273
vt 0.0234375 0.02272727273
vt 0.0234375 0.02272727273
vt 0.0234375 0.02272727273
vt 0.0234375 0.02272727273
vt 0.0234375 0.02272727273
vt 0.0234375 0.02272727273
vt 0.0234375 0.02272727273
vt 0.0234375 0.02272727273
vt 0.0234375 0.02272727273
vt 0.0234375 0.02272727273
vt 0.0234375 0.02272727273
vt 0.0234375 0.02272727273
vt 0.0234375 0.02272727273
vt 0.0234375 0.02272727273
vt 0.0234375 0.02272727273
vt 0.0234375 0.02272727273
vt 0.0234375 0.02272727273
vt 0.0234375 0.02272727273
vt 0.7069999979 0.360969705
vt 0.7220000015 0.3503030362
vt 0.7230000015 0.3590302992
vt 0.7230000007 0.3590302994
vt 0.7220000001 0.3503030364
vt 0.7390000001 0.3590303054
vt 0.7220000004 0.3503030374
vt 0.7379999988 0.349333324
vt 0.7390000003 0.3590303058
vt 0.0234375 0.02272727273
vt 0.0234375 0.02272727273
vt 0.0234375 0.02272727273
vt 0.7060000002 0.3512727288
vt 0.7210000011 0.3406060562
vt 0.7220000013 0.3503030375
vt 0.7220000002 0.3503030377
vt 0.7209999998 0.3406060564
vt 0.737999999 0.349333324
vt 0.7210000004 0.3406060559
vt 0.7380000001 0.3396363567
vt 0.7379999994 0.3493333243
vt 0.0234375 0.02272727273
vt 0.0234375 0.02272727273
vt 0.0234375 0.02272727273
vt 0.6861529377 0.3385156535
vt 0.6872572641 0.3379746025
vt 0.6880000016 0.3415757463
vt 0.6880000007 0.3415757464
vt 0.6872572635 0.3379746025
vt 0.687498444 0.3378924945
vt 0.0234375 0.02272727273
vt 0.0234375 0.02272727273
vt 0.0234375 0.02272727273
vt 0.0234375 0.02272727273
vt 0.0234375 0.02272727273
vt 0.0234375 0.02272727273
vt 0.6880000007 0.3415757464
vt 0.6935299264 0.335721815
vt 0.7050000008 0.3415757613
vt 0.6880000007 0.3415757464
vt 0.687498444 0.3378924945
vt 0.6935299264 0.335721815
vt 0.0234375 0.02272727273
vt 0.0234375 0.02272727273
vt 0.0234375 0.02272727273
vt 0.0234375 0.02272727273
vt 0.0234375 0.02272727273
vt 0.0234375 0.02272727273
vt 0.6935299262 0.335721815
vt 0.6953335838 0.3351349952
vt 0.7050000005 0.3415757612
vt 0.0234375 0.02272727273
vt 0.0234375 0.02272727273
vt 0.0234375 0.02272727273
vt 0.6953335838 0.3351349952
vt 0.7026964693 0.3322870133
vt 0.7050000005 0.3415757612
vt 0.0234375 0.02272727273
vt 0.0234375 0.02272727273
vt 0.0234375 0.02272727273
vt 0.0234375 0.02272727273
vt 0.0234375 0.02272727273
vt 0.0234375 0.02272727273
vt 0.7050000005 0.3415757612
vt 0.7026964693 0.3322870133
vt 0.7036714249 0.3318787794
vt 0.7050000005 0.3415757612
vt 0.7036714249 0.3318787794
vt 0.7040000025 0.3318787828
vt 0.7050000001 0.3415757613
vt 0.7040000018 0.3318787829
vt 0.7199999977 0.3309090937
vt 0.0234375 0.02272727273
vt 0.0234375 0.02272727273
vt 0.0234375 0.02272727273
vt 0.0234375 0.02272727273
vt 0.0234375 0.02272727273
vt 0.0234375 0.02272727273
vt 0.0234375 0.02272727273
vt 0.0234375 0.02272727273
vt 0.0234375 0.02272727273
vt 0.703671424 0.3318787792
vt 0.7039725175 0.3317455324
vt 0.7040000019 0.3318787827
vt 0.7040000013 0.3318787828
vt 0.7039725175 0.3317455324
vt 0.7043037286 0.331662794
vt 0.0234375 0.02272727273
vt 0.0234375 0.02272727273
vt 0.0234375 0.02272727273
vt 0.0234375 0.02272727273
vt 0.0234375 0.02272727273
vt 0.0234375 0.02272727273
vt 0.0234375 0.02272727273
vt 0.0234375 0.02272727273
vt 0.0234375 0.02272727273
vt 0.0234375 0.02272727273
vt 0.0234375 0.02272727273
vt 0.0234375 0.02272727273
vt 0.7040000017 0.3318787828
vt 0.7043037294 0.331662794
vt 0.7199999977 0.3309090936
vt 0.7043037294 0.331662794
vt 0.7049552112 0.3314930247
vt 0.7199999977 0.3309090936
vt 0.7049552112 0.3314930247
vt 0.7070376346 0.33080456
vt 0.7199999977 0.3309090936
vt 0.0234375 0.02272727273
vt 0.0234375 0.02272727273
vt 0.0234375 0.02272727273
vt 0.0234375 0.02272727273
vt 0.0234375 0.02272727273
vt 0.0234375 0.02272727273
vt 0.7070376346 0.33080456
vt 0.7138424578 0.3283632035
vt 0.7199999977 0.3309090936
vt 0.0234375 0.02272727273
vt 0.0234375 0.02272727273
vt 0.0234375 0.02272727273
vt 0.0234375 0.02272727273
vt 0.0234375 0.02272727273
vt 0.0234375 0.02272727273
vt 0.0234375 0.02272727273
vt 0.0234375 0.02272727273
vt 0.0234375 0.02272727273
vt 0.7050000002 0.3415757613
vt 0.7199999978 0.3309090938
vt 0.721000001 0.3406060561
vt 0.0234375 0.02272727273
vt 0.0234375 0.02272727273
vt 0.0234375 0.02272727273
vt 0.0234375 0.02272727273
vt 0.0234375 0.02272727273
vt 0.0234375 0.02272727273
vt 0.7210000001 0.3406060563
vt 0.7199999997 0.3309090935
vt 0.7379999996 0.339636357
vt 0.72 0.3309090931
vt 0.7370000012 0.3289697087
vt 0.7379999996 0.3396363566
vt 0.0234375 0.02272727273
vt 0.0234375 0.02272727273
vt 0.0234375 0.02272727273
vt 0.0234375 0.02272727273
vt 0.0234375 0.02272727273
vt 0.0234375 0.02272727273
vt 0.0234375 0.02272727273
vt 0.0234375 0.02272727273
vt 0.0234375 0.02272727273
vt 0.7138424578 0.3283632035
vt 0.7187093292 0.3262686286
vt 0.7199999977 0.3309090936
vt 0.7187093292 0.3262686286
vt 0.7194849764 0.3259149576
vt 0.7199999977 0.3309090936
vt 0.7199999999 0.3309090933
vt 0.7194849785 0.3259149573
vt 0.7235020086 0.3254919448
vt 0.7199999999 0.3309090933
vt 0.7235020086 0.3254919448
vt 0.7246120285 0.3253132479
vt 0.7199999999 0.3309090933
vt 0.7246120285 0.3253132479
vt 0.7289148184 0.324425593
vt 0.0234375 0.02272727273
vt 0.0234375 0.02272727273
vt 0.0234375 0.02272727273
vt 0.0234375 0.02272727273
vt 0.0234375 0.02272727273
vt 0.0234375 0.02272727273
vt 0.0234375 0.02272727273
vt 0.0234375 0.02272727273
vt 0.0234375 0.02272727273
vt 0.7200000001 0.3309090935
vt 0.7289148187 0.3244255933
vt 0.7370000014 0.3289697078
vt 0.0234375 0.02272727273
vt 0.0234375 0.02272727273
vt 0.0234375 0.02272727273
vt 0.0234375 0.02272727273
vt 0.0234375 0.02272727273
vt 0.0234375 0.02272727273
vt 0.0234375 0.02272727273
vt 0.0234375 0.02272727273
vt 0.0234375 0.02272727273
vt 0.7289148187 0.3244255933
vt 0.7348010386 0.3233589241
vt 0.7370000014 0.3289697078
vt 0.0234375 0.02272727273
vt 0.0234375 0.02272727273
vt 0.0234375 0.02272727273
vt 0.0234375 0.02272727273
vt 0.0234375 0.02272727273
vt 0.0234375 0.02272727273
vt 0.7348010386 0.3233589241
vt 0.7363820929 0.3229778708
vt 0.7370000014 0.3289697078
vt 0.04600000073 0.6460606135
vt 0.05499999982 0.6460605973
vt 0.05600000045 0.6576969713
vt 0.0460000008 0.6460606135
vt 0.05600000045 0.6576969713
vt 0.04700000078 0.6576969804
vt 0.05500000092 0.6460605969
vt 0.06399999938 0.6470303139
vt 0.06499999968 0.6586666746
vt 0.05500000078 0.6460605973
vt 0.06499999979 0.6586666743
vt 0.05600000062 0.6576969713
vt 0.06399999913 0.6470303141
vt 0.07499999951 0.6586666766
vt 0.06499999923 0.6586666748
vt 0.04699999991 0.6576969798
vt 0.05599999997 0.6693333363
vt 0.04699999985 0.6693333401
vt 0.04699999945 0.6576969801
vt 0.05600000025 0.6576969712
vt 0.05599999987 0.6693333363
vt 0.05600000055 0.6576969712
vt 0.06499999941 0.6586666742
vt 0.06600000053 0.6703030218
vt 0.06399999886 0.6470303131
vt 0.07399999938 0.6479999947
vt 0.07499999915 0.6586666758
vt 0.07399999989 0.6479999942
vt 0.08599999997 0.648969686
vt 0.08599999928 0.6606060654
vt 0.07399999939 0.6479999947
vt 0.08599999981 0.6606060649
vt 0.07499999914 0.6586666757
vt 0.0859999999 0.648969686
vt 0.09899999735 0.6615757594
vt 0.08599999928 0.6606060654
vt 0.08599999908 0.6489696872
vt 0.09799999817 0.6509090908
vt 0.09899999762 0.6615757589
vt 0.06499999883 0.6586666747
vt 0.07499999903 0.6586666764
vt 0.07600000254 0.6703030367
vt 0.07499999935 0.6586666752
vt 0.08599999991 0.6606060647
vt 0.08799999905 0.6712727285
vt 0.08599999941 0.6606060652
vt 0.09899999741 0.6615757592
vt 0.1000000003 0.6732121306
vt 0.04700000017 0.6693333406
vt 0.05600000011 0.6693333365
vt 0.05700000009 0.6819393865
vt 0.05600000046 0.6576969712
vt 0.06600000103 0.6703030219
vt 0.05600000069 0.6693333363
vt 0.06499999916 0.6586666744
vt 0.07600000246 0.6703030368
vt 0.0660000005 0.6703030216
vt 0.0560000008 0.6693333363
vt 0.06600000067 0.6703030221
vt 0.06699999999 0.6819393888
vt 0.04700000043 0.6693333405
vt 0.05699999982 0.6819393866
vt 0.04800000092 0.6819394009
vt 0.0560000009 0.6693333364
vt 0.06699999977 0.6819393884
vt 0.05700000061 0.6819393864
vt 0.0234375 0.02272727273
vt 0.0234375 0.02272727273
vt 0.0234375 0.02272727273
vt 0.0234375 0.02272727273
vt 0.0234375 0.02272727273
vt 0.0234375 0.02272727273
vt 0.0234375 0.02272727273
vt 0.0234375 0.02272727273
vt 0.0234375 0.02272727273
vt 0.0234375 0.02272727273
vt 0.0234375 0.02272727273
vt 0.0234375 0.02272727273
vt 0.0234375 0.02272727273
vt 0.0234375 0.02272727273
vt 0.0234375 0.02272727273
vt 0.0234375 0.02272727273
vt 0.0234375 0.02272727273
vt 0.0234375 0.02272727273
vt 0.0234375 0.02272727273
vt 0.0234375 0.02272727273
vt 0.0234375 0.02272727273
vt 0.06600000022 0.6703030217
vt 0.07600000266 0.6703030369
vt 0.07800000117 0.6819394018
vt 0.07499999877 0.6586666763
vt 0.0879999989 0.6712727288
vt 0.07600000314 0.6703030368
vt 0.08599999989 0.6606060648
vt 0.100000001 0.67321213
vt 0.08799999906 0.6712727286
vt 0.06600000074 0.6703030219
vt 0.07800000067 0.6819394018
vt 0.06700000001 0.6819393887
vt 0.07600000321 0.6703030369
vt 0.08999999862 0.682909098
vt 0.07800000173 0.6819394017
vt 0.07600000327 0.6703030369
vt 0.08799999894 0.6712727288
vt 0.08999999848 0.6829090982
vt 0.08799999889 0.6712727288
vt 0.1029999998 0.6838787902
vt 0.08999999863 0.6829090982
vt 0.0234375 0.02272727273
vt 0.0234375 0.02272727273
vt 0.0234375 0.02272727273
vt 0.0234375 0.02272727273
vt 0.0234375 0.02272727273
vt 0.0234375 0.02272727273
vt 0.0234375 0.02272727273
vt 0.0234375 0.02272727273
vt 0.0234375 0.02272727273
vt 0.0234375 0.02272727273
vt 0.0234375 0.02272727273
vt 0.0234375 0.02272727273
vt 0.08799999915 0.6712727285
vt 0.1000000015 0.6732121304
vt 0.1029999999 0.6838787902
vt 0.0234375 0.02272727273
vt 0.0234375 0.02272727273
vt 0.0234375 0.02272727273
vt 0.0234375 0.02272727273
vt 0.0234375 0.02272727273
vt 0.0234375 0.02272727273
vt 0.0234375 0.02272727273
vt 0.0234375 0.02272727273
vt 0.0234375 0.02272727273
vt 0.0234375 0.02272727273
vt 0.0234375 0.02272727273
vt 0.0234375 0.02272727273
vt 0.0234375 0.02272727273
vt 0.0234375 0.02272727273
vt 0.0234375 0.02272727273
vt 0.0234375 0.02272727273
vt 0.0234375 0.02272727273
vt 0.0234375 0.02272727273
vt 0.0234375 0.02272727273
vt 0.0234375 0.02272727273
vt 0.0234375 0.02272727273
vt 0.0234375 0.02272727273
vt 0.0234375 0.02272727273
vt 0.0234375 0.02272727273
vt 0.0234375 0.02272727273
vt 0.0234375 0.02272727273
vt 0.0234375 0.02272727273
vt 0.0234375 0.02272727273
vt 0.0234375 0.02272727273
vt 0.0234375 0.02272727273
vt 0.0234375 0.02272727273
vt 0.0234375 0.02272727273
vt 0.0234375 0.02272727273
vt 0.0234375 0.02272727273
vt 0.0234375 0.02272727273
vt 0.0234375 0.02272727273
vt 0.0234375 0.02272727273
vt 0.0234375 0.02272727273
vt 0.0234375 0.02272727273
vt 0.0234375 0.02272727273
vt 0.0234375 0.02272727273
vt 0.0234375 0.02272727273
vt 0.0234375 0.02272727273
vt 0.0234375 0.02272727273
vt 0.0234375 0.02272727273
vt 0.0234375 0.02272727273
vt 0.0234375 0.02272727273
vt 0.0234375 0.02272727273
vt 0.0234375 0.02272727273
vt 0.0234375 0.02272727273
vt 0.0234375 0.02272727273
vt 0.0234375 0.02272727273
vt 0.0234375 0.02272727273
vt 0.0234375 0.02272727273
vt 0.0234375 0.02272727273
vt 0.0234375 0.02272727273
vt 0.0234375 0.02272727273
vt 0.0234375 0.02272727273
vt 0.0234375 0.02272727273
vt 0.0234375 0.02272727273
vt 0.0234375 0.02272727273
vt 0.0234375 0.02272727273
vt 0.0234375 0.02272727273
vt 0.0234375 0.02272727273
vt 0.0234375 0.02272727273
vt 0.0234375 0.02272727273
vt 0.0234375 0.02272727273
vt 0.0234375 0.02272727273
vt 0.0234375 0.02272727273
vt 0.0234375 0.02272727273
vt 0.0234375 0.02272727273
vt 0.0234375 0.02272727273
vt 0.0234375 0.02272727273
vt 0.0234375 0.02272727273
vt 0.0234375 0.02272727273
vt 0.0234375 0.02272727273
vt 0.0234375 0.02272727273
vt 0.0234375 0.02272727273
vt 0.0234375 0.02272727273
vt 0.0234375 0.02272727273
vt 0.0234375 0.02272727273
vt 0.0234375 0.02272727273
vt 0.0234375 0.02272727273
vt 0.0234375 0.02272727273
vt 0.0234375 0.02272727273
vt 0.0234375 0.02272727273
vt 0.0234375 0.02272727273
vt 0.0234375 0.02272727273
vt 0.0234375 0.02272727273
vt 0.0234375 0.02272727273
vt 0.0234375 0.02272727273
vt 0.0234375 0.02272727273
vt 0.0234375 0.02272727273
vt 0.0234375 0.02272727273
vt 0.0234375 0.02272727273
vt 0.0234375 0.02272727273
vt 0.0234375 0.02272727273
vt 0.0234375 0.02272727273
vt 0.0234375 0.02272727273
vt 0.0234375 0.02272727273
vt 0.0234375 0.02272727273
vt 0.0234375 0.02272727273
vt 0.0234375 0.02272727273
vt 0.0234375 0.02272727273
vt 0.0234375 0.02272727273
vt 0.0234375 0.02272727273
vt 0.0234375 0.02272727273
vt 0.0234375 0.02272727273
vt 0.0234375 0.02272727273
vt 0.0234375 0.02272727273
vt 0.0234375 0.02272727273
vt 0.0234375 0.02272727273
vt 0.0234375 0.02272727273
vt 0.0234375 0.02272727273
vt 0.0234375 0.02272727273
vt 0.0234375 0.02272727273
vt 0.0234375 0.02272727273
vt 0.0234375 0.02272727273
vt 0.0234375 0.02272727273
vt 0.0234375 0.02272727273
vt 0.0234375 0.02272727273
vt 0.0234375 0.02272727273
vt 0.0234375 0.02272727273
vt 0.0234375 0.02272727273
vt 0.0234375 0.02272727273
vt 0.0234375 0.02272727273
vt 0.0234375 0.02272727273
vt 0.0234375 0.02272727273
vt 0.0234375 0.02272727273
vt 0.0234375 0.02272727273
vt 0.0234375 0.02272727273
vt 0.0234375 0.02272727273
vt 0.0234375 0.02272727273
vt 0.0234375 0.02272727273
vt 0.0234375 0.02272727273
vt 0.0234375 0.02272727273
vt 0.0234375 0.02272727273
vt 0.0234375 0.02272727273
vt 0.0234375 0.02272727273
vt 0.0234375 0.02272727273
vt 0.0234375 0.02272727273
vt 0.0234375 0.02272727273
vt 0.0234375 0.02272727273
vt 0.0234375 0.02272727273
vt 0.0234375 0.02272727273
vt 0.0234375 0.02272727273
vt 0.0234375 0.02272727273
vt 0.0234375 0.02272727273
vt 0.0234375 0.02272727273
vt 0.0234375 0.02272727273
vt 0.0234375 0.02272727273
vt 0.0234375 0.02272727273
vt 0.0234375 0.02272727273
vt 0.0234375 0.02272727273
vt 0.0234375 0.02272727273
vt 0.0234375 0.02272727273
vt 0.0234375 0.02272727273
vt 0.0234375 0.02272727273
vt 0.0234375 0.02272727273
vt 0.0234375 0.02272727273
vt 0.0234375 0.02272727273
vt 0.0234375 0.02272727273
vt 0.0234375 0.02272727273
vt 0.0234375 0.02272727273
vt 0.0234375 0.02272727273
vt 0.09799999798 0.650909091
vt 0.1130000008 0.6518787852
vt 0.1130000012 0.6635151435
vt 0.1130000007 0.6518787852
vt 0.1279999981 0.6547878723
vt 0.113000001 0.6635151436
vt 0.09799999807 0.6509090909
vt 0.1130000007 0.6635151439
vt 0.09899999751 0.6615757591
vt 0.1130000004 0.6635151434
vt 0.1279999975 0.6547878722
vt 0.1280000023 0.6664242438
vt 0.1279999976 0.6547878721
vt 0.1439999963 0.6586666779
vt 0.1280000022 0.6664242439
vt 0.09899999744 0.6615757591
vt 0.1139999968 0.6751515191
vt 0.1000000007 0.6732121305
vt 0.09899999741 0.6615757592
vt 0.1130000011 0.6635151432
vt 0.1139999968 0.6751515192
vt 0.113000001 0.6635151433
vt 0.1280000022 0.6664242438
vt 0.1139999969 0.675151519
vt 0.128000002 0.6664242439
vt 0.1420000001 0.6693333377
vt 0.1279999985 0.6770909184
vt 0.1139999969 0.675151519
vt 0.1280000021 0.6664242438
vt 0.1279999985 0.6770909184
vt 0.1000000016 0.6732121304
vt 0.1139999972 0.6751515191
vt 0.103 0.6838787901
vt 0.1139999972 0.6751515191
vt 0.1160000011 0.6858181747
vt 0.1029999999 0.6838787902
vt 0.1139999971 0.6751515193
vt 0.1279999991 0.6770909185
vt 0.1160000011 0.6858181746
vt 0.1160000011 0.6858181748
vt 0.1279999991 0.6770909184
vt 0.1299999979 0.6867878756
vt 0.1279999983 0.6547878721
vt 0.1490000011 0.647030296
vt 0.143999995 0.6586666775
vt 0.1280000021 0.6664242438
vt 0.143999996 0.6586666777
vt 0.1420000004 0.6693333377
vt 0.1490000011 0.647030296
vt 0.1710000001 0.6518787894
vt 0.1439999956 0.6586666777
vt 0.1439999956 0.6586666775
vt 0.1710000002 0.6518787897
vt 0.1589999998 0.662545466
vt 0.1589999997 0.6625454661
vt 0.171 0.6518787895
vt 0.1669999976 0.6664242535
vt 0.1439999963 0.6586666778
vt 0.154000001 0.6712727178
vt 0.1420000004 0.6693333377
vt 0.1439999952 0.658666677
vt 0.1589999994 0.6625454653
vt 0.1540000017 0.6712727184
vt 0.1590000005 0.6625454653
vt 0.1669999985 0.6664242527
vt 0.1639999992 0.6732121215
vt 0.1709999994 0.65187879
vt 0.1979999998 0.654787883
vt 0.174000001 0.6606060545
vt 0.1710000004 0.6518787897
vt 0.1740000006 0.6606060542
vt 0.1669999965 0.6664242532
vt 0.1740000013 0.6606060552
vt 0.1979999996 0.6547878827
vt 0.1859999996 0.6625454587
vt 0.0234375 0.02272727273
vt 0.0234375 0.02272727273
vt 0.0234375 0.02272727273
vt 0.9440000037 0.7013333334
vt 0.9425949453 0.6990625271
vt 0.9495500021 0.6995393968
vt 0.9440000009 0.7013333353
vt 0.9419670369 0.7001505234
vt 0.9425949399 0.6990625306
vt 0.9459999994 0.7052121176
vt 0.9410000002 0.7023030253
vt 0.9439999998 0.7013333346
vt 0.9440000004 0.7013333349
vt 0.9409999989 0.7023030254
vt 0.9419670355 0.7001505218
vt 0.9419670355 0.7001505218
vt 0.9409999989 0.7023030254
vt 0.9404400011 0.7012169712
vt 0.0234375 0.02272727273
vt 0.0234375 0.02272727273
vt 0.0234375 0.02272727273
vt 0.9120000089 0.3086060611
vt 0.912000012 0.3075482137
vt 0.9133999986 0.307791517
vt 0.956000008 0.7129696935
vt 0.9479999963 0.712000004
vt 0.9540000034 0.7081212107
vt 0.1859999997 0.6625454592
vt 0.1979999996 0.6547878831
vt 0.2059999997 0.6683636463
vt 0.1859999999 0.6625454592
vt 0.2060000003 0.668363646
vt 0.1920000001 0.6703030363
vt 0.947999997 0.712000004
vt 0.9470000002 0.7090909071
vt 0.9540000038 0.7081212107
vt 0.9470000016 0.709090907
vt 0.9459999963 0.7052121191
vt 0.9520000068 0.7032727239
vt 0.9470000013 0.7090909067
vt 0.9520000062 0.7032727226
vt 0.9540000043 0.7081212115
vt 0.9479999999 0.7120000052
vt 0.9359999991 0.7129696963
vt 0.9469999997 0.7090909068
vt 0.9359999984 0.7129696955
vt 0.9400000019 0.7081212147
vt 0.946999999 0.7090909068
vt 0.9469999986 0.7090909079
vt 0.9400000016 0.7081212108
vt 0.9460000006 0.7052121178
vt 0.9460000019 0.7052121201
vt 0.9400000029 0.7081212116
vt 0.9410000046 0.7061818163
vt 0.9459999956 0.7052121193
vt 0.9440000034 0.7013333329
vt 0.9520000067 0.7032727245
vt 0.9520000084 0.7032727251
vt 0.9440000038 0.7013333331
vt 0.9495500022 0.6995393958
vt 0.9520000084 0.7032727251
vt 0.9495500022 0.6995393958
vt 0.9500697565 0.6995292482
vt 0.9460000009 0.7052121178
vt 0.9410000028 0.7061818124
vt 0.9410000028 0.7023030252
vt 0.0234375 0.02272727273
vt 0.0234375 0.02272727273
vt 0.0234375 0.02272727273
vt 0.9120000087 0.3086060624
vt 0.9096136455 0.3067548262
vt 0.9120000117 0.3075482155
vt 0.909000008 0.3115151512
vt 0.9096136453 0.3067548261
vt 0.9120000083 0.3086060617
vt 0.0234375 0.02272727273
vt 0.0234375 0.02272727273
vt 0.0234375 0.02272727273
vt 0.909000008 0.3115151512
vt 0.9074339751 0.3062001203
vt 0.9096136453 0.3067548261
vt 0.0234375 0.02272727273
vt 0.0234375 0.02272727273
vt 0.0234375 0.02272727273
vt 0.0234375 0.02272727273
vt 0.0234375 0.02272727273
vt 0.0234375 0.02272727273
vt 0.9560000128 0.7129696944
vt 0.9540000053 0.7081212111
vt 0.9619999998 0.7061818176
vt 0.9540000057 0.7081212123
vt 0.9520000085 0.7032727239
vt 0.9600000111 0.7013333305
vt 0.907000004 0.3144242433
vt 0.9000000001 0.3134545435
vt 0.9090000077 0.3115151514
vt 0.952000007 0.7032727239
vt 0.9500697582 0.6995292497
vt 0.955429744 0.6986165826
vt 0.0234375 0.02272727273
vt 0.0234375 0.02272727273
vt 0.0234375 0.02272727273
vt 0.9520000085 0.7032727242
vt 0.9554297422 0.6986165822
vt 0.9600000112 0.7013333308
vt 0.9090000091 0.3115151517
vt 0.9030000122 0.308606066
vt 0.9074339765 0.306200121
vt 0.0234375 0.02272727273
vt 0.0234375 0.02272727273
vt 0.0234375 0.02272727273
vt 0.9074339765 0.306200121
vt 0.9030000122 0.308606066
vt 0.9058915693 0.3058021209
vt 0.8999999999 0.3134545433
vt 0.9030000121 0.3086060663
vt 0.9090000083 0.3115151528
vt 0.0234375 0.02272727273
vt 0.0234375 0.02272727273
vt 0.0234375 0.02272727273
vt 0.9030000121 0.3086060643
vt 0.9010800208 0.3048824302
vt 0.9058915692 0.3058021203
vt 0.9069999952 0.3202424234
vt 0.8999999997 0.3134545437
vt 0.907000004 0.3144242438
vt 0.9069999957 0.3202424233
vt 0.8969999943 0.3221818167
vt 0.8999999996 0.3134545437
vt 0.0234375 0.02272727273
vt 0.0234375 0.02272727273
vt 0.0234375 0.02272727273
vt 0.1420000003 0.6693333376
vt 0.1420000002 0.6790302968
vt 0.127999999 0.6770909183
vt 0.0234375 0.02272727273
vt 0.0234375 0.02272727273
vt 0.0234375 0.02272727273
vt 0.0234375 0.02272727273
vt 0.0234375 0.02272727273
vt 0.0234375 0.02272727273
vt 0.0234375 0.02272727273
vt 0.0234375 0.02272727273
vt 0.0234375 0.02272727273
vt 0.0234375 0.02272727273
vt 0.0234375 0.02272727273
vt 0.0234375 0.02272727273
vt 0.0234375 0.02272727273
vt 0.0234375 0.02272727273
vt 0.0234375 0.02272727273
vt 0.0234375 0.02272727273
vt 0.0234375 0.02272727273
vt 0.0234375 0.02272727273
vt 0.0234375 0.02272727273
vt 0.0234375 0.02272727273
vt 0.0234375 0.02272727273
vt 0.127999999 0.6770909183
vt 0.1420000002 0.6790302969
vt 0.129999998 0.6867878755
vt 0.129999998 0.6867878757
vt 0.1420000002 0.6790302971
vt 0.1439999978 0.6877575846
vt 0.0234375 0.02272727273
vt 0.0234375 0.02272727273
vt 0.0234375 0.02272727273
vt 0.0234375 0.02272727273
vt 0.0234375 0.02272727273
vt 0.0234375 0.02272727273
vt 0.0234375 0.02272727273
vt 0.0234375 0.02272727273
vt 0.0234375 0.02272727273
vt 0.0234375 0.02272727273
vt 0.0234375 0.02272727273
vt 0.0234375 0.02272727273
vt 0.0234375 0.02272727273
vt 0.0234375 0.02272727273
vt 0.0234375 0.02272727273
vt 0.0234375 0.02272727273
vt 0.0234375 0.02272727273
vt 0.0234375 0.02272727273
vt 0.0234375 0.02272727273
vt 0.0234375 0.02272727273
vt 0.0234375 0.02272727273
vt 0.0234375 0.02272727273
vt 0.0234375 0.02272727273
vt 0.0234375 0.02272727273
vt 0.0234375 0.02272727273
vt 0.0234375 0.02272727273
vt 0.0234375 0.02272727273
vt 0.0234375 0.02272727273
vt 0.0234375 0.02272727273
vt 0.0234375 0.02272727273
vt 0.0234375 0.02272727273
vt 0.0234375 0.02272727273
vt 0.0234375 0.02272727273
vt 0.0234375 0.02272727273
vt 0.0234375 0.02272727273
vt 0.0234375 0.02272727273
vt 0.0234375 0.02272727273
vt 0.0234375 0.02272727273
vt 0.0234375 0.02272727273
vt 0.0234375 0.02272727273
vt 0.0234375 0.02272727273
vt 0.0234375 0.02272727273
vt 0.0234375 0.02272727273
vt 0.0234375 0.02272727273
vt 0.0234375 0.02272727273
vt 0.0234375 0.02272727273
vt 0.0234375 0.02272727273
vt 0.0234375 0.02272727273
vt 0.1420000004 0.6693333376
vt 0.154000002 0.6799999956
vt 0.1420000003 0.6790302968
vt 0.1540000016 0.6712727184
vt 0.1589999997 0.6625454653
vt 0.1639999994 0.6732121214
vt 0.9560000108 0.7129696958
vt 0.9619999999 0.7061818175
vt 0.9640000006 0.7129696964
vt 0.1420000007 0.6693333377
vt 0.1540000004 0.6712727176
vt 0.1540000015 0.6799999954
vt 0.1540000024 0.6712727182
vt 0.1639999992 0.6732121219
vt 0.1619999995 0.6809697034
vt 0.1420000002 0.679030297
vt 0.1468536608 0.6877575836
vt 0.1439999978 0.6877575847
vt 0.1420000002 0.679030297
vt 0.149070902 0.6876042055
vt 0.1468536608 0.6877575836
vt 0.1420000002 0.679030297
vt 0.1546940283 0.6874566272
vt 0.149070902 0.6876042055
vt 0.1540000006 0.6712727177
vt 0.1620000011 0.6809697031
vt 0.1540000016 0.6799999955
vt 0.1420000004 0.6790302968
vt 0.1540000021 0.6799999956
vt 0.1555192255 0.6874578866
vt 0.0234375 0.02272727273
vt 0.0234375 0.02272727273
vt 0.0234375 0.02272727273
vt 0.1420000002 0.679030297
vt 0.1555192255 0.6874578866
vt 0.1546940283 0.6874566272
vt 0.1540000021 0.6799999956
vt 0.1559181559 0.6874401371
vt 0.1555192255 0.6874578866
vt 0.1540000015 0.6799999959
vt 0.1620000012 0.6809697026
vt 0.164 0.6877575809
vt 0.1540000019 0.6799999957
vt 0.1639999995 0.6877575812
vt 0.1559181566 0.6874401368
vt 0.9640000008 0.7129696968
vt 0.9690000083 0.7042424229
vt 0.972000006 0.7110303002
vt 0.9720000049 0.7110302999
vt 0.9760000058 0.7013333324
vt 0.9780000051 0.707151514
vt 0.9540000052 0.7081212113
vt 0.9600000104 0.7013333291
vt 0.962 0.7061818176
vt 0.9600000112 0.7013333308
vt 0.9554297422 0.6986165822
vt 0.9581515003 0.6983458867
vt 0.0234375 0.02272727273
vt 0.0234375 0.02272727273
vt 0.0234375 0.02272727273
vt 0.8999999999 0.3134545435
vt 0.8920000114 0.3115151551
vt 0.9030000122 0.3086060638
vt 0.0234375 0.02272727273
vt 0.0234375 0.02272727273
vt 0.0234375 0.02272727273
vt 0.9030000115 0.3086060639
vt 0.895999988 0.3056969695
vt 0.9010800194 0.3048824298
vt 0.9640000004 0.7129696965
vt 0.9619999999 0.7061818175
vt 0.9690000083 0.7042424231
vt 0.9619999999 0.7061818177
vt 0.9600000086 0.7013333305
vt 0.9670000027 0.6984242433
vt 0.9600000093 0.7013333313
vt 0.9581515028 0.6983458859
vt 0.9644509751 0.6979298895
vt 0.0234375 0.02272727273
vt 0.0234375 0.02272727273
vt 0.0234375 0.02272727273
vt 0.9600000093 0.7013333313
vt 0.9644509751 0.6979298895
vt 0.9670000032 0.6984242434
vt 0.8920000106 0.3115151553
vt 0.8959999882 0.3056969688
vt 0.9030000115 0.3086060641
vt 0.9010800194 0.3048824298
vt 0.895999988 0.3056969695
vt 0.8967058715 0.3045561499
vt 0.0234375 0.02272727273
vt 0.0234375 0.02272727273
vt 0.0234375 0.02272727273
vt 0.8959999878 0.3056969686
vt 0.8931428514 0.3037179965
vt 0.8967058712 0.3045561491
vt 0.8999999997 0.3134545438
vt 0.8969999941 0.322181817
vt 0.8879999906 0.3202424203
vt 0.8999999997 0.3134545442
vt 0.8879999897 0.3202424207
vt 0.8920000113 0.3115151553
vt 0.1919999996 0.6703030361
vt 0.207 0.6799999935
vt 0.1929999991 0.6790303127
vt 0.0234375 0.02272727273
vt 0.0234375 0.02272727273
vt 0.0234375 0.02272727273
vt 0.0234375 0.02272727273
vt 0.0234375 0.02272727273
vt 0.0234375 0.02272727273
vt 0.0234375 0.02272727273
vt 0.0234375 0.02272727273
vt 0.0234375 0.02272727273
vt 0.0234375 0.02272727273
vt 0.0234375 0.02272727273
vt 0.0234375 0.02272727273
vt 0.0234375 0.02272727273
vt 0.0234375 0.02272727273
vt 0.0234375 0.02272727273
vt 0.0234375 0.02272727273
vt 0.0234375 0.02272727273
vt 0.0234375 0.02272727273
vt 0.962 0.7061818177
vt 0.9670000028 0.6984242434
vt 0.9690000083 0.7042424235
vt 0.9644509737 0.69792989
vt 0.9668818333 0.6977366401
vt 0.967000003 0.6984242435
vt 0.9670000026 0.6984242435
vt 0.966881832 0.6977366402
vt 0.9684918045 0.6975976177
vt 0.0234375 0.02272727273
vt 0.0234375 0.02272727273
vt 0.0234375 0.02272727273
vt 0.0234375 0.02272727273
vt 0.0234375 0.02272727273
vt 0.0234375 0.02272727273
vt 0.9690000093 0.7042424234
vt 0.9670000031 0.6984242434
vt 0.9726740412 0.6971170277
vt 0.9670000031 0.6984242434
vt 0.9684918049 0.6975976174
vt 0.9726740412 0.6971170277
vt 0.8920000097 0.3115151568
vt 0.8860000091 0.3066666687
vt 0.8959999886 0.3056969671
vt 0.8959999881 0.3056969678
vt 0.8882090891 0.3023823705
vt 0.8931428516 0.303717996
vt 0.0234375 0.02272727273
vt 0.0234375 0.02272727273
vt 0.0234375 0.02272727273
vt 0.8959999881 0.3056969678
vt 0.8860000095 0.3066666682
vt 0.8882090891 0.3023823705
vt 0.972000007 0.7110303009
vt 0.9690000099 0.7042424236
vt 0.9760000075 0.7013333334
vt 0.9690000095 0.7042424237
vt 0.9726740415 0.6971170279
vt 0.9760000074 0.7013333338
vt 0.0234375 0.02272727273
vt 0.0234375 0.02272727273
vt 0.0234375 0.02272727273
vt 0.9760000074 0.7013333338
vt 0.9726740415 0.6971170279
vt 0.9746906508 0.6968894719
vt 0.0234375 0.02272727273
vt 0.0234375 0.02272727273
vt 0.0234375 0.02272727273
vt 0.0234375 0.02272727273
vt 0.0234375 0.02272727273
vt 0.0234375 0.02272727273
vt 0.8860000098 0.3066666677
vt 0.8848571266 0.3012948508
vt 0.888209089 0.3023823705
vt 0.8920000098 0.3115151553
vt 0.8879999912 0.3202424208
vt 0.881000002 0.3153939404
vt 0.8920000098 0.3115151563
vt 0.881000002 0.3153939408
vt 0.8860000084 0.3066666692
vt 0.1930000002 0.6790303133
vt 0.2039999999 0.6906666657
vt 0.191 0.6877575733
vt 0.0480000007 0.681939401
vt 0.05700000006 0.6819393865
vt 0.05800000072 0.6945454604
vt 0.04800000027 0.681939401
vt 0.05800000035 0.6945454604
vt 0.04799999972 0.6945454654
vt 0.05700000034 0.6819393868
vt 0.06699999957 0.6819393887
vt 0.06900000101 0.6935757537
vt 0.05700000072 0.6819393863
vt 0.06900000125 0.6935757533
vt 0.05800000222 0.6945454601
vt 0.04800000046 0.6945454663
vt 0.0599999999 0.7061818238
vt 0.04899999946 0.7071515053
vt 0.04800000121 0.6945454653
vt 0.05800000117 0.6945454605
vt 0.06000000044 0.7061818231
vt 0.0234375 0.02272727273
vt 0.0234375 0.02272727273
vt 0.0234375 0.02272727273
vt 0.0234375 0.02272727273
vt 0.0234375 0.02272727273
vt 0.0234375 0.02272727273
vt 0.0234375 0.02272727273
vt 0.0234375 0.02272727273
vt 0.0234375 0.02272727273
vt 0.05800000291 0.6945454601
vt 0.07099999966 0.7052121297
vt 0.05999999801 0.7061818236
vt 0.05800000257 0.6945454605
vt 0.06900000102 0.6935757535
vt 0.07099999965 0.7052121297
vt 0.0234375 0.02272727273
vt 0.0234375 0.02272727273
vt 0.0234375 0.02272727273
vt 0.0234375 0.02272727273
vt 0.0234375 0.02272727273
vt 0.0234375 0.02272727273
vt 0.0234375 0.02272727273
vt 0.0234375 0.02272727273
vt 0.0234375 0.02272727273
vt 0.06900000127 0.6935757533
vt 0.07312216893 0.7050250484
vt 0.07099999893 0.7052121299
vt 0.06900000127 0.6935757533
vt 0.07342406287 0.7048860407
vt 0.07312216893 0.7050250484
vt 0.0234375 0.02272727273
vt 0.0234375 0.02272727273
vt 0.0234375 0.02272727273
vt 0.0234375 0.02272727273
vt 0.0234375 0.02272727273
vt 0.0234375 0.02272727273
vt 0.0234375 0.02272727273
vt 0.0234375 0.02272727273
vt 0.0234375 0.02272727273
vt 0.0234375 0.02272727273
vt 0.0234375 0.02272727273
vt 0.0234375 0.02272727273
vt 0.0234375 0.02272727273
vt 0.0234375 0.02272727273
vt 0.0234375 0.02272727273
vt 0.0234375 0.02272727273
vt 0.0234375 0.02272727273
vt 0.0234375 0.02272727273
vt 0.0234375 0.02272727273
vt 0.0234375 0.02272727273
vt 0.0234375 0.02272727273
vt 0.0234375 0.02272727273
vt 0.0234375 0.02272727273
vt 0.0234375 0.02272727273
vt 0.0234375 0.02272727273
vt 0.0234375 0.02272727273
vt 0.0234375 0.02272727273
vt 0.0234375 0.02272727273
vt 0.0234375 0.02272727273
vt 0.0234375 0.02272727273
vt 0.06699999973 0.6819393885
vt 0.07800000108 0.6819394024
vt 0.080000003 0.6935757607
vt 0.06699999962 0.6819393887
vt 0.08000000323 0.6935757604
vt 0.06900000129 0.6935757536
vt 0.0780000016 0.6819394023
vt 0.09200000101 0.6945454507
vt 0.08000000344 0.6935757608
vt 0.07800000132 0.6819394027
vt 0.08999999828 0.6829090985
vt 0.09200000115 0.6945454505
vt 0.06900000141 0.6935757537
vt 0.08000000313 0.6935757608
vt 0.07983706623 0.7024677224
vt 0.0234375 0.02272727273
vt 0.0234375 0.02272727273
vt 0.0234375 0.02272727273
vt 0.0234375 0.02272727273
vt 0.0234375 0.02272727273
vt 0.0234375 0.02272727273
vt 0.06900000127 0.6935757533
vt 0.07983706661 0.7024677232
vt 0.07634254321 0.70374735
vt 0.06900000127 0.6935757533
vt 0.07634254321 0.70374735
vt 0.07342406287 0.7048860407
vt 0.0234375 0.02272727273
vt 0.0234375 0.02272727273
vt 0.0234375 0.02272727273
vt 0.0234375 0.02272727273
vt 0.0234375 0.02272727273
vt 0.0234375 0.02272727273
vt 0.08000000313 0.6935757608
vt 0.0815742049 0.701971518
vt 0.07983706623 0.7024677224
vt 0.08000000361 0.6935757608
vt 0.08245420632 0.7016986083
vt 0.0815742049 0.701971518
vt 0.08000000361 0.6935757608
vt 0.08906066282 0.7000188993
vt 0.08245420632 0.7016986083
vt 0.0234375 0.02272727273
vt 0.0234375 0.02272727273
vt 0.0234375 0.02272727273
vt 0.0234375 0.02272727273
vt 0.0234375 0.02272727273
vt 0.0234375 0.02272727273
vt 0.0234375 0.02272727273
vt 0.0234375 0.02272727273
vt 0.0234375 0.02272727273
vt 0.08000000366 0.6935757608
vt 0.09200000073 0.6945454509
vt 0.09213410454 0.6992823094
vt 0.08000000366 0.6935757608
vt 0.09213410454 0.6992823094
vt 0.09155224868 0.699409227
vt 0.09200000073 0.6945454509
vt 0.09257209343 0.6992120519
vt 0.09213410454 0.6992823094
vt 0.09200000073 0.6945454509
vt 0.09340740106 0.699094628
vt 0.09257209343 0.6992120519
vt 0.08000000366 0.6935757608
vt 0.09155224868 0.699409227
vt 0.08906066316 0.7000188992
vt 0.0234375 0.02272727273
vt 0.0234375 0.02272727273
vt 0.0234375 0.02272727273
vt 0.0234375 0.02272727273
vt 0.0234375 0.02272727273
vt 0.0234375 0.02272727273
vt 0.0234375 0.02272727273
vt 0.0234375 0.02272727273
vt 0.0234375 0.02272727273
vt 0.0234375 0.02272727273
vt 0.0234375 0.02272727273
vt 0.0234375 0.02272727273
vt 0.08999999819 0.6829090984
vt 0.1029999996 0.6838787904
vt 0.1050000005 0.6945454455
vt 0.0234375 0.02272727273
vt 0.0234375 0.02272727273
vt 0.0234375 0.02272727273
vt 0.08999999825 0.6829090988
vt 0.1050000004 0.6945454451
vt 0.09200000138 0.6945454502
vt 0.0234375 0.02272727273
vt 0.0234375 0.02272727273
vt 0.0234375 0.02272727273
vt 0.0234375 0.02272727273
vt 0.0234375 0.02272727273
vt 0.0234375 0.02272727273
vt 0.0234375 0.02272727273
vt 0.0234375 0.02272727273
vt 0.0234375 0.02272727273
vt 0.0234375 0.02272727273
vt 0.0234375 0.02272727273
vt 0.0234375 0.02272727273
vt 0.0234375 0.02272727273
vt 0.0234375 0.02272727273
vt 0.0234375 0.02272727273
vt 0.0234375 0.02272727273
vt 0.0234375 0.02272727273
vt 0.0234375 0.02272727273
vt 0.09200000103 0.6945454508
vt 0.1049999996 0.6945454461
vt 0.1016085459 0.6961340376
vt 0.09200000105 0.6945454505
vt 0.09742064286 0.6975021668
vt 0.09340740126 0.6990946279
vt 0.0234375 0.02272727273
vt 0.0234375 0.02272727273
vt 0.0234375 0.02272727273
vt 0.09200000103 0.6945454508
vt 0.1016085459 0.6961340376
vt 0.09742064285 0.6975021669
vt 0.0234375 0.02272727273
vt 0.0234375 0.02272727273
vt 0.0234375 0.02272727273
vt 0.0234375 0.02272727273
vt 0.0234375 0.02272727273
vt 0.0234375 0.02272727273
vt 0.04899999942 0.7071515067
vt 0.05999999991 0.7061818227
vt 0.05702139421 0.709358996
vt 0.0234375 0.02272727273
vt 0.0234375 0.02272727273
vt 0.0234375 0.02272727273
vt 0.04899999942 0.7071515067
vt 0.05300806677 0.7098384743
vt 0.04934007209 0.7104491753
vt 0.04899999942 0.7071515067
vt 0.05702139421 0.709358996
vt 0.05300806677 0.7098384743
vt 0.0234375 0.02272727273
vt 0.0234375 0.02272727273
vt 0.0234375 0.02272727273
vt 0.05702139426 0.709358996
vt 0.05999999993 0.7061818228
vt 0.05857282252 0.7091798839
vt 0.0234375 0.02272727273
vt 0.0234375 0.02272727273
vt 0.0234375 0.02272727273
vt 0.05857282252 0.7091798839
vt 0.05999999993 0.7061818228
vt 0.06029617304 0.7090538059
vt 0.0234375 0.02272727273
vt 0.0234375 0.02272727273
vt 0.0234375 0.02272727273
vt 0.0234375 0.02272727273
vt 0.0234375 0.02272727273
vt 0.0234375 0.02272727273
vt 0.0234375 0.02272727273
vt 0.0234375 0.02272727273
vt 0.0234375 0.02272727273
vt 0.05999999759 0.7061818237
vt 0.07099999898 0.7052121299
vt 0.0628149906 0.7084565586
vt 0.05999999795 0.7061818229
vt 0.06281499065 0.7084565585
vt 0.06029617135 0.709053806
vt 0.0234375 0.02272727273
vt 0.0234375 0.02272727273
vt 0.0234375 0.02272727273
vt 0.0234375 0.02272727273
vt 0.0234375 0.02272727273
vt 0.0234375 0.02272727273
vt 0.0234375 0.02272727273
vt 0.0234375 0.02272727273
vt 0.0234375 0.02272727273
vt 0.0234375 0.02272727273
vt 0.0234375 0.02272727273
vt 0.0234375 0.02272727273
vt 0.0234375 0.02272727273
vt 0.0234375 0.02272727273
vt 0.0234375 0.02272727273
vt 0.0234375 0.02272727273
vt 0.0234375 0.02272727273
vt 0.0234375 0.02272727273
vt 0.0234375 0.02272727273
vt 0.0234375 0.02272727273
vt 0.0234375 0.02272727273
vt 0.0234375 0.02272727273
vt 0.0234375 0.02272727273
vt 0.0234375 0.02272727273
vt 0.06392188 0.7080617728
vt 0.07099999898 0.7052121299
vt 0.07051084903 0.706128044
vt 0.07099999954 0.7052121304
vt 0.0731221693 0.7050250486
vt 0.07173808515 0.705723351
vt 0.07099999898 0.7052121299
vt 0.07107131893 0.7059728631
vt 0.07051084903 0.706128044
vt 0.07099999836 0.7052121299
vt 0.07173808483 0.705723351
vt 0.07107131897 0.7059728631
vt 0.0628149906 0.7084565586
vt 0.07099999898 0.7052121299
vt 0.06392188 0.7080617728
vt 0.0234375 0.02272727273
vt 0.0234375 0.02272727273
vt 0.0234375 0.02272727273
vt 0.1029999998 0.6838787904
vt 0.1160000015 0.6858181742
vt 0.1050000004 0.6945454456
vt 0.0234375 0.02272727273
vt 0.0234375 0.02272727273
vt 0.0234375 0.02272727273
vt 0.0234375 0.02272727273
vt 0.0234375 0.02272727273
vt 0.0234375 0.02272727273
vt 0.1085894445 0.6941737403
vt 0.116000001 0.6858181743
vt 0.1113576895 0.6934428057
vt 0.1069128287 0.6946779457
vt 0.116000001 0.6858181743
vt 0.1085894445 0.6941737403
vt 0.1049999998 0.6945454458
vt 0.116000001 0.6858181743
vt 0.1069128287 0.6946779457
vt 0.0234375 0.02272727273
vt 0.0234375 0.02272727273
vt 0.0234375 0.02272727273
vt 0.0234375 0.02272727273
vt 0.0234375 0.02272727273
vt 0.0234375 0.02272727273
vt 0.0234375 0.02272727273
vt 0.0234375 0.02272727273
vt 0.0234375 0.02272727273
vt 0.0234375 0.02272727273
vt 0.0234375 0.02272727273
vt 0.0234375 0.02272727273
vt 0.116000001 0.6858181743
vt 0.1179383553 0.692083575
vt 0.1158582277 0.692495095
vt 0.116000001 0.6858181743
vt 0.1158582277 0.692495095
vt 0.1113576895 0.6934428057
vt 0.1160000009 0.6858181741
vt 0.1208640026 0.6912851683
vt 0.1179383552 0.6920835751
vt 0.0234375 0.02272727273
vt 0.0234375 0.02272727273
vt 0.0234375 0.02272727273
vt 0.0234375 0.02272727273
vt 0.0234375 0.02272727273
vt 0.0234375 0.02272727273
vt 0.0234375 0.02272727273
vt 0.0234375 0.02272727273
vt 0.0234375 0.02272727273
vt 0.1160000009 0.6858181741
vt 0.1255545982 0.6903148064
vt 0.1238705541 0.6906245671
vt 0.0234375 0.02272727273
vt 0.0234375 0.02272727273
vt 0.0234375 0.02272727273
vt 0.0234375 0.02272727273
vt 0.0234375 0.02272727273
vt 0.0234375 0.02272727273
vt 0.1160000009 0.6858181741
vt 0.1299999978 0.6867878756
vt 0.1255545982 0.6903148064
vt 0.0234375 0.02272727273
vt 0.0234375 0.02272727273
vt 0.0234375 0.02272727273
vt 0.125554598 0.6903148064
vt 0.1299999975 0.6867878759
vt 0.1305719415 0.6892780365
vt 0.1299999975 0.6867878759
vt 0.1311025496 0.6891934378
vt 0.1305719415 0.6892780365
vt 0.1160000009 0.6858181741
vt 0.1238705541 0.6906245671
vt 0.1208640026 0.6912851683
vt 0.0234375 0.02272727273
vt 0.0234375 0.02272727273
vt 0.0234375 0.02272727273
vt 0.0234375 0.02272727273
vt 0.0234375 0.02272727273
vt 0.0234375 0.02272727273
vt 0.0234375 0.02272727273
vt 0.0234375 0.02272727273
vt 0.0234375 0.02272727273
vt 0.0234375 0.02272727273
vt 0.0234375 0.02272727273
vt 0.0234375 0.02272727273
vt 0.1016085459 0.6961340376
vt 0.1049999996 0.6945454461
vt 0.1052108889 0.6951589509
vt 0.1049999998 0.6945454461
vt 0.1069128287 0.6946779456
vt 0.1052108885 0.695158951
vt 0.0234375 0.02272727273
vt 0.0234375 0.02272727273
vt 0.0234375 0.02272727273
vt 0.0234375 0.02272727273
vt 0.0234375 0.02272727273
vt 0.0234375 0.02272727273
vt 0.0234375 0.02272727273
vt 0.0234375 0.02272727273
vt 0.0234375 0.02272727273
vt 0.1299999977 0.6867878758
vt 0.1392486382 0.6881971766
vt 0.1311025497 0.6891934379
vt 0.0234375 0.02272727273
vt 0.0234375 0.02272727273
vt 0.0234375 0.02272727273
vt 0.1299999977 0.6867878758
vt 0.1416753319 0.6880283112
vt 0.1403026772 0.6881038771
vt 0.1299999977 0.6867878758
vt 0.1403026772 0.6881038771
vt 0.1392486382 0.6881971766
vt 0.1299999977 0.6867878758
vt 0.1439999987 0.6877575849
vt 0.1416753319 0.6880283112
vt 0.0234375 0.02272727273
vt 0.0234375 0.02272727273
vt 0.0234375 0.02272727273
vt 0.0234375 0.02272727273
vt 0.0234375 0.02272727273
vt 0.0234375 0.02272727273
vt 0.0234375 0.02272727273
vt 0.0234375 0.02272727273
vt 0.0234375 0.02272727273
vt 0.0234375 0.02272727273
vt 0.0234375 0.02272727273
vt 0.0234375 0.02272727273
vt 0.0234375 0.02272727273
vt 0.0234375 0.02272727273
vt 0.0234375 0.02272727273
vt 0.0234375 0.02272727273
vt 0.0234375 0.02272727273
vt 0.0234375 0.02272727273
vt 0.1416753319 0.6880283112
vt 0.1439999987 0.6877575849
vt 0.143738037 0.687960793
vt 0.1439999983 0.6877575849
vt 0.1440998922 0.6879513304
vt 0.1437380372 0.687960793
vt 0.143999998 0.6877575847
vt 0.1444311454 0.6879543312
vt 0.1440998918 0.68795133
vt 0.1439999979 0.6877575861
vt 0.1468536608 0.6877575848
vt 0.1444311452 0.687954333
vt 0.0234375 0.02272727273
vt 0.0234375 0.02272727273
vt 0.0234375 0.02272727273
vt 0.0234375 0.02272727273
vt 0.0234375 0.02272727273
vt 0.0234375 0.02272727273
vt 0.0234375 0.02272727273
vt 0.0234375 0.02272727273
vt 0.0234375 0.02272727273
vt 0.0234375 0.02272727273
vt 0.0234375 0.02272727273
vt 0.0234375 0.02272727273
vt 0.0234375 0.02272727273
vt 0.0234375 0.02272727273
vt 0.0234375 0.02272727273
vt 0.0234375 0.02272727273
vt 0.0234375 0.02272727273
vt 0.0234375 0.02272727273
vt 0.0234375 0.02272727273
vt 0.0234375 0.02272727273
vt 0.0234375 0.02272727273
vt 0.0234375 0.02272727273
vt 0.0234375 0.02272727273
vt 0.0234375 0.02272727273
vt 0.1559181566 0.6874401368
vt 0.1639999995 0.6877575812
vt 0.1575209344 0.6877575701
vt 0.1575209338 0.6877575702
vt 0.1640000001 0.6877575811
vt 0.1591467819 0.6880701224
vt 0.1591467819 0.6880701224
vt 0.1640000001 0.6877575811
vt 0.1624611584 0.6888880428
vt 0.1624611584 0.6888880428
vt 0.1640000001 0.6877575811
vt 0.1653197101 0.6896771533
vt 0.0234375 0.02272727273
vt 0.0234375 0.02272727273
vt 0.0234375 0.02272727273
vt 0.9780000046 0.7071515157
vt 0.9805829996 0.7030958154
vt 0.9796496368 0.7058717959
vt 0.0234375 0.02272727273
vt 0.0234375 0.02272727273
vt 0.0234375 0.02272727273
vt 0.9780000063 0.7071515143
vt 0.9760000073 0.7013333327
vt 0.9820000082 0.6974545445
vt 0.0234375 0.02272727273
vt 0.0234375 0.02272727273
vt 0.0234375 0.02272727273
vt 0.9780000046 0.7071515157
vt 0.9820000054 0.6974545461
vt 0.9805829996 0.7030958154
vt 0.0234375 0.02272727273
vt 0.0234375 0.02272727273
vt 0.0234375 0.02272727273
vt 0.9760000078 0.7013333333
vt 0.9746906512 0.6968894716
vt 0.9779057616 0.6962513108
vt 0.0234375 0.02272727273
vt 0.0234375 0.02272727273
vt 0.0234375 0.02272727273
vt 0.9760000071 0.701333333
vt 0.9779057614 0.6962513107
vt 0.9820000077 0.6974545445
vt 0.0234375 0.02272727273
vt 0.0234375 0.02272727273
vt 0.0234375 0.02272727273
vt 0.8860000098 0.3066666677
vt 0.8799999946 0.3018181786
vt 0.8848571266 0.3012948508
vt 0.0234375 0.02272727273
vt 0.0234375 0.02272727273
vt 0.0234375 0.02272727273
vt 0.0234375 0.02272727273
vt 0.0234375 0.02272727273
vt 0.0234375 0.02272727273
vt 0.0234375 0.02272727273
vt 0.0234375 0.02272727273
vt 0.0234375 0.02272727273
vt 0.8848571273 0.3012948502
vt 0.8799999952 0.3018181777
vt 0.8810879991 0.2999718816
vt 0.0234375 0.02272727273
vt 0.0234375 0.02272727273
vt 0.0234375 0.02272727273
vt 0.9805829996 0.7030958154
vt 0.9820000054 0.6974545461
vt 0.9822211004 0.6987408899
vt 0.0234375 0.02272727273
vt 0.0234375 0.02272727273
vt 0.0234375 0.02272727273
vt 0.9822211007 0.6987408921
vt 0.9820000054 0.6974545473
vt 0.9824410556 0.6982814103
vt 0.9820000077 0.6974545445
vt 0.9779057614 0.6962513107
vt 0.9813889069 0.6953804697
vt 0.0234375 0.02272727273
vt 0.0234375 0.02272727273
vt 0.0234375 0.02272727273
vt 0.0234375 0.02272727273
vt 0.0234375 0.02272727273
vt 0.0234375 0.02272727273
vt 0.9820000052 0.6974545461
vt 0.9813889011 0.6953804734
vt 0.9822485994 0.695285056
vt 0.9824410556 0.6982814103
vt 0.9820000054 0.6974545473
vt 0.9836863369 0.6958193073
vt 0.0234375 0.02272727273
vt 0.0234375 0.02272727273
vt 0.0234375 0.02272727273
vt 0.982000003 0.6974545447
vt 0.9822485944 0.6952850527
vt 0.9836863386 0.6958193092
vt 0.9822485944 0.6952850527
vt 0.9841906366 0.694763021
vt 0.9836863386 0.6958193092
vt 0.9822485944 0.6952850527
vt 0.9841984281 0.6947466888
vt 0.9841906366 0.694763021
vt 0.9822485944 0.6952850527
vt 0.9843960988 0.6943781891
vt 0.9841984281 0.6947466888
vt 0.0234375 0.02272727273
vt 0.0234375 0.02272727273
vt 0.0234375 0.02272727273
vt 0.0234375 0.02272727273
vt 0.0234375 0.02272727273
vt 0.0234375 0.02272727273
vt 0.8790746438 0.3031641466
vt 0.8799999961 0.3018181787
vt 0.8795828939 0.3089040003
vt 0.8799999962 0.3018181786
vt 0.8774840735 0.2987685646
vt 0.8810879994 0.2999718817
vt 0.0234375 0.02272727273
vt 0.0234375 0.02272727273
vt 0.0234375 0.02272727273
vt 0.8778657174 0.2996029776
vt 0.8799999958 0.3018181786
vt 0.8784928924 0.3011686534
vt 0.0234375 0.02272727273
vt 0.0234375 0.02272727273
vt 0.0234375 0.02272727273
vt 0.0234375 0.02272727273
vt 0.0234375 0.02272727273
vt 0.0234375 0.02272727273
vt 0.8778657174 0.2996029776
vt 0.8774840738 0.2987685654
vt 0.8799999958 0.3018181786
vt 0.0234375 0.02272727273
vt 0.0234375 0.02272727273
vt 0.0234375 0.02272727273
vt 0.8769876247 0.2975524421
vt 0.8810879994 0.2999718817
vt 0.8774840735 0.2987685646
vt 0.8784928915 0.3011686551
vt 0.8799999953 0.3018181798
vt 0.8788502528 0.3023693988
vt 0.8790746432 0.3031641476
vt 0.8788502528 0.3023693988
vt 0.8799999953 0.3018181798
vt 0.0234375 0.02272727273
vt 0.0234375 0.02272727273
vt 0.0234375 0.02272727273
vt 0.876719996 0.2967951525
vt 0.8810879994 0.2999718817
vt 0.8769876247 0.2975524421
vt 0.0234375 0.02272727273
vt 0.0234375 0.02272727273
vt 0.0234375 0.02272727273
vt 0.0234375 0.02272727273
vt 0.0234375 0.02272727273
vt 0.0234375 0.02272727273
vt 0.0234375 0.02272727273
vt 0.0234375 0.02272727273
vt 0.0234375 0.02272727273
vt 0.876719996 0.2967951525
vt 0.8769876247 0.2975524421
vt 0.8766822227 0.2968043138
vt 0.0234375 0.02272727273
vt 0.0234375 0.02272727273
vt 0.0234375 0.02272727273
vt 0.0234375 0.02272727273
vt 0.0234375 0.02272727273
vt 0.0234375 0.02272727273
vt 0.8767199958 0.2967951521
vt 0.8766822244 0.2968043151
vt 0.8766700333 0.2967768392
vt 0.0234375 0.02272727273
vt 0.0234375 0.02272727273
vt 0.0234375 0.02272727273
vt 0.0234375 0.02272727273
vt 0.0234375 0.02272727273
vt 0.0234375 0.02272727273
vt 0.0234375 0.02272727273
vt 0.0234375 0.02272727273
vt 0.0234375 0.02272727273
vt 0.8810000012 0.3153939407
vt 0.8797963013 0.3135263725
vt 0.8795828939 0.3089040003
vt 0.0234375 0.02272727273
vt 0.0234375 0.02272727273
vt 0.0234375 0.02272727273
vt 0.1910000004 0.6877575737
vt 0.1912222058 0.6891652533
vt 0.1893148111 0.6891582437
vt 0.1910000004 0.6877575737
vt 0.191449597 0.6891744855
vt 0.1912222058 0.6891652533
vt 0.0234375 0.02272727273
vt 0.0234375 0.02272727273
vt 0.0234375 0.02272727273
vt 0.0234375 0.02272727273
vt 0.0234375 0.02272727273
vt 0.0234375 0.02272727273
vt 0.1910000001 0.6877575737
vt 0.1951390195 0.6894779431
vt 0.191449597 0.6891744855
vt 0.1910000001 0.6877575737
vt 0.2022895759 0.6903877372
vt 0.1951390195 0.6894779431
vt 0.8810000025 0.3153939404
vt 0.879999994 0.3018181793
vt 0.8860000094 0.3066666676
vt 0.8810000012 0.3153939407
vt 0.8795828939 0.3089040003
vt 0.8799999961 0.3018181787
vt 0.0234375 0.02272727273
vt 0.0234375 0.02272727273
vt 0.0234375 0.02272727273
vt 0.0234375 0.02272727273
vt 0.0234375 0.02272727273
vt 0.0234375 0.02272727273
vt 0.0234375 0.02272727273
vt 0.0234375 0.02272727273
vt 0.0234375 0.02272727273
vt 0.0234375 0.02272727273
vt 0.0234375 0.02272727273
vt 0.0234375 0.02272727273
vt 0.0234375 0.02272727273
vt 0.0234375 0.02272727273
vt 0.0234375 0.02272727273
vt 0.0234375 0.02272727273
vt 0.0234375 0.02272727273
vt 0.0234375 0.02272727273
vt 0.0234375 0.02272727273
vt 0.0234375 0.02272727273
vt 0.0234375 0.02272727273
vt 0.0234375 0.02272727273
vt 0.0234375 0.02272727273
vt 0.0234375 0.02272727273
vt 0.0234375 0.02272727273
vt 0.0234375 0.02272727273
vt 0.0234375 0.02272727273
vt 0.0234375 0.02272727273
vt 0.0234375 0.02272727273
vt 0.0234375 0.02272727273
vt 0.0234375 0.02272727273
vt 0.0234375 0.02272727273
vt 0.0234375 0.02272727273
vt 0.0234375 0.02272727273
vt 0.0234375 0.02272727273
vt 0.0234375 0.02272727273
vt 0.0234375 0.02272727273
vt 0.0234375 0.02272727273
vt 0.0234375 0.02272727273
vt 0.0234375 0.02272727273
vt 0.0234375 0.02272727273
vt 0.0234375 0.02272727273
vt 0.0234375 0.02272727273
vt 0.0234375 0.02272727273
vt 0.0234375 0.02272727273
vt 0.0234375 0.02272727273
vt 0.0234375 0.02272727273
vt 0.0234375 0.02272727273
vt 0.0234375 0.02272727273
vt 0.0234375 0.02272727273
vt 0.0234375 0.02272727273
vt 0.0234375 0.02272727273
vt 0.0234375 0.02272727273
vt 0.0234375 0.02272727273
vt 0.0234375 0.02272727273
vt 0.0234375 0.02272727273
vt 0.0234375 0.02272727273
vt 0.0234375 0.02272727273
vt 0.0234375 0.02272727273
vt 0.0234375 0.02272727273
vt 0.0234375 0.02272727273
vt 0.0234375 0.02272727273
vt 0.0234375 0.02272727273
vt 0.0234375 0.02272727273
vt 0.0234375 0.02272727273
vt 0.0234375 0.02272727273
vt 0.0234375 0.02272727273
vt 0.0234375 0.02272727273
vt 0.0234375 0.02272727273
vt 0.0234375 0.02272727273
vt 0.0234375 0.02272727273
vt 0.0234375 0.02272727273
vt 0.0234375 0.02272727273
vt 0.0234375 0.02272727273
vt 0.0234375 0.02272727273
vt 0.0234375 0.02272727273
vt 0.0234375 0.02272727273
vt 0.0234375 0.02272727273
vt 0.0234375 0.02272727273
vt 0.0234375 0.02272727273
vt 0.0234375 0.02272727273
vt 0.0234375 0.02272727273
vt 0.0234375 0.02272727273
vt 0.0234375 0.02272727273
vt 0.0234375 0.02272727273
vt 0.0234375 0.02272727273
vt 0.0234375 0.02272727273
vt 0.0234375 0.02272727273
vt 0.0234375 0.02272727273
vt 0.0234375 0.02272727273
vt 0.0234375 0.02272727273
vt 0.0234375 0.02272727273
vt 0.0234375 0.02272727273
vt 0.0234375 0.02272727273
vt 0.0234375 0.02272727273
vt 0.0234375 0.02272727273
vt 0.0234375 0.02272727273
vt 0.0234375 0.02272727273
vt 0.0234375 0.02272727273
vt 0.0234375 0.02272727273
vt 0.0234375 0.02272727273
vt 0.0234375 0.02272727273
vt 0.0234375 0.02272727273
vt 0.0234375 0.02272727273
vt 0.0234375 0.02272727273
vt 0.0234375 0.02272727273
vt 0.0234375 0.02272727273
vt 0.0234375 0.02272727273
vt 0.0234375 0.02272727273
vt 0.0234375 0.02272727273
vt 0.0234375 0.02272727273
vt 0.0234375 0.02272727273
vt 0.0234375 0.02272727273
vt 0.0234375 0.02272727273
vt 0.0234375 0.02272727273
vt 0.0234375 0.02272727273
vt 0.0234375 0.02272727273
vt 0.0234375 0.02272727273
vt 0.0234375 0.02272727273
vt 0.0234375 0.02272727273
vt 0.0234375 0.02272727273
vt 0.0234375 0.02272727273
vt 0.0234375 0.02272727273
vt 0.0234375 0.02272727273
vt 0.0234375 0.02272727273
vt 0.0234375 0.02272727273
vt 0.0234375 0.02272727273
vt 0.0234375 0.02272727273
vt 0.0234375 0.02272727273
vt 0.0234375 0.02272727273
vt 0.0234375 0.02272727273
vt 0.0234375 0.02272727273
vt 0.0234375 0.02272727273
vt 0.0234375 0.02272727273
vt 0.0234375 0.02272727273
vt 0.0234375 0.02272727273
vt 0.0234375 0.02272727273
vt 0.0234375 0.02272727273
vt 0.0234375 0.02272727273
vt 0.0234375 0.02272727273
vt 0.0234375 0.02272727273
vt 0.0234375 0.02272727273
vt 0.0234375 0.02272727273
vt 0.0234375 0.02272727273
vt 0.0234375 0.02272727273
vt 0.0234375 0.02272727273
vt 0.0234375 0.02272727273
vt 0.0234375 0.02272727273
vt 0.0234375 0.02272727273
vt 0.0234375 0.02272727273
vt 0.0234375 0.02272727273
vt 0.0234375 0.02272727273
vt 0.0234375 0.02272727273
vt 0.0234375 0.02272727273
vt 0.0234375 0.02272727273
vt 0.0234375 0.02272727273
vt 0.0234375 0.02272727273
vt 0.0234375 0.02272727273
vt 0.0234375 0.02272727273
vt 0.0234375 0.02272727273
vt 0.0234375 0.02272727273
vt 0.0234375 0.02272727273
vt 0.0234375 0.02272727273
vt 0.0234375 0.02272727273
vt 0.0234375 0.02272727273
vt 0.3519999997 0.6615757555
vt 0.3360000006 0.674181822
vt 0.3370000004 0.6606060556
vt 0.352 0.6615757557
vt 0.3500000008 0.6751515141
vt 0.3360000002 0.6741818217
vt 0.3370000001 0.6606060555
vt 0.3360000007 0.674181822
vt 0.3210000034 0.6722424196
vt 0.3500000007 0.6751515143
vt 0.3489999999 0.6887272769
vt 0.3360000004 0.6741818221
vt 0.3340000019 0.6867878873
vt 0.3210000037 0.6722424196
vt 0.3360000004 0.674181822
vt 0.3050000004 0.6703030368
vt 0.3220000026 0.6596363569
vt 0.3210000042 0.67224242
vt 0.337 0.6606060558
vt 0.3210000033 0.6722424197
vt 0.3220000022 0.6596363567
vt 0.3050000004 0.6703030368
vt 0.3060000005 0.6576969672
vt 0.3220000027 0.6596363569
vt 0.3050000002 0.6703030367
vt 0.2890000032 0.6567272725
vt 0.3060000004 0.6576969672
vt 0.3049999995 0.6703030367
vt 0.3210000048 0.6722424202
vt 0.3019999997 0.6819393926
vt 0.3049999993 0.6703030366
vt 0.3019999993 0.6819393926
vt 0.2879999974 0.6693333351
vt 0.0234375 0.02272727273
vt 0.0234375 0.02272727273
vt 0.0234375 0.02272727273
vt 0.0234375 0.02272727273
vt 0.0234375 0.02272727273
vt 0.0234375 0.02272727273
vt 0.0234375 0.02272727273
vt 0.0234375 0.02272727273
vt 0.0234375 0.02272727273
vt 0.0234375 0.02272727273
vt 0.0234375 0.02272727273
vt 0.0234375 0.02272727273
vt 0.3489999999 0.6887272767
vt 0.3339999997 0.6867878869
vt 0.3360000003 0.674181822
vt 0.3489999998 0.6887272765
vt 0.3320000004 0.6964848522
vt 0.3339999996 0.6867878867
vt 0.3489999999 0.6887272769
vt 0.3480000003 0.6993939367
vt 0.3320000005 0.6964848525
vt 0.3340000014 0.6867878871
vt 0.3320000012 0.6964848524
vt 0.3190000017 0.6838787926
vt 0.0234375 0.02272727273
vt 0.0234375 0.02272727273
vt 0.0234375 0.02272727273
vt 0.0234375 0.02272727273
vt 0.0234375 0.02272727273
vt 0.0234375 0.02272727273
vt 0.0234375 0.02272727273
vt 0.0234375 0.02272727273
vt 0.0234375 0.02272727273
vt 0.3019999996 0.6819393926
vt 0.3210000047 0.6722424201
vt 0.3190000037 0.6838787928
vt 0.3340000019 0.6867878872
vt 0.319000002 0.6838787926
vt 0.3210000035 0.67224242
vt 0.3320000013 0.6964848526
vt 0.3169999983 0.6945454458
vt 0.3190000019 0.6838787929
vt 0.3019999996 0.6819393925
vt 0.3190000036 0.6838787933
vt 0.3169999969 0.6945454455
vt 0.3019999996 0.6819393925
vt 0.3169999966 0.6945454456
vt 0.2999999994 0.6926060565
vt 0.2490000012 0.6547878714
vt 0.2700000003 0.6557575731
vt 0.2690000006 0.6693333324
vt 0.2490000014 0.6547878718
vt 0.2690000007 0.6693333323
vt 0.2479999996 0.6683636254
vt 0.1979999995 0.6547878831
vt 0.2249999985 0.6547878877
vt 0.2260000001 0.6683636391
vt 0.1979999998 0.6547878829
vt 0.2260000003 0.6683636388
vt 0.2060000005 0.6683636457
vt 0.2490000017 0.6547878716
vt 0.2260000002 0.6683636391
vt 0.2249999986 0.6547878877
vt 0.2490000017 0.6547878717
vt 0.2480000007 0.6683636256
vt 0.2260000001 0.668363639
vt 0.0234375 0.02272727273
vt 0.0234375 0.02272727273
vt 0.0234375 0.02272727273
vt 0.0234375 0.02272727273
vt 0.0234375 0.02272727273
vt 0.0234375 0.02272727273
vt 0.0234375 0.02272727273
vt 0.0234375 0.02272727273
vt 0.0234375 0.02272727273
vt 0.0234375 0.02272727273
vt 0.0234375 0.02272727273
vt 0.0234375 0.02272727273
vt 0.0234375 0.02272727273
vt 0.0234375 0.02272727273
vt 0.0234375 0.02272727273
vt 0.0234375 0.02272727273
vt 0.0234375 0.02272727273
vt 0.0234375 0.02272727273
vt 0.0234375 0.02272727273
vt 0.0234375 0.02272727273
vt 0.0234375 0.02272727273
vt 0.0234375 0.02272727273
vt 0.0234375 0.02272727273
vt 0.0234375 0.02272727273
vt 0.0234375 0.02272727273
vt 0.0234375 0.02272727273
vt 0.0234375 0.02272727273
vt 0.0234375 0.02272727273
vt 0.0234375 0.02272727273
vt 0.0234375 0.02272727273
vt 0.0234375 0.02272727273
vt 0.0234375 0.02272727273
vt 0.0234375 0.02272727273
vt 0.0234375 0.02272727273
vt 0.0234375 0.02272727273
vt 0.0234375 0.02272727273
vt 0.0234375 0.02272727273
vt 0.0234375 0.02272727273
vt 0.0234375 0.02272727273
vt 0.0234375 0.02272727273
vt 0.0234375 0.02272727273
vt 0.0234375 0.02272727273
vt 0.0234375 0.02272727273
vt 0.0234375 0.02272727273
vt 0.0234375 0.02272727273
vt 0.2479999995 0.668363625
vt 0.2690000007 0.6693333324
vt 0.2669999985 0.6819394001
vt 0.247999999 0.6683636251
vt 0.2669999988 0.6819394
vt 0.2469999986 0.6809696861
vt 0.0234375 0.02272727273
vt 0.0234375 0.02272727273
vt 0.0234375 0.02272727273
vt 0.0234375 0.02272727273
vt 0.0234375 0.02272727273
vt 0.0234375 0.02272727273
vt 0.0234375 0.02272727273
vt 0.0234375 0.02272727273
vt 0.0234375 0.02272727273
vt 0.0234375 0.02272727273
vt 0.0234375 0.02272727273
vt 0.0234375 0.02272727273
vt 0.0234375 0.02272727273
vt 0.0234375 0.02272727273
vt 0.0234375 0.02272727273
vt 0.0234375 0.02272727273
vt 0.0234375 0.02272727273
vt 0.0234375 0.02272727273
vt 0.0234375 0.02272727273
vt 0.0234375 0.02272727273
vt 0.0234375 0.02272727273
vt 0.2439999997 0.692606057
vt 0.2669999981 0.6819393998
vt 0.2639999993 0.6926060637
vt 0.2060000002 0.6683636464
vt 0.2260000005 0.679999999
vt 0.2069999996 0.6799999932
vt 0.2060000005 0.6683636458
vt 0.2260000003 0.6683636389
vt 0.2260000004 0.6799999991
vt 0.1919999996 0.6703030365
vt 0.2059999995 0.6683636464
vt 0.2070000001 0.6799999932
vt 0.0234375 0.02272727273
vt 0.0234375 0.02272727273
vt 0.0234375 0.02272727273
vt 0.0234375 0.02272727273
vt 0.0234375 0.02272727273
vt 0.0234375 0.02272727273
vt 0.0234375 0.02272727273
vt 0.0234375 0.02272727273
vt 0.0234375 0.02272727273
vt 0.0234375 0.02272727273
vt 0.0234375 0.02272727273
vt 0.0234375 0.02272727273
vt 0.2260000005 0.6799999991
vt 0.2156463771 0.6902892694
vt 0.2155851873 0.6902879583
vt 0.2260000005 0.6799999991
vt 0.2158467041 0.6903051167
vt 0.2156463771 0.6902892694
vt 0.2260000005 0.6799999991
vt 0.2231745302 0.6909593923
vt 0.2158467041 0.6903051167
vt 0.2260000005 0.6799999991
vt 0.2241798614 0.6911119831
vt 0.2231745301 0.6909593923
vt 0.1929999996 0.6790303132
vt 0.2069999997 0.679999993
vt 0.2039999998 0.6906666658
vt 0.2260000004 0.6799999991
vt 0.2039999994 0.6906666657
vt 0.2069999993 0.679999993
vt 0.2260000005 0.6799999991
vt 0.2059378677 0.690529839
vt 0.2039999995 0.6906666656
vt 0.2260000005 0.6799999991
vt 0.2155851873 0.6902879583
vt 0.2059378677 0.690529839
vt 0.2260000003 0.6683636389
vt 0.2479999999 0.6683636262
vt 0.2260000004 0.6799999991
vt 0.2260000004 0.6799999991
vt 0.2479999998 0.6683636253
vt 0.2469999995 0.6809696864
vt 0.2260000005 0.6799999991
vt 0.247 0.6809696857
vt 0.2241798614 0.6911119831
vt 0.2439999995 0.6926060567
vt 0.228387378 0.6918851183
vt 0.2470000002 0.6809696856
vt 0.2241798614 0.6911119831
vt 0.2470000002 0.6809696856
vt 0.2260063346 0.6913816355
vt 0.2260063346 0.6913816355
vt 0.2470000002 0.6809696856
vt 0.2281750764 0.6918316945
vt 0.228387378 0.6918851183
vt 0.2281750764 0.6918316945
vt 0.2470000002 0.6809696856
vt 0.2439999996 0.6926060567
vt 0.2469999996 0.6809696853
vt 0.2669999982 0.6819394002
vt 0.2879999974 0.6693333351
vt 0.2690000006 0.6693333324
vt 0.2700000002 0.6557575731
vt 0.2890000032 0.6567272725
vt 0.2879999974 0.669333335
vt 0.2700000002 0.6557575731
vt 0.3050000003 0.6703030366
vt 0.2879999977 0.669333335
vt 0.2890000031 0.6567272725
vt 0.2879999972 0.6693333352
vt 0.2850000004 0.6819394011
vt 0.2690000007 0.6693333325
vt 0.3019999994 0.6819393925
vt 0.2850000002 0.6819394011
vt 0.2879999975 0.6693333352
vt 0.2850000009 0.681939401
vt 0.2669999985 0.6819394001
vt 0.2690000007 0.6693333324
vt 0.3019999992 0.6819393926
vt 0.2830000004 0.6926060625
vt 0.2850000009 0.6819394007
vt 0.3019999993 0.6819393925
vt 0.2999999994 0.6926060566
vt 0.2830000003 0.6926060626
vt 0.2850000005 0.6819394007
vt 0.2639999992 0.6926060637
vt 0.2669999981 0.6819393998
vt 0.285000001 0.6819394008
vt 0.2830000006 0.6926060626
vt 0.2639999995 0.6926060638
vt 0.0234375 0.02272727273
vt 0.0234375 0.02272727273
vt 0.0234375 0.02272727273
vt 0.0234375 0.02272727273
vt 0.0234375 0.02272727273
vt 0.0234375 0.02272727273
vt 0.0234375 0.02272727273
vt 0.0234375 0.02272727273
vt 0.0234375 0.02272727273
vt 0.0234375 0.02272727273
vt 0.0234375 0.02272727273
vt 0.0234375 0.02272727273
vt 0.0234375 0.02272727273
vt 0.0234375 0.02272727273
vt 0.0234375 0.02272727273
vt 0.0234375 0.02272727273
vt 0.0234375 0.02272727273
vt 0.0234375 0.02272727273
vt 0.0234375 0.02272727273
vt 0.0234375 0.02272727273
vt 0.0234375 0.02272727273
vt 0.0234375 0.02272727273
vt 0.0234375 0.02272727273
vt 0.0234375 0.02272727273
vt 0.0234375 0.02272727273
vt 0.0234375 0.02272727273
vt 0.0234375 0.02272727273
vt 0.0234375 0.02272727273
vt 0.0234375 0.02272727273
vt 0.0234375 0.02272727273
vt 0.0234375 0.02272727273
vt 0.0234375 0.02272727273
vt 0.0234375 0.02272727273
vt 0.0234375 0.02272727273
vt 0.0234375 0.02272727273
vt 0.0234375 0.02272727273
vt 0.0234375 0.02272727273
vt 0.0234375 0.02272727273
vt 0.0234375 0.02272727273
vt 0.0234375 0.02272727273
vt 0.0234375 0.02272727273
vt 0.0234375 0.02272727273
vt 0.3480000001 0.6993939367
vt 0.3310000001 0.7061818113
vt 0.3320000007 0.6964848527
vt 0.3459999979 0.7090909184
vt 0.3310000011 0.706181811
vt 0.3480000006 0.6993939367
vt 0.3320000014 0.6964848527
vt 0.3310000015 0.7061818116
vt 0.3169999981 0.6945454457
vt 0.0234375 0.02272727273
vt 0.0234375 0.02272727273
vt 0.0234375 0.02272727273
vt 0.3459999985 0.709090918
vt 0.3449999994 0.7187878857
vt 0.3289999999 0.7158787927
vt 0.3459999981 0.7090909185
vt 0.3289999994 0.7158787922
vt 0.331000001 0.7061818108
vt 0.0234375 0.02272727273
vt 0.0234375 0.02272727273
vt 0.0234375 0.02272727273
vt 0.331000002 0.706181811
vt 0.3290000007 0.7158787925
vt 0.3150000004 0.7032727258
vt 0.0234375 0.02272727273
vt 0.0234375 0.02272727273
vt 0.0234375 0.02272727273
vt 0.0234375 0.02272727273
vt 0.0234375 0.02272727273
vt 0.0234375 0.02272727273
vt 0.0234375 0.02272727273
vt 0.0234375 0.02272727273
vt 0.0234375 0.02272727273
vt 0.0234375 0.02272727273
vt 0.0234375 0.02272727273
vt 0.0234375 0.02272727273
vt 0.0234375 0.02272727273
vt 0.0234375 0.02272727273
vt 0.0234375 0.02272727273
vt 0.0234375 0.02272727273
vt 0.0234375 0.02272727273
vt 0.0234375 0.02272727273
vt 0.0234375 0.02272727273
vt 0.0234375 0.02272727273
vt 0.0234375 0.02272727273
vt 0.0234375 0.02272727273
vt 0.0234375 0.02272727273
vt 0.0234375 0.02272727273
vt 0.0234375 0.02272727273
vt 0.0234375 0.02272727273
vt 0.0234375 0.02272727273
vt 0.0234375 0.02272727273
vt 0.0234375 0.02272727273
vt 0.0234375 0.02272727273
vt 0.0234375 0.02272727273
vt 0.0234375 0.02272727273
vt 0.0234375 0.02272727273
vt 0.0234375 0.02272727273
vt 0.0234375 0.02272727273
vt 0.0234375 0.02272727273
vt 0.0234375 0.02272727273
vt 0.0234375 0.02272727273
vt 0.0234375 0.02272727273
vt 0.331000002 0.7061818121
vt 0.3150000004 0.7032727258
vt 0.3169999981 0.6945454466
vt 0.2999999994 0.6926060566
vt 0.3169999967 0.6945454459
vt 0.298000001 0.7023030267
vt 0.2980000011 0.702303027
vt 0.3169999971 0.6945454467
vt 0.3150000002 0.7032727258
vt 0.0234375 0.02272727273
vt 0.0234375 0.02272727273
vt 0.0234375 0.02272727273
vt 0.3290000006 0.7158787926
vt 0.3130000005 0.7129696931
vt 0.3150000004 0.7032727258
vt 0.2980000009 0.702303027
vt 0.3150000001 0.7032727259
vt 0.296000001 0.7110303135
vt 0.2960000005 0.7110303148
vt 0.3150000002 0.7032727257
vt 0.3130000009 0.7129696932
vt 0.0234375 0.02272727273
vt 0.0234375 0.02272727273
vt 0.0234375 0.02272727273
vt 0.0234375 0.02272727273
vt 0.0234375 0.02272727273
vt 0.0234375 0.02272727273
vt 0.0234375 0.02272727273
vt 0.0234375 0.02272727273
vt 0.0234375 0.02272727273
vt 0.3449999989 0.7187878852
vt 0.3430000023 0.7284848379
vt 0.3270000003 0.7255757556
vt 0.3449999989 0.7187878855
vt 0.327 0.7255757549
vt 0.3289999996 0.7158787923
vt 0.0234375 0.02272727273
vt 0.0234375 0.02272727273
vt 0.0234375 0.02272727273
vt 0.0234375 0.02272727273
vt 0.0234375 0.02272727273
vt 0.0234375 0.02272727273
vt 0.0234375 0.02272727273
vt 0.0234375 0.02272727273
vt 0.0234375 0.02272727273
vt 0.3290000005 0.7158787925
vt 0.3269999981 0.7255757544
vt 0.3130000006 0.7129696932
vt 0.0234375 0.02272727273
vt 0.0234375 0.02272727273
vt 0.0234375 0.02272727273
vt 0.3402977928 0.7340042696
vt 0.3348004671 0.7325995472
vt 0.3430000025 0.7284848376
vt 0.0234375 0.02272727273
vt 0.0234375 0.02272727273
vt 0.0234375 0.02272727273
vt 0.3417641858 0.7344766746
vt 0.3402977928 0.7340042696
vt 0.3430000025 0.7284848376
vt 0.0234375 0.02272727273
vt 0.0234375 0.02272727273
vt 0.0234375 0.02272727273
vt 0.0234375 0.02272727273
vt 0.0234375 0.02272727273
vt 0.0234375 0.02272727273
vt 0.3430000025 0.7284848376
vt 0.3348004671 0.7325995472
vt 0.3270000004 0.7255757549
vt 0.0234375 0.02272727273
vt 0.0234375 0.02272727273
vt 0.0234375 0.02272727273
vt 0.0234375 0.02272727273
vt 0.0234375 0.02272727273
vt 0.0234375 0.02272727273
vt 0.0234375 0.02272727273
vt 0.0234375 0.02272727273
vt 0.0234375 0.02272727273
vt 0.0234375 0.02272727273
vt 0.0234375 0.02272727273
vt 0.0234375 0.02272727273
vt 0.0234375 0.02272727273
vt 0.0234375 0.02272727273
vt 0.0234375 0.02272727273
vt 0.3348004668 0.7325995481
vt 0.3307936037 0.7312556255
vt 0.3270000002 0.7255757554
vt 0.3307936037 0.7312556255
vt 0.3297544979 0.7309548358
vt 0.3270000002 0.7255757554
vt 0.3297544979 0.7309548358
vt 0.3259699585 0.7300704777
vt 0.3270000002 0.7255757554
vt 0.0234375 0.02272727273
vt 0.0234375 0.02272727273
vt 0.0234375 0.02272727273
vt 0.0234375 0.02272727273
vt 0.0234375 0.02272727273
vt 0.0234375 0.02272727273
vt 0.0234375 0.02272727273
vt 0.0234375 0.02272727273
vt 0.0234375 0.02272727273
vt 0.3269999979 0.7255757548
vt 0.3251752948 0.7296494545
vt 0.3201771493 0.7271214439
vt 0.3269999979 0.7255757548
vt 0.3259699562 0.7300704771
vt 0.3251752948 0.7296494545
vt 0.0234375 0.02272727273
vt 0.0234375 0.02272727273
vt 0.0234375 0.02272727273
vt 0.0234375 0.02272727273
vt 0.0234375 0.02272727273
vt 0.0234375 0.02272727273
vt 0.2960000004 0.7110303147
vt 0.2948858949 0.7146314584
vt 0.2938511817 0.7139564219
vt 0.2959999996 0.7110303146
vt 0.2951186075 0.7147430126
vt 0.2948858944 0.7146314583
vt 0.0234375 0.02272727273
vt 0.0234375 0.02272727273
vt 0.0234375 0.02272727273
vt 0.0234375 0.02272727273
vt 0.0234375 0.02272727273
vt 0.0234375 0.02272727273
vt 0.0234375 0.02272727273
vt 0.0234375 0.02272727273
vt 0.0234375 0.02272727273
vt 0.3269999981 0.7255757545
vt 0.3100000009 0.722666672
vt 0.3130000009 0.7129696932
vt 0.0234375 0.02272727273
vt 0.0234375 0.02272727273
vt 0.0234375 0.02272727273
vt 0.3130000012 0.7129696933
vt 0.3100000013 0.7226666721
vt 0.3096896773 0.7226312732
vt 0.3130000012 0.7129696933
vt 0.3096896773 0.7226312732
vt 0.3088554229 0.7221134576
vt 0.2959999996 0.7110303146
vt 0.3130000012 0.7129696933
vt 0.3009262386 0.7176528504
vt 0.0234375 0.02272727273
vt 0.0234375 0.02272727273
vt 0.0234375 0.02272727273
vt 0.3025052995 0.718440524
vt 0.3009262386 0.7176528505
vt 0.3130000012 0.7129696933
vt 0.0234375 0.02272727273
vt 0.0234375 0.02272727273
vt 0.0234375 0.02272727273
vt 0.3025052995 0.718440524
vt 0.3130000012 0.7129696933
vt 0.3088554229 0.7221134576
vt 0.0234375 0.02272727273
vt 0.0234375 0.02272727273
vt 0.0234375 0.02272727273
vt 0.2959999996 0.7110303146
vt 0.3009262386 0.7176528504
vt 0.2951186075 0.7147430126
vt 0.0234375 0.02272727273
vt 0.0234375 0.02272727273
vt 0.0234375 0.02272727273
vt 0.3269999979 0.7255757548
vt 0.3201771493 0.7271214439
vt 0.3131419639 0.7240316901
vt 0.3269999979 0.7255757548
vt 0.3109834103 0.7231397024
vt 0.3103037286 0.7229022948
vt 0.3269999979 0.7255757548
vt 0.3131419639 0.7240316901
vt 0.3109834103 0.7231397024
vt 0.3269999979 0.7255757548
vt 0.3103037286 0.7229022948
vt 0.3100000013 0.7226666715
vt 0.0234375 0.02272727273
vt 0.0234375 0.02272727273
vt 0.0234375 0.02272727273
vt 0.0234375 0.02272727273
vt 0.0234375 0.02272727273
vt 0.0234375 0.02272727273
vt 0.0234375 0.02272727273
vt 0.0234375 0.02272727273
vt 0.0234375 0.02272727273
vt 0.0234375 0.02272727273
vt 0.0234375 0.02272727273
vt 0.0234375 0.02272727273
vt 0.0234375 0.02272727273
vt 0.0234375 0.02272727273
vt 0.0234375 0.02272727273
vt 0.0234375 0.02272727273
vt 0.0234375 0.02272727273
vt 0.0234375 0.02272727273
vt 0.3100000013 0.7226666719
vt 0.3103037286 0.7229022956
vt 0.3099725175 0.7227999222
vt 0.3100000017 0.7226666722
vt 0.3099725174 0.7227999223
vt 0.3096896781 0.7226312734
vt 0.0234375 0.02272727273
vt 0.0234375 0.02272727273
vt 0.0234375 0.02272727273
vt 0.0234375 0.02272727273
vt 0.0234375 0.02272727273
vt 0.0234375 0.02272727273
vt 0.0234375 0.02272727273
vt 0.0234375 0.02272727273
vt 0.0234375 0.02272727273
vt 0.0234375 0.02272727273
vt 0.0234375 0.02272727273
vt 0.0234375 0.02272727273
vt 0.0234375 0.02272727273
vt 0.0234375 0.02272727273
vt 0.0234375 0.02272727273
vt 0.0234375 0.02272727273
vt 0.0234375 0.02272727273
vt 0.0234375 0.02272727273
vt 0.0234375 0.02272727273
vt 0.0234375 0.02272727273
vt 0.0234375 0.02272727273
vt 0.0234375 0.02272727273
vt 0.0234375 0.02272727273
vt 0.0234375 0.02272727273
vt 0.0234375 0.02272727273
vt 0.0234375 0.02272727273
vt 0.0234375 0.02272727273
vt 0.0234375 0.02272727273
vt 0.0234375 0.02272727273
vt 0.0234375 0.02272727273
vt 0.2558993855 0.6985282288
vt 0.2533527247 0.6976891277
vt 0.2639999993 0.6926060638
vt 0.2525041409 0.6974528057
vt 0.2639999993 0.6926060638
vt 0.2533527247 0.6976891277
vt 0.0234375 0.02272727273
vt 0.0234375 0.02272727273
vt 0.0234375 0.02272727273
vt 0.0234375 0.02272727273
vt 0.0234375 0.02272727273
vt 0.0234375 0.02272727273
vt 0.0234375 0.02272727273
vt 0.0234375 0.02272727273
vt 0.0234375 0.02272727273
vt 0.0234375 0.02272727273
vt 0.0234375 0.02272727273
vt 0.0234375 0.02272727273
vt 0.0234375 0.02272727273
vt 0.0234375 0.02272727273
vt 0.0234375 0.02272727273
vt 0.0234375 0.02272727273
vt 0.0234375 0.02272727273
vt 0.0234375 0.02272727273
vt 0.0234375 0.02272727273
vt 0.0234375 0.02272727273
vt 0.0234375 0.02272727273
vt 0.0234375 0.02272727273
vt 0.0234375 0.02272727273
vt 0.0234375 0.02272727273
vt 0.0234375 0.02272727273
vt 0.0234375 0.02272727273
vt 0.0234375 0.02272727273
vt 0.0234375 0.02272727273
vt 0.0234375 0.02272727273
vt 0.0234375 0.02272727273
vt 0.0234375 0.02272727273
vt 0.0234375 0.02272727273
vt 0.0234375 0.02272727273
vt 0.1910000001 0.6877575737
vt 0.2040000001 0.6906666653
vt 0.2022895759 0.6903877372
vt 0.0234375 0.02272727273
vt 0.0234375 0.02272727273
vt 0.0234375 0.02272727273
vt 0.0234375 0.02272727273
vt 0.0234375 0.02272727273
vt 0.0234375 0.02272727273
vt 0.0234375 0.02272727273
vt 0.0234375 0.02272727273
vt 0.0234375 0.02272727273
vt 0.2022895759 0.6903877372
vt 0.2040000001 0.6906666653
vt 0.2039830527 0.6906849178
vt 0.2039830522 0.6906849178
vt 0.2039999997 0.6906666651
vt 0.2040260311 0.6906868615
vt 0.2039999995 0.6906666652
vt 0.204186135 0.6906761561
vt 0.2040260311 0.6906868617
vt 0.0234375 0.02272727273
vt 0.0234375 0.02272727273
vt 0.0234375 0.02272727273
vt 0.0234375 0.02272727273
vt 0.0234375 0.02272727273
vt 0.0234375 0.02272727273
vt 0.2039999995 0.6906666656
vt 0.2059378677 0.690529839
vt 0.2041861351 0.6906761566
vt 0.0234375 0.02272727273
vt 0.0234375 0.02272727273
vt 0.0234375 0.02272727273
vt 0.0234375 0.02272727273
vt 0.0234375 0.02272727273
vt 0.0234375 0.02272727273
vt 0.0234375 0.02272727273
vt 0.0234375 0.02272727273
vt 0.0234375 0.02272727273
vt 0.0234375 0.02272727273
vt 0.0234375 0.02272727273
vt 0.0234375 0.02272727273
vt 0.0234375 0.02272727273
vt 0.0234375 0.02272727273
vt 0.0234375 0.02272727273
vt 0.0234375 0.02272727273
vt 0.0234375 0.02272727273
vt 0.0234375 0.02272727273
vt 0.2392126758 0.6944629609
vt 0.2367210577 0.6937817014
vt 0.2439999993 0.6926060568
vt 0.2392126757 0.6944629605
vt 0.2439999993 0.692606057
vt 0.240333369 0.6947624175
vt 0.0234375 0.02272727273
vt 0.0234375 0.02272727273
vt 0.0234375 0.02272727273
vt 0.2439999993 0.6926060568
vt 0.2367210577 0.6937817014
vt 0.2283873774 0.6918851182
vt 0.0234375 0.02272727273
vt 0.0234375 0.02272727273
vt 0.0234375 0.02272727273
vt 0.0234375 0.02272727273
vt 0.0234375 0.02272727273
vt 0.0234375 0.02272727273
vt 0.240333369 0.6947624175
vt 0.2439999993 0.692606057
vt 0.2430628167 0.6956353415
vt 0.2439999996 0.6926060571
vt 0.2639999994 0.6926060636
vt 0.2525041411 0.6974528054
vt 0.0234375 0.02272727273
vt 0.0234375 0.02272727273
vt 0.0234375 0.02272727273
vt 0.0234375 0.02272727273
vt 0.0234375 0.02272727273
vt 0.0234375 0.02272727273
vt 0.2439999996 0.6926060571
vt 0.2525041411 0.6974528054
vt 0.2463666737 0.6961625004
vt 0.0234375 0.02272727273
vt 0.0234375 0.02272727273
vt 0.0234375 0.02272727273
vt 0.2439999996 0.6926060571
vt 0.2463666737 0.6961625004
vt 0.2430628175 0.6956353417
vt 0.0234375 0.02272727273
vt 0.0234375 0.02272727273
vt 0.0234375 0.02272727273
vt 0.0234375 0.02272727273
vt 0.0234375 0.02272727273
vt 0.0234375 0.02272727273
vt 0.2999999996 0.6926060567
vt 0.2800000003 0.7023030347
vt 0.2830000002 0.6926060624
vt 0.2999999993 0.6926060566
vt 0.2980000008 0.7023030266
vt 0.2800000006 0.7023030347
vt 0.2830000005 0.6926060626
vt 0.2632616205 0.7013061739
vt 0.2639999993 0.6926060638
vt 0.2830000004 0.6926060624
vt 0.2800000002 0.7023030347
vt 0.2663581445 0.7023030484
vt 0.2830000004 0.6926060624
vt 0.2646575306 0.7017096652
vt 0.2632616205 0.7013061739
vt 0.2830000004 0.6926060624
vt 0.2663581445 0.7023030484
vt 0.2658106609 0.702082242
vt 0.2830000004 0.6926060624
vt 0.2658106609 0.702082242
vt 0.2653988783 0.7019341006
vt 0.2830000004 0.6926060624
vt 0.2653988783 0.7019341006
vt 0.2646575306 0.7017096652
vt 0.2614935764 0.7007076315
vt 0.2558993855 0.6985282288
vt 0.2639999993 0.6926060638
vt 0.2614935765 0.7007076315
vt 0.2639999993 0.6926060638
vt 0.2632616205 0.7013061739
vt 0.0234375 0.02272727273
vt 0.0234375 0.02272727273
vt 0.0234375 0.02272727273
vt 0.0234375 0.02272727273
vt 0.0234375 0.02272727273
vt 0.0234375 0.02272727273
vt 0.0234375 0.02272727273
vt 0.0234375 0.02272727273
vt 0.0234375 0.02272727273
vt 0.0234375 0.02272727273
vt 0.0234375 0.02272727273
vt 0.0234375 0.02272727273
vt 0.2980000007 0.7023030269
vt 0.2831896902 0.7087656987
vt 0.2800000008 0.7023030344
vt 0.0234375 0.02272727273
vt 0.0234375 0.02272727273
vt 0.0234375 0.02272727273
vt 0.2980000007 0.702303027
vt 0.2846630705 0.7093576364
vt 0.2831896904 0.7087656989
vt 0.2980000007 0.702303027
vt 0.2960000016 0.7110303137
vt 0.2882808337 0.7110303125
vt 0.2980000007 0.702303027
vt 0.2882808337 0.7110303125
vt 0.2846630705 0.7093576364
vt 0.0234375 0.02272727273
vt 0.0234375 0.02272727273
vt 0.0234375 0.02272727273
vt 0.2800000008 0.7023030344
vt 0.2798074217 0.7074289376
vt 0.2788998726 0.7071035755
vt 0.2800000006 0.7023030344
vt 0.2788998726 0.7071035755
vt 0.2748605986 0.7054335037
vt 0.2800000008 0.7023030344
vt 0.2831896902 0.7087656987
vt 0.2798074217 0.7074289376
vt 0.0234375 0.02272727273
vt 0.0234375 0.02272727273
vt 0.0234375 0.02272727273
vt 0.0234375 0.02272727273
vt 0.0234375 0.02272727273
vt 0.0234375 0.02272727273
vt 0.0234375 0.02272727273
vt 0.0234375 0.02272727273
vt 0.0234375 0.02272727273
vt 0.0234375 0.02272727273
vt 0.0234375 0.02272727273
vt 0.0234375 0.02272727273
vt 0.0234375 0.02272727273
vt 0.0234375 0.02272727273
vt 0.0234375 0.02272727273
vt 0.0234375 0.02272727273
vt 0.0234375 0.02272727273
vt 0.0234375 0.02272727273
vt 0.0234375 0.02272727273
vt 0.0234375 0.02272727273
vt 0.0234375 0.02272727273
vt 0.2800000006 0.7023030344
vt 0.2735763896 0.7049725928
vt 0.2663581462 0.7023030475
vt 0.2800000006 0.7023030344
vt 0.2748605986 0.7054335037
vt 0.2735763897 0.7049725927
vt 0.0234375 0.02272727273
vt 0.0234375 0.02272727273
vt 0.0234375 0.02272727273
vt 0.0234375 0.02272727273
vt 0.0234375 0.02272727273
vt 0.0234375 0.02272727273
vt 0.2960000004 0.7110303147
vt 0.2938511817 0.7139564219
vt 0.2933733266 0.7136828095
vt 0.2960000004 0.7110303147
vt 0.2933733266 0.7136828095
vt 0.2882808326 0.7110303135
vt 0.0234375 0.02272727273
vt 0.0234375 0.02272727273
vt 0.0234375 0.02272727273
vt 0.0234375 0.02272727273
vt 0.0234375 0.02272727273
vt 0.0234375 0.02272727273
vt 0.0234375 0.02272727273
vt 0.0234375 0.02272727273
vt 0.0234375 0.02272727273
vt 0.0234375 0.02272727273
vt 0.0234375 0.02272727273
vt 0.0234375 0.02272727273
vt 0.0234375 0.02272727273
vt 0.0234375 0.02272727273
vt 0.0234375 0.02272727273
vt 0.0234375 0.02272727273
vt 0.0234375 0.02272727273
vt 0.0234375 0.02272727273
vt 0.0234375 0.02272727273
vt 0.0234375 0.02272727273
vt 0.0234375 0.02272727273
vt 0.0234375 0.02272727273
vt 0.0234375 0.02272727273
vt 0.0234375 0.02272727273
vt 0.0234375 0.02272727273
vt 0.0234375 0.02272727273
vt 0.0234375 0.02272727273
vt 0.0234375 0.02272727273
vt 0.0234375 0.02272727273
vt 0.0234375 0.02272727273
vt 0.0234375 0.02272727273
vt 0.0234375 0.02272727273
vt 0.0234375 0.02272727273
vt 0.0234375 0.02272727273
vt 0.0234375 0.02272727273
vt 0.0234375 0.02272727273
vt 0.0234375 0.02272727273
vt 0.0234375 0.02272727273
vt 0.0234375 0.02272727273
vt 0.0234375 0.02272727273
vt 0.0234375 0.02272727273
vt 0.0234375 0.02272727273
vt 0.0234375 0.02272727273
vt 0.0234375 0.02272727273
vt 0.0234375 0.02272727273
vt 0.0234375 0.02272727273
vt 0.0234375 0.02272727273
vt 0.0234375 0.02272727273
vt 0.0234375 0.02272727273
vt 0.0234375 0.02272727273
vt 0.0234375 0.02272727273
vt 0.0234375 0.02272727273
vt 0.0234375 0.02272727273
vt 0.0234375 0.02272727273
vt 0.0234375 0.02272727273
vt 0.0234375 0.02272727273
vt 0.0234375 0.02272727273
vt 0.0234375 0.02272727273
vt 0.0234375 0.02272727273
vt 0.0234375 0.02272727273
vt 0.0234375 0.02272727273
vt 0.0234375 0.02272727273
vt 0.0234375 0.02272727273
vt 0.0234375 0.02272727273
vt 0.0234375 0.02272727273
vt 0.0234375 0.02272727273
vt 0.0234375 0.02272727273
vt 0.0234375 0.02272727273
vt 0.0234375 0.02272727273
vt 0.0234375 0.02272727273
vt 0.0234375 0.02272727273
vt 0.0234375 0.02272727273
vt 0.0234375 0.02272727273
vt 0.0234375 0.02272727273
vt 0.0234375 0.02272727273
vt 0.0234375 0.02272727273
vt 0.0234375 0.02272727273
vt 0.0234375 0.02272727273
vt 0.0234375 0.02272727273
vt 0.0234375 0.02272727273
vt 0.0234375 0.02272727273
vt 0.0234375 0.02272727273
vt 0.0234375 0.02272727273
vt 0.0234375 0.02272727273
vt 0.0234375 0.02272727273
vt 0.0234375 0.02272727273
vt 0.0234375 0.02272727273
vt 0.0234375 0.02272727273
vt 0.0234375 0.02272727273
vt 0.0234375 0.02272727273
vt 0.0234375 0.02272727273
vt 0.0234375 0.02272727273
vt 0.0234375 0.02272727273
vt 0.0234375 0.02272727273
vt 0.0234375 0.02272727273
vt 0.0234375 0.02272727273
vt 0.0234375 0.02272727273
vt 0.0234375 0.02272727273
vt 0.0234375 0.02272727273
vt 0.0234375 0.02272727273
vt 0.0234375 0.02272727273
vt 0.0234375 0.02272727273
vt 0.0234375 0.02272727273
vt 0.0234375 0.02272727273
vt 0.0234375 0.02272727273
vt 0.0234375 0.02272727273
vt 0.0234375 0.02272727273
vt 0.0234375 0.02272727273
vt 0.0234375 0.02272727273
vt 0.0234375 0.02272727273
vt 0.0234375 0.02272727273
vt 0.0234375 0.02272727273
vt 0.0234375 0.02272727273
vt 0.0234375 0.02272727273
vt 0.0234375 0.02272727273
vt 0.0234375 0.02272727273
vt 0.0234375 0.02272727273
vt 0.0234375 0.02272727273
vt 0.0234375 0.02272727273
vt 0.0234375 0.02272727273
vt 0.0234375 0.02272727273
vt 0.0234375 0.02272727273
vt 0.0234375 0.02272727273
vt 0.0234375 0.02272727273
vt 0.0234375 0.02272727273
vt 0.0234375 0.02272727273
vt 0.0234375 0.02272727273
vt 0.0234375 0.02272727273
vt 0.0234375 0.02272727273
vt 0.0234375 0.02272727273
vt 0.0234375 0.02272727273
vt 0.0234375 0.02272727273
vt 0.0234375 0.02272727273
vt 0.0234375 0.02272727273
vt 0.0234375 0.02272727273
vt 0.0234375 0.02272727273
vt 0.0234375 0.02272727273
vt 0.0234375 0.02272727273
vt 0.4782538286 0.4213119698
vt 0.4764411166 0.4205358647
vt 0.47824964 0.4213095238
vt 0.4782538286 0.4213119698
vt 0.4782536556 0.4213111989
vt 0.4782558741 0.4213119943
vt 0.4782538286 0.4213119698
vt 0.47824964 0.4213095238
vt 0.4782536556 0.4213111989
vt 0.4782538286 0.4213119698
vt 0.4782558741 0.4213119943
vt 0.4818394464 0.4224565225
vt 0.0234375 0.02272727273
vt 0.0234375 0.02272727273
vt 0.0234375 0.02272727273
vt 0.0234375 0.02272727273
vt 0.0234375 0.02272727273
vt 0.0234375 0.02272727273
vt 0.0234375 0.02272727273
vt 0.0234375 0.02272727273
vt 0.0234375 0.02272727273
vt 0.0234375 0.02272727273
vt 0.0234375 0.02272727273
vt 0.0234375 0.02272727273
vt 0.0234375 0.02272727273
vt 0.0234375 0.02272727273
vt 0.0234375 0.02272727273
vt 0.0234375 0.02272727273
vt 0.0234375 0.02272727273
vt 0.0234375 0.02272727273
vt 0.0234375 0.02272727273
vt 0.0234375 0.02272727273
vt 0.0234375 0.02272727273
vt 0.0234375 0.02272727273
vt 0.0234375 0.02272727273
vt 0.0234375 0.02272727273
vt 0.0234375 0.02272727273
vt 0.0234375 0.02272727273
vt 0.0234375 0.02272727273
vt 0.0234375 0.02272727273
vt 0.0234375 0.02272727273
vt 0.0234375 0.02272727273
vt 0.0234375 0.02272727273
vt 0.0234375 0.02272727273
vt 0.0234375 0.02272727273
vt 0.0234375 0.02272727273
vt 0.0234375 0.02272727273
vt 0.0234375 0.02272727273
vt 0.0234375 0.02272727273
vt 0.0234375 0.02272727273
vt 0.0234375 0.02272727273
vt 0.0234375 0.02272727273
vt 0.0234375 0.02272727273
vt 0.0234375 0.02272727273
vt 0.0234375 0.02272727273
vt 0.0234375 0.02272727273
vt 0.0234375 0.02272727273
vt 0.0234375 0.02272727273
vt 0.0234375 0.02272727273
vt 0.0234375 0.02272727273
vt 0.0234375 0.02272727273
vt 0.0234375 0.02272727273
vt 0.0234375 0.02272727273
vt 0.0234375 0.02272727273
vt 0.0234375 0.02272727273
vt 0.0234375 0.02272727273
vt 0.0234375 0.02272727273
vt 0.0234375 0.02272727273
vt 0.0234375 0.02272727273
vt 0.0234375 0.02272727273
vt 0.0234375 0.02272727273
vt 0.0234375 0.02272727273
vt 0.0234375 0.02272727273
vt 0.0234375 0.02272727273
vt 0.0234375 0.02272727273
vt 0.0234375 0.02272727273
vt 0.0234375 0.02272727273
vt 0.0234375 0.02272727273
vt 0.0234375 0.02272727273
vt 0.0234375 0.02272727273
vt 0.0234375 0.02272727273
vt 0.0234375 0.02272727273
vt 0.0234375 0.02272727273
vt 0.0234375 0.02272727273
vt 0.0234375 0.02272727273
vt 0.0234375 0.02272727273
vt 0.0234375 0.02272727273
vt 0.0234375 0.02272727273
vt 0.0234375 0.02272727273
vt 0.0234375 0.02272727273
vt 0.0234375 0.02272727273
vt 0.0234375 0.02272727273
vt 0.0234375 0.02272727273
vt 0.0234375 0.02272727273
vt 0.0234375 0.02272727273
vt 0.0234375 0.02272727273
vt 0.0234375 0.02272727273
vt 0.0234375 0.02272727273
vt 0.0234375 0.02272727273
vt 0.0234375 0.02272727273
vt 0.0234375 0.02272727273
vt 0.0234375 0.02272727273
vt 0.0234375 0.02272727273
vt 0.0234375 0.02272727273
vt 0.0234375 0.02272727273
vt 0.0234375 0.02272727273
vt 0.0234375 0.02272727273
vt 0.0234375 0.02272727273
vt 0.0234375 0.02272727273
vt 0.0234375 0.02272727273
vt 0.0234375 0.02272727273
vt 0.0234375 0.02272727273
vt 0.0234375 0.02272727273
vt 0.0234375 0.02272727273
vt 0.0234375 0.02272727273
vt 0.0234375 0.02272727273
vt 0.0234375 0.02272727273
vt 0.0234375 0.02272727273
vt 0.0234375 0.02272727273
vt 0.0234375 0.02272727273
vt 0.0234375 0.02272727273
vt 0.0234375 0.02272727273
vt 0.0234375 0.02272727273
vt 0.0234375 0.02272727273
vt 0.0234375 0.02272727273
vt 0.0234375 0.02272727273
vt 0.0234375 0.02272727273
vt 0.0234375 0.02272727273
vt 0.0234375 0.02272727273
vt 0.0234375 0.02272727273
vt 0.0234375 0.02272727273
vt 0.0234375 0.02272727273
vt 0.0234375 0.02272727273
vt 0.0234375 0.02272727273
vt 0.0234375 0.02272727273
vt 0.0234375 0.02272727273
vt 0.0234375 0.02272727273
vt 0.0234375 0.02272727273
vt 0.0234375 0.02272727273
vt 0.0234375 0.02272727273
vt 0.0234375 0.02272727273
vt 0.0234375 0.02272727273
vt 0.0234375 0.02272727273
vt 0.0234375 0.02272727273
vt 0.0234375 0.02272727273
vt 0.0234375 0.02272727273
vt 0.0234375 0.02272727273
vt 0.0234375 0.02272727273
vt 0.0234375 0.02272727273
vt 0.0234375 0.02272727273
vt 0.0234375 0.02272727273
vt 0.0234375 0.02272727273
vt 0.0234375 0.02272727273
vt 0.0234375 0.02272727273
vt 0.0234375 0.02272727273
vt 0.0234375 0.02272727273
vt 0.0234375 0.02272727273
vt 0.0234375 0.02272727273
vt 0.0234375 0.02272727273
vt 0.0234375 0.02272727273
vt 0.0234375 0.02272727273
vt 0.0234375 0.02272727273
vt 0.0234375 0.02272727273
vt 0.0234375 0.02272727273
vt 0.0234375 0.02272727273
vt 0.0234375 0.02272727273
vt 0.0234375 0.02272727273
vt 0.0234375 0.02272727273
vt 0.0234375 0.02272727273
vt 0.0234375 0.02272727273
vt 0.0234375 0.02272727273
vt 0.0234375 0.02272727273
vt 0.0234375 0.02272727273
vt 0.0234375 0.02272727273
vt 0.0234375 0.02272727273
vt 0.0234375 0.02272727273
vt 0.0234375 0.02272727273
vt 0.0234375 0.02272727273
vt 0.0234375 0.02272727273
vt 0.0234375 0.02272727273
vt 0.0234375 0.02272727273
vt 0.0234375 0.02272727273
vt 0.0234375 0.02272727273
vt 0.0234375 0.02272727273
vt 0.0234375 0.02272727273
vt 0.0234375 0.02272727273
vt 0.0234375 0.02272727273
vt 0.0234375 0.02272727273
vt 0.0234375 0.02272727273
vt 0.0234375 0.02272727273
vt 0.0234375 0.02272727273
vt 0.0234375 0.02272727273
vt 0.0234375 0.02272727273
vt 0.0234375 0.02272727273
vt 0.0234375 0.02272727273
vt 0.0234375 0.02272727273
vt 0.0234375 0.02272727273
vt 0.0234375 0.02272727273
vt 0.0234375 0.02272727273
vt 0.0234375 0.02272727273
vt 0.0234375 0.02272727273
vt 0.0234375 0.02272727273
vt 0.0234375 0.02272727273
vt 0.0234375 0.02272727273
vt 0.0234375 0.02272727273
vt 0.0234375 0.02272727273
vt 0.0234375 0.02272727273
vt 0.0234375 0.02272727273
vt 0.0234375 0.02272727273
vt 0.0234375 0.02272727273
vt 0.0234375 0.02272727273
vt 0.0234375 0.02272727273
vt 0.0234375 0.02272727273
vt 0.0234375 0.02272727273
vt 0.0234375 0.02272727273
vt 0.0234375 0.02272727273
vt 0.0234375 0.02272727273
vt 0.0234375 0.02272727273
vt 0.0234375 0.02272727273
vt 0.0234375 0.02272727273
vt 0.0234375 0.02272727273
vt 0.0234375 0.02272727273
vt 0.0234375 0.02272727273
vt 0.0234375 0.02272727273
vt 0.0234375 0.02272727273
vt 0.0234375 0.02272727273
vt 0.0234375 0.02272727273
vt 0.0234375 0.02272727273
vt 0.0234375 0.02272727273
vt 0.0234375 0.02272727273
vt 0.0234375 0.02272727273
vt 0.0234375 0.02272727273
vt 0.0234375 0.02272727273
vt 0.0234375 0.02272727273
vt 0.0234375 0.02272727273
vt 0.0234375 0.02272727273
vt 0.0234375 0.02272727273
vt 0.0234375 0.02272727273
vt 0.0234375 0.02272727273
vt 0.0234375 0.02272727273
vt 0.0234375 0.02272727273
vt 0.0234375 0.02272727273
vt 0.0234375 0.02272727273
vt 0.0234375 0.02272727273
vt 0.0234375 0.02272727273
vt 0.0234375 0.02272727273
vt 0.0234375 0.02272727273
vt 0.0234375 0.02272727273
vt 0.0234375 0.02272727273
vt 0.0234375 0.02272727273
vt 0.0234375 0.02272727273
vt 0.0234375 0.02272727273
vt 0.0234375 0.02272727273
vt 0.0234375 0.02272727273
vt 0.0234375 0.02272727273
vt 0.0234375 0.02272727273
vt 0.0234375 0.02272727273
vt 0.0234375 0.02272727273
vt 0.0234375 0.02272727273
vt 0.0234375 0.02272727273
vt 0.0234375 0.02272727273
vt 0.0234375 0.02272727273
vt 0.0234375 0.02272727273
vt 0.0234375 0.02272727273
vt 0.0234375 0.02272727273
vt 0.0234375 0.02272727273
vt 0.0234375 0.02272727273
vt 0.0234375 0.02272727273
vt 0.0234375 0.02272727273
vt 0.0234375 0.02272727273
vt 0.0234375 0.02272727273
vt 0.0234375 0.02272727273
vt 0.0234375 0.02272727273
vt 0.0234375 0.02272727273
vt 0.0234375 0.02272727273
vt 0.0234375 0.02272727273
vt 0.0234375 0.02272727273
vt 0.0234375 0.02272727273
vt 0.0234375 0.02272727273
vt 0.0234375 0.02272727273
vt 0.0234375 0.02272727273
vt 0.0234375 0.02272727273
vt 0.0234375 0.02272727273
vt 0.0234375 0.02272727273
vt 0.0234375 0.02272727273
vt 0.0234375 0.02272727273
vt 0.0234375 0.02272727273
vt 0.0234375 0.02272727273
vt 0.0234375 0.02272727273
vt 0.0234375 0.02272727273
vt 0.0234375 0.02272727273
vt 0.0234375 0.02272727273
vt 0.0234375 0.02272727273
vt 0.0234375 0.02272727273
vt 0.0234375 0.02272727273
vt 0.0234375 0.02272727273
vt 0.0234375 0.02272727273
vt 0.0234375 0.02272727273
vt 0.0234375 0.02272727273
vt 0.0234375 0.02272727273
vt 0.0234375 0.02272727273
vt 0.0234375 0.02272727273
vt 0.0234375 0.02272727273
vt 0.0234375 0.02272727273
vt 0.0234375 0.02272727273
vt 0.0234375 0.02272727273
vt 0.0234375 0.02272727273
vt 0.0234375 0.02272727273
vt 0.0234375 0.02272727273
vt 0.0234375 0.02272727273
vt 0.0234375 0.02272727273
vt 0.0234375 0.02272727273
vt 0.0234375 0.02272727273
vt 0.0234375 0.02272727273
vt 0.0234375 0.02272727273
vt 0.0234375 0.02272727273
vt 0.0234375 0.02272727273
vt 0.0234375 0.02272727273
vt 0.0234375 0.02272727273
vt 0.0234375 0.02272727273
vt 0.0234375 0.02272727273
vt 0.0234375 0.02272727273
vt 0.0234375 0.02272727273
vt 0.0234375 0.02272727273
vt 0.0234375 0.02272727273
vt 0.0234375 0.02272727273
vt 0.0234375 0.02272727273
vt 0.0234375 0.02272727273
vt 0.0234375 0.02272727273
vt 0.0234375 0.02272727273
vt 0.0234375 0.02272727273
vt 0.0234375 0.02272727273
vt 0.0234375 0.02272727273
vt 0.0234375 0.02272727273
vt 0.0234375 0.02272727273
vt 0.0234375 0.02272727273
vt 0.0234375 0.02272727273
vt 0.0234375 0.02272727273
vt 0.0234375 0.02272727273
vt 0.0234375 0.02272727273
vt 0.0234375 0.02272727273
vt 0.0234375 0.02272727273
vt 0.0234375 0.02272727273
vt 0.0234375 0.02272727273
vt 0.0234375 0.02272727273
vt 0.0234375 0.02272727273
vt 0.0234375 0.02272727273
vt 0.0234375 0.02272727273
vt 0.0234375 0.02272727273
vt 0.0234375 0.02272727273
vt 0.0234375 0.02272727273
vt 0.0234375 0.02272727273
vt 0.0234375 0.02272727273
vt 0.0234375 0.02272727273
vt 0.0234375 0.02272727273
vt 0.0234375 0.02272727273
vt 0.0234375 0.02272727273
vt 0.0234375 0.02272727273
vt 0.0234375 0.02272727273
vt 0.0234375 0.02272727273
vt 0.0234375 0.02272727273
vt 0.0234375 0.02272727273
vt 0.0234375 0.02272727273
vt 0.0234375 0.02272727273
vt 0.0234375 0.02272727273
vt 0.0234375 0.02272727273
vt 0.0234375 0.02272727273
vt 0.0234375 0.02272727273
vt 0.0234375 0.02272727273
vt 0.0234375 0.02272727273
vt 0.0234375 0.02272727273
vt 0.0234375 0.02272727273
vt 0.0234375 0.02272727273
vt 0.0234375 0.02272727273
vt 0.0234375 0.02272727273
vt 0.0234375 0.02272727273
vt 0.0234375 0.02272727273
vt 0.0234375 0.02272727273
vt 0.0234375 0.02272727273
vt 0.0234375 0.02272727273
vt 0.0234375 0.02272727273
vt 0.0234375 0.02272727273
vt 0.0234375 0.02272727273
vt 0.0234375 0.02272727273
vt 0.0234375 0.02272727273
vt 0.0234375 0.02272727273
vt 0.0234375 0.02272727273
vt 0.0234375 0.02272727273
vt 0.0234375 0.02272727273
vt 0.0234375 0.02272727273
vt 0.0234375 0.02272727273
vt 0.0234375 0.02272727273
vt 0.0234375 0.02272727273
vt 0.0234375 0.02272727273
vt 0.0234375 0.02272727273
vt 0.0234375 0.02272727273
vt 0.0234375 0.02272727273
vt 0.0234375 0.02272727273
vt 0.0234375 0.02272727273
vt 0.0234375 0.02272727273
vt 0.0234375 0.02272727273
vt 0.0234375 0.02272727273
vt 0.0234375 0.02272727273
vt 0.0234375 0.02272727273
vt 0.0234375 0.02272727273
vt 0.0234375 0.02272727273
vt 0.0234375 0.02272727273
vt 0.0234375 0.02272727273
vt 0.0234375 0.02272727273
vt 0.0234375 0.02272727273
vt 0.0234375 0.02272727273
vt 0.0234375 0.02272727273
vt 0.0234375 0.02272727273
vt 0.0234375 0.02272727273
vt 0.0234375 0.02272727273
vt 0.0234375 0.02272727273
vt 0.0234375 0.02272727273
vt 0.0234375 0.02272727273
vt 0.0234375 0.02272727273
vt 0.0234375 0.02272727273
vt 0.0234375 0.02272727273
vt 0.0234375 0.02272727273
vt 0.0234375 0.02272727273
vt 0.0234375 0.02272727273
vt 0.0234375 0.02272727273
vt 0.0234375 0.02272727273
vt 0.0234375 0.02272727273
vt 0.0234375 0.02272727273
vt 0.0234375 0.02272727273
vt 0.0234375 0.02272727273
vt 0.0234375 0.02272727273
vt 0.0234375 0.02272727273
vt 0.0234375 0.02272727273
vt 0.0234375 0.02272727273
vt 0.0234375 0.02272727273
vt 0.0234375 0.02272727273
vt 0.0234375 0.02272727273
vt 0.0234375 0.02272727273
vt 0.0234375 0.02272727273
vt 0.0234375 0.02272727273
vt 0.0234375 0.02272727273
vt 0.0234375 0.02272727273
vt 0.0234375 0.02272727273
vt 0.0234375 0.02272727273
vt 0.0234375 0.02272727273
vt 0.0234375 0.02272727273
vt 0.0234375 0.02272727273
vt 0.0234375 0.02272727273
vt 0.0234375 0.02272727273
vt 0.0234375 0.02272727273
vt 0.0234375 0.02272727273
vt 0.0234375 0.02272727273
vt 0.0234375 0.02272727273
vt 0.0234375 0.02272727273
vt 0.0234375 0.02272727273
vt 0.0234375 0.02272727273
vt 0.0234375 0.02272727273
vt 0.0234375 0.02272727273
vt 0.0234375 0.02272727273
vt 0.0234375 0.02272727273
vt 0.0234375 0.02272727273
vt 0.0234375 0.02272727273
vt 0.0234375 0.02272727273
vt 0.0234375 0.02272727273
vt 0.0234375 0.02272727273
vt 0.0234375 0.02272727273
vt 0.0234375 0.02272727273
vt 0.0234375 0.02272727273
vt 0.0234375 0.02272727273
vt 0.0234375 0.02272727273
vt 0.0234375 0.02272727273
vt 0.0234375 0.02272727273
vt 0.0234375 0.02272727273
vt 0.0234375 0.02272727273
vt 0.0234375 0.02272727273
vt 0.0234375 0.02272727273
vt 0.0234375 0.02272727273
vt 0.0234375 0.02272727273
vt 0.0234375 0.02272727273
vt 0.0234375 0.02272727273
vt 0.0234375 0.02272727273
vt 0.0234375 0.02272727273
vt 0.0234375 0.02272727273
vt 0.0234375 0.02272727273
vt 0.0234375 0.02272727273
vt 0.0234375 0.02272727273
vt 0.0234375 0.02272727273
vt 0.0234375 0.02272727273
vt 0.0234375 0.02272727273
vt 0.0234375 0.02272727273
vt 0.0234375 0.02272727273
vt 0.0234375 0.02272727273
vt 0.0234375 0.02272727273
vt 0.0234375 0.02272727273
vt 0.0234375 0.02272727273
vt 0.0234375 0.02272727273
vt 0.0234375 0.02272727273
vt 0.0234375 0.02272727273
vt 0.0234375 0.02272727273
vt 0.0234375 0.02272727273
vt 0.0234375 0.02272727273
vt 0.0234375 0.02272727273
vt 0.0234375 0.02272727273
vt 0.0234375 0.02272727273
vt 0.0234375 0.02272727273
vt 0.0234375 0.02272727273
vt 0.0234375 0.02272727273
vt 0.0234375 0.02272727273
vt 0.0234375 0.02272727273
vt 0.0234375 0.02272727273
vt 0.0234375 0.02272727273
vt 0.0234375 0.02272727273
vt 0.0234375 0.02272727273
vt 0.0234375 0.02272727273
vt 0.0234375 0.02272727273
vt 0.0234375 0.02272727273
vt 0.0234375 0.02272727273
vt 0.0234375 0.02272727273
vt 0.0234375 0.02272727273
vt 0.0234375 0.02272727273
vt 0.0234375 0.02272727273
vt 0.0234375 0.02272727273
vt 0.0234375 0.02272727273
vt 0.0234375 0.02272727273
vt 0.0234375 0.02272727273
vt 0.0234375 0.02272727273
vt 0.0234375 0.02272727273
vt 0.0234375 0.02272727273
vt 0.0234375 0.02272727273
vt 0.0234375 0.02272727273
vt 0.0234375 0.02272727273
vt 0.0234375 0.02272727273
vt 0.0234375 0.02272727273
vt 0.0234375 0.02272727273
vt 0.0234375 0.02272727273
vt 0.0234375 0.02272727273
vt 0.0234375 0.02272727273
vt 0.0234375 0.02272727273
vt 0.0234375 0.02272727273
vt 0.0234375 0.02272727273
vt 0.0234375 0.02272727273
vt 0.0234375 0.02272727273
vt 0.0234375 0.02272727273
vt 0.0234375 0.02272727273
vt 0.0234375 0.02272727273
vt 0.0234375 0.02272727273
vt 0.0234375 0.02272727273
vt 0.0234375 0.02272727273
vt 0.0234375 0.02272727273
vt 0.0234375 0.02272727273
vt 0.0234375 0.02272727273
vt 0.0234375 0.02272727273
vt 0.0234375 0.02272727273
vt 0.0234375 0.02272727273
vt 0.0234375 0.02272727273
vt 0.0234375 0.02272727273
vt 0.0234375 0.02272727273
vt 0.0234375 0.02272727273
vt 0.0234375 0.02272727273
vt 0.0234375 0.02272727273
vt 0.0234375 0.02272727273
vt 0.0234375 0.02272727273
vt 0.0234375 0.02272727273
vt 0.0234375 0.02272727273
vt 0.0234375 0.02272727273
vt 0.0234375 0.02272727273
vt 0.0234375 0.02272727273
vt 0.0234375 0.02272727273
vt 0.0234375 0.02272727273
vt 0.0234375 0.02272727273
vt 0.0234375 0.02272727273
vt 0.0234375 0.02272727273
vt 0.0234375 0.02272727273
vt 0.0234375 0.02272727273
vt 0.0234375 0.02272727273
vt 0.0234375 0.02272727273
vt 0.0234375 0.02272727273
vt 0.0234375 0.02272727273
vt 0.0234375 0.02272727273
vt 0.0234375 0.02272727273
vt 0.0234375 0.02272727273
vt 0.0234375 0.02272727273
vt 0.0234375 0.02272727273
vt 0.0234375 0.02272727273
vt 0.0234375 0.02272727273
vt 0.0234375 0.02272727273
vt 0.0234375 0.02272727273
vt 0.0234375 0.02272727273
vt 0.0234375 0.02272727273
vt 0.0234375 0.02272727273
vt 0.0234375 0.02272727273
vt 0.0234375 0.02272727273
vt 0.0234375 0.02272727273
vt 0.0234375 0.02272727273
vt 0.0234375 0.02272727273
vt 0.0234375 0.02272727273
vt 0.0234375 0.02272727273
vt 0.0234375 0.02272727273
vt 0.0234375 0.02272727273
vt 0.0234375 0.02272727273
vt 0.0234375 0.02272727273
vt 0.0234375 0.02272727273
vt 0.0234375 0.02272727273
vt 0.0234375 0.02272727273
vt 0.0234375 0.02272727273
vt 0.0234375 0.02272727273
vt 0.0234375 0.02272727273
vt 0.0234375 0.02272727273
vt 0.0234375 0.02272727273
vt 0.0234375 0.02272727273
vt 0.0234375 0.02272727273
vt 0.0234375 0.02272727273
vt 0.0234375 0.02272727273
vt 0.0234375 0.02272727273
vt 0.0234375 0.02272727273
vt 0.0234375 0.02272727273
vt 0.0234375 0.02272727273
vt 0.0234375 0.02272727273
vt 0.0234375 0.02272727273
vt 0.0234375 0.02272727273
vt 0.0234375 0.02272727273
vt 0.0234375 0.02272727273
vt 0.0234375 0.02272727273
vt 0.0234375 0.02272727273
vt 0.0234375 0.02272727273
vt 0.0234375 0.02272727273
vt 0.0234375 0.02272727273
vt 0.0234375 0.02272727273
vt 0.0234375 0.02272727273
vt 0.0234375 0.02272727273
vt 0.0234375 0.02272727273
vt 0.0234375 0.02272727273
vt 0.0234375 0.02272727273
vt 0.0234375 0.02272727273
vt 0.0234375 0.02272727273
vt 0.0234375 0.02272727273
vt 0.0234375 0.02272727273
vt 0.0234375 0.02272727273
vt 0.0234375 0.02272727273
vt 0.0234375 0.02272727273
vt 0.0234375 0.02272727273
vt 0.0234375 0.02272727273
vt 0.0234375 0.02272727273
vt 0.0234375 0.02272727273
vt 0.0234375 0.02272727273
vt 0.0234375 0.02272727273
vt 0.0234375 0.02272727273
vt 0.0234375 0.02272727273
vt 0.0234375 0.02272727273
vt 0.0234375 0.02272727273
vt 0.0234375 0.02272727273
vt 0.0234375 0.02272727273
vt 0.0234375 0.02272727273
vt 0.0234375 0.02272727273
vt 0.0234375 0.02272727273
vt 0.0234375 0.02272727273
vt 0.0234375 0.02272727273
vt 0.0234375 0.02272727273
vt 0.0234375 0.02272727273
vt 0.0234375 0.02272727273
vt 0.0234375 0.02272727273
vt 0.0234375 0.02272727273
vt 0.0234375 0.02272727273
vt 0.0234375 0.02272727273
vt 0.0234375 0.02272727273
vt 0.0234375 0.02272727273
vt 0.0234375 0.02272727273
vt 0.0234375 0.02272727273
vt 0.0234375 0.02272727273
vt 0.0234375 0.02272727273
vt 0.0234375 0.02272727273
vt 0.0234375 0.02272727273
vt 0.0234375 0.02272727273
vt 0.0234375 0.02272727273
vt 0.0234375 0.02272727273
vt 0.0234375 0.02272727273
vt 0.0234375 0.02272727273
vt 0.0234375 0.02272727273
vt 0.0234375 0.02272727273
vt 0.0234375 0.02272727273
vt 0.0234375 0.02272727273
vt 0.0234375 0.02272727273
vt 0.0234375 0.02272727273
vt 0.0234375 0.02272727273
vt 0.0234375 0.02272727273
vt 0.0234375 0.02272727273
vt 0.0234375 0.02272727273
vt 0.0234375 0.02272727273
vt 0.0234375 0.02272727273
vt 0.0234375 0.02272727273
vt 0.0234375 0.02272727273
vt 0.0234375 0.02272727273
vt 0.0234375 0.02272727273
vt 0.0234375 0.02272727273
vt 0.0234375 0.02272727273
vt 0.0234375 0.02272727273
vt 0.0234375 0.02272727273
vt 0.0234375 0.02272727273
vt 0.0234375 0.02272727273
vt 0.0234375 0.02272727273
vt 0.0234375 0.02272727273
vt 0.0234375 0.02272727273
vt 0.0234375 0.02272727273
vt 0.0234375 0.02272727273
vt 0.0234375 0.02272727273
vt 0.0234375 0.02272727273
vt 0.0234375 0.02272727273
vt 0.0234375 0.02272727273
vt 0.0234375 0.02272727273
vt 0.0234375 0.02272727273
vt 0.0234375 0.02272727273
vt 0.0234375 0.02272727273
vt 0.0234375 0.02272727273
vt 0.0234375 0.02272727273
vt 0.0234375 0.02272727273
vt 0.0234375 0.02272727273
vt 0.0234375 0.02272727273
vt 0.0234375 0.02272727273
vt 0.0234375 0.02272727273
vt 0.0234375 0.02272727273
vt 0.0234375 0.02272727273
vt 0.0234375 0.02272727273
vt 0.0234375 0.02272727273
vt 0.0234375 0.02272727273
vt 0.0234375 0.02272727273
vt 0.0234375 0.02272727273
vt 0.0234375 0.02272727273
vt 0.0234375 0.02272727273
vt 0.0234375 0.02272727273
vt 0.0234375 0.02272727273
vt 0.0234375 0.02272727273
vt 0.0234375 0.02272727273
vt 0.0234375 0.02272727273
vt 0.0234375 0.02272727273
vt 0.0234375 0.02272727273
vt 0.0234375 0.02272727273
vt 0.0234375 0.02272727273
vt 0.0234375 0.02272727273
vt 0.0234375 0.02272727273
vt 0.0234375 0.02272727273
vt 0.0234375 0.02272727273
vt 0.0234375 0.02272727273
vt 0.0234375 0.02272727273
vt 0.0234375 0.02272727273
vt 0.0234375 0.02272727273
vt 0.0234375 0.02272727273
vt 0.0234375 0.02272727273
vt 0.0234375 0.02272727273
vt 0.0234375 0.02272727273
vt 0.0234375 0.02272727273
vt 0.0234375 0.02272727273
vt 0.0234375 0.02272727273
vt 0.0234375 0.02272727273
vt 0.0234375 0.02272727273
vt 0.0234375 0.02272727273
vt 0.0234375 0.02272727273
vt 0.0234375 0.02272727273
vt 0.0234375 0.02272727273
vt 0.0234375 0.02272727273
vt 0.0234375 0.02272727273
vt 0.0234375 0.02272727273
vt 0.0234375 0.02272727273
vt 0.0234375 0.02272727273
vt 0.0234375 0.02272727273
vt 0.0234375 0.02272727273
vt 0.0234375 0.02272727273
vt 0.0234375 0.02272727273
vt 0.0234375 0.02272727273
vt 0.0234375 0.02272727273
vt 0.0234375 0.02272727273
vt 0.0234375 0.02272727273
vt 0.0234375 0.02272727273
vt 0.0234375 0.02272727273
vt 0.0234375 0.02272727273
vt 0.0234375 0.02272727273
vt 0.0234375 0.02272727273
vt 0.0234375 0.02272727273
vt 0.0234375 0.02272727273
vt 0.0234375 0.02272727273
vt 0.0234375 0.02272727273
vt 0.0234375 0.02272727273
vt 0.0234375 0.02272727273
vt 0.0234375 0.02272727273
vt 0.0234375 0.02272727273
vt 0.0234375 0.02272727273
vt 0.0234375 0.02272727273
vt 0.0234375 0.02272727273
vt 0.0234375 0.02272727273
vt 0.0234375 0.02272727273
vt 0.0234375 0.02272727273
vt 0.0234375 0.02272727273
vt 0.0234375 0.02272727273
vt 0.0234375 0.02272727273
vt 0.0234375 0.02272727273
vt 0.0234375 0.02272727273
vt 0.0234375 0.02272727273
vt 0.0234375 0.02272727273
vt 0.0234375 0.02272727273
vt 0.0234375 0.02272727273
vt 0.0234375 0.02272727273
vt 0.0234375 0.02272727273
vt 0.0234375 0.02272727273
vt 0.0234375 0.02272727273
vt 0.0234375 0.02272727273
vt 0.0234375 0.02272727273
vt 0.0234375 0.02272727273
vt 0.0234375 0.02272727273
vt 0.0234375 0.02272727273
vt 0.0234375 0.02272727273
vt 0.0234375 0.02272727273
vt 0.0234375 0.02272727273
vt 0.0234375 0.02272727273
vt 0.0234375 0.02272727273
vt 0.0234375 0.02272727273
vt 0.0234375 0.02272727273
vt 0.0234375 0.02272727273
vt 0.0234375 0.02272727273
vt 0.0234375 0.02272727273
vt 0.0234375 0.02272727273
vt 0.0234375 0.02272727273
vt 0.0234375 0.02272727273
vt 0.0234375 0.02272727273
vt 0.0234375 0.02272727273
vt 0.0234375 0.02272727273
vt 0.0234375 0.02272727273
vt 0.0234375 0.02272727273
vt 0.0234375 0.02272727273
vt 0.0234375 0.02272727273
vt 0.0234375 0.02272727273
vt 0.0234375 0.02272727273
vt 0.0234375 0.02272727273
vt 0.0234375 0.02272727273
vt 0.0234375 0.02272727273
vt 0.0234375 0.02272727273
vt 0.0234375 0.02272727273
vt 0.0234375 0.02272727273
vt 0.0234375 0.02272727273
vt 0.0234375 0.02272727273
vt 0.0234375 0.02272727273
vt 0.0234375 0.02272727273
vt 0.0234375 0.02272727273
vt 0.0234375 0.02272727273
vt 0.0234375 0.02272727273
vt 0.0234375 0.02272727273
vt 0.0234375 0.02272727273
vt 0.0234375 0.02272727273
vt 0.0234375 0.02272727273
vt 0.0234375 0.02272727273
vt 0.0234375 0.02272727273
vt 0.0234375 0.02272727273
vt 0.0234375 0.02272727273
vt 0.0234375 0.02272727273
vt 0.0234375 0.02272727273
vt 0.0234375 0.02272727273
vt 0.0234375 0.02272727273
vt 0.0234375 0.02272727273
vt 0.0234375 0.02272727273
vt 0.0234375 0.02272727273
vt 0.0234375 0.02272727273
vt 0.0234375 0.02272727273
vt 0.0234375 0.02272727273
vt 0.0234375 0.02272727273
vt 0.0234375 0.02272727273
vt 0.0234375 0.02272727273
vt 0.0234375 0.02272727273
vt 0.0234375 0.02272727273
vt 0.0234375 0.02272727273
vt 0.0234375 0.02272727273
vt 0.0234375 0.02272727273
vt 0.0234375 0.02272727273
vt 0.0234375 0.02272727273
vt 0.0234375 0.02272727273
vt 0.0234375 0.02272727273
vt 0.0234375 0.02272727273
vt 0.0234375 0.02272727273
vt 0.0234375 0.02272727273
vt 0.0234375 0.02272727273
vt 0.0234375 0.02272727273
vt 0.0234375 0.02272727273
vt 0.0234375 0.02272727273
vt 0.0234375 0.02272727273
vt 0.0234375 0.02272727273
vt 0.0234375 0.02272727273
vt 0.0234375 0.02272727273
vt 0.0234375 0.02272727273
vt 0.0234375 0.02272727273
vt 0.0234375 0.02272727273
vt 0.0234375 0.02272727273
vt 0.0234375 0.02272727273
vt 0.0234375 0.02272727273
vt 0.0234375 0.02272727273
vt 0.0234375 0.02272727273
vt 0.0234375 0.02272727273
vt 0.0234375 0.02272727273
vt 0.0234375 0.02272727273
vt 0.0234375 0.02272727273
vt 0.0234375 0.02272727273
vt 0.0234375 0.02272727273
vt 0.0234375 0.02272727273
vt 0.0234375 0.02272727273
vt 0.0234375 0.02272727273
vt 0.0234375 0.02272727273
vt 0.0234375 0.02272727273
vt 0.0234375 0.02272727273
vt 0.0234375 0.02272727273
vt 0.0234375 0.02272727273
vt 0.0234375 0.02272727273
vt 0.0234375 0.02272727273
vt 0.0234375 0.02272727273
vt 0.0234375 0.02272727273
vt 0.0234375 0.02272727273
vt 0.0234375 0.02272727273
vt 0.0234375 0.02272727273
vt 0.0234375 0.02272727273
vt 0.0234375 0.02272727273
vt 0.0234375 0.02272727273
vt 0.0234375 0.02272727273
vt 0.0234375 0.02272727273
vt 0.0234375 0.02272727273
vt 0.0234375 0.02272727273
vt 0.0234375 0.02272727273
vt 0.0234375 0.02272727273
vt 0.0234375 0.02272727273
vt 0.0234375 0.02272727273
vt 0.0234375 0.02272727273
vt 0.0234375 0.02272727273
vt 0.0234375 0.02272727273
vt 0.0234375 0.02272727273
vt 0.0234375 0.02272727273
vt 0.0234375 0.02272727273
vt 0.0234375 0.02272727273
vt 0.0234375 0.02272727273
vt 0.0234375 0.02272727273
vt 0.0234375 0.02272727273
vt 0.0234375 0.02272727273
vt 0.0234375 0.02272727273
vt 0.0234375 0.02272727273
vt 0.0234375 0.02272727273
vt 0.0234375 0.02272727273
vt 0.0234375 0.02272727273
vt 0.0234375 0.02272727273
vt 0.0234375 0.02272727273
vt 0.0234375 0.02272727273
vt 0.0234375 0.02272727273
vt 0.0234375 0.02272727273
vt 0.0234375 0.02272727273
vt 0.0234375 0.02272727273
vt 0.0234375 0.02272727273
vt 0.0234375 0.02272727273
vt 0.0234375 0.02272727273
vt 0.0234375 0.02272727273
vt 0.0234375 0.02272727273
vt 0.0234375 0.02272727273
vt 0.0234375 0.02272727273
vt 0.0234375 0.02272727273
vt 0.0234375 0.02272727273
vt 0.0234375 0.02272727273
vt 0.0234375 0.02272727273
vt 0.0234375 0.02272727273
vt 0.0234375 0.02272727273
vt 0.0234375 0.02272727273
vt 0.0234375 0.02272727273
vt 0.0234375 0.02272727273
vt 0.0234375 0.02272727273
vt 0.0234375 0.02272727273
vt 0.0234375 0.02272727273
vt 0.0234375 0.02272727273
vt 0.0234375 0.02272727273
vt 0.0234375 0.02272727273
vt 0.0234375 0.02272727273
vt 0.0234375 0.02272727273
vt 0.0234375 0.02272727273
vt 0.0234375 0.02272727273
vt 0.0234375 0.02272727273
vt 0.0234375 0.02272727273
vt 0.0234375 0.02272727273
vt 0.0234375 0.02272727273
vt 0.0234375 0.02272727273
vt 0.0234375 0.02272727273
vt 0.0234375 0.02272727273
vt 0.0234375 0.02272727273
vt 0.0234375 0.02272727273
vt 0.0234375 0.02272727273
vt 0.0234375 0.02272727273
vt 0.0234375 0.02272727273
vt 0.0234375 0.02272727273
vt 0.0234375 0.02272727273
vt 0.0234375 0.02272727273
vt 0.0234375 0.02272727273
vt 0.0234375 0.02272727273
vt 0.0234375 0.02272727273
vt 0.0234375 0.02272727273
vt 0.0234375 0.02272727273
vt 0.0234375 0.02272727273
vt 0.0234375 0.02272727273
vt 0.0234375 0.02272727273
vt 0.0234375 0.02272727273
vt 0.0234375 0.02272727273
vt 0.0234375 0.02272727273
vt 0.0234375 0.02272727273
vt 0.0234375 0.02272727273
vt 0.0234375 0.02272727273
vt 0.0234375 0.02272727273
vt 0.0234375 0.02272727273
vt 0.0234375 0.02272727273
vt 0.0234375 0.02272727273
vt 0.0234375 0.02272727273
vt 0.0234375 0.02272727273
vt 0.0234375 0.02272727273
vt 0.0234375 0.02272727273
vt 0.0234375 0.02272727273
vt 0.0234375 0.02272727273
vt 0.0234375 0.02272727273
vt 0.0234375 0.02272727273
vt 0.0234375 0.02272727273
vt 0.0234375 0.02272727273
vt 0.0234375 0.02272727273
vt 0.0234375 0.02272727273
vt 0.0234375 0.02272727273
vt 0.0234375 0.02272727273
vt 0.0234375 0.02272727273
vt 0.0234375 0.02272727273
vt 0.0234375 0.02272727273
vt 0.0234375 0.02272727273
vt 0.0234375 0.02272727273
vt 0.0234375 0.02272727273
vt 0.0234375 0.02272727273
vt 0.0234375 0.02272727273
vt 0.0234375 0.02272727273
vt 0.0234375 0.02272727273
vt 0.0234375 0.02272727273
vt 0.0234375 0.02272727273
vt 0.0234375 0.02272727273
vt 0.0234375 0.02272727273
vt 0.0234375 0.02272727273
vt 0.0234375 0.02272727273
vt 0.0234375 0.02272727273
vt 0.0234375 0.02272727273
vt 0.0234375 0.02272727273
vt 0.0234375 0.02272727273
vt 0.0234375 0.02272727273
vt 0.0234375 0.02272727273
vt 0.0234375 0.02272727273
vt 0.0234375 0.02272727273
vt 0.0234375 0.02272727273
vt 0.0234375 0.02272727273
vt 0.0234375 0.02272727273
vt 0.0234375 0.02272727273
vt 0.0234375 0.02272727273
vt 0.0234375 0.02272727273
vt 0.0234375 0.02272727273
vt 0.0234375 0.02272727273
vt 0.0234375 0.02272727273
vt 0.0234375 0.02272727273
vt 0.0234375 0.02272727273
vt 0.0234375 0.02272727273
vt 0.0234375 0.02272727273
vt 0.0234375 0.02272727273
vt 0.0234375 0.02272727273
vt 0.0234375 0.02272727273
vt 0.0234375 0.02272727273
vt 0.0234375 0.02272727273
vt 0.0234375 0.02272727273
vt 0.0234375 0.02272727273
vt 0.0234375 0.02272727273
vt 0.0234375 0.02272727273
vt 0.0234375 0.02272727273
vt 0.0234375 0.02272727273
vt 0.0234375 0.02272727273
vt 0.0234375 0.02272727273
vt 0.0234375 0.02272727273
vt 0.0234375 0.02272727273
vt 0.0234375 0.02272727273
vt 0.0234375 0.02272727273
vt 0.0234375 0.02272727273
vt 0.0234375 0.02272727273
vt 0.0234375 0.02272727273
vt 0.0234375 0.02272727273
vt 0.0234375 0.02272727273
vt 0.0234375 0.02272727273
vt 0.0234375 0.02272727273
vt 0.0234375 0.02272727273
vt 0.0234375 0.02272727273
vt 0.0234375 0.02272727273
vt 0.0234375 0.02272727273
vt 0.0234375 0.02272727273
vt 0.0234375 0.02272727273
vt 0.0234375 0.02272727273
vt 0.0234375 0.02272727273
vt 0.0234375 0.02272727273
vt 0.0234375 0.02272727273
vt 0.0234375 0.02272727273
vt 0.0234375 0.02272727273
vt 0.0234375 0.02272727273
vt 0.0234375 0.02272727273
vt 0.0234375 0.02272727273
vt 0.0234375 0.02272727273
vt 0.0234375 0.02272727273
vt 0.0234375 0.02272727273
vt 0.0234375 0.02272727273
vt 0.0234375 0.02272727273
vt 0.0234375 0.02272727273
vt 0.0234375 0.02272727273
vt 0.0234375 0.02272727273
vt 0.0234375 0.02272727273
vt 0.0234375 0.02272727273
vt 0.0234375 0.02272727273
vt 0.0234375 0.02272727273
vt 0.0234375 0.02272727273
vt 0.0234375 0.02272727273
vt 0.0234375 0.02272727273
vt 0.0234375 0.02272727273
vt 0.0234375 0.02272727273
vt 0.0234375 0.02272727273
vt 0.0234375 0.02272727273
vt 0.0234375 0.02272727273
vt 0.0234375 0.02272727273
vt 0.0234375 0.02272727273
vt 0.0234375 0.02272727273
vt 0.0234375 0.02272727273
vt 0.0234375 0.02272727273
vt 0.0234375 0.02272727273
vt 0.0234375 0.02272727273
vt 0.0234375 0.02272727273
vt 0.0234375 0.02272727273
vt 0.0234375 0.02272727273
vt 0.0234375 0.02272727273
vt 0.0234375 0.02272727273
vt 0.0234375 0.02272727273
vt 0.0234375 0.02272727273
vt 0.0234375 0.02272727273
vt 0.0234375 0.02272727273
vt 0.0234375 0.02272727273
vt 0.0234375 0.02272727273
vt 0.0234375 0.02272727273
vt 0.0234375 0.02272727273
vt 0.0234375 0.02272727273
vt 0.0234375 0.02272727273
vt 0.0234375 0.02272727273
vt 0.0234375 0.02272727273
vt 0.0234375 0.02272727273
vt 0.0234375 0.02272727273
vt 0.0234375 0.02272727273
vt 0.0234375 0.02272727273
vt 0.0234375 0.02272727273
vt 0.0234375 0.02272727273
vt 0.0234375 0.02272727273
vt 0.0234375 0.02272727273
vt 0.0234375 0.02272727273
vt 0.0234375 0.02272727273
vt 0.0234375 0.02272727273
vt 0.0234375 0.02272727273
vt 0.0234375 0.02272727273
vt 0.0234375 0.02272727273
vt 0.0234375 0.02272727273
vt 0.0234375 0.02272727273
vt 0.0234375 0.02272727273
vt 0.0234375 0.02272727273
vt 0.0234375 0.02272727273
vt 0.0234375 0.02272727273
vt 0.0234375 0.02272727273
vt 0.0234375 0.02272727273
vt 0.0234375 0.02272727273
vt 0.0234375 0.02272727273
vt 0.0234375 0.02272727273
vt 0.0234375 0.02272727273
vt 0.0234375 0.02272727273
vt 0.0234375 0.02272727273
vt 0.0234375 0.02272727273
vt 0.0234375 0.02272727273
vt 0.0234375 0.02272727273
vt 0.0234375 0.02272727273
vt 0.0234375 0.02272727273
vt 0.0234375 0.02272727273
vt 0.0234375 0.02272727273
vt 0.0234375 0.02272727273
vt 0.0234375 0.02272727273
vt 0.0234375 0.02272727273
vt 0.0234375 0.02272727273
vt 0.0234375 0.02272727273
vt 0.0234375 0.02272727273
vt 0.0234375 0.02272727273
vt 0.0234375 0.02272727273
vt 0.0234375 0.02272727273
vt 0.0234375 0.02272727273
vt 0.0234375 0.02272727273
vt 0.0234375 0.02272727273
vt 0.0234375 0.02272727273
vt 0.0234375 0.02272727273
vt 0.0234375 0.02272727273
vt 0.0234375 0.02272727273
vt 0.0234375 0.02272727273
vt 0.0234375 0.02272727273
vt 0.0234375 0.02272727273
vt 0.0234375 0.02272727273
vt 0.0234375 0.02272727273
vt 0.0234375 0.02272727273
vt 0.0234375 0.02272727273
vt 0.0234375 0.02272727273
vt 0.0234375 0.02272727273
vt 0.0234375 0.02272727273
vt 0.0234375 0.02272727273
vt 0.0234375 0.02272727273
vt 0.0234375 0.02272727273
vt 0.0234375 0.02272727273
vt 0.0234375 0.02272727273
vt 0.0234375 0.02272727273
vt 0.0234375 0.02272727273
vt 0.0234375 0.02272727273
vt 0.0234375 0.02272727273
vt 0.0234375 0.02272727273
vt 0.0234375 0.02272727273
vt 0.0234375 0.02272727273
vt 0.0234375 0.02272727273
vt 0.0234375 0.02272727273
vt 0.0234375 0.02272727273
vt 0.0234375 0.02272727273
vt 0.0234375 0.02272727273
vt 0.0234375 0.02272727273
vt 0.0234375 0.02272727273
vt 0.0234375 0.02272727273
vt 0.0234375 0.02272727273
vt 0.0234375 0.02272727273
vt 0.0234375 0.02272727273
vt 0.0234375 0.02272727273
vt 0.0234375 0.02272727273
vt 0.0234375 0.02272727273
vt 0.0234375 0.02272727273
vt 0.0234375 0.02272727273
vt 0.0234375 0.02272727273
vt 0.0234375 0.02272727273
vt 0.0234375 0.02272727273
vt 0.0234375 0.02272727273
vt 0.0234375 0.02272727273
vt 0.0234375 0.02272727273
vt 0.0234375 0.02272727273
vt 0.0234375 0.02272727273
vt 0.0234375 0.02272727273
vt 0.0234375 0.02272727273
vt 0.0234375 0.02272727273
vt 0.0234375 0.02272727273
vt 0.0234375 0.02272727273
vt 0.0234375 0.02272727273
vt 0.0234375 0.02272727273
vt 0.0234375 0.02272727273
vt 0.0234375 0.02272727273
vt 0.0234375 0.02272727273
vt 0.0234375 0.02272727273
vt 0.0234375 0.02272727273
vt 0.0234375 0.02272727273
vt 0.0234375 0.02272727273
vt 0.0234375 0.02272727273
vt 0.0234375 0.02272727273
vt 0.0234375 0.02272727273
vt 0.0234375 0.02272727273
vt 0.0234375 0.02272727273
vt 0.0234375 0.02272727273
vt 0.0234375 0.02272727273
vt 0.0234375 0.02272727273
vt 0.0234375 0.02272727273
vt 0.0234375 0.02272727273
vt 0.0234375 0.02272727273
vt 0.0234375 0.02272727273
vt 0.0234375 0.02272727273
vt 0.0234375 0.02272727273
vt 0.0234375 0.02272727273
vt 0.0234375 0.02272727273
vt 0.0234375 0.02272727273
vt 0.0234375 0.02272727273
vt 0.0234375 0.02272727273
vt 0.0234375 0.02272727273
vt 0.0234375 0.02272727273
vt 0.0234375 0.02272727273
vt 0.0234375 0.02272727273
vt 0.0234375 0.02272727273
vt 0.0234375 0.02272727273
vt 0.0234375 0.02272727273
vt 0.0234375 0.02272727273
vt 0.0234375 0.02272727273
vt 0.0234375 0.02272727273
vt 0.0234375 0.02272727273
vt 0.0234375 0.02272727273
vt 0.0234375 0.02272727273
vt 0.0234375 0.02272727273
vt 0.0234375 0.02272727273
vt 0.0234375 0.02272727273
vt 0.0234375 0.02272727273
vt 0.0234375 0.02272727273
vt 0.0234375 0.02272727273
vt 0.0234375 0.02272727273
vt 0.0234375 0.02272727273
vt 0.0234375 0.02272727273
vt 0.0234375 0.02272727273
vt 0.0234375 0.02272727273
vt 0.0234375 0.02272727273
vt 0.0234375 0.02272727273
vt 0.0234375 0.02272727273
vt 0.0234375 0.02272727273
vt 0.0234375 0.02272727273
vt 0.0234375 0.02272727273
vt 0.0234375 0.02272727273
vt 0.0234375 0.02272727273
vt 0.0234375 0.02272727273
vt 0.0234375 0.02272727273
vt 0.0234375 0.02272727273
vt 0.0234375 0.02272727273
vt 0.0234375 0.02272727273
vt 0.0234375 0.02272727273
vt 0.0234375 0.02272727273
vt 0.0234375 0.02272727273
vt 0.0234375 0.02272727273
vt 0.0234375 0.02272727273
vt 0.0234375 0.02272727273
vt 0.0234375 0.02272727273
vt 0.0234375 0.02272727273
vt 0.0234375 0.02272727273
vt 0.0234375 0.02272727273
vt 0.0234375 0.02272727273
vt 0.0234375 0.02272727273
vt 0.0234375 0.02272727273
vt 0.0234375 0.02272727273
vt 0.0234375 0.02272727273
vt 0.0234375 0.02272727273
vt 0.0234375 0.02272727273
vt 0.0234375 0.02272727273
vt 0.0234375 0.02272727273
vt 0.0234375 0.02272727273
vt 0.0234375 0.02272727273
vt 0.0234375 0.02272727273
vt 0.0234375 0.02272727273
vt 0.0234375 0.02272727273
vt 0.0234375 0.02272727273
vt 0.0234375 0.02272727273
vt 0.0234375 0.02272727273
vt 0.0234375 0.02272727273
vt 0.0234375 0.02272727273
vt 0.0234375 0.02272727273
vt 0.0234375 0.02272727273
vt 0.0234375 0.02272727273
vt 0.0234375 0.02272727273
vt 0.0234375 0.02272727273
vt 0.0234375 0.02272727273
vt 0.0234375 0.02272727273
vt 0.0234375 0.02272727273
vt 0.0234375 0.02272727273
vt 0.0234375 0.02272727273
vt 0.0234375 0.02272727273
vt 0.0234375 0.02272727273
vt 0.0234375 0.02272727273
vt 0.0234375 0.02272727273
vt 0.0234375 0.02272727273
vt 0.0234375 0.02272727273
vt 0.0234375 0.02272727273
vt 0.0234375 0.02272727273
vt 0.0234375 0.02272727273
vt 0.0234375 0.02272727273
vt 0.0234375 0.02272727273
vt 0.0234375 0.02272727273
vt 0.0234375 0.02272727273
vt 0.0234375 0.02272727273
vt 0.0234375 0.02272727273
vt 0.0234375 0.02272727273
vt 0.0234375 0.02272727273
vt 0.0234375 0.02272727273
vt 0.0234375 0.02272727273
vt 0.0234375 0.02272727273
vt 0.0234375 0.02272727273
vt 0.0234375 0.02272727273
vt 0.0234375 0.02272727273
vt 0.0234375 0.02272727273
vt 0.0234375 0.02272727273
vt 0.0234375 0.02272727273
vt 0.0234375 0.02272727273
vt 0.0234375 0.02272727273
vt 0.0234375 0.02272727273
vt 0.0234375 0.02272727273
vt 0.0234375 0.02272727273
vt 0.0234375 0.02272727273
vt 0.0234375 0.02272727273
vt 0.0234375 0.02272727273
vt 0.0234375 0.02272727273
vt 0.0234375 0.02272727273
vt 0.0234375 0.02272727273
vt 0.0234375 0.02272727273
vt 0.0234375 0.02272727273
vt 0.0234375 0.02272727273
vt 0.0234375 0.02272727273
vt 0.0234375 0.02272727273
vt 0.0234375 0.02272727273
vt 0.0234375 0.02272727273
vt 0.0234375 0.02272727273
vt 0.0234375 0.02272727273
vt 0.0234375 0.02272727273
vt 0.0234375 0.02272727273
vt 0.0234375 0.02272727273
vt 0.0234375 0.02272727273
vt 0.0234375 0.02272727273
vt 0.0234375 0.02272727273
vt 0.0234375 0.02272727273
vt 0.0234375 0.02272727273
vt 0.0234375 0.02272727273
vt 0.0234375 0.02272727273
vt 0.0234375 0.02272727273
vt 0.0234375 0.02272727273
vt 0.0234375 0.02272727273
vt 0.0234375 0.02272727273
vt 0.0234375 0.02272727273
vt 0.0234375 0.02272727273
vt 0.0234375 0.02272727273
vt 0.0234375 0.02272727273
vt 0.0234375 0.02272727273
vt 0.0234375 0.02272727273
vt 0.0234375 0.02272727273
vt 0.0234375 0.02272727273
vt 0.0234375 0.02272727273
vt 0.0234375 0.02272727273
vt 0.0234375 0.02272727273
vt 0.0234375 0.02272727273
vt 0.0234375 0.02272727273
vt 0.0234375 0.02272727273
vt 0.0234375 0.02272727273
vt 0.0234375 0.02272727273
vt 0.0234375 0.02272727273
vt 0.0234375 0.02272727273
vt 0.0234375 0.02272727273
vt 0.0234375 0.02272727273
vt 0.0234375 0.02272727273
vt 0.0234375 0.02272727273
vt 0.0234375 0.02272727273
vt 0.0234375 0.02272727273
vt 0.0234375 0.02272727273
vt 0.0234375 0.02272727273
vt 0.0234375 0.02272727273
vt 0.0234375 0.02272727273
vt 0.0234375 0.02272727273
vt 0.0234375 0.02272727273
vt 0.0234375 0.02272727273
vt 0.0234375 0.02272727273
vt 0.0234375 0.02272727273
vt 0.0234375 0.02272727273
vt 0.0234375 0.02272727273
vt 0.0234375 0.02272727273
vt 0.0234375 0.02272727273
vt 0.0234375 0.02272727273
vt 0.0234375 0.02272727273
vt 0.0234375 0.02272727273
vt 0.0234375 0.02272727273
vt 0.0234375 0.02272727273
vt 0.0234375 0.02272727273
vt 0.0234375 0.02272727273
vt 0.0234375 0.02272727273
vt 0.0234375 0.02272727273
vt 0.0234375 0.02272727273
vt 0.0234375 0.02272727273
vt 0.0234375 0.02272727273
vt 0.0234375 0.02272727273
vt 0.0234375 0.02272727273
vt 0.0234375 0.02272727273
vt 0.0234375 0.02272727273
vt 0.0234375 0.02272727273
vt 0.0234375 0.02272727273
vt 0.0234375 0.02272727273
vt 0.0234375 0.02272727273
vt 0.0234375 0.02272727273
vt 0.0234375 0.02272727273
vt 0.0234375 0.02272727273
vt 0.0234375 0.02272727273
vt 0.0234375 0.02272727273
vt 0.0234375 0.02272727273
vt 0.0234375 0.02272727273
vt 0.0234375 0.02272727273
vt 0.0234375 0.02272727273
vt 0.0234375 0.02272727273
vt 0.0234375 0.02272727273
vt 0.0234375 0.02272727273
vt 0.0234375 0.02272727273
vt 0.0234375 0.02272727273
vt 0.0234375 0.02272727273
vt 0.0234375 0.02272727273
vt 0.0234375 0.02272727273
vt 0.0234375 0.02272727273
vt 0.0234375 0.02272727273
vt 0.0234375 0.02272727273
vt 0.0234375 0.02272727273
vt 0.0234375 0.02272727273
vt 0.0234375 0.02272727273
vt 0.0234375 0.02272727273
vt 0.0234375 0.02272727273
vt 0.0234375 0.02272727273
vt 0.0234375 0.02272727273
vt 0.0234375 0.02272727273
vt 0.0234375 0.02272727273
vt 0.0234375 0.02272727273
vt 0.0234375 0.02272727273
vt 0.0234375 0.02272727273
vt 0.0234375 0.02272727273
vt 0.0234375 0.02272727273
vt 0.0234375 0.02272727273
vt 0.0234375 0.02272727273
vt 0.0234375 0.02272727273
vt 0.0234375 0.02272727273
vt 0.0234375 0.02272727273
vt 0.0234375 0.02272727273
vt 0.0234375 0.02272727273
vt 0.0234375 0.02272727273
vt 0.0234375 0.02272727273
vt 0.0234375 0.02272727273
vt 0.0234375 0.02272727273
vt 0.0234375 0.02272727273
vt 0.0234375 0.02272727273
vt 0.0234375 0.02272727273
vt 0.0234375 0.02272727273
vt 0.0234375 0.02272727273
vt 0.0234375 0.02272727273
vt 0.0234375 0.02272727273
vt 0.0234375 0.02272727273
vt 0.0234375 0.02272727273
vt 0.0234375 0.02272727273
vt 0.0234375 0.02272727273
vt 0.0234375 0.02272727273
vt 0.0234375 0.02272727273
vt 0.0234375 0.02272727273
vt 0.0234375 0.02272727273
vt 0.0234375 0.02272727273
vt 0.0234375 0.02272727273
vt 0.0234375 0.02272727273
vt 0.0234375 0.02272727273
vt 0.0234375 0.02272727273
vt 0.0234375 0.02272727273
vt 0.0234375 0.02272727273
vt 0.0234375 0.02272727273
vt 0.0234375 0.02272727273
vt 0.0234375 0.02272727273
vt 0.0234375 0.02272727273
vt 0.0234375 0.02272727273
vt 0.0234375 0.02272727273
vt 0.0234375 0.02272727273
vt 0.0234375 0.02272727273
vt 0.0234375 0.02272727273
vt 0.0234375 0.02272727273
vt 0.0234375 0.02272727273
vt 0.0234375 0.02272727273
vt 0.0234375 0.02272727273
vt 0.0234375 0.02272727273
vt 0.0234375 0.02272727273
vt 0.0234375 0.02272727273
vt 0.0234375 0.02272727273
vt 0.0234375 0.02272727273
vt 0.0234375 0.02272727273
vt 0.0234375 0.02272727273
vt 0.0234375 0.02272727273
vt 0.0234375 0.02272727273
vt 0.0234375 0.02272727273
vt 0.0234375 0.02272727273
vt 0.0234375 0.02272727273
vt 0.0234375 0.02272727273
vt 0.0234375 0.02272727273
vt 0.0234375 0.02272727273
vt 0.0234375 0.02272727273
vt 0.0234375 0.02272727273
vt 0.0234375 0.02272727273
vt 0.0234375 0.02272727273
vt 0.0234375 0.02272727273
vt 0.0234375 0.02272727273
vt 0.0234375 0.02272727273
vt 0.0234375 0.02272727273
vt 0.0234375 0.02272727273
vt 0.0234375 0.02272727273
vt 0.0234375 0.02272727273
vt 0.0234375 0.02272727273
vt 0.0234375 0.02272727273
vt 0.0234375 0.02272727273
vt 0.0234375 0.02272727273
vt 0.0234375 0.02272727273
vt 0.0234375 0.02272727273
vt 0.0234375 0.02272727273
vt 0.0234375 0.02272727273
vt 0.0234375 0.02272727273
vt 0.0234375 0.02272727273
vt 0.0234375 0.02272727273
vt 0.0234375 0.02272727273
vt 0.0234375 0.02272727273
vt 0.0234375 0.02272727273
vt 0.0234375 0.02272727273
vt 0.0234375 0.02272727273
vt 0.0234375 0.02272727273
vt 0.0234375 0.02272727273
vt 0.0234375 0.02272727273
vt 0.0234375 0.02272727273
vt 0.0234375 0.02272727273
vt 0.0234375 0.02272727273
vt 0.0234375 0.02272727273
vt 0.0234375 0.02272727273
vn 0.01495602097 -0.9548220453 -0.2968015823
vn 0.03083812001 -0.9541993662 -0.2975778553
vn 0.04874784824 -0.9458707047 -0.3208617416
vn 0.0149560092 -0.9548220466 -0.2968015787
vn 0.04874784035 -0.9458707059 -0.3208617392
vn 0.05042188261 -0.9447178742 -0.3239842155
vn 0.01495602097 -0.9548220453 -0.2968015823
vn 0.02010430706 -0.9585681064 -0.2841531317
vn 0.03083812001 -0.9541993662 -0.2975778553
vn 0.02086366173 -0.9196588348 -0.3921636587
vn 0.06062459077 -0.9362975454 -0.3459357823
vn 0.06842723059 -0.9282251184 -0.3656717704
vn 0.020863662 -0.919658834 -0.3921636605
vn 0.06842722889 -0.9282251157 -0.3656717776
vn 0.07313171955 -0.9131455986 -0.4010197842
vn 0.020863662 -0.919658834 -0.3921636605
vn 0.07313171955 -0.9131455986 -0.4010197842
vn 0.07661878401 -0.8977892602 -0.4337095874
vn 0.02086366173 -0.9196588348 -0.3921636587
vn 0.05042188261 -0.9447178742 -0.3239842155
vn 0.06062459077 -0.9362975454 -0.3459357823
vn 0.02086366173 -0.9196588348 -0.3921636587
vn 0.0149560092 -0.9548220466 -0.2968015787
vn 0.05042188261 -0.9447178742 -0.3239842155
vn 0.02086365835 -0.9196588327 -0.3921636639
vn -0.07066781682 -0.9310160639 -0.3580714291
vn 0.01495600508 -0.9548220448 -0.2968015847
vn -0.0901082552 -0.9541209768 -0.2855410022
vn -0.134477226 -0.9795820862 -0.1494483595
vn -0.1066804831 -0.9762069355 -0.1887837218
vn -0.134477226 -0.9795820862 -0.1494483595
vn -0.1337204498 -0.979532577 -0.1504485687
vn -0.1066804831 -0.9762069355 -0.1887837218
vn -0.1617041775 -0.9738456182 -0.1596135048
vn -0.1419922131 -0.9805873012 -0.1352285329
vn -0.1344772264 -0.9795820861 -0.1494483597
vn -0.1617041805 -0.9738456178 -0.159613504
vn -0.140998804 -0.9833009267 -0.115059223
vn -0.1419922136 -0.9805873009 -0.1352285347
vn -0.1617041805 -0.9738456178 -0.159613504
vn -0.1390498413 -0.9878314935 -0.06967124304
vn -0.140998804 -0.9833009267 -0.115059223
vn -0.1371294884 -0.9905364251 0.005752733561
vn -0.1387021597 -0.9885249049 -0.05983496749
vn -0.1390498413 -0.9878314935 -0.06967124304
vn -0.137129503 -0.990536423 0.005752746329
vn -0.1364559395 -0.9901662387 -0.0308317417
vn -0.138702161 -0.9885249047 -0.05983496656
vn -0.1617041805 -0.9738456178 -0.159613504
vn -0.1371294884 -0.9905364251 0.005752733561
vn -0.1390498413 -0.9878314935 -0.06967124304
vn -0.1705879033 -0.9709914519 -0.1675570576
vn -0.1569903639 -0.9872920192 0.02466768035
vn -0.1617041838 -0.9738456161 -0.1596135112
vn -0.09010825647 -0.9541209762 -0.2855410038
vn -0.04280169491 -0.966113317 -0.2545448362
vn -0.02065027214 -0.9643827564 -0.2637033664
vn -0.09010825647 -0.9541209762 -0.2855410038
vn -0.02065027214 -0.9643827564 -0.2637033664
vn 0.0149560185 -0.9548220443 -0.2968015855
vn -0.09010825647 -0.9541209762 -0.2855410038
vn -0.05980808238 -0.9669341643 -0.247913927
vn -0.05487491766 -0.9667662008 -0.2497035369
vn -0.09010825647 -0.9541209762 -0.2855410038
vn -0.0702440284 -0.9670793873 -0.2445878882
vn -0.05980808238 -0.9669341643 -0.247913927
vn -0.0901082552 -0.9541209768 -0.2855410022
vn -0.09265792396 -0.9733922064 -0.2095760522
vn -0.07024402761 -0.9670793875 -0.2445878878
vn -0.09010825647 -0.9541209762 -0.2855410038
vn -0.05487491766 -0.9667662008 -0.2497035369
vn -0.04280169491 -0.966113317 -0.2545448362
vn -0.0901082552 -0.9541209768 -0.2855410022
vn -0.1066804831 -0.9762069355 -0.1887837218
vn -0.09265792396 -0.9733922064 -0.2095760522
vn 0.01495602027 -0.9548220444 -0.2968015853
vn -0.009564591879 -0.9631706608 -0.2687206666
vn 0.001447005835 -0.9617007751 -0.2740976567
vn 0.01495602027 -0.9548220444 -0.2968015853
vn 0.001447005835 -0.9617007751 -0.2740976567
vn 0.02010430579 -0.958568105 -0.2841531365
vn 0.01495602027 -0.9548220444 -0.2968015853
vn -0.02065027383 -0.9643827562 -0.263703367
vn -0.009564591879 -0.9631706608 -0.2687206666
vn -0.09010824821 -0.9541209762 -0.2855410064
vn -0.07066780779 -0.9310160668 -0.3580714236
vn -0.1582850847 -0.9302145205 -0.3311295485
vn -0.09010824735 -0.9541209769 -0.2855410043
vn -0.1582850871 -0.9302145176 -0.3311295553
vn -0.1617041659 -0.9738456208 -0.1596135005
vn -0.09010824415 -0.9541209775 -0.2855410033
vn 0.01495600501 -0.9548220443 -0.2968015865
vn -0.07066781714 -0.9310160635 -0.3580714302
vn -0.09010825709 -0.9541209748 -0.2855410082
vn -0.1617041775 -0.9738456182 -0.1596135048
vn -0.1344772264 -0.9795820861 -0.1494483597
vn -0.1617041809 -0.9738456158 -0.1596135159
vn -0.1569903666 -0.9872920187 0.02466768506
vn -0.1371294877 -0.9905364251 0.005752746076
vn 0.06902835524 -0.8577441191 -0.5094213505
vn 0.07822708046 -0.8583581574 -0.5070520658
vn 0.08039803632 -0.8423635396 -0.532878807
vn 0.020863662 -0.919658834 -0.3921636605
vn 0.07661878401 -0.8977892602 -0.4337095874
vn 0.07803426749 -0.8878726271 -0.4534234788
vn 0.020863662 -0.919658834 -0.3921636605
vn 0.07803426749 -0.8878726271 -0.4534234788
vn 0.06902834968 -0.8577441161 -0.5094213563
vn 0.06902835509 -0.8577441186 -0.5094213513
vn 0.07803427206 -0.8878726287 -0.4534234748
vn 0.07822708039 -0.8583581556 -0.5070520689
vn 0.02086365405 -0.919658833 -0.3921636633
vn -0.07611927459 -0.8921547731 -0.4452703863
vn -0.07066782262 -0.9310160639 -0.358071428
vn -0.07611927864 -0.8921547716 -0.4452703886
vn -0.1518689631 -0.9028754153 -0.4021837919
vn -0.07066781419 -0.9310160662 -0.3580714237
vn -0.07611927945 -0.8921547662 -0.4452703993
vn -0.04805107406 -0.8157075463 -0.5764653443
vn -0.1210937484 -0.8622598582 -0.4917766171
vn -0.07611928143 -0.8921547718 -0.4452703878
vn -0.1210937488 -0.8622598594 -0.4917766148
vn -0.151868965 -0.9028754153 -0.4021837913
vn -0.1210937564 -0.8622598541 -0.4917766222
vn -0.1738430532 -0.8856123596 -0.430661516
vn -0.1518689695 -0.9028754128 -0.402183795
vn -0.08641472925 -0.843779879 -0.5296867096
vn -0.1210937745 -0.862259854 -0.491776618
vn -0.04805111108 -0.8157075424 -0.5764653467
vn -0.1210937771 -0.8622598529 -0.4917766192
vn -0.129339223 -0.8739457522 -0.468497799
vn -0.1738430364 -0.8856123615 -0.430661519
vn -0.08641472781 -0.8437798783 -0.529686711
vn -0.1293392208 -0.8739457539 -0.4684977964
vn -0.1210937757 -0.8622598544 -0.4917766169
vn -0.1705879023 -0.9709914525 -0.1675570549
vn -0.2020603224 -0.9152575686 -0.3485329385
vn -0.1767134091 -0.9716932606 -0.1567947013
vn -0.1705879071 -0.9709914506 -0.1675570615
vn -0.129211088 -0.9900169118 0.05631171401
vn -0.1569903555 -0.9872920203 0.02466768839
vn -0.1705879031 -0.9709914514 -0.1675570605
vn -0.1767134079 -0.9716932619 -0.1567946945
vn -0.1292110967 -0.9900169108 0.05631171178
vn -0.1767134033 -0.9716932631 -0.1567946925
vn -0.124198011 -0.9892395819 0.07732983664
vn -0.1292110938 -0.9900169111 0.05631171355
vn -0.1582850886 -0.9302145196 -0.3311295489
vn -0.07066781439 -0.9310160659 -0.3580714245
vn -0.151868963 -0.9028754163 -0.4021837897
vn -0.158285084 -0.9302145214 -0.3311295463
vn -0.1518689698 -0.9028754133 -0.4021837939
vn -0.2020603131 -0.9152575736 -0.3485329309
vn -0.1705878986 -0.9709914537 -0.1675570521
vn -0.1582850879 -0.9302145182 -0.3311295534
vn -0.2020603139 -0.9152575728 -0.3485329324
vn -0.1705879037 -0.9709914527 -0.1675570529
vn -0.1617041833 -0.973845616 -0.1596135123
vn -0.1582850815 -0.9302145197 -0.3311295523
vn -0.1767134031 -0.9716932605 -0.1567947085
vn -0.2020603253 -0.9152575692 -0.3485329352
vn -0.1955081584 -0.9114968859 -0.3618701244
vn -0.2595675768 -0.9443792819 -0.2019218785
vn -0.1767134426 -0.9716932513 -0.1567947214
vn -0.1955081161 -0.9114969 -0.3618701118
vn -0.2595675757 -0.9443792814 -0.2019218823
vn -0.1241980317 -0.9892395802 0.07732982515
vn -0.1767134376 -0.9716932536 -0.1567947128
vn -0.259567576 -0.9443792822 -0.201921878
vn -0.2108412819 -0.9725244848 0.09870197695
vn -0.1241980326 -0.9892395791 0.07732983787
vn -0.1518689704 -0.9028754135 -0.4021837932
vn -0.1738430519 -0.8856123587 -0.4306615185
vn -0.2020603171 -0.9152575739 -0.3485329277
vn -0.1738430421 -0.885612364 -0.4306615115
vn -0.195508157 -0.9114968874 -0.3618701214
vn -0.202060324 -0.9152575704 -0.3485329328
vn -0.1738430322 -0.8856123622 -0.4306615192
vn -0.1293392281 -0.8739457514 -0.468497799
vn -0.1955081793 -0.9114968897 -0.3618701036
vn 0.06902835524 -0.8577441191 -0.5094213505
vn 0.08039992058 -0.8423347338 -0.5329240556
vn 0.08071912935 -0.833841259 -0.5460706703
vn 0.06902835524 -0.8577441191 -0.5094213505
vn 0.0803990267 -0.8423533363 -0.5328947864
vn 0.08039992058 -0.8423347338 -0.5329240556
vn 0.06902835524 -0.8577441191 -0.5094213505
vn 0.08039803632 -0.8423635396 -0.532878807
vn 0.0803990267 -0.8423533363 -0.5328947864
vn 0.06902835186 -0.8577441166 -0.5094213552
vn 0.08071913214 -0.8338412614 -0.5460706663
vn 0.07807042788 -0.79514268 -0.6013760278
vn 0.06902835186 -0.8577441166 -0.5094213552
vn 0.07807042788 -0.79514268 -0.6013760278
vn 0.03281641496 -0.7836647094 -0.6203166176
vn 0.06462593216 -0.7296538567 -0.6807560049
vn 0.08054483268 -0.7657918852 -0.6380245438
vn 0.07909324725 -0.7519736888 -0.6544309204
vn 0.03281641572 -0.7836647103 -0.6203166165
vn 0.07807042481 -0.7951426765 -0.6013760328
vn 0.07930938533 -0.7853933891 -0.6138951423
vn 0.03281641572 -0.7836647103 -0.6203166165
vn 0.07930938533 -0.7853933891 -0.6138951423
vn 0.08054484186 -0.7657918985 -0.6380245267
vn 0.06902835087 -0.8577441178 -0.5094213532
vn 0.03281641467 -0.7836647099 -0.620316617
vn 0.002552514502 -0.846934162 -0.5316916493
vn 0.002552505589 -0.8469341596 -0.5316916531
vn 0.03281642026 -0.7836647115 -0.6203166148
vn -0.002744102401 -0.7781960342 -0.6280154475
vn 0.06462593216 -0.7296538567 -0.6807560049
vn 0.07909324725 -0.7519736888 -0.6544309204
vn 0.07621691941 -0.7290912089 -0.6801595329
vn 0.0646259345 -0.7296538363 -0.6807560267
vn 0.07621692281 -0.7290911804 -0.6801595631
vn 0.07662822958 -0.7057746726 -0.7042799344
vn 0.0646259345 -0.7296538363 -0.6807560267
vn 0.07662822958 -0.7057746726 -0.7042799344
vn 0.07634722508 -0.6415849527 -0.763242982
vn 0.06462593104 -0.7296538573 -0.6807560044
vn 0.03281641572 -0.7836647103 -0.6203166165
vn 0.08054484186 -0.7657918985 -0.6380245267
vn 0.06462593916 -0.7296538617 -0.680755999
vn -0.002744101298 -0.7781960373 -0.6280154436
vn 0.03281642066 -0.7836647129 -0.6203166129
vn 0.02086366334 -0.9196588356 -0.3921636567
vn 0.06902835103 -0.857744118 -0.5094213528
vn 0.002552516144 -0.8469341618 -0.5316916496
vn 0.02086365507 -0.9196588323 -0.3921636648
vn 0.00255253093 -0.8469341694 -0.5316916375
vn -0.07611927338 -0.8921547668 -0.445270399
vn 0.06462594719 -0.7296538318 -0.6807560302
vn 0.07634723356 -0.641584949 -0.7632429843
vn 0.08254851906 -0.5739136466 -0.8147446644
vn 0.06462594719 -0.7296538318 -0.6807560302
vn 0.08254851906 -0.5739136466 -0.8147446644
vn 0.07788049929 -0.564827514 -0.8215257192
vn 0.07788050105 -0.5648275089 -0.8215257225
vn 0.08254852119 -0.5739136351 -0.8147446723
vn 0.08303268471 -0.5696341213 -0.8176934273
vn 0.07788050105 -0.5648275089 -0.8215257225
vn 0.08303268471 -0.5696341213 -0.8176934273
vn 0.09013904973 -0.5021572484 -0.860065724
vn 0.08906200842 -0.2796183643 -0.9559715106
vn 0.09064326612 -0.4969580182 -0.8630275352
vn 0.0904865172 -0.4112903565 -0.9070018924
vn 0.002552513193 -0.8469341718 -0.5316916337
vn -0.002744103312 -0.7781960331 -0.6280154489
vn -0.04805107457 -0.815707549 -0.5764653404
vn 0.06462594614 -0.7296538492 -0.6807560117
vn 0.03890717524 -0.7070924257 -0.7060499509
vn -0.002744095246 -0.7781960277 -0.6280154555
vn -0.0480510856 -0.8157075426 -0.5764653486
vn -0.002744096187 -0.7781960372 -0.6280154438
vn -0.07386634777 -0.7972807062 -0.5990719809
vn -0.07386634696 -0.7972807041 -0.5990719837
vn -0.002744093254 -0.7781960294 -0.6280154535
vn -0.02396667903 -0.746821676 -0.6645923431
vn 0.03890715817 -0.7070924154 -0.7060499622
vn 0.07788051112 -0.5648275107 -0.8215257203
vn 0.04065499869 -0.6810631133 -0.7310952105
vn 0.0389071729 -0.7070924347 -0.7060499421
vn -0.02396667924 -0.7468216752 -0.664592344
vn -0.002744094058 -0.7781960231 -0.6280154612
vn 0.03890716453 -0.7070924344 -0.7060499429
vn 0.04065499932 -0.6810631168 -0.7310952072
vn -0.02396669869 -0.7468216672 -0.6645923523
vn -0.07611927758 -0.8921547667 -0.4452703986
vn 0.002552516899 -0.84693417 -0.5316916365
vn -0.048051071 -0.8157075475 -0.5764653428
vn -0.08641471229 -0.8437798789 -0.5296867126
vn -0.04805109079 -0.8157075414 -0.5764653499
vn -0.07386635293 -0.7972807048 -0.599071982
vn 0.06462594595 -0.7296538328 -0.6807560292
vn 0.07788049544 -0.5648275147 -0.8215257191
vn 0.03890717415 -0.7070924106 -0.7060499661
vn 0.07788050105 -0.5648275089 -0.8215257225
vn 0.09013904973 -0.5021572484 -0.860065724
vn 0.09064328516 -0.4969580193 -0.8630275326
vn 0.07788050105 -0.5648275089 -0.8215257225
vn 0.09064328516 -0.4969580193 -0.8630275326
vn 0.1046884485 -0.2754932522 -0.9555855779
vn 0.1046884616 -0.2754932536 -0.9555855761
vn 0.09064326612 -0.4969580182 -0.8630275352
vn 0.08906200842 -0.2796183643 -0.9559715106
vn 0.1046884653 -0.2754933206 -0.9555855564
vn 0.08906201251 -0.2796184444 -0.9559714867
vn 0.08865277995 -0.2143671973 -0.9727216402
vn 0.1046884716 -0.275493317 -0.9555855567
vn 0.08865278348 -0.2143671966 -0.97272164
vn 0.09025213463 -0.1849131316 -0.9786019037
vn 0.109837324 -0.1003892351 -0.988866909
vn 0.09025213463 -0.1849131316 -0.9786019037
vn 0.09477638751 -0.1068205218 -0.9897508841
vn 0.1046884716 -0.275493317 -0.9555855567
vn 0.09025213463 -0.1849131316 -0.9786019037
vn 0.109837324 -0.1003892351 -0.988866909
vn 0.10468846 -0.2754933286 -0.9555855547
vn 0.1098373177 -0.1003892417 -0.988866909
vn 0.126625859 -0.2780020744 -0.9521978463
vn 0.07788051536 -0.5648274985 -0.8215257283
vn 0.104688464 -0.2754932388 -0.9555855801
vn 0.09661005182 -0.5422178246 -0.8346653992
vn 0.09661005439 -0.5422178511 -0.8346653817
vn 0.1046884669 -0.2754932663 -0.9555855719
vn 0.1266258552 -0.2780021099 -0.9521978364
vn 0.04065499142 -0.6810631097 -0.7310952142
vn 0.07788052793 -0.5648275191 -0.821525713
vn 0.09661005568 -0.5422178366 -0.8346653909
vn 0.1266258636 -0.2780020625 -0.9521978491
vn 0.1098373158 -0.1003892496 -0.9888669085
vn 0.1262781418 -0.1217361891 -0.9844968924
vn -0.137129503 -0.990536423 0.005752746329
vn -0.134911209 -0.9908444445 0.005123727074
vn -0.1364559395 -0.9901662387 -0.0308317417
vn -0.1371295029 -0.990536423 0.00575274674
vn -0.1335503753 -0.9910047145 0.008599598614
vn -0.1349112089 -0.9908444445 0.0051237281
vn -0.1371294929 -0.9905364244 0.005752752007
vn -0.1330908883 -0.991059871 0.009335281258
vn -0.1335503656 -0.9910047158 0.008599603137
vn -0.1371294929 -0.9905364244 0.005752752007
vn -0.1147673707 -0.992567673 0.04047054766
vn -0.1330908883 -0.991059871 0.009335281258
vn -0.1371294929 -0.9905364244 0.005752752007
vn -0.08025181306 -0.9913175436 0.1041593694
vn -0.1147673707 -0.992567673 0.04047054766
vn -0.1147673707 -0.992567673 0.04047054766
vn -0.08025181306 -0.9913175436 0.1041593694
vn -0.095057936 -0.9925678102 0.07598112302
vn -0.1371294929 -0.9905364244 0.005752752007
vn -0.0756268346 -0.9905842173 0.1141205081
vn -0.08025181306 -0.9913175436 0.1041593694
vn -0.0756268346 -0.9905842173 0.1141205081
vn -0.07544653984 -0.9906188917 0.1139387161
vn -0.08025181306 -0.9913175436 0.1041593694
vn -0.07562683509 -0.9905842173 0.1141205074
vn -0.0752736911 -0.9905731631 0.1144494651
vn -0.07544654022 -0.9906188917 0.113938716
vn -0.07562683815 -0.9905842164 0.1141205133
vn -0.07291374602 -0.9902212271 0.1189348859
vn -0.07527369527 -0.9905731618 0.1144494734
vn -0.03475310711 -0.9805723806 0.1930544688
vn -0.03598032097 -0.9810236372 0.1905204444
vn -0.0521510951 -0.985995517 0.158408029
vn -0.1569903548 -0.9872920204 0.02466768937
vn -0.1292110865 -0.9900169118 0.05631171663
vn -0.08231253239 -0.9844677609 0.1550737721
vn -0.1569903662 -0.9872920187 0.02466768596
vn -0.0756268415 -0.990584216 0.1141205142
vn -0.1371294872 -0.9905364252 0.005752746886
vn -0.07562684574 -0.9905842167 0.1141205061
vn -0.08231253577 -0.9844677607 0.1550737715
vn -0.07291376181 -0.9902212278 0.1189348701
vn -0.08231253577 -0.9844677607 0.1550737715
vn -0.0636064603 -0.9886202305 0.1363240922
vn -0.07291376181 -0.9902212278 0.1189348701
vn -0.1569903634 -0.987292019 0.0246676915
vn -0.08231253507 -0.9844677606 0.1550737726
vn -0.07562684541 -0.9905842166 0.1141205066
vn -0.08231253577 -0.9844677607 0.1550737715
vn -0.0521510951 -0.985995517 0.158408029
vn -0.0636064603 -0.9886202305 0.1363240922
vn -0.08231253577 -0.9844677607 0.1550737715
vn -0.03475310711 -0.9805723806 0.1930544688
vn -0.0521510951 -0.985995517 0.158408029
vn -0.08231253481 -0.9844677609 0.1550737705
vn -0.01954945506 -0.9717938138 0.2350204293
vn -0.03475310568 -0.9805723807 0.1930544685
vn -0.01954945506 -0.9717938138 0.2350204293
vn -0.02731387453 -0.9787176358 0.2033856968
vn -0.03475310568 -0.9805723807 0.1930544685
vn -0.01954945506 -0.9717938138 0.2350204293
vn -0.02574452808 -0.9782986222 0.2055943217
vn -0.02731387453 -0.9787176358 0.2033856968
vn -0.01954945521 -0.9717938137 0.2350204299
vn -0.007122244002 -0.9687354121 0.2479939012
vn -0.0257445288 -0.9782986222 0.2055943216
vn -0.01954945521 -0.9717938137 0.2350204299
vn -0.00630586019 -0.9682599227 0.2498658803
vn -0.007122244002 -0.9687354121 0.2479939012
vn -0.01954945521 -0.9717938137 0.2350204299
vn -0.00284684912 -0.9661765132 0.2578659355
vn -0.00630586019 -0.9682599227 0.2498658803
vn -0.01954945521 -0.9717938137 0.2350204299
vn -7.637734453e-05 -0.9644468095 0.2642770249
vn -0.00284684912 -0.9661765132 0.2578659355
vn -0.08231253389 -0.984467761 0.1550737706
vn -0.06087098328 -0.9792143679 0.1934785392
vn -0.01954946035 -0.9717938138 0.2350204289
vn -0.01954946028 -0.9717938119 0.2350204369
vn 0.0355521074 -0.9532453931 0.3000987642
vn -7.638381541e-05 -0.9644468074 0.2642770325
vn -0.01954944469 -0.9717938129 0.2350204341
vn -0.03812023642 -0.9645079106 0.2612878449
vn 0.03555210587 -0.953245393 0.3000987647
vn 0.0355521074 -0.9532453931 0.3000987642
vn 0.02118307252 -0.9573774848 0.2880618493
vn -7.638381541e-05 -0.9644468074 0.2642770325
vn 0.0355521074 -0.9532453931 0.3000987642
vn 0.02456313779 -0.9561654489 0.2917949391
vn 0.02118307252 -0.9573774848 0.2880618493
vn 0.03555210736 -0.9532453932 0.3000987636
vn 0.02586708617 -0.9524217926 0.3036834252
vn 0.02456312942 -0.9561654449 0.291794953
vn 0.03555210736 -0.9532453932 0.3000987636
vn 0.03002790243 -0.9405361603 0.3383637928
vn 0.02586708617 -0.9524217926 0.3036834252
vn 0.03555210745 -0.9532453934 0.300098763
vn 0.0335077465 -0.932790156 0.3588589637
vn 0.03002790251 -0.9405361613 0.33836379
vn 0.03555210745 -0.9532453934 0.300098763
vn 0.03775343276 -0.9236195901 0.3814466295
vn 0.0335077465 -0.932790156 0.3588589637
vn 0.0355521054 -0.9532453932 0.3000987639
vn -0.0003850813971 -0.9486710687 0.3162642173
vn 0.04036523763 -0.9144343633 0.4027163305
vn 0.03555210745 -0.9532453934 0.300098763
vn 0.04110247292 -0.9166268527 0.3976251999
vn 0.03775343276 -0.9236195901 0.3814466295
vn 0.0355521054 -0.9532453932 0.3000987639
vn 0.04036523763 -0.9144343633 0.4027163305
vn 0.04110243796 -0.9166268479 0.3976252147
vn -0.129211092 -0.9900169111 0.05631171601
vn -0.1241980114 -0.9892395821 0.07732983423
vn -0.06087097931 -0.9792143675 0.1934785423
vn -0.06087096237 -0.9792143677 0.1934785469
vn -0.1241980249 -0.9892395807 0.07732983
vn -0.1078364339 -0.9732111056 0.2030552818
vn -0.129211088 -0.9900169114 0.05631172011
vn -0.0608709833 -0.979214368 0.1934785385
vn -0.0823125337 -0.9844677608 0.1550737716
vn -0.06087097062 -0.9792143679 0.1934785429
vn -0.03812023625 -0.9645079105 0.2612878455
vn -0.01954944592 -0.971793813 0.2350204334
vn -0.06087096255 -0.9792143675 0.1934785476
vn -0.1078364345 -0.9732111049 0.2030552847
vn -0.03812023185 -0.9645079099 0.2612878484
vn -0.03812022891 -0.9645079102 0.2612878475
vn -0.1078364298 -0.9732111057 0.2030552833
vn -0.1010855129 -0.9556228336 0.2767069189
vn -0.03812022915 -0.9645079105 0.2612878466
vn -0.1010855102 -0.9556228341 0.2767069183
vn -0.0003850783572 -0.9486710691 0.3162642161
vn -0.1010855103 -0.955622834 0.2767069187
vn -0.05719018101 -0.9369726632 0.3446904577
vn -0.000385078501 -0.9486710696 0.3162642144
vn -0.2108412827 -0.972524485 0.09870197324
vn -0.1748884052 -0.9655289499 0.1927897629
vn -0.1241980333 -0.9892395793 0.07732983408
vn -0.1241980306 -0.9892395804 0.07732982469
vn -0.1748883983 -0.9655289558 0.1927897397
vn -0.1078364305 -0.9732111052 0.2030552856
vn -0.1078364298 -0.9732111047 0.203055288
vn -0.174888398 -0.9655289556 0.192789741
vn -0.1010855124 -0.9556228332 0.2767069206
vn -0.1748884024 -0.9655289514 0.1927897579
vn -0.1705748119 -0.9408670128 0.2927003548
vn -0.1010855124 -0.9556228332 0.2767069206
vn -0.1010855097 -0.955622834 0.2767069186
vn -0.1162862058 -0.922123923 0.3690054051
vn -0.05719018379 -0.9369726631 0.3446904575
vn -0.1010855081 -0.9556228338 0.2767069201
vn -0.1705748098 -0.9408670135 0.2927003539
vn -0.1162862043 -0.9221239225 0.3690054069
vn -0.03812023285 -0.9645079104 0.2612878462
vn -0.0003850807208 -0.9486710692 0.3162642158
vn 0.03555210529 -0.9532453932 0.300098764
vn 0.0296509894 -0.9130455174 0.4067784433
vn 0.04099460499 -0.9133111941 0.4051939104
vn 0.04036523602 -0.914434363 0.4027163313
vn 0.02965098918 -0.9130455181 0.4067784418
vn 0.0392255674 -0.8972881866 0.4396990619
vn 0.04099460877 -0.9133112007 0.4051938952
vn 0.02965098918 -0.9130455181 0.4067784418
vn 0.03532192517 -0.862537351 0.5047590313
vn 0.0392255674 -0.8972881866 0.4396990619
vn -0.0003850841789 -0.9486710682 0.3162642188
vn 0.0296509894 -0.9130455174 0.4067784433
vn 0.04036523602 -0.914434363 0.4027163313
vn -0.0003850785499 -0.9486710693 0.3162642154
vn -0.05719018076 -0.9369726635 0.344690457
vn 0.02965097883 -0.913045515 0.4067784494
vn 0.029650985 -0.9130455158 0.4067784473
vn -0.05719016682 -0.9369726659 0.3446904527
vn -0.0006489770072 -0.9054240492 0.4245077973
vn -0.05719018779 -0.936972661 0.3446904625
vn -0.06513582059 -0.8874307571 0.4563156541
vn -0.000648951752 -0.9054240549 0.4245077852
vn -0.116286206 -0.9221239231 0.3690054049
vn -0.06513582188 -0.8874307561 0.4563156559
vn -0.05719018403 -0.9369726634 0.3446904567
vn -0.000648951666 -0.9054240537 0.4245077877
vn -0.06513581735 -0.8874307493 0.4563156698
vn 0.0057287521 -0.7977791886 0.6029225055
vn 0.02965098451 -0.9130455161 0.4067784467
vn -0.0006489793704 -0.9054240466 0.4245078027
vn 0.04580758699 -0.8141093898 0.5789020352
vn 0.02965098918 -0.9130455181 0.4067784418
vn 0.03391007941 -0.8500322562 0.5256379647
vn 0.03532192517 -0.862537351 0.5047590313
vn 0.02965099428 -0.9130455179 0.4067784418
vn 0.03773787365 -0.8310448901 0.5549236376
vn 0.03391008448 -0.8500322562 0.5256379644
vn 0.02965099428 -0.9130455179 0.4067784418
vn 0.04132050782 -0.8128198161 0.5810478141
vn 0.03773787365 -0.8310448901 0.5549236376
vn 0.02965099428 -0.9130455179 0.4067784418
vn 0.04580756886 -0.814109385 0.5789020434
vn 0.04132050782 -0.8128198161 0.5810478141
vn 0.04580756917 -0.8141093827 0.5789020466
vn 0.0494326092 -0.7631029896 0.6443836159
vn 0.04132050733 -0.8128198181 0.5810478112
vn 0.04580756679 -0.8141093878 0.5789020396
vn 0.05508916004 -0.7299947018 0.6812289775
vn 0.04943260593 -0.7631029975 0.6443836067
vn 0.06983493003 -0.6365474853 0.7680692557
vn 0.05544583233 -0.7278344148 0.6835077353
vn 0.05508916004 -0.7299947018 0.6812289775
vn 0.06983493003 -0.6365474853 0.7680692557
vn 0.05571718889 -0.7262359732 0.6851838484
vn 0.05544583233 -0.7278344148 0.6835077353
vn 0.04580757719 -0.8141093853 0.5789020424
vn 0.03755717213 -0.8109443042 0.58391677
vn 0.07020971774 -0.6321345065 0.771671278
vn 0.04580756679 -0.8141093878 0.5789020396
vn 0.06983493003 -0.6365474853 0.7680692557
vn 0.05508916004 -0.7299947018 0.6812289775
vn 0.04580757719 -0.8141093853 0.5789020424
vn 0.07020971774 -0.6321345065 0.771671278
vn 0.0698349295 -0.6365474855 0.7680692556
vn 0.07068186747 -0.6296735494 0.7736377026
vn 0.09253556158 -0.427220361 0.8993997626
vn 0.07708899465 -0.5771375098 0.8130003577
vn 0.07668967425 -0.6253183946 0.7765922993
vn 0.07068186902 -0.6296735427 0.7736377079
vn 0.07020970717 -0.6321345099 0.7716712761
vn 0.07668967188 -0.6253183988 0.7765922961
vn 0.09253556158 -0.427220361 0.8993997626
vn 0.07068186747 -0.6296735494 0.7736377026
vn 0.07668967279 -0.6253183988 0.776592296
vn 0.09408997362 -0.4136077716 0.9055803046
vn 0.0925355606 -0.4272203611 0.8993997627
vn 0.07668967279 -0.6253183988 0.776592296
vn 0.09895666156 -0.3694763793 0.923956051
vn 0.09408997362 -0.4136077716 0.9055803046
vn 0.07668967279 -0.6253183988 0.776592296
vn 0.1008491209 -0.3519731301 0.9305613201
vn 0.09895666156 -0.3694763793 0.923956051
vn 0.1008491189 -0.3519731563 0.9305613104
vn 0.1149357514 -0.2596745767 0.9588320433
vn 0.103521099 -0.3349039692 0.9365482975
vn -0.0006489948989 -0.9054240436 0.4245078092
vn 0.03755716964 -0.8109442936 0.5839167849
vn 0.04580757633 -0.8141093873 0.5789020396
vn -0.0006489762742 -0.9054240501 0.4245077953
vn 0.005728745091 -0.7977791874 0.6029225071
vn 0.03755717594 -0.8109442965 0.5839167805
vn 0.03755716488 -0.8109443058 0.5839167683
vn 0.07668967425 -0.6253183946 0.7765922993
vn 0.07020970717 -0.6321345099 0.7716712761
vn 0.005728745443 -0.7977791853 0.60292251
vn 0.07668967224 -0.625318394 0.7765923
vn 0.03755717499 -0.8109443082 0.5839167643
vn 0.005728740321 -0.7977791849 0.6029225105
vn 0.07211329308 -0.6098414587 0.7892357494
vn 0.07668967815 -0.6253183947 0.7765922988
vn 0.0721132885 -0.609841458 0.7892357504
vn 0.1084750026 -0.3463053337 0.9318292707
vn 0.07668967213 -0.6253183985 0.7765922963
vn 0.07668967279 -0.6253183988 0.776592296
vn 0.108474997 -0.34630533 0.9318292727
vn 0.1008491209 -0.3519731301 0.9305613201
vn 0.1084749944 -0.346305363 0.9318292607
vn 0.1149357514 -0.2596745767 0.9588320433
vn 0.1008491189 -0.3519731563 0.9305613104
vn 0.1084749946 -0.3463053641 0.9318292603
vn 0.1300272928 -0.177640518 0.9754674518
vn 0.1149357511 -0.2596745763 0.9588320434
vn 0.1300272928 -0.177640518 0.9754674518
vn 0.1202031911 -0.2198436773 0.9681012088
vn 0.1149357511 -0.2596745763 0.9588320434
vn 0.1300272928 -0.177640518 0.9754674518
vn 0.1248031808 -0.1844070199 0.9748939517
vn 0.1202031911 -0.2198436773 0.9681012088
vn 0.07211328852 -0.6098414562 0.7892357518
vn 0.1034061865 -0.3333708571 0.9371078018
vn 0.1084750025 -0.3463053336 0.9318292707
vn 0.1084750001 -0.346305365 0.9318292593
vn 0.1034061872 -0.33337085 0.9371078043
vn 0.1300273008 -0.1776405191 0.9754674505
vn 0.10340618 -0.3333708583 0.9371078021
vn 0.1419666281 -0.1415699412 0.9796955794
vn 0.1300272916 -0.1776405332 0.9754674492
vn 0.0785724705 0.8367816654 -0.5418697365
vn 0.07933014188 0.8436298214 -0.5310324407
vn 0.07933705985 0.8437762802 -0.5307986623
vn 0.0785724705 0.8367816654 -0.5418697365
vn 0.07930499149 0.8433800193 -0.5314328381
vn 0.07933014188 0.8436298214 -0.5310324407
vn 0.07170963941 0.8589766276 -0.5069683233
vn 0.07933705985 0.8437762802 -0.5307986623
vn 0.07945379488 0.8514859387 -0.5183230563
vn 0.07170963862 0.858976622 -0.5069683329
vn 0.07945379416 0.8514859341 -0.518323064
vn 0.07997509472 0.8596369276 -0.5046071115
vn 0.01280250514 0.9165464196 -0.3997233501
vn 0.08252792573 0.8870878654 -0.4541632531
vn 0.08077299832 0.8963923032 -0.4358400641
vn 0.07170963869 0.8589766222 -0.5069683326
vn 0.07997509494 0.8596369273 -0.5046071119
vn 0.08252793518 0.8870878668 -0.4541632488
vn 0.07170962718 0.85897662 -0.506968338
vn 0.08252792573 0.8870878654 -0.4541632531
vn 0.01280250514 0.9165464196 -0.3997233501
vn 0.03096488371 0.9527879591 -0.3020534405
vn 0.06116372779 0.9431366505 -0.3267296389
vn 0.04080759838 0.9505835005 -0.3077754839
vn 0.03096485954 0.9527879585 -0.3020534448
vn 0.06216498069 0.9419537101 -0.3299374535
vn 0.06116371152 0.9431366505 -0.326729642
vn 0.03096488371 0.9527879591 -0.3020534405
vn 0.04080759838 0.9505835005 -0.3077754839
vn 0.03986862391 0.9509048406 -0.3069046707
vn 0.03096488269 0.9527879571 -0.3020534471
vn 0.03986862254 0.9509048391 -0.3069046756
vn 0.02969268322 0.9571962976 -0.2879124737
vn 0.01280250463 0.9165464203 -0.3997233485
vn 0.07076987558 0.9252038299 -0.3728129529
vn 0.06749383288 0.9333731721 -0.3525040483
vn 0.01280250514 0.9165464196 -0.3997233501
vn 0.08077299832 0.8963923032 -0.4358400641
vn 0.07649908922 0.9108739872 -0.4055323277
vn 0.01280250514 0.9165464196 -0.3997233501
vn 0.07649908922 0.9108739872 -0.4055323277
vn 0.07076987575 0.9252038275 -0.3728129589
vn 0.01280250463 0.9165464203 -0.3997233485
vn 0.06749383288 0.9333731721 -0.3525040483
vn 0.06216498069 0.9419537101 -0.3299374535
vn 0.01280250463 0.9165464203 -0.3997233485
vn 0.06216498069 0.9419537101 -0.3299374535
vn 0.03096485954 0.9527879585 -0.3020534448
vn 0.01280249712 0.9165464192 -0.3997233513
vn 0.03096485077 0.9527879578 -0.302053448
vn -0.08631222342 0.9310542021 -0.3545254191
vn -0.1511731697 0.9772536477 -0.1487345984
vn -0.141018006 0.9804488928 -0.1372366228
vn -0.1493403502 0.9809739856 -0.1240463595
vn -0.151173173 0.9772536472 -0.1487345986
vn -0.1493403514 0.9809739853 -0.1240463609
vn -0.1469880869 0.9835928125 -0.104592932
vn -0.151173173 0.9772536472 -0.1487345986
vn -0.1469880869 0.9835928125 -0.104592932
vn -0.1414822499 0.9880676092 -0.06087012924
vn -0.1316647559 0.9912261007 0.01162795208
vn -0.1414822499 0.9880676092 -0.06087012924
vn -0.1402493402 0.9887808965 -0.05140487603
vn -0.1316647752 0.991226098 0.01162796738
vn -0.1402493418 0.9887808963 -0.0514048749
vn -0.1349344088 0.9905702808 -0.02373234354
vn -0.151173173 0.9772536472 -0.1487345986
vn -0.1414822499 0.9880676092 -0.06087012924
vn -0.1316647559 0.9912261007 0.01162795208
vn 0.03096488108 0.9527879553 -0.3020534529
vn 0.02969268097 0.9571962947 -0.2879124833
vn 0.004883299087 0.9609486175 -0.2766837688
vn -0.07142924439 0.9547983822 -0.288544472
vn -0.0372866832 0.9649240395 -0.2598678535
vn -0.0599644946 0.9660590058 -0.2512653112
vn -0.07142924446 0.9547983826 -0.2885444708
vn -0.006527750299 0.9623082992 -0.2718825589
vn -0.02460351369 0.9640075752 -0.2647339458
vn -0.07142924446 0.9547983826 -0.2885444708
vn 0.004883299087 0.9609486175 -0.2766837688
vn -0.006527750299 0.9623082992 -0.2718825589
vn -0.07142924439 0.9547983822 -0.288544472
vn -0.02460351443 0.9640075748 -0.264733947
vn -0.0372866832 0.9649240395 -0.2598678535
vn 0.03096488108 0.9527879553 -0.3020534529
vn 0.004883299087 0.9609486175 -0.2766837688
vn -0.07142924446 0.9547983826 -0.2885444708
vn -0.07142924439 0.9547983822 -0.288544472
vn -0.0599644946 0.9660590058 -0.2512653112
vn -0.06656946393 0.966232445 -0.2489244238
vn -0.07142924439 0.9547983822 -0.288544472
vn -0.06656946393 0.966232445 -0.2489244238
vn -0.07738510437 0.9663096691 -0.2454733571
vn -0.07142924358 0.9547983833 -0.2885444687
vn -0.07738510416 0.9663096694 -0.2454733559
vn -0.09780753645 0.9735363254 -0.2065446901
vn -0.1511731697 0.9772536477 -0.1487345984
vn -0.09780753596 0.9735363251 -0.2065446915
vn -0.1022638679 0.9745842098 -0.1993181362
vn -0.07142924358 0.9547983833 -0.2885444687
vn -0.09780753645 0.9735363254 -0.2065446901
vn -0.1511731714 0.9772536485 -0.1487345913
vn 0.03096485143 0.9527879571 -0.3020534503
vn -0.07142921736 0.9547983837 -0.288544474
vn -0.08631222324 0.9310542016 -0.3545254206
vn -0.08631221047 0.9310542055 -0.3545254133
vn -0.07142922299 0.9547983822 -0.2885444774
vn -0.1642495401 0.9323807936 -0.3220064351
vn -0.07142922279 0.9547983829 -0.2885444751
vn -0.1511731469 0.9772536512 -0.148734599
vn -0.1642495404 0.9323807909 -0.3220064428
vn -0.1511731697 0.9772536477 -0.1487345984
vn -0.1022638679 0.9745842098 -0.1993181362
vn -0.1168327243 0.9774407012 -0.1759539436
vn -0.1511731697 0.9772536477 -0.1487345984
vn -0.1168327243 0.9774407012 -0.1759539436
vn -0.141018006 0.9804488928 -0.1372366228
vn -0.1511731653 0.9772536466 -0.1487346105
vn -0.1316647638 0.9912260995 0.01162796455
vn -0.1613982033 0.9864344809 0.02996055388
vn -0.1511731803 0.9772536438 -0.1487346131
vn -0.1613981884 0.9864344833 0.02996055666
vn -0.1266005129 0.9901922862 0.05908930942
vn 0.06790693223 0.7273482391 -0.6829005694
vn 0.0738081825 0.5917673192 -0.8027227367
vn 0.07442635711 0.6379078888 -0.766507823
vn 0.08550188716 0.5576240686 -0.8256784031
vn 0.07869537181 0.4967209199 -0.8643352163
vn 0.07962390843 0.5643730716 -0.8216709008
vn 0.08550190337 0.5576240793 -0.8256783942
vn 0.07966908409 0.5687201715 -0.8186636694
vn 0.0738081714 0.5917673168 -0.8027227395
vn 0.08550188716 0.5576240686 -0.8256784031
vn 0.07962390843 0.5643730716 -0.8216709008
vn 0.07966907406 0.5687201575 -0.8186636801
vn 0.06439738272 0.7543820364 -0.6532692555
vn 0.07026917232 0.7839030506 -0.6168940352
vn 0.07305920328 0.799630096 -0.5960319306
vn 0.03673420745 0.7856713969 -0.6175524708
vn 0.06439738272 0.7543820364 -0.6532692555
vn 0.07305920328 0.799630096 -0.5960319306
vn 0.07170963771 0.8589766192 -0.5069683378
vn 0.07305919956 0.7996300818 -0.5960319502
vn 0.07857247181 0.8367816735 -0.5418697238
vn 0.07170963941 0.8589766276 -0.5069683233
vn 0.0785724705 0.8367816654 -0.5418697365
vn 0.07933705985 0.8437762802 -0.5307986623
vn 0.03673420846 0.7856714007 -0.6175524658
vn 0.07305919956 0.7996300818 -0.5960319502
vn 0.07170963771 0.8589766192 -0.5069683378
vn 0.06790693227 0.7273482494 -0.6829005584
vn 0.07475267971 0.7017499512 -0.7084906795
vn 0.07452212012 0.7250187964 -0.6846854742
vn 0.06790693227 0.7273482494 -0.6829005584
vn 0.07442635754 0.6379078973 -0.7665078159
vn 0.07475267971 0.7017499512 -0.7084906795
vn 0.06790693784 0.7273482764 -0.6829005291
vn 0.0745221283 0.7250188352 -0.6846854321
vn 0.0367342155 0.7856714065 -0.617552458
vn 0.0367342155 0.7856714065 -0.617552458
vn 0.0745221283 0.7250188352 -0.6846854321
vn 0.06770536516 0.7452052796 -0.6633890825
vn 0.06790693223 0.7273482391 -0.6829005694
vn 0.04494124048 0.7109060639 -0.7018495944
vn 0.0738081825 0.5917673192 -0.8027227367
vn 0.0367342155 0.7856714065 -0.617552458
vn 0.06770536516 0.7452052796 -0.6633890825
vn 0.064397385 0.7543820379 -0.6532692536
vn 0.06790693412 0.7273482694 -0.6829005369
vn 0.0367342133 0.7856714026 -0.6175524631
vn 0.003630807747 0.7741836254 -0.6329506547
vn 0.03673420518 0.7856714012 -0.6175524653
vn 0.07170962784 0.8589766208 -0.5069683364
vn -0.01300109886 0.845199336 -0.5342930412
vn 0.07170962763 0.8589766211 -0.506968336
vn 0.01280250566 0.9165464206 -0.3997233477
vn -0.01300109874 0.845199336 -0.5342930412
vn 0.1098373249 0.1003892342 -0.988866909
vn 0.09382087795 0.1077914452 -0.9897366555
vn 0.08884969695 0.1863207676 -0.9784632353
vn 0.1098373249 0.1003892342 -0.988866909
vn 0.08884969695 0.1863207676 -0.9784632353
vn 0.1040644134 0.276124974 -0.9554714002
vn 0.1040644134 0.276124974 -0.9554714002
vn 0.08884969695 0.1863207676 -0.9784632353
vn 0.08709803436 0.2159151559 -0.9725197057
vn 0.1040644053 0.27612498 -0.9554713993
vn 0.08709802981 0.2159151581 -0.9725197056
vn 0.08838955839 0.2797264939 -0.956002288
vn 0.1040644102 0.2761249148 -0.9554714177
vn 0.08838956469 0.279726416 -0.9560023102
vn 0.07672666538 0.3986698601 -0.9138792926
vn 0.1098373179 0.1003892415 -0.988866909
vn 0.1040644005 0.2761249866 -0.955471398
vn 0.1266258585 0.2780020749 -0.9521978462
vn 0.08550188716 0.5576240686 -0.8256784031
vn 0.07672664584 0.3986698568 -0.9138792957
vn 0.07694396141 0.407975172 -0.9097449565
vn 0.08550188716 0.5576240686 -0.8256784031
vn 0.07694396141 0.407975172 -0.9097449565
vn 0.07869537181 0.4967209199 -0.8643352163
vn 0.1040644102 0.2761249148 -0.9554714177
vn 0.07672666538 0.3986698601 -0.9138792926
vn 0.08550190921 0.5576240729 -0.825678398
vn 0.08550190337 0.5576240793 -0.8256783942
vn 0.0738081714 0.5917673168 -0.8027227395
vn 0.04494123293 0.7109060656 -0.7018495932
vn 0.1098373158 0.1003892496 -0.9888669085
vn 0.1266258636 0.2780020625 -0.9521978491
vn 0.1262781418 0.1217361891 -0.9844968924
vn 0.1040643973 0.2761249048 -0.955471422
vn 0.08550189789 0.5576240647 -0.8256784047
vn 0.09661004384 0.5422178324 -0.8346653951
vn 0.1040644074 0.2761249244 -0.9554714152
vn 0.09661005496 0.5422178506 -0.8346653819
vn 0.1266258548 0.2780021103 -0.9521978363
vn 0.08550191275 0.5576240832 -0.8256783906
vn 0.04065499508 0.6810631068 -0.7310952168
vn 0.09661004871 0.5422178433 -0.8346653874
vn 0.06790694133 0.7273482653 -0.6829005405
vn 0.00363081398 0.7741836226 -0.6329506582
vn 0.04494125007 0.7109060903 -0.7018495671
vn 0.03673421813 0.7856713964 -0.6175524708
vn -0.01300111958 0.8451993416 -0.5342930318
vn -0.0313620307 0.8121732503 -0.5825727718
vn 0.03673421342 0.7856714047 -0.6175524604
vn -0.03136202638 0.8121732435 -0.5825727816
vn 0.003630807986 0.774183631 -0.6329506479
vn 0.08550189728 0.5576240636 -0.8256784055
vn 0.04494123897 0.7109060804 -0.7018495778
vn 0.04065500168 0.6810631148 -0.7310952089
vn 0.04494125309 0.7109060996 -0.7018495575
vn 0.003630812227 0.7741836177 -0.6329506641
vn -0.02396667336 0.7468216718 -0.6645923481
vn 0.04494124478 0.7109061019 -0.7018495556
vn -0.02396669307 0.7468216708 -0.6645923485
vn 0.04065500223 0.6810631187 -0.7310952053
vn 0.003630804368 0.7741836298 -0.6329506494
vn -0.03136202101 0.8121732452 -0.5825727795
vn -0.07386634956 0.7972807062 -0.5990719806
vn 0.003630813135 0.7741836217 -0.6329506593
vn -0.07386634707 0.7972807041 -0.5990719836
vn -0.02396667313 0.7468216722 -0.6645923476
vn -0.0130011164 0.8451993419 -0.5342930315
vn -0.111833925 0.8678916509 -0.4840012971
vn -0.03136202737 0.8121732508 -0.5825727713
vn -0.03136202475 0.8121732441 -0.5825727809
vn -0.08641470823 0.8437798782 -0.5296867143
vn -0.07386635325 0.7972807049 -0.5990719819
vn 0.01280251527 0.9165464191 -0.3997233508
vn -0.08631219961 0.9310542043 -0.3545254191
vn -0.1361310384 0.9043279878 -0.4045481812
vn -0.01300109548 0.8451993402 -0.5342930346
vn 0.01280250431 0.9165464187 -0.3997233522
vn -0.07721830429 0.892273424 -0.4448431975
vn 0.01280250365 0.9165464193 -0.3997233508
vn -0.1361310396 0.9043279883 -0.4045481796
vn -0.07721830817 0.8922734297 -0.4448431853
vn -0.01300111261 0.8451993397 -0.534293035
vn -0.0772183095 0.8922734235 -0.4448431976
vn -0.1118339203 0.8678916492 -0.4840013012
vn -0.07721831266 0.8922734293 -0.4448431853
vn -0.1361310442 0.9043279873 -0.4045481804
vn -0.111833921 0.8678916504 -0.4840012988
vn -0.1118339194 0.8678916476 -0.4840013043
vn -0.1361310444 0.904327986 -0.4045481832
vn -0.1738430584 0.8856123584 -0.4306615164
vn -0.03136204766 0.8121732486 -0.5825727734
vn -0.1118339394 0.8678916486 -0.4840012979
vn -0.0864147274 0.8437798807 -0.5296867072
vn -0.1118339449 0.8678916463 -0.4840013007
vn -0.1738430377 0.8856123607 -0.4306615201
vn -0.1293392214 0.8739457531 -0.4684977977
vn -0.1118339409 0.8678916493 -0.4840012963
vn -0.1293392159 0.8739457568 -0.4684977923
vn -0.08641472562 0.8437798797 -0.5296867092
vn -0.08631219076 0.9310542092 -0.3545254085
vn -0.1642495288 0.9323807965 -0.3220064325
vn -0.195442021 0.9190874388 -0.3421705659
vn -0.08631219638 0.9310542046 -0.3545254193
vn -0.1954420176 0.9190874418 -0.3421705599
vn -0.1361310447 0.9043279867 -0.4045481814
vn -0.1642495382 0.9323807908 -0.3220064444
vn -0.1743016743 0.9724751979 -0.1546315486
vn -0.195442023 0.9190874375 -0.3421705684
vn -0.1642495334 0.9323807925 -0.3220064417
vn -0.1511731683 0.977253647 -0.1487346043
vn -0.1708662482 0.9709875742 -0.1672957142
vn -0.15117317 0.9772536467 -0.148734605
vn -0.1266005279 0.990192285 0.05908929797
vn -0.1708662474 0.9709875737 -0.1672957181
vn -0.1642495309 0.9323807949 -0.322006436
vn -0.1708662503 0.970987573 -0.1672957191
vn -0.1743016623 0.9724752022 -0.1546315348
vn -0.1708662496 0.9709875724 -0.1672957231
vn -0.1266005228 0.990192285 0.05908930857
vn -0.17430166 0.9724752039 -0.1546315267
vn -0.1743016582 0.9724752043 -0.1546315267
vn -0.1266005216 0.9901922851 0.05908930905
vn -0.1247697505 0.9891383516 0.0777034798
vn -0.1361310456 0.9043279859 -0.404548183
vn -0.1954420192 0.9190874397 -0.3421705647
vn -0.1738430569 0.8856123585 -0.4306615168
vn -0.1738430435 0.885612363 -0.4306615128
vn -0.1954420284 0.9190874367 -0.3421705676
vn -0.1955081535 0.9114968895 -0.3618701181
vn -0.1738430322 0.8856123622 -0.4306615192
vn -0.1955081793 0.9114968897 -0.3618701036
vn -0.1293392281 0.8739457514 -0.468497799
vn -0.1955081548 0.9114968881 -0.3618701209
vn -0.1954420296 0.9190874355 -0.3421705699
vn -0.1743016599 0.972475201 -0.154631545
vn -0.1955081142 0.9114969004 -0.361870112
vn -0.1743016978 0.9724751928 -0.1546315543
vn -0.2613343633 0.9444195352 -0.1994394446
vn -0.1743016932 0.9724751956 -0.1546315419
vn -0.2133937678 0.9722091384 0.09629377451
vn -0.2613343622 0.9444195346 -0.1994394488
vn -0.1743016944 0.9724751979 -0.1546315259
vn -0.1247697716 0.9891383489 0.07770348031
vn -0.2133937676 0.9722091373 0.09629378601
vn -0.1316647752 0.991226098 0.01162796738
vn -0.1349344088 0.9905702808 -0.02373234354
vn -0.1295665426 0.9915125164 0.01074433724
vn -0.1316647751 0.991226098 0.0116279678
vn -0.1295665424 0.9915125165 0.01074433824
vn -0.1281143091 0.9916541923 0.01444599488
vn -0.131664767 0.9912260991 0.0116279681
vn -0.1281143012 0.9916541933 0.01444599472
vn -0.1276747936 0.9917006853 0.01512937121
vn -0.131664767 0.9912260991 0.0116279681
vn -0.1276747936 0.9917006853 0.01512937121
vn -0.1102477504 0.9929330285 0.04392532884
vn -0.131664767 0.9912260991 0.0116279681
vn -0.1102477504 0.9929330285 0.04392532884
vn -0.07774795666 0.991691457 0.102485654
vn -0.09163576137 0.992840132 0.07662479648
vn -0.07774795666 0.991691457 0.102485654
vn -0.1102477504 0.9929330285 0.04392532884
vn -0.131664767 0.9912260991 0.0116279681
vn -0.07774795666 0.991691457 0.102485654
vn -0.07346837737 0.991037033 0.1115705905
vn -0.07346837737 0.991037033 0.1115705905
vn -0.07774795666 0.991691457 0.102485654
vn -0.07327448333 0.9910672043 0.1114300075
vn -0.07346837796 0.9910370331 0.1115705896
vn -0.0732744835 0.9910672044 0.1114300073
vn -0.07061416331 0.9906415141 0.1168033841
vn -0.03091796926 0.9799206035 0.1969763692
vn -0.04894826693 0.985973881 0.1595605626
vn -0.03218287228 0.9804248589 0.1942456145
vn -0.131664763 0.9912260996 0.01162796575
vn -0.08390030328 0.9845994741 0.1533773608
vn -0.1613982027 0.986434481 0.02996055511
vn -0.1316647583 0.9912261002 0.011627972
vn -0.0734683876 0.9910370327 0.1115705864
vn -0.08390030194 0.984599474 0.1533773621
vn -0.07346838822 0.9910370328 0.1115705854
vn -0.07061418484 0.9906415136 0.1168033747
vn -0.08390030247 0.984599474 0.1533773614
vn -0.08390030247 0.984599474 0.1533773614
vn -0.07061418484 0.9906415136 0.1168033747
vn -0.06088001303 0.9888835517 0.1356574553
vn -0.08390030247 0.984599474 0.1533773614
vn -0.06088001303 0.9888835517 0.1356574553
vn -0.04894826693 0.985973881 0.1595605626
vn -0.08390030247 0.984599474 0.1533773614
vn -0.04894826693 0.985973881 0.1595605626
vn -0.03091796926 0.9799206035 0.1969763692
vn -0.08390030189 0.9845994743 0.1533773603
vn -0.03091796837 0.9799206036 0.1969763688
vn -0.02357692004 0.9705691152 0.2396658537
vn -0.02357692004 0.9705691152 0.2396658537
vn -0.03091796837 0.9799206036 0.1969763688
vn -0.02405136474 0.9778302308 0.2080133929
vn -0.02357692004 0.9705691152 0.2396658537
vn -0.02405136474 0.9778302308 0.2080133929
vn -0.02261387099 0.9773604357 0.2103691792
vn -0.02357691951 0.9705691152 0.2396658538
vn -0.02261387166 0.977360436 0.2103691779
vn -0.009949651294 0.974267173 0.225176553
vn -0.009949653342 0.9742671723 0.2251765559
vn -0.0001550647659 0.9703874329 0.2415537333
vn -0.0001009680964 0.9703649429 0.2416440924
vn -0.009949653342 0.9742671723 0.2251765559
vn -0.0003423534703 0.9704651068 0.2412412886
vn -0.0001550647659 0.9703874329 0.2415537333
vn 0.02898636679 0.956352356 0.2907747611
vn -0.009949653342 0.9742671723 0.2251765559
vn -0.0001009680964 0.9703649429 0.2416440924
vn -0.02357691951 0.9705691152 0.2396658538
vn -0.009949651294 0.974267173 0.225176553
vn 0.02898636607 0.9563523559 0.2907747617
vn -0.08390030263 0.9845994744 0.1533773592
vn -0.02357691533 0.970569114 0.2396658592
vn -0.03765388157 0.9643912371 0.2617856509
vn -0.02357691473 0.9705691139 0.2396658594
vn 0.02898636556 0.9563523561 0.2907747608
vn -0.0376538823 0.9643912373 0.2617856499
vn -0.08390029829 0.9845994744 0.1533773615
vn -0.1266005114 0.9901922862 0.059089312
vn -0.1613981876 0.9864344834 0.02996055769
vn 0.02898636679 0.956352356 0.2907747611
vn -0.0001009680964 0.9703649429 0.2416440924
vn 0.0217350523 0.9603487523 0.2779529841
vn 0.02898636679 0.956352356 0.2907747611
vn 0.0217350523 0.9603487523 0.2779529841
vn 0.02414152468 0.9591307899 0.2819314007
vn 0.02898636642 0.9563523563 0.2907747602
vn 0.02414152058 0.959130787 0.2819314109
vn 0.02589208903 0.9559503453 0.2923842285
vn 0.02898636642 0.9563523563 0.2907747602
vn 0.02589208903 0.9559503453 0.2923842285
vn 0.03550567993 0.9367416119 0.3482161674
vn 0.02898636642 0.9563523563 0.2907747602
vn 0.03550567993 0.9367416119 0.3482161674
vn 0.04037321786 0.9258803385 0.3756535666
vn 0.02898636539 0.9563523562 0.2907747605
vn 0.04419801899 0.9147714024 0.4015467798
vn 0.00817868109 0.9486730043 0.3161528746
vn 0.02898636642 0.9563523563 0.2907747602
vn 0.04037321786 0.9258803385 0.3756535666
vn 0.04405578606 0.9172513362 0.3958649693
vn 0.02898636539 0.9563523562 0.2907747605
vn 0.04405576795 0.917251335 0.3958649742
vn 0.04419801899 0.9147714024 0.4015467798
vn 0.1123271462 0.2622586037 0.9584378107
vn 0.1005166376 0.3486227834 0.9318575859
vn 0.1027191909 0.3326364569 0.9374442678
vn 0.11294814 0.3419817372 0.9328939967
vn 0.09501994186 0.4101323707 0.907062649
vn 0.09894281617 0.3662191431 0.9252534022
vn 0.11294814 0.3419817372 0.9328939967
vn 0.07169660672 0.623370908 0.7786323315
vn 0.07742162994 0.5764749837 0.8134386789
vn 0.11294814 0.3419817372 0.9328939967
vn 0.07742162994 0.5764749837 0.8134386789
vn 0.09501994186 0.4101323707 0.907062649
vn 0.03561701211 0.9142170954 0.4036564515
vn 0.03940390867 0.8621669165 0.5050896357
vn 0.03806703684 0.849457893 0.526281473
vn 0.03561701613 0.9142170954 0.4036564512
vn 0.03806704084 0.8494578932 0.5262814723
vn 0.04075172326 0.8304799807 0.5555558466
vn 0.04672638968 0.8146953173 0.5780036198
vn 0.05770078128 0.7240560107 0.6873234414
vn 0.05798631665 0.7221518582 0.6892998482
vn 0.04672638968 0.8146953173 0.5780036198
vn 0.05731634869 0.7266683059 0.6845933167
vn 0.05770078128 0.7240560107 0.6873234414
vn 0.04672638968 0.8146953173 0.5780036198
vn 0.04325747683 0.8123058789 0.5816252658
vn 0.05731634869 0.7266683059 0.6845933167
vn 0.03561701613 0.9142170954 0.4036564512
vn 0.04075172326 0.8304799807 0.5555558466
vn 0.04325747882 0.8123058753 0.5816252706
vn 0.04672638953 0.8146953196 0.5780036165
vn 0.03561701613 0.9142170954 0.4036564512
vn 0.04325747882 0.8123058753 0.5816252706
vn 0.04672638968 0.8146953173 0.5780036198
vn 0.05798631665 0.7221518582 0.6892998482
vn 0.06982729554 0.6366083198 0.7680195284
vn 0.04672639582 0.8146953219 0.5780036128
vn 0.0698272952 0.6366083194 0.7680195287
vn 0.07020448082 0.6321457779 0.771662521
vn 0.07984424648 0.6280075392 0.7741003986
vn 0.07070155521 0.6297606746 0.7735649829
vn 0.07169661416 0.6233709048 0.7786323334
vn 0.07984424801 0.6280075364 0.7741004006
vn 0.07020446933 0.6321457774 0.7716625225
vn 0.07070155662 0.6297606683 0.7735649879
vn 0.04672639582 0.8146953219 0.5780036128
vn 0.07020448082 0.6321457779 0.771662521
vn 0.04051387176 0.8092377138 0.5860827149
vn 0.04672639569 0.8146953243 0.5780036094
vn 0.04051387521 0.8092377045 0.5860827276
vn 0.03561701283 0.9142170937 0.4036564553
vn 0.1391182824 0.1869892572 0.9724613726
vn 0.1192852933 0.2257001461 0.9668663107
vn 0.1256308937 0.193169679 0.973089078
vn 0.1391182824 0.1869892572 0.9724613726
vn 0.1123271478 0.2622586038 0.9584378105
vn 0.1192852933 0.2257001461 0.9668663107
vn 0.1391182824 0.1869892572 0.9724613726
vn 0.1129481357 0.3419817714 0.9328939847
vn 0.1123271478 0.2622586038 0.9584378105
vn 0.1129481384 0.3419817711 0.9328939845
vn 0.1005166376 0.3486227834 0.9318575859
vn 0.1123271462 0.2622586037 0.9584378107
vn 0.11294814 0.3419817372 0.9328939967
vn 0.09894281617 0.3662191431 0.9252534022
vn 0.100516639 0.3486227563 0.9318575959
vn 0.1391183003 0.186989271 0.9724613674
vn 0.1315394562 0.1531773039 0.9794049648
vn 0.1129481479 0.3419817807 0.9328939798
vn 0.1315394571 0.1531773002 0.9794049652
vn 0.09923539707 0.3293885146 0.9389651444
vn 0.1129481499 0.3419817736 0.9328939822
vn 0.1129481523 0.3419817395 0.9328939944
vn 0.09923539628 0.3293885225 0.9389651417
vn 0.06733116302 0.6137120705 0.786653678
vn 0.1129481446 0.3419817345 0.9328939972
vn 0.07984424648 0.6280075392 0.7741003986
vn 0.07169661416 0.6233709048 0.7786323334
vn 0.07984424801 0.6280075364 0.7741004006
vn 0.04051386393 0.8092377134 0.5860827161
vn 0.07020446933 0.6321457774 0.7716625225
vn 0.04051387548 0.8092377065 0.5860827248
vn 0.002095193546 0.7951876128 0.6063598523
vn -0.007216369678 0.9068864287 0.4213133387
vn 0.1129481522 0.3419817394 0.9328939944
vn 0.06733116261 0.6137120718 0.786653677
vn 0.07984424561 0.6280075388 0.774100399
vn 0.07984424697 0.6280075359 0.7741004012
vn 0.06733116328 0.6137120737 0.7866536754
vn 0.04051386953 0.809237716 0.5860827121
vn 0.06733118257 0.6137120746 0.7866536731
vn 0.002095194439 0.7951876107 0.6063598552
vn 0.04051387057 0.8092377157 0.5860827124
vn -0.08390030017 0.9845994742 0.1533773614
vn -0.06158089224 0.9790115381 0.1942786708
vn -0.1266005147 0.9901922855 0.05908931705
vn -0.08390030095 0.9845994744 0.1533773601
vn -0.03765388865 0.9643912377 0.2617856475
vn -0.06158089167 0.979011538 0.1942786716
vn -0.0615808706 0.9790115373 0.1942786818
vn -0.03765387649 0.9643912366 0.2617856533
vn -0.1109218315 0.9735571097 0.1997070392
vn -0.03765387322 0.9643912373 0.2617856512
vn -0.1048647617 0.9540286919 0.2807715029
vn -0.1109218262 0.973557111 0.1997070357
vn -0.0376538713 0.9643912382 0.2617856483
vn 0.008178688233 0.9486730049 0.3161528727
vn -0.0657777836 0.9365084744 0.3444200352
vn -0.03765387359 0.9643912377 0.2617856499
vn -0.06577777892 0.9365084766 0.3444200299
vn -0.104864759 0.9540286922 0.2807715026
vn -0.1266005217 0.990192285 0.05908931116
vn -0.1109218405 0.9735571098 0.1997070334
vn -0.1247697512 0.9891383517 0.07770347718
vn -0.0615808712 0.9790115374 0.1942786809
vn -0.1109218339 0.9735571101 0.1997070357
vn -0.1266005363 0.9901922834 0.0590893061
vn -0.1048647613 0.9540286918 0.2807715032
vn -0.1707447276 0.9408958075 0.292508662
vn -0.1109218265 0.9735571107 0.199707037
vn -0.1707447308 0.9408958037 0.2925086724
vn -0.1750294071 0.9654724188 0.1929448502
vn -0.1109218272 0.9735571101 0.1997070394
vn -0.1048647599 0.9540286924 0.2807715019
vn -0.06577777151 0.9365084753 0.344420035
vn -0.1162862076 0.9221239228 0.3690054049
vn -0.1048647575 0.954028692 0.2807715041
vn -0.116286205 0.9221239221 0.3690054077
vn -0.1707447258 0.9408958079 0.2925086619
vn -0.1247697724 0.989138349 0.07770347722
vn -0.1750294175 0.9654724132 0.1929448689
vn -0.2133937684 0.9722091375 0.09629378309
vn -0.1247697685 0.9891383501 0.0777034694
vn -0.1109218281 0.9735571101 0.1997070389
vn -0.1750294075 0.9654724188 0.1929448496
vn 0.03561701211 0.9142170954 0.4036564515
vn 0.04479282928 0.9137005816 0.403911933
vn 0.04310762047 0.8974545392 0.4389955389
vn 0.03561701211 0.9142170954 0.4036564515
vn 0.04310762047 0.8974545392 0.4389955389
vn 0.03940390867 0.8621669165 0.5050896357
vn 0.03561701231 0.9142170948 0.403656453
vn 0.04419801822 0.9147714018 0.4015467813
vn 0.04479282572 0.9137005747 0.403911949
vn 0.008178679777 0.9486730034 0.3161528773
vn 0.04419801822 0.9147714018 0.4015467813
vn 0.03561701231 0.9142170948 0.403656453
vn -0.03765388098 0.9643912378 0.2617856486
vn 0.02898636528 0.9563523562 0.2907747606
vn 0.008178681696 0.9486730048 0.3161528729
vn 0.008178688402 0.9486730047 0.3161528731
vn -0.007216346155 0.9068864301 0.4213133361
vn -0.06577778411 0.9365084747 0.3444200342
vn 0.008178684519 0.9486730043 0.3161528745
vn 0.03561700416 0.914217093 0.4036564577
vn -0.007216368303 0.9068864272 0.4213133421
vn 0.04051387633 0.8092377045 0.5860827274
vn -0.007216367237 0.906886425 0.4213133469
vn 0.03561700389 0.9142170934 0.4036564568
vn -0.06577777676 0.9365084724 0.3444200419
vn -0.007216355491 0.9068864343 0.421313327
vn -0.0651358205 0.8874307574 0.4563156535
vn -0.06577777184 0.9365084756 0.3444200342
vn -0.06513582216 0.8874307561 0.4563156559
vn -0.1162862077 0.9221239229 0.3690054048
vn 0.002095197641 0.7951876143 0.6063598505
vn -0.06513581826 0.8874307489 0.4563156704
vn -0.007216355689 0.906886433 0.4213133298
vn -0.08641471607 -0.8437798742 -0.5296867194
vn -0.07386635264 -0.7972807052 -0.5990719815
vn -0.09762155786 -0.846483111 -0.5233893143
vn -0.08641471736 -0.8437798733 -0.5296867206
vn -0.09762155963 -0.8464831095 -0.5233893163
vn -0.129339198 -0.8739457451 -0.468497819
vn -0.129339232 -0.8739457442 -0.4684978113
vn -0.08346939686 -0.8743343659 -0.4780923303
vn -0.1358429669 -0.9028381925 -0.4079581921
vn -0.0976215965 -0.8464831103 -0.5233893082
vn -0.08346939355 -0.8743343656 -0.4780923315
vn -0.1293392357 -0.8739457445 -0.4684978098
vn -0.09762155421 -0.8464831192 -0.5233893016
vn -0.07386635336 -0.7972807033 -0.599071984
vn -0.08909320743 -0.7903495585 -0.6061435274
vn -0.08346938818 -0.8743343677 -0.4780923286
vn -0.005576554068 -0.8804570477 -0.4740931228
vn -0.0563963683 -0.9074625136 -0.4163306811
vn -0.003170205285 -0.8541516463 -0.520014341
vn -0.00557655123 -0.8804570486 -0.4740931214
vn -0.0834693921 -0.8743343664 -0.4780923304
vn -0.003170190214 -0.8541516253 -0.5200143756
vn -0.08909318426 -0.7903495523 -0.6061435389
vn 0.01939435019 -0.7713370114 -0.636131334
vn -0.0976216348 -0.8464831077 -0.5233893053
vn -0.08909318842 -0.7903495612 -0.6061435266
vn -0.003170197822 -0.8541516391 -0.5200143529
vn -0.09762163184 -0.8464831042 -0.5233893114
vn -0.003170203626 -0.8541516461 -0.5200143414
vn -0.08346938947 -0.8743343662 -0.4780923311
vn -0.003170185454 -0.8541516442 -0.5200143446
vn 0.1134882091 -0.8497739764 -0.5147859899
vn -0.005576513668 -0.8804570449 -0.4740931286
vn 0.1134882055 -0.8497739769 -0.5147859899
vn 0.1105074774 -0.8764759672 -0.4685914813
vn -0.005576506936 -0.880457045 -0.4740931285
vn -0.003170194336 -0.8541516376 -0.5200143555
vn 0.01939434126 -0.7713370426 -0.6361312964
vn 0.1059816705 -0.7884825794 -0.6058573326
vn -0.003170189695 -0.8541516354 -0.520014359
vn 0.1059816766 -0.7884825755 -0.6058573366
vn 0.1134882114 -0.8497739825 -0.5147859794
vn -0.2595675629 -0.9443792858 -0.2019218783
vn -0.1955081826 -0.9114968859 -0.3618701113
vn -0.1358429603 -0.9028381867 -0.4079582072
vn -0.1569367806 -0.9301018889 -0.3320863188
vn -0.1644093405 -0.9314609346 -0.3245767953
vn -0.2595675587 -0.9443792845 -0.2019218898
vn -0.1569367739 -0.9301019 -0.332086291
vn -0.2595675568 -0.9443792859 -0.2019218856
vn -0.1358429327 -0.9028381758 -0.4079582404
vn -0.06562370649 -0.9130893099 -0.4024443332
vn -0.1358429302 -0.9028382039 -0.4079581792
vn -0.05639637008 -0.9074625121 -0.4163306843
vn -0.1569367558 -0.930101903 -0.332086291
vn -0.135842912 -0.9028381778 -0.4079582429
vn -0.06562371859 -0.913089328 -0.4024442901
vn -0.1569368559 -0.9301018892 -0.3320862825
vn -0.1676503537 -0.9164326591 -0.3633793338
vn -0.1644094189 -0.9314609338 -0.3245767578
vn -0.6819530292 0.400305343 -0.612123924
vn -0.6970578557 0.5489559783 -0.4612566311
vn -0.7883322158 0.4358330665 -0.4342601245
vn -0.6970581232 0.548956314 -0.4612558273
vn -0.7897169865 0.5766538862 0.2093260062
vn -0.7883323378 0.4358332403 -0.4342597284
vn -0 -1 0
vn -0 -1 0
vn -0 -1 0
vn -0.7883323378 0.4358332403 -0.4342597284
vn -0.7897169865 0.5766538862 0.2093260062
vn -0.746159743 0.4233645841 0.5138171531
vn -0 -1 0
vn -0 -1 0
vn -0 -1 0
vn -0.7897170008 0.5766538742 0.209325985
vn -0.7252188734 0.5045326871 0.468512917
vn -0.7461596802 0.4233645577 0.5138172661
vn -0 -1 0
vn -0 -1 0
vn -0 -1 0
vn -0.7883323292 0.4358333098 -0.4342596744
vn -0.7461599418 0.4233645019 0.5138169321
vn -0.9032465822 0.3199356036 -0.2859839528
vn -0.2595676017 -0.9443792704 -0.2019218999
vn -0.3802519643 -0.8959402797 -0.2295636272
vn -0.2108413277 -0.9725244793 0.09870193404
vn -0.259567585 -0.944379278 -0.201921886
vn -0.1644093218 -0.9314609364 -0.3245767997
vn -0.3802520567 -0.8959402382 -0.2295636359
vn -0.3802520934 -0.8959401742 -0.2295638248
vn -0.2404839156 -0.9661041327 0.09386315081
vn -0.2108412146 -0.9725244888 0.09870208138
vn -0.6819530154 0.4003053496 -0.6121239351
vn -0.7883320761 0.435833162 -0.4342602822
vn -0.2411781286 0.08558243509 -0.9666999312
vn -0.7883320889 0.4358331434 -0.4342602777
vn -0.2896078876 -0.1049630439 -0.9513727087
vn -0.2411781508 0.08558238987 -0.9666999297
vn -0.7883320805 0.4358331461 -0.4342602902
vn -0.9032467575 0.3199357516 -0.2859832337
vn -0.2896079342 -0.1049629819 -0.9513727014
vn -0.2411781508 0.08558238987 -0.9666999297
vn -0.2896078876 -0.1049630439 -0.9513727087
vn -0.1930677607 0.04903784485 -0.9799592489
vn -0.04417752609 -0.1289214096 0.9906702864
vn -0.03537654736 -0.179190843 0.9831780824
vn -0.05617785934 -0.1602880201 0.9854703439
vn 0 -1 0
vn 0 -1 0
vn 0 -1 0
vn -0.05617775744 -0.1602878663 0.9854703747
vn -0.03537651407 -0.1791907922 0.9831780928
vn -0.1931844971 -0.3902025552 0.9002342562
vn -0.9032465738 0.3199358571 -0.2859836959
vn -0.7461597083 0.4233648076 0.5138170193
vn -0.7987716206 0.02934498723 0.6009182722
vn -0.03537651407 -0.1791907922 0.9831780928
vn -0.05208746131 -0.2426146272 0.9687234069
vn -0.1931844971 -0.3902025552 0.9002342562
vn 0 -1 0
vn 0 -1 0
vn 0 -1 0
vn -0 -1 0
vn -0 -1 0
vn -0 -1 0
vn -0.9032466863 0.3199361202 -0.2859830462
vn -0.8801936305 -0.3462307286 -0.3246281801
vn -0.2896079578 -0.1049628263 -0.9513727113
vn -0.8801937497 -0.3462306119 -0.3246279815
vn -0.6796463582 -0.6529288931 -0.3343122617
vn -0.347102844 -0.4932426305 -0.7976410992
vn -0.2896080949 -0.1049623902 -0.9513727177
vn -0.8801936288 -0.3462307221 -0.3246281918
vn -0.3471027549 -0.4932427104 -0.7976410885
vn -0.9032466275 0.3199357814 -0.2859836107
vn -0.7987716226 0.02934480398 0.6009182785
vn -0.8254554117 -0.44697471 0.3447273878
vn -0.9032465385 0.3199360856 -0.2859835517
vn -0.8254553568 -0.4469745568 0.3447277179
vn -0.88019378 -0.3462306612 -0.3246278466
vn -0.8801937963 -0.3462305391 -0.3246279329
vn -0.7668880408 -0.6018333666 0.2228886084
vn -0.6796459753 -0.6529291781 -0.3343124835
vn -0.8801937867 -0.3462308054 -0.3246276748
vn -0.825455292 -0.4469748542 0.3447274874
vn -0.7668879388 -0.6018334123 0.2228888361
vn 0 -1 0
vn 0 -1 0
vn 0 -1 0
vn -0.1930666953 0.04903709069 -0.9799594966
vn -0.2896087742 -0.1049625355 -0.9513724949
vn -0.1830566247 0.01408827329 -0.9830014205
vn -0.2896087302 -0.1049626298 -0.9513724979
vn -0.2003771855 -0.2053950177 -0.9579466949
vn -0.1830566761 0.01408838936 -0.9830014093
vn -0.05208756356 -0.2426145144 0.9687234296
vn -0.1504444627 -0.533684424 0.8321943278
vn -0.1931845655 -0.3902024662 0.9002342801
vn -0 -1 0
vn -0 -1 0
vn -0 -1 0
vn -0.05208756356 -0.2426145144 0.9687234296
vn -0.05156301485 -0.296835594 0.9535354664
vn -0.1504444627 -0.533684424 0.8321943278
vn 0 -1 0
vn 0 -1 0
vn 0 -1 0
vn -0.05156296901 -0.2968356264 0.9535354588
vn -0.08678943597 -0.4209119526 0.9029400434
vn -0.1504443412 -0.5336845154 0.8321942912
vn -0.1931846083 -0.3902025397 0.900234239
vn -0.1504444735 -0.5336844421 0.8321943142
vn -0.260507801 -0.8073301628 0.529484366
vn -0.2896087202 -0.1049625773 -0.9513725067
vn -0.3471030867 -0.4932428536 -0.7976408556
vn -0.2003771814 -0.2053949993 -0.9579466997
vn -0.3471030548 -0.4932427457 -0.7976409363
vn -0.3140185789 -0.6459522113 -0.695800311
vn -0.2132266431 -0.5463025193 -0.8099925654
vn -0.1931846254 -0.3902025496 0.9002342311
vn -0.260507753 -0.8073301498 0.5294844094
vn -0.3453829246 -0.6359836061 0.6900981728
vn -0.3453829123 -0.6359836259 0.6900981607
vn -0.2605078446 -0.8073301642 0.5294843425
vn -0.3294029165 -0.8423307339 0.4265825282
vn -0.260507825 -0.8073302003 0.5294842969
vn -0.3297785757 -0.8748902754 0.3547014196
vn -0.3294029706 -0.8423306532 0.4265826456
vn -0.3471029294 -0.4932425902 -0.797641087
vn -0.6796465053 -0.6529287814 -0.3343121809
vn -0.3140183269 -0.6459518653 -0.695800746
vn -0.2404839826 -0.966104127 0.09386303794
vn -0.2604329048 -0.9526117788 0.1571798367
vn -0.2108412757 -0.972524486 0.09870197818
vn -0.2119836913 -0.9739726143 0.08025123818
vn -0.2604328153 -0.9526118161 0.1571797584
vn -0.2404839385 -0.9661041417 0.09386299944
vn -0.1293392367 -0.8739457485 -0.468497802
vn -0.1358429596 -0.9028381854 -0.4079582103
vn -0.1955081873 -0.911496887 -0.361870106
vn -0.08346938803 -0.8743343678 -0.4780923284
vn -0.0563963668 -0.9074625141 -0.4163306803
vn -0.135842935 -0.9028382002 -0.4079581856
vn 0.002229781144 -0.9104048784 -0.413712443
vn -0.027135701 -0.8854339455 -0.4639723935
vn -0.0563963752 -0.9074625121 -0.4163306836
vn -0.2132266361 -0.5463025207 -0.8099925663
vn -0.3140186768 -0.6459521787 -0.6958002971
vn -0.2303368232 -0.7056203144 -0.6701081404
vn -0.1569368002 -0.9301018936 -0.3320862964
vn -0.06562369191 -0.9130893317 -0.4024442861
vn -0.1676503467 -0.9164326602 -0.3633793343
vn -0.06562374353 -0.9130893969 -0.4024441297
vn -0.07590273549 -0.837975247 -0.5404037936
vn -0.1676503385 -0.9164326545 -0.3633793525
vn -0.06562367989 -0.9130893403 -0.4024442686
vn -0.05639638179 -0.9074624983 -0.4163307127
vn -0.02713569077 -0.8854339692 -0.4639723489
vn -0.230336827 -0.7056203266 -0.6701081262
vn -0.1778831523 -0.7605531037 -0.6244329912
vn -0.1319730397 -0.5416813776 -0.830159263
vn 0.03819250733 -0.462628658 -0.8857291105
vn -0.1778830156 -0.7605530448 -0.624433102
vn 0.0586706619 -0.6690757392 -0.7408747591
vn 0.07200577478 -0.8613838503 -0.5028250499
vn 0.002229736582 -0.9104048801 -0.4137124394
vn 0.09447970329 -0.8808873499 -0.463800671
vn 0.002229736582 -0.9104048801 -0.4137124394
vn 0.1148163121 -0.8966157364 -0.4276650976
vn 0.1045837165 -0.8878606956 -0.4480687798
vn 0.002229736582 -0.9104048801 -0.4137124394
vn 0.1045837165 -0.8878606956 -0.4480687798
vn 0.09447970329 -0.8808873499 -0.463800671
vn -0.065623683 -0.9130893371 -0.4024442753
vn -0.02713569872 -0.885433959 -0.4639723679
vn -0.07590277835 -0.837975293 -0.5404037163
vn 0.06901108388 -0.8583270206 -0.5084409465
vn 0.06735159453 -0.8576313171 -0.5098355487
vn -0.02713573602 -0.8854339584 -0.4639723667
vn -0.02713576211 -0.8854339628 -0.4639723569
vn 0.03998408195 -0.7855328334 -0.6175268746
vn -0.07590269989 -0.8379752901 -0.5404037317
vn 0.06735158915 -0.8576313385 -0.5098355133
vn 0.03998405769 -0.7855328627 -0.6175268389
vn -0.02713573535 -0.8854339421 -0.4639723979
vn 0.06901108388 -0.8583270206 -0.5084409465
vn -0.02713573602 -0.8854339584 -0.4639723667
vn 0.002229734029 -0.910404895 -0.4137124067
vn 0.07200577478 -0.8613838503 -0.5028250499
vn 0.0690110855 -0.8583270626 -0.5084408753
vn 0.002229736582 -0.9104048801 -0.4137124394
vn 0.8497010467 0.471012634 0.2369709471
vn 0.8497010467 0.471012634 0.2369709471
vn 0.8497010467 0.471012634 0.2369709471
vn -0.1830566761 0.01408838936 -0.9830014093
vn -0.2003771855 -0.2053950177 -0.9579466949
vn -0.1601829615 -0.03700440659 -0.9863934776
vn 0 -1 0
vn 0 -1 0
vn 0 -1 0
vn -0.1601828888 -0.03700444264 -0.9863934881
vn -0.2003772395 -0.2053949922 -0.9579466891
vn -0.1433319179 -0.1044363297 -0.9841488782
vn -0 -1 0
vn -0 -1 0
vn -0 -1 0
vn -0.08678959703 -0.4209120961 0.902939961
vn -0.1112022836 -0.5863511802 0.8023879022
vn -0.1504444252 -0.5336845722 0.8321942395
vn -0.1504446122 -0.5336846166 0.8321941773
vn -0.1129872654 -0.8679089741 0.4837022746
vn -0.2605077922 -0.8073301556 0.5294843814
vn -0.2003771177 -0.2053948333 -0.9579467486
vn -0.3471030582 -0.4932427644 -0.7976409232
vn -0.2132266365 -0.5463025069 -0.8099925755
vn 0 -1 0
vn 0 -1 0
vn 0 -1 0
vn -0.1433319177 -0.1044363293 -0.9841488782
vn -0.2003772328 -0.2053948896 -0.9579467125
vn -0.1220420048 -0.1693442773 -0.9779715051
vn -0.200377221 -0.2053948815 -0.9579467166
vn -0.2132266384 -0.5463025078 -0.8099925745
vn -0.1220419907 -0.1693443274 -0.9779714982
vn 0 -1 0
vn 0 -1 0
vn 0 -1 0
vn -0.08678959703 -0.4209120961 0.902939961
vn -0.08971991856 -0.5220013028 0.848212813
vn -0.1112022836 -0.5863511802 0.8023879022
vn -0.1112022201 -0.5863511557 0.8023879289
vn -0.1129870947 -0.8679089609 0.4837023381
vn -0.1504444436 -0.5336845792 0.8321942317
vn -0 -1 0
vn -0 -1 0
vn -0 -1 0
vn -0.08971985142 -0.5220011708 0.8482129013
vn -0.06286155126 -0.5402140249 0.8391765206
vn -0.111202211 -0.5863510427 0.8023880127
vn -0.2132266359 -0.5463025208 -0.8099925663
vn -0.2303368264 -0.7056203143 -0.6701081394
vn -0.1319729964 -0.5416813136 -0.8301593117
vn -0.2605078132 -0.8073302094 0.5294842889
vn -0.157632985 -0.9484673036 0.2748847322
vn -0.3297784888 -0.8748903316 0.3547013617
vn -0.26050782 -0.8073302086 0.5294842869
vn -0.1129872566 -0.8679089601 0.4837023018
vn -0.1576329868 -0.9484673002 0.2748847428
vn -0.2119837262 -0.9739726052 0.08025125667
vn -0.2128558228 -0.9744652673 0.07148315521
vn -0.2115818563 -0.9617207247 0.1741446692
vn -0.1433319177 -0.1044363293 -0.9841488782
vn -0.1220420048 -0.1693442773 -0.9779715051
vn -0.1136869447 -0.1427721061 -0.9832046604
vn -0.1136866418 -0.1427720978 -0.9832046967
vn -0.122041952 -0.1693442762 -0.9779715119
vn -0.06747372347 -0.1531914231 -0.9858903005
vn 0 -1 0
vn 0 -1 0
vn 0 -1 0
vn -0.213226638 -0.546302515 -0.8099925697
vn -0.1319729942 -0.5416813669 -0.8301592772
vn -0.1220419833 -0.1693443133 -0.9779715016
vn -0.1220419277 -0.1693443332 -0.9779715051
vn 0.06689459117 -0.215564808 -0.9741955282
vn -0.06747369417 -0.1531914806 -0.9858902935
vn -0.1220419277 -0.1693443332 -0.9779715051
vn -0.1319728002 -0.5416814502 -0.8301592537
vn 0.06689459117 -0.215564808 -0.9741955282
vn -0.1112021745 -0.5863510694 0.8023879983
vn -0.06286152657 -0.5402140338 0.8391765167
vn -0.01279662349 -0.5779916526 0.8159423361
vn -0.1112022106 -0.5863510756 0.8023879887
vn -0.06936381689 -0.8321069105 0.5502606204
vn -0.1129870959 -0.8679090094 0.4837022509
vn -0 -1 0
vn -0 -1 0
vn -0 -1 0
vn -0.1112021745 -0.5863510694 0.8023879983
vn -0.01279662349 -0.5779916526 0.8159423361
vn -0.06936384682 -0.8321069091 0.5502606188
vn 0 -1 0
vn 0 -1 0
vn 0 -1 0
vn 0.06689446218 -0.2155647211 -0.9741955563
vn -0.1319729154 -0.5416813441 -0.8301593046
vn 0.03819241437 -0.4626287489 -0.885729067
vn 0.06689446218 -0.2155647211 -0.9741955563
vn 0.03819241437 -0.4626287489 -0.885729067
vn 0.104086137 -0.2221450515 -0.9694419282
vn 0 -1 0
vn 0 -1 0
vn 0 -1 0
vn 0 -1 0
vn 0 -1 0
vn 0 -1 0
vn -0.01279658123 -0.5779916599 0.8159423317
vn 0.1544232608 -0.5965171045 0.7876044696
vn -0.06936417257 -0.8321068457 0.5502606736
vn 0.03819244173 -0.462628694 -0.8857290945
vn -0.1319729023 -0.5416813145 -0.830159326
vn -0.1778830525 -0.7605530761 -0.6244330533
vn -0.1129871803 -0.867909005 0.483702239
vn -0.02937466782 -0.9449649802 0.3258501422
vn -0.1576330599 -0.9484672719 0.2748847989
vn -0.1129871032 -0.8679090353 0.4837022027
vn -0.069363828 -0.8321069997 0.5502604841
vn -0.02937464954 -0.9449649847 0.3258501306
vn -0.2128556241 -0.9744653092 0.07148317594
vn -0.03497013181 -0.9980885722 0.05095382118
vn -0.01457203425 -0.9896089131 0.1430449399
vn 0.8712239115 0.4842068558 0.08070078567
vn 0.8712239115 0.4842068558 0.08070078567
vn 0.8712239115 0.4842068558 0.08070078567
vn 0.8572460803 0.5013204426 0.1175030707
vn 0.8572460803 0.5013204426 0.1175030707
vn 0.8572460803 0.5013204426 0.1175030707
vn 0.863210212 0.4790443999 0.1593254307
vn 0.863210212 0.4790443999 0.1593254307
vn 0.863210212 0.4790443999 0.1593254307
vn 0.8960688153 0.44391517 0
vn 0.8960688153 0.44391517 0
vn 0.8960688153 0.44391517 0
vn 0.8624821316 0.5045633677 0.03924768244
vn 0.8624821316 0.5045633677 0.03924768244
vn 0.8624821316 0.5045633677 0.03924768244
vn 0.8745624113 0.4849129702 -0
vn 0.8745624113 0.4849129702 -0
vn 0.8745624113 0.4849129702 -0
vn 0.00222978214 -0.9104048794 -0.4137124407
vn -0.05639637418 -0.9074625135 -0.4163306807
vn -0.005576565462 -0.8804570479 -0.4740931223
vn 0.9224214455 0.3041309421 0.2379979977
vn 0.9224214455 0.3041309421 0.2379979977
vn 0.9224214455 0.3041309421 0.2379979977
vn 0.002229744434 -0.9104048822 -0.4137124348
vn -0.005576508181 -0.8804570433 -0.4740931316
vn 0.1105074765 -0.8764759666 -0.4685914826
vn 0.002229742065 -0.9104048875 -0.4137124231
vn 0.1105074752 -0.8764759714 -0.4685914739
vn 0.1148162984 -0.8966157175 -0.4276651409
vn 0.8886399422 0.4124691585 0.2004700638
vn 0.8886399422 0.4124691585 0.2004700638
vn 0.8886399422 0.4124691585 0.2004700638
vn 0.907876596 0.36876866 0.1994235737
vn 0.907876596 0.36876866 0.1994235737
vn 0.907876596 0.36876866 0.1994235737
vn 0.8722391669 0.4282734607 0.2361793355
vn 0.8722391669 0.4282734607 0.2361793355
vn 0.8722391669 0.4282734607 0.2361793355
vn 0.8723785678 0.4069741163 0.2707908845
vn 0.8723785678 0.4069741163 0.2707908845
vn 0.8723785678 0.4069741163 0.2707908845
vn 0.8874981761 0.3472167015 0.3029646012
vn 0.8874981761 0.3472167015 0.3029646012
vn 0.8874981761 0.3472167015 0.3029646012
vn 0.9018382686 0.3039360721 0.3071003115
vn 0.9018382686 0.3039360721 0.3071003115
vn 0.9018382686 0.3039360721 0.3071003115
vn 0.8656477771 0.3637403155 0.3440158555
vn 0.8656477771 0.3637403155 0.3440158555
vn 0.8656477771 0.3637403155 0.3440158555
vn 0.8622826586 0.3455010812 0.3702669571
vn 0.8622826586 0.3455010812 0.3702669571
vn 0.8622826586 0.3455010812 0.3702669571
vn 0.8765834388 0.3020326156 0.3746702202
vn 0.8765834388 0.3020326156 0.3746702202
vn 0.8765834388 0.3020326156 0.3746702202
vn 0.9080214595 0.347473887 0.234006254
vn 0.9080214595 0.347473887 0.234006254
vn 0.9080214595 0.347473887 0.234006254
vn 0.8892096719 0.3650120073 0.2758122438
vn 0.8892096719 0.3650120073 0.2758122438
vn 0.8892096719 0.3650120073 0.2758122438
vn 0.9188680028 0.3754858982 0.1212102866
vn 0.9188680028 0.3754858982 0.1212102866
vn 0.9188680028 0.3754858982 0.1212102866
vn 0.924630895 0.3786311707 0.0411842757
vn 0.924630895 0.3786311707 0.0411842757
vn 0.924630895 0.3786311707 0.0411842757
vn 0.9468922528 0.3108572659 0.08223637775
vn 0.9468922528 0.3108572659 0.08223637775
vn 0.9468922528 0.3108572659 0.08223637775
vn 0.922000774 0.3512720536 0.1628573517
vn 0.922000774 0.3512720536 0.1628573517
vn 0.922000774 0.3512720536 0.1628573517
vn 0.9309448244 0.3558432038 0.08195943082
vn 0.9309448244 0.3558432038 0.08195943082
vn 0.9309448244 0.3558432038 0.08195943082
vn 0.9379162412 0.3070751215 0.1613009433
vn 0.9379162412 0.3070751215 0.1613009433
vn 0.9379162412 0.3070751215 0.1613009433
vn 0.9500849185 0.3119914223 0
vn 0.9500849185 0.3119914223 0
vn 0.9500849185 0.3119914223 0
vn 0.9341722546 0.3568223631 -0
vn 0.9341722546 0.3568223631 -0
vn 0.9341722546 0.3568223631 -0
vn 0.8856122303 0.4364268044 0.1588163149
vn 0.8856122303 0.4364268044 0.1588163149
vn 0.8856122303 0.4364268044 0.1588163149
vn 0.8996306877 0.4191869157 0.1222577419
vn 0.8996306877 0.4191869157 0.1222577419
vn 0.8996306877 0.4191869157 0.1222577419
vn 0.8936672985 0.4414623557 0.08043474472
vn 0.8936672985 0.4414623557 0.08043474472
vn 0.8936672985 0.4414623557 0.08043474472
vn 0.9057458341 0.4218154652 0.0411849156
vn 0.9057458341 0.4218154652 0.0411849156
vn 0.9057458341 0.4218154652 0.0411849156
vn -0.07386634682 -0.7972807044 -0.5990719833
vn -0.02396668665 -0.7468216543 -0.6645923672
vn -0.08909319849 -0.7903495601 -0.6061435266
vn -0.08909319175 -0.7903495517 -0.6061435386
vn -0.02396670439 -0.7468216793 -0.6645923385
vn -0.01931047542 -0.7122260715 -0.7016844936
vn 0.04065501264 -0.6810631211 -0.7310952025
vn 0.09661001439 -0.5422178133 -0.8346654108
vn 0.01201992379 -0.6480512785 -0.7615018463
vn 0.04065499611 -0.6810631245 -0.7310952002
vn -0.01931047547 -0.7122260724 -0.7016844927
vn -0.02396670477 -0.7468216798 -0.6645923379
vn 0.04065501229 -0.6810631219 -0.7310952017
vn 0.01201991901 -0.6480512905 -0.7615018361
vn -0.01931049145 -0.7122260746 -0.70168449
vn 0.01939435383 -0.7713370085 -0.6361313373
vn -0.08909317451 -0.790349554 -0.606143538
vn -0.01931043282 -0.7122260756 -0.7016844906
vn 0.01201996511 -0.6480512934 -0.7615018329
vn 0.08173384543 -0.5090080851 -0.8568724222
vn 0.02787313155 -0.6309681947 -0.7753078265
vn 0.01201996879 -0.6480513172 -0.7615018127
vn 0.007978783973 -0.713212933 -0.7009020269
vn -0.01931046785 -0.7122260867 -0.7016844784
vn 0.09661002276 -0.5422178053 -0.8346654151
vn 0.1266258834 -0.2780021526 -0.9521978202
vn 0.08173381536 -0.5090080746 -0.8568724312
vn 0.01201993585 -0.6480512877 -0.7615018383
vn 0.09661002928 -0.5422178207 -0.8346654043
vn 0.08173382162 -0.5090080806 -0.8568724271
vn 0.08173383136 -0.5090080963 -0.8568724168
vn 0.1266258627 -0.2780021249 -0.9521978311
vn 0.1325726344 -0.2645209643 -0.9552241392
vn 0.1266258707 -0.278002091 -0.9521978399
vn 0.1262781356 -0.1217361639 -0.9844968963
vn 0.1325726369 -0.2645209557 -0.9552241412
vn 0.1325726394 -0.2645209548 -0.9552241411
vn 0.1262781506 -0.1217361589 -0.984496895
vn 0.156313061 -0.09758561682 -0.9828750044
vn 0.08173383749 -0.5090080685 -0.8568724328
vn 0.1325726353 -0.2645209589 -0.9552241405
vn 0.093838207 -0.4688469877 -0.878280646
vn 0.1325726363 -0.2645209533 -0.9552241419
vn 0.15631304 -0.09758560672 -0.9828750088
vn 0.1393355667 -0.2374119835 -0.961364213
vn 0.1393355634 -0.2374119909 -0.9613642116
vn 0.156313029 -0.09758563434 -0.9828750078
vn 0.1513271252 -0.0910968027 -0.9842771326
vn 0.01939428594 -0.7713370281 -0.6361313156
vn -0.01931047116 -0.7122260871 -0.701684478
vn 0.007978779415 -0.7132129336 -0.7009020263
vn 0.02787318428 -0.6309681862 -0.7753078315
vn 0.0938381378 -0.4688469777 -0.8782806587
vn 0.1296738468 -0.6015413686 -0.7882465828
vn 0.01201995595 -0.6480513019 -0.7615018258
vn 0.02787314109 -0.6309681873 -0.7753078321
vn 0.007978781004 -0.7132129295 -0.7009020304
vn 0.02787317509 -0.6309682014 -0.7753078195
vn 0.08373490209 -0.7249633353 -0.6836787467
vn 0.007978789342 -0.713212933 -0.7009020268
vn 0.1059816646 -0.788482579 -0.6058573342
vn 0.007978784847 -0.7132129342 -0.7009020256
vn 0.08373489234 -0.7249633396 -0.6836787433
vn 0.1296738065 -0.6015413878 -0.7882465748
vn 0.09383819083 -0.4688469503 -0.8782806676
vn 0.1375870345 -0.4595874319 -0.8774105085
vn 0.02787318527 -0.6309681858 -0.7753078318
vn 0.1296738429 -0.6015413762 -0.7882465776
vn 0.08373492288 -0.7249633055 -0.6836787757
vn 0.0193943391 -0.7713370436 -0.6361312952
vn 0.007978787229 -0.7132129365 -0.7009020233
vn 0.1059816692 -0.7884825801 -0.6058573319
vn 0.8837664886 0.2375967429 0.4031185699
vn 0.8837664886 0.2375967429 0.4031185699
vn 0.8837664886 0.2375967429 0.4031185699
vn 0.8716709889 0.2836177151 0.3996882271
vn 0.8716709889 0.2836177151 0.3996882271
vn 0.8716709889 0.2836177151 0.3996882271
vn 0.8520085562 0.235747893 0.4674444899
vn 0.8520085562 0.235747893 0.4674444899
vn 0.8520085562 0.235747893 0.4674444899
vn 0.885811015 0.1721635815 0.4309275426
vn 0.885811015 0.1721635815 0.4309275426
vn 0.885811015 0.1721635815 0.4309275426
vn 0.8770246735 0.2202870499 0.4269676074
vn 0.8770246735 0.2202870499 0.4269676074
vn 0.8770246735 0.2202870499 0.4269676074
vn 0.8781654179 0.1559183253 0.4522333188
vn 0.8781654179 0.1559183253 0.4522333188
vn 0.8781654179 0.1559183253 0.4522333188
vn 0.8531285741 0.1713919392 0.4927437865
vn 0.8531285741 0.1713919392 0.4927437865
vn 0.8531285741 0.1713919392 0.4927437865
vn 0.02787313107 -0.6309681869 -0.7753078329
vn 0.08173383986 -0.5090080744 -0.856872429
vn 0.09383820651 -0.4688469761 -0.8782806522
vn 0.09383821308 -0.4688469641 -0.8782806579
vn 0.132572635 -0.2645209598 -0.9552241403
vn 0.1393355634 -0.2374120026 -0.9613642087
vn 0.09383818517 -0.4688469607 -0.8782806627
vn 0.1393355731 -0.2374120037 -0.961364207
vn 0.1375870327 -0.4595874353 -0.877410507
vn 0.1393355698 -0.2374119893 -0.9613642111
vn 0.1513271396 -0.09109679904 -0.9842771307
vn 0.1590262126 -0.2315865851 -0.9597282518
vn 0.1393355683 -0.2374120068 -0.961364207
vn 0.1590262115 -0.2315866026 -0.9597282478
vn 0.1375870451 -0.4595874282 -0.8774105088
vn 0.1590262102 -0.2315865846 -0.9597282523
vn 0.1513271418 -0.09109679943 -0.9842771303
vn 0.1753023063 -0.07856849991 -0.9813745932
vn 0.8841399172 0.1067391944 0.4548663004
vn 0.8841399172 0.1067391944 0.4548663004
vn 0.8841399172 0.1067391944 0.4548663004
vn 0.9061701917 0.09085269178 0.4130391894
vn 0.9061701917 0.09085269178 0.4130391894
vn 0.9061701917 0.09085269178 0.4130391894
vn 0.8751838303 0.09075000044 0.4752027995
vn 0.8751838303 0.09075000044 0.4752027995
vn 0.8751838303 0.09075000044 0.4752027995
vn 0.8680538034 0.02512429315 0.4958340089
vn 0.8680538034 0.02512429315 0.4958340089
vn 0.8680538034 0.02512429315 0.4958340089
vn 0.9092157233 0.04109131484 0.414292496
vn 0.9092157233 0.04109131484 0.414292496
vn 0.9092157233 0.04109131484 0.414292496
vn 0.9002594329 0.02510091024 0.4346296099
vn 0.9002594329 0.02510091024 0.4346296099
vn 0.9002594329 0.02510091024 0.4346296099
vn 0.878100135 0.04076407272 0.4767372896
vn 0.878100135 0.04076407272 0.4767372896
vn 0.878100135 0.04076407272 0.4767372896
vn 0.9804971344 0.1786457846 0.08192101782
vn 0.9804971344 0.1786457846 0.08192101782
vn 0.9804971344 0.1786457846 0.08192101782
vn 0.9806535659 0.1573199476 0.1164861271
vn 0.9806535659 0.1573199476 0.1164861271
vn 0.9806535659 0.1573199476 0.1164861271
vn 0.9871078576 0.154677266 0.04114633451
vn 0.9871078576 0.154677266 0.04114633451
vn 0.9871078576 0.154677266 0.04114633451
vn 0.9837653262 0.1794596972 0
vn 0.9837653262 0.1794596972 0
vn 0.9837653262 0.1794596972 0
vn 0.9764696664 0.1085486636 0.1863442465
vn 0.9764696664 0.1085486636 0.1863442465
vn 0.9764696664 0.1085486636 0.1863442465
vn 0.9759665919 0.04184412679 0.2138650988
vn 0.9759665919 0.04184412679 0.2138650988
vn 0.9759665919 0.04184412679 0.2138650988
vn 0.9871222794 0.1086730002 0.117387327
vn 0.9871222794 0.1086730002 0.117387327
vn 0.9871222794 0.1086730002 0.117387327
vn 0.9852305784 0.09135011854 0.1448304636
vn 0.9852305784 0.09135011854 0.1448304636
vn 0.9852305784 0.09135011854 0.1448304636
vn 0.9929350899 0.09135264146 0.07572715532
vn 0.9929350899 0.09135264146 0.07572715532
vn 0.9929350899 0.09135264146 0.07572715532
vn 0.9927764669 0.1127023571 0.0411468776
vn 0.9927764669 0.1127023571 0.0411468776
vn 0.9927764669 0.1127023571 0.0411468776
vn 0.9961570518 0.08758497649 -0
vn 0.9961570518 0.08758497649 -0
vn 0.9961570518 0.08758497649 -0
vn 0.9885005755 0.04210838171 0.1452360026
vn 0.9885005755 0.04210838171 0.1452360026
vn 0.9885005755 0.04210838171 0.1452360026
vn 0.9847704249 0.02482388351 0.1720784271
vn 0.9847704249 0.02482388351 0.1720784271
vn 0.9847704249 0.02482388351 0.1720784271
vn 0.9943126839 0.02478712618 0.1035755037
vn 0.9943126839 0.02478712618 0.1035755037
vn 0.9943126839 0.02478712618 0.1035755037
vn 0.9962248379 0.04203436469 0.07595514782
vn 0.9962248379 0.04203436469 0.07595514782
vn 0.9962248379 0.04203436469 0.07595514782
vn 0.9989350777 0.04613795125 0
vn 0.9989350777 0.04613795125 0
vn 0.9989350777 0.04613795125 0
vn 0.9990948034 0.02477274483 0.03458156931
vn 0.9990948034 0.02477274483 0.03458156931
vn 0.9990948034 0.02477274483 0.03458156931
vn 0.9501560038 0.2397482069 0.199309723
vn 0.9501560038 0.2397482069 0.199309723
vn 0.9501560038 0.2397482069 0.199309723
vn 0.920649228 0.2863974277 0.2652951421
vn 0.920649228 0.2863974277 0.2652951421
vn 0.920649228 0.2863974277 0.2652951421
vn 0.9380657914 0.2857737803 0.195872197
vn 0.9380657914 0.2857737803 0.195872197
vn 0.9380657914 0.2857737803 0.195872197
vn 0.9327404987 0.2403735267 0.2687298451
vn 0.9327404987 0.2403735267 0.2687298451
vn 0.9327404987 0.2403735267 0.2687298451
vn 0.9291737856 0.222809385 0.2949441542
vn 0.9291737856 0.222809385 0.2949441542
vn 0.9291737856 0.222809385 0.2949441542
vn 0.9146058613 0.1734340241 0.3652625874
vn 0.9146058613 0.1734340241 0.3652625874
vn 0.9146058613 0.1734340241 0.3652625874
vn 0.9386242593 0.1747028826 0.2974279789
vn 0.9386242593 0.1747028826 0.2974279789
vn 0.9386242593 0.1747028826 0.2974279789
vn 0.9332110331 0.156568358 0.3234246697
vn 0.9332110331 0.156568358 0.3234246697
vn 0.9332110331 0.156568358 0.3234246697
vn 0.9484162441 0.2229916228 0.225347208
vn 0.9484162441 0.2229916228 0.225347208
vn 0.9484162441 0.2229916228 0.225347208
vn 0.9542652866 0.1571203518 0.254344172
vn 0.9542652866 0.1571203518 0.254344172
vn 0.9542652866 0.1571203518 0.254344172
vn 0.9700005806 0.1571925929 0.1854436906
vn 0.9700005806 0.1571925929 0.1854436906
vn 0.9700005806 0.1571925929 0.1854436906
vn 0.9578318364 0.1746819847 0.2281323682
vn 0.9578318364 0.1746819847 0.2281323682
vn 0.9578318364 0.1746819847 0.2281323682
vn 0.8984736118 0.2856968778 0.3333503606
vn 0.8984736118 0.2856968778 0.3333503606
vn 0.8984736118 0.2856968778 0.3333503606
vn 0.9105671896 0.2396762103 0.3367828789
vn 0.9105671896 0.2396762103 0.3367828789
vn 0.9105671896 0.2396762103 0.3367828789
vn 0.9050786248 0.2216076141 0.3629362869
vn 0.9050786248 0.2216076141 0.3629362869
vn 0.9050786248 0.2216076141 0.3629362869
vn 0.907865614 0.1561235083 0.3891085673
vn 0.907865614 0.1561235083 0.3891085673
vn 0.907865614 0.1561235083 0.3891085673
vn 0.9499919287 0.2874362673 0.1220480548
vn 0.9499919287 0.2874362673 0.1220480548
vn 0.9499919287 0.2874362673 0.1220480548
vn 0.9621725038 0.2435707475 0.1220547578
vn 0.9621725038 0.2435707475 0.1220547578
vn 0.9621725038 0.2435707475 0.1220547578
vn 0.9718763191 0.2206956025 0.0821576011
vn 0.9718763191 0.2206956025 0.0821576011
vn 0.9718763191 0.2206956025 0.0821576011
vn 0.9563987952 0.2892041223 0.0407715619
vn 0.9563987952 0.2892041223 0.0407715619
vn 0.9563987952 0.2892041223 0.0407715619
vn 0.9685788641 0.2453415631 0.040773783
vn 0.9685788641 0.2453415631 0.040773783
vn 0.9685788641 0.2453415631 0.040773783
vn 0.9751893807 0.221372247 -0
vn 0.9751893807 0.221372247 -0
vn 0.9751893807 0.221372247 -0
vn 0.9623259108 0.2222606619 0.1566174947
vn 0.9623259108 0.2222606619 0.1566174947
vn 0.9623259108 0.2222606619 0.1566174947
vn 0.9718659114 0.1746833585 0.1579948557
vn 0.9718659114 0.1746833585 0.1579948557
vn 0.9718659114 0.1746833585 0.1579948557
vn 0.9327815068 0.09089145634 0.3487942139
vn 0.9327815068 0.09089145634 0.3487942139
vn 0.9327815068 0.09089145634 0.3487942139
vn 0.9138387945 0.106944408 0.3917416895
vn 0.9138387945 0.106944408 0.3917416895
vn 0.9138387945 0.106944408 0.3917416895
vn 0.939520911 0.1082040157 0.3249497635
vn 0.939520911 0.1082040157 0.3249497635
vn 0.939520911 0.1082040157 0.3249497635
vn 0.960574609 0.1087559026 0.2558682751
vn 0.960574609 0.1087559026 0.2558682751
vn 0.960574609 0.1087559026 0.2558682751
vn 0.9551815076 0.09043552033 0.2818682391
vn 0.9551815076 0.09043552033 0.2818682391
vn 0.9551815076 0.09043552033 0.2818682391
vn 0.9727397006 0.09126575261 0.2131854527
vn 0.9727397006 0.09126575261 0.2131854527
vn 0.9727397006 0.09126575261 0.2131854527
vn 0.9516123228 0.02501651794 0.3062811796
vn 0.9516123228 0.02501651794 0.3062811796
vn 0.9516123228 0.02501651794 0.3062811796
vn 0.9358816051 0.04107805267 0.3499117243
vn 0.9358816051 0.04107805267 0.3499117243
vn 0.9358816051 0.04107805267 0.3499117243
vn 0.9281571029 0.02503794324 0.371345518
vn 0.9281571029 0.02503794324 0.371345518
vn 0.9281571029 0.02503794324 0.371345518
vn 0.9583510878 0.04233131657 0.2824380501
vn 0.9583510878 0.04233131657 0.2824380501
vn 0.9583510878 0.04233131657 0.2824380501
vn 0.970515727 0.02483801477 0.2397546593
vn 0.970515727 0.02483801477 0.2397546593
vn 0.970515727 0.02483801477 0.2397546593
vn 0.110507487 -0.876475965 -0.4685914832
vn 0.1331224557 -0.8751506501 -0.4651771183
vn 0.1326217692 -0.876071282 -0.4635844855
vn 0.113488234 -0.8497739698 -0.5147859953
vn 0.1434795879 -0.8625740882 -0.485159304
vn 0.1399547404 -0.8660424244 -0.479982489
vn 0.113488234 -0.8497739698 -0.5147859953
vn 0.1399547404 -0.8660424244 -0.479982489
vn 0.1105074924 -0.876475964 -0.4685914837
vn 0.110507487 -0.876475965 -0.4685914832
vn 0.1399547367 -0.866042425 -0.4799824889
vn 0.1331224557 -0.8751506501 -0.4651771183
vn 0.8235415367 0.3897608358 0.4121478233
vn 0.8235415367 0.3897608358 0.4121478233
vn 0.8235415367 0.3897608358 0.4121478233
vn 0.8235402366 0.3897632376 0.4121481496
vn 0.8235402366 0.3897632376 0.4121481496
vn 0.8235402366 0.3897632376 0.4121481496
vn 0.8235438535 0.3897533293 0.4121502926
vn 0.8235438535 0.3897533293 0.4121502926
vn 0.8235438535 0.3897533293 0.4121502926
vn 0.113488234 -0.8497739698 -0.5147859953
vn 0.1505506093 -0.8561932148 -0.4942344514
vn 0.1434795879 -0.8625740882 -0.485159304
vn 0.7961479593 0.4036731094 0.4507731665
vn 0.7961479593 0.4036731094 0.4507731665
vn 0.7961479593 0.4036731094 0.4507731665
vn 0.1134882394 -0.8497739709 -0.5147859923
vn 0.1059816676 -0.7884825796 -0.6058573329
vn 0.1779284586 -0.7972548874 -0.576824157
vn 0.113488237 -0.8497739751 -0.514785986
vn 0.17494662 -0.8120784462 -0.5567066349
vn 0.1693650412 -0.8237721134 -0.5410314112
vn 0.113488237 -0.8497739751 -0.514785986
vn 0.1787315577 -0.804752288 -0.5660642942
vn 0.17494662 -0.8120784462 -0.5567066349
vn 0.113488237 -0.8497739751 -0.514785986
vn 0.1779284562 -0.7972548942 -0.5768241483
vn 0.1787315577 -0.804752288 -0.5660642942
vn 0.8018110828 0.306890299 0.5127546507
vn 0.8018110828 0.306890299 0.5127546507
vn 0.8018110828 0.306890299 0.5127546507
vn 0.8018110027 0.3068922024 0.5127536368
vn 0.8018110027 0.3068922024 0.5127536368
vn 0.8018110027 0.3068922024 0.5127536368
vn 0.8374583898 0.3608432966 0.4104333815
vn 0.8374583898 0.3608432966 0.4104333815
vn 0.8374583898 0.3608432966 0.4104333815
vn 0.8468321976 0.2989688889 0.439878202
vn 0.8468321976 0.2989688889 0.439878202
vn 0.8468321976 0.2989688889 0.439878202
vn 0.8347386217 0.3278946151 0.4423760334
vn 0.8347386217 0.3278946151 0.4423760334
vn 0.8347386217 0.3278946151 0.4423760334
vn 0.113488237 -0.8497739751 -0.514785986
vn 0.1618783804 -0.8417516922 -0.5150237651
vn 0.1585545354 -0.8497223432 -0.5028244214
vn 0.113488237 -0.8497739751 -0.514785986
vn 0.1693650412 -0.8237721134 -0.5410314112
vn 0.1618783804 -0.8417516922 -0.5150237651
vn 0.113488234 -0.8497739698 -0.5147859953
vn 0.1585545365 -0.8497223438 -0.50282442
vn 0.1505506093 -0.8561932148 -0.4942344514
vn 0.7932897056 0.371025125 0.4827336736
vn 0.7932897056 0.371025125 0.4827336736
vn 0.7932897056 0.371025125 0.4827336736
vn 0.8072073747 0.342102997 0.4810216145
vn 0.8072073747 0.342102997 0.4810216145
vn 0.8072073747 0.342102997 0.4810216145
vn 0.7932947953 0.3710122765 0.4827351846
vn 0.7932947953 0.3710122765 0.4827351846
vn 0.7932947953 0.3710122765 0.4827351846
vn 0.8072089533 0.3421042987 0.4810180398
vn 0.8072089533 0.3421042987 0.4810180398
vn 0.8072089533 0.3421042987 0.4810180398
vn 0.177928534 -0.7972548708 -0.5768241568
vn 0.1769733375 -0.7988706306 -0.5748792512
vn 0.1787315503 -0.8047522902 -0.5660642934
vn 0.7720499212 0.319917452 0.5491736912
vn 0.7720499212 0.319917452 0.5491736912
vn 0.7720499212 0.319917452 0.5491736912
vn 0.7720545049 0.3199167262 0.54916767
vn 0.7720545049 0.3199167262 0.54916767
vn 0.7720545049 0.3199167262 0.54916767
vn 0.1779285349 -0.7972548736 -0.5768241526
vn 0.1718029236 -0.7805653027 -0.6010004689
vn 0.1769733377 -0.7988706312 -0.5748792502
vn 0.7720524682 0.3199161734 0.5491708553
vn 0.7720524682 0.3199161734 0.5491708553
vn 0.7720524682 0.3199161734 0.5491708553
vn 0.05867065562 -0.6690757932 -0.7408747108
vn 0.1493451644 -0.6403148022 -0.7534540304
vn 0.2394273744 -0.5663806827 -0.7885984115
vn 0.03998427698 -0.7855328465 -0.6175268454
vn 0.1098598487 -0.7934789926 -0.5985999516
vn 0.1429982831 -0.7595194682 -0.6345720356
vn 0.8255778686 0.5295012581 0.1950630681
vn 0.8255778686 0.5295012581 0.1950630681
vn 0.8255778686 0.5295012581 0.1950630681
vn 0.8313579856 0.4639140383 0.3059863801
vn 0.8313579856 0.4639140383 0.3059863801
vn 0.8313579856 0.4639140383 0.3059863801
vn 0.8313707451 0.4638838256 0.3059975171
vn 0.8313707451 0.4638838256 0.3059975171
vn 0.8313707451 0.4638838256 0.3059975171
vn 0.831325818 0.4639871129 0.3059629773
vn 0.831325818 0.4639871129 0.3059629773
vn 0.831325818 0.4639871129 0.3059629773
vn 0.8313601009 0.4639105731 0.3059858867
vn 0.8313601009 0.4639105731 0.3059858867
vn 0.8313601009 0.4639105731 0.3059858867
vn 0.1181529347 -0.8930384189 -0.4341915088
vn 0.1168065376 -0.8960705171 -0.4282684452
vn 0.1148162677 -0.8966157347 -0.4276651131
vn 0.1148162663 -0.8966157221 -0.4276651398
vn 0.1168065381 -0.896070521 -0.428268437
vn 0.1165189808 -0.8961849094 -0.4281073875
vn 0.1172508192 -0.894616328 -0.4311773082
vn 0.1148162468 -0.8966157552 -0.4276650757
vn 0.1165189431 -0.8961849736 -0.4281072635
vn 0.1172510041 -0.8946162765 -0.4311773647
vn 0.1045837918 -0.8878606751 -0.4480688029
vn 0.1148163981 -0.8966157131 -0.4276651235
vn 0.06735158915 -0.8576313385 -0.5098355133
vn 0.06548579436 -0.8438986699 -0.5324909818
vn 0.03998405769 -0.7855328627 -0.6175268389
vn 0.03998427698 -0.7855328465 -0.6175268454
vn 0.06548555987 -0.8438986877 -0.5324909824
vn 0.07672563097 -0.8285446652 -0.5546412492
vn 0.8468099347 0.4948482281 0.1950337553
vn 0.8468099347 0.4948482281 0.1950337553
vn 0.8468099347 0.4948482281 0.1950337553
vn 0.8497010423 0.4710140441 0.2369681603
vn 0.8497010423 0.4710140441 0.2369681603
vn 0.8497010423 0.4710140441 0.2369681603
vn 0.8468101454 0.494848616 0.1950318561
vn 0.8468101454 0.494848616 0.1950318561
vn 0.8468101454 0.494848616 0.1950318561
vn 0.03998427698 -0.7855328465 -0.6175268454
vn 0.07672563097 -0.8285446652 -0.5546412492
vn 0.1098598487 -0.7934789926 -0.5985999516
vn 0.8312238416 0.4852103679 0.271362901
vn 0.8312238416 0.4852103679 0.271362901
vn 0.8312238416 0.4852103679 0.271362901
vn 0.8313567855 0.4639181661 0.3059833825
vn 0.8313567855 0.4639181661 0.3059833825
vn 0.8313567855 0.4639181661 0.3059833825
vn 0.8497024262 0.4710078718 0.2369754663
vn 0.8497024262 0.4710078718 0.2369754663
vn 0.8497024262 0.4710078718 0.2369754663
vn 0.8496974627 0.4710224638 0.23696426
vn 0.8496974627 0.4710224638 0.23696426
vn 0.8496974627 0.4710224638 0.23696426
vn 0.8497035351 0.4710044316 0.2369783279
vn 0.8497035351 0.4710044316 0.2369783279
vn 0.8497035351 0.4710044316 0.2369783279
vn 0.1040861782 -0.2221451183 -0.9694419085
vn 0.03819249442 -0.4626289093 -0.8857289798
vn 0.1994076442 -0.2972724123 -0.9337374922
vn 0 -1 0
vn 0 -1 0
vn 0 -1 0
vn 0.03819267686 -0.4626287788 -0.8857290401
vn 0.3919765401 -0.3946306356 -0.8310361325
vn 0.1994077226 -0.2972723479 -0.933737496
vn 0 -1 0
vn 0 -1 0
vn 0 -1 0
vn 0.1544232608 -0.5965171045 0.7876044696
vn 0.3168990136 -0.7114754238 0.6271983231
vn -0.06936417257 -0.8321068457 0.5502606736
vn 0 -1 0
vn 0 -1 0
vn 0 -1 0
vn 0.1544231282 -0.5965170969 0.7876045014
vn 0.2957604121 -0.611565832 0.733834458
vn 0.3168989177 -0.7114754278 0.627198367
vn 0.8247745484 0.5597735379 0.08000331585
vn 0.8247745484 0.5597735379 0.08000331585
vn 0.8247745484 0.5597735379 0.08000331585
vn 0.8247751701 0.5597715828 0.08001058624
vn 0.8247751701 0.5597715828 0.08001058624
vn 0.8247751701 0.5597715828 0.08001058624
vn 0.03819268222 -0.4626287602 -0.8857290496
vn 0.05867080886 -0.6690758323 -0.7408746634
vn 0.3919765702 -0.3946306259 -0.8310361229
vn 0.3919763506 -0.3946306031 -0.8310362373
vn 0.05867065562 -0.6690757932 -0.7408747108
vn 0.2394273744 -0.5663806827 -0.7885984115
vn 0.8166609231 0.5549468819 0.1584263076
vn 0.8166609231 0.5549468819 0.1584263076
vn 0.8166609231 0.5549468819 0.1584263076
vn 0.8255763472 0.5295040985 0.1950617971
vn 0.8255763472 0.5295040985 0.1950617971
vn 0.8255763472 0.5295040985 0.1950617971
vn 0.8360294927 0.5359508482 0.1175218094
vn 0.8360294927 0.5359508482 0.1175218094
vn 0.8360294927 0.5359508482 0.1175218094
vn 0.1994077226 -0.2972723479 -0.933737496
vn 0.3919765401 -0.3946306356 -0.8310361325
vn 0.387436469 -0.3067553905 -0.8693642004
vn 0 -1 0
vn 0 -1 0
vn 0 -1 0
vn 0.3874360591 -0.3067554183 -0.8693643733
vn 0.3919763662 -0.3946306575 -0.8310362041
vn 0.4226383768 -0.3077650036 -0.8524420831
vn 0.7979893135 0.5815554298 0.1581339226
vn 0.7979893135 0.5815554298 0.1581339226
vn 0.7979893135 0.5815554298 0.1581339226
vn 0.3919763506 -0.3946306031 -0.8310362373
vn 0.2394273744 -0.5663806827 -0.7885984115
vn 0.3793485475 -0.4334199557 -0.8174605933
vn 0.816661219 0.5549466587 0.1584255641
vn 0.816661219 0.5549466587 0.1584255641
vn 0.816661219 0.5549466587 0.1584255641
vn 0.3919766259 -0.3946306357 -0.8310360919
vn 0.3793490936 -0.4334200299 -0.8174603005
vn 0.4121387085 -0.4184217172 -0.809360829
vn 0.4226387343 -0.3077648087 -0.8524419762
vn 0.3919765267 -0.3946305815 -0.8310361645
vn 0.5866078326 -0.325702437 -0.7414911822
vn 0.4226387343 -0.3077648087 -0.8524419762
vn 0.5866078326 -0.325702437 -0.7414911822
vn 0.6405224761 -0.2781562688 -0.7157932996
vn 0.4226387343 -0.3077648087 -0.8524419762
vn 0.6413245079 -0.2774100143 -0.715364634
vn 0.6613054574 -0.260299396 -0.7035050223
vn 0.4226387343 -0.3077648087 -0.8524419762
vn 0.6405224761 -0.2781562688 -0.7157932996
vn 0.6413245079 -0.2774100143 -0.715364634
vn 0 -1 0
vn 0 -1 0
vn 0 -1 0
vn 0.3919766259 -0.3946306357 -0.8310360919
vn 0.4121387085 -0.4184217172 -0.809360829
vn 0.5866077032 -0.325702386 -0.741491307
vn 0.7979846892 0.5815635292 0.1581274714
vn 0.7979846892 0.5815635292 0.1581274714
vn 0.7979846892 0.5815635292 0.1581274714
vn 0.7866577743 0.6054622372 0.1207684784
vn 0.7866577743 0.6054622372 0.1207684784
vn 0.7866577743 0.6054622372 0.1207684784
vn 0.295760393 -0.6115658494 0.7338344512
vn 0.4507143426 -0.5500595791 0.7030583481
vn 0.3168989219 -0.7114753773 0.6271984222
vn 0 -1 0
vn 0 -1 0
vn 0 -1 0
vn 0.4797647081 -0.4770535749 0.7363733506
vn 0.4507143426 -0.5500595791 0.7030583481
vn 0.295760393 -0.6115658494 0.7338344512
vn 0.4172660106 -0.6088472222 0.6746807663
vn 0.3494471589 -0.712100689 0.6089329125
vn 0.3168988784 -0.7114754298 0.6271983846
vn 0.8060354707 0.5864557513 0.07985281317
vn 0.8060354707 0.5864557513 0.07985281317
vn 0.8060354707 0.5864557513 0.07985281317
vn 0.7866729443 0.6054447509 0.1207573282
vn 0.7866729443 0.6054447509 0.1207573282
vn 0.7866729443 0.6054447509 0.1207573282
vn 0.4507145517 -0.5500593514 0.7030583922
vn 0.4172660106 -0.6088472222 0.6746807663
vn 0.3168988784 -0.7114754298 0.6271983846
vn 0.806041487 0.5864477679 0.07985071525
vn 0.806041487 0.5864477679 0.07985071525
vn 0.806041487 0.5864477679 0.07985071525
vn 0.316898829 -0.7114755303 0.6271982956
vn 0.3494471475 -0.7121007538 0.6089328432
vn 0.3376565095 -0.7291824588 0.5952151069
vn 0.316898829 -0.7114755303 0.6271982956
vn 0.3376565095 -0.7291824588 0.5952151069
vn 0.3299689974 -0.7403378427 0.5856793828
vn 0.316898955 -0.7114754398 0.6271983345
vn 0.3299691107 -0.7403377617 0.5856794214
vn 0.1839827616 -0.862443543 0.4715309942
vn 0.4944532029 -0.4301566618 0.7553021094
vn 0.4797647081 -0.4770535749 0.7363733506
vn 0.295760393 -0.6115658494 0.7338344512
vn 0.7981363899 0.5812106325 0.1586584497
vn 0.7981363899 0.5812106325 0.1586584497
vn 0.7981363899 0.5812106325 0.1586584497
vn 0.7866735213 0.6054432998 0.1207608448
vn 0.7866735213 0.6054432998 0.1207608448
vn 0.7866735213 0.6054432998 0.1207608448
vn 0.7866733096 0.6054439085 0.1207591723
vn 0.7866733096 0.6054439085 0.1207591723
vn 0.7866733096 0.6054439085 0.1207591723
vn 0.7866731792 0.605444703 0.1207560381
vn 0.7866731792 0.605444703 0.1207560381
vn 0.7866731792 0.605444703 0.1207560381
vn 0.4944532029 -0.4301566618 0.7553021094
vn 0.4957749606 -0.4307998248 0.7540681
vn 0.4797647081 -0.4770535749 0.7363733506
vn 0 -1 0
vn 0 -1 0
vn 0 -1 0
vn 0.7863476261 0.605879597 0.1206951733
vn 0.7863476261 0.605879597 0.1206951733
vn 0.7863476261 0.605879597 0.1206951733
vn 0.4944532036 -0.4301566374 0.7553021228
vn 0.4957501568 -0.429275523 0.7549531823
vn 0.495775012 -0.4307998663 0.7540680424
vn 0.8166601335 0.5549461967 0.1584327777
vn 0.8166601335 0.5549461967 0.1584327777
vn 0.8166601335 0.5549461967 0.1584327777
vn -0.06936421725 -0.8321069852 0.550260457
vn 0.3168990406 -0.7114754011 0.6271983352
vn -0.02937477016 -0.9449649814 0.3258501295
vn 0.316898955 -0.7114754398 0.6271983345
vn 0.1839827616 -0.862443543 0.4715309942
vn -0.0293747185 -0.9449649825 0.3258501308
vn 0.8412713276 0.5391860466 0.03925506986
vn 0.8412713276 0.5391860466 0.03925506986
vn 0.8412713276 0.5391860466 0.03925506986
vn 0.1839827616 -0.862443543 0.4715309942
vn 0.06716604252 -0.9311072673 0.3585079908
vn -0.0293747185 -0.9449649825 0.3258501308
vn 0.8412778929 0.5391761757 0.0392499489
vn 0.8412778929 0.5391761757 0.0392499489
vn 0.8412778929 0.5391761757 0.0392499489
vn 0.8412709042 0.5391867886 0.03925395104
vn 0.8412709042 0.5391867886 0.03925395104
vn 0.8412709042 0.5391867886 0.03925395104
vn 0.8247749849 0.5597726025 0.08000536066
vn 0.8247749849 0.5597726025 0.08000536066
vn 0.8247749849 0.5597726025 0.08000536066
vn -0.03497013942 -0.9980885723 0.05095381471
vn 0.03577263926 -0.9976176036 0.05898673763
vn -0.007973357719 -0.9985966198 0.05235662733
vn -0.03497013942 -0.9980885723 0.05095381471
vn -0.007973357719 -0.9985966198 0.05235662733
vn -0.01296379131 -0.9985848638 0.05157722305
vn -0.03497011666 -0.9980885726 0.05095382426
vn -0.01296377791 -0.9985848636 0.05157723003
vn -0.01564162065 -0.9967651967 0.07883198834
vn 0.8269777352 0.5622346712 2.84991495e-06
vn 0.8269777352 0.5622346712 2.84991495e-06
vn 0.8269777352 0.5622346712 2.84991495e-06
vn 0.8269772256 0.5622354207 1.398086195e-06
vn 0.8269772256 0.5622354207 1.398086195e-06
vn 0.8269772256 0.5622354207 1.398086195e-06
vn -0.03497011666 -0.9980885726 0.05095382426
vn -0.01564162065 -0.9967651967 0.07883198834
vn -0.01558397063 -0.9912857065 0.130804388
vn 0.1181529347 -0.8930384189 -0.4341915088
vn 0.1148162677 -0.8966157347 -0.4276651131
vn 0.1105074869 -0.8764759653 -0.4685914826
vn 0.1181529347 -0.8930384189 -0.4341915088
vn 0.1105074869 -0.8764759653 -0.4685914826
vn 0.1193324765 -0.8909707322 -0.4380992061
vn 0.1105074869 -0.8764759653 -0.4685914826
vn 0.1205663636 -0.8893391445 -0.4410664779
vn 0.1193324765 -0.8909707322 -0.4380992061
vn 0.1105074869 -0.8764759653 -0.4685914826
vn 0.1326217685 -0.8760712819 -0.4635844859
vn 0.1205663636 -0.8893391445 -0.4410664779
vn 0.8240301956 0.4210197837 0.3790996946
vn 0.8240301956 0.4210197837 0.3790996946
vn 0.8240301956 0.4210197837 0.3790996946
vn 0.8488290697 0.4056925846 0.3389730628
vn 0.8488290697 0.4056925846 0.3389730628
vn 0.8488290697 0.4056925846 0.3389730628
vn 0.8504629174 0.4236495442 0.3118234916
vn 0.8504629174 0.4236495442 0.3118234916
vn 0.8504629174 0.4236495442 0.3118234916
vn 0.8504508303 0.4236751204 0.3118217081
vn 0.8504508303 0.4236751204 0.3118217081
vn 0.8504508303 0.4236751204 0.3118217081
vn 0.8488153688 0.4057030668 0.3389948248
vn 0.8488153688 0.4057030668 0.3389948248
vn 0.8488153688 0.4057030668 0.3389948248
vn 0.82403048 0.421024227 0.3790941417
vn 0.82403048 0.421024227 0.3790941417
vn 0.82403048 0.421024227 0.3790941417
vn 0.1649021004 -0.7239389088 -0.6698654742
vn 0.08373491522 -0.7249633192 -0.6836787621
vn 0.1296738388 -0.6015413914 -0.7882465667
vn 0.1296738118 -0.6015414049 -0.7882465609
vn 0.1375870316 -0.4595874193 -0.8774105155
vn 0.1768826066 -0.6221232343 -0.7626763566
vn 0.1649021193 -0.7239388973 -0.669865482
vn 0.1296738108 -0.6015414108 -0.7882465565
vn 0.176882606 -0.6221232312 -0.7626763592
vn 0.1768826052 -0.6221232371 -0.7626763546
vn 0.1375870343 -0.4595874192 -0.8774105152
vn 0.1815217876 -0.4796264883 -0.8584918592
vn 0.1649021428 -0.7239388963 -0.6698654774
vn 0.1562287402 -0.7273149492 -0.6682855268
vn 0.1555984368 -0.7339011778 -0.6611945158
vn 0.1649021428 -0.7239388963 -0.6698654774
vn 0.1565386228 -0.7238277669 -0.6719888567
vn 0.1562287402 -0.7273149492 -0.6682855268
vn 0.1649021428 -0.7239388963 -0.6698654774
vn 0.1768825884 -0.6221232318 -0.7626763628
vn 0.1565386228 -0.7238277669 -0.6719888567
vn 0.1565386228 -0.7238277669 -0.6719888567
vn 0.1768825884 -0.6221232318 -0.7626763628
vn 0.1568858279 -0.719153325 -0.6769086586
vn 0.1568858279 -0.719153325 -0.6769086586
vn 0.1768825884 -0.6221232318 -0.7626763628
vn 0.1581777236 -0.6987001617 -0.6977090309
vn 0.7335718116 0.2273984018 0.6404391962
vn 0.7335718116 0.2273984018 0.6404391962
vn 0.7335718116 0.2273984018 0.6404391962
vn 0.766085975 0.2153933368 0.6055724477
vn 0.766085975 0.2153933368 0.6055724477
vn 0.766085975 0.2153933368 0.6055724477
vn 0.1768825882 -0.6221232346 -0.7626763605
vn 0.1815218105 -0.4796264919 -0.8584918524
vn 0.1594173786 -0.6112267643 -0.7752341208
vn 0.7637185922 0.1474813299 0.6284768645
vn 0.7637185922 0.1474813299 0.6284768645
vn 0.7637185922 0.1474813299 0.6284768645
vn 0.1768825882 -0.6221232313 -0.7626763633
vn 0.1593016255 -0.6328353619 -0.7577218466
vn 0.1593216367 -0.6408362024 -0.7509631002
vn 0.1768825882 -0.6221232346 -0.7626763605
vn 0.1594173786 -0.6112267643 -0.7752341208
vn 0.1593016255 -0.6328353613 -0.7577218471
vn 0.1581777229 -0.6987001584 -0.6977090344
vn 0.1768825882 -0.6221232313 -0.7626763633
vn 0.1593216367 -0.6408362024 -0.7509631002
vn 0.7335739858 0.2273981246 0.6404368043
vn 0.7335739858 0.2273981246 0.6404368043
vn 0.7335739858 0.2273981246 0.6404368043
vn 0.7207545487 0.1891748039 0.6668776305
vn 0.7207545487 0.1891748039 0.6668776305
vn 0.7207545487 0.1891748039 0.6668776305
vn 0.7207537969 0.1891706126 0.666879632
vn 0.7207537969 0.1891706126 0.666879632
vn 0.7207537969 0.1891706126 0.666879632
vn 0.1594174145 -0.6112267713 -0.7752341078
vn 0.1815217965 -0.4796264887 -0.8584918571
vn 0.170344746 -0.566874807 -0.8059997647
vn 0.170344746 -0.566874807 -0.8059997647
vn 0.1815217965 -0.4796264887 -0.8584918571
vn 0.1791307735 -0.5284560342 -0.8298472064
vn 0.7207532268 0.1891775559 0.6668782786
vn 0.7207532268 0.1891775559 0.6668782786
vn 0.7207532268 0.1891775559 0.6668782786
vn 0.7313237072 0.1611632363 0.6627156604
vn 0.7313237072 0.1611632363 0.6627156604
vn 0.7313237072 0.1611632363 0.6627156604
vn 0.1059816668 -0.7884825793 -0.6058573334
vn 0.08373489523 -0.7249633406 -0.6836787418
vn 0.1779284614 -0.7972548866 -0.5768241573
vn 0.1779284565 -0.7972548976 -0.5768241435
vn 0.08373489994 -0.7249633291 -0.6836787535
vn 0.1649021097 -0.7239389037 -0.6698654775
vn 0.8146420685 0.2775009798 0.509265654
vn 0.8146420685 0.2775009798 0.509265654
vn 0.8146420685 0.2775009798 0.509265654
vn 0.8064012053 0.2403083074 0.5403415712
vn 0.8064012053 0.2403083074 0.5403415712
vn 0.8064012053 0.2403083074 0.5403415712
vn 0.8414339608 0.2637601184 0.471613708
vn 0.8414339608 0.2637601184 0.471613708
vn 0.8414339608 0.2637601184 0.471613708
vn 0.8169734201 0.2122985483 0.5361751181
vn 0.8169734201 0.2122985483 0.5361751181
vn 0.8169734201 0.2122985483 0.5361751181
vn 0.8068929128 0.1730404353 0.5647838834
vn 0.8068929128 0.1730404353 0.5647838834
vn 0.8068929128 0.1730404353 0.5647838834
vn 0.844734474 0.1975507779 0.4973905493
vn 0.844734474 0.1975507779 0.4973905493
vn 0.844734474 0.1975507779 0.4973905493
vn 0.1779285349 -0.7972548736 -0.5768241526
vn 0.1649021453 -0.7239388924 -0.6698654809
vn 0.1718029236 -0.7805653027 -0.6010004689
vn 0.1718029236 -0.7805653027 -0.6010004689
vn 0.1649021453 -0.7239388924 -0.6698654809
vn 0.1651120679 -0.7584059872 -0.6305222943
vn 0.7639215294 0.2826760674 0.5801018341
vn 0.7639215294 0.2826760674 0.5801018341
vn 0.7639215294 0.2826760674 0.5801018341
vn 0.7639226834 0.2826717322 0.5801024269
vn 0.7639226834 0.2826717322 0.5801024269
vn 0.7639226834 0.2826717322 0.5801024269
vn 0.1649021487 -0.7239388954 -0.6698654769
vn 0.1555984387 -0.7339011783 -0.6611945147
vn 0.1651120694 -0.7584059885 -0.6305222923
vn 0.7766425135 0.2533327597 0.5767572444
vn 0.7766425135 0.2533327597 0.5767572444
vn 0.7766425135 0.2533327597 0.5767572444
vn 0.77664661 0.2533463746 0.5767457479
vn 0.77664661 0.2533463746 0.5767457479
vn 0.77664661 0.2533463746 0.5767457479
vn 0.7660826908 0.2153798481 0.6055813999
vn 0.7660826908 0.2153798481 0.6055813999
vn 0.7660826908 0.2153798481 0.6055813999
vn 0.7639210105 0.282673938 0.580103555
vn 0.7639210105 0.282673938 0.580103555
vn 0.7639210105 0.282673938 0.580103555
vn 0.7766574166 0.1873812221 0.6014079604
vn 0.7766574166 0.1873812221 0.6014079604
vn 0.7766574166 0.1873812221 0.6014079604
vn 0.1375870332 -0.4595874222 -0.8774105137
vn 0.159026195 -0.2315865943 -0.9597282525
vn 0.1815217835 -0.4796264971 -0.8584918552
vn 0.181521787 -0.4796265048 -0.8584918501
vn 0.1590262009 -0.2315866072 -0.9597282484
vn 0.1975512614 -0.223387969 -0.9545005576
vn 0.159026201 -0.2315865863 -0.9597282534
vn 0.1753023152 -0.07856849807 -0.9813745918
vn 0.1975512628 -0.2233879307 -0.9545005663
vn 0.1975512563 -0.2233879316 -0.9545005674
vn 0.1753023069 -0.07856849967 -0.9813745931
vn 0.1985260955 -0.06974550481 -0.9776108397
vn 0.181521798 -0.4796264992 -0.8584918509
vn 0.1975512471 -0.2233879762 -0.9545005588
vn 0.185628166 -0.4963479996 -0.8480453097
vn 0.1975512463 -0.2233879903 -0.9545005557
vn 0.2015070773 -0.2567446284 -0.9452391727
vn 0.1856281644 -0.4963480103 -0.8480453038
vn 0.7722397692 0.1214014808 0.6236244217
vn 0.7722397692 0.1214014808 0.6236244217
vn 0.7722397692 0.1214014808 0.6236244217
vn 0.1791307735 -0.5284560342 -0.8298472064
vn 0.1815217965 -0.4796264887 -0.8584918571
vn 0.1800333761 -0.524406232 -0.8322175721
vn 0.1800333761 -0.524406232 -0.8322175721
vn 0.1815217965 -0.4796264887 -0.8584918571
vn 0.1856281688 -0.4963480041 -0.8480453065
vn 0.7383304513 0.08101522336 0.6695555827
vn 0.7383304513 0.08101522336 0.6695555827
vn 0.7383304513 0.08101522336 0.6695555827
vn 0.7567650383 0.08088804658 0.6486630872
vn 0.7567650383 0.08088804658 0.6486630872
vn 0.7567650383 0.08088804658 0.6486630872
vn 0.1975512476 -0.2233879496 -0.954500565
vn 0.1985260802 -0.06974553807 -0.9776108405
vn 0.2015070751 -0.2567446867 -0.9452391573
vn 0.2015070748 -0.2567446844 -0.945239158
vn 0.1985260795 -0.06974553899 -0.9776108405
vn 0.2027741414 -0.1009382362 -0.9740093018
vn 0.7770795088 0.04057169547 0.6280934441
vn 0.7770795088 0.04057169547 0.6280934441
vn 0.7770795088 0.04057169547 0.6280934441
vn 0.8430489072 0.1321354527 0.5213528194
vn 0.8430489072 0.1321354527 0.5213528194
vn 0.8430489072 0.1321354527 0.5213528194
vn 0.8500827127 0.1062633561 0.5158172939
vn 0.8500827127 0.1062633561 0.5158172939
vn 0.8500827127 0.1062633561 0.5158172939
vn 0.8153157278 0.1470044184 0.5600446097
vn 0.8153157278 0.1470044184 0.5600446097
vn 0.8153157278 0.1470044184 0.5600446097
vn 0.8024756347 0.1070618663 0.5870013735
vn 0.8024756347 0.1070618663 0.5870013735
vn 0.8024756347 0.1070618663 0.5870013735
vn 0.80950972 0.0811874511 0.5814659156
vn 0.80950972 0.0811874511 0.5814659156
vn 0.80950972 0.0811874511 0.5814659156
vn 0.8373357988 0.06595786323 0.5426954214
vn 0.8373357988 0.06595786323 0.5426954214
vn 0.8373357988 0.06595786323 0.5426954214
vn 0.8429292484 0.04065212391 0.5364864276
vn 0.8429292484 0.04065212391 0.5364864276
vn 0.8429292484 0.04065212391 0.5364864276
vn 0.7939959667 0.04057199432 0.6065676534
vn 0.7939959667 0.04057199432 0.6065676534
vn 0.7939959667 0.04057199432 0.6065676534
vn 0.7313253459 0.1611649747 0.6627134293
vn 0.7313253459 0.1611649747 0.6627134293
vn 0.7313253459 0.1611649747 0.6627134293
vn 0.1817649583 -0.3135837627 -0.9320014612
vn 0.1856281051 -0.4963479855 -0.8480453312
vn 0.2015070394 -0.2567446103 -0.9452391857
vn 0.6776813871 0.08106891631 0.7308732916
vn 0.6776813871 0.08106891631 0.7308732916
vn 0.6776813871 0.08106891631 0.7308732916
vn 0.6776815227 0.08106981992 0.7308730657
vn 0.6776815227 0.08106981992 0.7308730657
vn 0.6776815227 0.08106981992 0.7308730657
vn 0.1817649603 -0.3135837636 -0.9320014605
vn 0.2015070675 -0.2567446141 -0.9452391787
vn 0.1913054758 -0.2531710278 -0.9483177978
vn 0.7158579655 0.1206714267 0.6877396164
vn 0.7158579655 0.1206714267 0.6877396164
vn 0.7158579655 0.1206714267 0.6877396164
vn 0.7158623059 0.1206835017 0.6877329797
vn 0.7158623059 0.1206835017 0.6877329797
vn 0.7158623059 0.1206835017 0.6877329797
vn 0.7158601154 0.1206718143 0.6877373106
vn 0.7158601154 0.1206718143 0.6877373106
vn 0.7158601154 0.1206718143 0.6877373106
vn 0.7158646219 0.1207070505 0.6877264362
vn 0.7158646219 0.1207070505 0.6877264362
vn 0.7158646219 0.1207070505 0.6877264362
vn 0.7158627286 0.1206830106 0.6877326259
vn 0.7158627286 0.1206830106 0.6877326259
vn 0.7158627286 0.1206830106 0.6877326259
vn 0.1800333306 -0.524406227 -0.8322175851
vn 0.1856280958 -0.4963479956 -0.8480453274
vn 0.1796387845 -0.5046493799 -0.8444281559
vn 0.1796387869 -0.5046493781 -0.8444281565
vn 0.1856281087 -0.4963479918 -0.8480453268
vn 0.1804475055 -0.4960382025 -0.8493437464
vn 0.1856281051 -0.4963479855 -0.8480453312
vn 0.1808533199 -0.4843656652 -0.8559684451
vn 0.1804475049 -0.4960381971 -0.8493437496
vn 0.1824293785 -0.3391272899 -0.9228825511
vn 0.1808533199 -0.4843656652 -0.8559684451
vn 0.1856281051 -0.4963479855 -0.8480453312
vn 0.6945915919 0.1206790172 0.7092101912
vn 0.6945915919 0.1206790172 0.7092101912
vn 0.6945915919 0.1206790172 0.7092101912
vn 0.1824293785 -0.3391272899 -0.9228825511
vn 0.1856281051 -0.4963479855 -0.8480453312
vn 0.1817649583 -0.3135837627 -0.9320014612
vn 0.2015070652 -0.2567446673 -0.9452391647
vn 0.2027741601 -0.1009382681 -0.9740092946
vn 0.1971142383 -0.2085594211 -0.9579399485
vn 0.2015070581 -0.2567446657 -0.9452391667
vn 0.1945253282 -0.229877224 -0.9535808086
vn 0.1913054671 -0.2531710742 -0.9483177872
vn 0.6776821032 0.08106784517 0.7308727464
vn 0.6776821032 0.08106784517 0.7308727464
vn 0.6776821032 0.08106784517 0.7308727464
vn 0.2015070581 -0.2567446657 -0.9452391667
vn 0.1971142408 -0.2085594224 -0.9579399477
vn 0.1945253282 -0.229877224 -0.9535808086
vn 0.6992123264 0.04031731549 0.7137763212
vn 0.6992123264 0.04031731549 0.7137763212
vn 0.6992123264 0.04031731549 0.7137763212
vn 0.1971142383 -0.2085594211 -0.9579399485
vn 0.2027741601 -0.1009382681 -0.9740092946
vn 0.1973548143 -0.1512646177 -0.9685918091
vn 0.6992108163 0.04031239941 0.7137780781
vn 0.6992108163 0.04031239941 0.7137780781
vn 0.6992108163 0.04031239941 0.7137780781
vn 0.6798787551 1.945008021e-06 0.7333245382
vn 0.6798787551 1.945008021e-06 0.7333245382
vn 0.6798787551 1.945008021e-06 0.7333245382
vn 0.1973548143 -0.1512646177 -0.9685918091
vn 0.2027741601 -0.1009382681 -0.9740092946
vn 0.1966717573 -0.09821057819 -0.9755382628
vn 0.7204833586 0.04031659871 0.6922992863
vn 0.7204833586 0.04031659871 0.6922992863
vn 0.7204833586 0.04031659871 0.6922992863
vn 0.6992138265 0.04031522047 0.71377497
vn 0.6992138265 0.04031522047 0.71377497
vn 0.6992138265 0.04031522047 0.71377497
vn -0.2108412762 -0.9725244871 0.09870196652
vn -0.2237104866 -0.9534235227 0.2023294453
vn -0.1748883899 -0.9655289555 0.1927897487
vn -0.2108412796 -0.9725244852 0.09870197809
vn -0.2604329111 -0.952611777 0.1571798369
vn -0.2237104878 -0.9534235211 0.2023294518
vn -0.1748883874 -0.9655289562 0.1927897474
vn -0.2237104865 -0.9534235227 0.2023294455
vn -0.1705748234 -0.9408670083 0.2927003628
vn -0.2237104822 -0.9534235228 0.20232945
vn -0.1992348215 -0.927896889 0.3151394124
vn -0.1705748333 -0.9408670095 0.2927003532
vn -0.1705748332 -0.9408670129 0.2927003421
vn -0.1432152195 -0.9037467184 0.4033996404
vn -0.1162862129 -0.922123923 0.3690054028
vn -0.1992348244 -0.92789689 0.3151394076
vn -0.143215219 -0.9037467178 0.4033996419
vn -0.1705748324 -0.9408670103 0.2927003509
vn -0.211983697 -0.9739726101 0.08025127377
vn -0.2115818881 -0.961720721 0.1741446508
vn -0.2604328228 -0.9526118046 0.1571798157
vn -0.2604328282 -0.9526118022 0.1571798213
vn -0.2115818856 -0.9617207221 0.1741446476
vn -0.1699968138 -0.9578294538 0.2316545287
vn -0.2604328253 -0.9526118009 0.157179834
vn -0.169996814 -0.9578294542 0.2316545271
vn -0.2237104646 -0.9534235267 0.202329451
vn -0.2128556408 -0.974465306 0.07148317015
vn -0.01457202977 -0.9896089133 0.1430449391
vn -0.2115819814 -0.9617206991 0.1741446583
vn -0.2115819897 -0.9617206958 0.1741446669
vn -0.01457203376 -0.9896089131 0.14304494
vn -0.1699968271 -0.9578294508 0.2316545314
vn -0.0145720262 -0.9896089142 0.1430449333
vn -0.0188723631 -0.9879583422 0.1535648006
vn -0.1699968217 -0.9578294526 0.2316545282
vn -0.0188723631 -0.9879583422 0.1535648006
vn -0.03512865455 -0.9776824098 0.2071305947
vn -0.1699968217 -0.9578294526 0.2316545282
vn 0.8712239101 0.4842068591 -0.08070078173
vn 0.8712239101 0.4842068591 -0.08070078173
vn 0.8712239101 0.4842068591 -0.08070078173
vn 0.8624821313 0.5045633683 -0.03924768244
vn 0.8624821313 0.5045633683 -0.03924768244
vn 0.8624821313 0.5045633683 -0.03924768244
vn 0.857246079 0.5013204466 -0.117503063
vn 0.857246079 0.5013204466 -0.117503063
vn 0.857246079 0.5013204466 -0.117503063
vn -0.03512865455 -0.9776824098 0.2071305947
vn -0.03519807276 -0.977606351 0.2074775126
vn -0.1699968217 -0.9578294526 0.2316545282
vn -0.03519807276 -0.977606351 0.2074775126
vn -0.03528931664 -0.9773537543 0.2086487555
vn -0.1699968217 -0.9578294526 0.2316545282
vn -0.03528931664 -0.9773537543 0.2086487555
vn -0.03770965705 -0.9671381622 0.2514393704
vn -0.1699968217 -0.9578294526 0.2316545282
vn -0.169996821 -0.9578294528 0.2316545278
vn -0.0377096622 -0.9671381617 0.2514393715
vn -0.03428937358 -0.9659579609 0.2564165685
vn 0.863210212 0.4790443999 -0.1593254307
vn 0.863210212 0.4790443999 -0.1593254307
vn 0.863210212 0.4790443999 -0.1593254307
vn -0.2237104649 -0.9534235264 0.202329452
vn -0.1699968144 -0.9578294538 0.2316545283
vn -0.1992348917 -0.9278968765 0.315139405
vn -0.1699968153 -0.9578294535 0.231654529
vn -0.1263479179 -0.9355170719 0.3299151586
vn -0.1992349095 -0.9278968703 0.3151394119
vn -0.169996821 -0.9578294528 0.2316545278
vn -0.03428937358 -0.9659579609 0.2564165685
vn -0.1263479935 -0.9355170672 0.329915143
vn -0.03428938695 -0.9659579616 0.2564165641
vn -0.03432200071 -0.9640554005 0.2634752074
vn -0.1263479311 -0.9355170679 0.3299151647
vn -0.03432200071 -0.9640554005 0.2634752074
vn -0.03347437882 -0.9617252745 0.2719631635
vn -0.1263479311 -0.9355170679 0.3299151647
vn -0.03347437882 -0.9617252745 0.2719631635
vn -0.03332750245 -0.961492826 0.272801802
vn -0.1263479311 -0.9355170679 0.3299151647
vn -0.03332750245 -0.961492826 0.272801802
vn -0.04428680638 -0.9426289853 0.3308916361
vn -0.1263479311 -0.9355170679 0.3299151647
vn -0.04428680898 -0.9426289858 0.3308916344
vn -0.1045955577 -0.8941230276 0.4354351626
vn -0.1263479381 -0.93551707 0.3299151562
vn 0.9246308957 0.3786311693 -0.04118427312
vn 0.9246308957 0.3786311693 -0.04118427312
vn 0.9246308957 0.3786311693 -0.04118427312
vn 0.9188679976 0.3754859061 -0.1212103025
vn 0.9188679976 0.3754859061 -0.1212103025
vn 0.9188679976 0.3754859061 -0.1212103025
vn 0.9468922523 0.3108572689 -0.08223637258
vn 0.9468922523 0.3108572689 -0.08223637258
vn 0.9468922523 0.3108572689 -0.08223637258
vn 0.9309448258 0.3558432012 -0.0819594257
vn 0.9309448258 0.3558432012 -0.0819594257
vn 0.9309448258 0.3558432012 -0.0819594257
vn 0.9220007653 0.3512720761 -0.1628573524
vn 0.9220007653 0.3512720761 -0.1628573524
vn 0.9220007653 0.3512720761 -0.1628573524
vn 0.9379162487 0.3070750988 -0.1613009424
vn 0.9379162487 0.3070750988 -0.1613009424
vn 0.9379162487 0.3070750988 -0.1613009424
vn 0.92242142 0.3041309696 -0.2379980616
vn 0.92242142 0.3041309696 -0.2379980616
vn 0.92242142 0.3041309696 -0.2379980616
vn 0.9057458339 0.421815466 -0.04118491303
vn 0.9057458339 0.421815466 -0.04118491303
vn 0.9057458339 0.421815466 -0.04118491303
vn 0.8996306896 0.4191869072 -0.1222577575
vn 0.8996306896 0.4191869072 -0.1222577575
vn 0.8996306896 0.4191869072 -0.1222577575
vn 0.8936672978 0.4414623577 -0.0804347408
vn 0.8936672978 0.4414623577 -0.0804347408
vn 0.8936672978 0.4414623577 -0.0804347408
vn 0.8856122407 0.4364267836 -0.1588163146
vn 0.8856122407 0.4364267836 -0.1588163146
vn 0.8856122407 0.4364267836 -0.1588163146
vn 0.8886399534 0.4124691469 -0.200470038
vn 0.8886399534 0.4124691469 -0.200470038
vn 0.8886399534 0.4124691469 -0.200470038
vn 0.9078765954 0.3687686752 -0.1994235486
vn 0.9078765954 0.3687686752 -0.1994235486
vn 0.9078765954 0.3687686752 -0.1994235486
vn 0.8722391374 0.4282734871 -0.2361793965
vn 0.8722391374 0.4282734871 -0.2361793965
vn 0.8722391374 0.4282734871 -0.2361793965
vn 0.9080214583 0.3474738435 -0.2340063234
vn 0.9080214583 0.3474738435 -0.2340063234
vn 0.9080214583 0.3474738435 -0.2340063234
vn -0.1992348835 -0.9278968833 0.3151393901
vn -0.1045955845 -0.8941230181 0.4354351756
vn -0.1432152243 -0.9037467175 0.4033996407
vn -0.1992349101 -0.927896872 0.3151394064
vn -0.1263479185 -0.935517074 0.3299151524
vn -0.1045955672 -0.8941230255 0.4354351646
vn 0.8723785324 0.4069741455 -0.2707909546
vn 0.8723785324 0.4069741455 -0.2707909546
vn 0.8723785324 0.4069741455 -0.2707909546
vn -0.04428679958 -0.9426289862 0.3308916343
vn -0.0467845863 -0.8983242811 0.4368348525
vn -0.1045955701 -0.8941230262 0.4354351625
vn 0.8892096683 0.3650119551 -0.2758123248
vn 0.8892096683 0.3650119551 -0.2758123248
vn 0.8892096683 0.3650119551 -0.2758123248
vn 0.8874981832 0.34721676 -0.3029645135
vn 0.8874981832 0.34721676 -0.3029645135
vn 0.8874981832 0.34721676 -0.3029645135
vn 0.9018382783 0.3039361325 -0.3071002233
vn 0.9018382783 0.3039361325 -0.3071002233
vn 0.9018382783 0.3039361325 -0.3071002233
vn 0.865647788 0.3637403829 -0.3440157568
vn 0.865647788 0.3637403829 -0.3440157568
vn 0.865647788 0.3637403829 -0.3440157568
vn 0.8622826586 0.3455010812 -0.3702669571
vn 0.8622826586 0.3455010812 -0.3702669571
vn 0.8622826586 0.3455010812 -0.3702669571
vn 0.8765834737 0.3020325014 -0.3746702307
vn 0.8765834737 0.3020325014 -0.3746702307
vn 0.8765834737 0.3020325014 -0.3746702307
vn -0.1162862131 -0.9221239231 0.3690054025
vn -0.143215219 -0.9037467181 0.4033996412
vn -0.07732926968 -0.8707603459 0.4855889249
vn -0.1162862158 -0.9221239226 0.369005403
vn -0.07732926598 -0.8707603466 0.4855889244
vn -0.06513582344 -0.8874307561 0.4563156556
vn -0.06513582008 -0.8874307486 0.4563156708
vn -0.07732926776 -0.8707603517 0.4855889148
vn -0.009171080548 -0.7714404953 0.6362353759
vn -0.1432152224 -0.9037467175 0.4033996414
vn -0.05607529712 -0.8569092827 0.5124080818
vn -0.07732926282 -0.8707603465 0.485588925
vn -0.1432152242 -0.9037467174 0.403399641
vn -0.1045955844 -0.8941230182 0.4354351755
vn -0.05607528933 -0.8569092826 0.5124080829
vn -0.07732925927 -0.8707603513 0.485588917
vn -0.05607529989 -0.8569092777 0.5124080899
vn -0.01362692186 -0.7577726387 0.6523763753
vn -0.05607527365 -0.8569092922 0.5124080685
vn -0.1045955708 -0.8941230261 0.4354351626
vn -0.04678458599 -0.8983242813 0.4368348522
vn -0.05607526569 -0.8569092855 0.5124080805
vn -0.04678458287 -0.8983242792 0.436834857
vn 0.01215523457 -0.848848449 0.5284965099
vn -0.05607526817 -0.8569092808 0.5124080881
vn 0.01215523287 -0.848848448 0.5284965115
vn -0.01362692823 -0.7577726382 0.6523763758
vn 0.01215522561 -0.8488484507 0.5284965073
vn 0.01993492432 -0.7596179973 0.6500639176
vn -0.01362692204 -0.7577726356 0.6523763789
vn 0.9871078576 0.1546772668 -0.04114633193
vn 0.9871078576 0.1546772668 -0.04114633193
vn 0.9871078576 0.1546772668 -0.04114633193
vn 0.9804971342 0.178645787 -0.08192101398
vn 0.9804971342 0.178645787 -0.08192101398
vn 0.9804971342 0.178645787 -0.08192101398
vn 0.9806535659 0.1573199476 -0.1164861271
vn 0.9806535659 0.1573199476 -0.1164861271
vn 0.9806535659 0.1573199476 -0.1164861271
vn 0.9927764669 0.1127023578 -0.04114687503
vn 0.9927764669 0.1127023578 -0.04114687503
vn 0.9927764669 0.1127023578 -0.04114687503
vn 0.9871222794 0.1086730002 -0.117387327
vn 0.9871222794 0.1086730002 -0.117387327
vn 0.9871222794 0.1086730002 -0.117387327
vn 0.9929350901 0.09135264088 -0.07572715392
vn 0.9929350901 0.09135264088 -0.07572715392
vn 0.9929350901 0.09135264088 -0.07572715392
vn 0.9764696695 0.108548635 -0.1863442469
vn 0.9764696695 0.108548635 -0.1863442469
vn 0.9764696695 0.108548635 -0.1863442469
vn 0.9852305765 0.09135010504 -0.1448304849
vn 0.9852305765 0.09135010504 -0.1448304849
vn 0.9852305765 0.09135010504 -0.1448304849
vn 0.996224838 0.04203436557 -0.07595514641
vn 0.996224838 0.04203436557 -0.07595514641
vn 0.996224838 0.04203436557 -0.07595514641
vn 0.9990948035 0.02477274443 -0.03458156674
vn 0.9990948035 0.02477274443 -0.03458156674
vn 0.9990948035 0.02477274443 -0.03458156674
vn 0.9943126826 0.02478711656 -0.1035755191
vn 0.9943126826 0.02478711656 -0.1035755191
vn 0.9943126826 0.02478711656 -0.1035755191
vn 0.9885005729 0.04210836809 -0.1452360238
vn 0.9885005729 0.04210836809 -0.1452360238
vn 0.9885005729 0.04210836809 -0.1452360238
vn 0.9759665979 0.04184414719 -0.2138650676
vn 0.9759665979 0.04184414719 -0.2138650676
vn 0.9759665979 0.04184414719 -0.2138650676
vn 0.9847704289 0.02482389988 -0.1720784018
vn 0.9847704289 0.02482389988 -0.1720784018
vn 0.9847704289 0.02482389988 -0.1720784018
vn 0.9563987948 0.2892041237 -0.04077155932
vn 0.9563987948 0.2892041237 -0.04077155932
vn 0.9563987948 0.2892041237 -0.04077155932
vn 0.9499919295 0.2874362582 -0.1220480702
vn 0.9499919295 0.2874362582 -0.1220480702
vn 0.9499919295 0.2874362582 -0.1220480702
vn 0.9685788644 0.2453415623 -0.04077378043
vn 0.9685788644 0.2453415623 -0.04077378043
vn 0.9685788644 0.2453415623 -0.04077378043
vn 0.9621724996 0.2435707562 -0.1220547732
vn 0.9621724996 0.2435707562 -0.1220547732
vn 0.9621724996 0.2435707562 -0.1220547732
vn 0.9718763199 0.2206956002 -0.08215759722
vn 0.9718763199 0.2206956002 -0.08215759722
vn 0.9718763199 0.2206956002 -0.08215759722
vn 0.9501560053 0.2397482256 -0.1993096936
vn 0.9501560053 0.2397482256 -0.1993096936
vn 0.9501560053 0.2397482256 -0.1993096936
vn 0.9380658005 0.2857737685 -0.1958721703
vn 0.9380658005 0.2857737685 -0.1958721703
vn 0.9380658005 0.2857737685 -0.1958721703
vn 0.9623259054 0.2222606857 -0.1566174939
vn 0.9623259054 0.2222606857 -0.1566174939
vn 0.9623259054 0.2222606857 -0.1566174939
vn 0.9484162441 0.2229916228 -0.225347208
vn 0.9484162441 0.2229916228 -0.225347208
vn 0.9484162441 0.2229916228 -0.225347208
vn 0.9718659114 0.1746833585 -0.1579948557
vn 0.9718659114 0.1746833585 -0.1579948557
vn 0.9718659114 0.1746833585 -0.1579948557
vn 0.9700005806 0.1571925929 -0.1854436906
vn 0.9700005806 0.1571925929 -0.1854436906
vn 0.9700005806 0.1571925929 -0.1854436906
vn 0.9578318364 0.1746819847 -0.2281323682
vn 0.9578318364 0.1746819847 -0.2281323682
vn 0.9578318364 0.1746819847 -0.2281323682
vn 0.9206492046 0.2863975089 -0.2652951355
vn 0.9206492046 0.2863975089 -0.2652951355
vn 0.9206492046 0.2863975089 -0.2652951355
vn 0.9327404987 0.2403735267 -0.2687298451
vn 0.9327404987 0.2403735267 -0.2687298451
vn 0.9327404987 0.2403735267 -0.2687298451
vn 0.9542652866 0.1571203518 -0.254344172
vn 0.9542652866 0.1571203518 -0.254344172
vn 0.9542652866 0.1571203518 -0.254344172
vn 0.9291737727 0.2228093284 -0.2949442375
vn 0.9291737727 0.2228093284 -0.2949442375
vn 0.9291737727 0.2228093284 -0.2949442375
vn 0.9386242282 0.1747029148 -0.2974280582
vn 0.9386242282 0.1747029148 -0.2974280582
vn 0.9386242282 0.1747029148 -0.2974280582
vn 0.933211018 0.1565684559 -0.3234246658
vn 0.933211018 0.1565684559 -0.3234246658
vn 0.933211018 0.1565684559 -0.3234246658
vn 0.9146058877 0.1734340961 -0.3652624871
vn 0.9146058877 0.1734340961 -0.3652624871
vn 0.9146058877 0.1734340961 -0.3652624871
vn 0.8984735978 0.2856968104 -0.3333504562
vn 0.8984735978 0.2856968104 -0.3333504562
vn 0.8984735978 0.2856968104 -0.3333504562
vn 0.9105671714 0.2396761454 -0.3367829741
vn 0.9105671714 0.2396761454 -0.3367829741
vn 0.9105671714 0.2396761454 -0.3367829741
vn 0.8837665178 0.2375968222 -0.4031184591
vn 0.8837665178 0.2375968222 -0.4031184591
vn 0.8837665178 0.2375968222 -0.4031184591
vn 0.8716710481 0.2836176759 -0.3996881257
vn 0.8716710481 0.2836176759 -0.3996881257
vn 0.8716710481 0.2836176759 -0.3996881257
vn 0.9050786479 0.2216076848 -0.362936186
vn 0.9050786479 0.2216076848 -0.362936186
vn 0.9050786479 0.2216076848 -0.362936186
vn 0.907865614 0.1561235083 -0.3891085673
vn 0.907865614 0.1561235083 -0.3891085673
vn 0.907865614 0.1561235083 -0.3891085673
vn 0.885811015 0.1721635815 -0.4309275426
vn 0.885811015 0.1721635815 -0.4309275426
vn 0.885811015 0.1721635815 -0.4309275426
vn 0.8770246735 0.2202870499 -0.4269676074
vn 0.8770246735 0.2202870499 -0.4269676074
vn 0.8770246735 0.2202870499 -0.4269676074
vn 0.9727397085 0.09126574002 -0.2131854219
vn 0.9727397085 0.09126574002 -0.2131854219
vn 0.9727397085 0.09126574002 -0.2131854219
vn 0.960574609 0.1087559026 -0.2558682751
vn 0.960574609 0.1087559026 -0.2558682751
vn 0.960574609 0.1087559026 -0.2558682751
vn 0.9551815076 0.09043552033 -0.2818682391
vn 0.9551815076 0.09043552033 -0.2818682391
vn 0.9551815076 0.09043552033 -0.2818682391
vn 0.939520911 0.1082040157 -0.3249497635
vn 0.939520911 0.1082040157 -0.3249497635
vn 0.939520911 0.1082040157 -0.3249497635
vn 0.9327815068 0.09089145634 -0.3487942139
vn 0.9327815068 0.09089145634 -0.3487942139
vn 0.9327815068 0.09089145634 -0.3487942139
vn 0.9138387945 0.106944408 -0.3917416895
vn 0.9138387945 0.106944408 -0.3917416895
vn 0.9138387945 0.106944408 -0.3917416895
vn 0.9583510878 0.04233131657 -0.2824380501
vn 0.9583510878 0.04233131657 -0.2824380501
vn 0.9583510878 0.04233131657 -0.2824380501
vn 0.970515727 0.02483801477 -0.2397546593
vn 0.970515727 0.02483801477 -0.2397546593
vn 0.970515727 0.02483801477 -0.2397546593
vn 0.9516123228 0.02501651794 -0.3062811796
vn 0.9516123228 0.02501651794 -0.3062811796
vn 0.9516123228 0.02501651794 -0.3062811796
vn 0.9358816051 0.04107805267 -0.3499117243
vn 0.9358816051 0.04107805267 -0.3499117243
vn 0.9358816051 0.04107805267 -0.3499117243
vn 0.9281571029 0.02503794324 -0.371345518
vn 0.9281571029 0.02503794324 -0.371345518
vn 0.9281571029 0.02503794324 -0.371345518
vn 0.9061701917 0.09085269178 -0.4130391894
vn 0.9061701917 0.09085269178 -0.4130391894
vn 0.9061701917 0.09085269178 -0.4130391894
vn 0.9092157233 0.04109131484 -0.414292496
vn 0.9092157233 0.04109131484 -0.414292496
vn 0.9092157233 0.04109131484 -0.414292496
vn 0.9002594329 0.02510091024 -0.4346296099
vn 0.9002594329 0.02510091024 -0.4346296099
vn 0.9002594329 0.02510091024 -0.4346296099
vn -0.06513581915 -0.8874307493 0.4563156695
vn -0.009171082333 -0.7714404929 0.6362353788
vn 0.005728741824 -0.7977791898 0.602922504
vn -0.009171081646 -0.7714404883 0.6362353844
vn 0.07211329873 -0.6098414681 0.7892357417
vn 0.005728742241 -0.7977791879 0.6029225065
vn -0.009171085059 -0.7714404971 0.6362353737
vn 0.05108116519 -0.5961751096 0.8012277786
vn 0.0721133009 -0.6098414609 0.789235747
vn 0.07211329719 -0.6098414589 0.7892357489
vn 0.05108115788 -0.5961751073 0.8012277808
vn 0.1034061925 -0.333370859 0.9371078005
vn -0.07732926654 -0.8707603522 0.4855889142
vn -0.01362692044 -0.7577726386 0.6523763755
vn -0.009171076183 -0.7714404973 0.6362353734
vn -0.009171075883 -0.7714404933 0.6362353784
vn -0.01362691882 -0.7577726378 0.6523763764
vn 0.05108115852 -0.5961751129 0.8012277766
vn 0.05108115715 -0.5961751053 0.8012277824
vn 0.08652661013 -0.3202425824 0.9433757651
vn 0.1034061907 -0.3333708556 0.9371078019
vn 0.1034061914 -0.3333708494 0.937107804
vn 0.08652661049 -0.3202425893 0.9433757627
vn 0.1419666325 -0.141569938 0.9796955792
vn 0.08652660255 -0.320242586 0.9433757646
vn 0.09888806464 -0.1109315371 0.9888960232
vn 0.1419666365 -0.1415699383 0.9796955786
vn 0.05108116175 -0.5961751036 0.8012277833
vn 0.05907189503 -0.3180338598 0.9462372722
vn 0.08652660689 -0.3202425841 0.9433757648
vn 0.08652660591 -0.3202425992 0.9433757598
vn 0.07219343853 -0.1312115187 0.9887222283
vn 0.09888806278 -0.110931533 0.9888960239
vn 0.8520085562 0.235747893 -0.4674444899
vn 0.8520085562 0.235747893 -0.4674444899
vn 0.8520085562 0.235747893 -0.4674444899
vn 0.8781654179 0.1559183253 -0.4522333188
vn 0.8781654179 0.1559183253 -0.4522333188
vn 0.8781654179 0.1559183253 -0.4522333188
vn 0.8531285741 0.1713919392 -0.4927437865
vn 0.8531285741 0.1713919392 -0.4927437865
vn 0.8531285741 0.1713919392 -0.4927437865
vn -0.01362691488 -0.7577726363 0.6523763782
vn 0.02026157426 -0.5869107003 0.8093981088
vn 0.05108116288 -0.5961751113 0.8012277775
vn 0.05108116317 -0.5961751117 0.8012277772
vn 0.02026157325 -0.5869107059 0.8093981047
vn 0.05907189272 -0.3180338566 0.9462372734
vn -0.01362691875 -0.7577726345 0.6523763802
vn 0.02473077947 -0.5982311627 0.8009418609
vn 0.02026158815 -0.5869107083 0.8093981026
vn -0.01362692136 -0.7577726355 0.652376379
vn 0.01993492487 -0.7596180007 0.6500639136
vn 0.02473076462 -0.5982311702 0.8009418558
vn 0.02026157814 -0.5869107103 0.8093981014
vn 0.02473078984 -0.5982311681 0.8009418565
vn 0.01841018865 -0.3082125845 0.9511393524
vn 0.8841399172 0.1067391944 -0.4548663004
vn 0.8841399172 0.1067391944 -0.4548663004
vn 0.8841399172 0.1067391944 -0.4548663004
vn 0.8751838303 0.09075000044 -0.4752027995
vn 0.8751838303 0.09075000044 -0.4752027995
vn 0.8751838303 0.09075000044 -0.4752027995
vn 0.878100135 0.04076407272 -0.4767372896
vn 0.878100135 0.04076407272 -0.4767372896
vn 0.878100135 0.04076407272 -0.4767372896
vn 0.8680538034 0.02512429315 -0.4958340089
vn 0.8680538034 0.02512429315 -0.4958340089
vn 0.8680538034 0.02512429315 -0.4958340089
vn 0.0590718892 -0.3180339104 0.9462372555
vn 0.07219343835 -0.1312115096 0.9887222296
vn 0.08652660572 -0.3202425928 0.943375762
vn 0.02026156627 -0.5869107074 0.8093981038
vn 0.01841017806 -0.3082125815 0.9511393536
vn 0.05907188068 -0.3180338596 0.9462372731
vn 0.05907187456 -0.318033902 0.9462372593
vn 0.01841017418 -0.3082126037 0.9511393465
vn 0.07219343137 -0.1312115054 0.9887222306
vn 0.01841018951 -0.3082126038 0.9511393462
vn 0.06855552612 -0.111093574 0.991442564
vn 0.07219344599 -0.1312115049 0.9887222296
vn -0.03497011666 -0.9980885726 0.05095382426
vn -0.01558397063 -0.9912857065 0.130804388
vn -0.01457203644 -0.9896089127 0.1430449425
vn 0.8412694197 0.5391889992 -0.0392554032
vn 0.8412694197 0.5391889992 -0.0392554032
vn 0.8412694197 0.5391889992 -0.0392554032
vn 0.8247768976 0.5597710264 -0.07999666966
vn 0.8247768976 0.5597710264 -0.07999666966
vn 0.8247768976 0.5597710264 -0.07999666966
vn 0.824751763 0.5597715234 -0.0802519226
vn 0.824751763 0.5597715234 -0.0802519226
vn 0.824751763 0.5597715234 -0.0802519226
vn 0.8247805276 0.5597745291 -0.07993470941
vn 0.8247805276 0.5597745291 -0.07993470941
vn 0.8247805276 0.5597745291 -0.07993470941
vn 0.8412720083 0.5391850659 -0.03925395236
vn 0.8412720083 0.5391850659 -0.03925395236
vn 0.8412720083 0.5391850659 -0.03925395236
vn -0.01558397063 -0.9912857065 0.130804388
vn -0.01424198651 -0.9896367524 0.1428854932
vn -0.01457203644 -0.9896089127 0.1430449425
vn -0.01424195911 -0.9896367519 0.1428854992
vn -0.01443853747 -0.9895961238 0.1431469189
vn -0.01457203395 -0.9896089128 0.1430449424
vn -0.01457202563 -0.9896089132 0.1430449402
vn -0.01443854127 -0.9895961238 0.1431469187
vn -0.01471940568 -0.9894498259 0.1441262681
vn 0.8247760851 0.5597707512 -0.08000697194
vn 0.8247760851 0.5597707512 -0.08000697194
vn 0.8247760851 0.5597707512 -0.08000697194
vn 0.8360298369 0.5359503126 -0.1175218029
vn 0.8360298369 0.5359503126 -0.1175218029
vn 0.8360298369 0.5359503126 -0.1175218029
vn -0.0145720262 -0.9896089142 0.1430449333
vn -0.01471943677 -0.9894498337 0.1441262112
vn -0.0188723631 -0.9879583422 0.1535648006
vn 0.8360807299 0.5358760347 -0.1174984619
vn 0.8360807299 0.5358760347 -0.1174984619
vn 0.8360807299 0.5358760347 -0.1174984619
vn 0.8166451674 0.5549371409 -0.1585416042
vn 0.8166451674 0.5549371409 -0.1585416042
vn 0.8166451674 0.5549371409 -0.1585416042
vn 0.8255407065 0.5295457224 -0.195099641
vn 0.8255407065 0.5295457224 -0.195099641
vn 0.8255407065 0.5295457224 -0.195099641
vn 0.8467917702 0.4948650633 -0.1950699028
vn 0.8467917702 0.4948650633 -0.1950699028
vn 0.8467917702 0.4948650633 -0.1950699028
vn 0.8468091155 0.4948498864 -0.1950331043
vn 0.8468091155 0.4948498864 -0.1950331043
vn 0.8468091155 0.4948498864 -0.1950331043
vn 0.8468089994 0.4948495396 -0.1950344884
vn 0.8468089994 0.4948495396 -0.1950344884
vn 0.8468089994 0.4948495396 -0.1950344884
vn 0.8468092895 0.4948538096 -0.1950223946
vn 0.8468092895 0.4948538096 -0.1950223946
vn 0.8468092895 0.4948538096 -0.1950223946
vn 0.8497017118 0.4710096086 -0.2369745757
vn 0.8497017118 0.4710096086 -0.2369745757
vn 0.8497017118 0.4710096086 -0.2369745757
vn 0.8497010366 0.471012622 -0.2369710074
vn 0.8497010366 0.471012622 -0.2369710074
vn 0.8497010366 0.471012622 -0.2369710074
vn 0.8314192599 0.4849019565 -0.2713155118
vn 0.8314192599 0.4849019565 -0.2713155118
vn 0.8314192599 0.4849019565 -0.2713155118
vn -0.03332752102 -0.9614928105 0.2728018544
vn -0.02680606259 -0.9538029363 0.29923468
vn -0.04428681003 -0.9426289801 0.3308916504
vn 0.8312242031 0.4852100834 -0.2713623022
vn 0.8312242031 0.4852100834 -0.2713623022
vn 0.8312242031 0.4852100834 -0.2713623022
vn 0.8313571496 0.4639172929 -0.3059837171
vn 0.8313571496 0.4639172929 -0.3059837171
vn 0.8313571496 0.4639172929 -0.3059837171
vn -0.02680606259 -0.9538029363 0.29923468
vn -0.02391114506 -0.9514915991 0.3067441833
vn -0.04428681003 -0.9426289801 0.3308916504
vn -0.02391113969 -0.9514915999 0.3067441812
vn -0.02623827131 -0.949959828 0.3112681775
vn -0.04428678983 -0.9426289832 0.3308916442
vn 0.831357503 0.4639154189 -0.3059855983
vn 0.831357503 0.4639154189 -0.3059855983
vn 0.831357503 0.4639154189 -0.3059855983
vn -0.02623827131 -0.949959828 0.3112681775
vn -0.03141249229 -0.9462180963 0.3220008846
vn -0.04428678983 -0.9426289832 0.3308916442
vn 0.8313625936 0.4639110973 -0.3059783192
vn 0.8313625936 0.4639110973 -0.3059783192
vn 0.8313625936 0.4639110973 -0.3059783192
vn 0.8065835846 0.4792255845 -0.3460719004
vn 0.8065835846 0.4792255845 -0.3460719004
vn 0.8065835846 0.4792255845 -0.3460719004
vn -0.04428679474 -0.9426289831 0.3308916438
vn -0.02499566631 -0.9284634791 0.3705816841
vn -0.04678459057 -0.8983242846 0.436834845
vn -0.04428679474 -0.9426289831 0.3308916438
vn -0.03141249023 -0.9462180948 0.3220008891
vn -0.02963858221 -0.9402420096 0.3392145602
vn 0.8065850626 0.4792262096 -0.3460675898
vn 0.8065850626 0.4792262096 -0.3460675898
vn 0.8065850626 0.4792262096 -0.3460675898
vn -0.04428679474 -0.9426289831 0.3308916438
vn -0.02963858221 -0.9402420096 0.3392145602
vn -0.02499566631 -0.9284634791 0.3705816841
vn 0.8084176677 0.4496520356 -0.3798340708
vn 0.8084176677 0.4496520356 -0.3798340708
vn 0.8084176677 0.4496520356 -0.3798340708
vn 0.808411128 0.4496670316 -0.3798302368
vn 0.808411128 0.4496670316 -0.3798302368
vn 0.808411128 0.4496670316 -0.3798302368
vn 0.8504514746 0.4236746664 -0.3118205676
vn 0.8504514746 0.4236746664 -0.3118205676
vn 0.8504514746 0.4236746664 -0.3118205676
vn 0.8488159474 0.4057017938 -0.3389948995
vn 0.8488159474 0.4057017938 -0.3389948995
vn 0.8488159474 0.4057017938 -0.3389948995
vn 0.8240303949 0.4210201248 -0.3790988826
vn 0.8240303949 0.4210201248 -0.3790988826
vn 0.8240303949 0.4210201248 -0.3790988826
vn 0.8084170008 0.4496541368 -0.379833003
vn 0.8084170008 0.4496541368 -0.379833003
vn 0.8084170008 0.4496541368 -0.379833003
vn -0.0249956526 -0.9284634685 0.3705817116
vn -0.02292333959 -0.9256834194 0.3776039294
vn -0.04678458383 -0.8983242788 0.4368348577
vn -0.02292333959 -0.9256834194 0.3776039294
vn -0.01588933364 -0.9168234032 0.3989766614
vn -0.04678458383 -0.8983242788 0.4368348577
vn 0.7810249928 0.4634343787 -0.4186030784
vn 0.7810249928 0.4634343787 -0.4186030784
vn 0.7810249928 0.4634343787 -0.4186030784
vn 0.7805358571 0.4321755496 -0.4516503848
vn 0.7805358571 0.4321755496 -0.4516503848
vn 0.7805358571 0.4321755496 -0.4516503848
vn 0.8235413989 0.3897609106 -0.4121480279
vn 0.8235413989 0.3897609106 -0.4121480279
vn 0.8235413989 0.3897609106 -0.4121480279
vn 0.7961485054 0.4036712227 -0.4507738916
vn 0.7961485054 0.4036712227 -0.4507738916
vn 0.7961485054 0.4036712227 -0.4507738916
vn 0.8374583898 0.3608432966 -0.4104333815
vn 0.8374583898 0.3608432966 -0.4104333815
vn 0.8374583898 0.3608432966 -0.4104333815
vn 0.8468321976 0.2989688889 -0.439878202
vn 0.8468321976 0.2989688889 -0.439878202
vn 0.8468321976 0.2989688889 -0.439878202
vn 0.8347386217 0.3278946151 -0.4423760334
vn 0.8347386217 0.3278946151 -0.4423760334
vn 0.8347386217 0.3278946151 -0.4423760334
vn 0.7805369355 0.4321733751 -0.4516506019
vn 0.7805369355 0.4321733751 -0.4516506019
vn 0.7805369355 0.4321733751 -0.4516506019
vn -0.01588933364 -0.9168234032 0.3989766614
vn 0.001637968156 -0.8949919751 0.4460792323
vn -0.04678458383 -0.8983242788 0.4368348577
vn 0.001637968644 -0.8949919746 0.4460792334
vn 0.01127851991 -0.8897800648 0.456250185
vn -0.04678458337 -0.8983242793 0.4368348566
vn -0.04678458337 -0.8983242793 0.4368348566
vn 0.01127851991 -0.8897800648 0.456250185
vn 0.01215523421 -0.8488484491 0.5284965096
vn 0.01127852088 -0.8897800648 0.456250185
vn 0.01926493372 -0.8855561415 0.4641327209
vn 0.01215523442 -0.8488484496 0.5284965089
vn 0.01926493372 -0.8855561415 0.4641327209
vn 0.02358789875 -0.8832431196 0.4683216872
vn 0.01215523442 -0.8488484496 0.5284965089
vn 0.02358789875 -0.8832431196 0.4683216872
vn 0.0261723266 -0.8819043601 0.4707012949
vn 0.01215523442 -0.8488484496 0.5284965089
vn 0.0261723266 -0.8819043601 0.4707012949
vn 0.02979447533 -0.880065541 0.4739165885
vn 0.01215523442 -0.8488484496 0.5284965089
vn 0.02979447533 -0.880065541 0.4739165885
vn 0.07703893463 -0.8395100363 0.5378549075
vn 0.01215523442 -0.8488484496 0.5284965089
vn 0.8072080938 0.3421026494 -0.4810206551
vn 0.8072080938 0.3421026494 -0.4810206551
vn 0.8072080938 0.3421026494 -0.4810206551
vn 0.8018108166 0.3068926131 -0.512753682
vn 0.8018108166 0.3068926131 -0.512753682
vn 0.8018108166 0.3068926131 -0.512753682
vn 0.0121552311 -0.8488484489 0.5284965101
vn 0.07703893022 -0.8395100334 0.5378549127
vn 0.01993491085 -0.7596180028 0.6500639116
vn 0.0770389198 -0.8395100439 0.5378548977
vn 0.0655214731 -0.7695156028 0.6352579584
vn 0.01993491972 -0.7596179921 0.6500639238
vn 0.7805454923 0.4321574097 -0.4516510907
vn 0.7805454923 0.4321574097 -0.4516510907
vn 0.7805454923 0.4321574097 -0.4516510907
vn 0.7961502976 0.4036844535 -0.4507588775
vn 0.7961502976 0.4036844535 -0.4507588775
vn 0.7961502976 0.4036844535 -0.4507588775
vn 0.7932909768 0.3710210466 -0.4827347193
vn 0.7932909768 0.3710210466 -0.4827347193
vn 0.7932909768 0.3710210466 -0.4827347193
vn 0.7932948602 0.3710191492 -0.4827297957
vn 0.7932948602 0.3710191492 -0.4827297957
vn 0.7932948602 0.3710191492 -0.4827297957
vn 0.7634283638 0.383558101 -0.5196732785
vn 0.7634283638 0.383558101 -0.5196732785
vn 0.7634283638 0.383558101 -0.5196732785
vn 0.7634548446 0.3835492213 -0.5196409291
vn 0.7634548446 0.3835492213 -0.5196409291
vn 0.7634548446 0.3835492213 -0.5196409291
vn 0.02979444618 -0.8800655378 0.4739165961
vn 0.07121795473 -0.8542991918 0.5148794944
vn 0.07703892759 -0.8395100357 0.5378549094
vn 0.07121792031 -0.8542992117 0.5148794662
vn 0.07506937111 -0.8514038548 0.5191108412
vn 0.07703891273 -0.8395100447 0.5378548974
vn 0.7634567307 0.3835544743 -0.5196342806
vn 0.7634567307 0.3835544743 -0.5196342806
vn 0.7634567307 0.3835544743 -0.5196342806
vn 0.7720540783 0.319916053 -0.5491686619
vn 0.7720540783 0.319916053 -0.5491686619
vn 0.7720540783 0.319916053 -0.5491686619
vn 0.7580579495 0.3483321509 -0.55137361
vn 0.7580579495 0.3483321509 -0.55137361
vn 0.7580579495 0.3483321509 -0.55137361
vn 0.7580573023 0.3483358828 -0.5513721421
vn 0.7580573023 0.3483358828 -0.5513721421
vn 0.7580573023 0.3483358828 -0.5513721421
vn 0.07703890851 -0.8395100424 0.5378549017
vn 0.08861272297 -0.8261673307 0.5564129105
vn 0.06552148288 -0.7695156045 0.6352579553
vn 0.07506937111 -0.8514038548 0.5191108412
vn 0.08774674131 -0.8420728497 0.5321783772
vn 0.07703891273 -0.8395100447 0.5378548974
vn 0.07703890851 -0.8395100424 0.5378549017
vn 0.08774674788 -0.8420728526 0.5321783716
vn 0.08788089313 -0.838778647 0.5373335369
vn 0.07703890851 -0.8395100424 0.5378549017
vn 0.08788089313 -0.838778647 0.5373335369
vn 0.08861272297 -0.8261673307 0.5564129105
vn 0.7580576833 0.3483341437 -0.551372717
vn 0.7580576833 0.3483341437 -0.551372717
vn 0.7580576833 0.3483341437 -0.551372717
vn 0.7254275331 0.3608070302 -0.5861511589
vn 0.7254275331 0.3608070302 -0.5861511589
vn 0.7254275331 0.3608070302 -0.5861511589
vn 0.7254248993 0.3608044768 -0.5861559903
vn 0.7254248993 0.3608044768 -0.5861559903
vn 0.7254248993 0.3608044768 -0.5861559903
vn 0.7174579998 0.3232410963 -0.6170649983
vn 0.7174579998 0.3232410963 -0.6170649983
vn 0.7174579998 0.3232410963 -0.6170649983
vn 0.08861270469 -0.8261673373 0.5564129037
vn 0.09088252664 -0.8197326316 0.5654898575
vn 0.06552147823 -0.7695156063 0.6352579536
vn 0.09088252664 -0.8197326316 0.5654898575
vn 0.09721075263 -0.803263507 0.58763748
vn 0.06552147823 -0.7695156063 0.6352579536
vn 0.09721075263 -0.803263507 0.58763748
vn 0.09741013499 -0.7698324862 0.6307687443
vn 0.06552147823 -0.7695156063 0.6352579536
vn 0.7174572846 0.3232436806 -0.6170644762
vn 0.7174572846 0.3232436806 -0.6170644762
vn 0.7174572846 0.3232436806 -0.6170644762
vn 0.0972107554 -0.8032635039 0.5876374837
vn 0.1068768045 -0.7769396863 0.6204370013
vn 0.09741013779 -0.7698324826 0.6307687483
vn 0.1068768045 -0.7769396863 0.6204370013
vn 0.1078608184 -0.7743559873 0.6234892531
vn 0.09741013779 -0.7698324826 0.6307687483
vn 0.7174565346 0.3232446251 -0.6170648534
vn 0.7174565346 0.3232446251 -0.6170648534
vn 0.7174565346 0.3232446251 -0.6170648534
vn 0.6835916019 0.3342029069 -0.6488535573
vn 0.6835916019 0.3342029069 -0.6488535573
vn 0.6835916019 0.3342029069 -0.6488535573
vn 0.6725262252 0.2964075707 -0.6781231661
vn 0.6725262252 0.2964075707 -0.6781231661
vn 0.6725262252 0.2964075707 -0.6781231661
vn 0.8414339608 0.2637601184 -0.471613708
vn 0.8414339608 0.2637601184 -0.471613708
vn 0.8414339608 0.2637601184 -0.471613708
vn 0.8146420685 0.2775009798 -0.509265654
vn 0.8146420685 0.2775009798 -0.509265654
vn 0.8146420685 0.2775009798 -0.509265654
vn 0.8064012053 0.2403083074 -0.5403415712
vn 0.8064012053 0.2403083074 -0.5403415712
vn 0.8064012053 0.2403083074 -0.5403415712
vn 0.844734474 0.1975507779 -0.4973905493
vn 0.844734474 0.1975507779 -0.4973905493
vn 0.844734474 0.1975507779 -0.4973905493
vn 0.8169734201 0.2122985483 -0.5361751181
vn 0.8169734201 0.2122985483 -0.5361751181
vn 0.8169734201 0.2122985483 -0.5361751181
vn 0.8068929128 0.1730404353 -0.5647838834
vn 0.8068929128 0.1730404353 -0.5647838834
vn 0.8068929128 0.1730404353 -0.5647838834
vn 0.763922397 0.2826726329 -0.5801023651
vn 0.763922397 0.2826726329 -0.5801023651
vn 0.763922397 0.2826726329 -0.5801023651
vn 0.7766426538 0.2533327016 -0.5767570811
vn 0.7766426538 0.2533327016 -0.5767570811
vn 0.7766426538 0.2533327016 -0.5767570811
vn 0.7314555165 0.2948228209 -0.6148596033
vn 0.7314555165 0.2948228209 -0.6148596033
vn 0.7314555165 0.2948228209 -0.6148596033
vn 0.7335742775 0.2273972043 -0.6404367969
vn 0.7335742775 0.2273972043 -0.6404367969
vn 0.7335742775 0.2273972043 -0.6404367969
vn 0.7660861414 0.2153929114 -0.6055723884
vn 0.7660861414 0.2153929114 -0.6055723884
vn 0.7660861414 0.2153929114 -0.6055723884
vn 0.7766574166 0.1873812221 -0.6014079604
vn 0.7766574166 0.1873812221 -0.6014079604
vn 0.7766574166 0.1873812221 -0.6014079604
vn 0.7637185922 0.1474813299 -0.6284768645
vn 0.7637185922 0.1474813299 -0.6284768645
vn 0.7637185922 0.1474813299 -0.6284768645
vn 0.01993491911 -0.7596179971 0.650063918
vn 0.06552147333 -0.7695156011 0.6352579603
vn 0.02473075288 -0.5982311611 0.8009418629
vn 0.06552146261 -0.7695155999 0.6352579629
vn 0.09899032514 -0.6118612642 0.7847462704
vn 0.02473071902 -0.5982311546 0.8009418688
vn 0.02473072407 -0.5982311686 0.8009418582
vn 0.09899032569 -0.6118612616 0.7847462723
vn 0.1263128604 -0.3048350285 0.9439918785
vn 0.06552147864 -0.7695156049 0.6352579552
vn 0.09741014055 -0.7698324771 0.6307687546
vn 0.09899033227 -0.6118612669 0.7847462674
vn 0.0974101615 -0.7698324689 0.6307687614
vn 0.1468999094 -0.6001457466 0.7862858891
vn 0.09899032978 -0.6118612681 0.7847462668
vn 0.7313240758 0.1611630869 -0.66271529
vn 0.7313240758 0.1611630869 -0.66271529
vn 0.7313240758 0.1611630869 -0.66271529
vn 0.09899033048 -0.6118612651 0.784746269
vn 0.1468999083 -0.6001457515 0.7862858856
vn 0.1757197631 -0.3322412951 0.9266813296
vn 0.8430489072 0.1321354527 -0.5213528194
vn 0.8430489072 0.1321354527 -0.5213528194
vn 0.8430489072 0.1321354527 -0.5213528194
vn 0.8500827127 0.1062633561 -0.5158172939
vn 0.8500827127 0.1062633561 -0.5158172939
vn 0.8500827127 0.1062633561 -0.5158172939
vn 0.8153157278 0.1470044184 -0.5600446097
vn 0.8153157278 0.1470044184 -0.5600446097
vn 0.8153157278 0.1470044184 -0.5600446097
vn 0.8024756347 0.1070618663 -0.5870013735
vn 0.8024756347 0.1070618663 -0.5870013735
vn 0.8024756347 0.1070618663 -0.5870013735
vn 0.80950972 0.0811874511 -0.5814659156
vn 0.80950972 0.0811874511 -0.5814659156
vn 0.80950972 0.0811874511 -0.5814659156
vn 0.8373357988 0.06595786323 -0.5426954214
vn 0.8373357988 0.06595786323 -0.5426954214
vn 0.8373357988 0.06595786323 -0.5426954214
vn 0.8429292484 0.04065212391 -0.5364864276
vn 0.8429292484 0.04065212391 -0.5364864276
vn 0.8429292484 0.04065212391 -0.5364864276
vn 0.7939959667 0.04057199432 -0.6065676534
vn 0.7939959667 0.04057199432 -0.6065676534
vn 0.7939959667 0.04057199432 -0.6065676534
vn 0.7722397692 0.1214014808 -0.6236244217
vn 0.7722397692 0.1214014808 -0.6236244217
vn 0.7722397692 0.1214014808 -0.6236244217
vn 0.7567650383 0.08088804658 -0.6486630872
vn 0.7567650383 0.08088804658 -0.6486630872
vn 0.7567650383 0.08088804658 -0.6486630872
vn 0.7770795088 0.04057169547 -0.6280934441
vn 0.7770795088 0.04057169547 -0.6280934441
vn 0.7770795088 0.04057169547 -0.6280934441
vn 0.02473069854 -0.5982311693 0.8009418584
vn 0.1263128377 -0.3048350378 0.9439918785
vn 0.01841023119 -0.3082125836 0.9511393519
vn 0.01841023618 -0.3082126074 0.9511393441
vn 0.1263128361 -0.3048350609 0.9439918713
vn 0.06855549496 -0.1110935717 0.9914425664
vn 0.1263128834 -0.3048350548 0.9439918669
vn 0.1087920695 -0.1115677646 0.9877838425
vn 0.06855551387 -0.1110935688 0.9914425654
vn 0.7383304513 0.08101522336 -0.6695555827
vn 0.7383304513 0.08101522336 -0.6695555827
vn 0.7383304513 0.08101522336 -0.6695555827
vn 0.0989903304 -0.6118612601 0.7847462729
vn 0.1757197637 -0.3322413082 0.9266813248
vn 0.1263128758 -0.3048350191 0.9439918795
vn 0.1263128753 -0.3048350356 0.9439918742
vn 0.1757197611 -0.3322413368 0.9266813151
vn 0.1087920794 -0.1115677891 0.9877838386
vn 0.1757197589 -0.3322413455 0.9266813124
vn 0.1511852946 -0.1597309069 0.9755147585
vn 0.1087920713 -0.1115678125 0.9877838369
vn 0.7208981658 0.2568842888 -0.6436740609
vn 0.7208981658 0.2568842888 -0.6436740609
vn 0.7208981658 0.2568842888 -0.6436740609
vn 0.1078608184 -0.7743559873 0.6234892531
vn 0.1102787195 -0.768575901 0.6301822661
vn 0.09741013779 -0.7698324826 0.6307687483
vn 0.09741014547 -0.769832474 0.6307687576
vn 0.1102787239 -0.7685758962 0.6301822711
vn 0.111368339 -0.7662775965 0.6327841166
vn 0.6870449375 0.2678351369 -0.6754506594
vn 0.6870449375 0.2678351369 -0.6754506594
vn 0.6870449375 0.2678351369 -0.6754506594
vn 0.6725224721 0.2964157667 -0.6781233058
vn 0.6725224721 0.2964157667 -0.6781233058
vn 0.6725224721 0.2964157667 -0.6781233058
vn 0.09741014547 -0.769832474 0.6307687576
vn 0.1387919791 -0.7048071754 0.6956893215
vn 0.1468999144 -0.6001457444 0.7862858899
vn 0.09741014547 -0.769832474 0.6307687576
vn 0.111368339 -0.7662775965 0.6327841166
vn 0.1387919791 -0.7048071754 0.6956893215
vn 0.6870425574 0.2678354216 -0.6754529675
vn 0.6870425574 0.2678354216 -0.6754529675
vn 0.6870425574 0.2678354216 -0.6754529675
vn 0.6870431637 0.2678362226 -0.6754520332
vn 0.6870431637 0.2678362226 -0.6754520332
vn 0.6870431637 0.2678362226 -0.6754520332
vn 0.1387919848 -0.7048071731 0.6956893227
vn 0.1429329879 -0.6881228953 0.7113768635
vn 0.1468999217 -0.600145741 0.7862858911
vn 0.6739343906 0.2285108343 -0.7025633323
vn 0.6739343906 0.2285108343 -0.7025633323
vn 0.6739343906 0.2285108343 -0.7025633323
vn 0.1429329879 -0.6881228953 0.7113768635
vn 0.1597567485 -0.616147712 0.7712585677
vn 0.1468999217 -0.600145741 0.7862858911
vn 0.7207548869 0.1891740955 -0.666877466
vn 0.7207548869 0.1891740955 -0.666877466
vn 0.7207548869 0.1891740955 -0.666877466
vn 0.6868991813 0.2001227565 -0.6986561365
vn 0.6868991813 0.2001227565 -0.6986561365
vn 0.6868991813 0.2001227565 -0.6986561365
vn 0.1468999217 -0.600145741 0.7862858911
vn 0.1597567485 -0.616147712 0.7712585677
vn 0.1619177238 -0.6062368849 0.7786266692
vn 0.1468999217 -0.600145741 0.7862858911
vn 0.1619177238 -0.6062368849 0.7786266692
vn 0.1623987125 -0.6029829057 0.7810494694
vn 0.1468999209 -0.6001457456 0.7862858877
vn 0.1623987133 -0.6029829009 0.7810494729
vn 0.1934798282 -0.3297421855 0.924032276
vn 0.6715479663 0.1599328404 -0.7234948622
vn 0.6715479663 0.1599328404 -0.7234948622
vn 0.6715479663 0.1599328404 -0.7234948622
vn 0.6739322324 0.2285127045 -0.7025647942
vn 0.6739322324 0.2285127045 -0.7025647942
vn 0.6739322324 0.2285127045 -0.7025647942
vn 0.6392650837 0.2383578914 -0.7311126236
vn 0.6392650837 0.2383578914 -0.7311126236
vn 0.6392650837 0.2383578914 -0.7311126236
vn 0.1619177021 -0.6062368853 0.7786266735
vn 0.1622718781 -0.6030150952 0.7810509795
vn 0.1623986994 -0.602982906 0.7810494719
vn 0.1623986983 -0.6029829017 0.7810494754
vn 0.1622718779 -0.6030150891 0.7810509842
vn 0.1626524231 -0.5980656591 0.784768537
vn 0.6392870812 0.2383606626 -0.7310924855
vn 0.6392870812 0.2383606626 -0.7310924855
vn 0.6392870812 0.2383606626 -0.7310924855
vn 0.6392549271 0.2383492735 -0.7311243136
vn 0.6392549271 0.2383492735 -0.7311243136
vn 0.6392549271 0.2383492735 -0.7311243136
vn 0.6392696027 0.2383587933 -0.7311083782
vn 0.6392696027 0.2383587933 -0.7311083782
vn 0.6392696027 0.2383587933 -0.7311083782
vn 0.6239251164 0.1981862534 -0.7559362791
vn 0.6239251164 0.1981862534 -0.7559362791
vn 0.6239251164 0.1981862534 -0.7559362791
vn 0.1623986919 -0.6029829017 0.7810494768
vn 0.1626524092 -0.598065659 0.7847685399
vn 0.1934798394 -0.3297421849 0.9240322739
vn 0.1626524092 -0.598065659 0.7847685399
vn 0.1638961439 -0.5878118491 0.7922217392
vn 0.1934798394 -0.3297421849 0.9240322739
vn 0.1638961439 -0.5878118491 0.7922217392
vn 0.1673570896 -0.5539646596 0.8155456827
vn 0.1934798394 -0.3297421849 0.9240322739
vn 0.6480642384 0.1608115677 -0.7444141203
vn 0.6480642384 0.1608115677 -0.7444141203
vn 0.6480642384 0.1608115677 -0.7444141203
vn 0.6480729221 0.1608038278 -0.7444082325
vn 0.6480729221 0.1608038278 -0.7444082325
vn 0.6480729221 0.1608038278 -0.7444082325
vn 0.1673570896 -0.5539646596 0.8155456827
vn 0.1762570922 -0.4354269293 0.8828005588
vn 0.1934798394 -0.3297421849 0.9240322739
vn 0.7158623209 0.1206837012 -0.6877329291
vn 0.7158623209 0.1206837012 -0.6877329291
vn 0.7158623209 0.1206837012 -0.6877329291
vn 0.6945914654 0.1206796975 -0.7092101993
vn 0.6945914654 0.1206796975 -0.7092101993
vn 0.6945914654 0.1206796975 -0.7092101993
vn 0.6776813762 0.08106973324 -0.7308732111
vn 0.6776813762 0.08106973324 -0.7308732111
vn 0.6776813762 0.08106973324 -0.7308732111
vn 0.1468999202 -0.6001457461 0.7862858875
vn 0.1934798279 -0.3297421848 0.9240322764
vn 0.1757197497 -0.332241302 0.9266813297
vn 0.7204833586 0.04031659871 -0.6922992863
vn 0.7204833586 0.04031659871 -0.6922992863
vn 0.7204833586 0.04031659871 -0.6922992863
vn 0.6992136943 0.04031522035 -0.7137750995
vn 0.6992136943 0.04031522035 -0.7137750995
vn 0.6992136943 0.04031522035 -0.7137750995
vn 0.175719747 -0.3322413215 0.9266813232
vn 0.1934798319 -0.3297421462 0.9240322893
vn 0.1511852763 -0.1597308687 0.9755147676
vn 0.1934798203 -0.3297421498 0.9240322905
vn 0.2261024718 -0.1187709385 0.9668356305
vn 0.1511853148 -0.1597308441 0.9755147657
vn 0.653682838 0.0809147559 -0.7524304284
vn 0.653682838 0.0809147559 -0.7524304284
vn 0.653682838 0.0809147559 -0.7524304284
vn 0.6306379023 0.1201645705 -0.766717883
vn 0.6306379023 0.1201645705 -0.766717883
vn 0.6306379023 0.1201645705 -0.766717883
vn 0.6306374032 0.1201678263 -0.7667177833
vn 0.6306374032 0.1201678263 -0.7667177833
vn 0.6306374032 0.1201678263 -0.7667177833
vn 0.1762570922 -0.4354269293 0.8828005588
vn 0.1797068983 -0.3455853692 0.9210191004
vn 0.1934798394 -0.3297421849 0.9240322739
vn 0.1797068983 -0.3455853692 0.9210191004
vn 0.1800439105 -0.3310935512 0.9262619773
vn 0.1934798394 -0.3297421849 0.9240322739
vn 0.1934798421 -0.3297421431 0.9240322883
vn 0.1800439145 -0.3310935035 0.9262619936
vn 0.1807163579 -0.2855777775 0.9411625423
vn 0.1934798421 -0.3297421431 0.9240322883
vn 0.1807163579 -0.2855777775 0.9411625423
vn 0.1806647169 -0.2727737475 0.9449628261
vn 0.1934798421 -0.3297421431 0.9240322883
vn 0.1806647169 -0.2727737475 0.9449628261
vn 0.1796365814 -0.2224329275 0.958255859
vn 0.6054481979 0.1207588487 -0.786670058
vn 0.6054481979 0.1207588487 -0.786670058
vn 0.6054481979 0.1207588487 -0.786670058
vn 0.6054451152 0.1207584906 -0.7866724855
vn 0.6054451152 0.1207584906 -0.7866724855
vn 0.6054451152 0.1207584906 -0.7866724855
vn 0.5864488786 0.07985334316 -0.8060404186
vn 0.5864488786 0.07985334316 -0.8060404186
vn 0.5864488786 0.07985334316 -0.8060404186
vn 0.1934798517 -0.3297421377 0.9240322882
vn 0.1796366045 -0.222432916 0.9582558574
vn 0.2261026194 -0.1187708728 0.9668356041
vn 0.634349088 0.0405981545 -0.7719799379
vn 0.634349088 0.0405981545 -0.7719799379
vn 0.634349088 0.0405981545 -0.7719799379
vn 0.6094958612 0.04059908279 -0.7917490194
vn 0.6094958612 0.04059908279 -0.7917490194
vn 0.6094958612 0.04059908279 -0.7917490194
vn 0.6094972212 0.04059854592 -0.791748
vn 0.6094972212 0.04059854592 -0.791748
vn 0.6094972212 0.04059854592 -0.791748
vn 0.1796366045 -0.222432916 0.9582558574
vn 0.1881253703 -0.1487335692 0.9708177844
vn 0.2261026194 -0.1187708728 0.9668356041
vn 0.6094947988 0.04059790018 -0.7917498978
vn 0.6094947988 0.04059790018 -0.7917498978
vn 0.6094947988 0.04059790018 -0.7917498978
vn 0.5876066542 2.162304417e-07 -0.8091467234
vn 0.5876066542 2.162304417e-07 -0.8091467234
vn 0.5876066542 2.162304417e-07 -0.8091467234
vn 0.1881253703 -0.1487335692 0.9708177844
vn 0.1896600263 -0.1289228545 0.973348844
vn 0.2261026194 -0.1187708728 0.9668356041
vn 0.1262781356 0.1217361639 -0.9844968963
vn 0.1266258707 0.278002091 -0.9521978399
vn 0.1325726369 0.2645209557 -0.9552241412
vn 0.1262781506 0.1217361589 -0.984496895
vn 0.1325726394 0.2645209548 -0.9552241411
vn 0.156313061 0.09758561682 -0.9828750044
vn 0.1266258834 0.2780021526 -0.9521978202
vn 0.09661002276 0.5422178053 -0.8346654151
vn 0.08173381536 0.5090080746 -0.8568724312
vn 0.1266258627 0.2780021249 -0.9521978311
vn 0.08173383136 0.5090080963 -0.8568724168
vn 0.1325726344 0.2645209643 -0.9552241392
vn 0.09661002928 0.5422178207 -0.8346654043
vn 0.01201993585 0.6480512877 -0.7615018383
vn 0.08173382162 0.5090080806 -0.8568724271
vn 0.156313029 0.09758563434 -0.9828750078
vn 0.1393355634 0.2374119909 -0.9613642116
vn 0.1513271252 0.0910968027 -0.9842771326
vn 0.15631304 0.09758560672 -0.9828750088
vn 0.1325726363 0.2645209533 -0.9552241419
vn 0.1393355667 0.2374119835 -0.961364213
vn 0.1325726353 0.2645209589 -0.9552241405
vn 0.08173383749 0.5090080685 -0.8568724328
vn 0.093838207 0.4688469877 -0.878280646
vn 0.09661001439 0.5422178133 -0.8346654108
vn 0.04065501264 0.6810631211 -0.7310952025
vn 0.01201992379 0.6480512785 -0.7615018463
vn 0.04065499611 0.6810631245 -0.7310952002
vn -0.02396670477 0.7468216798 -0.6645923379
vn -0.01931047547 0.7122260724 -0.7016844927
vn 0.04065501229 0.6810631219 -0.7310952017
vn -0.01931049145 0.7122260746 -0.70168449
vn 0.01201991901 0.6480512905 -0.7615018361
vn -0.02396670439 0.7468216793 -0.6645923385
vn -0.08909319175 0.7903495517 -0.6061435386
vn -0.01931047542 0.7122260715 -0.7016844936
vn -0.02396668665 0.7468216543 -0.6645923672
vn -0.07386634682 0.7972807044 -0.5990719833
vn -0.08909319849 0.7903495601 -0.6061435266
vn 0.08173384543 0.5090080851 -0.8568724222
vn 0.01201996511 0.6480512934 -0.7615018329
vn 0.02787313155 0.6309681947 -0.7753078265
vn 0.01201996879 0.6480513172 -0.7615018127
vn -0.01931046785 0.7122260867 -0.7016844784
vn 0.007978783973 0.713212933 -0.7009020269
vn -0.01931043282 0.7122260756 -0.7016844906
vn -0.08909317451 0.790349554 -0.606143538
vn 0.01939435383 0.7713370085 -0.6361313373
vn 0.1513271396 0.09109679904 -0.9842771307
vn 0.1393355698 0.2374119893 -0.9613642111
vn 0.1590262126 0.2315865851 -0.9597282518
vn 0.132572635 0.2645209598 -0.9552241403
vn 0.09383821308 0.4688469641 -0.8782806579
vn 0.1393355634 0.2374120026 -0.9613642087
vn 0.08173383986 0.5090080744 -0.856872429
vn 0.02787313107 0.6309681869 -0.7753078329
vn 0.09383820651 0.4688469761 -0.8782806522
vn 0.1393355731 0.2374120037 -0.961364207
vn 0.09383818517 0.4688469607 -0.8782806627
vn 0.1375870327 0.4595874353 -0.877410507
vn 0.1513271418 0.09109679943 -0.9842771303
vn 0.1590262102 0.2315865846 -0.9597282523
vn 0.1753023063 0.07856849991 -0.9813745932
vn 0.1393355683 0.2374120068 -0.961364207
vn 0.1375870451 0.4595874282 -0.8774105088
vn 0.1590262115 0.2315866026 -0.9597282478
vn 0.8680538034 -0.02512429315 0.4958340089
vn 0.8680538034 -0.02512429315 0.4958340089
vn 0.8680538034 -0.02512429315 0.4958340089
vn 0.9002594329 -0.02510091024 0.4346296099
vn 0.9002594329 -0.02510091024 0.4346296099
vn 0.9002594329 -0.02510091024 0.4346296099
vn 0.9092157233 -0.04109131484 0.414292496
vn 0.9092157233 -0.04109131484 0.414292496
vn 0.9092157233 -0.04109131484 0.414292496
vn 0.878100135 -0.04076407272 0.4767372896
vn 0.878100135 -0.04076407272 0.4767372896
vn 0.878100135 -0.04076407272 0.4767372896
vn 0.8841399172 -0.1067391944 0.4548663004
vn 0.8841399172 -0.1067391944 0.4548663004
vn 0.8841399172 -0.1067391944 0.4548663004
vn 0.9061701917 -0.09085269178 0.4130391894
vn 0.9061701917 -0.09085269178 0.4130391894
vn 0.9061701917 -0.09085269178 0.4130391894
vn 0.8751838303 -0.09075000044 0.4752027995
vn 0.8751838303 -0.09075000044 0.4752027995
vn 0.8751838303 -0.09075000044 0.4752027995
vn 0.0938381378 0.4688469777 -0.8782806587
vn 0.02787318428 0.6309681862 -0.7753078315
vn 0.1296738468 0.6015413686 -0.7882465828
vn 0.01201995595 0.6480513019 -0.7615018258
vn 0.007978781004 0.7132129295 -0.7009020304
vn 0.02787314109 0.6309681873 -0.7753078321
vn -0.01931047116 0.7122260871 -0.701684478
vn 0.01939428594 0.7713370281 -0.6361313156
vn 0.007978779415 0.7132129336 -0.7009020263
vn 0.09383819083 0.4688469503 -0.8782806676
vn 0.1296738065 0.6015413878 -0.7882465748
vn 0.1375870345 0.4595874319 -0.8774105085
vn 0.02787318527 0.6309681858 -0.7753078318
vn 0.08373492288 0.7249633055 -0.6836787757
vn 0.1296738429 0.6015413762 -0.7882465776
vn 0.02787317509 0.6309682014 -0.7753078195
vn 0.007978789342 0.713212933 -0.7009020268
vn 0.08373490209 0.7249633353 -0.6836787467
vn 0.007978784847 0.7132129342 -0.7009020256
vn 0.1059816646 0.788482579 -0.6058573342
vn 0.08373489234 0.7249633396 -0.6836787433
vn 0.885811015 -0.1721635815 0.4309275426
vn 0.885811015 -0.1721635815 0.4309275426
vn 0.885811015 -0.1721635815 0.4309275426
vn 0.8781654179 -0.1559183253 0.4522333188
vn 0.8781654179 -0.1559183253 0.4522333188
vn 0.8781654179 -0.1559183253 0.4522333188
vn 0.8531285741 -0.1713919392 0.4927437865
vn 0.8531285741 -0.1713919392 0.4927437865
vn 0.8531285741 -0.1713919392 0.4927437865
vn 0.8770246735 -0.2202870499 0.4269676074
vn 0.8770246735 -0.2202870499 0.4269676074
vn 0.8770246735 -0.2202870499 0.4269676074
vn 0.007978787229 0.7132129365 -0.7009020233
vn 0.0193943391 0.7713370436 -0.6361312952
vn 0.1059816692 0.7884825801 -0.6058573319
vn 0.8837664886 -0.2375967429 0.4031185699
vn 0.8837664886 -0.2375967429 0.4031185699
vn 0.8837664886 -0.2375967429 0.4031185699
vn 0.8520085562 -0.235747893 0.4674444899
vn 0.8520085562 -0.235747893 0.4674444899
vn 0.8520085562 -0.235747893 0.4674444899
vn 0.8716709889 -0.2836177151 0.3996882271
vn 0.8716709889 -0.2836177151 0.3996882271
vn 0.8716709889 -0.2836177151 0.3996882271
vn 0.9759665919 -0.04184412679 0.2138650988
vn 0.9759665919 -0.04184412679 0.2138650988
vn 0.9759665919 -0.04184412679 0.2138650988
vn 0.9764696664 -0.1085486636 0.1863442465
vn 0.9764696664 -0.1085486636 0.1863442465
vn 0.9764696664 -0.1085486636 0.1863442465
vn 0.9847704249 -0.02482388351 0.1720784271
vn 0.9847704249 -0.02482388351 0.1720784271
vn 0.9847704249 -0.02482388351 0.1720784271
vn 0.9943126839 -0.02478712618 0.1035755037
vn 0.9943126839 -0.02478712618 0.1035755037
vn 0.9943126839 -0.02478712618 0.1035755037
vn 0.9885005755 -0.04210838171 0.1452360026
vn 0.9885005755 -0.04210838171 0.1452360026
vn 0.9885005755 -0.04210838171 0.1452360026
vn 0.9990948034 -0.02477274483 0.03458156931
vn 0.9990948034 -0.02477274483 0.03458156931
vn 0.9990948034 -0.02477274483 0.03458156931
vn 0.9962248379 -0.04203436469 0.07595514782
vn 0.9962248379 -0.04203436469 0.07595514782
vn 0.9962248379 -0.04203436469 0.07595514782
vn 0.9989350777 -0.04613795125 0
vn 0.9989350777 -0.04613795125 0
vn 0.9989350777 -0.04613795125 0
vn 0.9852305784 -0.09135011854 0.1448304636
vn 0.9852305784 -0.09135011854 0.1448304636
vn 0.9852305784 -0.09135011854 0.1448304636
vn 0.9929350899 -0.09135264146 0.07572715532
vn 0.9929350899 -0.09135264146 0.07572715532
vn 0.9929350899 -0.09135264146 0.07572715532
vn 0.9871222794 -0.1086730002 0.117387327
vn 0.9871222794 -0.1086730002 0.117387327
vn 0.9871222794 -0.1086730002 0.117387327
vn 0.9961570518 -0.08758497649 0
vn 0.9961570518 -0.08758497649 0
vn 0.9961570518 -0.08758497649 0
vn 0.9927764669 -0.1127023571 0.0411468776
vn 0.9927764669 -0.1127023571 0.0411468776
vn 0.9927764669 -0.1127023571 0.0411468776
vn 0.9806535659 -0.1573199476 0.1164861271
vn 0.9806535659 -0.1573199476 0.1164861271
vn 0.9806535659 -0.1573199476 0.1164861271
vn 0.9804971344 -0.1786457846 0.08192101782
vn 0.9804971344 -0.1786457846 0.08192101782
vn 0.9804971344 -0.1786457846 0.08192101782
vn 0.9871078576 -0.154677266 0.04114633451
vn 0.9871078576 -0.154677266 0.04114633451
vn 0.9871078576 -0.154677266 0.04114633451
vn 0.9837653262 -0.1794596972 0
vn 0.9837653262 -0.1794596972 0
vn 0.9837653262 -0.1794596972 0
vn 0.9516123228 -0.02501651794 0.3062811796
vn 0.9516123228 -0.02501651794 0.3062811796
vn 0.9516123228 -0.02501651794 0.3062811796
vn 0.9281571029 -0.02503794324 0.371345518
vn 0.9281571029 -0.02503794324 0.371345518
vn 0.9281571029 -0.02503794324 0.371345518
vn 0.9358816051 -0.04107805267 0.3499117243
vn 0.9358816051 -0.04107805267 0.3499117243
vn 0.9358816051 -0.04107805267 0.3499117243
vn 0.970515727 -0.02483801477 0.2397546593
vn 0.970515727 -0.02483801477 0.2397546593
vn 0.970515727 -0.02483801477 0.2397546593
vn 0.9583510878 -0.04233131657 0.2824380501
vn 0.9583510878 -0.04233131657 0.2824380501
vn 0.9583510878 -0.04233131657 0.2824380501
vn 0.9327815068 -0.09089145634 0.3487942139
vn 0.9327815068 -0.09089145634 0.3487942139
vn 0.9327815068 -0.09089145634 0.3487942139
vn 0.9138387945 -0.106944408 0.3917416895
vn 0.9138387945 -0.106944408 0.3917416895
vn 0.9138387945 -0.106944408 0.3917416895
vn 0.939520911 -0.1082040157 0.3249497635
vn 0.939520911 -0.1082040157 0.3249497635
vn 0.939520911 -0.1082040157 0.3249497635
vn 0.9551815076 -0.09043552033 0.2818682391
vn 0.9551815076 -0.09043552033 0.2818682391
vn 0.9551815076 -0.09043552033 0.2818682391
vn 0.9727397006 -0.09126575261 0.2131854527
vn 0.9727397006 -0.09126575261 0.2131854527
vn 0.9727397006 -0.09126575261 0.2131854527
vn 0.960574609 -0.1087559026 0.2558682751
vn 0.960574609 -0.1087559026 0.2558682751
vn 0.960574609 -0.1087559026 0.2558682751
vn 0.9146058613 -0.1734340241 0.3652625874
vn 0.9146058613 -0.1734340241 0.3652625874
vn 0.9146058613 -0.1734340241 0.3652625874
vn 0.9332110331 -0.156568358 0.3234246697
vn 0.9332110331 -0.156568358 0.3234246697
vn 0.9332110331 -0.156568358 0.3234246697
vn 0.9386242593 -0.1747028826 0.2974279789
vn 0.9386242593 -0.1747028826 0.2974279789
vn 0.9386242593 -0.1747028826 0.2974279789
vn 0.9291737856 -0.222809385 0.2949441542
vn 0.9291737856 -0.222809385 0.2949441542
vn 0.9291737856 -0.222809385 0.2949441542
vn 0.9542652866 -0.1571203518 0.254344172
vn 0.9542652866 -0.1571203518 0.254344172
vn 0.9542652866 -0.1571203518 0.254344172
vn 0.9700005806 -0.1571925929 0.1854436906
vn 0.9700005806 -0.1571925929 0.1854436906
vn 0.9700005806 -0.1571925929 0.1854436906
vn 0.9578318364 -0.1746819847 0.2281323682
vn 0.9578318364 -0.1746819847 0.2281323682
vn 0.9578318364 -0.1746819847 0.2281323682
vn 0.9484162441 -0.2229916228 0.225347208
vn 0.9484162441 -0.2229916228 0.225347208
vn 0.9484162441 -0.2229916228 0.225347208
vn 0.9501560038 -0.2397482069 0.199309723
vn 0.9501560038 -0.2397482069 0.199309723
vn 0.9501560038 -0.2397482069 0.199309723
vn 0.9327404987 -0.2403735267 0.2687298451
vn 0.9327404987 -0.2403735267 0.2687298451
vn 0.9327404987 -0.2403735267 0.2687298451
vn 0.920649228 -0.2863974277 0.2652951421
vn 0.920649228 -0.2863974277 0.2652951421
vn 0.920649228 -0.2863974277 0.2652951421
vn 0.9380657914 -0.2857737803 0.195872197
vn 0.9380657914 -0.2857737803 0.195872197
vn 0.9380657914 -0.2857737803 0.195872197
vn 0.907865614 -0.1561235083 0.3891085673
vn 0.907865614 -0.1561235083 0.3891085673
vn 0.907865614 -0.1561235083 0.3891085673
vn 0.9050786248 -0.2216076141 0.3629362869
vn 0.9050786248 -0.2216076141 0.3629362869
vn 0.9050786248 -0.2216076141 0.3629362869
vn 0.9105671896 -0.2396762103 0.3367828789
vn 0.9105671896 -0.2396762103 0.3367828789
vn 0.9105671896 -0.2396762103 0.3367828789
vn 0.8984736118 -0.2856968778 0.3333503606
vn 0.8984736118 -0.2856968778 0.3333503606
vn 0.8984736118 -0.2856968778 0.3333503606
vn 0.9718659114 -0.1746833585 0.1579948557
vn 0.9718659114 -0.1746833585 0.1579948557
vn 0.9718659114 -0.1746833585 0.1579948557
vn 0.9623259108 -0.2222606619 0.1566174947
vn 0.9623259108 -0.2222606619 0.1566174947
vn 0.9623259108 -0.2222606619 0.1566174947
vn 0.9718763191 -0.2206956025 0.0821576011
vn 0.9718763191 -0.2206956025 0.0821576011
vn 0.9718763191 -0.2206956025 0.0821576011
vn 0.9621725038 -0.2435707475 0.1220547578
vn 0.9621725038 -0.2435707475 0.1220547578
vn 0.9621725038 -0.2435707475 0.1220547578
vn 0.9499919287 -0.2874362673 0.1220480548
vn 0.9499919287 -0.2874362673 0.1220480548
vn 0.9499919287 -0.2874362673 0.1220480548
vn 0.9685788641 -0.2453415631 0.040773783
vn 0.9685788641 -0.2453415631 0.040773783
vn 0.9685788641 -0.2453415631 0.040773783
vn 0.9751893807 -0.221372247 0
vn 0.9751893807 -0.221372247 0
vn 0.9751893807 -0.221372247 0
vn 0.9563987952 -0.2892041223 0.0407715619
vn 0.9563987952 -0.2892041223 0.0407715619
vn 0.9563987952 -0.2892041223 0.0407715619
vn -0.07386635264 0.7972807052 -0.5990719815
vn -0.08641471607 0.8437798742 -0.5296867194
vn -0.09762155786 0.846483111 -0.5233893143
vn -0.08641471736 0.8437798733 -0.5296867206
vn -0.129339198 0.8739457451 -0.468497819
vn -0.09762155963 0.8464831095 -0.5233893163
vn -0.07386635336 0.7972807033 -0.599071984
vn -0.09762155421 0.8464831192 -0.5233893016
vn -0.08909320743 0.7903495585 -0.6061435274
vn -0.0976215965 0.8464831103 -0.5233893082
vn -0.1293392357 0.8739457445 -0.4684978098
vn -0.08346939355 0.8743343656 -0.4780923315
vn -0.129339232 0.8739457442 -0.4684978113
vn -0.1358429669 0.9028381925 -0.4079581921
vn -0.08346939686 0.8743343659 -0.4780923303
vn -0.08909318426 0.7903495523 -0.6061435389
vn -0.003170190214 0.8541516253 -0.5200143756
vn 0.01939435019 0.7713370114 -0.636131334
vn -0.08909318842 0.7903495612 -0.6061435266
vn -0.0976216348 0.8464831077 -0.5233893053
vn -0.003170197822 0.8541516391 -0.5200143529
vn -0.09762163184 0.8464831042 -0.5233893114
vn -0.08346938947 0.8743343662 -0.4780923311
vn -0.003170203626 0.8541516461 -0.5200143414
vn -0.08346938818 0.8743343677 -0.4780923286
vn -0.0563963683 0.9074625136 -0.4163306811
vn -0.005576554068 0.8804570477 -0.4740931228
vn -0.003170205285 0.8541516463 -0.520014341
vn -0.0834693921 0.8743343664 -0.4780923304
vn -0.00557655123 0.8804570486 -0.4740931214
vn 0.01939434126 0.7713370426 -0.6361312964
vn -0.003170194336 0.8541516376 -0.5200143555
vn 0.1059816705 0.7884825794 -0.6058573326
vn -0.003170189695 0.8541516354 -0.520014359
vn 0.1134882114 0.8497739825 -0.5147859794
vn 0.1059816766 0.7884825755 -0.6058573366
vn -0.003170185454 0.8541516442 -0.5200143446
vn -0.005576513668 0.8804570449 -0.4740931286
vn 0.1134882091 0.8497739764 -0.5147859899
vn 0.1134882055 0.8497739769 -0.5147859899
vn -0.005576506936 0.880457045 -0.4740931285
vn 0.1105074774 0.8764759672 -0.4685914813
vn -0.1293392367 0.8739457485 -0.468497802
vn -0.1955081873 0.911496887 -0.361870106
vn -0.1358429596 0.9028381854 -0.4079582103
vn -0.08346938803 0.8743343678 -0.4780923284
vn -0.135842935 0.9028382002 -0.4079581856
vn -0.0563963668 0.9074625141 -0.4163306803
vn -0.1955081825 0.9114968859 -0.3618701115
vn -0.261334349 0.9444195392 -0.1994394443
vn -0.1358429604 0.9028381867 -0.4079582071
vn -0.1358429311 0.9028381752 -0.4079582423
vn -0.2613343427 0.9444195393 -0.1994394521
vn -0.1569367723 0.9301018996 -0.3320862929
vn -0.1569367792 0.9301018885 -0.3320863205
vn -0.2613343446 0.944419538 -0.1994394561
vn -0.1644093391 0.9314609343 -0.324576797
vn -0.1358429302 0.9028382039 -0.4079581792
vn -0.06562370649 0.9130893099 -0.4024443332
vn -0.05639637008 0.9074625121 -0.4163306843
vn -0.135842912 0.9028381778 -0.4079582429
vn -0.1569367558 0.930101903 -0.332086291
vn -0.06562371859 0.913089328 -0.4024442901
vn -0.1569368559 0.9301018892 -0.3320862825
vn -0.1644094189 0.9314609338 -0.3245767578
vn -0.1676503537 0.9164326591 -0.3633793338
vn -0.2613343873 0.9444195239 -0.1994394665
vn -0.213393812 0.9722091318 0.09629374364
vn -0.3802519656 0.8959402794 -0.2295636259
vn -0.2613343707 0.9444195315 -0.1994394526
vn -0.3802520576 0.8959402381 -0.2295636346
vn -0.1644093205 0.931460936 -0.3245768013
vn -0.3802520946 0.8959401734 -0.229563826
vn -0.2133936988 0.9722091418 0.09629389304
vn -0.2404839145 0.9661041329 0.09386315187
vn -0 1 0
vn -0 1 0
vn -0 1 0
vn -0.7720465172 -0.4573207 -0.4413637419
vn -0.6922623215 -0.5498507655 -0.4673724573
vn -0.240313647 -0.09497166496 -0.9660381638
vn -0.7720467096 -0.4573207975 -0.4413633043
vn -0.7946644661 -0.5934127266 -0.1279442153
vn -0.6922627604 -0.5498509603 -0.4673715781
vn -0.9032465696 -0.3199356265 -0.285983967
vn -0.7307059278 -0.4322779003 0.5283982059
vn -0.7720467388 -0.4573208673 -0.4413631809
vn -0.7720467215 -0.4573208107 -0.4413632698
vn -0.7307057813 -0.4322778961 0.5283984119
vn -0.7946644488 -0.593412776 -0.1279440935
vn -0.7946644488 -0.593412776 -0.1279440935
vn -0.7307057813 -0.4322778961 0.5283984119
vn -0.7164083381 -0.5017594461 0.4847644287
vn -0 1 0
vn -0 1 0
vn -0 1 0
vn -0.06095131761 0.1386973492 0.988457375
vn -0.04878737248 0.1342397985 0.9897471742
vn -0.05051366206 0.1136240688 0.9922388528
vn -0.3140183269 0.6459518653 -0.695800746
vn -0.6796465053 0.6529287814 -0.3343121809
vn -0.3471029294 0.4932425902 -0.797641087
vn -0.2404839816 0.9661041272 0.09386303896
vn -0.2133937599 0.9722091387 0.0962937897
vn -0.2604329025 0.952611779 0.1571798389
vn -0.2404839385 0.9661041417 0.09386299944
vn -0.2604328153 0.9526118161 0.1571797584
vn -0.2119836913 0.9739726143 0.08025123818
vn -0.6796463582 0.6529288931 -0.3343122617
vn -0.8801937497 0.3462306119 -0.3246279815
vn -0.347102844 0.4932426305 -0.7976410992
vn -0.8801936305 0.3462307286 -0.3246281801
vn -0.9032466863 -0.3199361202 -0.2859830462
vn -0.2896079578 0.1049628263 -0.9513727113
vn -0.8801936288 0.3462307221 -0.3246281918
vn -0.2896080949 0.1049623902 -0.9513727177
vn -0.3471027549 0.4932427104 -0.7976410885
vn -0.6796459753 0.6529291781 -0.3343124835
vn -0.7668880408 0.6018333666 0.2228886084
vn -0.8801937963 0.3462305391 -0.3246279329
vn -0.7668879388 0.6018334123 0.2228888361
vn -0.825455292 0.4469748542 0.3447274874
vn -0.8801937867 0.3462308054 -0.3246276748
vn -0.88019378 0.3462306612 -0.3246278466
vn -0.8254553568 0.4469745568 0.3447277179
vn -0.9032465385 -0.3199360856 -0.2859835517
vn -0.9032466275 -0.3199357814 -0.2859836107
vn -0.8254554117 0.44697471 0.3447273878
vn -0.7987716226 -0.02934480398 0.6009182785
vn -0.9032467494 -0.3199357687 -0.2859832401
vn -0.7720464801 -0.457320707 -0.4413637995
vn -0.289607932 0.1049629791 -0.9513727023
vn -0.2896079107 0.1049630631 -0.9513726995
vn -0.7720464943 -0.4573206983 -0.4413637836
vn -0.2403134993 -0.09497162997 -0.966038204
vn -0.2896079107 0.1049630631 -0.9513726995
vn -0.2403134993 -0.09497162997 -0.966038204
vn -0.1936346554 -0.05694708918 -0.9794195471
vn -0.9032465724 -0.3199358686 -0.2859836875
vn -0.7987716034 -0.0293449993 0.6009182944
vn -0.7307056868 -0.4322781704 0.5283983182
vn 0 1 -0
vn 0 1 -0
vn 0 1 -0
vn -0.06095135123 0.1386973665 0.9884573705
vn -0.03633295971 0.1651670799 0.9855961403
vn -0.04878741789 0.1342398219 0.9897471688
vn -0.1931845116 0.390202518 0.9002342692
vn -0.03633292141 0.1651670118 0.9855961531
vn -0.06095123481 0.1386971628 0.9884574063
vn 0 1 -0
vn 0 1 -0
vn 0 1 -0
vn -0.1931845116 0.390202518 0.9002342692
vn -0.04954428518 0.238100888 0.9699759435
vn -0.03633292141 0.1651670118 0.9855961531
vn -0 1 0
vn -0 1 0
vn -0 1 0
vn 0 1 -0
vn 0 1 -0
vn 0 1 -0
vn -0.3140185789 0.6459522113 -0.695800311
vn -0.3471030548 0.4932427457 -0.7976409363
vn -0.2132266431 0.5463025193 -0.8099925654
vn -0.3471030914 0.4932428477 -0.7976408573
vn -0.2896087272 0.1049625653 -0.9513725059
vn -0.207042377 0.1948967735 -0.9587224321
vn -0.3453829246 0.6359836061 0.6900981728
vn -0.260507753 0.8073301498 0.5294844094
vn -0.1931846254 0.3902025496 0.9002342311
vn -0.2896087799 0.1049625454 -0.9513724921
vn -0.1936336134 -0.05694631915 -0.9794197979
vn -0.1877116177 -0.01240575798 -0.9821458373
vn -0 1 0
vn -0 1 0
vn -0 1 0
vn -0.2896087372 0.1049626201 -0.9513724968
vn -0.1877116681 -0.01240585028 -0.9821458265
vn -0.2070423811 0.1948967916 -0.9587224275
vn -0.1931845634 0.3902024624 0.9002342822
vn -0.1504444624 0.5336844236 0.8321943281
vn -0.04954436659 0.2381008238 0.9699759551
vn 0 1 -0
vn 0 1 -0
vn 0 1 -0
vn -0.04954436659 0.2381008238 0.9699759551
vn -0.1504444624 0.5336844236 0.8321943281
vn -0.04920569086 0.2927181652 0.9549318697
vn -0.260507801 0.8073301628 0.529484366
vn -0.1504444735 0.5336844421 0.8321943142
vn -0.1931846083 0.3902025397 0.900234239
vn -0 1 -0
vn -0 1 -0
vn -0 1 -0
vn -0.1504443444 0.5336845027 0.8321942987
vn -0.08386126101 0.4228156108 0.9023271292
vn -0.04920564601 0.2927181922 0.9549318637
vn -0.3294029165 0.8423307339 0.4265825282
vn -0.2605078446 0.8073301642 0.5294843425
vn -0.3453829123 0.6359836259 0.6900981607
vn -0.3294029706 0.8423306532 0.4265826456
vn -0.3297785757 0.8748902754 0.3547014196
vn -0.260507825 0.8073302003 0.5294842969
vn 0.9224214455 -0.3041309421 0.2379979977
vn 0.9224214455 -0.3041309421 0.2379979977
vn 0.9224214455 -0.3041309421 0.2379979977
vn -0.05639637418 0.9074625135 -0.4163306807
vn 0.00222978214 0.9104048794 -0.4137124407
vn -0.005576565462 0.8804570479 -0.4740931223
vn 0.9018382686 -0.3039360721 0.3071003115
vn 0.9018382686 -0.3039360721 0.3071003115
vn 0.9018382686 -0.3039360721 0.3071003115
vn 0.8874981761 -0.3472167015 0.3029646012
vn 0.8874981761 -0.3472167015 0.3029646012
vn 0.8874981761 -0.3472167015 0.3029646012
vn 0.8765834388 -0.3020326156 0.3746702202
vn 0.8765834388 -0.3020326156 0.3746702202
vn 0.8765834388 -0.3020326156 0.3746702202
vn 0.8622826586 -0.3455010812 0.3702669571
vn 0.8622826586 -0.3455010812 0.3702669571
vn 0.8622826586 -0.3455010812 0.3702669571
vn 0.8656477771 -0.3637403155 0.3440158555
vn 0.8656477771 -0.3637403155 0.3440158555
vn 0.8656477771 -0.3637403155 0.3440158555
vn 0.9080214595 -0.347473887 0.234006254
vn 0.9080214595 -0.347473887 0.234006254
vn 0.9080214595 -0.347473887 0.234006254
vn 0.8892096719 -0.3650120073 0.2758122438
vn 0.8892096719 -0.3650120073 0.2758122438
vn 0.8892096719 -0.3650120073 0.2758122438
vn -0.005576508181 0.8804570433 -0.4740931316
vn 0.002229744434 0.9104048822 -0.4137124348
vn 0.1105074765 0.8764759666 -0.4685914826
vn 0.1105074752 0.8764759714 -0.4685914739
vn 0.002229742065 0.9104048875 -0.4137124231
vn 0.1148162984 0.8966157175 -0.4276651409
vn 0.907876596 -0.36876866 0.1994235737
vn 0.907876596 -0.36876866 0.1994235737
vn 0.907876596 -0.36876866 0.1994235737
vn 0.8886399422 -0.4124691585 0.2004700638
vn 0.8886399422 -0.4124691585 0.2004700638
vn 0.8886399422 -0.4124691585 0.2004700638
vn 0.8723785678 -0.4069741163 0.2707908845
vn 0.8723785678 -0.4069741163 0.2707908845
vn 0.8723785678 -0.4069741163 0.2707908845
vn 0.8722391669 -0.4282734607 0.2361793355
vn 0.8722391669 -0.4282734607 0.2361793355
vn 0.8722391669 -0.4282734607 0.2361793355
vn 0.9468922528 -0.3108572659 0.08223637775
vn 0.9468922528 -0.3108572659 0.08223637775
vn 0.9468922528 -0.3108572659 0.08223637775
vn 0.9379162412 -0.3070751215 0.1613009433
vn 0.9379162412 -0.3070751215 0.1613009433
vn 0.9379162412 -0.3070751215 0.1613009433
vn 0.922000774 -0.3512720536 0.1628573517
vn 0.922000774 -0.3512720536 0.1628573517
vn 0.922000774 -0.3512720536 0.1628573517
vn 0.9309448244 -0.3558432038 0.08195943082
vn 0.9309448244 -0.3558432038 0.08195943082
vn 0.9309448244 -0.3558432038 0.08195943082
vn 0.9500849185 -0.3119914223 0
vn 0.9500849185 -0.3119914223 0
vn 0.9500849185 -0.3119914223 0
vn 0.9341722546 -0.3568223631 0
vn 0.9341722546 -0.3568223631 0
vn 0.9341722546 -0.3568223631 0
vn 0.9188680028 -0.3754858982 0.1212102866
vn 0.9188680028 -0.3754858982 0.1212102866
vn 0.9188680028 -0.3754858982 0.1212102866
vn 0.924630895 -0.3786311707 0.0411842757
vn 0.924630895 -0.3786311707 0.0411842757
vn 0.924630895 -0.3786311707 0.0411842757
vn 0.8856122303 -0.4364268044 0.1588163149
vn 0.8856122303 -0.4364268044 0.1588163149
vn 0.8856122303 -0.4364268044 0.1588163149
vn 0.8996306877 -0.4191869157 0.1222577419
vn 0.8996306877 -0.4191869157 0.1222577419
vn 0.8996306877 -0.4191869157 0.1222577419
vn 0.8936672985 -0.4414623557 0.08043474472
vn 0.8936672985 -0.4414623557 0.08043474472
vn 0.8936672985 -0.4414623557 0.08043474472
vn 0.9057458341 -0.4218154652 0.0411849156
vn 0.9057458341 -0.4218154652 0.0411849156
vn 0.9057458341 -0.4218154652 0.0411849156
vn -0.0563963752 0.9074625121 -0.4163306836
vn -0.027135701 0.8854339455 -0.4639723935
vn 0.002229781144 0.9104048784 -0.413712443
vn -0.06562369191 0.9130893317 -0.4024442861
vn -0.1569368002 0.9301018936 -0.3320862964
vn -0.1676503467 0.9164326602 -0.3633793343
vn -0.3140186768 0.6459521787 -0.6958002971
vn -0.2132266361 0.5463025207 -0.8099925663
vn -0.2303368232 0.7056203144 -0.6701081404
vn -0.05639638179 0.9074624983 -0.4163307127
vn -0.06562367989 0.9130893403 -0.4024442686
vn -0.02713569077 0.8854339692 -0.4639723489
vn -0.06562374353 0.9130893969 -0.4024441297
vn -0.1676503385 0.9164326545 -0.3633793525
vn -0.07590273549 0.837975247 -0.5404037936
vn 0.002229736582 0.9104048801 -0.4137124394
vn 0.1045837165 0.8878606956 -0.4480687798
vn 0.1148163121 0.8966157364 -0.4276650976
vn 0.002229736582 0.9104048801 -0.4137124394
vn 0.09447970329 0.8808873499 -0.463800671
vn 0.1045837165 0.8878606956 -0.4480687798
vn 0.002229736582 0.9104048801 -0.4137124394
vn 0.07200577478 0.8613838503 -0.5028250499
vn 0.09447970329 0.8808873499 -0.463800671
vn -0.065623683 0.9130893371 -0.4024442753
vn -0.07590277835 0.837975293 -0.5404037163
vn -0.02713569872 0.885433959 -0.4639723679
vn 0.002229734029 0.910404895 -0.4137124067
vn -0.02713573602 0.8854339584 -0.4639723667
vn 0.06901108388 0.8583270206 -0.5084409465
vn 0.8497010467 -0.471012634 0.2369709471
vn 0.8497010467 -0.471012634 0.2369709471
vn 0.8497010467 -0.471012634 0.2369709471
vn 0.002229736582 0.9104048801 -0.4137124394
vn 0.0690110855 0.8583270626 -0.5084408753
vn 0.07200577478 0.8613838503 -0.5028250499
vn -0.02713573602 0.8854339584 -0.4639723667
vn 0.06735159453 0.8576313171 -0.5098355487
vn 0.06901108388 0.8583270206 -0.5084409465
vn -0.02713576211 0.8854339628 -0.4639723569
vn -0.07590269989 0.8379752901 -0.5404037317
vn 0.03998408195 0.7855328334 -0.6175268746
vn -0.02713573535 0.8854339421 -0.4639723979
vn 0.03998405769 0.7855328627 -0.6175268389
vn 0.06735158915 0.8576313385 -0.5098355133
vn -0.230336827 0.7056203266 -0.6701081262
vn -0.1319730397 0.5416813776 -0.830159263
vn -0.1778831523 0.7605531037 -0.6244329912
vn -0.1778830156 0.7605530448 -0.624433102
vn 0.03819250733 0.462628658 -0.8857291105
vn 0.0586706619 0.6690757392 -0.7408747591
vn -0.3471030575 0.4932427652 -0.797640923
vn -0.2070423059 0.1948966185 -0.958722479
vn -0.2132266373 0.546302506 -0.8099925759
vn -0.2070423811 0.1948967916 -0.9587224275
vn -0.1877116681 -0.01240585028 -0.9821458265
vn -0.1668760638 0.03441976152 -0.9853769123
vn -0 1 0
vn -0 1 0
vn -0 1 0
vn -0.2605077922 0.8073301556 0.5294843814
vn -0.1129872654 0.8679089741 0.4837022746
vn -0.1504446122 0.5336846166 0.8321941773
vn 0 1 -0
vn 0 1 -0
vn 0 1 -0
vn -0.1504444238 0.5336845731 0.8321942392
vn -0.1112022884 0.5863511774 0.8023879036
vn -0.08386141535 0.4228157801 0.9023270356
vn -0.2303368264 0.7056203143 -0.6701081394
vn -0.2132266359 0.5463025208 -0.8099925663
vn -0.1319729964 0.5416813136 -0.8301593117
vn -0.2132266388 0.546302507 -0.8099925749
vn -0.2070423842 0.1948966768 -0.9587224502
vn -0.1098536545 0.1632196638 -0.9804547496
vn -0.2070423992 0.1948967046 -0.9587224413
vn -0.166876042 0.03441988151 -0.9853769118
vn -0.1180090129 0.105318038 -0.98741176
vn -0 1 0
vn -0 1 0
vn -0 1 0
vn -0.2070423992 0.1948967046 -0.9587224413
vn -0.1180090129 0.105318038 -0.98741176
vn -0.1098536725 0.1632196278 -0.9804547535
vn -0.1129870947 0.8679089609 0.4837023381
vn -0.1112022201 0.5863511557 0.8023879289
vn -0.1504444436 0.5336845792 0.8321942317
vn -0.08386141535 0.4228157801 0.9023270356
vn -0.1112022884 0.5863511774 0.8023879036
vn -0.08827626385 0.5228754986 0.847825757
vn 0 1 -0
vn 0 1 -0
vn 0 1 -0
vn -0.1112022175 0.5863510389 0.8023880146
vn -0.062861555 0.5402140227 0.8391765217
vn -0.08827619825 0.5228753658 0.8478258457
vn -0.2605078132 0.8073302094 0.5294842889
vn -0.3297784888 0.8748903316 0.3547013617
vn -0.157632985 0.9484673036 0.2748847322
vn -0.26050782 0.8073302086 0.5294842869
vn -0.1576329868 0.9484673002 0.2748847428
vn -0.1129872566 0.8679089601 0.4837023018
vn -0.2119837262 0.9739726052 0.08025125667
vn -0.2115818563 0.9617207247 0.1741446692
vn -0.2128558228 0.9744652673 0.07148315521
vn 0.863210212 -0.4790443999 0.1593254307
vn 0.863210212 -0.4790443999 0.1593254307
vn 0.863210212 -0.4790443999 0.1593254307
vn 0.8712239115 -0.4842068558 0.08070078567
vn 0.8712239115 -0.4842068558 0.08070078567
vn 0.8712239115 -0.4842068558 0.08070078567
vn 0.8572460803 -0.5013204426 0.1175030707
vn 0.8572460803 -0.5013204426 0.1175030707
vn 0.8572460803 -0.5013204426 0.1175030707
vn 0.8960688153 -0.44391517 0
vn 0.8960688153 -0.44391517 0
vn 0.8960688153 -0.44391517 0
vn 0.8624821316 -0.5045633677 0.03924768244
vn 0.8624821316 -0.5045633677 0.03924768244
vn 0.8624821316 -0.5045633677 0.03924768244
vn 0.8745624113 -0.4849129702 0
vn 0.8745624113 -0.4849129702 0
vn 0.8745624113 -0.4849129702 0
vn -0.2132266372 0.5463025148 -0.8099925701
vn -0.1098536584 0.1632196464 -0.980454752
vn -0.1319729971 0.541681368 -0.8301592761
vn -0.1180090049 0.1053179985 -0.9874117651
vn -0.1025537061 0.1377161579 -0.9851482108
vn -0.1098536722 0.1632196248 -0.9804547541
vn -0.1098536245 0.1632196048 -0.9804547627
vn -0.1025534332 0.1377160495 -0.9851482543
vn -0.05812019591 0.1476245343 -0.98733431
vn -0 1 0
vn -0 1 0
vn -0 1 0
vn -0 1 -0
vn -0 1 -0
vn -0 1 -0
vn -0.131972823 0.5416814556 -0.8301592465
vn -0.1098536084 0.1632196677 -0.9804547541
vn 0.06573077243 0.2134025161 -0.974750651
vn -0.1098536084 0.1632196677 -0.9804547541
vn -0.05812017575 0.1476245985 -0.9873343016
vn 0.06573077243 0.2134025161 -0.974750651
vn -0.1129870959 0.8679090094 0.4837022509
vn -0.06936381689 0.8321069105 0.5502606204
vn -0.1112022106 0.5863510756 0.8023879887
vn -0.1112021745 0.5863510694 0.8023879983
vn -0.01279662349 0.5779916526 0.8159423361
vn -0.06286152657 0.5402140338 0.8391765167
vn 0 1 -0
vn 0 1 -0
vn 0 1 -0
vn -0.1112021745 0.5863510694 0.8023879983
vn -0.06936384682 0.8321069091 0.5502606188
vn -0.01279662349 0.5779916526 0.8159423361
vn -0.1778830525 0.7605530761 -0.6244330533
vn -0.1319729023 0.5416813145 -0.830159326
vn 0.03819244173 0.462628694 -0.8857290945
vn -0.1319729147 0.5416813452 -0.830159304
vn 0.0657306673 0.2134024222 -0.9747506787
vn 0.03819241507 0.46262875 -0.8857290664
vn -0 1 0
vn -0 1 0
vn -0 1 0
vn 0.03819241507 0.46262875 -0.8857290664
vn 0.0657306673 0.2134024222 -0.9747506787
vn 0.1030736737 0.2202542707 -0.9699813782
vn -0 1 0
vn -0 1 0
vn -0 1 0
vn -0 1 -0
vn -0 1 -0
vn -0 1 -0
vn -0.06936417257 0.8321068457 0.5502606736
vn 0.1544232608 0.5965171045 0.7876044696
vn -0.01279658123 0.5779916599 0.8159423317
vn -0.1129871803 0.867909005 0.483702239
vn -0.1576330599 0.9484672719 0.2748847989
vn -0.02937466782 0.9449649802 0.3258501422
vn -0.1129871032 0.8679090353 0.4837022027
vn -0.02937464954 0.9449649847 0.3258501306
vn -0.069363828 0.8321069997 0.5502604841
vn -0.2128556241 0.9744653092 0.07148317594
vn -0.01457203425 0.9896089131 0.1430449399
vn -0.03497013181 0.9980885722 0.05095382118
vn 0.1753023152 0.07856849807 -0.9813745918
vn 0.159026201 0.2315865863 -0.9597282534
vn 0.1975512628 0.2233879307 -0.9545005663
vn 0.1753023069 0.07856849967 -0.9813745931
vn 0.1975512563 0.2233879316 -0.9545005674
vn 0.1985260955 0.06974550481 -0.9776108397
vn 0.159026195 0.2315865943 -0.9597282525
vn 0.1375870332 0.4595874222 -0.8774105137
vn 0.1815217835 0.4796264971 -0.8584918552
vn 0.1590262009 0.2315866072 -0.9597282484
vn 0.181521787 0.4796265048 -0.8584918501
vn 0.1975512614 0.223387969 -0.9545005576
vn 0.1985260795 0.06974553899 -0.9776108405
vn 0.2015070748 0.2567446844 -0.945239158
vn 0.2027741414 0.1009382362 -0.9740093018
vn 0.1985260802 0.06974553807 -0.9776108405
vn 0.1975512476 0.2233879496 -0.954500565
vn 0.2015070751 0.2567446867 -0.9452391573
vn 0.7591658983 -0 0.6508971799
vn 0.7591658983 -0 0.6508971799
vn 0.7591658983 -0 0.6508971799
vn 0.7770795088 -0.04057169547 0.6280934441
vn 0.7770795088 -0.04057169547 0.6280934441
vn 0.7770795088 -0.04057169547 0.6280934441
vn 0.7407977349 0 0.6717281564
vn 0.7407977349 0 0.6717281564
vn 0.7407977349 0 0.6717281564
vn 0.1975512463 0.2233879903 -0.9545005557
vn 0.1856281644 0.4963480103 -0.8480453038
vn 0.2015070773 0.2567446284 -0.9452391727
vn 0.1975512471 0.2233879762 -0.9545005588
vn 0.181521798 0.4796264992 -0.8584918509
vn 0.185628166 0.4963479996 -0.8480453097
vn 0.7722397692 -0.1214014808 0.6236244217
vn 0.7722397692 -0.1214014808 0.6236244217
vn 0.7722397692 -0.1214014808 0.6236244217
vn 0.7383304513 -0.08101522336 0.6695555827
vn 0.7383304513 -0.08101522336 0.6695555827
vn 0.7383304513 -0.08101522336 0.6695555827
vn 0.7567650383 -0.08088804658 0.6486630872
vn 0.7567650383 -0.08088804658 0.6486630872
vn 0.7567650383 -0.08088804658 0.6486630872
vn 0.1815217965 0.4796264887 -0.8584918571
vn 0.1800333761 0.524406232 -0.8322175721
vn 0.1856281688 0.4963480041 -0.8480453065
vn 0.1815217965 0.4796264887 -0.8584918571
vn 0.1791307735 0.5284560342 -0.8298472064
vn 0.1800333761 0.524406232 -0.8322175721
vn 0.8274015211 -0 0.5616108287
vn 0.8274015211 -0 0.5616108287
vn 0.8274015211 -0 0.5616108287
vn 0.8429292484 -0.04065212391 0.5364864276
vn 0.8429292484 -0.04065212391 0.5364864276
vn 0.8429292484 -0.04065212391 0.5364864276
vn 0.8373357988 -0.06595786323 0.5426954214
vn 0.8373357988 -0.06595786323 0.5426954214
vn 0.8373357988 -0.06595786323 0.5426954214
vn 0.8121414131 0 0.5834606457
vn 0.8121414131 0 0.5834606457
vn 0.8121414131 0 0.5834606457
vn 0.7939959667 -0.04057199432 0.6065676534
vn 0.7939959667 -0.04057199432 0.6065676534
vn 0.7939959667 -0.04057199432 0.6065676534
vn 0.8500827127 -0.1062633561 0.5158172939
vn 0.8500827127 -0.1062633561 0.5158172939
vn 0.8500827127 -0.1062633561 0.5158172939
vn 0.8430489072 -0.1321354527 0.5213528194
vn 0.8430489072 -0.1321354527 0.5213528194
vn 0.8430489072 -0.1321354527 0.5213528194
vn 0.80950972 -0.0811874511 0.5814659156
vn 0.80950972 -0.0811874511 0.5814659156
vn 0.80950972 -0.0811874511 0.5814659156
vn 0.8153157278 -0.1470044184 0.5600446097
vn 0.8153157278 -0.1470044184 0.5600446097
vn 0.8153157278 -0.1470044184 0.5600446097
vn 0.8024756347 -0.1070618663 0.5870013735
vn 0.8024756347 -0.1070618663 0.5870013735
vn 0.8024756347 -0.1070618663 0.5870013735
vn 0.1375870316 0.4595874193 -0.8774105155
vn 0.1296738118 0.6015414049 -0.7882465609
vn 0.1768826066 0.6221232343 -0.7626763566
vn 0.1375870343 0.4595874192 -0.8774105152
vn 0.1768826052 0.6221232371 -0.7626763546
vn 0.1815217876 0.4796264883 -0.8584918592
vn 0.1296738108 0.6015414108 -0.7882465565
vn 0.1649021193 0.7239388973 -0.669865482
vn 0.176882606 0.6221232312 -0.7626763592
vn 0.1296738388 0.6015413914 -0.7882465667
vn 0.08373491522 0.7249633192 -0.6836787621
vn 0.1649021004 0.7239389088 -0.6698654742
vn 0.1815218105 0.4796264919 -0.8584918524
vn 0.1768825882 0.6221232346 -0.7626763605
vn 0.1594173786 0.6112267643 -0.7752341208
vn 0.7637185922 -0.1474813299 0.6284768645
vn 0.7637185922 -0.1474813299 0.6284768645
vn 0.7637185922 -0.1474813299 0.6284768645
vn 0.766085975 -0.2153933368 0.6055724477
vn 0.766085975 -0.2153933368 0.6055724477
vn 0.766085975 -0.2153933368 0.6055724477
vn 0.1815217965 0.4796264887 -0.8584918571
vn 0.1594174145 0.6112267713 -0.7752341078
vn 0.170344746 0.566874807 -0.8059997647
vn 0.1815217965 0.4796264887 -0.8584918571
vn 0.170344746 0.566874807 -0.8059997647
vn 0.1791307735 0.5284560342 -0.8298472064
vn 0.7313237072 -0.1611632363 0.6627156604
vn 0.7313237072 -0.1611632363 0.6627156604
vn 0.7313237072 -0.1611632363 0.6627156604
vn 0.7207532268 -0.1891775559 0.6668782786
vn 0.7207532268 -0.1891775559 0.6668782786
vn 0.7207532268 -0.1891775559 0.6668782786
vn 0.1768825882 0.6221232346 -0.7626763605
vn 0.1593016255 0.6328353613 -0.7577218471
vn 0.1594173786 0.6112267643 -0.7752341208
vn 0.1768825882 0.6221232313 -0.7626763633
vn 0.1593216367 0.6408362024 -0.7509631002
vn 0.1593016255 0.6328353619 -0.7577218466
vn 0.1768825882 0.6221232313 -0.7626763633
vn 0.1581777229 0.6987001584 -0.6977090344
vn 0.1593216367 0.6408362024 -0.7509631002
vn 0.7207537969 -0.1891706126 0.666879632
vn 0.7207537969 -0.1891706126 0.666879632
vn 0.7207537969 -0.1891706126 0.666879632
vn 0.7207545487 -0.1891748039 0.6668776305
vn 0.7207545487 -0.1891748039 0.6668776305
vn 0.7207545487 -0.1891748039 0.6668776305
vn 0.7335739858 -0.2273981246 0.6404368043
vn 0.7335739858 -0.2273981246 0.6404368043
vn 0.7335739858 -0.2273981246 0.6404368043
vn 0.1768825884 0.6221232318 -0.7626763628
vn 0.1649021428 0.7239388963 -0.6698654774
vn 0.1565386228 0.7238277669 -0.6719888567
vn 0.1768825884 0.6221232318 -0.7626763628
vn 0.1565386228 0.7238277669 -0.6719888567
vn 0.1568858279 0.719153325 -0.6769086586
vn 0.1649021428 0.7239388963 -0.6698654774
vn 0.1562287402 0.7273149492 -0.6682855268
vn 0.1565386228 0.7238277669 -0.6719888567
vn 0.1649021428 0.7239388963 -0.6698654774
vn 0.1555984368 0.7339011778 -0.6611945158
vn 0.1562287402 0.7273149492 -0.6682855268
vn 0.1768825884 0.6221232318 -0.7626763628
vn 0.1568858279 0.719153325 -0.6769086586
vn 0.1581777236 0.6987001617 -0.6977090309
vn 0.7335718116 -0.2273984018 0.6404391962
vn 0.7335718116 -0.2273984018 0.6404391962
vn 0.7335718116 -0.2273984018 0.6404391962
vn 0.8068929128 -0.1730404353 0.5647838834
vn 0.8068929128 -0.1730404353 0.5647838834
vn 0.8068929128 -0.1730404353 0.5647838834
vn 0.8169734201 -0.2122985483 0.5361751181
vn 0.8169734201 -0.2122985483 0.5361751181
vn 0.8169734201 -0.2122985483 0.5361751181
vn 0.844734474 -0.1975507779 0.4973905493
vn 0.844734474 -0.1975507779 0.4973905493
vn 0.844734474 -0.1975507779 0.4973905493
vn 0.08373489523 0.7249633406 -0.6836787418
vn 0.1059816668 0.7884825793 -0.6058573334
vn 0.1779284614 0.7972548866 -0.5768241573
vn 0.8064012053 -0.2403083074 0.5403415712
vn 0.8064012053 -0.2403083074 0.5403415712
vn 0.8064012053 -0.2403083074 0.5403415712
vn 0.08373489994 0.7249633291 -0.6836787535
vn 0.1779284565 0.7972548976 -0.5768241435
vn 0.1649021097 0.7239389037 -0.6698654775
vn 0.8146420685 -0.2775009798 0.509265654
vn 0.8146420685 -0.2775009798 0.509265654
vn 0.8146420685 -0.2775009798 0.509265654
vn 0.8414339608 -0.2637601184 0.471613708
vn 0.8414339608 -0.2637601184 0.471613708
vn 0.8414339608 -0.2637601184 0.471613708
vn 0.7766574166 -0.1873812221 0.6014079604
vn 0.7766574166 -0.1873812221 0.6014079604
vn 0.7766574166 -0.1873812221 0.6014079604
vn 0.7766425135 -0.2533327597 0.5767572444
vn 0.7766425135 -0.2533327597 0.5767572444
vn 0.7766425135 -0.2533327597 0.5767572444
vn 0.7660826908 -0.2153798481 0.6055813999
vn 0.7660826908 -0.2153798481 0.6055813999
vn 0.7660826908 -0.2153798481 0.6055813999
vn 0.77664661 -0.2533463746 0.5767457479
vn 0.77664661 -0.2533463746 0.5767457479
vn 0.77664661 -0.2533463746 0.5767457479
vn 0.1649021453 0.7239388924 -0.6698654809
vn 0.1779285349 0.7972548736 -0.5768241526
vn 0.1718029236 0.7805653027 -0.6010004689
vn 0.1649021487 0.7239388954 -0.6698654769
vn 0.1651120694 0.7584059885 -0.6305222923
vn 0.1555984387 0.7339011783 -0.6611945147
vn 0.7639226834 -0.2826717322 0.5801024269
vn 0.7639226834 -0.2826717322 0.5801024269
vn 0.7639226834 -0.2826717322 0.5801024269
vn 0.1649021453 0.7239388924 -0.6698654809
vn 0.1718029236 0.7805653027 -0.6010004689
vn 0.1651120679 0.7584059872 -0.6305222943
vn 0.7639215294 -0.2826760674 0.5801018341
vn 0.7639215294 -0.2826760674 0.5801018341
vn 0.7639215294 -0.2826760674 0.5801018341
vn 0.7639210105 -0.282673938 0.580103555
vn 0.7639210105 -0.282673938 0.580103555
vn 0.7639210105 -0.282673938 0.580103555
vn 0.2027741601 0.1009382681 -0.9740092946
vn 0.2015070652 0.2567446673 -0.9452391647
vn 0.1971142383 0.2085594211 -0.9579399485
vn 0.6798787551 -1.945008021e-06 0.7333245382
vn 0.6798787551 -1.945008021e-06 0.7333245382
vn 0.6798787551 -1.945008021e-06 0.7333245382
vn 0.2027741601 0.1009382681 -0.9740092946
vn 0.1973548143 0.1512646177 -0.9685918091
vn 0.1966717573 0.09821057819 -0.9755382628
vn 0.2027741601 0.1009382681 -0.9740092946
vn 0.1971142383 0.2085594211 -0.9579399485
vn 0.1973548143 0.1512646177 -0.9685918091
vn 0.6992108163 -0.04031239941 0.7137780781
vn 0.6992108163 -0.04031239941 0.7137780781
vn 0.6992108163 -0.04031239941 0.7137780781
vn 0.1971142408 0.2085594224 -0.9579399477
vn 0.2015070581 0.2567446657 -0.9452391667
vn 0.1945253282 0.229877224 -0.9535808086
vn 0.6992123264 -0.04031731549 0.7137763212
vn 0.6992123264 -0.04031731549 0.7137763212
vn 0.6992123264 -0.04031731549 0.7137763212
vn 0.1945253282 0.229877224 -0.9535808086
vn 0.2015070581 0.2567446657 -0.9452391667
vn 0.1913054671 0.2531710742 -0.9483177872
vn 0.6776821032 -0.08106784517 0.7308727464
vn 0.6776821032 -0.08106784517 0.7308727464
vn 0.6776821032 -0.08106784517 0.7308727464
vn 0.7204833586 -0.04031659871 0.6922992863
vn 0.7204833586 -0.04031659871 0.6922992863
vn 0.7204833586 -0.04031659871 0.6922992863
vn 0.6992138265 -0.04031522047 0.71377497
vn 0.6992138265 -0.04031522047 0.71377497
vn 0.6992138265 -0.04031522047 0.71377497
vn 0.2015070394 0.2567446103 -0.9452391857
vn 0.1856281051 0.4963479855 -0.8480453312
vn 0.1817649583 0.3135837627 -0.9320014612
vn 0.2015070675 0.2567446141 -0.9452391787
vn 0.1817649603 0.3135837636 -0.9320014605
vn 0.1913054758 0.2531710278 -0.9483177978
vn 0.6776815227 -0.08106981992 0.7308730657
vn 0.6776815227 -0.08106981992 0.7308730657
vn 0.6776815227 -0.08106981992 0.7308730657
vn 0.6776813871 -0.08106891631 0.7308732916
vn 0.6776813871 -0.08106891631 0.7308732916
vn 0.6776813871 -0.08106891631 0.7308732916
vn 0.6945915919 -0.1206790172 0.7092101912
vn 0.6945915919 -0.1206790172 0.7092101912
vn 0.6945915919 -0.1206790172 0.7092101912
vn 0.7158627286 -0.1206830106 0.6877326259
vn 0.7158627286 -0.1206830106 0.6877326259
vn 0.7158627286 -0.1206830106 0.6877326259
vn 0.7158623059 -0.1206835017 0.6877329797
vn 0.7158623059 -0.1206835017 0.6877329797
vn 0.7158623059 -0.1206835017 0.6877329797
vn 0.7158646219 -0.1207070505 0.6877264362
vn 0.7158646219 -0.1207070505 0.6877264362
vn 0.7158646219 -0.1207070505 0.6877264362
vn 0.7158601154 -0.1206718143 0.6877373106
vn 0.7158601154 -0.1206718143 0.6877373106
vn 0.7158601154 -0.1206718143 0.6877373106
vn 0.7158579655 -0.1206714267 0.6877396164
vn 0.7158579655 -0.1206714267 0.6877396164
vn 0.7158579655 -0.1206714267 0.6877396164
vn 0.1824293785 0.3391272899 -0.9228825511
vn 0.1856281051 0.4963479855 -0.8480453312
vn 0.1808533199 0.4843656652 -0.8559684451
vn 0.1856280958 0.4963479956 -0.8480453274
vn 0.1800333306 0.524406227 -0.8322175851
vn 0.1796387845 0.5046493799 -0.8444281559
vn 0.1856281051 0.4963479855 -0.8480453312
vn 0.1804475049 0.4960381971 -0.8493437496
vn 0.1808533199 0.4843656652 -0.8559684451
vn 0.1856281087 0.4963479918 -0.8480453268
vn 0.1796387869 0.5046493781 -0.8444281565
vn 0.1804475055 0.4960382025 -0.8493437464
vn 0.1817649583 0.3135837627 -0.9320014612
vn 0.1856281051 0.4963479855 -0.8480453312
vn 0.1824293785 0.3391272899 -0.9228825511
vn 0.7313253459 -0.1611649747 0.6627134293
vn 0.7313253459 -0.1611649747 0.6627134293
vn 0.7313253459 -0.1611649747 0.6627134293
vn 0.1059816676 0.7884825796 -0.6058573329
vn 0.1134882394 0.8497739709 -0.5147859923
vn 0.1779284586 0.7972548874 -0.576824157
vn 0.8018110027 -0.3068922024 0.5127536368
vn 0.8018110027 -0.3068922024 0.5127536368
vn 0.8018110027 -0.3068922024 0.5127536368
vn 0.8018110828 -0.306890299 0.5127546507
vn 0.8018110828 -0.306890299 0.5127546507
vn 0.8018110828 -0.306890299 0.5127546507
vn 0.17494662 0.8120784462 -0.5567066349
vn 0.113488237 0.8497739751 -0.514785986
vn 0.1693650412 0.8237721134 -0.5410314112
vn 0.1787315577 0.804752288 -0.5660642942
vn 0.113488237 0.8497739751 -0.514785986
vn 0.17494662 0.8120784462 -0.5567066349
vn 0.1779284562 0.7972548942 -0.5768241483
vn 0.113488237 0.8497739751 -0.514785986
vn 0.1787315577 0.804752288 -0.5660642942
vn 0.8468321976 -0.2989688889 0.439878202
vn 0.8468321976 -0.2989688889 0.439878202
vn 0.8468321976 -0.2989688889 0.439878202
vn 0.8347386217 -0.3278946151 0.4423760334
vn 0.8347386217 -0.3278946151 0.4423760334
vn 0.8347386217 -0.3278946151 0.4423760334
vn 0.8374583898 -0.3608432966 0.4104333815
vn 0.8374583898 -0.3608432966 0.4104333815
vn 0.8374583898 -0.3608432966 0.4104333815
vn 0.8072073747 -0.342102997 0.4810216145
vn 0.8072073747 -0.342102997 0.4810216145
vn 0.8072073747 -0.342102997 0.4810216145
vn 0.113488237 0.8497739751 -0.514785986
vn 0.1585545354 0.8497223432 -0.5028244214
vn 0.1618783804 0.8417516922 -0.5150237651
vn 0.113488237 0.8497739751 -0.514785986
vn 0.1618783804 0.8417516922 -0.5150237651
vn 0.1693650412 0.8237721134 -0.5410314112
vn 0.113488234 0.8497739698 -0.5147859953
vn 0.1505506093 0.8561932148 -0.4942344514
vn 0.1585545365 0.8497223438 -0.50282442
vn 0.7932897056 -0.371025125 0.4827336736
vn 0.7932897056 -0.371025125 0.4827336736
vn 0.7932897056 -0.371025125 0.4827336736
vn 0.8072089533 -0.3421042987 0.4810180398
vn 0.8072089533 -0.3421042987 0.4810180398
vn 0.8072089533 -0.3421042987 0.4810180398
vn 0.7932947953 -0.3710122765 0.4827351846
vn 0.7932947953 -0.3710122765 0.4827351846
vn 0.7932947953 -0.3710122765 0.4827351846
vn 0.113488234 0.8497739698 -0.5147859953
vn 0.1399547404 0.8660424244 -0.479982489
vn 0.1434795879 0.8625740882 -0.485159304
vn 0.8235402366 -0.3897632376 0.4121481496
vn 0.8235402366 -0.3897632376 0.4121481496
vn 0.8235402366 -0.3897632376 0.4121481496
vn 0.8235438535 -0.3897533293 0.4121502926
vn 0.8235438535 -0.3897533293 0.4121502926
vn 0.8235438535 -0.3897533293 0.4121502926
vn 0.113488234 0.8497739698 -0.5147859953
vn 0.1105074924 0.876475964 -0.4685914837
vn 0.1399547404 0.8660424244 -0.479982489
vn 0.8235415367 -0.3897608358 0.4121478233
vn 0.8235415367 -0.3897608358 0.4121478233
vn 0.8235415367 -0.3897608358 0.4121478233
vn 0.1399547367 0.866042425 -0.4799824889
vn 0.110507487 0.876475965 -0.4685914832
vn 0.1331224557 0.8751506501 -0.4651771183
vn 0.110507487 0.876475965 -0.4685914832
vn 0.1326217692 0.876071282 -0.4635844855
vn 0.1331224557 0.8751506501 -0.4651771183
vn 0.113488234 0.8497739698 -0.5147859953
vn 0.1434795879 0.8625740882 -0.485159304
vn 0.1505506093 0.8561932148 -0.4942344514
vn 0.7961479593 -0.4036731094 0.4507731665
vn 0.7961479593 -0.4036731094 0.4507731665
vn 0.7961479593 -0.4036731094 0.4507731665
vn 0.7720499212 -0.319917452 0.5491736912
vn 0.7720499212 -0.319917452 0.5491736912
vn 0.7720499212 -0.319917452 0.5491736912
vn 0.7720524682 -0.3199161734 0.5491708553
vn 0.7720524682 -0.3199161734 0.5491708553
vn 0.7720524682 -0.3199161734 0.5491708553
vn 0.7720545049 -0.3199167262 0.54916767
vn 0.7720545049 -0.3199167262 0.54916767
vn 0.7720545049 -0.3199167262 0.54916767
vn 0.1718029236 0.7805653027 -0.6010004689
vn 0.1779285349 0.7972548736 -0.5768241526
vn 0.1769733377 0.7988706312 -0.5748792502
vn 0.177928534 0.7972548708 -0.5768241568
vn 0.1787315503 0.8047522902 -0.5660642934
vn 0.1769733375 0.7988706306 -0.5748792512
vn 0.8488153688 -0.4057030668 0.3389948248
vn 0.8488153688 -0.4057030668 0.3389948248
vn 0.8488153688 -0.4057030668 0.3389948248
vn 0.82403048 -0.421024227 0.3790941417
vn 0.82403048 -0.421024227 0.3790941417
vn 0.82403048 -0.421024227 0.3790941417
vn 0.8240301956 -0.4210197837 0.3790996946
vn 0.8240301956 -0.4210197837 0.3790996946
vn 0.8240301956 -0.4210197837 0.3790996946
vn 0.1105074869 0.8764759653 -0.4685914826
vn 0.1205663636 0.8893391445 -0.4410664779
vn 0.1326217685 0.8760712819 -0.4635844859
vn 0.8488290697 -0.4056925846 0.3389730628
vn 0.8488290697 -0.4056925846 0.3389730628
vn 0.8488290697 -0.4056925846 0.3389730628
vn 0.1105074869 0.8764759653 -0.4685914826
vn 0.1181529347 0.8930384189 -0.4341915088
vn 0.1193324765 0.8909707322 -0.4380992061
vn 0.1105074869 0.8764759653 -0.4685914826
vn 0.1193324765 0.8909707322 -0.4380992061
vn 0.1205663636 0.8893391445 -0.4410664779
vn 0.1105074869 0.8764759653 -0.4685914826
vn 0.1148162677 0.8966157347 -0.4276651131
vn 0.1181529347 0.8930384189 -0.4341915088
vn 0.8504508303 -0.4236751204 0.3118217081
vn 0.8504508303 -0.4236751204 0.3118217081
vn 0.8504508303 -0.4236751204 0.3118217081
vn 0.8504629174 -0.4236495442 0.3118234916
vn 0.8504629174 -0.4236495442 0.3118234916
vn 0.8504629174 -0.4236495442 0.3118234916
vn 0.8313601009 -0.4639105731 0.3059858867
vn 0.8313601009 -0.4639105731 0.3059858867
vn 0.8313601009 -0.4639105731 0.3059858867
vn 0.8313707451 -0.4638838256 0.3059975171
vn 0.8313707451 -0.4638838256 0.3059975171
vn 0.8313707451 -0.4638838256 0.3059975171
vn 0.831325818 -0.4639871129 0.3059629773
vn 0.831325818 -0.4639871129 0.3059629773
vn 0.831325818 -0.4639871129 0.3059629773
vn 0.8313579856 -0.4639140383 0.3059863801
vn 0.8313579856 -0.4639140383 0.3059863801
vn 0.8313579856 -0.4639140383 0.3059863801
vn 0.1181529347 0.8930384189 -0.4341915088
vn 0.1148162677 0.8966157347 -0.4276651131
vn 0.1168065376 0.8960705171 -0.4282684452
vn 0.1148162663 0.8966157221 -0.4276651398
vn 0.1165189808 0.8961849094 -0.4281073875
vn 0.1168065381 0.896070521 -0.428268437
vn 0.1148162468 0.8966157552 -0.4276650757
vn 0.1172508192 0.894616328 -0.4311773082
vn 0.1165189431 0.8961849736 -0.4281072635
vn 0.1148163981 0.8966157131 -0.4276651235
vn 0.1045837918 0.8878606751 -0.4480688029
vn 0.1172510041 0.8946162765 -0.4311773647
vn 0.8313567855 -0.4639181661 0.3059833825
vn 0.8313567855 -0.4639181661 0.3059833825
vn 0.8313567855 -0.4639181661 0.3059833825
vn 0.8312238416 -0.4852103679 0.271362901
vn 0.8312238416 -0.4852103679 0.271362901
vn 0.8312238416 -0.4852103679 0.271362901
vn 0.8496974627 -0.4710224638 0.23696426
vn 0.8496974627 -0.4710224638 0.23696426
vn 0.8496974627 -0.4710224638 0.23696426
vn 0.8497035351 -0.4710044316 0.2369783279
vn 0.8497035351 -0.4710044316 0.2369783279
vn 0.8497035351 -0.4710044316 0.2369783279
vn 0.8497024262 -0.4710078718 0.2369754663
vn 0.8497024262 -0.4710078718 0.2369754663
vn 0.8497024262 -0.4710078718 0.2369754663
vn 0.8497010423 -0.4710140441 0.2369681603
vn 0.8497010423 -0.4710140441 0.2369681603
vn 0.8497010423 -0.4710140441 0.2369681603
vn 0.8468099347 -0.4948482281 0.1950337553
vn 0.8468099347 -0.4948482281 0.1950337553
vn 0.8468099347 -0.4948482281 0.1950337553
vn 0.8468101454 -0.494848616 0.1950318561
vn 0.8468101454 -0.494848616 0.1950318561
vn 0.8468101454 -0.494848616 0.1950318561
vn 0.06735158915 0.8576313385 -0.5098355133
vn 0.03998405769 0.7855328627 -0.6175268389
vn 0.06548579436 0.8438986699 -0.5324909818
vn 0.06548555987 0.8438986877 -0.5324909824
vn 0.03998427698 0.7855328465 -0.6175268454
vn 0.07672563097 0.8285446652 -0.5546412492
vn 0.07672563097 0.8285446652 -0.5546412492
vn 0.03998427698 0.7855328465 -0.6175268454
vn 0.1098598487 0.7934789926 -0.5985999516
vn 0.1098598487 0.7934789926 -0.5985999516
vn 0.03998427698 0.7855328465 -0.6175268454
vn 0.1429982831 0.7595194682 -0.6345720356
vn 0.8255778686 -0.5295012581 0.1950630681
vn 0.8255778686 -0.5295012581 0.1950630681
vn 0.8255778686 -0.5295012581 0.1950630681
vn 0.05867065562 0.6690757932 -0.7408747108
vn 0.2394273744 0.5663806827 -0.7885984115
vn 0.1493451644 0.6403148022 -0.7534540304
vn 0.8255763472 -0.5295040985 0.1950617971
vn 0.8255763472 -0.5295040985 0.1950617971
vn 0.8255763472 -0.5295040985 0.1950617971
vn 0.05867080886 0.6690758323 -0.7408746634
vn 0.03819268222 0.4626287602 -0.8857290496
vn 0.3919765702 0.3946306259 -0.8310361229
vn 0.8166609231 -0.5549468819 0.1584263076
vn 0.8166609231 -0.5549468819 0.1584263076
vn 0.8166609231 -0.5549468819 0.1584263076
vn 0.05867065562 0.6690757932 -0.7408747108
vn 0.3919763506 0.3946306031 -0.8310362373
vn 0.2394273744 0.5663806827 -0.7885984115
vn 0.8360294927 -0.5359508482 0.1175218094
vn 0.8360294927 -0.5359508482 0.1175218094
vn 0.8360294927 -0.5359508482 0.1175218094
vn 0.03819250541 0.46262891 -0.885728979
vn 0.1030737193 0.2202543369 -0.9699813583
vn 0.2033236209 0.2950221509 -0.9336066814
vn -0 1 0
vn -0 1 0
vn -0 1 0
vn 0.03819267284 0.4626287805 -0.8857290394
vn 0.2033236927 0.2950220875 -0.9336066858
vn 0.3919765361 0.394630638 -0.8310361332
vn -0 1 0
vn -0 1 0
vn -0 1 0
vn -0.06936417257 0.8321068457 0.5502606736
vn 0.3168990136 0.7114754238 0.6271983231
vn 0.1544232608 0.5965171045 0.7876044696
vn 0.8247745484 -0.5597735379 0.08000331585
vn 0.8247745484 -0.5597735379 0.08000331585
vn 0.8247745484 -0.5597735379 0.08000331585
vn 0.8247751701 -0.5597715828 0.08001058624
vn 0.8247751701 -0.5597715828 0.08001058624
vn 0.8247751701 -0.5597715828 0.08001058624
vn -0 1 -0
vn -0 1 -0
vn -0 1 -0
vn 0.1544231282 0.5965170969 0.7876045014
vn 0.3168989177 0.7114754278 0.627198367
vn 0.2957604121 0.611565832 0.733834458
vn 0.8166601335 -0.5549461967 0.1584327777
vn 0.8166601335 -0.5549461967 0.1584327777
vn 0.8166601335 -0.5549461967 0.1584327777
vn 0.2394273744 0.5663806827 -0.7885984115
vn 0.3919763506 0.3946306031 -0.8310362373
vn 0.3793485475 0.4334199557 -0.8174605933
vn 0.816661219 -0.5549466587 0.1584255641
vn 0.816661219 -0.5549466587 0.1584255641
vn 0.816661219 -0.5549466587 0.1584255641
vn 0.3793490936 0.4334200299 -0.8174603005
vn 0.3919766259 0.3946306357 -0.8310360919
vn 0.4121387085 0.4184217172 -0.809360829
vn 0.3919765361 0.394630638 -0.8310361332
vn 0.2033236927 0.2950220875 -0.9336066858
vn 0.3898494877 0.3052065955 -0.8688304271
vn -0 1 -0
vn -0 1 -0
vn -0 1 -0
vn 0.7979893135 -0.5815554298 0.1581339226
vn 0.7979893135 -0.5815554298 0.1581339226
vn 0.7979893135 -0.5815554298 0.1581339226
vn 0.391976351 0.3946306667 -0.8310362069
vn 0.3898490531 0.3052066397 -0.8688306065
vn 0.4226383428 0.3077650261 -0.8524420918
vn 0.4121387085 0.4184217172 -0.809360829
vn 0.3919766259 0.3946306357 -0.8310360919
vn 0.5866077032 0.325702386 -0.741491307
vn 0.7979846892 -0.5815635292 0.1581274714
vn 0.7979846892 -0.5815635292 0.1581274714
vn 0.7979846892 -0.5815635292 0.1581274714
vn 0.3919765267 0.3946305815 -0.8310361645
vn 0.4226387343 0.3077648087 -0.8524419762
vn 0.5866078326 0.325702437 -0.7414911822
vn 0.4226387343 0.3077648087 -0.8524419762
vn 0.6405224761 0.2781562688 -0.7157932996
vn 0.5866078326 0.325702437 -0.7414911822
vn 0.4226387343 0.3077648087 -0.8524419762
vn 0.6413245079 0.2774100143 -0.715364634
vn 0.6405224761 0.2781562688 -0.7157932996
vn 0.4226387343 0.3077648087 -0.8524419762
vn 0.6613054574 0.260299396 -0.7035050223
vn 0.6413245079 0.2774100143 -0.715364634
vn -0 1 0
vn -0 1 0
vn -0 1 0
vn 0.7866577743 -0.6054622372 0.1207684784
vn 0.7866577743 -0.6054622372 0.1207684784
vn 0.7866577743 -0.6054622372 0.1207684784
vn 0.3299691107 0.7403377617 0.5856794214
vn 0.316898955 0.7114754398 0.6271983345
vn 0.1839827616 0.862443543 0.4715309942
vn 0.3168989219 0.7114753773 0.6271984222
vn 0.4507143426 0.5500595791 0.7030583481
vn 0.295760393 0.6115658494 0.7338344512
vn 0.8060354707 -0.5864557513 0.07985281317
vn 0.8060354707 -0.5864557513 0.07985281317
vn 0.8060354707 -0.5864557513 0.07985281317
vn 0.4172660106 0.6088472222 0.6746807663
vn 0.3168988784 0.7114754298 0.6271983846
vn 0.3494471589 0.712100689 0.6089329125
vn 0.806041487 -0.5864477679 0.07985071525
vn 0.806041487 -0.5864477679 0.07985071525
vn 0.806041487 -0.5864477679 0.07985071525
vn 0.7866729443 -0.6054447509 0.1207573282
vn 0.7866729443 -0.6054447509 0.1207573282
vn 0.7866729443 -0.6054447509 0.1207573282
vn 0.4172660106 0.6088472222 0.6746807663
vn 0.4507145517 0.5500593514 0.7030583922
vn 0.3168988784 0.7114754298 0.6271983846
vn -0 1 -0
vn -0 1 -0
vn -0 1 -0
vn 0.4797647081 0.4770535749 0.7363733506
vn 0.295760393 0.6115658494 0.7338344512
vn 0.4507143426 0.5500595791 0.7030583481
vn 0.3494471475 0.7121007538 0.6089328432
vn 0.316898829 0.7114755303 0.6271982956
vn 0.3376565095 0.7291824588 0.5952151069
vn 0.3299689974 0.7403378427 0.5856793828
vn 0.3376565095 0.7291824588 0.5952151069
vn 0.316898829 0.7114755303 0.6271982956
vn 0.7866731792 -0.605444703 0.1207560381
vn 0.7866731792 -0.605444703 0.1207560381
vn 0.7866731792 -0.605444703 0.1207560381
vn 0.4944532029 0.4301566618 0.7553021094
vn 0.295760393 0.6115658494 0.7338344512
vn 0.4797647081 0.4770535749 0.7363733506
vn 0.7981363899 -0.5812106325 0.1586584497
vn 0.7981363899 -0.5812106325 0.1586584497
vn 0.7981363899 -0.5812106325 0.1586584497
vn 0.7866735213 -0.6054432998 0.1207608448
vn 0.7866735213 -0.6054432998 0.1207608448
vn 0.7866735213 -0.6054432998 0.1207608448
vn 0.7866733096 -0.6054439085 0.1207591723
vn 0.7866733096 -0.6054439085 0.1207591723
vn 0.7866733096 -0.6054439085 0.1207591723
vn 0.4944532029 0.4301566618 0.7553021094
vn 0.4797647081 0.4770535749 0.7363733506
vn 0.4957749606 0.4307998248 0.7540681
vn -0 1 -0
vn -0 1 -0
vn -0 1 -0
vn 0.7863476261 -0.605879597 0.1206951733
vn 0.7863476261 -0.605879597 0.1206951733
vn 0.7863476261 -0.605879597 0.1206951733
vn 0.4944532036 0.4301566374 0.7553021228
vn 0.495775012 0.4307998663 0.7540680424
vn 0.4957501568 0.429275523 0.7549531823
vn 0.8412709042 -0.5391867886 0.03925395104
vn 0.8412709042 -0.5391867886 0.03925395104
vn 0.8412709042 -0.5391867886 0.03925395104
vn 0.8412713276 -0.5391860466 0.03925506986
vn 0.8412713276 -0.5391860466 0.03925506986
vn 0.8412713276 -0.5391860466 0.03925506986
vn 0.8412778929 -0.5391761757 0.0392499489
vn 0.8412778929 -0.5391761757 0.0392499489
vn 0.8412778929 -0.5391761757 0.0392499489
vn -0.0293747185 0.9449649825 0.3258501308
vn 0.06716604252 0.9311072673 0.3585079908
vn 0.1839827616 0.862443543 0.4715309942
vn 0.8247749849 -0.5597726025 0.08000536066
vn 0.8247749849 -0.5597726025 0.08000536066
vn 0.8247749849 -0.5597726025 0.08000536066
vn -0.03497013942 0.9980885723 0.05095381471
vn -0.007973357719 0.9985966198 0.05235662733
vn 0.03577263926 0.9976176036 0.05898673763
vn -0.03497013942 0.9980885723 0.05095381471
vn -0.01296379131 0.9985848638 0.05157722305
vn -0.007973357719 0.9985966198 0.05235662733
vn 0.8269777352 -0.5622346712 2.84991495e-06
vn 0.8269777352 -0.5622346712 2.84991495e-06
vn 0.8269777352 -0.5622346712 2.84991495e-06
vn 0.8269772256 -0.5622354207 1.398086195e-06
vn 0.8269772256 -0.5622354207 1.398086195e-06
vn 0.8269772256 -0.5622354207 1.398086195e-06
vn -0.03497011666 0.9980885726 0.05095382426
vn -0.01564162065 0.9967651967 0.07883198834
vn -0.01296377791 0.9985848636 0.05157723003
vn -0.03497011666 0.9980885726 0.05095382426
vn -0.01558397063 0.9912857065 0.130804388
vn -0.01564162065 0.9967651967 0.07883198834
vn -0.02937477016 0.9449649814 0.3258501295
vn 0.3168990406 0.7114754011 0.6271983352
vn -0.06936421725 0.8321069852 0.550260457
vn -0.0293747185 0.9449649825 0.3258501308
vn 0.1839827616 0.862443543 0.4715309942
vn 0.316898955 0.7114754398 0.6271983345
vn 0.9990948035 -0.02477274443 -0.03458156674
vn 0.9990948035 -0.02477274443 -0.03458156674
vn 0.9990948035 -0.02477274443 -0.03458156674
vn 0.9943126826 -0.02478711656 -0.1035755191
vn 0.9943126826 -0.02478711656 -0.1035755191
vn 0.9943126826 -0.02478711656 -0.1035755191
vn 0.996224838 -0.04203436557 -0.07595514641
vn 0.996224838 -0.04203436557 -0.07595514641
vn 0.996224838 -0.04203436557 -0.07595514641
vn 0.9847704289 -0.02482389988 -0.1720784018
vn 0.9847704289 -0.02482389988 -0.1720784018
vn 0.9847704289 -0.02482389988 -0.1720784018
vn 0.9885005729 -0.04210836809 -0.1452360238
vn 0.9885005729 -0.04210836809 -0.1452360238
vn 0.9885005729 -0.04210836809 -0.1452360238
vn 0.9759665979 -0.04184414719 -0.2138650676
vn 0.9759665979 -0.04184414719 -0.2138650676
vn 0.9759665979 -0.04184414719 -0.2138650676
vn 0.9929350901 -0.09135264088 -0.07572715392
vn 0.9929350901 -0.09135264088 -0.07572715392
vn 0.9929350901 -0.09135264088 -0.07572715392
vn 0.9927764669 -0.1127023578 -0.04114687503
vn 0.9927764669 -0.1127023578 -0.04114687503
vn 0.9927764669 -0.1127023578 -0.04114687503
vn 0.9871222794 -0.1086730002 -0.117387327
vn 0.9871222794 -0.1086730002 -0.117387327
vn 0.9871222794 -0.1086730002 -0.117387327
vn 0.9852305765 -0.09135010504 -0.1448304849
vn 0.9852305765 -0.09135010504 -0.1448304849
vn 0.9852305765 -0.09135010504 -0.1448304849
vn 0.9764696695 -0.108548635 -0.1863442469
vn 0.9764696695 -0.108548635 -0.1863442469
vn 0.9764696695 -0.108548635 -0.1863442469
vn 0.9871078576 -0.1546772668 -0.04114633193
vn 0.9871078576 -0.1546772668 -0.04114633193
vn 0.9871078576 -0.1546772668 -0.04114633193
vn 0.9806535659 -0.1573199476 -0.1164861271
vn 0.9806535659 -0.1573199476 -0.1164861271
vn 0.9806535659 -0.1573199476 -0.1164861271
vn 0.9804971342 -0.178645787 -0.08192101398
vn 0.9804971342 -0.178645787 -0.08192101398
vn 0.9804971342 -0.178645787 -0.08192101398
vn 0.9727397085 -0.09126574002 -0.2131854219
vn 0.9727397085 -0.09126574002 -0.2131854219
vn 0.9727397085 -0.09126574002 -0.2131854219
vn 0.970515727 -0.02483801477 -0.2397546593
vn 0.970515727 -0.02483801477 -0.2397546593
vn 0.970515727 -0.02483801477 -0.2397546593
vn 0.9516123228 -0.02501651794 -0.3062811796
vn 0.9516123228 -0.02501651794 -0.3062811796
vn 0.9516123228 -0.02501651794 -0.3062811796
vn 0.9583510878 -0.04233131657 -0.2824380501
vn 0.9583510878 -0.04233131657 -0.2824380501
vn 0.9583510878 -0.04233131657 -0.2824380501
vn 0.9281571029 -0.02503794324 -0.371345518
vn 0.9281571029 -0.02503794324 -0.371345518
vn 0.9281571029 -0.02503794324 -0.371345518
vn 0.9358816051 -0.04107805267 -0.3499117243
vn 0.9358816051 -0.04107805267 -0.3499117243
vn 0.9358816051 -0.04107805267 -0.3499117243
vn 0.9551815076 -0.09043552033 -0.2818682391
vn 0.9551815076 -0.09043552033 -0.2818682391
vn 0.9551815076 -0.09043552033 -0.2818682391
vn 0.960574609 -0.1087559026 -0.2558682751
vn 0.960574609 -0.1087559026 -0.2558682751
vn 0.960574609 -0.1087559026 -0.2558682751
vn 0.939520911 -0.1082040157 -0.3249497635
vn 0.939520911 -0.1082040157 -0.3249497635
vn 0.939520911 -0.1082040157 -0.3249497635
vn 0.9327815068 -0.09089145634 -0.3487942139
vn 0.9327815068 -0.09089145634 -0.3487942139
vn 0.9327815068 -0.09089145634 -0.3487942139
vn 0.9138387945 -0.106944408 -0.3917416895
vn 0.9138387945 -0.106944408 -0.3917416895
vn 0.9138387945 -0.106944408 -0.3917416895
vn 0.9002594329 -0.02510091024 -0.4346296099
vn 0.9002594329 -0.02510091024 -0.4346296099
vn 0.9002594329 -0.02510091024 -0.4346296099
vn 0.9092157233 -0.04109131484 -0.414292496
vn 0.9092157233 -0.04109131484 -0.414292496
vn 0.9092157233 -0.04109131484 -0.414292496
vn 0.9061701917 -0.09085269178 -0.4130391894
vn 0.9061701917 -0.09085269178 -0.4130391894
vn 0.9061701917 -0.09085269178 -0.4130391894
vn 0.9718659114 -0.1746833585 -0.1579948557
vn 0.9718659114 -0.1746833585 -0.1579948557
vn 0.9718659114 -0.1746833585 -0.1579948557
vn 0.9700005806 -0.1571925929 -0.1854436906
vn 0.9700005806 -0.1571925929 -0.1854436906
vn 0.9700005806 -0.1571925929 -0.1854436906
vn 0.9578318364 -0.1746819847 -0.2281323682
vn 0.9578318364 -0.1746819847 -0.2281323682
vn 0.9578318364 -0.1746819847 -0.2281323682
vn 0.9623259054 -0.2222606857 -0.1566174939
vn 0.9623259054 -0.2222606857 -0.1566174939
vn 0.9623259054 -0.2222606857 -0.1566174939
vn 0.9484162441 -0.2229916228 -0.225347208
vn 0.9484162441 -0.2229916228 -0.225347208
vn 0.9484162441 -0.2229916228 -0.225347208
vn 0.9685788644 -0.2453415623 -0.04077378043
vn 0.9685788644 -0.2453415623 -0.04077378043
vn 0.9685788644 -0.2453415623 -0.04077378043
vn 0.9718763199 -0.2206956002 -0.08215759722
vn 0.9718763199 -0.2206956002 -0.08215759722
vn 0.9718763199 -0.2206956002 -0.08215759722
vn 0.9621724996 -0.2435707562 -0.1220547732
vn 0.9621724996 -0.2435707562 -0.1220547732
vn 0.9621724996 -0.2435707562 -0.1220547732
vn 0.9563987948 -0.2892041237 -0.04077155932
vn 0.9563987948 -0.2892041237 -0.04077155932
vn 0.9563987948 -0.2892041237 -0.04077155932
vn 0.9499919295 -0.2874362582 -0.1220480702
vn 0.9499919295 -0.2874362582 -0.1220480702
vn 0.9499919295 -0.2874362582 -0.1220480702
vn 0.9501560053 -0.2397482256 -0.1993096936
vn 0.9501560053 -0.2397482256 -0.1993096936
vn 0.9501560053 -0.2397482256 -0.1993096936
vn 0.9380658005 -0.2857737685 -0.1958721703
vn 0.9380658005 -0.2857737685 -0.1958721703
vn 0.9380658005 -0.2857737685 -0.1958721703
vn 0.9542652866 -0.1571203518 -0.254344172
vn 0.9542652866 -0.1571203518 -0.254344172
vn 0.9542652866 -0.1571203518 -0.254344172
vn 0.933211018 -0.1565684559 -0.3234246658
vn 0.933211018 -0.1565684559 -0.3234246658
vn 0.933211018 -0.1565684559 -0.3234246658
vn 0.9386242282 -0.1747029148 -0.2974280582
vn 0.9386242282 -0.1747029148 -0.2974280582
vn 0.9386242282 -0.1747029148 -0.2974280582
vn 0.9291737727 -0.2228093284 -0.2949442375
vn 0.9291737727 -0.2228093284 -0.2949442375
vn 0.9291737727 -0.2228093284 -0.2949442375
vn 0.9146058877 -0.1734340961 -0.3652624871
vn 0.9146058877 -0.1734340961 -0.3652624871
vn 0.9146058877 -0.1734340961 -0.3652624871
vn 0.9327404987 -0.2403735267 -0.2687298451
vn 0.9327404987 -0.2403735267 -0.2687298451
vn 0.9327404987 -0.2403735267 -0.2687298451
vn 0.9206492046 -0.2863975089 -0.2652951355
vn 0.9206492046 -0.2863975089 -0.2652951355
vn 0.9206492046 -0.2863975089 -0.2652951355
vn 0.907865614 -0.1561235083 -0.3891085673
vn 0.907865614 -0.1561235083 -0.3891085673
vn 0.907865614 -0.1561235083 -0.3891085673
vn 0.885811015 -0.1721635815 -0.4309275426
vn 0.885811015 -0.1721635815 -0.4309275426
vn 0.885811015 -0.1721635815 -0.4309275426
vn 0.9050786479 -0.2216076848 -0.362936186
vn 0.9050786479 -0.2216076848 -0.362936186
vn 0.9050786479 -0.2216076848 -0.362936186
vn 0.8770246735 -0.2202870499 -0.4269676074
vn 0.8770246735 -0.2202870499 -0.4269676074
vn 0.8770246735 -0.2202870499 -0.4269676074
vn 0.9105671714 -0.2396761454 -0.3367829741
vn 0.9105671714 -0.2396761454 -0.3367829741
vn 0.9105671714 -0.2396761454 -0.3367829741
vn 0.8984735978 -0.2856968104 -0.3333504562
vn 0.8984735978 -0.2856968104 -0.3333504562
vn 0.8984735978 -0.2856968104 -0.3333504562
vn 0.8837665178 -0.2375968222 -0.4031184591
vn 0.8837665178 -0.2375968222 -0.4031184591
vn 0.8837665178 -0.2375968222 -0.4031184591
vn 0.8716710481 -0.2836176759 -0.3996881257
vn 0.8716710481 -0.2836176759 -0.3996881257
vn 0.8716710481 -0.2836176759 -0.3996881257
vn 0.1315394568 0.1531772999 0.9794049653
vn 0.08652661127 0.3202425913 0.943375762
vn 0.09923539611 0.3293885134 0.9389651449
vn 0.1315394599 0.1531773029 0.9794049644
vn 0.09888806379 0.1109315381 0.9888960232
vn 0.0865266053 0.3202425832 0.9433757652
vn 0.09923539541 0.3293885195 0.9389651429
vn 0.08652661127 0.3202425835 0.9433757646
vn 0.05108115563 0.5961751041 0.8012277834
vn 0.09888806278 0.110931533 0.9888960239
vn 0.07219343853 0.1312115187 0.9887222283
vn 0.08652660591 0.3202425992 0.9433757598
vn 0.05907189503 0.3180338598 0.9462372722
vn 0.05108116175 0.5961751036 0.8012277833
vn 0.08652660689 0.3202425841 0.9433757648
vn -0.009171082653 0.7714404956 0.6362353754
vn 0.06733116744 0.6137120782 0.7866536715
vn 0.05108116341 0.5961751111 0.8012277777
vn 0.09923539704 0.3293885263 0.9389651403
vn 0.0510811562 0.5961751074 0.8012277808
vn 0.06733116375 0.6137120755 0.7866536739
vn -0.009171079863 0.77144049 0.6362353823
vn 0.002095188413 0.7951876128 0.6063598525
vn 0.06733116571 0.6137120825 0.7866536684
vn -0.009171080636 0.7714404942 0.6362353772
vn -0.06513581996 0.8874307488 0.4563156703
vn 0.002095187972 0.7951876145 0.6063598501
vn -0.009171075883 0.7714404933 0.6362353784
vn 0.05108115852 0.5961751129 0.8012277766
vn -0.01362691882 0.7577726378 0.6523763764
vn -0.009171076183 0.7714404973 0.6362353734
vn -0.01362692044 0.7577726386 0.6523763755
vn -0.07732926654 0.8707603522 0.4855889142
vn 0.8680538034 -0.02512429315 -0.4958340089
vn 0.8680538034 -0.02512429315 -0.4958340089
vn 0.8680538034 -0.02512429315 -0.4958340089
vn 0.878100135 -0.04076407272 -0.4767372896
vn 0.878100135 -0.04076407272 -0.4767372896
vn 0.878100135 -0.04076407272 -0.4767372896
vn 0.8841399172 -0.1067391944 -0.4548663004
vn 0.8841399172 -0.1067391944 -0.4548663004
vn 0.8841399172 -0.1067391944 -0.4548663004
vn 0.8751838303 -0.09075000044 -0.4752027995
vn 0.8751838303 -0.09075000044 -0.4752027995
vn 0.8751838303 -0.09075000044 -0.4752027995
vn 0.07219343835 0.1312115096 0.9887222296
vn 0.0590718892 0.3180339104 0.9462372555
vn 0.08652660572 0.3202425928 0.943375762
vn 0.07219343137 0.1312115054 0.9887222306
vn 0.01841017418 0.3082126037 0.9511393465
vn 0.05907187456 0.318033902 0.9462372593
vn 0.07219344599 0.1312115049 0.9887222296
vn 0.06855552612 0.111093574 0.991442564
vn 0.01841018951 0.3082126038 0.9511393462
vn 0.05907188068 0.3180338596 0.9462372731
vn 0.01841017806 0.3082125815 0.9511393536
vn 0.02026156627 0.5869107074 0.8093981038
vn 0.8781654179 -0.1559183253 -0.4522333188
vn 0.8781654179 -0.1559183253 -0.4522333188
vn 0.8781654179 -0.1559183253 -0.4522333188
vn 0.8531285741 -0.1713919392 -0.4927437865
vn 0.8531285741 -0.1713919392 -0.4927437865
vn 0.8531285741 -0.1713919392 -0.4927437865
vn 0.8520085562 -0.235747893 -0.4674444899
vn 0.8520085562 -0.235747893 -0.4674444899
vn 0.8520085562 -0.235747893 -0.4674444899
vn -0.01362691488 0.7577726363 0.6523763782
vn 0.05108116288 0.5961751113 0.8012277775
vn 0.02026157426 0.5869107003 0.8093981088
vn 0.05907189272 0.3180338566 0.9462372734
vn 0.02026157325 0.5869107059 0.8093981047
vn 0.05108116317 0.5961751117 0.8012277772
vn 0.01841018865 0.3082125845 0.9511393524
vn 0.02473078984 0.5982311681 0.8009418565
vn 0.02026157814 0.5869107103 0.8093981014
vn -0.01362691875 0.7577726345 0.6523763802
vn 0.02026158815 0.5869107083 0.8093981026
vn 0.02473077947 0.5982311627 0.8009418609
vn -0.01362692136 0.7577726355 0.652376379
vn 0.02473076462 0.5982311702 0.8009418558
vn 0.01993492487 0.7596180007 0.6500639136
vn -0.1707447472 0.9408958084 0.2925086479
vn -0.1162862129 0.922123923 0.3690054028
vn -0.1432152195 0.9037467184 0.4033996404
vn -0.1707447466 0.9408958058 0.2925086565
vn -0.143215219 0.9037467178 0.4033996419
vn -0.1992348245 0.9278968901 0.3151394075
vn -0.2133937614 0.9722091396 0.09629377697
vn -0.1750294012 0.9654724187 0.1929448559
vn -0.2237104866 0.9534235228 0.2023294453
vn -0.2133937641 0.9722091378 0.0962937894
vn -0.2237104874 0.9534235211 0.2023294522
vn -0.2604329093 0.9526117772 0.1571798385
vn -0.1707447376 0.9408958037 0.2925086686
vn -0.2237104865 0.9534235227 0.2023294454
vn -0.1750293984 0.9654724194 0.1929448549
vn -0.1707447474 0.9408958049 0.2925086588
vn -0.1992348217 0.927896889 0.3151394122
vn -0.2237104822 0.9534235228 0.20232945
vn 0.9468922523 -0.3108572689 -0.08223637258
vn 0.9468922523 -0.3108572689 -0.08223637258
vn 0.9468922523 -0.3108572689 -0.08223637258
vn 0.9309448258 -0.3558432012 -0.0819594257
vn 0.9309448258 -0.3558432012 -0.0819594257
vn 0.9309448258 -0.3558432012 -0.0819594257
vn 0.9379162487 -0.3070750988 -0.1613009424
vn 0.9379162487 -0.3070750988 -0.1613009424
vn 0.9379162487 -0.3070750988 -0.1613009424
vn 0.92242142 -0.3041309696 -0.2379980616
vn 0.92242142 -0.3041309696 -0.2379980616
vn 0.92242142 -0.3041309696 -0.2379980616
vn 0.9220007653 -0.3512720761 -0.1628573524
vn 0.9220007653 -0.3512720761 -0.1628573524
vn 0.9220007653 -0.3512720761 -0.1628573524
vn 0.9246308957 -0.3786311693 -0.04118427312
vn 0.9246308957 -0.3786311693 -0.04118427312
vn 0.9246308957 -0.3786311693 -0.04118427312
vn 0.9188679976 -0.3754859061 -0.1212103025
vn 0.9188679976 -0.3754859061 -0.1212103025
vn 0.9188679976 -0.3754859061 -0.1212103025
vn 0.9080214583 -0.3474738435 -0.2340063234
vn 0.9080214583 -0.3474738435 -0.2340063234
vn 0.9080214583 -0.3474738435 -0.2340063234
vn 0.9057458339 -0.421815466 -0.04118491303
vn 0.9057458339 -0.421815466 -0.04118491303
vn 0.9057458339 -0.421815466 -0.04118491303
vn 0.8996306896 -0.4191869072 -0.1222577575
vn 0.8996306896 -0.4191869072 -0.1222577575
vn 0.8996306896 -0.4191869072 -0.1222577575
vn 0.8936672978 -0.4414623577 -0.0804347408
vn 0.8936672978 -0.4414623577 -0.0804347408
vn 0.8936672978 -0.4414623577 -0.0804347408
vn 0.9078765954 -0.3687686752 -0.1994235486
vn 0.9078765954 -0.3687686752 -0.1994235486
vn 0.9078765954 -0.3687686752 -0.1994235486
vn 0.8856122407 -0.4364267836 -0.1588163146
vn 0.8856122407 -0.4364267836 -0.1588163146
vn 0.8856122407 -0.4364267836 -0.1588163146
vn 0.8886399534 -0.4124691469 -0.200470038
vn 0.8886399534 -0.4124691469 -0.200470038
vn 0.8886399534 -0.4124691469 -0.200470038
vn 0.8722391374 -0.4282734871 -0.2361793965
vn 0.8722391374 -0.4282734871 -0.2361793965
vn 0.8722391374 -0.4282734871 -0.2361793965
vn -0.1992348835 0.9278968833 0.3151393901
vn -0.1432152243 0.9037467175 0.4033996407
vn -0.1045955845 0.8941230181 0.4354351756
vn -0.1992349101 0.927896872 0.3151394064
vn -0.1045955672 0.8941230255 0.4354351646
vn -0.1263479185 0.935517074 0.3299151524
vn 0.9018382783 -0.3039361325 -0.3071002233
vn 0.9018382783 -0.3039361325 -0.3071002233
vn 0.9018382783 -0.3039361325 -0.3071002233
vn 0.8892096683 -0.3650119551 -0.2758123248
vn 0.8892096683 -0.3650119551 -0.2758123248
vn 0.8892096683 -0.3650119551 -0.2758123248
vn 0.8874981832 -0.34721676 -0.3029645135
vn 0.8874981832 -0.34721676 -0.3029645135
vn 0.8874981832 -0.34721676 -0.3029645135
vn 0.865647788 -0.3637403829 -0.3440157568
vn 0.865647788 -0.3637403829 -0.3440157568
vn 0.865647788 -0.3637403829 -0.3440157568
vn 0.8765834737 -0.3020325014 -0.3746702307
vn 0.8765834737 -0.3020325014 -0.3746702307
vn 0.8765834737 -0.3020325014 -0.3746702307
vn 0.8622826586 -0.3455010812 -0.3702669571
vn 0.8622826586 -0.3455010812 -0.3702669571
vn 0.8622826586 -0.3455010812 -0.3702669571
vn 0.8723785324 -0.4069741455 -0.2707909546
vn 0.8723785324 -0.4069741455 -0.2707909546
vn 0.8723785324 -0.4069741455 -0.2707909546
vn -0.04428679958 0.9426289862 0.3308916343
vn -0.1045955701 0.8941230262 0.4354351625
vn -0.0467845863 0.8983242811 0.4368348525
vn -0.2604328282 0.9526118022 0.1571798213
vn -0.1699968138 0.9578294538 0.2316545287
vn -0.2115818856 0.9617207221 0.1741446476
vn -0.2604328253 0.9526118009 0.157179834
vn -0.2237104646 0.9534235267 0.202329451
vn -0.169996814 0.9578294542 0.2316545271
vn -0.211983697 0.9739726101 0.08025127377
vn -0.2604328228 0.9526118046 0.1571798157
vn -0.2115818881 0.961720721 0.1741446508
vn 0.8712239101 -0.4842068591 -0.08070078173
vn 0.8712239101 -0.4842068591 -0.08070078173
vn 0.8712239101 -0.4842068591 -0.08070078173
vn 0.8624821313 -0.5045633683 -0.03924768244
vn 0.8624821313 -0.5045633683 -0.03924768244
vn 0.8624821313 -0.5045633683 -0.03924768244
vn 0.857246079 -0.5013204466 -0.117503063
vn 0.857246079 -0.5013204466 -0.117503063
vn 0.857246079 -0.5013204466 -0.117503063
vn 0.863210212 -0.4790443999 -0.1593254307
vn 0.863210212 -0.4790443999 -0.1593254307
vn 0.863210212 -0.4790443999 -0.1593254307
vn -0.1699968217 0.9578294526 0.2316545282
vn -0.03519807276 0.977606351 0.2074775126
vn -0.03512865455 0.9776824098 0.2071305947
vn -0.1699968217 0.9578294526 0.2316545282
vn -0.03528931664 0.9773537543 0.2086487555
vn -0.03519807276 0.977606351 0.2074775126
vn -0.1699968217 0.9578294526 0.2316545282
vn -0.03770965705 0.9671381622 0.2514393704
vn -0.03528931664 0.9773537543 0.2086487555
vn -0.169996821 0.9578294528 0.2316545278
vn -0.03428937358 0.9659579609 0.2564165685
vn -0.0377096622 0.9671381617 0.2514393715
vn -0.2128556408 0.974465306 0.07148317015
vn -0.2115819814 0.9617206991 0.1741446583
vn -0.01457202977 0.9896089133 0.1430449391
vn -0.1699968271 0.9578294508 0.2316545314
vn -0.01457203376 0.9896089131 0.14304494
vn -0.2115819897 0.9617206958 0.1741446669
vn -0.1699968217 0.9578294526 0.2316545282
vn -0.0188723631 0.9879583422 0.1535648006
vn -0.0145720262 0.9896089142 0.1430449333
vn -0.1699968217 0.9578294526 0.2316545282
vn -0.03512865455 0.9776824098 0.2071305947
vn -0.0188723631 0.9879583422 0.1535648006
vn -0.2237104649 0.9534235264 0.202329452
vn -0.1992348917 0.9278968765 0.315139405
vn -0.1699968144 0.9578294538 0.2316545283
vn -0.1699968153 0.9578294535 0.231654529
vn -0.1992349095 0.9278968703 0.3151394119
vn -0.1263479179 0.9355170719 0.3299151586
vn -0.169996821 0.9578294528 0.2316545278
vn -0.1263479935 0.9355170672 0.329915143
vn -0.03428937358 0.9659579609 0.2564165685
vn -0.04428680638 0.9426289853 0.3308916361
vn -0.03332750245 0.961492826 0.272801802
vn -0.1263479311 0.9355170679 0.3299151647
vn -0.03428938695 0.9659579616 0.2564165641
vn -0.1263479311 0.9355170679 0.3299151647
vn -0.03432200071 0.9640554005 0.2634752074
vn -0.03432200071 0.9640554005 0.2634752074
vn -0.1263479311 0.9355170679 0.3299151647
vn -0.03347437882 0.9617252745 0.2719631635
vn -0.03332750245 0.961492826 0.272801802
vn -0.03347437882 0.9617252745 0.2719631635
vn -0.1263479311 0.9355170679 0.3299151647
vn -0.04428680898 0.9426289858 0.3308916344
vn -0.1263479381 0.93551707 0.3299151562
vn -0.1045955577 0.8941230276 0.4354351626
vn -0.07732926968 0.8707603459 0.4855889249
vn -0.143215219 0.9037467181 0.4033996412
vn -0.1162862131 0.9221239231 0.3690054025
vn -0.06513582344 0.8874307561 0.4563156556
vn -0.07732926598 0.8707603466 0.4855889244
vn -0.1162862158 0.9221239226 0.369005403
vn -0.009171080548 0.7714404953 0.6362353759
vn -0.07732926776 0.8707603517 0.4855889148
vn -0.06513582008 0.8874307486 0.4563156708
vn -0.07732926282 0.8707603465 0.485588925
vn -0.05607529712 0.8569092827 0.5124080818
vn -0.1432152224 0.9037467175 0.4033996414
vn -0.01362692186 0.7577726387 0.6523763753
vn -0.05607529989 0.8569092777 0.5124080899
vn -0.07732925927 0.8707603513 0.485588917
vn -0.05607528933 0.8569092826 0.5124080829
vn -0.1045955844 0.8941230182 0.4354351755
vn -0.1432152242 0.9037467174 0.403399641
vn -0.01362692823 0.7577726382 0.6523763758
vn 0.01215523287 0.848848448 0.5284965115
vn -0.05607526817 0.8569092808 0.5124080881
vn -0.01362692204 0.7577726356 0.6523763789
vn 0.01993492432 0.7596179973 0.6500639176
vn 0.01215522561 0.8488484507 0.5284965073
vn -0.05607527365 0.8569092922 0.5124080685
vn -0.04678458599 0.8983242813 0.4368348522
vn -0.1045955708 0.8941230261 0.4354351626
vn -0.05607526569 0.8569092855 0.5124080805
vn 0.01215523457 0.848848449 0.5284965099
vn -0.04678458287 0.8983242792 0.436834857
vn 0.8429292484 -0.04065212391 -0.5364864276
vn 0.8429292484 -0.04065212391 -0.5364864276
vn 0.8429292484 -0.04065212391 -0.5364864276
vn 0.8373357988 -0.06595786323 -0.5426954214
vn 0.8373357988 -0.06595786323 -0.5426954214
vn 0.8373357988 -0.06595786323 -0.5426954214
vn 0.8274015211 0 -0.5616108287
vn 0.8274015211 0 -0.5616108287
vn 0.8274015211 0 -0.5616108287
vn 0.8121414131 0 -0.5834606457
vn 0.8121414131 0 -0.5834606457
vn 0.8121414131 0 -0.5834606457
vn 0.7939959667 -0.04057199432 -0.6065676534
vn 0.7939959667 -0.04057199432 -0.6065676534
vn 0.7939959667 -0.04057199432 -0.6065676534
vn 0.8500827127 -0.1062633561 -0.5158172939
vn 0.8500827127 -0.1062633561 -0.5158172939
vn 0.8500827127 -0.1062633561 -0.5158172939
vn 0.8430489072 -0.1321354527 -0.5213528194
vn 0.8430489072 -0.1321354527 -0.5213528194
vn 0.8430489072 -0.1321354527 -0.5213528194
vn 0.80950972 -0.0811874511 -0.5814659156
vn 0.80950972 -0.0811874511 -0.5814659156
vn 0.80950972 -0.0811874511 -0.5814659156
vn 0.8153157278 -0.1470044184 -0.5600446097
vn 0.8153157278 -0.1470044184 -0.5600446097
vn 0.8153157278 -0.1470044184 -0.5600446097
vn 0.8024756347 -0.1070618663 -0.5870013735
vn 0.8024756347 -0.1070618663 -0.5870013735
vn 0.8024756347 -0.1070618663 -0.5870013735
vn 0.7591658983 0 -0.6508971799
vn 0.7591658983 0 -0.6508971799
vn 0.7591658983 0 -0.6508971799
vn 0.7770795088 -0.04057169547 -0.6280934441
vn 0.7770795088 -0.04057169547 -0.6280934441
vn 0.7770795088 -0.04057169547 -0.6280934441
vn 0.7722397692 -0.1214014808 -0.6236244217
vn 0.7722397692 -0.1214014808 -0.6236244217
vn 0.7722397692 -0.1214014808 -0.6236244217
vn 0.7567650383 -0.08088804658 -0.6486630872
vn 0.7567650383 -0.08088804658 -0.6486630872
vn 0.7567650383 -0.08088804658 -0.6486630872
vn 0.06855549496 0.1110935717 0.9914425664
vn 0.1263128361 0.3048350609 0.9439918713
vn 0.01841023618 0.3082126074 0.9511393441
vn 0.1087920695 0.1115677646 0.9877838425
vn 0.1263128834 0.3048350548 0.9439918669
vn 0.06855551387 0.1110935688 0.9914425654
vn 0.01841023119 0.3082125836 0.9511393519
vn 0.1263128377 0.3048350378 0.9439918785
vn 0.02473069854 0.5982311693 0.8009418584
vn 0.7407977349 0 -0.6717281564
vn 0.7407977349 0 -0.6717281564
vn 0.7407977349 0 -0.6717281564
vn 0.1087920713 0.1115678125 0.9877838369
vn 0.1511852946 0.1597309069 0.9755147585
vn 0.1757197589 0.3322413455 0.9266813124
vn 0.1087920794 0.1115677891 0.9877838386
vn 0.1757197611 0.3322413368 0.9266813151
vn 0.1263128753 0.3048350356 0.9439918742
vn 0.7383304513 -0.08101522336 -0.6695555827
vn 0.7383304513 -0.08101522336 -0.6695555827
vn 0.7383304513 -0.08101522336 -0.6695555827
vn 0.1263128758 0.3048350191 0.9439918795
vn 0.1757197637 0.3322413082 0.9266813248
vn 0.0989903304 0.6118612601 0.7847462729
vn 0.844734474 -0.1975507779 -0.4973905493
vn 0.844734474 -0.1975507779 -0.4973905493
vn 0.844734474 -0.1975507779 -0.4973905493
vn 0.8169734201 -0.2122985483 -0.5361751181
vn 0.8169734201 -0.2122985483 -0.5361751181
vn 0.8169734201 -0.2122985483 -0.5361751181
vn 0.8068929128 -0.1730404353 -0.5647838834
vn 0.8068929128 -0.1730404353 -0.5647838834
vn 0.8068929128 -0.1730404353 -0.5647838834
vn 0.8414339608 -0.2637601184 -0.471613708
vn 0.8414339608 -0.2637601184 -0.471613708
vn 0.8414339608 -0.2637601184 -0.471613708
vn 0.8064012053 -0.2403083074 -0.5403415712
vn 0.8064012053 -0.2403083074 -0.5403415712
vn 0.8064012053 -0.2403083074 -0.5403415712
vn 0.8146420685 -0.2775009798 -0.509265654
vn 0.8146420685 -0.2775009798 -0.509265654
vn 0.8146420685 -0.2775009798 -0.509265654
vn 0.7766574166 -0.1873812221 -0.6014079604
vn 0.7766574166 -0.1873812221 -0.6014079604
vn 0.7766574166 -0.1873812221 -0.6014079604
vn 0.7637185922 -0.1474813299 -0.6284768645
vn 0.7637185922 -0.1474813299 -0.6284768645
vn 0.7637185922 -0.1474813299 -0.6284768645
vn 0.7660861414 -0.2153929114 -0.6055723884
vn 0.7660861414 -0.2153929114 -0.6055723884
vn 0.7660861414 -0.2153929114 -0.6055723884
vn 0.7766426538 -0.2533327016 -0.5767570811
vn 0.7766426538 -0.2533327016 -0.5767570811
vn 0.7766426538 -0.2533327016 -0.5767570811
vn 0.763922397 -0.2826726329 -0.5801023651
vn 0.763922397 -0.2826726329 -0.5801023651
vn 0.763922397 -0.2826726329 -0.5801023651
vn 0.7335742775 -0.2273972043 -0.6404367969
vn 0.7335742775 -0.2273972043 -0.6404367969
vn 0.7335742775 -0.2273972043 -0.6404367969
vn 0.7314555165 -0.2948228209 -0.6148596033
vn 0.7314555165 -0.2948228209 -0.6148596033
vn 0.7314555165 -0.2948228209 -0.6148596033
vn 0.1263128604 0.3048350285 0.9439918785
vn 0.09899032569 0.6118612616 0.7847462723
vn 0.02473072407 0.5982311686 0.8009418582
vn 0.01993491911 0.7596179971 0.650063918
vn 0.02473075288 0.5982311611 0.8009418629
vn 0.06552147333 0.7695156011 0.6352579603
vn 0.06552146261 0.7695155999 0.6352579629
vn 0.02473071902 0.5982311546 0.8009418688
vn 0.09899032514 0.6118612642 0.7847462704
vn 0.7313240758 -0.1611630869 -0.66271529
vn 0.7313240758 -0.1611630869 -0.66271529
vn 0.7313240758 -0.1611630869 -0.66271529
vn 0.1757197631 0.3322412951 0.9266813296
vn 0.1468999083 0.6001457515 0.7862858856
vn 0.09899033048 0.6118612651 0.784746269
vn 0.06552147864 0.7695156049 0.6352579552
vn 0.09899033227 0.6118612669 0.7847462674
vn 0.09741014055 0.7698324771 0.6307687546
vn 0.0974101615 0.7698324689 0.6307687614
vn 0.09899032978 0.6118612681 0.7847462668
vn 0.1468999094 0.6001457466 0.7862858891
vn 0.7204833586 -0.04031659871 -0.6922992863
vn 0.7204833586 -0.04031659871 -0.6922992863
vn 0.7204833586 -0.04031659871 -0.6922992863
vn 0.6798794099 0 -0.7333239312
vn 0.6798794099 0 -0.7333239312
vn 0.6798794099 0 -0.7333239312
vn 0.6992136943 -0.04031522035 -0.7137750995
vn 0.6992136943 -0.04031522035 -0.7137750995
vn 0.6992136943 -0.04031522035 -0.7137750995
vn 0.1511853148 0.1597308441 0.9755147657
vn 0.2261024718 0.1187709385 0.9668356305
vn 0.1934798203 0.3297421498 0.9240322905
vn 0.1511852763 0.1597308687 0.9755147676
vn 0.1934798319 0.3297421462 0.9240322893
vn 0.175719747 0.3322413215 0.9266813232
vn 0.7158623209 -0.1206837012 -0.6877329291
vn 0.7158623209 -0.1206837012 -0.6877329291
vn 0.7158623209 -0.1206837012 -0.6877329291
vn 0.6776813762 -0.08106973324 -0.7308732111
vn 0.6776813762 -0.08106973324 -0.7308732111
vn 0.6776813762 -0.08106973324 -0.7308732111
vn 0.6945914654 -0.1206796975 -0.7092101993
vn 0.6945914654 -0.1206796975 -0.7092101993
vn 0.6945914654 -0.1206796975 -0.7092101993
vn 0.1757197497 0.332241302 0.9266813297
vn 0.1934798279 0.3297421848 0.9240322764
vn 0.1468999202 0.6001457461 0.7862858875
vn 0.6559498907 0 -0.7548044388
vn 0.6559498907 0 -0.7548044388
vn 0.6559498907 0 -0.7548044388
vn 0.1881253703 0.1487335692 0.9708177844
vn 0.1796366045 0.222432916 0.9582558574
vn 0.2261026194 0.1187708728 0.9668356041
vn 0.5876066542 -2.162304417e-07 -0.8091467234
vn 0.5876066542 -2.162304417e-07 -0.8091467234
vn 0.5876066542 -2.162304417e-07 -0.8091467234
vn 0.1896600263 0.1289228545 0.973348844
vn 0.1881253703 0.1487335692 0.9708177844
vn 0.2261026194 0.1187708728 0.9668356041
vn 0.6094947988 -0.04059790018 -0.7917498978
vn 0.6094947988 -0.04059790018 -0.7917498978
vn 0.6094947988 -0.04059790018 -0.7917498978
vn 0.634349088 -0.0405981545 -0.7719799379
vn 0.634349088 -0.0405981545 -0.7719799379
vn 0.634349088 -0.0405981545 -0.7719799379
vn 0.2261026194 0.1187708728 0.9668356041
vn 0.1796366045 0.222432916 0.9582558574
vn 0.1934798517 0.3297421377 0.9240322882
vn 0.6094972212 -0.04059854592 -0.791748
vn 0.6094972212 -0.04059854592 -0.791748
vn 0.6094972212 -0.04059854592 -0.791748
vn 0.6094958612 -0.04059908279 -0.7917490194
vn 0.6094958612 -0.04059908279 -0.7917490194
vn 0.6094958612 -0.04059908279 -0.7917490194
vn 0.653682838 -0.0809147559 -0.7524304284
vn 0.653682838 -0.0809147559 -0.7524304284
vn 0.653682838 -0.0809147559 -0.7524304284
vn 0.6306374032 -0.1201678263 -0.7667177833
vn 0.6306374032 -0.1201678263 -0.7667177833
vn 0.6306374032 -0.1201678263 -0.7667177833
vn 0.6306379023 -0.1201645705 -0.766717883
vn 0.6306379023 -0.1201645705 -0.766717883
vn 0.6306379023 -0.1201645705 -0.766717883
vn 0.1796365814 0.2224329275 0.958255859
vn 0.1806647169 0.2727737475 0.9449628261
vn 0.1934798421 0.3297421431 0.9240322883
vn 0.1806647169 0.2727737475 0.9449628261
vn 0.1807163579 0.2855777775 0.9411625423
vn 0.1934798421 0.3297421431 0.9240322883
vn 0.1807163579 0.2855777775 0.9411625423
vn 0.1800439145 0.3310935035 0.9262619936
vn 0.1934798421 0.3297421431 0.9240322883
vn 0.5864488786 -0.07985334316 -0.8060404186
vn 0.5864488786 -0.07985334316 -0.8060404186
vn 0.5864488786 -0.07985334316 -0.8060404186
vn 0.6054451152 -0.1207584906 -0.7866724855
vn 0.6054451152 -0.1207584906 -0.7866724855
vn 0.6054451152 -0.1207584906 -0.7866724855
vn 0.6054481979 -0.1207588487 -0.786670058
vn 0.6054481979 -0.1207588487 -0.786670058
vn 0.6054481979 -0.1207588487 -0.786670058
vn 0.1934798394 0.3297421849 0.9240322739
vn 0.1797068983 0.3455853692 0.9210191004
vn 0.1762570922 0.4354269293 0.8828005588
vn 0.1934798394 0.3297421849 0.9240322739
vn 0.1800439105 0.3310935512 0.9262619773
vn 0.1797068983 0.3455853692 0.9210191004
vn 0.7208981658 -0.2568842888 -0.6436740609
vn 0.7208981658 -0.2568842888 -0.6436740609
vn 0.7208981658 -0.2568842888 -0.6436740609
vn 0.6870449375 -0.2678351369 -0.6754506594
vn 0.6870449375 -0.2678351369 -0.6754506594
vn 0.6870449375 -0.2678351369 -0.6754506594
vn 0.09741013779 0.7698324826 0.6307687483
vn 0.1102787195 0.768575901 0.6301822661
vn 0.1078608184 0.7743559873 0.6234892531
vn 0.09741014547 0.769832474 0.6307687576
vn 0.111368339 0.7662775965 0.6327841166
vn 0.1102787239 0.7685758962 0.6301822711
vn 0.6725224721 -0.2964157667 -0.6781233058
vn 0.6725224721 -0.2964157667 -0.6781233058
vn 0.6725224721 -0.2964157667 -0.6781233058
vn 0.7207548869 -0.1891740955 -0.666877466
vn 0.7207548869 -0.1891740955 -0.666877466
vn 0.7207548869 -0.1891740955 -0.666877466
vn 0.6715479663 -0.1599328404 -0.7234948622
vn 0.6715479663 -0.1599328404 -0.7234948622
vn 0.6715479663 -0.1599328404 -0.7234948622
vn 0.1934798282 0.3297421855 0.924032276
vn 0.1623987133 0.6029829009 0.7810494729
vn 0.1468999209 0.6001457456 0.7862858877
vn 0.6868991813 -0.2001227565 -0.6986561365
vn 0.6868991813 -0.2001227565 -0.6986561365
vn 0.6868991813 -0.2001227565 -0.6986561365
vn 0.1468999217 0.600145741 0.7862858911
vn 0.1623987125 0.6029829057 0.7810494694
vn 0.1619177238 0.6062368849 0.7786266692
vn 0.1468999217 0.600145741 0.7862858911
vn 0.1619177238 0.6062368849 0.7786266692
vn 0.1597567485 0.616147712 0.7712585677
vn 0.09741014547 0.769832474 0.6307687576
vn 0.1468999144 0.6001457444 0.7862858899
vn 0.1387919791 0.7048071754 0.6956893215
vn 0.6870431637 -0.2678362226 -0.6754520332
vn 0.6870431637 -0.2678362226 -0.6754520332
vn 0.6870431637 -0.2678362226 -0.6754520332
vn 0.1429329879 0.6881228953 0.7113768635
vn 0.1387919848 0.7048071731 0.6956893227
vn 0.1468999217 0.600145741 0.7862858911
vn 0.6739343906 -0.2285108343 -0.7025633323
vn 0.6739343906 -0.2285108343 -0.7025633323
vn 0.6739343906 -0.2285108343 -0.7025633323
vn 0.1429329879 0.6881228953 0.7113768635
vn 0.1468999217 0.600145741 0.7862858911
vn 0.1597567485 0.616147712 0.7712585677
vn 0.6870425574 -0.2678354216 -0.6754529675
vn 0.6870425574 -0.2678354216 -0.6754529675
vn 0.6870425574 -0.2678354216 -0.6754529675
vn 0.09741014547 0.769832474 0.6307687576
vn 0.1387919791 0.7048071754 0.6956893215
vn 0.111368339 0.7662775965 0.6327841166
vn 0.6480729221 -0.1608038278 -0.7444082325
vn 0.6480729221 -0.1608038278 -0.7444082325
vn 0.6480729221 -0.1608038278 -0.7444082325
vn 0.1934798394 0.3297421849 0.9240322739
vn 0.1762570922 0.4354269293 0.8828005588
vn 0.1673570896 0.5539646596 0.8155456827
vn 0.1934798394 0.3297421849 0.9240322739
vn 0.1638961439 0.5878118491 0.7922217392
vn 0.1626524092 0.598065659 0.7847685399
vn 0.1934798394 0.3297421849 0.9240322739
vn 0.1673570896 0.5539646596 0.8155456827
vn 0.1638961439 0.5878118491 0.7922217392
vn 0.1934798394 0.3297421849 0.9240322739
vn 0.1626524092 0.598065659 0.7847685399
vn 0.1623986919 0.6029829017 0.7810494768
vn 0.6480642384 -0.1608115677 -0.7444141203
vn 0.6480642384 -0.1608115677 -0.7444141203
vn 0.6480642384 -0.1608115677 -0.7444141203
vn 0.6392650837 -0.2383578914 -0.7311126236
vn 0.6392650837 -0.2383578914 -0.7311126236
vn 0.6392650837 -0.2383578914 -0.7311126236
vn 0.6239251164 -0.1981862534 -0.7559362791
vn 0.6239251164 -0.1981862534 -0.7559362791
vn 0.6239251164 -0.1981862534 -0.7559362791
vn 0.6392696027 -0.2383587933 -0.7311083782
vn 0.6392696027 -0.2383587933 -0.7311083782
vn 0.6392696027 -0.2383587933 -0.7311083782
vn 0.6392870812 -0.2383606626 -0.7310924855
vn 0.6392870812 -0.2383606626 -0.7310924855
vn 0.6392870812 -0.2383606626 -0.7310924855
vn 0.6392549271 -0.2383492735 -0.7311243136
vn 0.6392549271 -0.2383492735 -0.7311243136
vn 0.6392549271 -0.2383492735 -0.7311243136
vn 0.1623986983 0.6029829017 0.7810494754
vn 0.1626524231 0.5980656591 0.784768537
vn 0.1622718779 0.6030150891 0.7810509842
vn 0.1623986994 0.602982906 0.7810494719
vn 0.1622718781 0.6030150952 0.7810509795
vn 0.1619177021 0.6062368853 0.7786266735
vn 0.6739322324 -0.2285127045 -0.7025647942
vn 0.6739322324 -0.2285127045 -0.7025647942
vn 0.6739322324 -0.2285127045 -0.7025647942
vn 0.8468321976 -0.2989688889 -0.439878202
vn 0.8468321976 -0.2989688889 -0.439878202
vn 0.8468321976 -0.2989688889 -0.439878202
vn 0.8347386217 -0.3278946151 -0.4423760334
vn 0.8347386217 -0.3278946151 -0.4423760334
vn 0.8347386217 -0.3278946151 -0.4423760334
vn 0.8374583898 -0.3608432966 -0.4104333815
vn 0.8374583898 -0.3608432966 -0.4104333815
vn 0.8374583898 -0.3608432966 -0.4104333815
vn 0.8488159474 -0.4057017938 -0.3389948995
vn 0.8488159474 -0.4057017938 -0.3389948995
vn 0.8488159474 -0.4057017938 -0.3389948995
vn 0.8504514746 -0.4236746664 -0.3118205676
vn 0.8504514746 -0.4236746664 -0.3118205676
vn 0.8504514746 -0.4236746664 -0.3118205676
vn 0.8240303949 -0.4210201248 -0.3790988826
vn 0.8240303949 -0.4210201248 -0.3790988826
vn 0.8240303949 -0.4210201248 -0.3790988826
vn 0.8235413989 -0.3897609106 -0.4121480279
vn 0.8235413989 -0.3897609106 -0.4121480279
vn 0.8235413989 -0.3897609106 -0.4121480279
vn 0.7961485054 -0.4036712227 -0.4507738916
vn 0.7961485054 -0.4036712227 -0.4507738916
vn 0.7961485054 -0.4036712227 -0.4507738916
vn 0.8084170008 -0.4496541368 -0.379833003
vn 0.8084170008 -0.4496541368 -0.379833003
vn 0.8084170008 -0.4496541368 -0.379833003
vn -0.01588933364 0.9168234032 0.3989766614
vn -0.02292333959 0.9256834194 0.3776039294
vn -0.04678458383 0.8983242788 0.4368348577
vn -0.0249956526 0.9284634685 0.3705817116
vn -0.04678458383 0.8983242788 0.4368348577
vn -0.02292333959 0.9256834194 0.3776039294
vn 0.7810249928 -0.4634343787 -0.4186030784
vn 0.7810249928 -0.4634343787 -0.4186030784
vn 0.7810249928 -0.4634343787 -0.4186030784
vn 0.7805358571 -0.4321755496 -0.4516503848
vn 0.7805358571 -0.4321755496 -0.4516503848
vn 0.7805358571 -0.4321755496 -0.4516503848
vn 0.7805369355 -0.4321733751 -0.4516506019
vn 0.7805369355 -0.4321733751 -0.4516506019
vn 0.7805369355 -0.4321733751 -0.4516506019
vn 0.8497010366 -0.471012622 -0.2369710074
vn 0.8497010366 -0.471012622 -0.2369710074
vn 0.8497010366 -0.471012622 -0.2369710074
vn 0.8467917702 -0.4948650633 -0.1950699028
vn 0.8467917702 -0.4948650633 -0.1950699028
vn 0.8467917702 -0.4948650633 -0.1950699028
vn 0.8468089994 -0.4948495396 -0.1950344884
vn 0.8468089994 -0.4948495396 -0.1950344884
vn 0.8468089994 -0.4948495396 -0.1950344884
vn 0.8468091155 -0.4948498864 -0.1950331043
vn 0.8468091155 -0.4948498864 -0.1950331043
vn 0.8468091155 -0.4948498864 -0.1950331043
vn 0.8468092895 -0.4948538096 -0.1950223946
vn 0.8468092895 -0.4948538096 -0.1950223946
vn 0.8468092895 -0.4948538096 -0.1950223946
vn 0.8497017118 -0.4710096086 -0.2369745757
vn 0.8497017118 -0.4710096086 -0.2369745757
vn 0.8497017118 -0.4710096086 -0.2369745757
vn 0.8412720083 -0.5391850659 -0.03925395236
vn 0.8412720083 -0.5391850659 -0.03925395236
vn 0.8412720083 -0.5391850659 -0.03925395236
vn 0.8412694197 -0.5391889992 -0.0392554032
vn 0.8412694197 -0.5391889992 -0.0392554032
vn 0.8412694197 -0.5391889992 -0.0392554032
vn -0.03497011666 0.9980885726 0.05095382426
vn -0.01457203644 0.9896089127 0.1430449425
vn -0.01558397063 0.9912857065 0.130804388
vn 0.8247768976 -0.5597710264 -0.07999666966
vn 0.8247768976 -0.5597710264 -0.07999666966
vn 0.8247768976 -0.5597710264 -0.07999666966
vn 0.824751763 -0.5597715234 -0.0802519226
vn 0.824751763 -0.5597715234 -0.0802519226
vn 0.824751763 -0.5597715234 -0.0802519226
vn 0.8247805276 -0.5597745291 -0.07993470941
vn 0.8247805276 -0.5597745291 -0.07993470941
vn 0.8247805276 -0.5597745291 -0.07993470941
vn -0.01558397063 0.9912857065 0.130804388
vn -0.01457203644 0.9896089127 0.1430449425
vn -0.01424198651 0.9896367524 0.1428854932
vn -0.01424195911 0.9896367519 0.1428854992
vn -0.01457203395 0.9896089128 0.1430449424
vn -0.01443853747 0.9895961238 0.1431469189
vn -0.01457202563 0.9896089132 0.1430449402
vn -0.01471940568 0.9894498259 0.1441262681
vn -0.01443854127 0.9895961238 0.1431469187
vn 0.8360298369 -0.5359503126 -0.1175218029
vn 0.8360298369 -0.5359503126 -0.1175218029
vn 0.8360298369 -0.5359503126 -0.1175218029
vn 0.8247760851 -0.5597707512 -0.08000697194
vn 0.8247760851 -0.5597707512 -0.08000697194
vn 0.8247760851 -0.5597707512 -0.08000697194
vn -0.0145720262 0.9896089142 0.1430449333
vn -0.0188723631 0.9879583422 0.1535648006
vn -0.01471943677 0.9894498337 0.1441262112
vn 0.8166451674 -0.5549371409 -0.1585416042
vn 0.8166451674 -0.5549371409 -0.1585416042
vn 0.8166451674 -0.5549371409 -0.1585416042
vn 0.8255407065 -0.5295457224 -0.195099641
vn 0.8255407065 -0.5295457224 -0.195099641
vn 0.8255407065 -0.5295457224 -0.195099641
vn 0.8360807299 -0.5358760347 -0.1174984619
vn 0.8360807299 -0.5358760347 -0.1174984619
vn 0.8360807299 -0.5358760347 -0.1174984619
vn 0.8312242031 -0.4852100834 -0.2713623022
vn 0.8312242031 -0.4852100834 -0.2713623022
vn 0.8312242031 -0.4852100834 -0.2713623022
vn 0.831357503 -0.4639154189 -0.3059855983
vn 0.831357503 -0.4639154189 -0.3059855983
vn 0.831357503 -0.4639154189 -0.3059855983
vn 0.8313571496 -0.4639172929 -0.3059837171
vn 0.8313571496 -0.4639172929 -0.3059837171
vn 0.8313571496 -0.4639172929 -0.3059837171
vn -0.02391114506 0.9514915991 0.3067441833
vn -0.02680606259 0.9538029363 0.29923468
vn -0.04428681003 0.9426289801 0.3308916504
vn -0.02391113969 0.9514915999 0.3067441812
vn -0.04428678983 0.9426289832 0.3308916442
vn -0.02623827131 0.949959828 0.3112681775
vn 0.8314192599 -0.4849019565 -0.2713155118
vn 0.8314192599 -0.4849019565 -0.2713155118
vn 0.8314192599 -0.4849019565 -0.2713155118
vn -0.04428681003 0.9426289801 0.3308916504
vn -0.02680606259 0.9538029363 0.29923468
vn -0.03332752102 0.9614928105 0.2728018544
vn 0.8313625936 -0.4639110973 -0.3059783192
vn 0.8313625936 -0.4639110973 -0.3059783192
vn 0.8313625936 -0.4639110973 -0.3059783192
vn 0.8065835846 -0.4792255845 -0.3460719004
vn 0.8065835846 -0.4792255845 -0.3460719004
vn 0.8065835846 -0.4792255845 -0.3460719004
vn -0.02623827131 0.949959828 0.3112681775
vn -0.04428678983 0.9426289832 0.3308916442
vn -0.03141249229 0.9462180963 0.3220008846
vn -0.04428679474 0.9426289831 0.3308916438
vn -0.04678459057 0.8983242846 0.436834845
vn -0.02499566631 0.9284634791 0.3705816841
vn 0.8065850626 -0.4792262096 -0.3460675898
vn 0.8065850626 -0.4792262096 -0.3460675898
vn 0.8065850626 -0.4792262096 -0.3460675898
vn 0.8084176677 -0.4496520356 -0.3798340708
vn 0.8084176677 -0.4496520356 -0.3798340708
vn 0.8084176677 -0.4496520356 -0.3798340708
vn -0.04428679474 0.9426289831 0.3308916438
vn -0.02499566631 0.9284634791 0.3705816841
vn -0.02963858221 0.9402420096 0.3392145602
vn 0.808411128 -0.4496670316 -0.3798302368
vn 0.808411128 -0.4496670316 -0.3798302368
vn 0.808411128 -0.4496670316 -0.3798302368
vn -0.04428679474 0.9426289831 0.3308916438
vn -0.02963858221 0.9402420096 0.3392145602
vn -0.03141249023 0.9462180948 0.3220008891
vn 0.8018108166 -0.3068926131 -0.512753682
vn 0.8018108166 -0.3068926131 -0.512753682
vn 0.8018108166 -0.3068926131 -0.512753682
vn 0.8072080938 -0.3421026494 -0.4810206551
vn 0.8072080938 -0.3421026494 -0.4810206551
vn 0.8072080938 -0.3421026494 -0.4810206551
vn 0.01993491085 0.7596180028 0.6500639116
vn 0.07703893022 0.8395100334 0.5378549127
vn 0.0121552311 0.8488484489 0.5284965101
vn 0.01993491972 0.7596179921 0.6500639238
vn 0.0655214731 0.7695156028 0.6352579584
vn 0.0770389198 0.8395100439 0.5378548977
vn 0.01215523421 0.8488484491 0.5284965096
vn 0.01127851991 0.8897800648 0.456250185
vn -0.04678458337 0.8983242793 0.4368348566
vn 0.01215523442 0.8488484496 0.5284965089
vn 0.07703893463 0.8395100363 0.5378549075
vn 0.02979447533 0.880065541 0.4739165885
vn 0.01215523442 0.8488484496 0.5284965089
vn 0.01926493372 0.8855561415 0.4641327209
vn 0.01127852088 0.8897800648 0.456250185
vn 0.01215523442 0.8488484496 0.5284965089
vn 0.02979447533 0.880065541 0.4739165885
vn 0.0261723266 0.8819043601 0.4707012949
vn 0.01215523442 0.8488484496 0.5284965089
vn 0.0261723266 0.8819043601 0.4707012949
vn 0.02358789875 0.8832431196 0.4683216872
vn 0.01215523442 0.8488484496 0.5284965089
vn 0.02358789875 0.8832431196 0.4683216872
vn 0.01926493372 0.8855561415 0.4641327209
vn 0.001637968156 0.8949919751 0.4460792323
vn -0.01588933364 0.9168234032 0.3989766614
vn -0.04678458383 0.8983242788 0.4368348577
vn 0.001637968644 0.8949919746 0.4460792334
vn -0.04678458337 0.8983242793 0.4368348566
vn 0.01127851991 0.8897800648 0.456250185
vn 0.7720540783 -0.319916053 -0.5491686619
vn 0.7720540783 -0.319916053 -0.5491686619
vn 0.7720540783 -0.319916053 -0.5491686619
vn 0.7634567307 -0.3835544743 -0.5196342806
vn 0.7634567307 -0.3835544743 -0.5196342806
vn 0.7634567307 -0.3835544743 -0.5196342806
vn 0.7580579495 -0.3483321509 -0.55137361
vn 0.7580579495 -0.3483321509 -0.55137361
vn 0.7580579495 -0.3483321509 -0.55137361
vn 0.7580573023 -0.3483358828 -0.5513721421
vn 0.7580573023 -0.3483358828 -0.5513721421
vn 0.7580573023 -0.3483358828 -0.5513721421
vn 0.06552148288 0.7695156045 0.6352579553
vn 0.08861272297 0.8261673307 0.5564129105
vn 0.07703890851 0.8395100424 0.5378549017
vn 0.7174579998 -0.3232410963 -0.6170649983
vn 0.7174579998 -0.3232410963 -0.6170649983
vn 0.7174579998 -0.3232410963 -0.6170649983
vn 0.06552147823 0.7695156063 0.6352579536
vn 0.09088252664 0.8197326316 0.5654898575
vn 0.08861270469 0.8261673373 0.5564129037
vn 0.06552147823 0.7695156063 0.6352579536
vn 0.09741013499 0.7698324862 0.6307687443
vn 0.09721075263 0.803263507 0.58763748
vn 0.06552147823 0.7695156063 0.6352579536
vn 0.09721075263 0.803263507 0.58763748
vn 0.09088252664 0.8197326316 0.5654898575
vn 0.7580576833 -0.3483341437 -0.551372717
vn 0.7580576833 -0.3483341437 -0.551372717
vn 0.7580576833 -0.3483341437 -0.551372717
vn 0.07703890851 0.8395100424 0.5378549017
vn 0.08788089313 0.838778647 0.5373335369
vn 0.08774674788 0.8420728526 0.5321783716
vn 0.07703891273 0.8395100447 0.5378548974
vn 0.08774674131 0.8420728497 0.5321783772
vn 0.07506937111 0.8514038548 0.5191108412
vn 0.07703890851 0.8395100424 0.5378549017
vn 0.08861272297 0.8261673307 0.5564129105
vn 0.08788089313 0.838778647 0.5373335369
vn 0.7254275331 -0.3608070302 -0.5861511589
vn 0.7254275331 -0.3608070302 -0.5861511589
vn 0.7254275331 -0.3608070302 -0.5861511589
vn 0.7254248993 -0.3608044768 -0.5861559903
vn 0.7254248993 -0.3608044768 -0.5861559903
vn 0.7254248993 -0.3608044768 -0.5861559903
vn 0.7932909768 -0.3710210466 -0.4827347193
vn 0.7932909768 -0.3710210466 -0.4827347193
vn 0.7932909768 -0.3710210466 -0.4827347193
vn 0.7932948602 -0.3710191492 -0.4827297957
vn 0.7932948602 -0.3710191492 -0.4827297957
vn 0.7932948602 -0.3710191492 -0.4827297957
vn 0.7961502976 -0.4036844535 -0.4507588775
vn 0.7961502976 -0.4036844535 -0.4507588775
vn 0.7961502976 -0.4036844535 -0.4507588775
vn 0.7634283638 -0.383558101 -0.5196732785
vn 0.7634283638 -0.383558101 -0.5196732785
vn 0.7634283638 -0.383558101 -0.5196732785
vn 0.7634548446 -0.3835492213 -0.5196409291
vn 0.7634548446 -0.3835492213 -0.5196409291
vn 0.7634548446 -0.3835492213 -0.5196409291
vn 0.07703892759 0.8395100357 0.5378549094
vn 0.07121795473 0.8542991918 0.5148794944
vn 0.02979444618 0.8800655378 0.4739165961
vn 0.07703891273 0.8395100447 0.5378548974
vn 0.07506937111 0.8514038548 0.5191108412
vn 0.07121792031 0.8542992117 0.5148794662
vn 0.7805454923 -0.4321574097 -0.4516510907
vn 0.7805454923 -0.4321574097 -0.4516510907
vn 0.7805454923 -0.4321574097 -0.4516510907
vn 0.7174572846 -0.3232436806 -0.6170644762
vn 0.7174572846 -0.3232436806 -0.6170644762
vn 0.7174572846 -0.3232436806 -0.6170644762
vn 0.09741013779 0.7698324826 0.6307687483
vn 0.1078608184 0.7743559873 0.6234892531
vn 0.1068768045 0.7769396863 0.6204370013
vn 0.09741013779 0.7698324826 0.6307687483
vn 0.1068768045 0.7769396863 0.6204370013
vn 0.0972107554 0.8032635039 0.5876374837
vn 0.6835916019 -0.3342029069 -0.6488535573
vn 0.6835916019 -0.3342029069 -0.6488535573
vn 0.6835916019 -0.3342029069 -0.6488535573
vn 0.7174565346 -0.3232446251 -0.6170648534
vn 0.7174565346 -0.3232446251 -0.6170648534
vn 0.7174565346 -0.3232446251 -0.6170648534
vn 0.6725262252 -0.2964075707 -0.6781231661
vn 0.6725262252 -0.2964075707 -0.6781231661
vn 0.6725262252 -0.2964075707 -0.6781231661
vn -0.8765830656 -0.3020320216 -0.3746715722
vn -0.8765830656 -0.3020320216 -0.3746715722
vn -0.8765830656 -0.3020320216 -0.3746715722
vn -0.871671071 -0.2836188468 -0.3996872448
vn -0.871671071 -0.2836188468 -0.3996872448
vn -0.871671071 -0.2836188468 -0.3996872448
vn -0.8716711277 -0.283618048 -0.3996876881
vn -0.8716711277 -0.283618048 -0.3996876881
vn -0.8716711277 -0.283618048 -0.3996876881
vn -0.8468319458 -0.2989697929 -0.4398780724
vn -0.8468319458 -0.2989697929 -0.4398780724
vn -0.8468319458 -0.2989697929 -0.4398780724
vn -0.8716694413 -0.2836194934 -0.3996903403
vn -0.8716694413 -0.2836194934 -0.3996903403
vn -0.8716694413 -0.2836194934 -0.3996903403
vn -0.8414338022 -0.2637615213 -0.4716132064
vn -0.8414338022 -0.2637615213 -0.4716132064
vn -0.8414338022 -0.2637615213 -0.4716132064
vn -0.8414343591 -0.2637576721 -0.4716143656
vn -0.8414343591 -0.2637576721 -0.4716143656
vn -0.8414343591 -0.2637576721 -0.4716143656
vn -0.8874970367 -0.3472197038 -0.3029644982
vn -0.8874970367 -0.3472197038 -0.3029644982
vn -0.8874970367 -0.3472197038 -0.3029644982
vn -0.9080223792 -0.3474712311 -0.234006629
vn -0.9080223792 -0.3474712311 -0.234006629
vn -0.9080223792 -0.3474712311 -0.234006629
vn -0.9080215056 -0.347473871 -0.2340060991
vn -0.9080215056 -0.347473871 -0.2340060991
vn -0.9080215056 -0.347473871 -0.2340060991
vn -0.8892083752 -0.365013127 -0.2758149427
vn -0.8892083752 -0.365013127 -0.2758149427
vn -0.8892083752 -0.365013127 -0.2758149427
vn -0.9080211722 -0.3474751973 -0.2340054231
vn -0.9080211722 -0.3474751973 -0.2340054231
vn -0.9080211722 -0.3474751973 -0.2340054231
vn -0.9078763225 -0.3687685172 -0.199425083
vn -0.9078763225 -0.3687685172 -0.199425083
vn -0.9078763225 -0.3687685172 -0.199425083
vn -0.9018387348 -0.3039354723 -0.3070995362
vn -0.9018387348 -0.3039354723 -0.3070995362
vn -0.9018387348 -0.3039354723 -0.3070995362
vn -0.9018383403 -0.3039355823 -0.3071005858
vn -0.9018383403 -0.3039355823 -0.3071005858
vn -0.9018383403 -0.3039355823 -0.3071005858
vn -0.9018385022 -0.3039350463 -0.3071006407
vn -0.9018385022 -0.3039350463 -0.3071006407
vn -0.9018385022 -0.3039350463 -0.3071006407
vn -0.8984739334 -0.285696392 -0.3333499102
vn -0.8984739334 -0.285696392 -0.3333499102
vn -0.8984739334 -0.285696392 -0.3333499102
vn -0.9224211015 -0.3041322063 -0.2379977156
vn -0.9224211015 -0.3041322063 -0.2379977156
vn -0.9224211015 -0.3041322063 -0.2379977156
vn -0.9380654577 -0.2857750722 -0.1958719101
vn -0.9380654577 -0.2857750722 -0.1958719101
vn -0.9380654577 -0.2857750722 -0.1958719101
vn -0.9206487586 -0.2863974706 -0.2652967247
vn -0.9206487586 -0.2863974706 -0.2652967247
vn -0.9206487586 -0.2863974706 -0.2652967247
vn -0.9499922294 -0.287435504 -0.1220475121
vn -0.9499922294 -0.287435504 -0.1220475121
vn -0.9499922294 -0.287435504 -0.1220475121
vn -0.956398591 -0.2892046883 -0.04077233629
vn -0.956398591 -0.2892046883 -0.04077233629
vn -0.956398591 -0.2892046883 -0.04077233629
vn -0.9188683064 -0.3754838973 -0.121214184
vn -0.9188683064 -0.3754838973 -0.121214184
vn -0.9188683064 -0.3754838973 -0.121214184
vn -0.9188678205 -0.3754870016 -0.1212082506
vn -0.9188678205 -0.3754870016 -0.1212082506
vn -0.9188678205 -0.3754870016 -0.1212082506
vn -0.9188677563 -0.3754869585 -0.1212088714
vn -0.9188677563 -0.3754869585 -0.1212088714
vn -0.9188677563 -0.3754869585 -0.1212088714
vn -0.9309442614 -0.3558447734 -0.08195900984
vn -0.9309442614 -0.3558447734 -0.08195900984
vn -0.9309442614 -0.3558447734 -0.08195900984
vn -0.9220006003 -0.3512718535 -0.1628587671
vn -0.9220006003 -0.3512718535 -0.1628587671
vn -0.9220006003 -0.3512718535 -0.1628587671
vn -0.9220007699 -0.351271322 -0.162858953
vn -0.9220007699 -0.351271322 -0.162858953
vn -0.9220007699 -0.351271322 -0.162858953
vn -0.9246308009 -0.3786315376 -0.04118301472
vn -0.9246308009 -0.3786315376 -0.04118301472
vn -0.9246308009 -0.3786315376 -0.04118301472
vn -0.9246309771 -0.3786308307 -0.04118555714
vn -0.9246309771 -0.3786308307 -0.04118555714
vn -0.9246309771 -0.3786308307 -0.04118555714
vn -0.9341729054 -0.3568206591 1.247640409e-06
vn -0.9341729054 -0.3568206591 1.247640409e-06
vn -0.9341729054 -0.3568206591 1.247640409e-06
vn -0.9309448008 -0.3558435244 -0.08195830623
vn -0.9309448008 -0.3558435244 -0.08195830623
vn -0.9309448008 -0.3558435244 -0.08195830623
vn -0.9379159193 -0.3070753467 -0.1613023861
vn -0.9379159193 -0.3070753467 -0.1613023861
vn -0.9379159193 -0.3070753467 -0.1613023861
vn -0.9468924922 -0.3108568351 -0.08223524928
vn -0.9468924922 -0.3108568351 -0.08223524928
vn -0.9468924922 -0.3108568351 -0.08223524928
vn -0.8984745848 -0.2856956205 -0.3333488156
vn -0.8984745848 -0.2856956205 -0.3333488156
vn -0.8984745848 -0.2856956205 -0.3333488156
vn -0.8765833308 -0.3020322083 -0.3746708013
vn -0.8765833308 -0.3020322083 -0.3746708013
vn -0.8765833308 -0.3020322083 -0.3746708013
vn -0.9050784346 -0.2216077657 -0.3629366687
vn -0.9050784346 -0.2216077657 -0.3629366687
vn -0.9050784346 -0.2216077657 -0.3629366687
vn -0.9078656324 -0.1561239361 -0.3891083527
vn -0.9078656324 -0.1561239361 -0.3891083527
vn -0.9078656324 -0.1561239361 -0.3891083527
vn -0.9138387761 -0.1069454243 -0.3917414548
vn -0.9138387761 -0.1069454243 -0.3917414548
vn -0.9138387761 -0.1069454243 -0.3917414548
vn -0.9061699414 -0.09085318767 -0.4130396297
vn -0.9061699414 -0.09085318767 -0.4130396297
vn -0.9061699414 -0.09085318767 -0.4130396297
vn -0.9281573069 -0.0250381803 -0.371344992
vn -0.9281573069 -0.0250381803 -0.371344992
vn -0.9281573069 -0.0250381803 -0.371344992
vn -0.9092154895 -0.04109193502 -0.4142929476
vn -0.9092154895 -0.04109193502 -0.4142929476
vn -0.9092154895 -0.04109193502 -0.4142929476
vn -0.9002592825 -0.02510166816 -0.4346298776
vn -0.9002592825 -0.02510166816 -0.4346298776
vn -0.9002592825 -0.02510166816 -0.4346298776
vn 0.08040165717 -0.8423545331 -0.5328924977
vn 0.08071912935 -0.833841259 -0.5460706703
vn 0.08039992058 -0.8423347338 -0.5329240556
vn 0.08040165717 -0.8423545331 -0.5328924977
vn 0.0803990267 -0.8423533363 -0.5328947864
vn 0.08039803632 -0.8423635396 -0.532878807
vn 0.08040165717 -0.8423545331 -0.5328924977
vn 0.08039992058 -0.8423347338 -0.5329240556
vn 0.0803990267 -0.8423533363 -0.5328947864
vn 0.08040165717 -0.8423545331 -0.5328924977
vn 0.08039803632 -0.8423635396 -0.532878807
vn 0.07822708046 -0.8583581574 -0.5070520658
vn -0.8068926375 -0.1730419817 -0.5647838031
vn -0.8068926375 -0.1730419817 -0.5647838031
vn -0.8068926375 -0.1730419817 -0.5647838031
vn -0.8153160926 -0.1470040468 -0.5600441762
vn -0.8153160926 -0.1470040468 -0.5600441762
vn -0.8153160926 -0.1470040468 -0.5600441762
vn -0.8520080301 -0.2357485965 -0.467445094
vn -0.8520080301 -0.2357485965 -0.467445094
vn -0.8520080301 -0.2357485965 -0.467445094
vn -0.8837667741 -0.2375965292 -0.40311807
vn -0.8837667741 -0.2375965292 -0.40311807
vn -0.8837667741 -0.2375965292 -0.40311807
vn -0.8770251173 -0.2202871887 -0.4269666241
vn -0.8770251173 -0.2202871887 -0.4269666241
vn -0.8770251173 -0.2202871887 -0.4269666241
vn -0.878165783 -0.1559182433 -0.4522326381
vn -0.878165783 -0.1559182433 -0.4522326381
vn -0.878165783 -0.1559182433 -0.4522326381
vn -0.8531282499 -0.1713922786 -0.4927442299
vn -0.8531282499 -0.1713922786 -0.4927442299
vn -0.8531282499 -0.1713922786 -0.4927442299
vn -0.8858114695 -0.1721637148 -0.4309265551
vn -0.8858114695 -0.1721637148 -0.4309265551
vn -0.8858114695 -0.1721637148 -0.4309265551
vn -0.8146426304 -0.2775003381 -0.5092651049
vn -0.8146426304 -0.2775003381 -0.5092651049
vn -0.8146426304 -0.2775003381 -0.5092651049
vn -0.8064014021 -0.2403061694 -0.5403422283
vn -0.8064014021 -0.2403061694 -0.5403422283
vn -0.8064014021 -0.2403061694 -0.5403422283
vn -0.8414338304 -0.2637597532 -0.471614145
vn -0.8414338304 -0.2637597532 -0.471614145
vn -0.8414338304 -0.2637597532 -0.471614145
vn -0.8169729065 -0.2122993194 -0.5361755953
vn -0.8169729065 -0.2122993194 -0.5361755953
vn -0.8169729065 -0.2122993194 -0.5361755953
vn -0.8447339867 -0.1975515852 -0.4973910562
vn -0.8447339867 -0.1975515852 -0.4973910562
vn -0.8447339867 -0.1975515852 -0.4973910562
vn -0.8064012679 -0.240307448 -0.5403418598
vn -0.8064012679 -0.240307448 -0.5403418598
vn -0.8064012679 -0.240307448 -0.5403418598
vn -0.8064010941 -0.2403079937 -0.5403418766
vn -0.8064010941 -0.2403079937 -0.5403418766
vn -0.8064010941 -0.2403079937 -0.5403418766
vn -0.843048503 -0.1321354904 -0.5213534634
vn -0.843048503 -0.1321354904 -0.5213534634
vn -0.843048503 -0.1321354904 -0.5213534634
vn -0.8024757031 -0.1070606754 -0.5870014972
vn -0.8024757031 -0.1070606754 -0.5870014972
vn -0.8024757031 -0.1070606754 -0.5870014972
vn -0.8095092546 -0.0811882106 -0.5814664575
vn -0.8095092546 -0.0811882106 -0.5814664575
vn -0.8095092546 -0.0811882106 -0.5814664575
vn -0.7939956144 -0.04057297143 -0.6065680493
vn -0.7939956144 -0.04057297143 -0.6065680493
vn -0.7939956144 -0.04057297143 -0.6065680493
vn -0.8751841565 -0.09075002172 -0.4752021946
vn -0.8751841565 -0.09075002172 -0.4752021946
vn -0.8751841565 -0.09075002172 -0.4752021946
vn -0.8500821754 -0.1062639124 -0.5158180648
vn -0.8500821754 -0.1062639124 -0.5158180648
vn -0.8500821754 -0.1062639124 -0.5158180648
vn -0.8841402637 -0.1067392611 -0.4548656111
vn -0.8841402637 -0.1067392611 -0.4548656111
vn -0.8841402637 -0.1067392611 -0.4548656111
vn -0.8781004488 -0.04076447856 -0.4767366768
vn -0.8781004488 -0.04076447856 -0.4767366768
vn -0.8781004488 -0.04076447856 -0.4767366768
vn -0.8429290802 -0.04065164586 -0.5364867281
vn -0.8429290802 -0.04065164586 -0.5364867281
vn -0.8429290802 -0.04065164586 -0.5364867281
vn -0.8680535746 -0.02512384961 -0.4958344318
vn -0.8680535746 -0.02512384961 -0.4958344318
vn -0.8680535746 -0.02512384961 -0.4958344318
vn -0.8373353452 -0.06595865328 -0.5426960252
vn -0.8373353452 -0.06595865328 -0.5426960252
vn -0.8373353452 -0.06595865328 -0.5426960252
vn -0.9501562499 -0.2397473332 -0.1993096007
vn -0.9501562499 -0.2397473332 -0.1993096007
vn -0.9501562499 -0.2397473332 -0.1993096007
vn -0.9578318867 -0.1746821089 -0.2281320617
vn -0.9578318867 -0.1746821089 -0.2281320617
vn -0.9578318867 -0.1746821089 -0.2281320617
vn -0.954265273 -0.1571201678 -0.2543443369
vn -0.954265273 -0.1571201678 -0.2543443369
vn -0.954265273 -0.1571201678 -0.2543443369
vn -0.9700004175 -0.1571930425 -0.1854441625
vn -0.9700004175 -0.1571930425 -0.1854441625
vn -0.9700004175 -0.1571930425 -0.1854441625
vn -0.9291735506 -0.2228104284 -0.2949441065
vn -0.9291735506 -0.2228104284 -0.2949441065
vn -0.9291735506 -0.2228104284 -0.2949441065
vn -0.9105671806 -0.2396770109 -0.3367823333
vn -0.9105671806 -0.2396770109 -0.3367823333
vn -0.9105671806 -0.2396770109 -0.3367823333
vn -0.9327400483 -0.2403734851 -0.2687314457
vn -0.9327400483 -0.2403734851 -0.2687314457
vn -0.9327400483 -0.2403734851 -0.2687314457
vn -0.9484164892 -0.2229908333 -0.2253469574
vn -0.9484164892 -0.2229908333 -0.2253469574
vn -0.9484164892 -0.2229908333 -0.2253469574
vn -0.9386242968 -0.174702646 -0.2974279996
vn -0.9386242968 -0.174702646 -0.2974279996
vn -0.9386242968 -0.174702646 -0.2974279996
vn -0.9332110719 -0.1565681593 -0.3234246539
vn -0.9332110719 -0.1565681593 -0.3234246539
vn -0.9332110719 -0.1565681593 -0.3234246539
vn -0.9146057086 -0.1734340085 -0.3652629772
vn -0.9146057086 -0.1734340085 -0.3652629772
vn -0.9146057086 -0.1734340085 -0.3652629772
vn -0.9621726333 -0.243570511 -0.1220542087
vn -0.9621726333 -0.243570511 -0.1220542087
vn -0.9621726333 -0.243570511 -0.1220542087
vn -0.9623260398 -0.2222599251 -0.1566177472
vn -0.9623260398 -0.2222599251 -0.1566177472
vn -0.9623260398 -0.2222599251 -0.1566177472
vn -0.9685786415 -0.2453423123 -0.04077456216
vn -0.9685786415 -0.2453423123 -0.04077456216
vn -0.9685786415 -0.2453423123 -0.04077456216
vn -0.9718760941 -0.2206962316 -0.08215857321
vn -0.9718760941 -0.2206962316 -0.08215857321
vn -0.9718760941 -0.2206962316 -0.08215857321
vn -0.9806536655 -0.1573200722 -0.1164851202
vn -0.9806536655 -0.1573200722 -0.1164851202
vn -0.9806536655 -0.1573200722 -0.1164851202
vn -0.9718657656 -0.1746839818 -0.1579950637
vn -0.9718657656 -0.1746839818 -0.1579950637
vn -0.9718657656 -0.1746839818 -0.1579950637
vn -0.9804972527 -0.1786446873 -0.08192199421
vn -0.9804972527 -0.1786446873 -0.08192199421
vn -0.9804972527 -0.1786446873 -0.08192199421
vn -0.9871080702 -0.1546758078 -0.04114671583
vn -0.9871080702 -0.1546758078 -0.04114671583
vn -0.9871080702 -0.1546758078 -0.04114671583
vn -0.955181086 -0.09043601174 -0.28186951
vn -0.955181086 -0.09043601174 -0.28186951
vn -0.955181086 -0.09043601174 -0.28186951
vn -0.9764695756 -0.1085486538 -0.1863447283
vn -0.9764695756 -0.1085486538 -0.1863447283
vn -0.9764695756 -0.1085486538 -0.1863447283
vn -0.9605744277 -0.1087572114 -0.2558683993
vn -0.9605744277 -0.1087572114 -0.2558683993
vn -0.9605744277 -0.1087572114 -0.2558683993
vn -0.9727398208 -0.09126664682 -0.2131845217
vn -0.9727398208 -0.09126664682 -0.2131845217
vn -0.9727398208 -0.09126664682 -0.2131845217
vn -0.9583506939 -0.04233166109 -0.2824393352
vn -0.9583506939 -0.04233166109 -0.2824393352
vn -0.9583506939 -0.04233166109 -0.2824393352
vn -0.9516122327 -0.02501764484 -0.3062813673
vn -0.9516122327 -0.02501764484 -0.3062813673
vn -0.9516122327 -0.02501764484 -0.3062813673
vn -0.9759668036 -0.04184388082 -0.2138641809
vn -0.9759668036 -0.04184388082 -0.2138641809
vn -0.9759668036 -0.04184388082 -0.2138641809
vn -0.9705158914 -0.02483757735 -0.2397540391
vn -0.9705158914 -0.02483757735 -0.2397540391
vn -0.9705158914 -0.02483757735 -0.2397540391
vn -0.9395209222 -0.1082039829 -0.3249497419
vn -0.9395209222 -0.1082039829 -0.3249497419
vn -0.9395209222 -0.1082039829 -0.3249497419
vn -0.932781836 -0.09089219829 -0.3487931404
vn -0.932781836 -0.09089219829 -0.3487931404
vn -0.932781836 -0.09089219829 -0.3487931404
vn -0.9358819759 -0.04107868187 -0.3499106588
vn -0.9358819759 -0.04107868187 -0.3499106588
vn -0.9358819759 -0.04107868187 -0.3499106588
vn -0.987122223 -0.1086746291 -0.1173862937
vn -0.987122223 -0.1086746291 -0.1173862937
vn -0.987122223 -0.1086746291 -0.1173862937
vn -0.9852303881 -0.09135038196 -0.1448315923
vn -0.9852303881 -0.09135038196 -0.1448315923
vn -0.9852303881 -0.09135038196 -0.1448315923
vn -0.9927764926 -0.1127019911 -0.04114725944
vn -0.9927764926 -0.1127019911 -0.04114725944
vn -0.9927764926 -0.1127019911 -0.04114725944
vn -0.9929351426 -0.0913538286 -0.07572503256
vn -0.9929351426 -0.0913538286 -0.07572503256
vn -0.9929351426 -0.0913538286 -0.07572503256
vn -0.9885004848 -0.04210656265 -0.1452371469
vn -0.9885004848 -0.04210656265 -0.1452371469
vn -0.9885004848 -0.04210656265 -0.1452371469
vn -0.9847706338 -0.02482354447 -0.1720772802
vn -0.9847706338 -0.02482354447 -0.1720772802
vn -0.9847706338 -0.02482354447 -0.1720772802
vn -0.9943124778 -0.0247857737 -0.103577806
vn -0.9943124778 -0.0247857737 -0.103577806
vn -0.9943124778 -0.0247857737 -0.103577806
vn -0.9962249405 -0.04203577172 -0.07595302426
vn -0.9962249405 -0.04203577172 -0.07595302426
vn -0.9962249405 -0.04203577172 -0.07595302426
vn -0.9990947781 -0.02477474755 -0.03458086461
vn -0.9990947781 -0.02477474755 -0.03458086461
vn -0.9990947781 -0.02477474755 -0.03458086461
vn -0.7313248158 -0.1611625352 -0.6627146075
vn -0.7313248158 -0.1611625352 -0.6627146075
vn -0.7313248158 -0.1611625352 -0.6627146075
vn -0.7766570107 -0.1873821398 -0.6014081986
vn -0.7766570107 -0.1873821398 -0.6014081986
vn -0.7766570107 -0.1873821398 -0.6014081986
vn -0.7637189889 -0.1474833769 -0.6284759021
vn -0.7637189889 -0.1474833769 -0.6284759021
vn -0.7637189889 -0.1474833769 -0.6284759021
vn -0.7766577154 -0.1873832946 -0.6014069288
vn -0.7766577154 -0.1873832946 -0.6014069288
vn -0.7766577154 -0.1873832946 -0.6014069288
vn -0.7766603882 -0.1873812089 -0.601404127
vn -0.7766603882 -0.1873812089 -0.601404127
vn -0.7766603882 -0.1873812089 -0.601404127
vn -0.7637187619 -0.1474763309 -0.6284778314
vn -0.7637187619 -0.1474763309 -0.6284778314
vn -0.7637187619 -0.1474763309 -0.6284778314
vn -0.7637184327 -0.1474811821 -0.628477093
vn -0.7637184327 -0.1474811821 -0.628477093
vn -0.7637184327 -0.1474811821 -0.628477093
vn -0.7313222625 -0.1611605526 -0.6627179073
vn -0.7313222625 -0.1611605526 -0.6627179073
vn -0.7313222625 -0.1611605526 -0.6627179073
vn -0.7567656446 -0.08088816777 -0.6486623647
vn -0.7567656446 -0.08088816777 -0.6486623647
vn -0.7567656446 -0.08088816777 -0.6486623647
vn -0.772239915 -0.1214003392 -0.6236244634
vn -0.772239915 -0.1214003392 -0.6236244634
vn -0.772239915 -0.1214003392 -0.6236244634
vn -0.7770797136 -0.04057265801 -0.6280931285
vn -0.7770797136 -0.04057265801 -0.6280931285
vn -0.7770797136 -0.04057265801 -0.6280931285
vn -0.7158625451 -0.1206840882 -0.6877326278
vn -0.7158625451 -0.1206840882 -0.6877326278
vn -0.7158625451 -0.1206840882 -0.6877326278
vn -0.7158621028 -0.1206854714 -0.6877328455
vn -0.7158621028 -0.1206854714 -0.6877328455
vn -0.7158621028 -0.1206854714 -0.6877328455
vn -0.7158622112 -0.1206849673 -0.6877328212
vn -0.7158622112 -0.1206849673 -0.6877328212
vn -0.7158622112 -0.1206849673 -0.6877328212
vn -0.7383308279 -0.08101534658 -0.6695551524
vn -0.7383308279 -0.08101534658 -0.6695551524
vn -0.7383308279 -0.08101534658 -0.6695551524
vn -0.7158705552 -0.1206837867 -0.6877243429
vn -0.7158705552 -0.1206837867 -0.6877243429
vn -0.7158705552 -0.1206837867 -0.6877243429
vn -0.6945954347 -0.1206797677 -0.7092062999
vn -0.6945954347 -0.1206797677 -0.7092062999
vn -0.6945954347 -0.1206797677 -0.7092062999
vn -0.6776737343 -0.08104341962 -0.730883215
vn -0.6776737343 -0.08104341962 -0.730883215
vn -0.6776737343 -0.08104341962 -0.730883215
vn -0.6776813833 -0.08106748041 -0.7308734544
vn -0.6776813833 -0.08106748041 -0.7308734544
vn -0.6776813833 -0.08106748041 -0.7308734544
vn -0.7204832844 -0.04031571597 -0.6922994149
vn -0.7204832844 -0.04031571597 -0.6922994149
vn -0.7204832844 -0.04031571597 -0.6922994149
vn -0.6992129319 -0.04031436493 -0.7137758946
vn -0.6992129319 -0.04031436493 -0.7137758946
vn -0.6992129319 -0.04031436493 -0.7137758946
vn -0.699213722 -0.0403146122 -0.7137751067
vn -0.699213722 -0.0403146122 -0.7137751067
vn -0.699213722 -0.0403146122 -0.7137751067
vn -0.6992139872 -0.04031482913 -0.7137748347
vn -0.6992139872 -0.04031482913 -0.7137748347
vn -0.6992139872 -0.04031482913 -0.7137748347
vn -0.6992089328 -0.0403071886 -0.7137802175
vn -0.6992089328 -0.0403071886 -0.7137802175
vn -0.6992089328 -0.0403071886 -0.7137802175
vn -0.6798794822 -2.376990566e-06 -0.7333238641
vn -0.6798794822 -2.376990566e-06 -0.7333238641
vn -0.6798794822 -2.376990566e-06 -0.7333238641
vn -0.9500845936 -0.3119924118 0
vn -0.9500845936 -0.3119924118 0
vn -0.9500845936 -0.3119924118 0
vn -0.9563985904 -0.2892046905 0.04077233353
vn -0.9563985904 -0.2892046905 0.04077233353
vn -0.9563985904 -0.2892046905 0.04077233353
vn -0.9499922257 -0.2874355106 0.1220475252
vn -0.9499922257 -0.2874355106 0.1220475252
vn -0.9499922257 -0.2874355106 0.1220475252
vn -0.9341732181 -0.3568198406 -3.762168685e-06
vn -0.9341732181 -0.3568198406 -3.762168685e-06
vn -0.9341732181 -0.3568198406 -3.762168685e-06
vn -0.9341793056 -0.3568039013 -3.205141904e-05
vn -0.9341793056 -0.3568039013 -3.205141904e-05
vn -0.9341793056 -0.3568039013 -3.205141904e-05
vn -0.9246307655 -0.3786312313 0.04118662568
vn -0.9246307655 -0.3786312313 0.04118662568
vn -0.9246307655 -0.3786312313 0.04118662568
vn -0.9341722184 -0.3568224578 0
vn -0.9341722184 -0.3568224578 0
vn -0.9341722184 -0.3568224578 0
vn -0.9309441519 -0.3558452248 0.08195829432
vn -0.9309441519 -0.3558452248 0.08195829432
vn -0.9309441519 -0.3558452248 0.08195829432
vn -0.9309448806 -0.35584354 0.08195733199
vn -0.9309448806 -0.35584354 0.08195733199
vn -0.9309448806 -0.35584354 0.08195733199
vn -0.9188676623 -0.3754869471 0.1212096186
vn -0.9188676623 -0.3754869471 0.1212096186
vn -0.9188676623 -0.3754869471 0.1212096186
vn -0.9220006399 -0.3512712718 0.1628597974
vn -0.9220006399 -0.3512712718 0.1628597974
vn -0.9220006399 -0.3512712718 0.1628597974
vn -0.9219922917 -0.3513132412 0.1628165246
vn -0.9219922917 -0.3513132412 0.1628165246
vn -0.9219922917 -0.3513132412 0.1628165246
vn -0.9219998248 -0.3512761092 0.162853978
vn -0.9219998248 -0.3512761092 0.162853978
vn -0.9219998248 -0.3512761092 0.162853978
vn -0.9220012133 -0.3512702675 0.1628587173
vn -0.9220012133 -0.3512702675 0.1628587173
vn -0.9220012133 -0.3512702675 0.1628587173
vn -0.9468924893 -0.3108568435 0.08223525146
vn -0.9468924893 -0.3108568435 0.08223525146
vn -0.9468924893 -0.3108568435 0.08223525146
vn -0.9379159193 -0.3070753467 0.1613023861
vn -0.9379159193 -0.3070753467 0.1613023861
vn -0.9379159193 -0.3070753467 0.1613023861
vn -0.9219994545 -0.3512736122 0.1628614601
vn -0.9219994545 -0.3512736122 0.1628614601
vn -0.9219994545 -0.3512736122 0.1628614601
vn -0.9078767174 -0.3687683046 0.1994236787
vn -0.9078767174 -0.3687683046 0.1994236787
vn -0.9078767174 -0.3687683046 0.1994236787
vn -0.9080215711 -0.3474736875 0.2340061172
vn -0.9080215711 -0.3474736875 0.2340061172
vn -0.9080215711 -0.3474736875 0.2340061172
vn -0.9080210944 -0.3474746724 0.2340065046
vn -0.9080210944 -0.3474746724 0.2340065046
vn -0.9080210944 -0.3474746724 0.2340065046
vn -0.8892105286 -0.3650117067 0.2758098799
vn -0.8892105286 -0.3650117067 0.2758098799
vn -0.8892105286 -0.3650117067 0.2758098799
vn -0.8892094986 -0.3650122788 0.2758124434
vn -0.8892094986 -0.3650122788 0.2758124434
vn -0.8892094986 -0.3650122788 0.2758124434
vn -0.9224211015 -0.3041322063 0.2379977156
vn -0.9224211015 -0.3041322063 0.2379977156
vn -0.9224211015 -0.3041322063 0.2379977156
vn -0.9380654577 -0.2857750722 0.1958719101
vn -0.9380654577 -0.2857750722 0.1958719101
vn -0.9380654577 -0.2857750722 0.1958719101
vn -0.920648753 -0.2863974267 0.2652967913
vn -0.920648753 -0.2863974267 0.2652967913
vn -0.920648753 -0.2863974267 0.2652967913
vn -0.9018384908 -0.3039353933 0.3071003307
vn -0.9018384908 -0.3039353933 0.3071003307
vn -0.9018384908 -0.3039353933 0.3071003307
vn -0.8984739082 -0.2856965795 0.3333498173
vn -0.8984739082 -0.2856965795 0.3333498173
vn -0.8984739082 -0.2856965795 0.3333498173
vn -0.8875487449 -0.3471031361 0.3029465933
vn -0.8875487449 -0.3471031361 0.3029465933
vn -0.8875487449 -0.3471031361 0.3029465933
vn -0.8874980206 -0.3472171861 0.3029645013
vn -0.8874980206 -0.3472171861 0.3029645013
vn -0.8874980206 -0.3472171861 0.3029645013
vn -0.8874921892 -0.3472298298 0.3029670931
vn -0.8874921892 -0.3472298298 0.3029670931
vn -0.8874921892 -0.3472298298 0.3029670931
vn -0.8656487329 -0.363748018 0.3440053062
vn -0.8656487329 -0.363748018 0.3440053062
vn -0.8656487329 -0.363748018 0.3440053062
vn -0.8622824183 -0.345502142 0.3702665268
vn -0.8622824183 -0.345502142 0.3702665268
vn -0.8622824183 -0.345502142 0.3702665268
vn -0.8765836336 -0.3020324023 0.3746699366
vn -0.8765836336 -0.3020324023 0.3746699366
vn -0.8765836336 -0.3020324023 0.3746699366
vn -0.8765846331 -0.3020320233 0.3746679036
vn -0.8765846331 -0.3020320233 0.3746679036
vn -0.8765846331 -0.3020320233 0.3746679036
vn -0.8765834818 -0.30203215 0.374670495
vn -0.8765834818 -0.30203215 0.374670495
vn -0.8765834818 -0.30203215 0.374670495
vn -0.8716710394 -0.2836173439 0.3996883804
vn -0.8716710394 -0.2836173439 0.3996883804
vn -0.8716710394 -0.2836173439 0.3996883804
vn -0.871671151 -0.2836179365 0.3996877163
vn -0.871671151 -0.2836179365 0.3996877163
vn -0.871671151 -0.2836179365 0.3996877163
vn -0.871671153 -0.2836179598 0.3996876956
vn -0.871671153 -0.2836179598 0.3996876956
vn -0.871671153 -0.2836179598 0.3996876956
vn -0.8468320234 -0.298969386 0.4398781996
vn -0.8468320234 -0.298969386 0.4398781996
vn -0.8468320234 -0.298969386 0.4398781996
vn -0.8468325978 -0.2989698836 0.4398767554
vn -0.8468325978 -0.2989698836 0.4398767554
vn -0.8468325978 -0.2989698836 0.4398767554
vn -0.8414339268 -0.2637583849 0.4716147382
vn -0.8414339268 -0.2637583849 0.4716147382
vn -0.8414339268 -0.2637583849 0.4716147382
vn -0.841433839 -0.2637597312 0.4716141418
vn -0.841433839 -0.2637597312 0.4716141418
vn -0.841433839 -0.2637597312 0.4716141418
vn -0.8146419382 -0.2775006093 0.5092660645
vn -0.8146419382 -0.2775006093 0.5092660645
vn -0.8146419382 -0.2775006093 0.5092660645
vn -0.8146451404 -0.2775015771 0.5092604147
vn -0.8146451404 -0.2775015771 0.5092604147
vn -0.8146451404 -0.2775015771 0.5092604147
vn -0.8146394248 -0.2774979007 0.5092715609
vn -0.8146394248 -0.2774979007 0.5092715609
vn -0.8146394248 -0.2774979007 0.5092715609
vn -0.814642533 -0.2775006794 0.5092650747
vn -0.814642533 -0.2775006794 0.5092650747
vn -0.814642533 -0.2775006794 0.5092650747
vn -0.9751893126 -0.2213725469 0
vn -0.9751893126 -0.2213725469 0
vn -0.9751893126 -0.2213725469 0
vn -0.9685786422 -0.2453423101 0.0407745594
vn -0.9685786422 -0.2453423101 0.0407745594
vn -0.9685786422 -0.2453423101 0.0407745594
vn -0.971876096 -0.2206962224 0.0821585754
vn -0.971876096 -0.2206962224 0.0821585754
vn -0.971876096 -0.2206962224 0.0821585754
vn -0.9621726337 -0.243570503 0.1220542218
vn -0.9621726337 -0.243570503 0.1220542218
vn -0.9621726337 -0.243570503 0.1220542218
vn -0.9623260398 -0.2222599251 0.1566177472
vn -0.9623260398 -0.2222599251 0.1566177472
vn -0.9623260398 -0.2222599251 0.1566177472
vn -0.9837655482 -0.1794584806 0
vn -0.9837655482 -0.1794584806 0
vn -0.9837655482 -0.1794584806 0
vn -0.9804972508 -0.1786446966 0.08192199649
vn -0.9804972508 -0.1786446966 0.08192199649
vn -0.9804972508 -0.1786446966 0.08192199649
vn -0.9871080699 -0.1546758102 0.04114671306
vn -0.9871080699 -0.1546758102 0.04114671306
vn -0.9871080699 -0.1546758102 0.04114671306
vn -0.9806536631 -0.1573200875 0.1164851199
vn -0.9806536631 -0.1573200875 0.1164851199
vn -0.9806536631 -0.1573200875 0.1164851199
vn -0.971865762 -0.1746840025 0.1579950632
vn -0.971865762 -0.1746840025 0.1579950632
vn -0.971865762 -0.1746840025 0.1579950632
vn -0.9501562499 -0.2397473332 0.1993096007
vn -0.9501562499 -0.2397473332 0.1993096007
vn -0.9501562499 -0.2397473332 0.1993096007
vn -0.9578318867 -0.1746821089 0.2281320617
vn -0.9578318867 -0.1746821089 0.2281320617
vn -0.9578318867 -0.1746821089 0.2281320617
vn -0.9700004116 -0.1571930519 0.1854441854
vn -0.9700004116 -0.1571930519 0.1854441854
vn -0.9700004116 -0.1571930519 0.1854441854
vn -0.954265273 -0.1571201678 0.2543443369
vn -0.954265273 -0.1571201678 0.2543443369
vn -0.954265273 -0.1571201678 0.2543443369
vn -0.932740024 -0.2403735098 0.2687315079
vn -0.932740024 -0.2403735098 0.2687315079
vn -0.932740024 -0.2403735098 0.2687315079
vn -0.9484164892 -0.2229908333 0.2253469574
vn -0.9484164892 -0.2229908333 0.2253469574
vn -0.9484164892 -0.2229908333 0.2253469574
vn -0.9291735338 -0.2228105043 0.294944102
vn -0.9291735338 -0.2228105043 0.294944102
vn -0.9291735338 -0.2228105043 0.294944102
vn -0.9105671962 -0.2396770666 0.3367822515
vn -0.9105671962 -0.2396770666 0.3367822515
vn -0.9105671962 -0.2396770666 0.3367822515
vn -0.9386242968 -0.174702646 0.2974279996
vn -0.9386242968 -0.174702646 0.2974279996
vn -0.9386242968 -0.174702646 0.2974279996
vn -0.9332110719 -0.1565681593 0.3234246539
vn -0.9332110719 -0.1565681593 0.3234246539
vn -0.9332110719 -0.1565681593 0.3234246539
vn -0.992776493 -0.1127019887 0.04114725667
vn -0.992776493 -0.1127019887 0.04114725667
vn -0.992776493 -0.1127019887 0.04114725667
vn -0.9961571048 -0.08758437339 0
vn -0.9961571048 -0.08758437339 0
vn -0.9961571048 -0.08758437339 0
vn -0.9929351434 -0.09135382559 0.07572502535
vn -0.9929351434 -0.09135382559 0.07572502535
vn -0.9929351434 -0.09135382559 0.07572502535
vn -0.987122223 -0.1086746291 0.1173862937
vn -0.987122223 -0.1086746291 0.1173862937
vn -0.987122223 -0.1086746291 0.1173862937
vn -0.9852303897 -0.09135039355 0.1448315741
vn -0.9852303897 -0.09135039355 0.1448315741
vn -0.9852303897 -0.09135039355 0.1448315741
vn -0.9989350053 -0.04613951795 0
vn -0.9989350053 -0.04613951795 0
vn -0.9989350053 -0.04613951795 0
vn -0.9962249412 -0.04203576618 0.07595301703
vn -0.9962249412 -0.04203576618 0.07595301703
vn -0.9962249412 -0.04203576618 0.07595301703
vn -0.9990947781 -0.0247747471 0.03458086627
vn -0.9990947781 -0.0247747471 0.03458086627
vn -0.9990947781 -0.0247747471 0.03458086627
vn -0.9885004886 -0.04210653585 0.1452371288
vn -0.9885004886 -0.04210653585 0.1452371288
vn -0.9885004886 -0.04210653585 0.1452371288
vn -0.9943124781 -0.02478575997 0.1035778061
vn -0.9943124781 -0.02478575997 0.1035778061
vn -0.9943124781 -0.02478575997 0.1035778061
vn -0.984770635 -0.02482349876 0.1720772804
vn -0.984770635 -0.02482349876 0.1720772804
vn -0.984770635 -0.02482349876 0.1720772804
vn -0.9764695674 -0.1085486878 0.186344751
vn -0.9764695674 -0.1085486878 0.186344751
vn -0.9764695674 -0.1085486878 0.186344751
vn -0.9605744277 -0.1087572114 0.2558683993
vn -0.9605744277 -0.1087572114 0.2558683993
vn -0.9605744277 -0.1087572114 0.2558683993
vn -0.9727398072 -0.09126666845 0.2131845744
vn -0.9727398072 -0.09126666845 0.2131845744
vn -0.9727398072 -0.09126666845 0.2131845744
vn -0.955181086 -0.09043601174 0.28186951
vn -0.955181086 -0.09043601174 0.28186951
vn -0.955181086 -0.09043601174 0.28186951
vn -0.9759667934 -0.04184384577 0.2138642345
vn -0.9759667934 -0.04184384577 0.2138642345
vn -0.9759667934 -0.04184384577 0.2138642345
vn -0.9705158914 -0.02483757735 0.2397540391
vn -0.9705158914 -0.02483757735 0.2397540391
vn -0.9705158914 -0.02483757735 0.2397540391
vn -0.9583506939 -0.04233166109 0.2824393352
vn -0.9583506939 -0.04233166109 0.2824393352
vn -0.9583506939 -0.04233166109 0.2824393352
vn -0.9516122327 -0.02501764484 0.3062813673
vn -0.9516122327 -0.02501764484 0.3062813673
vn -0.9516122327 -0.02501764484 0.3062813673
vn -0.9395209222 -0.1082039829 0.3249497419
vn -0.9395209222 -0.1082039829 0.3249497419
vn -0.9395209222 -0.1082039829 0.3249497419
vn -0.9327818876 -0.0908923234 0.3487929696
vn -0.9327818876 -0.0908923234 0.3487929696
vn -0.9327818876 -0.0908923234 0.3487929696
vn -0.9358820408 -0.04107862016 0.3499104923
vn -0.9358820408 -0.04107862016 0.3499104923
vn -0.9358820408 -0.04107862016 0.3499104923
vn -0.9050784346 -0.2216077657 0.3629366687
vn -0.9050784346 -0.2216077657 0.3629366687
vn -0.9050784346 -0.2216077657 0.3629366687
vn -0.9146057086 -0.1734340085 0.3652629772
vn -0.9146057086 -0.1734340085 0.3652629772
vn -0.9146057086 -0.1734340085 0.3652629772
vn -0.9078656324 -0.1561239361 0.3891083527
vn -0.9078656324 -0.1561239361 0.3891083527
vn -0.9078656324 -0.1561239361 0.3891083527
vn -0.9138387556 -0.106945633 0.3917414457
vn -0.9138387556 -0.106945633 0.3917414457
vn -0.9138387556 -0.106945633 0.3917414457
vn -0.9061698487 -0.09085325863 0.4130398174
vn -0.9061698487 -0.09085325863 0.4130398174
vn -0.9061698487 -0.09085325863 0.4130398174
vn -0.9281573116 -0.02503798117 0.3713449939
vn -0.9281573116 -0.02503798117 0.3713449939
vn -0.9281573116 -0.02503798117 0.3713449939
vn -0.9092154084 -0.04109178448 0.4142931407
vn -0.9092154084 -0.04109178448 0.4142931407
vn -0.9092154084 -0.04109178448 0.4142931407
vn -0.9002592825 -0.02510166816 0.4346298776
vn -0.9002592825 -0.02510166816 0.4346298776
vn -0.9002592825 -0.02510166816 0.4346298776
vn -0.8837667741 -0.2375965292 0.40311807
vn -0.8837667741 -0.2375965292 0.40311807
vn -0.8837667741 -0.2375965292 0.40311807
vn -0.8770251803 -0.2202873423 0.4269664154
vn -0.8770251803 -0.2202873423 0.4269664154
vn -0.8770251803 -0.2202873423 0.4269664154
vn -0.8520079317 -0.2357488681 0.4674451364
vn -0.8520079317 -0.2357488681 0.4674451364
vn -0.8520079317 -0.2357488681 0.4674451364
vn -0.8858115766 -0.1721636416 0.4309263641
vn -0.8858115766 -0.1721636416 0.4309263641
vn -0.8858115766 -0.1721636416 0.4309263641
vn -0.8781658178 -0.1559180016 0.4522326538
vn -0.8781658178 -0.1559180016 0.4522326538
vn -0.8781658178 -0.1559180016 0.4522326538
vn -0.8531282013 -0.1713920687 0.492744387
vn -0.8531282013 -0.1713920687 0.492744387
vn -0.8531282013 -0.1713920687 0.492744387
vn -0.8447338441 -0.1975516653 0.4973912666
vn -0.8447338441 -0.1975516653 0.4973912666
vn -0.8447338441 -0.1975516653 0.4973912666
vn -0.8169729065 -0.2122993194 0.5361755953
vn -0.8169729065 -0.2122993194 0.5361755953
vn -0.8169729065 -0.2122993194 0.5361755953
vn -0.8064014451 -0.2403070986 0.5403417508
vn -0.8064014451 -0.2403070986 0.5403417508
vn -0.8064014451 -0.2403070986 0.5403417508
vn -0.843048503 -0.1321354904 0.5213534634
vn -0.843048503 -0.1321354904 0.5213534634
vn -0.843048503 -0.1321354904 0.5213534634
vn -0.8064023576 -0.2403060423 0.5403408588
vn -0.8064023576 -0.2403060423 0.5403408588
vn -0.8064023576 -0.2403060423 0.5403408588
vn -0.8068926375 -0.1730419817 0.5647838031
vn -0.8068926375 -0.1730419817 0.5647838031
vn -0.8068926375 -0.1730419817 0.5647838031
vn -0.8153160926 -0.1470040468 0.5600441762
vn -0.8153160926 -0.1470040468 0.5600441762
vn -0.8153160926 -0.1470040468 0.5600441762
vn -0.8841402637 -0.1067392611 0.4548656111
vn -0.8841402637 -0.1067392611 0.4548656111
vn -0.8841402637 -0.1067392611 0.4548656111
vn -0.8751841565 -0.09075002172 0.4752021946
vn -0.8751841565 -0.09075002172 0.4752021946
vn -0.8751841565 -0.09075002172 0.4752021946
vn -0.8500821754 -0.1062639124 0.5158180648
vn -0.8500821754 -0.1062639124 0.5158180648
vn -0.8500821754 -0.1062639124 0.5158180648
vn -0.8781004488 -0.04076447856 0.4767366768
vn -0.8781004488 -0.04076447856 0.4767366768
vn -0.8781004488 -0.04076447856 0.4767366768
vn -0.8429290802 -0.04065164586 0.5364867281
vn -0.8429290802 -0.04065164586 0.5364867281
vn -0.8429290802 -0.04065164586 0.5364867281
vn -0.8680535746 -0.02512384961 0.4958344318
vn -0.8680535746 -0.02512384961 0.4958344318
vn -0.8680535746 -0.02512384961 0.4958344318
vn -0.8373353452 -0.06595865328 0.5426960252
vn -0.8373353452 -0.06595865328 0.5426960252
vn -0.8373353452 -0.06595865328 0.5426960252
vn -0.8024756157 -0.1070604222 0.5870016629
vn -0.8024756157 -0.1070604222 0.5870016629
vn -0.8024756157 -0.1070604222 0.5870016629
vn -0.8095090741 -0.08118830528 0.5814666956
vn -0.8095090741 -0.08118830528 0.5814666956
vn -0.8095090741 -0.08118830528 0.5814666956
vn -0.793995382 -0.04057297163 0.6065683533
vn -0.793995382 -0.04057297163 0.6065683533
vn -0.793995382 -0.04057297163 0.6065683533
vn -0.7766401907 -0.2533320335 0.5767606912
vn -0.7766401907 -0.2533320335 0.5767606912
vn -0.7766401907 -0.2533320335 0.5767606912
vn -0.7766440474 -0.2533328609 0.5767551346
vn -0.7766440474 -0.2533328609 0.5767551346
vn -0.7766440474 -0.2533328609 0.5767551346
vn -0.7660868332 -0.215390543 0.6055723556
vn -0.7660868332 -0.215390543 0.6055723556
vn -0.7660868332 -0.215390543 0.6055723556
vn -0.7660866408 -0.2153942154 0.6055712929
vn -0.7660866408 -0.2153942154 0.6055712929
vn -0.7660866408 -0.2153942154 0.6055712929
vn -0.7660868971 -0.2153934115 0.6055712545
vn -0.7660868971 -0.2153934115 0.6055712545
vn -0.7660868971 -0.2153934115 0.6055712545
vn -0.7766579757 -0.1873823002 0.6014069024
vn -0.7766579757 -0.1873823002 0.6014069024
vn -0.7766579757 -0.1873823002 0.6014069024
vn -0.7766649669 -0.1874043387 0.6013910068
vn -0.7766649669 -0.1874043387 0.6013910068
vn -0.7766649669 -0.1874043387 0.6013910068
vn -0.7637116959 -0.1474596069 0.6284903419
vn -0.7637116959 -0.1474596069 0.6284903419
vn -0.7637116959 -0.1474596069 0.6284903419
vn -0.7637185885 -0.1474801754 0.62847714
vn -0.7637185885 -0.1474801754 0.62847714
vn -0.7637185885 -0.1474801754 0.62847714
vn -0.7313234591 -0.1611621888 0.662716189
vn -0.7313234591 -0.1611621888 0.662716189
vn -0.7313234591 -0.1611621888 0.662716189
vn -0.7313348838 -0.1611699771 0.6627016872
vn -0.7313348838 -0.1611699771 0.6627016872
vn -0.7313348838 -0.1611699771 0.6627016872
vn -0.731314035 -0.1611534933 0.662728703
vn -0.731314035 -0.1611534933 0.662728703
vn -0.731314035 -0.1611534933 0.662728703
vn -0.7313238351 -0.1611618589 0.6627158543
vn -0.7313238351 -0.1611618589 0.6627158543
vn -0.7313238351 -0.1611618589 0.6627158543
vn -0.7722398181 -0.1214000695 0.6236246359
vn -0.7722398181 -0.1214000695 0.6236246359
vn -0.7722398181 -0.1214000695 0.6236246359
vn -0.7567656446 -0.08088816777 0.6486623647
vn -0.7567656446 -0.08088816777 0.6486623647
vn -0.7567656446 -0.08088816777 0.6486623647
vn -0.7770797136 -0.04057265801 0.6280931285
vn -0.7770797136 -0.04057265801 0.6280931285
vn -0.7770797136 -0.04057265801 0.6280931285
vn -0.7158626401 -0.1206838968 0.6877325625
vn -0.7158626401 -0.1206838968 0.6877325625
vn -0.7158626401 -0.1206838968 0.6877325625
vn -0.7158633964 -0.1206817737 0.6877321478
vn -0.7158633964 -0.1206817737 0.6877321478
vn -0.7158633964 -0.1206817737 0.6877321478
vn -0.7158623998 -0.1206843344 0.6877327359
vn -0.7158623998 -0.1206843344 0.6877327359
vn -0.7158623998 -0.1206843344 0.6877327359
vn -0.7383308279 -0.08101534658 0.6695551524
vn -0.7383308279 -0.08101534658 0.6695551524
vn -0.7383308279 -0.08101534658 0.6695551524
vn -0.6945925471 -0.120680371 0.7092090253
vn -0.6945925471 -0.120680371 0.7092090253
vn -0.6945925471 -0.120680371 0.7092090253
vn -0.6776829223 -0.08107118179 0.7308716168
vn -0.6776829223 -0.08107118179 0.7308716168
vn -0.6776829223 -0.08107118179 0.7308716168
vn -0.6776830078 -0.08106626482 0.7308720829
vn -0.6776830078 -0.08106626482 0.7308720829
vn -0.6776830078 -0.08106626482 0.7308720829
vn -0.7204832844 -0.04031571597 0.6922994149
vn -0.7204832844 -0.04031571597 0.6922994149
vn -0.7204832844 -0.04031571597 0.6922994149
vn -0.6992141755 -0.04031373438 0.713774712
vn -0.6992141755 -0.04031373438 0.713774712
vn -0.6992141755 -0.04031373438 0.713774712
vn -0.699213156 -0.04031436513 0.7137756752
vn -0.699213156 -0.04031436513 0.7137756752
vn -0.699213156 -0.04031436513 0.7137756752
vn -0.6992146963 -0.0403156262 0.7137740951
vn -0.6992146963 -0.0403156262 0.7137740951
vn -0.6992146963 -0.0403156262 0.7137740951
vn -0.6798793099 1.830353519e-06 0.7333240239
vn -0.6798793099 1.830353519e-06 0.7333240239
vn -0.6798793099 1.830353519e-06 0.7333240239
vn -0.9281573069 0.0250381803 -0.371344992
vn -0.9281573069 0.0250381803 -0.371344992
vn -0.9281573069 0.0250381803 -0.371344992
vn -0.9002592825 0.02510166816 -0.4346298776
vn -0.9002592825 0.02510166816 -0.4346298776
vn -0.9002592825 0.02510166816 -0.4346298776
vn -0.9092154895 0.04109193502 -0.4142929476
vn -0.9092154895 0.04109193502 -0.4142929476
vn -0.9092154895 0.04109193502 -0.4142929476
vn -0.9061699414 0.09085318767 -0.4130396297
vn -0.9061699414 0.09085318767 -0.4130396297
vn -0.9061699414 0.09085318767 -0.4130396297
vn -0.9138387761 0.1069454243 -0.3917414548
vn -0.9138387761 0.1069454243 -0.3917414548
vn -0.9138387761 0.1069454243 -0.3917414548
vn -0.9078656324 0.1561239361 -0.3891083527
vn -0.9078656324 0.1561239361 -0.3891083527
vn -0.9078656324 0.1561239361 -0.3891083527
vn -0.9050784346 0.2216077657 -0.3629366687
vn -0.9050784346 0.2216077657 -0.3629366687
vn -0.9050784346 0.2216077657 -0.3629366687
vn -0.8274015284 0 -0.5616108179
vn -0.8274015284 0 -0.5616108179
vn -0.8274015284 0 -0.5616108179
vn -0.8121415132 0 -0.5834605064
vn -0.8121415132 0 -0.5834605064
vn -0.8121415132 0 -0.5834605064
vn -0.7939956144 0.04057297143 -0.6065680493
vn -0.7939956144 0.04057297143 -0.6065680493
vn -0.7939956144 0.04057297143 -0.6065680493
vn -0.8095092546 0.0811882106 -0.5814664575
vn -0.8095092546 0.0811882106 -0.5814664575
vn -0.8095092546 0.0811882106 -0.5814664575
vn -0.8024757031 0.1070606754 -0.5870014972
vn -0.8024757031 0.1070606754 -0.5870014972
vn -0.8024757031 0.1070606754 -0.5870014972
vn -0.8781004488 0.04076447856 -0.4767366768
vn -0.8781004488 0.04076447856 -0.4767366768
vn -0.8781004488 0.04076447856 -0.4767366768
vn -0.8680535746 0.02512384961 -0.4958344318
vn -0.8680535746 0.02512384961 -0.4958344318
vn -0.8680535746 0.02512384961 -0.4958344318
vn -0.8429290802 0.04065164586 -0.5364867281
vn -0.8429290802 0.04065164586 -0.5364867281
vn -0.8429290802 0.04065164586 -0.5364867281
vn -0.8751841565 0.09075002172 -0.4752021946
vn -0.8751841565 0.09075002172 -0.4752021946
vn -0.8751841565 0.09075002172 -0.4752021946
vn -0.8500821754 0.1062639124 -0.5158180648
vn -0.8500821754 0.1062639124 -0.5158180648
vn -0.8500821754 0.1062639124 -0.5158180648
vn -0.8841402637 0.1067392611 -0.4548656111
vn -0.8841402637 0.1067392611 -0.4548656111
vn -0.8841402637 0.1067392611 -0.4548656111
vn -0.8373353452 0.06595865328 -0.5426960252
vn -0.8373353452 0.06595865328 -0.5426960252
vn -0.8373353452 0.06595865328 -0.5426960252
vn -0.8153160926 0.1470040468 -0.5600441762
vn -0.8153160926 0.1470040468 -0.5600441762
vn -0.8153160926 0.1470040468 -0.5600441762
vn -0.8068926375 0.1730419817 -0.5647838031
vn -0.8068926375 0.1730419817 -0.5647838031
vn -0.8068926375 0.1730419817 -0.5647838031
vn -0.8063677381 0.2403930462 -0.5403538233
vn -0.8063677381 0.2403930462 -0.5403538233
vn -0.8063677381 0.2403930462 -0.5403538233
vn -0.776562732 0.1875449646 -0.6014791846
vn -0.776562732 0.1875449646 -0.6014791846
vn -0.776562732 0.1875449646 -0.6014791846
vn -0.7767159242 0.2533732545 -0.5766405874
vn -0.7767159242 0.2533732545 -0.5766405874
vn -0.7767159242 0.2533732545 -0.5766405874
vn -0.76610533 0.2152534981 -0.605597684
vn -0.76610533 0.2152534981 -0.605597684
vn -0.76610533 0.2152534981 -0.605597684
vn -0.8064036894 0.2403009944 -0.5403411162
vn -0.8064036894 0.2403009944 -0.5403411162
vn -0.8064036894 0.2403009944 -0.5403411162
vn -0.878165783 0.1559182433 -0.4522326381
vn -0.878165783 0.1559182433 -0.4522326381
vn -0.878165783 0.1559182433 -0.4522326381
vn -0.8531282499 0.1713922786 -0.4927442299
vn -0.8531282499 0.1713922786 -0.4927442299
vn -0.8531282499 0.1713922786 -0.4927442299
vn -0.8858114695 0.1721637148 -0.4309265551
vn -0.8858114695 0.1721637148 -0.4309265551
vn -0.8858114695 0.1721637148 -0.4309265551
vn -0.8520080301 0.2357485965 -0.467445094
vn -0.8520080301 0.2357485965 -0.467445094
vn -0.8520080301 0.2357485965 -0.467445094
vn -0.8770251173 0.2202871887 -0.4269666241
vn -0.8770251173 0.2202871887 -0.4269666241
vn -0.8770251173 0.2202871887 -0.4269666241
vn -0.8837667741 0.2375965292 -0.40311807
vn -0.8837667741 0.2375965292 -0.40311807
vn -0.8837667741 0.2375965292 -0.40311807
vn -0.843048503 0.1321354904 -0.5213534634
vn -0.843048503 0.1321354904 -0.5213534634
vn -0.843048503 0.1321354904 -0.5213534634
vn -0.8169729065 0.2122993194 -0.5361755953
vn -0.8169729065 0.2122993194 -0.5361755953
vn -0.8169729065 0.2122993194 -0.5361755953
vn -0.8447339867 0.1975515852 -0.4973910562
vn -0.8447339867 0.1975515852 -0.4973910562
vn -0.8447339867 0.1975515852 -0.4973910562
vn -0.8146426304 0.2775003381 -0.5092651049
vn -0.8146426304 0.2775003381 -0.5092651049
vn -0.8146426304 0.2775003381 -0.5092651049
vn -0.8064014021 0.2403061694 -0.5403422283
vn -0.8064014021 0.2403061694 -0.5403422283
vn -0.8064014021 0.2403061694 -0.5403422283
vn -0.8414338304 0.2637597532 -0.471614145
vn -0.8414338304 0.2637597532 -0.471614145
vn -0.8414338304 0.2637597532 -0.471614145
vn -0.8064012679 0.240307448 -0.5403418598
vn -0.8064012679 0.240307448 -0.5403418598
vn -0.8064012679 0.240307448 -0.5403418598
vn -0.8063998488 0.2403119028 -0.5403419966
vn -0.8063998488 0.2403119028 -0.5403419966
vn -0.8063998488 0.2403119028 -0.5403419966
vn -0.9516122327 0.02501764484 -0.3062813673
vn -0.9516122327 0.02501764484 -0.3062813673
vn -0.9516122327 0.02501764484 -0.3062813673
vn -0.9583506939 0.04233166109 -0.2824393352
vn -0.9583506939 0.04233166109 -0.2824393352
vn -0.9583506939 0.04233166109 -0.2824393352
vn -0.9759668036 0.04184388082 -0.2138641809
vn -0.9759668036 0.04184388082 -0.2138641809
vn -0.9759668036 0.04184388082 -0.2138641809
vn -0.9705158914 0.02483757735 -0.2397540391
vn -0.9705158914 0.02483757735 -0.2397540391
vn -0.9705158914 0.02483757735 -0.2397540391
vn -0.955181086 0.09043601174 -0.28186951
vn -0.955181086 0.09043601174 -0.28186951
vn -0.955181086 0.09043601174 -0.28186951
vn -0.9764695756 0.1085486538 -0.1863447283
vn -0.9764695756 0.1085486538 -0.1863447283
vn -0.9764695756 0.1085486538 -0.1863447283
vn -0.9727398208 0.09126664682 -0.2131845217
vn -0.9727398208 0.09126664682 -0.2131845217
vn -0.9727398208 0.09126664682 -0.2131845217
vn -0.9605744277 0.1087572114 -0.2558683993
vn -0.9605744277 0.1087572114 -0.2558683993
vn -0.9605744277 0.1087572114 -0.2558683993
vn -0.9358819759 0.04107868187 -0.3499106588
vn -0.9358819759 0.04107868187 -0.3499106588
vn -0.9358819759 0.04107868187 -0.3499106588
vn -0.932781836 0.09089219829 -0.3487931404
vn -0.932781836 0.09089219829 -0.3487931404
vn -0.932781836 0.09089219829 -0.3487931404
vn -0.9395209222 0.1082039829 -0.3249497419
vn -0.9395209222 0.1082039829 -0.3249497419
vn -0.9395209222 0.1082039829 -0.3249497419
vn -0.9847706338 0.02482354447 -0.1720772802
vn -0.9847706338 0.02482354447 -0.1720772802
vn -0.9847706338 0.02482354447 -0.1720772802
vn -0.9943124778 0.0247857737 -0.103577806
vn -0.9943124778 0.0247857737 -0.103577806
vn -0.9943124778 0.0247857737 -0.103577806
vn -0.9885004848 0.04210656265 -0.1452371469
vn -0.9885004848 0.04210656265 -0.1452371469
vn -0.9885004848 0.04210656265 -0.1452371469
vn -0.9990947781 0.02477474755 -0.03458086461
vn -0.9990947781 0.02477474755 -0.03458086461
vn -0.9990947781 0.02477474755 -0.03458086461
vn -0.9962249405 0.04203577172 -0.07595302426
vn -0.9962249405 0.04203577172 -0.07595302426
vn -0.9962249405 0.04203577172 -0.07595302426
vn -0.9852303881 0.09135038196 -0.1448315923
vn -0.9852303881 0.09135038196 -0.1448315923
vn -0.9852303881 0.09135038196 -0.1448315923
vn -0.987122223 0.1086746291 -0.1173862937
vn -0.987122223 0.1086746291 -0.1173862937
vn -0.987122223 0.1086746291 -0.1173862937
vn -0.9929351426 0.0913538286 -0.07572503256
vn -0.9929351426 0.0913538286 -0.07572503256
vn -0.9929351426 0.0913538286 -0.07572503256
vn -0.9927764926 0.1127019911 -0.04114725944
vn -0.9927764926 0.1127019911 -0.04114725944
vn -0.9927764926 0.1127019911 -0.04114725944
vn -0.954265273 0.1571201678 -0.2543443369
vn -0.954265273 0.1571201678 -0.2543443369
vn -0.954265273 0.1571201678 -0.2543443369
vn -0.9700004175 0.1571930425 -0.1854441625
vn -0.9700004175 0.1571930425 -0.1854441625
vn -0.9700004175 0.1571930425 -0.1854441625
vn -0.9578318867 0.1746821089 -0.2281320617
vn -0.9578318867 0.1746821089 -0.2281320617
vn -0.9578318867 0.1746821089 -0.2281320617
vn -0.9501562499 0.2397473332 -0.1993096007
vn -0.9501562499 0.2397473332 -0.1993096007
vn -0.9501562499 0.2397473332 -0.1993096007
vn -0.9332110719 0.1565681593 -0.3234246539
vn -0.9332110719 0.1565681593 -0.3234246539
vn -0.9332110719 0.1565681593 -0.3234246539
vn -0.9386242968 0.174702646 -0.2974279996
vn -0.9386242968 0.174702646 -0.2974279996
vn -0.9386242968 0.174702646 -0.2974279996
vn -0.9146057086 0.1734340085 -0.3652629772
vn -0.9146057086 0.1734340085 -0.3652629772
vn -0.9146057086 0.1734340085 -0.3652629772
vn -0.9291735506 0.2228104284 -0.2949441065
vn -0.9291735506 0.2228104284 -0.2949441065
vn -0.9291735506 0.2228104284 -0.2949441065
vn -0.9105671806 0.2396770109 -0.3367823333
vn -0.9105671806 0.2396770109 -0.3367823333
vn -0.9105671806 0.2396770109 -0.3367823333
vn -0.9484164892 0.2229908333 -0.2253469574
vn -0.9484164892 0.2229908333 -0.2253469574
vn -0.9484164892 0.2229908333 -0.2253469574
vn -0.9327400483 0.2403734851 -0.2687314457
vn -0.9327400483 0.2403734851 -0.2687314457
vn -0.9327400483 0.2403734851 -0.2687314457
vn -0.9806536655 0.1573200722 -0.1164851202
vn -0.9806536655 0.1573200722 -0.1164851202
vn -0.9806536655 0.1573200722 -0.1164851202
vn -0.9718657656 0.1746839818 -0.1579950637
vn -0.9718657656 0.1746839818 -0.1579950637
vn -0.9718657656 0.1746839818 -0.1579950637
vn -0.9871080702 0.1546758078 -0.04114671583
vn -0.9871080702 0.1546758078 -0.04114671583
vn -0.9871080702 0.1546758078 -0.04114671583
vn -0.9804972527 0.1786446873 -0.08192199421
vn -0.9804972527 0.1786446873 -0.08192199421
vn -0.9804972527 0.1786446873 -0.08192199421
vn -0.9623260398 0.2222599251 -0.1566177472
vn -0.9623260398 0.2222599251 -0.1566177472
vn -0.9623260398 0.2222599251 -0.1566177472
vn -0.9621726333 0.243570511 -0.1220542087
vn -0.9621726333 0.243570511 -0.1220542087
vn -0.9621726333 0.243570511 -0.1220542087
vn -0.9718760941 0.2206962316 -0.08215857321
vn -0.9718760941 0.2206962316 -0.08215857321
vn -0.9718760941 0.2206962316 -0.08215857321
vn -0.9685786415 0.2453423123 -0.04077456216
vn -0.9685786415 0.2453423123 -0.04077456216
vn -0.9685786415 0.2453423123 -0.04077456216
vn -0.8716711277 0.283618048 -0.3996876881
vn -0.8716711277 0.283618048 -0.3996876881
vn -0.8716711277 0.283618048 -0.3996876881
vn -0.8716711482 0.2836177592 -0.3996878483
vn -0.8716711482 0.2836177592 -0.3996878483
vn -0.8716711482 0.2836177592 -0.3996878483
vn -0.8765832575 0.3020321567 -0.3746710143
vn -0.8765832575 0.3020321567 -0.3746710143
vn -0.8765832575 0.3020321567 -0.3746710143
vn -0.8765849172 0.3020380916 -0.3746623468
vn -0.8765849172 0.3020380916 -0.3746623468
vn -0.8765849172 0.3020380916 -0.3746623468
vn -0.8468319458 0.2989697929 -0.4398780724
vn -0.8468319458 0.2989697929 -0.4398780724
vn -0.8468319458 0.2989697929 -0.4398780724
vn -0.8716694413 0.2836194934 -0.3996903403
vn -0.8716694413 0.2836194934 -0.3996903403
vn -0.8716694413 0.2836194934 -0.3996903403
vn -0.8414338022 0.2637615213 -0.4716132064
vn -0.8414338022 0.2637615213 -0.4716132064
vn -0.8414338022 0.2637615213 -0.4716132064
vn -0.8414343591 0.2637576721 -0.4716143656
vn -0.8414343591 0.2637576721 -0.4716143656
vn -0.8414343591 0.2637576721 -0.4716143656
vn -0.8984739857 0.2856962097 -0.3333499255
vn -0.8984739857 0.2856962097 -0.3333499255
vn -0.8984739857 0.2856962097 -0.3333499255
vn -0.9018386884 0.3039356719 -0.3070994749
vn -0.9018386884 0.3039356719 -0.3070994749
vn -0.9018386884 0.3039356719 -0.3070994749
vn -0.901838417 0.3039353212 -0.3071006191
vn -0.901838417 0.3039353212 -0.3071006191
vn -0.901838417 0.3039353212 -0.3071006191
vn -0.9018385957 0.3039353618 -0.3071000539
vn -0.9018385957 0.3039353618 -0.3071000539
vn -0.9018385957 0.3039353618 -0.3071000539
vn -0.9380654577 0.2857750722 -0.1958719101
vn -0.9380654577 0.2857750722 -0.1958719101
vn -0.9380654577 0.2857750722 -0.1958719101
vn -0.9224211015 0.3041322063 -0.2379977156
vn -0.9224211015 0.3041322063 -0.2379977156
vn -0.9224211015 0.3041322063 -0.2379977156
vn -0.9206487586 0.2863974706 -0.2652967247
vn -0.9206487586 0.2863974706 -0.2652967247
vn -0.9206487586 0.2863974706 -0.2652967247
vn -0.8874996348 0.3472129139 -0.3029646691
vn -0.8874996348 0.3472129139 -0.3029646691
vn -0.8874996348 0.3472129139 -0.3029646691
vn -0.9080209887 0.3474753176 -0.2340059565
vn -0.9080209887 0.3474753176 -0.2340059565
vn -0.9080209887 0.3474753176 -0.2340059565
vn -0.908023153 0.3474686882 -0.2340074022
vn -0.908023153 0.3474686882 -0.2340074022
vn -0.908023153 0.3474686882 -0.2340074022
vn -0.8892114183 0.3650114437 -0.2758073593
vn -0.8892114183 0.3650114437 -0.2758073593
vn -0.8892114183 0.3650114437 -0.2758073593
vn -0.9080211203 0.3474774862 -0.2340022257
vn -0.9080211203 0.3474774862 -0.2340022257
vn -0.9080211203 0.3474774862 -0.2340022257
vn -0.9080215968 0.3474738021 -0.2340058473
vn -0.9080215968 0.3474738021 -0.2340058473
vn -0.9080215968 0.3474738021 -0.2340058473
vn -0.9078761949 0.3687689908 -0.1994247882
vn -0.9078761949 0.3687689908 -0.1994247882
vn -0.9078761949 0.3687689908 -0.1994247882
vn -0.9499922294 0.287435504 -0.1220475121
vn -0.9499922294 0.287435504 -0.1220475121
vn -0.9499922294 0.287435504 -0.1220475121
vn -0.956398591 0.2892046883 -0.04077233629
vn -0.956398591 0.2892046883 -0.04077233629
vn -0.956398591 0.2892046883 -0.04077233629
vn -0.9379159193 0.3070753467 -0.1613023861
vn -0.9379159193 0.3070753467 -0.1613023861
vn -0.9379159193 0.3070753467 -0.1613023861
vn -0.9468924922 0.3108568351 -0.08223524928
vn -0.9468924922 0.3108568351 -0.08223524928
vn -0.9468924922 0.3108568351 -0.08223524928
vn -0.9220003573 0.3512724821 -0.1628587869
vn -0.9220003573 0.3512724821 -0.1628587869
vn -0.9220003573 0.3512724821 -0.1628587869
vn -0.922000699 0.3512713886 -0.162859211
vn -0.922000699 0.3512713886 -0.162859211
vn -0.922000699 0.3512713886 -0.162859211
vn -0.9188677204 0.3754869345 -0.1212092177
vn -0.9188677204 0.3754869345 -0.1212092177
vn -0.9188677204 0.3754869345 -0.1212092177
vn -0.9188677563 0.3754869585 -0.1212088714
vn -0.9188677563 0.3754869585 -0.1212088714
vn -0.9188677563 0.3754869585 -0.1212088714
vn -0.9309442614 0.3558447734 -0.08195900984
vn -0.9309442614 0.3558447734 -0.08195900984
vn -0.9309442614 0.3558447734 -0.08195900984
vn -0.9309448008 0.3558435244 -0.08195830623
vn -0.9309448008 0.3558435244 -0.08195830623
vn -0.9309448008 0.3558435244 -0.08195830623
vn -0.9246308009 0.3786315376 -0.04118301472
vn -0.9246308009 0.3786315376 -0.04118301472
vn -0.9246308009 0.3786315376 -0.04118301472
vn -0.9246309771 0.3786308307 -0.04118555714
vn -0.9246309771 0.3786308307 -0.04118555714
vn -0.9246309771 0.3786308307 -0.04118555714
vn -0.9341729054 0.3568206591 1.247640409e-06
vn -0.9341729054 0.3568206591 1.247640409e-06
vn -0.9341729054 0.3568206591 1.247640409e-06
vn -0.8765839926 0.3020326745 -0.3746688771
vn -0.8765839926 0.3020326745 -0.3746688771
vn -0.8765839926 0.3020326745 -0.3746688771
vn -0.8984712755 0.2856991977 -0.3333546693
vn -0.8984712755 0.2856991977 -0.3333546693
vn -0.8984712755 0.2856991977 -0.3333546693
vn -0.7591656896 0 -0.6508974234
vn -0.7591656896 0 -0.6508974234
vn -0.7591656896 0 -0.6508974234
vn -0.7770797136 0.04057265801 -0.6280931285
vn -0.7770797136 0.04057265801 -0.6280931285
vn -0.7770797136 0.04057265801 -0.6280931285
vn -0.7567656446 0.08088816777 -0.6486623647
vn -0.7567656446 0.08088816777 -0.6486623647
vn -0.7567656446 0.08088816777 -0.6486623647
vn -0.772239915 0.1214003392 -0.6236244634
vn -0.772239915 0.1214003392 -0.6236244634
vn -0.772239915 0.1214003392 -0.6236244634
vn -0.7407971893 0 -0.671728758
vn -0.7407971893 0 -0.671728758
vn -0.7407971893 0 -0.671728758
vn -0.7204832844 0.04031571597 -0.6922994149
vn -0.7204832844 0.04031571597 -0.6922994149
vn -0.7204832844 0.04031571597 -0.6922994149
vn -0.6798794822 2.376990566e-06 -0.7333238641
vn -0.6798794822 2.376990566e-06 -0.7333238641
vn -0.6798794822 2.376990566e-06 -0.7333238641
vn -0.6992089328 0.0403071886 -0.7137802175
vn -0.6992089328 0.0403071886 -0.7137802175
vn -0.6992089328 0.0403071886 -0.7137802175
vn -0.6992139872 0.04031482913 -0.7137748347
vn -0.6992139872 0.04031482913 -0.7137748347
vn -0.6992139872 0.04031482913 -0.7137748347
vn -0.6992129639 0.04031399218 -0.7137758844
vn -0.6992129639 0.04031399218 -0.7137758844
vn -0.6992129639 0.04031399218 -0.7137758844
vn -0.6992140875 0.04031436598 -0.7137747626
vn -0.6992140875 0.04031436598 -0.7137747626
vn -0.6992140875 0.04031436598 -0.7137747626
vn -0.7383308279 0.08101534658 -0.6695551524
vn -0.7383308279 0.08101534658 -0.6695551524
vn -0.7383308279 0.08101534658 -0.6695551524
vn -0.7158626231 0.1206839561 -0.6877325698
vn -0.7158626231 0.1206839561 -0.6877325698
vn -0.7158626231 0.1206839561 -0.6877325698
vn -0.7158621028 0.1206854714 -0.6877328455
vn -0.7158621028 0.1206854714 -0.6877328455
vn -0.7158621028 0.1206854714 -0.6877328455
vn -0.715862067 0.1206856379 -0.6877328535
vn -0.715862067 0.1206856379 -0.6877328535
vn -0.715862067 0.1206856379 -0.6877328535
vn -0.6776820278 0.08106649766 -0.7308729658
vn -0.6776820278 0.08106649766 -0.7308729658
vn -0.6776820278 0.08106649766 -0.7308729658
vn -0.6991994254 0.04034122168 -0.713787608
vn -0.6991994254 0.04034122168 -0.713787608
vn -0.6991994254 0.04034122168 -0.713787608
vn -0.7158622611 0.1206840989 -0.6877329216
vn -0.7158622611 0.1206840989 -0.6877329216
vn -0.7158622611 0.1206840989 -0.6877329216
vn -0.6945932471 0.1206791907 -0.7092085405
vn -0.6945932471 0.1206791907 -0.7092085405
vn -0.6945932471 0.1206791907 -0.7092085405
vn -0.715888917 0.1206830957 -0.6877053503
vn -0.715888917 0.1206830957 -0.6877053503
vn -0.715888917 0.1206830957 -0.6877053503
vn -0.7313241614 0.161162027 -0.6627154533
vn -0.7313241614 0.161162027 -0.6627154533
vn -0.7313241614 0.161162027 -0.6627154533
vn -0.7766570107 0.1873821398 -0.6014081986
vn -0.7766570107 0.1873821398 -0.6014081986
vn -0.7766570107 0.1873821398 -0.6014081986
vn -0.7637177168 0.1474765969 -0.6284790389
vn -0.7637177168 0.1474765969 -0.6284790389
vn -0.7637177168 0.1474765969 -0.6284790389
vn -0.7766597771 0.1873866733 -0.6014032136
vn -0.7766597771 0.1873866733 -0.6014032136
vn -0.7766597771 0.1873866733 -0.6014032136
vn -0.7766603882 0.1873812089 -0.601404127
vn -0.7766603882 0.1873812089 -0.601404127
vn -0.7766603882 0.1873812089 -0.601404127
vn -0.7637187731 0.1474801776 -0.6284769151
vn -0.7637187731 0.1474801776 -0.6284769151
vn -0.7637187731 0.1474801776 -0.6284769151
vn -0.7637184924 0.1474887164 -0.6284752524
vn -0.7637184924 0.1474887164 -0.6284752524
vn -0.7637184924 0.1474887164 -0.6284752524
vn -0.7313222625 0.1611605526 -0.6627179073
vn -0.7313222625 0.1611605526 -0.6627179073
vn -0.7313222625 0.1611605526 -0.6627179073
vn -0.9990947781 0.0247747471 0.03458086627
vn -0.9990947781 0.0247747471 0.03458086627
vn -0.9990947781 0.0247747471 0.03458086627
vn -0.9989350053 0.04613951795 0
vn -0.9989350053 0.04613951795 0
vn -0.9989350053 0.04613951795 0
vn -0.9962249412 0.04203576618 0.07595301703
vn -0.9962249412 0.04203576618 0.07595301703
vn -0.9962249412 0.04203576618 0.07595301703
vn -0.9943124781 0.02478575997 0.1035778061
vn -0.9943124781 0.02478575997 0.1035778061
vn -0.9943124781 0.02478575997 0.1035778061
vn -0.984770635 0.02482349876 0.1720772804
vn -0.984770635 0.02482349876 0.1720772804
vn -0.984770635 0.02482349876 0.1720772804
vn -0.9885004886 0.04210653585 0.1452371288
vn -0.9885004886 0.04210653585 0.1452371288
vn -0.9885004886 0.04210653585 0.1452371288
vn -0.9961571048 0.08758437339 0
vn -0.9961571048 0.08758437339 0
vn -0.9961571048 0.08758437339 0
vn -0.9929351434 0.09135382559 0.07572502535
vn -0.9929351434 0.09135382559 0.07572502535
vn -0.9929351434 0.09135382559 0.07572502535
vn -0.992776493 0.1127019887 0.04114725667
vn -0.992776493 0.1127019887 0.04114725667
vn -0.992776493 0.1127019887 0.04114725667
vn -0.9852303897 0.09135039355 0.1448315741
vn -0.9852303897 0.09135039355 0.1448315741
vn -0.9852303897 0.09135039355 0.1448315741
vn -0.987122223 0.1086746291 0.1173862937
vn -0.987122223 0.1086746291 0.1173862937
vn -0.987122223 0.1086746291 0.1173862937
vn -0.9759667934 0.04184384577 0.2138642345
vn -0.9759667934 0.04184384577 0.2138642345
vn -0.9759667934 0.04184384577 0.2138642345
vn -0.9705158914 0.02483757735 0.2397540391
vn -0.9705158914 0.02483757735 0.2397540391
vn -0.9705158914 0.02483757735 0.2397540391
vn -0.9516122327 0.02501764484 0.3062813673
vn -0.9516122327 0.02501764484 0.3062813673
vn -0.9516122327 0.02501764484 0.3062813673
vn -0.9583506939 0.04233166109 0.2824393352
vn -0.9583506939 0.04233166109 0.2824393352
vn -0.9583506939 0.04233166109 0.2824393352
vn -0.9764695674 0.1085486878 0.186344751
vn -0.9764695674 0.1085486878 0.186344751
vn -0.9764695674 0.1085486878 0.186344751
vn -0.9727398072 0.09126666845 0.2131845744
vn -0.9727398072 0.09126666845 0.2131845744
vn -0.9727398072 0.09126666845 0.2131845744
vn -0.9605744277 0.1087572114 0.2558683993
vn -0.9605744277 0.1087572114 0.2558683993
vn -0.9605744277 0.1087572114 0.2558683993
vn -0.955181086 0.09043601174 0.28186951
vn -0.955181086 0.09043601174 0.28186951
vn -0.955181086 0.09043601174 0.28186951
vn -0.9358820408 0.04107862016 0.3499104923
vn -0.9358820408 0.04107862016 0.3499104923
vn -0.9358820408 0.04107862016 0.3499104923
vn -0.9327818876 0.0908923234 0.3487929696
vn -0.9327818876 0.0908923234 0.3487929696
vn -0.9327818876 0.0908923234 0.3487929696
vn -0.9395209222 0.1082039829 0.3249497419
vn -0.9395209222 0.1082039829 0.3249497419
vn -0.9395209222 0.1082039829 0.3249497419
vn -0.9871080699 0.1546758102 0.04114671306
vn -0.9871080699 0.1546758102 0.04114671306
vn -0.9871080699 0.1546758102 0.04114671306
vn -0.9837655482 0.1794584806 0
vn -0.9837655482 0.1794584806 0
vn -0.9837655482 0.1794584806 0
vn -0.9804972508 0.1786446966 0.08192199649
vn -0.9804972508 0.1786446966 0.08192199649
vn -0.9804972508 0.1786446966 0.08192199649
vn -0.9806536631 0.1573200875 0.1164851199
vn -0.9806536631 0.1573200875 0.1164851199
vn -0.9806536631 0.1573200875 0.1164851199
vn -0.971865762 0.1746840025 0.1579950632
vn -0.971865762 0.1746840025 0.1579950632
vn -0.971865762 0.1746840025 0.1579950632
vn -0.9751893126 0.2213725469 0
vn -0.9751893126 0.2213725469 0
vn -0.9751893126 0.2213725469 0
vn -0.971876096 0.2206962224 0.0821585754
vn -0.971876096 0.2206962224 0.0821585754
vn -0.971876096 0.2206962224 0.0821585754
vn -0.9685786422 0.2453423101 0.0407745594
vn -0.9685786422 0.2453423101 0.0407745594
vn -0.9685786422 0.2453423101 0.0407745594
vn -0.9623260398 0.2222599251 0.1566177472
vn -0.9623260398 0.2222599251 0.1566177472
vn -0.9623260398 0.2222599251 0.1566177472
vn -0.9621726337 0.243570503 0.1220542218
vn -0.9621726337 0.243570503 0.1220542218
vn -0.9621726337 0.243570503 0.1220542218
vn -0.9700004116 0.1571930519 0.1854441854
vn -0.9700004116 0.1571930519 0.1854441854
vn -0.9700004116 0.1571930519 0.1854441854
vn -0.954265273 0.1571201678 0.2543443369
vn -0.954265273 0.1571201678 0.2543443369
vn -0.954265273 0.1571201678 0.2543443369
vn -0.9578318867 0.1746821089 0.2281320617
vn -0.9578318867 0.1746821089 0.2281320617
vn -0.9578318867 0.1746821089 0.2281320617
vn -0.9501562499 0.2397473332 0.1993096007
vn -0.9501562499 0.2397473332 0.1993096007
vn -0.9501562499 0.2397473332 0.1993096007
vn -0.9332110719 0.1565681593 0.3234246539
vn -0.9332110719 0.1565681593 0.3234246539
vn -0.9332110719 0.1565681593 0.3234246539
vn -0.9386242968 0.174702646 0.2974279996
vn -0.9386242968 0.174702646 0.2974279996
vn -0.9386242968 0.174702646 0.2974279996
vn -0.9484164892 0.2229908333 0.2253469574
vn -0.9484164892 0.2229908333 0.2253469574
vn -0.9484164892 0.2229908333 0.2253469574
vn -0.932740024 0.2403735098 0.2687315079
vn -0.932740024 0.2403735098 0.2687315079
vn -0.932740024 0.2403735098 0.2687315079
vn -0.9291735338 0.2228105043 0.294944102
vn -0.9291735338 0.2228105043 0.294944102
vn -0.9291735338 0.2228105043 0.294944102
vn -0.9105671962 0.2396770666 0.3367822515
vn -0.9105671962 0.2396770666 0.3367822515
vn -0.9105671962 0.2396770666 0.3367822515
vn -0.9281573116 0.02503798117 0.3713449939
vn -0.9281573116 0.02503798117 0.3713449939
vn -0.9281573116 0.02503798117 0.3713449939
vn -0.9002592825 0.02510166816 0.4346298776
vn -0.9002592825 0.02510166816 0.4346298776
vn -0.9002592825 0.02510166816 0.4346298776
vn -0.9092154084 0.04109178448 0.4142931407
vn -0.9092154084 0.04109178448 0.4142931407
vn -0.9092154084 0.04109178448 0.4142931407
vn -0.9061698487 0.09085325863 0.4130398174
vn -0.9061698487 0.09085325863 0.4130398174
vn -0.9061698487 0.09085325863 0.4130398174
vn -0.9138387556 0.106945633 0.3917414457
vn -0.9138387556 0.106945633 0.3917414457
vn -0.9138387556 0.106945633 0.3917414457
vn -0.9078656324 0.1561239361 0.3891083527
vn -0.9078656324 0.1561239361 0.3891083527
vn -0.9078656324 0.1561239361 0.3891083527
vn -0.9146057086 0.1734340085 0.3652629772
vn -0.9146057086 0.1734340085 0.3652629772
vn -0.9146057086 0.1734340085 0.3652629772
vn -0.9050784346 0.2216077657 0.3629366687
vn -0.9050784346 0.2216077657 0.3629366687
vn -0.9050784346 0.2216077657 0.3629366687
vn -0.8781004488 0.04076447856 0.4767366768
vn -0.8781004488 0.04076447856 0.4767366768
vn -0.8781004488 0.04076447856 0.4767366768
vn -0.8680535746 0.02512384961 0.4958344318
vn -0.8680535746 0.02512384961 0.4958344318
vn -0.8680535746 0.02512384961 0.4958344318
vn -0.8429290802 0.04065164586 0.5364867281
vn -0.8429290802 0.04065164586 0.5364867281
vn -0.8429290802 0.04065164586 0.5364867281
vn -0.8841402637 0.1067392611 0.4548656111
vn -0.8841402637 0.1067392611 0.4548656111
vn -0.8841402637 0.1067392611 0.4548656111
vn -0.8751841565 0.09075002172 0.4752021946
vn -0.8751841565 0.09075002172 0.4752021946
vn -0.8751841565 0.09075002172 0.4752021946
vn -0.8500821754 0.1062639124 0.5158180648
vn -0.8500821754 0.1062639124 0.5158180648
vn -0.8500821754 0.1062639124 0.5158180648
vn -0.8274015284 0 0.5616108179
vn -0.8274015284 0 0.5616108179
vn -0.8274015284 0 0.5616108179
vn -0.8121412986 0 0.5834608051
vn -0.8121412986 0 0.5834608051
vn -0.8121412986 0 0.5834608051
vn -0.793995382 0.04057297163 0.6065683533
vn -0.793995382 0.04057297163 0.6065683533
vn -0.793995382 0.04057297163 0.6065683533
vn -0.8373353452 0.06595865328 0.5426960252
vn -0.8373353452 0.06595865328 0.5426960252
vn -0.8373353452 0.06595865328 0.5426960252
vn -0.8095090741 0.08118830528 0.5814666956
vn -0.8095090741 0.08118830528 0.5814666956
vn -0.8095090741 0.08118830528 0.5814666956
vn -0.8024756157 0.1070604222 0.5870016629
vn -0.8024756157 0.1070604222 0.5870016629
vn -0.8024756157 0.1070604222 0.5870016629
vn -0.8858115766 0.1721636416 0.4309263641
vn -0.8858115766 0.1721636416 0.4309263641
vn -0.8858115766 0.1721636416 0.4309263641
vn -0.8781658178 0.1559180016 0.4522326538
vn -0.8781658178 0.1559180016 0.4522326538
vn -0.8781658178 0.1559180016 0.4522326538
vn -0.8531282013 0.1713920687 0.492744387
vn -0.8531282013 0.1713920687 0.492744387
vn -0.8531282013 0.1713920687 0.492744387
vn -0.8770251803 0.2202873423 0.4269664154
vn -0.8770251803 0.2202873423 0.4269664154
vn -0.8770251803 0.2202873423 0.4269664154
vn -0.8837667741 0.2375965292 0.40311807
vn -0.8837667741 0.2375965292 0.40311807
vn -0.8837667741 0.2375965292 0.40311807
vn -0.8520079317 0.2357488681 0.4674451364
vn -0.8520079317 0.2357488681 0.4674451364
vn -0.8520079317 0.2357488681 0.4674451364
vn -0.843048503 0.1321354904 0.5213534634
vn -0.843048503 0.1321354904 0.5213534634
vn -0.843048503 0.1321354904 0.5213534634
vn -0.8447338441 0.1975516653 0.4973912666
vn -0.8447338441 0.1975516653 0.4973912666
vn -0.8447338441 0.1975516653 0.4973912666
vn -0.8169729065 0.2122993194 0.5361755953
vn -0.8169729065 0.2122993194 0.5361755953
vn -0.8169729065 0.2122993194 0.5361755953
vn -0.8064014451 0.2403070986 0.5403417508
vn -0.8064014451 0.2403070986 0.5403417508
vn -0.8064014451 0.2403070986 0.5403417508
vn -0.8153160926 0.1470040468 0.5600441762
vn -0.8153160926 0.1470040468 0.5600441762
vn -0.8153160926 0.1470040468 0.5600441762
vn -0.8068926375 0.1730419817 0.5647838031
vn -0.8068926375 0.1730419817 0.5647838031
vn -0.8068926375 0.1730419817 0.5647838031
vn -0.8064023576 0.2403060423 0.5403408588
vn -0.8064023576 0.2403060423 0.5403408588
vn -0.8064023576 0.2403060423 0.5403408588
vn -0.9563985904 0.2892046905 0.04077233353
vn -0.9563985904 0.2892046905 0.04077233353
vn -0.9563985904 0.2892046905 0.04077233353
vn -0.9500845936 0.3119924118 0
vn -0.9500845936 0.3119924118 0
vn -0.9500845936 0.3119924118 0
vn -0.9499922257 0.2874355106 0.1220475252
vn -0.9499922257 0.2874355106 0.1220475252
vn -0.9499922257 0.2874355106 0.1220475252
vn -0.9468924893 0.3108568435 0.08223525146
vn -0.9468924893 0.3108568435 0.08223525146
vn -0.9468924893 0.3108568435 0.08223525146
vn -0.9379159193 0.3070753467 0.1613023861
vn -0.9379159193 0.3070753467 0.1613023861
vn -0.9379159193 0.3070753467 0.1613023861
vn -0.9341722184 0.3568224578 0
vn -0.9341722184 0.3568224578 0
vn -0.9341722184 0.3568224578 0
vn -0.9309441519 0.3558452248 0.08195829432
vn -0.9309441519 0.3558452248 0.08195829432
vn -0.9309441519 0.3558452248 0.08195829432
vn -0.9246307655 0.3786312313 0.04118662568
vn -0.9246307655 0.3786312313 0.04118662568
vn -0.9246307655 0.3786312313 0.04118662568
vn -0.9341732181 0.3568198406 -3.762168685e-06
vn -0.9341732181 0.3568198406 -3.762168685e-06
vn -0.9341732181 0.3568198406 -3.762168685e-06
vn -0.9341793056 0.3568039013 -3.205141904e-05
vn -0.9341793056 0.3568039013 -3.205141904e-05
vn -0.9341793056 0.3568039013 -3.205141904e-05
vn -0.9220012133 0.3512702675 0.1628587173
vn -0.9220012133 0.3512702675 0.1628587173
vn -0.9220012133 0.3512702675 0.1628587173
vn -0.9309448806 0.35584354 0.08195733199
vn -0.9309448806 0.35584354 0.08195733199
vn -0.9309448806 0.35584354 0.08195733199
vn -0.9188676623 0.3754869471 0.1212096186
vn -0.9188676623 0.3754869471 0.1212096186
vn -0.9188676623 0.3754869471 0.1212096186
vn -0.9220006399 0.3512712718 0.1628597974
vn -0.9220006399 0.3512712718 0.1628597974
vn -0.9220006399 0.3512712718 0.1628597974
vn -0.921998925 0.3512798947 0.1628509069
vn -0.921998925 0.3512798947 0.1628509069
vn -0.921998925 0.3512798947 0.1628509069
vn -0.9380654577 0.2857750722 0.1958719101
vn -0.9380654577 0.2857750722 0.1958719101
vn -0.9380654577 0.2857750722 0.1958719101
vn -0.9224211015 0.3041322063 0.2379977156
vn -0.9224211015 0.3041322063 0.2379977156
vn -0.9224211015 0.3041322063 0.2379977156
vn -0.920648753 0.2863974267 0.2652967913
vn -0.920648753 0.2863974267 0.2652967913
vn -0.920648753 0.2863974267 0.2652967913
vn -0.8984739464 0.2856964465 0.3333498284
vn -0.8984739464 0.2856964465 0.3333498284
vn -0.8984739464 0.2856964465 0.3333498284
vn -0.9018385436 0.3039353478 0.3071002209
vn -0.9018385436 0.3039353478 0.3071002209
vn -0.9018385436 0.3039353478 0.3071002209
vn -0.9219994545 0.3512736122 0.1628614601
vn -0.9219994545 0.3512736122 0.1628614601
vn -0.9219994545 0.3512736122 0.1628614601
vn -0.9078767174 0.3687683046 0.1994236787
vn -0.9078767174 0.3687683046 0.1994236787
vn -0.9078767174 0.3687683046 0.1994236787
vn -0.9080215711 0.3474736875 0.2340061172
vn -0.9080215711 0.3474736875 0.2340061172
vn -0.9080215711 0.3474736875 0.2340061172
vn -0.9080210944 0.3474746724 0.2340065046
vn -0.9080210944 0.3474746724 0.2340065046
vn -0.9080210944 0.3474746724 0.2340065046
vn -0.8892105286 0.3650117067 0.2758098799
vn -0.8892105286 0.3650117067 0.2758098799
vn -0.8892105286 0.3650117067 0.2758098799
vn -0.8874987676 0.3472233458 0.3029552535
vn -0.8874987676 0.3472233458 0.3029552535
vn -0.8874987676 0.3472233458 0.3029552535
vn -0.8892094986 0.3650122788 0.2758124434
vn -0.8892094986 0.3650122788 0.2758124434
vn -0.8892094986 0.3650122788 0.2758124434
vn -0.8874987526 0.3472152479 0.3029645782
vn -0.8874987526 0.3472152479 0.3029645782
vn -0.8874987526 0.3472152479 0.3029645782
vn -0.8984692126 0.2857002629 0.3333593162
vn -0.8984692126 0.2857002629 0.3333593162
vn -0.8984692126 0.2857002629 0.3333593162
vn -0.8874984513 0.3472162368 0.3029643278
vn -0.8874984513 0.3472162368 0.3029643278
vn -0.8874984513 0.3472162368 0.3029643278
vn -0.9018677353 0.303840498 0.307108352
vn -0.9018677353 0.303840498 0.307108352
vn -0.9018677353 0.303840498 0.307108352
vn -0.8716712055 0.2836177764 0.3996877112
vn -0.8716712055 0.2836177764 0.3996877112
vn -0.8716712055 0.2836177764 0.3996877112
vn -0.8765834973 0.3020324047 0.3746702535
vn -0.8765834973 0.3020324047 0.3746702535
vn -0.8765834973 0.3020324047 0.3746702535
vn -0.8716712722 0.2836185795 0.3996869957
vn -0.8716712722 0.2836185795 0.3996869957
vn -0.8716712722 0.2836185795 0.3996869957
vn -0.871671116 0.2836177504 0.3996879248
vn -0.871671116 0.2836177504 0.3996879248
vn -0.871671116 0.2836177504 0.3996879248
vn -0.8468322029 0.298969123 0.4398780327
vn -0.8468322029 0.298969123 0.4398780327
vn -0.8468322029 0.298969123 0.4398780327
vn -0.8414338132 0.2637597968 0.4716141512
vn -0.8414338132 0.2637597968 0.4716141512
vn -0.8414338132 0.2637597968 0.4716141512
vn -0.8414338292 0.2637595463 0.4716142627
vn -0.8414338292 0.2637595463 0.4716142627
vn -0.8414338292 0.2637595463 0.4716142627
vn -0.8146419992 0.2775006277 0.5092659568
vn -0.8146419992 0.2775006277 0.5092659568
vn -0.8146419992 0.2775006277 0.5092659568
vn -0.814642533 0.2775006794 0.5092650747
vn -0.814642533 0.2775006794 0.5092650747
vn -0.814642533 0.2775006794 0.5092650747
vn -0.8146394248 0.2774979007 0.5092715609
vn -0.8146394248 0.2774979007 0.5092715609
vn -0.8146394248 0.2774979007 0.5092715609
vn -0.8146451404 0.2775015771 0.5092604147
vn -0.8146451404 0.2775015771 0.5092604147
vn -0.8146451404 0.2775015771 0.5092604147
vn -0.7770797136 0.04057265801 0.6280931285
vn -0.7770797136 0.04057265801 0.6280931285
vn -0.7770797136 0.04057265801 0.6280931285
vn -0.7591656896 0 0.6508974234
vn -0.7591656896 0 0.6508974234
vn -0.7591656896 0 0.6508974234
vn -0.7722398181 0.1214000695 0.6236246359
vn -0.7722398181 0.1214000695 0.6236246359
vn -0.7722398181 0.1214000695 0.6236246359
vn -0.7567656446 0.08088816777 0.6486623647
vn -0.7567656446 0.08088816777 0.6486623647
vn -0.7567656446 0.08088816777 0.6486623647
vn -0.7407971893 0 0.671728758
vn -0.7407971893 0 0.671728758
vn -0.7407971893 0 0.671728758
vn -0.7204832844 0.04031571597 0.6922994149
vn -0.7204832844 0.04031571597 0.6922994149
vn -0.7204832844 0.04031571597 0.6922994149
vn -0.6992146963 0.0403156262 0.7137740951
vn -0.6992146963 0.0403156262 0.7137740951
vn -0.6992146963 0.0403156262 0.7137740951
vn -0.6798793099 -1.830353519e-06 0.7333240239
vn -0.6798793099 -1.830353519e-06 0.7333240239
vn -0.6798793099 -1.830353519e-06 0.7333240239
vn -0.699213156 0.04031436513 0.7137756752
vn -0.699213156 0.04031436513 0.7137756752
vn -0.699213156 0.04031436513 0.7137756752
vn -0.6992141755 0.04031373438 0.713774712
vn -0.6992141755 0.04031373438 0.713774712
vn -0.6992141755 0.04031373438 0.713774712
vn -0.7383308279 0.08101534658 0.6695551524
vn -0.7383308279 0.08101534658 0.6695551524
vn -0.7383308279 0.08101534658 0.6695551524
vn -0.7158622892 0.1206844759 0.6877328262
vn -0.7158622892 0.1206844759 0.6877328262
vn -0.7158622892 0.1206844759 0.6877328262
vn -0.715862236 0.1206846118 0.6877328577
vn -0.715862236 0.1206846118 0.6877328577
vn -0.715862236 0.1206846118 0.6877328577
vn -0.6776830078 0.08106626482 0.7308720829
vn -0.6776830078 0.08106626482 0.7308720829
vn -0.6776830078 0.08106626482 0.7308720829
vn -0.6945917075 0.1206806011 0.7092098084
vn -0.6945917075 0.1206806011 0.7092098084
vn -0.6945917075 0.1206806011 0.7092098084
vn -0.6776828812 0.08107354575 0.7308713927
vn -0.6776828812 0.08107354575 0.7308713927
vn -0.6776828812 0.08107354575 0.7308713927
vn -0.7766578955 0.1873823365 0.6014069947
vn -0.7766578955 0.1873823365 0.6014069947
vn -0.7766578955 0.1873823365 0.6014069947
vn -0.7637185709 0.1474802271 0.6284771492
vn -0.7637185709 0.1474802271 0.6284771492
vn -0.7637185709 0.1474802271 0.6284771492
vn -0.7637277479 0.1475078339 0.6284595182
vn -0.7637277479 0.1475078339 0.6284595182
vn -0.7637277479 0.1475078339 0.6284595182
vn -0.776654759 0.1873725692 0.6014140884
vn -0.776654759 0.1873725692 0.6014140884
vn -0.776654759 0.1873725692 0.6014140884
vn -0.7313243979 0.1611618306 0.6627152401
vn -0.7313243979 0.1611618306 0.6627152401
vn -0.7313243979 0.1611618306 0.6627152401
vn -0.7660868332 0.215390543 0.6055723556
vn -0.7660868332 0.215390543 0.6055723556
vn -0.7660868332 0.215390543 0.6055723556
vn -0.7660866599 0.2153938499 0.6055713987
vn -0.7660866599 0.2153938499 0.6055713987
vn -0.7660866599 0.2153938499 0.6055713987
vn -0.7766440474 0.2533328609 0.5767551346
vn -0.7766440474 0.2533328609 0.5767551346
vn -0.7766440474 0.2533328609 0.5767551346
vn -0.7766401907 0.2533320335 0.5767606912
vn -0.7766401907 0.2533320335 0.5767606912
vn -0.7766401907 0.2533320335 0.5767606912
vn -0.7313226679 0.1611601545 0.6627175568
vn -0.7313226679 0.1611601545 0.6627175568
vn -0.7313226679 0.1611601545 0.6627175568
vn -0.7312812243 0.1612031965 0.66275282
vn -0.7312812243 0.1612031965 0.66275282
vn -0.7312812243 0.1612031965 0.66275282
vn -0.7313735432 0.1611113428 0.6626732796
vn -0.7313735432 0.1611113428 0.6626732796
vn -0.7313735432 0.1611113428 0.6626732796
vn -0.7312991053 0.1611991212 0.6627340809
vn -0.7312991053 0.1611991212 0.6627340809
vn -0.7312991053 0.1611991212 0.6627340809
f 6/1/1 2/2/2 5/3/3
f 6/4/4 5/5/5 4/6/6
f 6/7/7 1/8/8 2/9/9
f 70/10/10 8/11/11 9/12/12
f 70/13/13 9/14/14 10/15/15
f 70/16/16 10/17/17 48/18/18
f 70/19/19 4/20/20 8/21/21
f 70/22/22 6/23/23 4/24/24
f 70/25/25 71/26/26 6/27/27
f 33/28/28 23/29/29 13/30/30
f 23/31/31 24/32/32 13/33/33
f 36/34/34 25/35/35 23/36/36
f 36/37/37 26/38/38 25/39/39
f 36/40/40 28/41/41 26/42/42
f 119/43/43 29/44/44 28/45/45
f 119/46/46 30/47/47 29/48/48
f 36/49/49 119/50/50 28/51/51
f 76/52/52 139/53/53 36/54/54
f 33/55/55 11/56/56 32/57/57
f 33/58/58 32/59/59 6/60/60
f 33/61/61 17/62/62 16/63/63
f 33/64/64 14/65/65 17/66/66
f 33/67/67 18/68/68 14/69/69
f 33/70/70 16/71/71 11/72/72
f 33/73/73 13/74/74 18/75/75
f 6/76/76 35/77/77 34/78/78
f 6/79/79 34/80/80 1/81/81
f 6/82/82 32/83/83 35/84/84
f 33/85/85 71/86/86 77/87/87
f 33/88/88 77/89/89 36/90/90
f 33/91/91 6/92/92 71/93/93
f 33/94/94 36/95/95 23/96/96
f 36/97/97 139/98/98 119/99/99
f 81/100/100 40/101/101 42/102/102
f 70/103/103 48/104/104 49/105/105
f 70/106/106 49/107/107 81/108/108
f 81/109/109 49/110/110 40/111/111
f 70/112/112 72/113/113 71/114/114
f 72/115/115 73/116/116 71/117/117
f 72/118/118 108/119/119 75/120/120
f 72/121/121 75/122/122 73/123/123
f 75/124/124 74/125/125 73/126/126
f 488/127/127 75/128/128 108/129/129
f 75/130/130 487/131/131 74/132/132
f 488/133/133 487/134/134 75/135/135
f 76/136/136 79/137/137 78/138/138
f 76/139/139 189/140/140 139/141/141
f 76/142/142 78/143/143 189/144/144
f 78/145/145 192/146/146 189/147/147
f 77/148/148 71/149/149 73/150/150
f 77/151/151 73/152/152 79/153/153
f 76/154/154 77/155/155 79/156/156
f 76/157/157 36/158/158 77/159/159
f 78/160/160 79/161/161 80/162/162
f 503/163/163 78/164/164 80/165/165
f 503/166/166 192/167/167 78/168/168
f 503/169/169 505/170/170 192/171/171
f 73/172/172 74/173/173 79/174/174
f 74/175/175 80/176/176 79/177/177
f 74/178/178 487/179/179 80/180/180
f 81/181/181 44/182/182 82/183/183
f 81/184/184 43/185/185 44/186/186
f 81/187/187 42/188/188 43/189/189
f 81/190/190 82/191/191 85/192/192
f 81/193/193 85/194/194 92/195/195
f 91/196/196 83/197/197 84/198/198
f 92/199/199 85/200/200 87/201/201
f 92/202/202 87/203/203 83/204/204
f 81/205/205 92/206/206 88/207/207
f 88/208/208 92/209/209 107/210/210
f 91/211/211 84/212/212 89/213/213
f 91/214/214 89/215/215 90/216/216
f 91/217/217 90/218/218 96/219/219
f 91/220/220 92/221/221 83/222/222
f 91/223/223 107/224/224 92/225/225
f 70/226/226 81/227/227 88/228/228
f 70/229/229 88/230/230 72/231/231
f 91/232/232 96/233/233 97/234/234
f 91/235/235 97/236/236 109/237/237
f 109/238/238 97/239/239 98/240/240
f 109/241/241 98/242/242 99/243/243
f 103/244/244 100/245/245 102/246/246
f 88/247/247 107/248/248 108/249/249
f 91/250/250 106/251/251 107/252/252
f 108/253/253 107/254/254 565/255/255
f 565/256/256 107/257/257 562/258/258
f 106/259/259 109/260/260 561/261/261
f 106/262/262 562/263/263 107/264/264
f 106/265/265 561/266/266 562/267/267
f 72/268/268 88/269/269 108/270/270
f 488/271/271 108/272/272 565/273/273
f 91/274/274 109/275/275 106/276/276
f 109/277/277 99/278/278 100/279/279
f 109/280/280 100/281/281 110/282/282
f 110/283/283 100/284/284 103/285/285
f 110/286/286 103/287/287 104/288/288
f 110/289/289 104/290/290 105/291/291
f 339/292/292 105/293/293 315/294/294
f 110/295/295 105/296/296 339/297/297
f 110/298/298 339/299/299 112/300/300
f 109/301/301 110/302/302 111/303/303
f 111/304/304 110/305/305 112/306/306
f 561/307/307 109/308/308 111/309/309
f 112/310/310 339/311/311 342/312/312
f 119/313/313 116/314/314 30/315/315
f 119/316/316 117/317/317 116/318/318
f 119/319/319 118/320/320 117/321/321
f 119/322/322 120/323/323 118/324/324
f 119/325/325 123/326/326 120/327/327
f 120/328/328 123/329/329 122/330/330
f 119/331/331 127/332/332 123/333/333
f 127/334/334 125/335/335 123/336/336
f 127/337/337 126/338/338 125/339/339
f 127/340/340 128/341/341 126/342/342
f 133/343/343 132/344/344 131/345/345
f 139/346/346 189/347/347 140/348/348
f 139/349/349 127/350/350 119/351/351
f 127/352/352 140/353/353 128/354/354
f 140/355/355 130/356/356 128/357/357
f 139/358/358 140/359/359 127/360/360
f 140/361/361 131/362/362 130/363/363
f 140/364/364 133/365/365 131/366/366
f 140/367/367 146/368/368 133/369/369
f 146/370/370 134/371/371 133/372/372
f 146/373/373 135/374/374 134/375/375
f 146/376/376 141/377/377 135/378/378
f 146/379/379 143/380/380 141/381/381
f 146/382/382 144/383/383 143/384/384
f 146/385/385 145/386/386 144/387/387
f 140/388/388 190/389/389 146/390/390
f 146/391/391 153/392/392 145/393/393
f 146/394/394 191/395/395 153/396/396
f 153/397/397 148/398/398 145/399/399
f 153/400/400 149/401/401 148/402/402
f 153/403/403 150/404/404 149/405/405
f 153/406/406 151/407/407 150/408/408
f 153/409/409 154/410/410 151/411/411
f 153/412/412 155/413/413 154/414/414
f 153/415/415 195/416/416 157/417/417
f 153/418/418 156/419/419 155/420/420
f 153/421/421 157/422/422 156/423/423
f 189/424/424 192/425/425 190/426/426
f 190/427/427 192/428/428 193/429/429
f 189/430/430 190/431/431 140/432/432
f 190/433/433 191/434/434 146/435/435
f 190/436/436 193/437/437 191/438/438
f 191/439/439 193/440/440 194/441/441
f 191/442/442 194/443/443 195/444/444
f 194/445/445 197/446/446 195/447/447
f 505/448/448 716/449/449 192/450/450
f 192/451/451 716/452/452 193/453/453
f 193/454/454 716/455/455 194/456/456
f 716/457/457 720/458/458 194/459/459
f 194/460/460 199/461/461 197/462/462
f 194/463/463 720/464/464 199/465/465
f 191/466/466 195/467/467 153/468/468
f 196/469/469 158/470/470 157/471/471
f 196/472/472 159/473/473 158/474/474
f 196/475/475 183/476/476 159/477/477
f 195/478/478 196/479/479 157/480/480
f 195/481/481 197/482/482 196/483/483
f 196/484/484 197/485/485 198/486/486
f 197/487/487 200/488/488 198/489/489
f 199/490/490 200/491/491 197/492/492
f 198/493/493 200/494/494 227/495/495
f 196/496/496 198/497/497 209/498/498
f 196/499/499 201/500/500 183/501/501
f 196/502/502 202/503/503 201/504/504
f 196/505/505 203/506/506 202/507/507
f 196/508/508 209/509/509 203/510/510
f 209/511/511 204/512/512 203/513/513
f 209/514/514 206/515/515 204/516/516
f 210/517/517 207/518/518 206/519/519
f 210/520/520 208/521/521 207/522/522
f 209/523/523 225/524/524 211/525/525
f 209/526/526 210/527/527 206/528/528
f 209/529/529 211/530/530 210/531/531
f 212/532/532 217/533/533 213/534/534
f 226/535/535 212/536/536 211/537/537
f 226/538/538 217/539/539 212/540/540
f 226/541/541 218/542/542 217/543/543
f 226/544/544 220/545/545 218/546/546
f 226/547/547 221/548/548 220/549/549
f 221/550/550 223/551/551 222/552/552
f 198/553/553 225/554/554 209/555/555
f 198/556/556 227/557/557 225/558/558
f 225/559/559 226/560/560 211/561/561
f 227/562/562 226/563/563 225/564/564
f 227/565/565 228/566/566 226/567/567
f 228/568/568 229/569/569 226/570/570
f 226/571/571 229/572/572 221/573/573
f 229/574/574 223/575/575 221/576/576
f 229/577/577 467/578/578 223/579/579
f 467/580/580 224/581/581 223/582/582
f 467/583/583 446/584/584 224/585/585
f 228/586/586 230/587/587 229/588/588
f 229/589/589 230/590/590 467/591/591
f 230/592/592 469/593/593 467/594/594
f 332/595/595 244/596/596 243/597/597
f 332/598/598 242/599/599 244/600/600
f 333/601/601 243/602/602 245/603/603
f 333/604/604 245/605/605 246/606/606
f 348/607/607 252/608/608 251/609/609
f 333/610/610 246/611/611 252/612/612
f 333/613/613 252/614/614 348/615/615
f 281/616/616 280/617/617 275/618/618
f 281/619/619 279/620/620 280/621/621
f 281/622/622 275/623/623 274/624/624
f 281/625/625 274/626/626 276/627/627
f 348/628/628 282/629/629 278/630/630
f 348/631/631 251/632/632 283/633/633
f 348/634/634 283/635/635 282/636/636
f 348/637/637 278/638/638 279/639/639
f 348/640/640 279/641/641 281/642/642
f 348/643/643 281/644/644 349/645/645
f 309/646/646 298/647/647 299/648/648
f 309/649/649 299/650/650 300/651/651
f 309/652/652 300/653/653 302/654/654
f 404/655/655 302/656/656 303/657/657
f 404/658/658 303/659/659 304/660/660
f 309/661/661 302/662/662 404/663/663
f 281/664/664 276/665/665 305/666/666
f 308/667/667 286/668/668 287/669/669
f 308/670/670 306/671/671 307/672/672
f 308/673/673 305/674/674 306/675/675
f 308/676/676 307/677/677 286/678/678
f 281/679/679 305/680/680 308/681/681
f 308/682/682 287/683/683 290/684/684
f 308/685/685 290/686/686 291/687/687
f 308/688/688 291/689/689 292/690/690
f 309/691/691 292/692/692 293/693/693
f 308/694/694 292/695/695 309/696/696
f 281/697/697 308/698/698 349/699/699
f 349/700/700 308/701/701 354/702/702
f 308/703/703 309/704/704 354/705/705
f 309/706/706 293/707/707 294/708/708
f 309/709/709 294/710/710 298/711/711
f 309/712/712 404/713/713 428/714/714
f 309/715/715 428/716/716 477/717/717
f 336/718/718 326/719/719 319/720/720
f 341/721/721 320/722/722 325/723/723
f 341/724/724 324/725/725 326/726/726
f 341/727/727 325/728/728 324/729/729
f 328/730/730 331/731/731 330/732/732
f 337/733/733 328/734/734 330/735/735
f 333/736/736 330/737/737 332/738/738
f 333/739/739 332/740/740 243/741/741
f 337/742/742 330/743/743 333/744/744
f 336/745/745 334/746/746 335/747/747
f 336/748/748 319/749/749 334/750/750
f 336/751/751 335/752/752 337/753/753
f 337/754/754 335/755/755 327/756/756
f 336/757/757 345/758/758 326/759/759
f 337/760/760 327/761/761 328/762/762
f 336/763/763 337/764/764 346/765/765
f 337/766/766 333/767/767 338/768/768
f 333/769/769 348/770/770 338/771/771
f 339/772/772 315/773/773 316/774/774
f 339/775/775 316/776/776 340/777/777
f 340/778/778 316/779/779 317/780/780
f 340/781/781 317/782/782 318/783/783
f 340/784/784 318/785/785 322/786/786
f 339/787/787 340/788/788 343/789/789
f 341/790/790 322/791/791 323/792/792
f 341/793/793 323/794/794 320/795/795
f 340/796/796 322/797/797 341/798/798
f 341/799/799 326/800/800 345/801/801
f 339/802/802 343/803/803 342/804/804
f 340/805/805 341/806/806 344/807/807
f 340/808/808 344/809/809 343/810/810
f 341/811/811 877/812/812 344/813/813
f 336/814/814 346/815/815 345/816/816
f 337/817/817 338/818/818 347/819/819
f 337/820/820 347/821/821 346/822/822
f 341/823/823 345/824/824 877/825/825
f 345/826/826 346/827/827 878/828/828
f 345/829/829 878/830/830 877/831/831
f 346/832/832 347/833/833 881/834/834
f 346/835/835 881/836/836 878/837/837
f 338/838/838 352/839/839 347/840/840
f 347/841/841 931/842/842 881/843/843
f 348/844/844 349/845/845 351/846/846
f 338/847/847 348/848/848 350/849/849
f 348/850/850 351/851/851 350/852/852
f 338/853/853 350/854/854 352/855/855
f 350/856/856 351/857/857 352/858/858
f 352/859/859 351/860/860 353/861/861
f 347/862/862 352/863/863 931/864/864
f 352/865/865 353/866/866 932/867/867
f 352/868/868 932/869/869 931/870/870
f 349/871/871 354/872/872 356/873/873
f 349/874/874 356/875/875 351/876/876
f 354/877/877 358/878/878 356/879/879
f 354/880/880 309/881/881 355/882/882
f 309/883/883 477/884/884 355/885/885
f 354/886/886 355/887/887 358/888/888
f 355/889/889 477/890/890 358/891/891
f 358/892/892 477/893/893 479/894/894
f 351/895/895 356/896/896 353/897/897
f 353/898/898 356/899/899 357/900/900
f 353/901/901 357/902/902 932/903/903
f 357/904/904 356/905/905 358/906/906
f 357/907/907 358/908/908 941/909/909
f 358/910/910 943/911/911 941/912/912
f 358/913/913 479/914/914 943/915/915
f 404/916/916 304/917/917 401/918/918
f 404/919/919 401/920/920 402/921/921
f 404/922/922 402/923/923 403/924/924
f 404/925/925 403/926/926 405/927/927
f 404/928/928 405/929/929 408/930/930
f 407/931/931 408/932/932 405/933/933
f 404/934/934 408/935/935 410/936/936
f 410/937/937 408/938/938 409/939/939
f 410/940/940 409/941/941 411/942/942
f 416/943/943 418/944/944 415/945/945
f 404/946/946 422/947/947 428/948/948
f 404/949/949 410/950/950 422/951/951
f 410/952/952 411/953/953 422/954/954
f 422/955/955 411/956/956 417/957/957
f 422/958/958 417/959/959 418/960/960
f 422/961/961 418/962/962 416/963/963
f 422/964/964 416/965/965 427/966/966
f 427/967/967 416/968/968 421/969/969
f 427/970/970 421/971/971 420/972/972
f 427/973/973 420/974/974 423/975/975
f 423/976/976 425/977/977 426/978/978
f 423/979/979 424/980/980 425/981/981
f 434/982/982 423/983/983 426/984/984
f 427/985/985 423/986/986 434/987/987
f 422/988/988 427/989/989 476/990/990
f 427/991/991 434/992/992 476/993/993
f 422/994/994 477/995/995 428/996/996
f 434/997/997 426/998/998 431/999/999
f 434/1000/1000 431/1001/1001 432/1002/1002
f 434/1003/1003 432/1004/1004 433/1005/1005
f 434/1006/1006 433/1007/1007 437/1008/1008
f 434/1009/1009 437/1010/1010 435/1011/1011
f 434/1012/1012 440/1013/1013 481/1014/1014
f 434/1015/1015 435/1016/1016 436/1017/1017
f 434/1018/1018 436/1019/1019 440/1020/1020
f 448/1021/1021 452/1022/1022 449/1023/1023
f 468/1024/1024 453/1025/1025 451/1026/1026
f 468/1027/1027 462/1028/1028 464/1029/1029
f 468/1030/1030 464/1031/1031 453/1032/1032
f 482/1033/1033 396/1034/1034 459/1035/1035
f 482/1036/1036 459/1037/1037 460/1038/1038
f 466/1039/1039 455/1040/1040 457/1041/1041
f 466/1042/1042 456/1043/1043 455/1044/1044
f 466/1045/1045 458/1046/1046 456/1047/1047
f 482/1048/1048 460/1049/1049 458/1050/1050
f 466/1051/1051 482/1052/1052 458/1053/1053
f 466/1054/1054 457/1055/1055 465/1056/1056
f 466/1057/1057 465/1058/1058 461/1059/1059
f 471/1060/1060 463/1061/1061 462/1062/1062
f 471/1063/1063 461/1064/1064 463/1065/1065
f 466/1066/1066 461/1067/1067 472/1068/1068
f 466/1069/1069 472/1070/1070 482/1071/1071
f 467/1072/1072 447/1073/1073 446/1074/1074
f 467/1075/1075 448/1076/1076 447/1077/1077
f 467/1078/1078 468/1079/1079 448/1080/1080
f 468/1081/1081 452/1082/1082 448/1083/1083
f 468/1084/1084 451/1085/1085 452/1086/1086
f 467/1087/1087 469/1088/1088 468/1089/1089
f 469/1090/1090 470/1091/1091 468/1092/1092
f 468/1093/1093 470/1094/1094 473/1095/1095
f 468/1096/1096 471/1097/1097 462/1098/1098
f 471/1099/1099 472/1100/1100 461/1101/1101
f 472/1102/1102 474/1103/1103 484/1104/1104
f 468/1105/1105 473/1106/1106 471/1107/1107
f 471/1108/1108 473/1109/1109 472/1110/1110
f 473/1111/1111 474/1112/1112 472/1113/1113
f 422/1114/1114 475/1115/1115 477/1116/1116
f 422/1117/1117 476/1118/1118 475/1119/1119
f 475/1120/1120 476/1121/1121 480/1122/1122
f 476/1123/1123 478/1124/1124 480/1125/1125
f 476/1126/1126 481/1127/1127 483/1128/1128
f 476/1129/1129 483/1130/1130 478/1131/1131
f 477/1132/1132 480/1133/1133 479/1134/1134
f 475/1135/1135 480/1136/1136 477/1137/1137
f 478/1138/1138 1165/1139/1139 480/1140/1140
f 1165/1141/1141 1166/1142/1142 480/1143/1143
f 478/1144/1144 483/1145/1145 486/1146/1146
f 478/1147/1147 486/1148/1148 1165/1149/1149
f 479/1150/1150 1166/1151/1151 943/1152/1152
f 479/1153/1153 480/1154/1154 1166/1155/1155
f 482/1156/1156 439/1157/1157 438/1158/1158
f 482/1159/1159 438/1160/1160 396/1161/1161
f 482/1162/1162 440/1163/1163 439/1164/1164
f 481/1165/1165 440/1166/1166 482/1167/1167
f 476/1168/1168 434/1169/1169 481/1170/1170
f 481/1171/1171 484/1172/1172 483/1173/1173
f 481/1174/1174 482/1175/1175 484/1176/1176
f 472/1177/1177 484/1178/1178 482/1179/1179
f 483/1180/1180 484/1181/1181 485/1182/1182
f 483/1183/1183 485/1184/1184 486/1185/1185
f 474/1186/1186 485/1187/1187 484/1188/1188
f 488/1189/1189 565/1190/1190 490/1191/1191
f 488/1192/1192 490/1193/1193 487/1194/1194
f 487/1195/1195 489/1196/1196 519/1197/1197
f 490/1198/1198 489/1199/1199 487/1200/1200
f 490/1201/1201 565/1202/1202 566/1203/1203
f 489/1204/1204 493/1205/1205 550/1206/1206
f 491/1207/1207 493/1208/1208 489/1209/1209
f 491/1210/1210 566/1211/1211 492/1212/1212
f 490/1213/1213 566/1214/1214 491/1215/1215
f 490/1216/1216 491/1217/1217 489/1218/1218
f 491/1219/1219 614/1220/1220 493/1221/1221
f 614/1222/1222 607/1223/1223 493/1224/1224
f 491/1225/1225 492/1226/1226 613/1227/1227
f 491/1228/1228 613/1229/1229 614/1230/1230
f 503/1231/1231 80/1232/1232 519/1233/1233
f 495/1234/1234 517/1235/1235 503/1236/1236
f 495/1237/1237 503/1238/1238 519/1239/1239
f 521/1240/1240 519/1241/1241 550/1242/1242
f 495/1243/1243 519/1244/1244 521/1245/1245
f 495/1246/1246 520/1247/1247 517/1248/1248
f 497/1249/1249 496/1250/1250 498/1251/1251
f 496/1252/1252 499/1253/1253 498/1254/1254
f 497/1255/1255 499/1256/1256 496/1257/1257
f 498/1258/1258 499/1259/1259 501/1260/1260
f 497/1261/1261 508/1262/1262 499/1263/1263
f 499/1264/1264 500/1265/1265 501/1266/1266
f 499/1267/1267 508/1268/1268 500/1269/1269
f 498/1270/1270 501/1271/1271 502/1272/1272
f 503/1273/1273 504/1274/1274 505/1275/1275
f 503/1276/1276 517/1277/1277 504/1278/1278
f 504/1279/1279 518/1280/1280 505/1281/1281
f 497/1282/1282 498/1283/1283 506/1284/1284
f 498/1285/1285 512/1286/1286 506/1287/1287
f 498/1288/1288 502/1289/1289 512/1290/1290
f 506/1291/1291 512/1292/1292 507/1293/1293
f 500/1294/1294 508/1295/1295 501/1296/1296
f 497/1297/1297 506/1298/1298 508/1299/1299
f 501/1300/1300 508/1301/1301 509/1302/1302
f 502/1303/1303 501/1304/1304 509/1305/1305
f 508/1306/1306 513/1307/1307 509/1308/1308
f 506/1309/1309 507/1310/1310 513/1311/1311
f 506/1312/1312 513/1313/1313 508/1314/1314
f 502/1315/1315 510/1316/1316 512/1317/1317
f 510/1318/1318 504/1319/1319 516/1320/1320
f 512/1321/1321 510/1322/1322 516/1323/1323
f 502/1324/1324 509/1325/1325 511/1326/1326
f 502/1327/1327 511/1328/1328 510/1329/1329
f 510/1330/1330 518/1331/1331 504/1332/1332
f 510/1333/1333 511/1334/1334 518/1335/1335
f 507/1336/1336 527/1337/1337 513/1338/1338
f 507/1339/1339 512/1340/1340 527/1341/1341
f 512/1342/1342 529/1343/1343 527/1344/1344
f 513/1345/1345 515/1346/1346 509/1347/1347
f 527/1348/1348 514/1349/1349 513/1350/1350
f 513/1351/1351 514/1352/1352 515/1353/1353
f 527/1354/1354 530/1355/1355 514/1356/1356
f 514/1357/1357 530/1358/1358 515/1359/1359
f 509/1360/1360 515/1361/1361 535/1362/1362
f 512/1363/1363 516/1364/1364 529/1365/1365
f 516/1366/1366 517/1367/1367 531/1368/1368
f 509/1369/1369 535/1370/1370 511/1371/1371
f 511/1372/1372 535/1373/1373 518/1374/1374
f 535/1375/1375 536/1376/1376 518/1377/1377
f 516/1378/1378 504/1379/1379 517/1380/1380
f 518/1381/1381 717/1382/1382 505/1383/1383
f 536/1384/1384 717/1385/1385 518/1386/1386
f 487/1387/1387 519/1388/1388 80/1389/1389
f 489/1390/1390 550/1391/1391 519/1392/1392
f 522/1393/1393 524/1394/1394 550/1395/1395
f 531/1396/1396 517/1397/1397 520/1398/1398
f 495/1399/1399 521/1400/1400 520/1401/1401
f 521/1402/1402 523/1403/1403 520/1404/1404
f 521/1405/1405 550/1406/1406 524/1407/1407
f 520/1408/1408 523/1409/1409 542/1410/1410
f 640/1411/1411 523/1412/1412 625/1413/1413
f 634/1414/1414 522/1415/1415 639/1416/1416
f 522/1417/1417 629/1418/1418 632/1419/1419
f 522/1420/1420 632/1421/1421 639/1422/1422
f 521/1423/1423 524/1424/1424 523/1425/1425
f 635/1426/1426 636/1427/1427 524/1428/1428
f 524/1429/1429 625/1430/1430 523/1431/1431
f 636/1432/1432 625/1433/1433 524/1434/1434
f 635/1435/1435 524/1436/1436 522/1437/1437
f 634/1438/1438 635/1439/1439 522/1440/1440
f 634/1441/1441 525/1442/1442 526/1443/1443
f 527/1444/1444 529/1445/1445 528/1446/1446
f 527/1447/1447 528/1448/1448 530/1449/1449
f 528/1450/1450 529/1451/1451 532/1452/1452
f 528/1453/1453 533/1454/1454 530/1455/1455
f 530/1456/1456 534/1457/1457 515/1458/1458
f 515/1459/1459 537/1460/1460 535/1461/1461
f 529/1462/1462 516/1463/1463 531/1464/1464
f 528/1465/1465 532/1466/1466 533/1467/1467
f 532/1468/1468 529/1469/1469 539/1470/1470
f 529/1471/1471 531/1472/1472 539/1473/1473
f 532/1474/1474 538/1475/1475 541/1476/1476
f 530/1477/1477 533/1478/1478 534/1479/1479
f 534/1480/1480 537/1481/1481 515/1482/1482
f 532/1483/1483 541/1484/1484 533/1485/1485
f 533/1486/1486 541/1487/1487 534/1488/1488
f 531/1489/1489 520/1490/1490 542/1491/1491
f 535/1492/1492 547/1493/1493 536/1494/1494
f 535/1495/1495 537/1496/1496 547/1497/1497
f 536/1498/1498 547/1499/1499 721/1500/1500
f 532/1501/1501 539/1502/1502 538/1503/1503
f 538/1504/1504 539/1505/1505 540/1506/1506
f 538/1507/1507 540/1508/1508 541/1509/1509
f 531/1510/1510 542/1511/1511 539/1512/1512
f 539/1513/1513 543/1514/1514 540/1515/1515
f 539/1516/1516 542/1517/1517 543/1518/1518
f 534/1519/1519 541/1520/1520 545/1521/1521
f 534/1522/1522 546/1523/1523 537/1524/1524
f 540/1525/1525 545/1526/1526 541/1527/1527
f 534/1528/1528 545/1529/1529 546/1530/1530
f 540/1531/1531 543/1532/1532 545/1533/1533
f 543/1534/1534 542/1535/1535 640/1536/1536
f 543/1537/1537 640/1538/1538 544/1539/1539
f 543/1540/1540 544/1541/1541 545/1542/1542
f 544/1543/1543 642/1544/1544 545/1545/1545
f 545/1546/1546 642/1547/1547 546/1548/1548
f 640/1549/1549 542/1550/1550 523/1551/1551
f 537/1552/1552 669/1553/1553 547/1554/1554
f 537/1555/1555 546/1556/1556 669/1557/1557
f 547/1558/1558 669/1559/1559 781/1560/1560
f 645/1561/1561 548/1562/1562 549/1563/1563
f 644/1564/1564 548/1565/1565 645/1566/1566
f 644/1567/1567 526/1568/1568 548/1569/1569
f 549/1570/1570 556/1571/1571 722/1572/1572
f 645/1573/1573 549/1574/1574 673/1575/1575
f 673/1576/1576 549/1577/1577 722/1578/1578
f 522/1579/1579 550/1580/1580 493/1581/1581
f 555/1582/1582 592/1583/1583 551/1584/1584
f 522/1585/1585 493/1586/1586 607/1587/1587
f 522/1588/1588 607/1589/1589 629/1590/1590
f 526/1591/1591 553/1592/1592 559/1593/1593
f 553/1594/1594 551/1595/1595 559/1596/1596
f 525/1597/1597 553/1598/1598 526/1599/1599
f 525/1600/1600 552/1601/1601 553/1602/1602
f 552/1603/1603 554/1604/1604 555/1605/1605
f 554/1606/1606 591/1607/1607 555/1608/1608
f 676/1609/1609 554/1610/1610 552/1611/1611
f 676/1612/1612 494/1613/1613 554/1614/1614
f 494/1615/1615 596/1616/1616 554/1617/1617
f 553/1618/1618 555/1619/1619 551/1620/1620
f 552/1621/1621 555/1622/1622 553/1623/1623
f 557/1624/1624 560/1625/1625 559/1626/1626
f 558/1627/1627 556/1628/1628 560/1629/1629
f 557/1630/1630 598/1631/1631 558/1632/1632
f 557/1633/1633 559/1634/1634 551/1635/1635
f 557/1636/1636 558/1637/1637 560/1638/1638
f 557/1639/1639 551/1640/1640 597/1641/1641
f 558/1642/1642 599/1643/1643 728/1644/1644
f 558/1645/1645 728/1646/1646 556/1647/1647
f 526/1648/1648 559/1649/1649 548/1650/1650
f 548/1651/1651 559/1652/1652 560/1653/1653
f 548/1654/1654 560/1655/1655 549/1656/1656
f 549/1657/1657 560/1658/1658 556/1659/1659
f 565/1660/1660 562/1661/1661 566/1662/1662
f 566/1663/1663 562/1664/1664 563/1665/1665
f 561/1666/1666 111/1667/1667 564/1668/1668
f 561/1669/1669 563/1670/1670 562/1671/1671
f 561/1672/1672 564/1673/1673 563/1674/1674
f 492/1675/1675 566/1676/1676 563/1677/1677
f 564/1678/1678 567/1679/1679 570/1680/1680
f 564/1681/1681 569/1682/1682 563/1683/1683
f 111/1684/1684 112/1685/1685 567/1686/1686
f 564/1687/1687 111/1688/1688 567/1689/1689
f 567/1690/1690 112/1691/1691 568/1692/1692
f 112/1693/1693 342/1694/1694 568/1695/1695
f 568/1696/1696 342/1697/1697 874/1698/1698
f 567/1699/1699 568/1700/1700 576/1701/1701
f 568/1702/1702 874/1703/1703 577/1704/1704
f 577/1705/1705 874/1706/1706 883/1707/1707
f 492/1708/1708 563/1709/1709 569/1710/1710
f 570/1711/1711 576/1712/1712 572/1713/1713
f 564/1714/1714 570/1715/1715 569/1716/1716
f 570/1717/1717 571/1718/1718 569/1719/1719
f 613/1720/1720 569/1721/1721 571/1722/1722
f 572/1723/1723 576/1724/1724 578/1725/1725
f 570/1726/1726 572/1727/1727 571/1728/1728
f 492/1729/1729 569/1730/1730 613/1731/1731
f 573/1732/1732 574/1733/1733 596/1734/1734
f 494/1735/1735 573/1736/1736 596/1737/1737
f 685/1738/1738 575/1739/1739 573/1740/1740
f 575/1741/1741 580/1742/1742 574/1743/1743
f 573/1744/1744 575/1745/1745 574/1746/1746
f 581/1747/1747 580/1748/1748 575/1749/1749
f 686/1750/1750 581/1751/1751 575/1752/1752
f 570/1753/1753 567/1754/1754 576/1755/1755
f 576/1756/1756 568/1757/1757 577/1758/1758
f 576/1759/1759 577/1760/1760 578/1761/1761
f 577/1762/1762 883/1763/1763 579/1764/1764
f 577/1765/1765 579/1766/1766 578/1767/1767
f 579/1768/1768 883/1769/1769 886/1770/1770
f 581/1771/1771 583/1772/1772 580/1773/1773
f 605/1774/1774 580/1775/1775 583/1776/1776
f 581/1777/1777 582/1778/1778 583/1779/1779
f 582/1780/1780 1012/1781/1781 891/1782/1782
f 605/1783/1783 583/1784/1784 889/1785/1785
f 583/1786/1786 891/1787/1787 889/1788/1788
f 582/1789/1789 891/1790/1790 583/1791/1791
f 600/1792/1792 586/1793/1793 584/1794/1794
f 600/1795/1795 585/1796/1796 586/1797/1797
f 584/1798/1798 586/1799/1799 587/1800/1800
f 584/1801/1801 587/1802/1802 742/1803/1803
f 603/1804/1804 588/1805/1805 585/1806/1806
f 606/1807/1807 902/1808/1808 588/1809/1809
f 585/1810/1810 589/1811/1811 586/1812/1812
f 585/1813/1813 588/1814/1814 589/1815/1815
f 586/1816/1816 589/1817/1817 590/1818/1818
f 586/1819/1819 590/1820/1820 587/1821/1821
f 587/1822/1822 590/1823/1823 745/1824/1824
f 588/1825/1825 903/1826/1826 589/1827/1827
f 588/1828/1828 902/1829/1829 903/1830/1830
f 589/1831/1831 903/1832/1832 906/1833/1833
f 589/1834/1834 906/1835/1835 590/1836/1836
f 590/1837/1837 907/1838/1838 745/1839/1839
f 590/1840/1840 906/1841/1841 907/1842/1842
f 592/1843/1843 595/1844/1844 597/1845/1845
f 555/1846/1846 591/1847/1847 592/1848/1848
f 551/1849/1849 592/1850/1850 597/1851/1851
f 594/1852/1852 592/1853/1853 591/1854/1854
f 593/1855/1855 594/1856/1856 591/1857/1857
f 593/1858/1858 574/1859/1859 602/1860/1860
f 593/1861/1861 601/1862/1862 594/1863/1863
f 593/1864/1864 602/1865/1865 601/1866/1866
f 594/1867/1867 595/1868/1868 592/1869/1869
f 594/1870/1870 601/1871/1871 603/1872/1872
f 595/1873/1873 603/1874/1874 585/1875/1875
f 594/1876/1876 603/1877/1877 595/1878/1878
f 554/1879/1879 596/1880/1880 591/1881/1881
f 593/1882/1882 591/1883/1883 596/1884/1884
f 593/1885/1885 596/1886/1886 574/1887/1887
f 574/1888/1888 580/1889/1889 602/1890/1890
f 557/1891/1891 597/1892/1892 598/1893/1893
f 597/1894/1894 600/1895/1895 598/1896/1896
f 598/1897/1897 600/1898/1898 584/1899/1899
f 558/1900/1900 598/1901/1901 599/1902/1902
f 598/1903/1903 584/1904/1904 599/1905/1905
f 599/1906/1906 584/1907/1907 742/1908/1908
f 597/1909/1909 595/1910/1910 600/1911/1911
f 595/1912/1912 585/1913/1913 600/1914/1914
f 602/1915/1915 605/1916/1916 604/1917/1917
f 602/1918/1918 580/1919/1919 605/1920/1920
f 602/1921/1921 604/1922/1922 601/1923/1923
f 601/1924/1924 606/1925/1925 603/1926/1926
f 601/1927/1927 604/1928/1928 606/1929/1929
f 606/1930/1930 588/1931/1931 603/1932/1932
f 604/1933/1933 914/1934/1934 916/1935/1935
f 605/1936/1936 914/1937/1937 604/1938/1938
f 605/1939/1939 889/1940/1940 914/1941/1941
f 604/1942/1942 916/1943/1943 606/1944/1944
f 606/1945/1945 916/1946/1946 902/1947/1947
f 607/1948/1948 609/1949/1949 608/1950/1950
f 614/1951/1951 612/1952/1952 611/1953/1953
f 614/1954/1954 611/1955/1955 607/1956/1956
f 607/1957/1957 611/1958/1958 609/1959/1959
f 609/1960/1960 611/1961/1961 676/1962/1962
f 612/1963/1963 616/1964/1964 676/1965/1965
f 611/1966/1966 612/1967/1967 676/1968/1968
f 614/1969/1969 610/1970/1970 612/1971/1971
f 610/1972/1972 616/1973/1973 612/1974/1974
f 614/1975/1975 613/1976/1976 621/1977/1977
f 614/1978/1978 624/1979/1979 619/1980/1980
f 614/1981/1981 623/1982/1982 624/1983/1983
f 614/1984/1984 621/1985/1985 623/1986/1986
f 619/1987/1987 624/1988/1988 615/1989/1989
f 624/1990/1990 689/1991/1991 615/1992/1992
f 676/1993/1993 616/1994/1994 494/1995/1995
f 615/1996/1996 573/1997/1997 494/1998/1998
f 615/1999/1999 494/2000/2000 616/2001/2001
f 614/2002/2002 617/2003/2003 618/2004/2004
f 614/2005/2005 619/2006/2006 617/2007/2007
f 614/2008/2008 618/2009/2009 610/2010/2010
f 618/2011/2011 616/2012/2012 610/2013/2013
f 617/2014/2014 615/2015/2015 616/2016/2016
f 618/2017/2017 617/2018/2018 616/2019/2019
f 617/2020/2020 619/2021/2021 615/2022/2022
f 621/2023/2023 622/2024/2024 623/2025/2025
f 623/2026/2026 689/2027/2027 624/2028/2028
f 623/2029/2029 622/2030/2030 689/2031/2031
f 621/2032/2032 620/2033/2033 622/2034/2034
f 622/2035/2035 620/2036/2036 689/2037/2037
f 625/2038/2038 626/2039/2039 666/2040/2040
f 625/2041/2041 638/2042/2042 626/2043/2043
f 626/2044/2044 638/2045/2045 644/2046/2046
f 627/2047/2047 525/2048/2048 632/2049/2049
f 627/2050/2050 630/2051/2051 525/2052/2052
f 630/2053/2053 631/2054/2054 525/2055/2055
f 628/2056/2056 525/2057/2057 631/2058/2058
f 628/2059/2059 631/2060/2060 629/2061/2061
f 629/2062/2062 631/2063/2063 630/2064/2064
f 627/2065/2065 629/2066/2066 630/2067/2067
f 627/2068/2068 632/2069/2069 629/2070/2070
f 636/2071/2071 633/2072/2072 625/2073/2073
f 625/2074/2074 633/2075/2075 637/2076/2076
f 638/2077/2077 637/2078/2078 526/2079/2079
f 637/2080/2080 633/2081/2081 526/2082/2082
f 644/2083/2083 638/2084/2084 526/2085/2085
f 625/2086/2086 637/2087/2087 638/2088/2088
f 634/2089/2089 639/2090/2090 525/2091/2091
f 632/2092/2092 525/2093/2093 639/2094/2094
f 636/2095/2095 526/2096/2096 633/2097/2097
f 634/2098/2098 526/2099/2099 635/2100/2100
f 635/2101/2101 526/2102/2102 636/2103/2103
f 544/2104/2104 640/2105/2105 641/2106/2106
f 544/2107/2107 641/2108/2108 642/2109/2109
f 640/2110/2110 648/2111/2111 641/2112/2112
f 641/2113/2113 646/2114/2114 643/2115/2115
f 642/2116/2116 655/2117/2117 546/2118/2118
f 641/2119/2119 643/2120/2120 642/2121/2121
f 642/2122/2122 643/2123/2123 655/2124/2124
f 658/2125/2125 645/2126/2126 657/2127/2127
f 657/2128/2128 645/2129/2129 659/2130/2130
f 640/2131/2131 625/2132/2132 648/2133/2133
f 648/2134/2134 625/2135/2135 666/2136/2136
f 649/2137/2137 666/2138/2138 644/2139/2139
f 666/2140/2140 626/2141/2141 644/2142/2142
f 658/2143/2143 644/2144/2144 645/2145/2145
f 641/2146/2146 648/2147/2147 646/2148/2148
f 646/2149/2149 647/2150/2150 643/2151/2151
f 646/2152/2152 648/2153/2153 647/2154/2154
f 651/2155/2155 650/2156/2156 658/2157/2157
f 648/2158/2158 666/2159/2159 649/2160/2160
f 650/2161/2161 644/2162/2162 658/2163/2163
f 648/2164/2164 649/2165/2165 650/2166/2166
f 647/2167/2167 648/2168/2168 651/2169/2169
f 647/2170/2170 651/2171/2171 652/2172/2172
f 647/2173/2173 653/2174/2174 654/2175/2175
f 647/2176/2176 652/2177/2177 653/2178/2178
f 647/2179/2179 654/2180/2180 663/2181/2181
f 648/2182/2182 650/2183/2183 651/2184/2184
f 651/2185/2185 658/2186/2186 652/2187/2187
f 653/2188/2188 665/2189/2189 654/2190/2190
f 643/2191/2191 660/2192/2192 655/2193/2193
f 647/2194/2194 663/2195/2195 643/2196/2196
f 661/2197/2197 660/2198/2198 643/2199/2199
f 662/2200/2200 656/2201/2201 655/2202/2202
f 658/2203/2203 657/2204/2204 656/2205/2205
f 658/2206/2206 662/2207/2207 660/2208/2208
f 660/2209/2209 662/2210/2210 655/2211/2211
f 658/2212/2212 656/2213/2213 662/2214/2214
f 655/2215/2215 656/2216/2216 657/2217/2217
f 655/2218/2218 657/2219/2219 659/2220/2220
f 655/2221/2221 659/2222/2222 667/2223/2223
f 663/2224/2224 661/2225/2225 643/2226/2226
f 652/2227/2227 658/2228/2228 653/2229/2229
f 653/2230/2230 658/2231/2231 665/2232/2232
f 665/2233/2233 658/2234/2234 661/2235/2235
f 661/2236/2236 658/2237/2237 660/2238/2238
f 663/2239/2239 665/2240/2240 661/2241/2241
f 654/2242/2242 664/2243/2243 663/2244/2244
f 654/2245/2245 665/2246/2246 664/2247/2247
f 663/2248/2248 664/2249/2249 665/2250/2250
f 650/2251/2251 649/2252/2252 644/2253/2253
f 546/2254/2254 655/2255/2255 669/2256/2256
f 655/2257/2257 667/2258/2258 669/2259/2259
f 667/2260/2260 645/2261/2261 668/2262/2262
f 667/2263/2263 668/2264/2264 669/2265/2265
f 645/2266/2266 670/2267/2267 668/2268/2268
f 645/2269/2269 673/2270/2270 670/2271/2271
f 659/2272/2272 645/2273/2273 667/2274/2274
f 669/2275/2275 668/2276/2276 670/2277/2277
f 669/2278/2278 670/2279/2279 671/2280/2280
f 669/2281/2281 671/2282/2282 672/2283/2283
f 673/2284/2284 671/2285/2285 670/2286/2286
f 673/2287/2287 672/2288/2288 671/2289/2289
f 669/2290/2290 672/2291/2291 778/2292/2292
f 628/2293/2293 629/2294/2294 607/2295/2295
f 628/2296/2296 607/2297/2297 675/2298/2298
f 607/2299/2299 674/2300/2300 675/2301/2301
f 607/2302/2302 608/2303/2303 674/2304/2304
f 608/2305/2305 676/2306/2306 674/2307/2307
f 676/2308/2308 675/2309/2309 674/2310/2310
f 628/2311/2311 675/2312/2312 525/2313/2313
f 525/2314/2314 675/2315/2315 552/2316/2316
f 676/2317/2317 552/2318/2318 675/2319/2319
f 609/2320/2320 676/2321/2321 608/2322/2322
f 677/2323/2323 571/2324/2324 572/2325/2325
f 572/2326/2326 578/2327/2327 682/2328/2328
f 677/2329/2329 572/2330/2330 682/2331/2331
f 682/2332/2332 578/2333/2333 692/2334/2334
f 677/2335/2335 678/2336/2336 690/2337/2337
f 677/2338/2338 679/2339/2339 678/2340/2340
f 677/2341/2341 682/2342/2342 679/2343/2343
f 679/2344/2344 682/2345/2345 680/2346/2346
f 680/2347/2347 682/2348/2348 681/2349/2349
f 680/2350/2350 681/2351/2351 683/2352/2352
f 680/2353/2353 683/2354/2354 687/2355/2355
f 682/2356/2356 692/2357/2357 699/2358/2358
f 691/2359/2359 683/2360/2360 694/2361/2361
f 682/2362/2362 700/2363/2363 684/2364/2364
f 682/2365/2365 699/2366/2366 700/2367/2367
f 681/2368/2368 682/2369/2369 684/2370/2370
f 681/2371/2371 684/2372/2372 683/2373/2373
f 684/2374/2374 700/2375/2375 683/2376/2376
f 700/2377/2377 699/2378/2378 683/2379/2379
f 699/2380/2380 692/2381/2381 701/2382/2382
f 701/2383/2383 692/2384/2384 702/2385/2385
f 699/2386/2386 701/2387/2387 683/2388/2388
f 683/2389/2389 701/2390/2390 694/2391/2391
f 613/2392/2392 571/2393/2393 621/2394/2394
f 621/2395/2395 571/2396/2396 677/2397/2397
f 615/2398/2398 689/2399/2399 685/2400/2400
f 689/2401/2401 687/2402/2402 685/2403/2403
f 615/2404/2404 685/2405/2405 573/2406/2406
f 685/2407/2407 687/2408/2408 686/2409/2409
f 691/2410/2410 686/2411/2411 687/2412/2412
f 685/2413/2413 686/2414/2414 575/2415/2415
f 621/2416/2416 677/2417/2417 620/2418/2418
f 620/2419/2419 677/2420/2420 688/2421/2421
f 620/2422/2422 688/2423/2423 689/2424/2424
f 678/2425/2425 689/2426/2426 688/2427/2427
f 677/2428/2428 690/2429/2429 688/2430/2430
f 678/2431/2431 687/2432/2432 689/2433/2433
f 678/2434/2434 679/2435/2435 687/2436/2436
f 679/2437/2437 680/2438/2438 687/2439/2439
f 690/2440/2440 678/2441/2441 688/2442/2442
f 691/2443/2443 687/2444/2444 683/2445/2445
f 578/2446/2446 579/2447/2447 692/2448/2448
f 692/2449/2449 579/2450/2450 695/2451/2451
f 579/2452/2452 886/2453/2453 695/2454/2454
f 695/2455/2455 886/2456/2456 1005/2457/2457
f 692/2458/2458 695/2459/2459 706/2460/2460
f 695/2461/2461 711/2462/2462 706/2463/2463
f 691/2464/2464 694/2465/2465 693/2466/2466
f 702/2467/2467 692/2468/2468 703/2469/2469
f 703/2470/2470 692/2471/2471 706/2472/2472
f 694/2473/2473 710/2474/2474 696/2475/2475
f 693/2476/2476 694/2477/2477 696/2478/2478
f 695/2479/2479 1005/2480/2480 711/2481/2481
f 711/2482/2482 1005/2483/2483 1030/2484/2484
f 693/2485/2485 696/2486/2486 1007/2487/2487
f 686/2488/2488 697/2489/2489 581/2490/2490
f 581/2491/2491 697/2492/2492 582/2493/2493
f 691/2494/2494 697/2495/2495 686/2496/2496
f 691/2497/2497 693/2498/2498 697/2499/2499
f 693/2500/2500 698/2501/2501 697/2502/2502
f 697/2503/2503 698/2504/2504 582/2505/2505
f 698/2506/2506 1012/2507/2507 582/2508/2508
f 693/2509/2509 1007/2510/2510 698/2511/2511
f 701/2512/2512 702/2513/2513 694/2514/2514
f 705/2515/2515 706/2516/2516 711/2517/2517
f 704/2518/2518 705/2519/2519 710/2520/2520
f 705/2521/2521 712/2522/2522 710/2523/2523
f 705/2524/2524 711/2525/2525 712/2526/2526
f 702/2527/2527 703/2528/2528 694/2529/2529
f 703/2530/2530 707/2531/2531 694/2532/2532
f 707/2533/2533 708/2534/2534 694/2535/2535
f 708/2536/2536 709/2537/2537 694/2538/2538
f 709/2539/2539 710/2540/2540 694/2541/2541
f 703/2542/2542 706/2543/2543 707/2544/2544
f 707/2545/2545 706/2546/2546 708/2547/2547
f 706/2548/2548 709/2549/2549 708/2550/2550
f 704/2551/2551 709/2552/2552 706/2553/2553
f 704/2554/2554 710/2555/2555 709/2556/2556
f 704/2557/2557 706/2558/2558 705/2559/2559
f 711/2560/2560 1030/2561/2561 714/2562/2562
f 711/2563/2563 713/2564/2564 712/2565/2565
f 712/2566/2566 713/2567/2567 710/2568/2568
f 711/2569/2569 714/2570/2570 713/2571/2571
f 713/2572/2572 714/2573/2573 710/2574/2574
f 714/2575/2575 1030/2576/2576 715/2577/2577
f 714/2578/2578 715/2579/2579 1037/2580/2580
f 715/2581/2581 1033/2582/2582 1037/2583/2583
f 715/2584/2584 1030/2585/2585 1033/2586/2586
f 710/2587/2587 1037/2588/2588 696/2589/2589
f 714/2590/2590 1037/2591/2591 710/2592/2592
f 505/2593/2593 718/2594/2594 716/2595/2595
f 505/2596/2596 717/2597/2597 718/2598/2598
f 716/2599/2599 718/2600/2600 720/2601/2601
f 718/2602/2602 719/2603/2603 720/2604/2604
f 720/2605/2605 738/2606/2606 199/2607/2607
f 719/2608/2608 738/2609/2609 720/2610/2610
f 536/2611/2611 721/2612/2612 717/2613/2613
f 717/2614/2614 721/2615/2615 724/2616/2616
f 717/2617/2617 724/2618/2618 718/2619/2619
f 547/2620/2620 781/2621/2621 721/2622/2622
f 721/2623/2623 781/2624/2624 724/2625/2625
f 781/2626/2626 784/2627/2627 724/2628/2628
f 784/2629/2629 785/2630/2630 724/2631/2631
f 779/2632/2632 722/2633/2633 723/2634/2634
f 673/2635/2635 722/2636/2636 779/2637/2637
f 779/2638/2638 723/2639/2639 787/2640/2640
f 785/2641/2641 786/2642/2642 724/2643/2643
f 786/2644/2644 788/2645/2645 724/2646/2646
f 788/2647/2647 789/2648/2648 724/2649/2649
f 724/2650/2650 789/2651/2651 790/2652/2652
f 787/2653/2653 723/2654/2654 725/2655/2655
f 718/2656/2656 724/2657/2657 719/2658/2658
f 724/2659/2659 727/2660/2660 719/2661/2661
f 724/2662/2662 790/2663/2663 727/2664/2664
f 790/2665/2665 791/2666/2666 727/2667/2667
f 791/2668/2668 792/2669/2669 727/2670/2670
f 792/2671/2671 793/2672/2672 727/2673/2673
f 793/2674/2674 799/2675/2675 727/2676/2676
f 799/2677/2677 740/2678/2678 727/2679/2679
f 556/2680/2680 728/2681/2681 731/2682/2682
f 729/2683/2683 732/2684/2684 731/2685/2685
f 728/2686/2686 748/2687/2687 729/2688/2688
f 728/2689/2689 729/2690/2690 731/2691/2691
f 729/2692/2692 730/2693/2693 732/2694/2694
f 729/2695/2695 749/2696/2696 730/2697/2697
f 730/2698/2698 750/2699/2699 735/2700/2700
f 556/2701/2701 731/2702/2702 722/2703/2703
f 723/2704/2704 731/2705/2705 732/2706/2706
f 722/2707/2707 731/2708/2708 723/2709/2709
f 723/2710/2710 732/2711/2711 725/2712/2712
f 725/2713/2713 732/2714/2714 733/2715/2715
f 730/2716/2716 733/2717/2717 732/2718/2718
f 725/2719/2719 733/2720/2720 726/2721/2721
f 730/2722/2722 735/2723/2723 733/2724/2724
f 719/2725/2725 740/2726/2726 738/2727/2727
f 719/2728/2728 727/2729/2729 740/2730/2730
f 726/2731/2731 733/2732/2732 734/2733/2733
f 799/2734/2734 807/2735/2735 740/2736/2736
f 733/2737/2737 735/2738/2738 734/2739/2739
f 734/2740/2740 735/2741/2741 736/2742/2742
f 735/2743/2743 753/2744/2744 736/2745/2745
f 734/2746/2746 736/2747/2747 803/2748/2748
f 803/2749/2749 736/2750/2750 737/2751/2751
f 736/2752/2752 756/2753/2753 737/2754/2754
f 199/2755/2755 738/2756/2756 739/2757/2757
f 199/2758/2758 739/2759/2759 200/2760/2760
f 200/2761/2761 739/2762/2762 767/2763/2763
f 738/2764/2764 741/2765/2765 739/2766/2766
f 738/2767/2767 740/2768/2768 741/2769/2769
f 739/2770/2770 741/2771/2771 771/2772/2772
f 741/2773/2773 740/2774/2774 807/2775/2775
f 741/2776/2776 807/2777/2777 809/2778/2778
f 741/2779/2779 809/2780/2780 771/2781/2781
f 809/2782/2782 773/2783/2783 771/2784/2784
f 587/2785/2785 743/2786/2786 742/2787/2787
f 742/2788/2788 743/2789/2789 751/2790/2790
f 751/2791/2791 743/2792/2792 744/2793/2793
f 587/2794/2794 745/2795/2795 743/2796/2796
f 743/2797/2797 746/2798/2798 744/2799/2799
f 743/2800/2800 745/2801/2801 746/2802/2802
f 744/2803/2803 747/2804/2804 759/2805/2805
f 744/2806/2806 746/2807/2807 747/2808/2808
f 745/2809/2809 1120/2810/2810 746/2811/2811
f 745/2812/2812 907/2813/2813 1120/2814/2814
f 746/2815/2815 1120/2816/2816 1123/2817/2817
f 746/2818/2818 1123/2819/2819 747/2820/2820
f 747/2821/2821 1124/2822/2822 762/2823/2823
f 747/2824/2824 1123/2825/2825 1124/2826/2826
f 599/2827/2827 748/2828/2828 728/2829/2829
f 729/2830/2830 748/2831/2831 749/2832/2832
f 599/2833/2833 742/2834/2834 748/2835/2835
f 748/2836/2836 751/2837/2837 749/2838/2838
f 748/2839/2839 742/2840/2840 751/2841/2841
f 749/2842/2842 752/2843/2843 750/2844/2844
f 730/2845/2845 749/2846/2846 750/2847/2847
f 749/2848/2848 751/2849/2849 752/2850/2850
f 750/2851/2851 752/2852/2852 754/2853/2853
f 751/2854/2854 744/2855/2855 752/2856/2856
f 752/2857/2857 744/2858/2858 759/2859/2859
f 752/2860/2860 759/2861/2861 754/2862/2862
f 735/2863/2863 750/2864/2864 753/2865/2865
f 750/2866/2866 754/2867/2867 753/2868/2868
f 754/2869/2869 759/2870/2870 760/2871/2871
f 754/2872/2872 755/2873/2873 753/2874/2874
f 754/2875/2875 760/2876/2876 755/2877/2877
f 755/2878/2878 760/2879/2879 761/2880/2880
f 755/2881/2881 761/2882/2882 758/2883/2883
f 736/2884/2884 753/2885/2885 756/2886/2886
f 755/2887/2887 756/2888/2888 753/2889/2889
f 756/2890/2890 758/2891/2891 757/2892/2892
f 737/2893/2893 756/2894/2894 757/2895/2895
f 755/2896/2896 758/2897/2897 756/2898/2898
f 758/2899/2899 761/2900/2900 765/2901/2901
f 758/2902/2902 765/2903/2903 770/2904/2904
f 757/2905/2905 758/2906/2906 770/2907/2907
f 759/2908/2908 747/2909/2909 762/2910/2910
f 759/2911/2911 762/2912/2912 760/2913/2913
f 760/2914/2914 762/2915/2915 763/2916/2916
f 760/2917/2917 763/2918/2918 761/2919/2919
f 761/2920/2920 763/2921/2921 764/2922/2922
f 761/2923/2923 764/2924/2924 765/2925/2925
f 762/2926/2926 1130/2927/2927 763/2928/2928
f 762/2929/2929 1124/2930/2930 1130/2931/2931
f 763/2932/2932 1130/2933/2933 1133/2934/2934
f 763/2935/2935 1133/2936/2936 764/2937/2937
f 764/2938/2938 1133/2939/2939 1134/2940/2940
f 764/2941/2941 766/2942/2942 765/2943/2943
f 764/2944/2944 1134/2945/2945 766/2946/2946
f 766/2947/2947 1134/2948/2948 1155/2949/2949
f 200/2950/2950 767/2951/2951 227/2952/2952
f 767/2953/2953 228/2954/2954 227/2955/2955
f 767/2956/2956 768/2957/2957 228/2958/2958
f 228/2959/2959 768/2960/2960 230/2961/2961
f 739/2962/2962 771/2963/2963 767/2964/2964
f 767/2965/2965 771/2966/2966 768/2967/2967
f 768/2968/2968 769/2969/2969 230/2970/2970
f 230/2971/2971 769/2972/2972 469/2973/2973
f 769/2974/2974 1151/2975/2975 469/2976/2976
f 768/2977/2977 777/2978/2978 769/2979/2979
f 769/2980/2980 1158/2981/2981 1151/2982/2982
f 757/2983/2983 770/2984/2984 829/2985/2985
f 770/2986/2986 765/2987/2987 775/2988/2988
f 770/2989/2989 775/2990/2990 830/2991/2991
f 771/2992/2992 772/2993/2993 768/2994/2994
f 768/2995/2995 772/2996/2996 777/2997/2997
f 771/2998/2998 774/2999/2999 772/3000/3000
f 771/3001/3001 773/3002/3002 774/3003/3003
f 772/3004/3004 774/3005/3005 842/3006/3006
f 765/3007/3007 766/3008/3008 775/3009/3009
f 766/3010/3010 776/3011/3011 775/3012/3012
f 766/3013/3013 1155/3014/3014 776/3015/3015
f 776/3016/3016 1155/3017/3017 1191/3018/3018
f 777/3019/3019 1158/3020/3020 769/3021/3021
f 772/3022/3022 842/3023/3023 777/3024/3024
f 777/3025/3025 842/3026/3026 1158/3027/3027
f 842/3028/3028 1197/3029/3029 1158/3030/3030
f 669/3031/3031 778/3032/3032 781/3033/3033
f 672/3034/3034 779/3035/3035 778/3036/3036
f 779/3037/3037 780/3038/3038 778/3039/3039
f 779/3040/3040 782/3041/3041 780/3042/3042
f 779/3043/3043 783/3044/3044 782/3045/3045
f 673/3046/3046 779/3047/3047 672/3048/3048
f 778/3049/3049 780/3050/3050 781/3051/3051
f 780/3052/3052 782/3053/3053 781/3054/3054
f 781/3055/3055 782/3056/3056 783/3057/3057
f 779/3058/3058 784/3059/3059 783/3060/3060
f 779/3061/3061 787/3062/3062 784/3063/3063
f 781/3064/3064 783/3065/3065 784/3066/3066
f 784/3067/3067 787/3068/3068 785/3069/3069
f 785/3070/3070 787/3071/3071 786/3072/3072
f 786/3073/3073 787/3074/3074 788/3075/3075
f 787/3076/3076 725/3077/3077 788/3078/3078
f 788/3079/3079 725/3080/3080 789/3081/3081
f 789/3082/3082 725/3083/3083 790/3084/3084
f 790/3085/3085 725/3086/3086 791/3087/3087
f 791/3088/3088 725/3089/3089 792/3090/3090
f 725/3091/3091 726/3092/3092 792/3093/3093
f 792/3094/3094 794/3095/3095 793/3096/3096
f 793/3097/3097 794/3098/3098 799/3099/3099
f 792/3100/3100 726/3101/3101 794/3102/3102
f 794/3103/3103 726/3104/3104 796/3105/3105
f 794/3106/3106 796/3107/3107 799/3108/3108
f 796/3109/3109 797/3110/3110 799/3111/3111
f 726/3112/3112 795/3113/3113 796/3114/3114
f 797/3115/3115 798/3116/3116 799/3117/3117
f 796/3118/3118 795/3119/3119 797/3120/3120
f 797/3121/3121 795/3122/3122 798/3123/3123
f 799/3124/3124 801/3125/3125 807/3126/3126
f 799/3127/3127 798/3128/3128 800/3129/3129
f 798/3130/3130 795/3131/3131 800/3132/3132
f 799/3133/3133 800/3134/3134 801/3135/3135
f 795/3136/3136 801/3137/3137 800/3138/3138
f 795/3139/3139 802/3140/3140 801/3141/3141
f 726/3142/3142 734/3143/3143 795/3144/3144
f 795/3145/3145 734/3146/3146 803/3147/3147
f 795/3148/3148 803/3149/3149 804/3150/3150
f 795/3151/3151 804/3152/3152 802/3153/3153
f 801/3154/3154 802/3155/3155 807/3156/3156
f 802/3157/3157 805/3158/3158 807/3159/3159
f 802/3160/3160 804/3161/3161 805/3162/3162
f 804/3163/3163 810/3164/3164 805/3165/3165
f 804/3166/3166 803/3167/3167 806/3168/3168
f 804/3169/3169 806/3170/3170 812/3171/3171
f 803/3172/3172 737/3173/3173 806/3174/3174
f 737/3175/3175 757/3176/3176 808/3177/3177
f 806/3178/3178 737/3179/3179 808/3180/3180
f 804/3181/3181 811/3182/3182 810/3183/3183
f 805/3184/3184 810/3185/3185 807/3186/3186
f 810/3187/3187 811/3188/3188 807/3189/3189
f 807/3190/3190 811/3191/3191 809/3192/3192
f 811/3193/3193 812/3194/3194 809/3195/3195
f 812/3196/3196 813/3197/3197 809/3198/3198
f 813/3199/3199 814/3200/3200 809/3201/3201
f 814/3202/3202 815/3203/3203 809/3204/3204
f 815/3205/3205 819/3206/3206 809/3207/3207
f 806/3208/3208 808/3209/3209 818/3210/3210
f 818/3211/3211 808/3212/3212 832/3213/3213
f 809/3214/3214 819/3215/3215 773/3216/3216
f 819/3217/3217 836/3218/3218 773/3219/3219
f 804/3220/3220 812/3221/3221 811/3222/3222
f 806/3223/3223 813/3224/3224 812/3225/3225
f 806/3226/3226 818/3227/3227 813/3228/3228
f 813/3229/3229 818/3230/3230 814/3231/3231
f 814/3232/3232 818/3233/3233 815/3234/3234
f 815/3235/3235 818/3236/3236 816/3237/3237
f 815/3238/3238 816/3239/3239 819/3240/3240
f 816/3241/3241 817/3242/3242 819/3243/3243
f 816/3244/3244 818/3245/3245 817/3246/3246
f 818/3247/3247 832/3248/3248 823/3249/3249
f 817/3250/3250 818/3251/3251 820/3252/3252
f 818/3253/3253 821/3254/3254 820/3255/3255
f 819/3256/3256 822/3257/3257 836/3258/3258
f 817/3259/3259 820/3260/3260 819/3261/3261
f 819/3262/3262 820/3263/3263 821/3264/3264
f 819/3265/3265 821/3266/3266 822/3267/3267
f 818/3268/3268 823/3269/3269 821/3270/3270
f 821/3271/3271 823/3272/3272 822/3273/3273
f 822/3274/3274 823/3275/3275 824/3276/3276
f 823/3277/3277 825/3278/3278 824/3279/3279
f 822/3280/3280 824/3281/3281 836/3282/3282
f 824/3283/3283 825/3284/3284 836/3285/3285
f 825/3286/3286 845/3287/3287 836/3288/3288
f 823/3289/3289 827/3290/3290 825/3291/3291
f 825/3292/3292 826/3293/3293 845/3294/3294
f 826/3295/3295 828/3296/3296 845/3297/3297
f 825/3298/3298 827/3299/3299 826/3300/3300
f 826/3301/3301 827/3302/3302 828/3303/3303
f 827/3304/3304 846/3305/3305 828/3306/3306
f 808/3307/3307 757/3308/3308 829/3309/3309
f 808/3310/3310 829/3311/3311 832/3312/3312
f 832/3313/3313 829/3314/3314 831/3315/3315
f 770/3316/3316 830/3317/3317 829/3318/3318
f 829/3319/3319 830/3320/3320 831/3321/3321
f 831/3322/3322 830/3323/3323 834/3324/3324
f 823/3325/3325 832/3326/3326 833/3327/3327
f 832/3328/3328 831/3329/3329 833/3330/3330
f 823/3331/3331 833/3332/3332 827/3333/3333
f 833/3334/3334 835/3335/3335 848/3336/3336
f 833/3337/3337 831/3338/3338 835/3339/3339
f 831/3340/3340 834/3341/3341 835/3342/3342
f 834/3343/3343 841/3344/3344 835/3345/3345
f 773/3346/3346 836/3347/3347 774/3348/3348
f 836/3349/3349 837/3350/3350 774/3351/3351
f 774/3352/3352 837/3353/3353 843/3354/3354
f 836/3355/3355 845/3356/3356 837/3357/3357
f 845/3358/3358 851/3359/3359 837/3360/3360
f 835/3361/3361 841/3362/3362 852/3363/3363
f 837/3364/3364 851/3365/3365 862/3366/3366
f 830/3367/3367 775/3368/3368 838/3369/3369
f 775/3370/3370 776/3371/3371 838/3372/3372
f 830/3373/3373 838/3374/3374 834/3375/3375
f 834/3376/3376 838/3377/3377 840/3378/3378
f 838/3379/3379 839/3380/3380 840/3381/3381
f 838/3382/3382 776/3383/3383 839/3384/3384
f 776/3385/3385 1191/3386/3386 839/3387/3387
f 840/3388/3388 839/3389/3389 1194/3390/3390
f 834/3391/3391 840/3392/3392 841/3393/3393
f 840/3394/3394 844/3395/3395 841/3396/3396
f 840/3397/3397 1194/3398/3398 844/3399/3399
f 774/3400/3400 843/3401/3401 842/3402/3402
f 842/3403/3403 843/3404/3404 1197/3405/3405
f 843/3406/3406 1200/3407/3407 1197/3408/3408
f 841/3409/3409 844/3410/3410 861/3411/3411
f 837/3412/3412 862/3413/3413 843/3414/3414
f 843/3415/3415 862/3416/3416 1200/3417/3417
f 862/3418/3418 1212/3419/3419 1200/3420/3420
f 827/3421/3421 833/3422/3422 848/3423/3423
f 828/3424/3424 846/3425/3425 845/3426/3426
f 845/3427/3427 846/3428/3428 847/3429/3429
f 827/3430/3430 848/3431/3431 847/3432/3432
f 827/3433/3433 847/3434/3434 846/3435/3435
f 845/3436/3436 849/3437/3437 851/3438/3438
f 845/3439/3439 847/3440/3440 849/3441/3441
f 847/3442/3442 848/3443/3443 849/3444/3444
f 849/3445/3445 848/3446/3446 850/3447/3447
f 849/3448/3448 850/3449/3449 851/3450/3450
f 848/3451/3451 854/3452/3452 850/3453/3453
f 850/3454/3454 853/3455/3455 851/3456/3456
f 848/3457/3457 835/3458/3458 852/3459/3459
f 848/3460/3460 852/3461/3461 854/3462/3462
f 851/3463/3463 853/3464/3464 855/3465/3465
f 851/3466/3466 855/3467/3467 856/3468/3468
f 851/3469/3469 856/3470/3470 865/3471/3471
f 852/3472/3472 863/3473/3473 854/3474/3474
f 850/3475/3475 854/3476/3476 853/3477/3477
f 853/3478/3478 854/3479/3479 855/3480/3480
f 855/3481/3481 857/3482/3482 856/3483/3483
f 856/3484/3484 857/3485/3485 858/3486/3486
f 855/3487/3487 854/3488/3488 857/3489/3489
f 857/3490/3490 854/3491/3491 858/3492/3492
f 858/3493/3493 854/3494/3494 859/3495/3495
f 859/3496/3496 854/3497/3497 860/3498/3498
f 856/3499/3499 858/3500/3500 865/3501/3501
f 858/3502/3502 859/3503/3503 865/3504/3504
f 859/3505/3505 860/3506/3506 865/3507/3507
f 854/3508/3508 864/3509/3509 860/3510/3510
f 854/3511/3511 863/3512/3512 864/3513/3513
f 860/3514/3514 864/3515/3515 865/3516/3516
f 852/3517/3517 841/3518/3518 861/3519/3519
f 852/3520/3520 861/3521/3521 863/3522/3522
f 861/3523/3523 871/3524/3524 863/3525/3525
f 851/3526/3526 865/3527/3527 862/3528/3528
f 861/3529/3529 844/3530/3530 1211/3531/3531
f 861/3532/3532 1211/3533/3533 871/3534/3534
f 862/3535/3535 865/3536/3536 1212/3537/3537
f 865/3538/3538 1216/3539/3539 1212/3540/3540
f 863/3541/3541 871/3542/3542 868/3543/3543
f 864/3544/3544 863/3545/3545 866/3546/3546
f 863/3547/3547 868/3548/3548 866/3549/3549
f 864/3550/3550 866/3551/3551 865/3552/3552
f 866/3553/3553 867/3554/3554 865/3555/3555
f 865/3556/3556 867/3557/3557 869/3558/3558
f 865/3559/3559 869/3560/3560 870/3561/3561
f 865/3562/3562 870/3563/3563 872/3564/3564
f 866/3565/3565 868/3566/3566 867/3567/3567
f 867/3568/3568 868/3569/3569 869/3570/3570
f 869/3571/3571 868/3572/3572 870/3573/3573
f 865/3574/3574 872/3575/3575 1216/3576/3576
f 868/3577/3577 871/3578/3578 1217/3579/3579
f 868/3580/3580 872/3581/3581 870/3582/3582
f 868/3583/3583 1217/3584/3584 872/3585/3585
f 872/3586/3586 873/3587/3587 1216/3588/3588
f 872/3589/3589 1217/3590/3590 873/3591/3591
f 873/3592/3592 1217/3593/3593 1219/3594/3594
f 873/3595/3595 1219/3596/3596 1216/3597/3597
f 342/3598/3598 343/3599/3599 875/3600/3600
f 342/3601/3601 875/3602/3602 874/3603/3603
f 343/3604/3604 344/3605/3605 876/3606/3606
f 343/3607/3607 876/3608/3608 875/3609/3609
f 344/3610/3610 879/3611/3611 876/3612/3612
f 874/3613/3613 884/3614/3614 883/3615/3615
f 874/3616/3616 875/3617/3617 884/3618/3618
f 875/3619/3619 876/3620/3620 885/3621/3621
f 344/3622/3622 877/3623/3623 879/3624/3624
f 877/3625/3625 878/3626/3626 880/3627/3627
f 877/3628/3628 880/3629/3629 879/3630/3630
f 878/3631/3631 882/3632/3632 880/3633/3633
f 878/3634/3634 881/3635/3635 882/3636/3636
f 876/3637/3637 879/3638/3638 895/3639/3639
f 879/3640/3640 880/3641/3641 896/3642/3642
f 880/3643/3643 882/3644/3644 935/3645/3645
f 883/3646/3646 884/3647/3647 887/3648/3648
f 875/3649/3649 885/3650/3650 884/3651/3651
f 876/3652/3652 895/3653/3653 885/3654/3654
f 884/3655/3655 885/3656/3656 888/3657/3657
f 883/3658/3658 887/3659/3659 886/3660/3660
f 884/3661/3661 888/3662/3662 887/3663/3663
f 1012/3664/3664 890/3665/3665 891/3666/3666
f 891/3667/3667 892/3668/3668 889/3669/3669
f 915/3670/3670 889/3671/3671 892/3672/3672
f 890/3673/3673 892/3674/3674 891/3675/3675
f 894/3676/3676 893/3677/3677 892/3678/3678
f 915/3679/3679 892/3680/3680 893/3681/3681
f 890/3682/3682 894/3683/3683 892/3684/3684
f 885/3685/3685 895/3686/3686 897/3687/3687
f 879/3688/3688 896/3689/3689 895/3690/3690
f 880/3691/3691 935/3692/3692 896/3693/3693
f 885/3694/3694 897/3695/3695 888/3696/3696
f 895/3697/3697 898/3698/3698 897/3699/3699
f 895/3700/3700 896/3701/3701 898/3702/3702
f 896/3703/3703 1050/3704/3704 898/3705/3705
f 893/3706/3706 900/3707/3707 899/3708/3708
f 894/3709/3709 900/3710/3710 893/3711/3711
f 894/3712/3712 1023/3713/3713 900/3714/3714
f 900/3715/3715 901/3716/3716 899/3717/3717
f 896/3718/3718 935/3719/3719 1050/3720/3720
f 899/3721/3721 901/3722/3722 926/3723/3723
f 1025/3724/3724 901/3725/3725 900/3726/3726
f 901/3727/3727 937/3728/3728 926/3729/3729
f 917/3730/3730 904/3731/3731 902/3732/3732
f 904/3733/3733 920/3734/3734 909/3735/3735
f 902/3736/3736 904/3737/3737 903/3738/3738
f 903/3739/3739 905/3740/3740 906/3741/3741
f 903/3742/3742 904/3743/3743 905/3744/3744
f 906/3745/3745 908/3746/3746 907/3747/3747
f 906/3748/3748 905/3749/3749 908/3750/3750
f 907/3751/3751 908/3752/3752 1121/3753/3753
f 904/3754/3754 909/3755/3755 905/3756/3756
f 905/3757/3757 910/3758/3758 908/3759/3759
f 905/3760/3760 909/3761/3761 910/3762/3762
f 908/3763/3763 911/3764/3764 1121/3765/3765
f 908/3766/3766 910/3767/3767 911/3768/3768
f 909/3769/3769 927/3770/3770 910/3771/3771
f 910/3772/3772 927/3773/3773 912/3774/3774
f 910/3775/3775 912/3776/3776 911/3777/3777
f 911/3778/3778 912/3779/3779 1128/3780/3780
f 914/3781/3781 913/3782/3782 916/3783/3783
f 915/3784/3784 914/3785/3785 889/3786/3786
f 915/3787/3787 913/3788/3788 914/3789/3789
f 916/3790/3790 917/3791/3791 902/3792/3792
f 916/3793/3793 913/3794/3794 917/3795/3795
f 915/3796/3796 919/3797/3797 913/3798/3798
f 915/3799/3799 893/3800/3800 919/3801/3801
f 913/3802/3802 919/3803/3803 918/3804/3804
f 913/3805/3805 918/3806/3806 917/3807/3807
f 917/3808/3808 920/3809/3809 904/3810/3810
f 917/3811/3811 918/3812/3812 920/3813/3813
f 919/3814/3814 899/3815/3815 921/3816/3816
f 919/3817/3817 921/3818/3818 918/3819/3819
f 918/3820/3820 921/3821/3821 922/3822/3822
f 921/3823/3823 924/3824/3824 922/3825/3825
f 918/3826/3826 922/3827/3827 920/3828/3828
f 920/3829/3829 923/3830/3830 909/3831/3831
f 920/3832/3832 922/3833/3833 923/3834/3834
f 922/3835/3835 925/3836/3836 923/3837/3837
f 923/3838/3838 925/3839/3839 928/3840/3840
f 922/3841/3841 924/3842/3842 925/3843/3843
f 924/3844/3844 967/3845/3845 925/3846/3846
f 925/3847/3847 964/3848/3848 928/3849/3849
f 919/3850/3850 893/3851/3851 899/3852/3852
f 921/3853/3853 899/3854/3854 926/3855/3855
f 921/3856/3856 926/3857/3857 924/3858/3858
f 926/3859/3859 966/3860/3860 924/3861/3861
f 909/3862/3862 923/3863/3863 927/3864/3864
f 923/3865/3865 928/3866/3866 927/3867/3867
f 927/3868/3868 929/3869/3869 912/3870/3870
f 927/3871/3871 928/3872/3872 929/3873/3873
f 928/3874/3874 970/3875/3875 929/3876/3876
f 912/3877/3877 929/3878/3878 930/3879/3879
f 912/3880/3880 930/3881/3881 1128/3882/3882
f 929/3883/3883 971/3884/3884 930/3885/3885
f 881/3886/3886 931/3887/3887 933/3888/3888
f 931/3889/3889 932/3890/3890 933/3891/3891
f 881/3892/3892 933/3893/3893 882/3894/3894
f 933/3895/3895 932/3896/3896 934/3897/3897
f 932/3898/3898 939/3899/3899 934/3900/3900
f 882/3901/3901 936/3902/3902 935/3903/3903
f 882/3904/3904 933/3905/3905 936/3906/3906
f 933/3907/3907 934/3908/3908 936/3909/3909
f 934/3910/3910 965/3911/3911 938/3912/3912
f 936/3913/3913 934/3914/3914 938/3915/3915
f 935/3916/3916 936/3917/3917 1050/3918/3918
f 936/3919/3919 1052/3920/3920 1050/3921/3921
f 936/3922/3922 938/3923/3923 1052/3924/3924
f 1052/3925/3925 938/3926/3926 1056/3927/3927
f 932/3928/3928 357/3929/3929 939/3930/3930
f 934/3931/3931 939/3932/3932 965/3933/3933
f 357/3934/3934 941/3935/3935 939/3936/3936
f 939/3937/3937 941/3938/3938 940/3939/3939
f 940/3940/3940 941/3941/3941 950/3942/3942
f 939/3943/3943 975/3944/3944 965/3945/3945
f 939/3946/3946 940/3947/3947 975/3948/3948
f 940/3949/3949 950/3950/3950 976/3951/3951
f 941/3952/3952 943/3953/3953 942/3954/3954
f 941/3955/3955 942/3956/3956 950/3957/3957
f 942/3958/3958 943/3959/3959 951/3960/3960
f 944/3961/3961 946/3962/3962 954/3963/3963
f 945/3964/3964 944/3965/3965 954/3966/3966
f 945/3967/3967 946/3968/3968 944/3969/3969
f 947/3970/3970 949/3971/3971 945/3972/3972
f 945/3973/3973 949/3974/3974 946/3975/3975
f 946/3976/3976 949/3977/3977 948/3978/3978
f 946/3979/3979 948/3980/3980 954/3981/3981
f 949/3982/3982 956/3983/3983 948/3984/3984
f 950/3985/3985 942/3986/3986 959/3987/3987
f 951/3988/3988 943/3989/3989 1167/3990/3990
f 951/3991/3991 1167/3992/3992 991/3993/3993
f 942/3994/3994 952/3995/3995 959/3996/3996
f 952/3997/3997 947/3998/3998 960/3999/3999
f 952/4000/4000 960/4001/4001 959/4002/4002
f 942/4003/4003 951/4004/4004 952/4005/4005
f 951/4006/4006 953/4007/4007 952/4008/4008
f 952/4009/4009 953/4010/4010 947/4011/4011
f 947/4012/4012 953/4013/4013 957/4014/4014
f 947/4015/4015 945/4016/4016 960/4017/4017
f 960/4018/4018 945/4019/4019 954/4020/4020
f 960/4021/4021 954/4022/4022 955/4023/4023
f 947/4024/4024 957/4025/4025 949/4026/4026
f 954/4027/4027 948/4028/4028 956/4029/4029
f 949/4030/4030 958/4031/4031 956/4032/4032
f 957/4033/4033 958/4034/4034 949/4035/4035
f 954/4036/4036 956/4037/4037 958/4038/4038
f 957/4039/4039 961/4040/4040 958/4041/4041
f 954/4042/4042 961/4043/4043 955/4044/4044
f 954/4045/4045 958/4046/4046 961/4047/4047
f 950/4048/4048 959/4049/4049 982/4050/4050
f 959/4051/4051 960/4052/4052 984/4053/4053
f 953/4054/4054 990/4055/4055 957/4056/4056
f 960/4057/4057 955/4058/4058 983/4059/4059
f 955/4060/4060 961/4061/4061 983/4062/4062
f 960/4063/4063 983/4064/4064 984/4065/4065
f 957/4066/4066 963/4067/4067 961/4068/4068
f 983/4069/4069 961/4070/4070 962/4071/4071
f 961/4072/4072 963/4073/4073 962/4074/4074
f 990/4075/4075 963/4076/4076 957/4077/4077
f 983/4078/4078 962/4079/4079 986/4080/4080
f 963/4081/4081 986/4082/4082 962/4083/4083
f 951/4084/4084 990/4085/4085 953/4086/4086
f 951/4087/4087 991/4088/4088 990/4089/4089
f 925/4090/4090 967/4091/4091 964/4092/4092
f 965/4093/4093 977/4094/4094 938/4095/4095
f 924/4096/4096 966/4097/4097 967/4098/4098
f 966/4099/4099 968/4100/4100 967/4101/4101
f 926/4102/4102 937/4103/4103 966/4104/4104
f 937/4105/4105 1068/4106/4106 966/4107/4107
f 966/4108/4108 1068/4109/4109 968/4110/4110
f 967/4111/4111 969/4112/4112 964/4113/4113
f 967/4114/4114 968/4115/4115 969/4116/4116
f 938/4117/4117 977/4118/4118 1056/4119/4119
f 1056/4120/4120 977/4121/4121 1072/4122/4122
f 969/4123/4123 973/4124/4124 964/4125/4125
f 969/4126/4126 981/4127/4127 973/4128/4128
f 968/4129/4129 980/4130/4130 969/4131/4131
f 969/4132/4132 980/4133/4133 981/4134/4134
f 929/4135/4135 970/4136/4136 971/4137/4137
f 928/4138/4138 964/4139/4139 970/4140/4140
f 964/4141/4141 973/4142/4142 970/4143/4143
f 970/4144/4144 974/4145/4145 971/4146/4146
f 930/4147/4147 971/4148/4148 1170/4149/4149
f 971/4150/4150 972/4151/4151 1170/4152/4152
f 970/4153/4153 973/4154/4154 974/4155/4155
f 971/4156/4156 974/4157/4157 972/4158/4158
f 973/4159/4159 981/4160/4160 993/4161/4161
f 973/4162/4162 993/4163/4163 974/4164/4164
f 974/4165/4165 993/4166/4166 994/4167/4167
f 974/4168/4168 994/4169/4169 972/4170/4170
f 965/4171/4171 978/4172/4172 977/4173/4173
f 975/4174/4174 940/4175/4175 976/4176/4176
f 950/4177/4177 982/4178/4178 976/4179/4179
f 965/4180/4180 975/4181/4181 978/4182/4182
f 975/4183/4183 976/4184/4184 979/4185/4185
f 977/4186/4186 1076/4187/4187 1072/4188/4188
f 977/4189/4189 1077/4190/4190 1076/4191/4191
f 977/4192/4192 1078/4193/4193 1077/4194/4194
f 975/4195/4195 979/4196/4196 978/4197/4197
f 977/4198/4198 978/4199/4199 1079/4200/4200
f 980/4201/4201 1078/4202/4202 981/4203/4203
f 977/4204/4204 1079/4205/4205 1078/4206/4206
f 978/4207/4207 1080/4208/4208 1079/4209/4209
f 978/4210/4210 979/4211/4211 1084/4212/4212
f 978/4213/4213 1084/4214/4214 1080/4215/4215
f 976/4216/4216 995/4217/4217 979/4218/4218
f 979/4219/4219 1088/4220/4220 1084/4221/4221
f 959/4222/4222 984/4223/4223 982/4224/4224
f 984/4225/4225 983/4226/4226 985/4227/4227
f 983/4228/4228 986/4229/4229 985/4230/4230
f 990/4231/4231 992/4232/4232 963/4233/4233
f 985/4234/4234 986/4235/4235 988/4236/4236
f 963/4237/4237 989/4238/4238 986/4239/4239
f 976/4240/4240 982/4241/4241 995/4242/4242
f 982/4243/4243 984/4244/4244 997/4245/4245
f 984/4246/4246 985/4247/4247 987/4248/4248
f 985/4249/4249 988/4250/4250 987/4251/4251
f 984/4252/4252 987/4253/4253 997/4254/4254
f 992/4255/4255 989/4256/4256 963/4257/4257
f 986/4258/4258 989/4259/4259 988/4260/4260
f 987/4261/4261 988/4262/4262 999/4263/4263
f 989/4264/4264 999/4265/4265 988/4266/4266
f 990/4267/4267 991/4268/4268 1004/4269/4269
f 990/4270/4270 1004/4271/4271 992/4272/4272
f 991/4273/4273 1184/4274/4274 1004/4275/4275
f 981/4276/4276 1086/4277/4277 993/4278/4278
f 993/4279/4279 1087/4280/4280 994/4281/4281
f 993/4282/4282 1086/4283/4283 1087/4284/4284
f 972/4285/4285 994/4286/4286 1180/4287/4287
f 994/4288/4288 1087/4289/4289 1114/4290/4290
f 994/4291/4291 1114/4292/4292 1180/4293/4293
f 982/4294/4294 997/4295/4295 995/4296/4296
f 987/4297/4297 996/4298/4298 997/4299/4299
f 997/4300/4300 996/4301/4301 998/4302/4302
f 987/4303/4303 999/4304/4304 996/4305/4305
f 996/4306/4306 999/4307/4307 998/4308/4308
f 995/4309/4309 997/4310/4310 1000/4311/4311
f 997/4312/4312 998/4313/4313 1000/4314/4314
f 992/4315/4315 1003/4316/4316 989/4317/4317
f 989/4318/4318 1002/4319/4319 999/4320/4320
f 998/4321/4321 999/4322/4322 1002/4323/4323
f 989/4324/4324 1003/4325/4325 1002/4326/4326
f 979/4327/4327 995/4328/4328 1088/4329/4329
f 995/4330/4330 1000/4331/4331 1088/4332/4332
f 998/4333/4333 1002/4334/4334 1000/4335/4335
f 1088/4336/4336 1000/4337/4337 1001/4338/4338
f 1000/4339/4339 1090/4340/4340 1001/4341/4341
f 1000/4342/4342 1002/4343/4343 1090/4344/4344
f 1003/4345/4345 1090/4346/4346 1002/4347/4347
f 992/4348/4348 1004/4349/4349 1115/4350/4350
f 992/4351/4351 1115/4352/4352 1003/4353/4353
f 1004/4354/4354 1255/4355/4355 1115/4356/4356
f 886/4357/4357 887/4358/4358 1006/4359/4359
f 886/4360/4360 1006/4361/4361 1005/4362/4362
f 887/4363/4363 888/4364/4364 1009/4365/4365
f 887/4366/4366 1009/4367/4367 1006/4368/4368
f 1005/4369/4369 1031/4370/4370 1030/4371/4371
f 1005/4372/4372 1006/4373/4373 1031/4374/4374
f 696/4375/4375 1008/4376/4376 1007/4377/4377
f 1007/4378/4378 1008/4379/4379 1010/4380/4380
f 696/4381/4381 1037/4382/4382 1008/4383/4383
f 1006/4384/4384 1041/4385/4385 1031/4386/4386
f 1006/4387/4387 1009/4388/4388 1041/4389/4389
f 1010/4390/4390 1011/4391/4391 1026/4392/4392
f 1008/4393/4393 1040/4394/4394 1011/4395/4395
f 1008/4396/4396 1011/4397/4397 1010/4398/4398
f 1009/4399/4399 1047/4400/4400 1041/4401/4401
f 1009/4402/4402 1046/4403/4403 1047/4404/4404
f 698/4405/4405 1013/4406/4406 1012/4407/4407
f 1012/4408/4408 1013/4409/4409 890/4410/4410
f 1013/4411/4411 1014/4412/4412 890/4413/4413
f 698/4414/4414 1007/4415/4415 1013/4416/4416
f 1007/4417/4417 1010/4418/4418 1013/4419/4419
f 890/4420/4420 1014/4421/4421 894/4422/4422
f 1014/4423/4423 1023/4424/4424 894/4425/4425
f 1013/4426/4426 1010/4427/4427 1014/4428/4428
f 1014/4429/4429 1026/4430/4430 1023/4431/4431
f 1010/4432/4432 1026/4433/4433 1014/4434/4434
f 888/4435/4435 897/4436/4436 1015/4437/4437
f 888/4438/4438 1015/4439/4439 1009/4440/4440
f 897/4441/4441 1018/4442/4442 1015/4443/4443
f 897/4444/4444 898/4445/4445 1018/4446/4446
f 1009/4447/4447 1015/4448/4448 1048/4449/4449
f 1011/4450/4450 1016/4451/4451 1026/4452/4452
f 1016/4453/4453 1021/4454/4454 1024/4455/4455
f 1009/4456/4456 1048/4457/4457 1045/4458/4458
f 1009/4459/4459 1045/4460/4460 1046/4461/4461
f 1011/4462/4462 1045/4463/4463 1016/4464/4464
f 1045/4465/4465 1048/4466/4466 1016/4467/4467
f 1015/4468/4468 1049/4469/4469 1048/4470/4470
f 1015/4471/4471 1017/4472/4472 1049/4473/4473
f 1015/4474/4474 1022/4475/4475 1017/4476/4476
f 1048/4477/4477 1049/4478/4478 1016/4479/4479
f 1049/4480/4480 1017/4481/4481 1016/4482/4482
f 1017/4483/4483 1022/4484/4484 1016/4485/4485
f 1015/4486/4486 1018/4487/4487 1019/4488/4488
f 1015/4489/4489 1019/4490/4490 1021/4491/4491
f 1018/4492/4492 1020/4493/4493 1019/4494/4494
f 1018/4495/4495 1029/4496/4496 1020/4497/4497
f 1015/4498/4498 1021/4499/4499 1022/4500/4500
f 1016/4501/4501 1022/4502/4502 1021/4503/4503
f 1026/4504/4504 1024/4505/4505 1023/4506/4506
f 1023/4507/4507 1024/4508/4508 1025/4509/4509
f 1023/4510/4510 1025/4511/4511 900/4512/4512
f 898/4513/4513 1050/4514/4514 1063/4515/4515
f 1024/4516/4516 1028/4517/4517 1025/4518/4518
f 898/4519/4519 1063/4520/4520 1018/4521/4521
f 1025/4522/4522 1028/4523/4523 1051/4524/4524
f 1025/4525/4525 1051/4526/4526 901/4527/4527
f 1026/4528/4528 1016/4529/4529 1024/4530/4530
f 1024/4531/4531 1020/4532/4532 1028/4533/4533
f 1024/4534/4534 1021/4535/4535 1019/4536/4536
f 1024/4537/4537 1019/4538/4538 1020/4539/4539
f 1018/4540/4540 1063/4541/4541 1062/4542/4542
f 1018/4543/4543 1027/4544/4544 1029/4545/4545
f 1020/4546/4546 1027/4547/4547 1028/4548/4548
f 1018/4549/4549 1062/4550/4550 1027/4551/4551
f 1027/4552/4552 1062/4553/4553 1028/4554/4554
f 1020/4555/4555 1029/4556/4556 1027/4557/4557
f 1030/4558/4558 1031/4559/4559 1034/4560/4560
f 1032/4561/4561 1037/4562/4562 1033/4563/4563
f 1030/4564/4564 1032/4565/4565 1033/4566/4566
f 1030/4567/4567 1034/4568/4568 1032/4569/4569
f 1032/4570/4570 1034/4571/4571 1037/4572/4572
f 1034/4573/4573 1031/4574/4574 1035/4575/4575
f 1034/4576/4576 1035/4577/4577 1040/4578/4578
f 1035/4579/4579 1031/4580/4580 1036/4581/4581
f 1035/4582/4582 1036/4583/4583 1040/4584/4584
f 1037/4585/4585 1040/4586/4586 1008/4587/4587
f 1034/4588/4588 1040/4589/4589 1037/4590/4590
f 1031/4591/4591 1041/4592/4592 1038/4593/4593
f 1031/4594/4594 1038/4595/4595 1036/4596/4596
f 1036/4597/4597 1038/4598/4598 1040/4599/4599
f 1038/4600/4600 1039/4601/4601 1040/4602/4602
f 1039/4603/4603 1042/4604/4604 1040/4605/4605
f 1040/4606/4606 1042/4607/4607 1011/4608/4608
f 1011/4609/4609 1044/4610/4610 1047/4611/4611
f 1011/4612/4612 1042/4613/4613 1043/4614/4614
f 1011/4615/4615 1043/4616/4616 1044/4617/4617
f 1011/4618/4618 1047/4619/4619 1046/4620/4620
f 1039/4621/4621 1041/4622/4622 1042/4623/4623
f 1041/4624/4624 1047/4625/4625 1044/4626/4626
f 1041/4627/4627 1043/4628/4628 1042/4629/4629
f 1041/4630/4630 1044/4631/4631 1043/4632/4632
f 1038/4633/4633 1041/4634/4634 1039/4635/4635
f 1011/4636/4636 1046/4637/4637 1045/4638/4638
f 1050/4639/4639 1052/4640/4640 1063/4641/4641
f 1028/4642/4642 1066/4643/4643 1051/4644/4644
f 1051/4645/4645 1066/4646/4646 1067/4647/4647
f 1066/4648/4648 1052/4649/4649 1067/4650/4650
f 1065/4651/4651 1052/4652/4652 1066/4653/4653
f 1063/4654/4654 1052/4655/4655 1065/4656/4656
f 901/4657/4657 1051/4658/4658 937/4659/4659
f 1051/4660/4660 1053/4661/4661 937/4662/4662
f 937/4663/4663 1053/4664/4664 1068/4665/4665
f 1051/4666/4666 1054/4667/4667 1053/4668/4668
f 1052/4669/4669 1055/4670/4670 1054/4671/4671
f 1052/4672/4672 1054/4673/4673 1067/4674/4674
f 1052/4675/4675 1057/4676/4676 1055/4677/4677
f 1055/4678/4678 1057/4679/4679 1053/4680/4680
f 1051/4681/4681 1067/4682/4682 1054/4683/4683
f 1055/4684/4684 1053/4685/4685 1054/4686/4686
f 1052/4687/4687 1059/4688/4688 1058/4689/4689
f 1053/4690/4690 1058/4691/4691 1068/4692/4692
f 1058/4693/4693 1059/4694/4694 1068/4695/4695
f 1052/4696/4696 1056/4697/4697 1059/4698/4698
f 1059/4699/4699 1060/4700/4700 1068/4701/4701
f 1059/4702/4702 1056/4703/4703 1060/4704/4704
f 1056/4705/4705 1061/4706/4706 1060/4707/4707
f 1052/4708/4708 1058/4709/4709 1057/4710/4710
f 1053/4711/4711 1057/4712/4712 1058/4713/4713
f 1028/4714/4714 1065/4715/4715 1066/4716/4716
f 1028/4717/4717 1062/4718/4718 1064/4719/4719
f 1028/4720/4720 1064/4721/4721 1065/4722/4722
f 1062/4723/4723 1063/4724/4724 1064/4725/4725
f 1063/4726/4726 1065/4727/4727 1064/4728/4728
f 1068/4729/4729 1070/4730/4730 968/4731/4731
f 1068/4732/4732 1060/4733/4733 1061/4734/4734
f 1068/4735/4735 1061/4736/4736 1069/4737/4737
f 1056/4738/4738 1069/4739/4739 1061/4740/4740
f 1068/4741/4741 1069/4742/4742 1070/4743/4743
f 1056/4744/4744 1071/4745/4745 1070/4746/4746
f 1056/4747/4747 1070/4748/4748 1069/4749/4749
f 1056/4750/4750 1072/4751/4751 1071/4752/4752
f 968/4753/4753 1070/4754/4754 980/4755/4755
f 1070/4756/4756 1071/4757/4757 980/4758/4758
f 1071/4759/4759 1073/4760/4760 980/4761/4761
f 1074/4762/4762 1075/4763/4763 980/4764/4764
f 1073/4765/4765 1074/4766/4766 980/4767/4767
f 1075/4768/4768 1076/4769/4769 980/4770/4770
f 1071/4771/4771 1072/4772/4772 1073/4773/4773
f 1072/4774/4774 1074/4775/4775 1073/4776/4776
f 1072/4777/4777 1075/4778/4778 1074/4779/4779
f 1072/4780/4780 1076/4781/4781 1075/4782/4782
f 1076/4783/4783 1077/4784/4784 980/4785/4785
f 980/4786/4786 1077/4787/4787 1078/4788/4788
f 1078/4789/4789 1079/4790/4790 981/4791/4791
f 1079/4792/4792 1080/4793/4793 981/4794/4794
f 1080/4795/4795 1081/4796/4796 981/4797/4797
f 981/4798/4798 1081/4799/4799 1082/4800/4800
f 981/4801/4801 1082/4802/4802 1083/4803/4803
f 981/4804/4804 1083/4805/4805 1086/4806/4806
f 1080/4807/4807 1084/4808/4808 1081/4809/4809
f 1081/4810/4810 1084/4811/4811 1082/4812/4812
f 1082/4813/4813 1084/4814/4814 1083/4815/4815
f 1083/4816/4816 1084/4817/4817 1085/4818/4818
f 1083/4819/4819 1085/4820/4820 1086/4821/4821
f 1084/4822/4822 1092/4823/4823 1085/4824/4824
f 1085/4825/4825 1092/4826/4826 1086/4827/4827
f 1084/4828/4828 1088/4829/4829 1095/4830/4830
f 1092/4831/4831 1093/4832/4832 1086/4833/4833
f 1084/4834/4834 1095/4835/4835 1092/4836/4836
f 1086/4837/4837 1102/4838/4838 1087/4839/4839
f 1088/4840/4840 1001/4841/4841 1089/4842/4842
f 1001/4843/4843 1090/4844/4844 1089/4845/4845
f 1088/4846/4846 1089/4847/4847 1095/4848/4848
f 1089/4849/4849 1091/4850/4850 1096/4851/4851
f 1003/4852/4852 1104/4853/4853 1090/4854/4854
f 1102/4855/4855 1106/4856/4856 1087/4857/4857
f 1087/4858/4858 1106/4859/4859 1103/4860/4860
f 1089/4861/4861 1090/4862/4862 1091/4863/4863
f 1090/4864/4864 1104/4865/4865 1091/4866/4866
f 1086/4867/4867 1093/4868/4868 1094/4869/4869
f 1092/4870/4870 1095/4871/4871 1093/4872/4872
f 1086/4873/4873 1094/4874/4874 1102/4875/4875
f 1093/4876/4876 1095/4877/4877 1094/4878/4878
f 1095/4879/4879 1089/4880/4880 1096/4881/4881
f 1096/4882/4882 1091/4883/4883 1097/4884/4884
f 1094/4885/4885 1098/4886/4886 1102/4887/4887
f 1095/4888/4888 1096/4889/4889 1097/4890/4890
f 1094/4891/4891 1095/4892/4892 1098/4893/4893
f 1102/4894/4894 1098/4895/4895 1099/4896/4896
f 1095/4897/4897 1097/4898/4898 1098/4899/4899
f 1097/4900/4900 1099/4901/4901 1098/4902/4902
f 1097/4903/4903 1100/4904/4904 1099/4905/4905
f 1097/4906/4906 1101/4907/4907 1100/4908/4908
f 1097/4909/4909 1110/4910/4910 1101/4911/4911
f 1100/4912/4912 1101/4913/4913 1112/4914/4914
f 1103/4915/4915 1104/4916/4916 1119/4917/4917
f 1104/4918/4918 1108/4919/4919 1091/4920/4920
f 1102/4921/4921 1105/4922/4922 1106/4923/4923
f 1107/4924/4924 1104/4925/4925 1105/4926/4926
f 1102/4927/4927 1107/4928/4928 1105/4929/4929
f 1102/4930/4930 1108/4931/4931 1107/4932/4932
f 1107/4933/4933 1108/4934/4934 1104/4935/4935
f 1097/4936/4936 1091/4937/4937 1110/4938/4938
f 1109/4939/4939 1091/4940/4940 1108/4941/4941
f 1105/4942/4942 1104/4943/4943 1106/4944/4944
f 1103/4945/4945 1106/4946/4946 1104/4947/4947
f 1102/4948/4948 1109/4949/4949 1108/4950/4950
f 1110/4951/4951 1091/4952/4952 1109/4953/4953
f 1102/4954/4954 1099/4955/4955 1100/4956/4956
f 1102/4957/4957 1100/4958/4958 1112/4959/4959
f 1102/4960/4960 1112/4961/4961 1109/4962/4962
f 1110/4963/4963 1109/4964/4964 1112/4965/4965
f 1101/4966/4966 1110/4967/4967 1111/4968/4968
f 1101/4969/4969 1111/4970/4970 1112/4971/4971
f 1110/4972/4972 1112/4973/4973 1111/4974/4974
f 1087/4975/4975 1116/4976/4976 1114/4977/4977
f 1087/4978/4978 1119/4979/4979 1113/4980/4980
f 1087/4981/4981 1113/4982/4982 1116/4983/4983
f 1115/4984/4984 1113/4985/4985 1119/4986/4986
f 1087/4987/4987 1103/4988/4988 1119/4989/4989
f 1115/4990/4990 1116/4991/4991 1113/4992/4992
f 1115/4993/4993 1117/4994/4994 1116/4995/4995
f 1114/4996/4996 1116/4997/4997 1117/4998/4998
f 1114/4999/4999 1117/5000/5000 1118/5001/5001
f 1115/5002/5002 1118/5003/5003 1117/5004/5004
f 1115/5005/5005 1253/5006/5006 1118/5007/5007
f 1115/5008/5008 1104/5009/5009 1003/5010/5010
f 1115/5011/5011 1119/5012/5012 1104/5013/5013
f 907/5014/5014 1121/5015/5015 1120/5016/5016
f 1120/5017/5017 1122/5018/5018 1123/5019/5019
f 1120/5020/5020 1121/5021/5021 1122/5022/5022
f 1123/5023/5023 1125/5024/5024 1124/5025/5025
f 1122/5026/5026 1125/5027/5027 1123/5028/5028
f 1124/5029/5029 1125/5030/5030 1131/5031/5031
f 1121/5032/5032 1126/5033/5033 1122/5034/5034
f 911/5035/5035 1126/5036/5036 1121/5037/5037
f 1122/5038/5038 1126/5039/5039 1127/5040/5040
f 1122/5041/5041 1127/5042/5042 1125/5043/5043
f 1125/5044/5044 1127/5045/5045 1129/5046/5046
f 911/5047/5047 1128/5048/5048 1126/5049/5049
f 1126/5050/5050 1140/5051/5051 1127/5052/5052
f 1126/5053/5053 1128/5054/5054 1140/5055/5055
f 1125/5056/5056 1129/5057/5057 1131/5058/5058
f 1124/5059/5059 1131/5060/5060 1130/5061/5061
f 1130/5062/5062 1132/5063/5063 1133/5064/5064
f 1130/5065/5065 1131/5066/5066 1132/5067/5067
f 1133/5068/5068 1135/5069/5069 1134/5070/5070
f 1133/5071/5071 1132/5072/5072 1135/5073/5073
f 1131/5074/5074 1136/5075/5075 1132/5076/5076
f 1129/5077/5077 1136/5078/5078 1131/5079/5079
f 1132/5080/5080 1136/5081/5081 1137/5082/5082
f 1132/5083/5083 1137/5084/5084 1135/5085/5085
f 1135/5086/5086 1137/5087/5087 1139/5088/5088
f 1134/5089/5089 1138/5090/5090 1155/5091/5091
f 1135/5092/5092 1138/5093/5093 1134/5094/5094
f 1135/5095/5095 1139/5096/5096 1138/5097/5097
f 1127/5098/5098 1140/5099/5099 1141/5100/5100
f 1127/5101/5101 1141/5102/5102 1129/5103/5103
f 1129/5104/5104 1141/5105/5105 1145/5106/5106
f 1140/5107/5107 1143/5108/5108 1141/5109/5109
f 1141/5110/5110 1144/5111/5111 1145/5112/5112
f 930/5113/5113 1142/5114/5114 1128/5115/5115
f 1128/5116/5116 1142/5117/5117 1140/5118/5118
f 1140/5119/5119 1142/5120/5120 1143/5121/5121
f 930/5122/5122 1170/5123/5123 1142/5124/5124
f 1142/5125/5125 1171/5126/5126 1143/5127/5127
f 1141/5128/5128 1143/5129/5129 1144/5130/5130
f 1143/5131/5131 1172/5132/5132 1144/5133/5133
f 1129/5134/5134 1145/5135/5135 1136/5136/5136
f 1136/5137/5137 1146/5138/5138 1137/5139/5139
f 1136/5140/5140 1145/5141/5141 1146/5142/5142
f 1145/5143/5143 1147/5144/5144 1146/5145/5145
f 1137/5146/5146 1146/5147/5147 1148/5148/5148
f 1144/5149/5149 1147/5150/5150 1145/5151/5151
f 1144/5152/5152 1176/5153/5153 1147/5154/5154
f 1137/5155/5155 1148/5156/5156 1139/5157/5157
f 1139/5158/5158 1148/5159/5159 1160/5160/5160
f 1146/5161/5161 1149/5162/5162 1148/5163/5163
f 1148/5164/5164 1150/5165/5165 1160/5166/5166
f 1146/5167/5167 1147/5168/5168 1149/5169/5169
f 1147/5170/5170 1177/5171/5171 1149/5172/5172
f 1148/5173/5173 1149/5174/5174 1150/5175/5175
f 1149/5176/5176 1178/5177/5177 1150/5178/5178
f 469/5179/5179 1152/5180/5180 470/5181/5181
f 469/5182/5182 1151/5183/5183 1152/5184/5184
f 470/5185/5185 1152/5186/5186 1153/5187/5187
f 1151/5188/5188 1158/5189/5189 1152/5190/5190
f 1159/5191/5191 1153/5192/5192 1152/5193/5193
f 1154/5194/5194 473/5195/5195 1153/5196/5196
f 470/5197/5197 1153/5198/5198 473/5199/5199
f 1154/5200/5200 474/5201/5201 473/5202/5202
f 1154/5203/5203 485/5204/5204 474/5205/5205
f 1154/5206/5206 1153/5207/5207 1162/5208/5208
f 1154/5209/5209 1162/5210/5210 1187/5211/5211
f 1155/5212/5212 1156/5213/5213 1191/5214/5214
f 1155/5215/5215 1138/5216/5216 1156/5217/5217
f 1138/5218/5218 1139/5219/5219 1157/5220/5220
f 1138/5221/5221 1157/5222/5222 1156/5223/5223
f 1158/5224/5224 1159/5225/5225 1152/5226/5226
f 1158/5227/5227 1198/5228/5228 1159/5229/5229
f 1158/5230/5230 1197/5231/5231 1198/5232/5232
f 1159/5233/5233 1198/5234/5234 1161/5235/5235
f 1139/5236/5236 1160/5237/5237 1157/5238/5238
f 1160/5239/5239 1202/5240/5240 1157/5241/5241
f 1160/5242/5242 1150/5243/5243 1204/5244/5244
f 1162/5245/5245 1153/5246/5246 1161/5247/5247
f 1159/5248/5248 1161/5249/5249 1153/5250/5250
f 1198/5251/5251 1163/5252/5252 1161/5253/5253
f 1162/5254/5254 1161/5255/5255 1163/5256/5256
f 1162/5257/5257 1163/5258/5258 1164/5259/5259
f 1165/5260/5260 486/5261/5261 1188/5262/5262
f 1165/5263/5263 1188/5264/5264 1169/5265/5265
f 943/5266/5266 1166/5267/5267 1168/5268/5268
f 943/5269/5269 1168/5270/5270 1167/5271/5271
f 1165/5272/5272 1168/5273/5273 1166/5274/5274
f 1165/5275/5275 1169/5276/5276 1168/5277/5277
f 1142/5278/5278 1170/5279/5279 1171/5280/5280
f 1170/5281/5281 1173/5282/5282 1171/5283/5283
f 1143/5284/5284 1171/5285/5285 1172/5286/5286
f 1144/5287/5287 1172/5288/5288 1176/5289/5289
f 1172/5290/5290 1171/5291/5291 1174/5292/5292
f 972/5293/5293 1173/5294/5294 1170/5295/5295
f 1171/5296/5296 1173/5297/5297 1174/5298/5298
f 1172/5299/5299 1175/5300/5300 1176/5301/5301
f 972/5302/5302 1180/5303/5303 1173/5304/5304
f 1173/5305/5305 1181/5306/5306 1174/5307/5307
f 1173/5308/5308 1180/5309/5309 1181/5310/5310
f 1172/5311/5311 1174/5312/5312 1175/5313/5313
f 1174/5314/5314 1181/5315/5315 1183/5316/5316
f 1174/5317/5317 1183/5318/5318 1175/5319/5319
f 1175/5320/5320 1183/5321/5321 1185/5322/5322
f 1169/5323/5323 1188/5324/5324 1190/5325/5325
f 1169/5326/5326 1190/5327/5327 1186/5328/5328
f 1147/5329/5329 1176/5330/5330 1177/5331/5331
f 1176/5332/5332 1175/5333/5333 1179/5334/5334
f 1176/5335/5335 1179/5336/5336 1177/5337/5337
f 1177/5338/5338 1179/5339/5339 1246/5340/5340
f 1149/5341/5341 1177/5342/5342 1178/5343/5343
f 1177/5344/5344 1246/5345/5345 1178/5346/5346
f 1175/5347/5347 1185/5348/5348 1179/5349/5349
f 1270/5350/5350 1190/5351/5351 1276/5352/5352
f 1167/5353/5353 1182/5354/5354 1184/5355/5355
f 1167/5356/5356 1168/5357/5357 1182/5358/5358
f 991/5359/5359 1167/5360/5360 1184/5361/5361
f 1180/5362/5362 1252/5363/5363 1181/5364/5364
f 1114/5365/5365 1252/5366/5366 1180/5367/5367
f 1181/5368/5368 1252/5369/5369 1259/5370/5370
f 1181/5371/5371 1259/5372/5372 1183/5373/5373
f 1182/5374/5374 1261/5375/5375 1260/5376/5376
f 1182/5377/5377 1262/5378/5378 1261/5379/5379
f 1182/5380/5380 1249/5381/5381 1262/5382/5382
f 1182/5383/5383 1250/5384/5384 1249/5385/5385
f 1004/5386/5386 1184/5387/5387 1255/5388/5388
f 1182/5389/5389 1255/5390/5390 1184/5391/5391
f 1182/5392/5392 1258/5393/5393 1255/5394/5394
f 1182/5395/5395 1260/5396/5396 1258/5397/5397
f 1168/5398/5398 1169/5399/5399 1182/5400/5400
f 1182/5401/5401 1169/5402/5402 1186/5403/5403
f 1182/5404/5404 1186/5405/5405 1250/5406/5406
f 1270/5407/5407 1264/5408/5408 1186/5409/5409
f 1250/5410/5410 1186/5411/5411 1251/5412/5412
f 1251/5413/5413 1186/5414/5414 1265/5415/5415
f 1264/5416/5416 1265/5417/5417 1186/5418/5418
f 1270/5419/5419 1186/5420/5420 1190/5421/5421
f 1187/5422/5422 1188/5423/5423 486/5424/5424
f 485/5425/5425 1187/5426/5426 486/5427/5427
f 1154/5428/5428 1187/5429/5429 485/5430/5430
f 1187/5431/5431 1189/5432/5432 1188/5433/5433
f 1162/5434/5434 1189/5435/5435 1187/5436/5436
f 1189/5437/5437 1190/5438/5438 1188/5439/5439
f 1162/5440/5440 1275/5441/5441 1189/5442/5442
f 1162/5443/5443 1164/5444/5444 1275/5445/5445
f 1189/5446/5446 1276/5447/5447 1190/5448/5448
f 1189/5449/5449 1275/5450/5450 1276/5451/5451
f 1191/5452/5452 1156/5453/5453 1192/5454/5454
f 1156/5455/5455 1193/5456/5456 1192/5457/5457
f 839/5458/5458 1191/5459/5459 1192/5460/5460
f 839/5461/5461 1192/5462/5462 1194/5463/5463
f 1192/5464/5464 1195/5465/5465 1194/5466/5466
f 1156/5467/5467 1157/5468/5468 1193/5469/5469
f 1193/5470/5470 1157/5471/5471 1202/5472/5472
f 1192/5473/5473 1193/5474/5474 1195/5475/5475
f 1193/5476/5476 1202/5477/5477 1205/5478/5478
f 1193/5479/5479 1205/5480/5480 1195/5481/5481
f 844/5482/5482 1194/5483/5483 1199/5484/5484
f 1194/5485/5485 1195/5486/5486 1199/5487/5487
f 1195/5488/5488 1205/5489/5489 1196/5490/5490
f 1199/5491/5491 1195/5492/5492 1196/5493/5493
f 1197/5494/5494 1201/5495/5495 1198/5496/5496
f 1200/5497/5497 1201/5498/5498 1197/5499/5499
f 1198/5500/5500 1201/5501/5501 1163/5502/5502
f 844/5503/5503 1199/5504/5504 1211/5505/5505
f 1200/5506/5506 1212/5507/5507 1214/5508/5508
f 1200/5509/5509 1214/5510/5510 1201/5511/5511
f 1199/5512/5512 1196/5513/5513 1213/5514/5514
f 1201/5515/5515 1214/5516/5516 1209/5517/5517
f 1160/5518/5518 1204/5519/5519 1202/5520/5520
f 1202/5521/5521 1204/5522/5522 1203/5523/5523
f 1202/5524/5524 1203/5525/5525 1205/5526/5526
f 1150/5527/5527 1274/5528/5528 1204/5529/5529
f 1203/5530/5530 1204/5531/5531 1207/5532/5532
f 1204/5533/5533 1274/5534/5534 1207/5535/5535
f 1203/5536/5536 1206/5537/5537 1205/5538/5538
f 1196/5539/5539 1205/5540/5540 1206/5541/5541
f 1203/5542/5542 1208/5543/5543 1206/5544/5544
f 1203/5545/5545 1207/5546/5546 1208/5547/5547
f 1207/5548/5548 1279/5549/5549 1208/5550/5550
f 1206/5551/5551 1208/5552/5552 1234/5553/5553
f 1208/5554/5554 1279/5555/5555 1292/5556/5556
f 1201/5557/5557 1209/5558/5558 1163/5559/5559
f 1164/5560/5560 1163/5561/5561 1210/5562/5562
f 1210/5563/5563 1163/5564/5564 1209/5565/5565
f 1196/5566/5566 1206/5567/5567 1232/5568/5568
f 1214/5569/5569 1233/5570/5570 1209/5571/5571
f 1210/5572/5572 1209/5573/5573 1229/5574/5574
f 1229/5575/5575 1209/5576/5576 1233/5577/5577
f 1211/5578/5578 1199/5579/5579 1213/5580/5580
f 871/5581/5581 1211/5582/5582 1215/5583/5583
f 1211/5584/5584 1213/5585/5585 1215/5586/5586
f 1212/5587/5587 1216/5588/5588 1223/5589/5589
f 1212/5590/5590 1223/5591/5591 1214/5592/5592
f 1213/5593/5593 1196/5594/5594 1232/5595/5595
f 1213/5596/5596 1221/5597/5597 1215/5598/5598
f 1213/5599/5599 1232/5600/5600 1221/5601/5601
f 1214/5602/5602 1223/5603/5603 1233/5604/5604
f 871/5605/5605 1215/5606/5606 1217/5607/5607
f 1218/5608/5608 1220/5609/5609 1216/5610/5610
f 1217/5611/5611 1218/5612/5612 1219/5613/5613
f 1219/5614/5614 1218/5615/5615 1216/5616/5616
f 1217/5617/5617 1220/5618/5618 1218/5619/5619
f 1217/5620/5620 1215/5621/5621 1224/5622/5622
f 1216/5623/5623 1220/5624/5624 1223/5625/5625
f 1217/5626/5626 1224/5627/5627 1220/5628/5628
f 1220/5629/5629 1224/5630/5630 1225/5631/5631
f 1215/5632/5632 1221/5633/5633 1224/5634/5634
f 1224/5635/5635 1221/5636/5636 1228/5637/5637
f 1221/5638/5638 1222/5639/5639 1228/5640/5640
f 1220/5641/5641 1225/5642/5642 1223/5643/5643
f 1225/5644/5644 1226/5645/5645 1223/5646/5646
f 1226/5647/5647 1227/5648/5648 1223/5649/5649
f 1225/5650/5650 1224/5651/5651 1226/5652/5652
f 1224/5653/5653 1227/5654/5654 1226/5655/5655
f 1224/5656/5656 1228/5657/5657 1227/5658/5658
f 1223/5659/5659 1228/5660/5660 1222/5661/5661
f 1223/5662/5662 1227/5663/5663 1228/5664/5664
f 1208/5665/5665 1292/5666/5666 1234/5667/5667
f 1234/5668/5668 1292/5669/5669 1230/5670/5670
f 1229/5671/5671 1231/5672/5672 1294/5673/5673
f 1229/5674/5674 1230/5675/5675 1231/5676/5676
f 1231/5677/5677 1230/5678/5678 1292/5679/5679
f 1232/5680/5680 1206/5681/5681 1234/5682/5682
f 1221/5683/5683 1232/5684/5684 1237/5685/5685
f 1223/5686/5686 1242/5687/5687 1233/5688/5688
f 1232/5689/5689 1234/5690/5690 1237/5691/5691
f 1233/5692/5692 1242/5693/5693 1240/5694/5694
f 1233/5695/5695 1240/5696/5696 1238/5697/5697
f 1229/5698/5698 1233/5699/5699 1236/5700/5700
f 1234/5701/5701 1236/5702/5702 1235/5703/5703
f 1235/5704/5704 1236/5705/5705 1233/5706/5706
f 1234/5707/5707 1235/5708/5708 1237/5709/5709
f 1235/5710/5710 1233/5711/5711 1238/5712/5712
f 1234/5713/5713 1230/5714/5714 1236/5715/5715
f 1229/5716/5716 1236/5717/5717 1230/5718/5718
f 1221/5719/5719 1237/5720/5720 1222/5721/5721
f 1223/5722/5722 1222/5723/5723 1239/5724/5724
f 1223/5725/5725 1241/5726/5726 1243/5727/5727
f 1223/5728/5728 1239/5729/5729 1241/5730/5730
f 1223/5731/5731 1243/5732/5732 1242/5733/5733
f 1222/5734/5734 1237/5735/5735 1239/5736/5736
f 1237/5737/5737 1238/5738/5738 1240/5739/5739
f 1237/5740/5740 1241/5741/5741 1239/5742/5742
f 1237/5743/5743 1243/5744/5744 1241/5745/5745
f 1237/5746/5746 1240/5747/5747 1244/5748/5748
f 1237/5749/5749 1244/5750/5750 1243/5751/5751
f 1242/5752/5752 1243/5753/5753 1244/5754/5754
f 1242/5755/5755 1244/5756/5756 1240/5757/5757
f 1235/5758/5758 1238/5759/5759 1237/5760/5760
f 1150/5761/5761 1178/5762/5762 1274/5763/5763
f 1178/5764/5764 1245/5765/5765 1274/5766/5766
f 1178/5767/5767 1246/5768/5768 1245/5769/5769
f 1179/5770/5770 1263/5771/5771 1246/5772/5772
f 1179/5773/5773 1185/5774/5774 1263/5775/5775
f 1246/5776/5776 1263/5777/5777 1247/5778/5778
f 1245/5779/5779 1246/5780/5780 1247/5781/5781
f 1245/5782/5782 1247/5783/5783 1286/5784/5784
f 1247/5785/5785 1263/5786/5786 1273/5787/5787
f 1248/5788/5788 1273/5789/5789 1276/5790/5790
f 1272/5791/5791 1276/5792/5792 1273/5793/5793
f 1247/5794/5794 1273/5795/5795 1248/5796/5796
f 1284/5797/5797 1247/5798/5798 1248/5799/5799
f 1284/5800/5800 1285/5801/5801 1247/5802/5802
f 1183/5803/5803 1265/5804/5804 1185/5805/5805
f 1183/5806/5806 1259/5807/5807 1262/5808/5808
f 1183/5809/5809 1249/5810/5810 1250/5811/5811
f 1183/5812/5812 1262/5813/5813 1249/5814/5814
f 1183/5815/5815 1250/5816/5816 1251/5817/5817
f 1183/5818/5818 1251/5819/5819 1265/5820/5820
f 1114/5821/5821 1118/5822/5822 1252/5823/5823
f 1118/5824/5824 1253/5825/5825 1252/5826/5826
f 1115/5827/5827 1255/5828/5828 1253/5829/5829
f 1252/5830/5830 1253/5831/5831 1254/5832/5832
f 1252/5833/5833 1254/5834/5834 1256/5835/5835
f 1252/5836/5836 1256/5837/5837 1257/5838/5838
f 1253/5839/5839 1255/5840/5840 1254/5841/5841
f 1254/5842/5842 1255/5843/5843 1256/5844/5844
f 1255/5845/5845 1257/5846/5846 1256/5847/5847
f 1252/5848/5848 1258/5849/5849 1259/5850/5850
f 1252/5851/5851 1257/5852/5852 1258/5853/5853
f 1255/5854/5854 1258/5855/5855 1257/5856/5856
f 1259/5857/5857 1260/5858/5858 1261/5859/5859
f 1259/5860/5860 1261/5861/5861 1262/5862/5862
f 1258/5863/5863 1260/5864/5864 1259/5865/5865
f 1185/5866/5866 1265/5867/5867 1266/5868/5868
f 1185/5869/5869 1267/5870/5870 1263/5871/5871
f 1185/5872/5872 1266/5873/5873 1267/5874/5874
f 1267/5875/5875 1266/5876/5876 1270/5877/5877
f 1267/5878/5878 1270/5879/5879 1268/5880/5880
f 1264/5881/5881 1266/5882/5882 1265/5883/5883
f 1270/5884/5884 1266/5885/5885 1264/5886/5886
f 1263/5887/5887 1267/5888/5888 1268/5889/5889
f 1263/5890/5890 1268/5891/5891 1269/5892/5892
f 1268/5893/5893 1270/5894/5894 1269/5895/5895
f 1270/5896/5896 1276/5897/5897 1272/5898/5898
f 1263/5899/5899 1269/5900/5900 1271/5901/5901
f 1263/5902/5902 1271/5903/5903 1272/5904/5904
f 1270/5905/5905 1272/5906/5906 1271/5907/5907
f 1263/5908/5908 1272/5909/5909 1273/5910/5910
f 1270/5911/5911 1271/5912/5912 1269/5913/5913
f 1207/5914/5914 1274/5915/5915 1277/5916/5916
f 1245/5917/5917 1277/5918/5918 1274/5919/5919
f 1164/5920/5920 1278/5921/5921 1275/5922/5922
f 1164/5923/5923 1210/5924/5924 1278/5925/5925
f 1275/5926/5926 1285/5927/5927 1276/5928/5928
f 1275/5929/5929 1278/5930/5930 1283/5931/5931
f 1275/5932/5932 1286/5933/5933 1285/5934/5934
f 1275/5935/5935 1283/5936/5936 1288/5937/5937
f 1275/5938/5938 1288/5939/5939 1287/5940/5940
f 1275/5941/5941 1287/5942/5942 1286/5943/5943
f 1284/5944/5944 1248/5945/5945 1276/5946/5946
f 1284/5947/5947 1276/5948/5948 1285/5949/5949
f 1207/5950/5950 1277/5951/5951 1279/5952/5952
f 1277/5953/5953 1290/5954/5954 1289/5955/5955
f 1277/5956/5956 1289/5957/5957 1281/5958/5958
f 1277/5959/5959 1281/5960/5960 1282/5961/5961
f 1210/5962/5962 1280/5963/5963 1278/5964/5964
f 1279/5965/5965 1295/5966/5966 1291/5967/5967
f 1210/5968/5968 1295/5969/5969 1280/5970/5970
f 1210/5971/5971 1229/5972/5972 1291/5973/5973
f 1210/5974/5974 1291/5975/5975 1295/5976/5976
f 1277/5977/5977 1282/5978/5978 1279/5979/5979
f 1278/5980/5980 1282/5981/5981 1281/5982/5982
f 1278/5983/5983 1281/5984/5984 1289/5985/5985
f 1278/5986/5986 1280/5987/5987 1282/5988/5988
f 1279/5989/5989 1282/5990/5990 1280/5991/5991
f 1279/5992/5992 1280/5993/5993 1295/5994/5994
f 1245/5995/5995 1287/5996/5996 1277/5997/5997
f 1277/5998/5998 1287/5999/5999 1288/6000/6000
f 1245/6001/6001 1286/6002/6002 1287/6003/6003
f 1277/6004/6004 1288/6005/6005 1283/6006/6006
f 1277/6007/6007 1283/6008/6008 1290/6009/6009
f 1278/6010/6010 1290/6011/6011 1283/6012/6012
f 1278/6013/6013 1289/6014/6014 1290/6015/6015
f 1247/6016/6016 1285/6017/6017 1286/6018/6018
f 1279/6019/6019 1291/6020/6020 1292/6021/6021
f 1229/6022/6022 1294/6023/6023 1293/6024/6024
f 1229/6025/6025 1293/6026/6026 1291/6027/6027
f 1292/6028/6028 1293/6029/6029 1294/6030/6030
f 1292/6031/6031 1291/6032/6032 1293/6033/6033
f 1231/6034/6034 1292/6035/6035 1294/6036/6036
f 3/6037/6037 2/6038/6038 1/6039/6039
f 3/6040/6040 5/6041/6041 2/6042/6042
f 3/6043/6043 7/6044/6044 5/6045/6045
f 7/6046/6046 8/6047/6047 4/6048/6048
f 7/6049/6049 4/6050/6050 5/6051/6051
f 7/6052/6052 9/6053/6053 8/6054/6054
f 7/6055/6055 10/6056/6056 9/6057/6057
f 15/6058/6058 11/6059/6059 16/6060/6060
f 12/6061/6061 17/6062/6062 14/6063/6063
f 12/6064/6064 15/6065/6065 17/6066/6066
f 15/6067/6067 16/6068/6068 17/6069/6069
f 12/6070/6070 14/6071/6071 18/6072/6072
f 12/6073/6073 18/6074/6074 13/6075/6075
f 19/6076/6076 32/6077/6077 11/6078/6078
f 15/6079/6079 19/6080/6080 11/6081/6081
f 19/6082/6082 35/6083/6083 32/6084/6084
f 3/6085/6085 35/6086/6086 19/6087/6087
f 12/6088/6088 20/6089/6089 15/6090/6090
f 12/6091/6091 21/6092/6092 20/6093/6093
f 15/6094/6094 20/6095/6095 19/6096/6096
f 21/6097/6097 27/6098/6098 22/6099/6099
f 22/6100/6100 31/6101/6101 113/6102/6102
f 27/6103/6103 24/6104/6104 23/6105/6105
f 27/6106/6106 23/6107/6107 25/6108/6108
f 27/6109/6109 25/6110/6110 26/6111/6111
f 27/6112/6112 26/6113/6113 28/6114/6114
f 12/6115/6115 13/6116/6116 27/6117/6117
f 27/6118/6118 13/6119/6119 24/6120/6120
f 31/6121/6121 28/6122/6122 29/6123/6123
f 31/6124/6124 29/6125/6125 30/6126/6126
f 31/6127/6127 30/6128/6128 116/6129/6129
f 27/6130/6130 28/6131/6131 31/6132/6132
f 12/6133/6133 27/6134/6134 21/6135/6135
f 22/6136/6136 27/6137/6137 31/6138/6138
f 3/6139/6139 34/6140/6140 35/6141/6141
f 3/6142/6142 1/6143/6143 34/6144/6144
f 3/6145/6145 58/6146/6146 37/6147/6147
f 37/6148/6148 60/6149/6149 38/6150/6150
f 38/6151/6151 60/6152/6152 39/6153/6153
f 38/6154/6154 39/6155/6155 54/6156/6156
f 39/6157/6157 256/6158/6158 231/6159/6159
f 39/6160/6160 231/6161/6161 54/6162/6162
f 54/6163/6163 231/6164/6164 237/6165/6165
f 41/6166/6166 82/6167/6167 44/6168/6168
f 41/6169/6169 43/6170/6170 42/6171/6171
f 41/6172/6172 44/6173/6173 43/6174/6174
f 41/6175/6175 42/6176/6176 40/6177/6177
f 41/6178/6178 50/6179/6179 86/6180/6180
f 51/6181/6181 86/6182/6182 50/6183/6183
f 45/6184/6184 47/6185/6185 7/6186/6186
f 3/6187/6187 37/6188/6188 7/6189/6189
f 37/6190/6190 45/6191/6191 7/6192/6192
f 38/6193/6193 46/6194/6194 45/6195/6195
f 45/6196/6196 46/6197/6197 50/6198/6198
f 37/6199/6199 38/6200/6200 45/6201/6201
f 47/6202/6202 48/6203/6203 10/6204/6204
f 47/6205/6205 49/6206/6206 48/6207/6207
f 7/6208/6208 47/6209/6209 10/6210/6210
f 41/6211/6211 47/6212/6212 50/6213/6213
f 45/6214/6214 50/6215/6215 47/6216/6216
f 47/6217/6217 40/6218/6218 49/6219/6219
f 41/6220/6220 40/6221/6221 47/6222/6222
f 51/6223/6223 50/6224/6224 46/6225/6225
f 51/6226/6226 94/6227/6227 86/6228/6228
f 51/6229/6229 52/6230/6230 94/6231/6231
f 52/6232/6232 311/6233/6233 94/6234/6234
f 54/6235/6235 53/6236/6236 46/6237/6237
f 51/6238/6238 46/6239/6239 53/6240/6240
f 38/6241/6241 54/6242/6242 46/6243/6243
f 54/6244/6244 237/6245/6245 53/6246/6246
f 52/6247/6247 53/6248/6248 238/6249/6249
f 53/6250/6250 237/6251/6251 238/6252/6252
f 51/6253/6253 53/6254/6254 52/6255/6255
f 55/6256/6256 20/6257/6257 21/6258/6258
f 59/6259/6259 55/6260/6260 57/6261/6261
f 59/6262/6262 57/6263/6263 56/6264/6264
f 55/6265/6265 63/6266/6266 57/6267/6267
f 59/6268/6268 58/6269/6269 19/6270/6270
f 3/6271/6271 19/6272/6272 58/6273/6273
f 59/6274/6274 19/6275/6275 20/6276/6276
f 59/6277/6277 20/6278/6278 55/6279/6279
f 59/6280/6280 56/6281/6281 58/6282/6282
f 58/6283/6283 56/6284/6284 60/6285/6285
f 37/6286/6286 58/6287/6287 60/6288/6288
f 61/6289/6289 21/6290/6290 22/6291/6291
f 55/6292/6292 21/6293/6293 61/6294/6294
f 62/6295/6295 22/6296/6296 113/6297/6297
f 61/6298/6298 22/6299/6299 62/6300/6300
f 61/6301/6301 64/6302/6302 63/6303/6303
f 55/6304/6304 61/6305/6305 63/6306/6306
f 61/6307/6307 62/6308/6308 64/6309/6309
f 62/6310/6310 162/6311/6311 64/6312/6312
f 56/6313/6313 65/6314/6314 66/6315/6315
f 57/6316/6316 63/6317/6317 67/6318/6318
f 56/6319/6319 57/6320/6320 65/6321/6321
f 57/6322/6322 67/6323/6323 65/6324/6324
f 66/6325/6325 65/6326/6326 254/6327/6327
f 66/6328/6328 254/6329/6329 256/6330/6330
f 65/6331/6331 67/6332/6332 253/6333/6333
f 65/6334/6334 253/6335/6335 254/6336/6336
f 56/6337/6337 66/6338/6338 60/6339/6339
f 39/6340/6340 60/6341/6341 66/6342/6342
f 39/6343/6343 66/6344/6344 256/6345/6345
f 63/6346/6346 64/6347/6347 68/6348/6348
f 63/6349/6349 68/6350/6350 67/6351/6351
f 64/6352/6352 162/6353/6353 69/6354/6354
f 64/6355/6355 69/6356/6356 68/6357/6357
f 67/6358/6358 68/6359/6359 258/6360/6360
f 67/6361/6361 258/6362/6362 253/6363/6363
f 68/6364/6364 259/6365/6365 258/6366/6366
f 68/6367/6367 69/6368/6368 259/6369/6369
f 69/6370/6370 359/6371/6371 259/6372/6372
f 93/6373/6373 89/6374/6374 84/6375/6375
f 86/6376/6376 85/6377/6377 82/6378/6378
f 86/6379/6379 83/6380/6380 87/6381/6381
f 86/6382/6382 87/6383/6383 85/6384/6384
f 41/6385/6385 86/6386/6386 82/6387/6387
f 86/6388/6388 84/6389/6389 83/6390/6390
f 86/6391/6391 93/6392/6392 84/6393/6393
f 93/6394/6394 90/6395/6395 89/6396/6396
f 94/6397/6397 95/6398/6398 93/6399/6399
f 86/6400/6400 94/6401/6401 93/6402/6402
f 94/6403/6403 311/6404/6404 95/6405/6405
f 93/6406/6406 101/6407/6407 97/6408/6408
f 93/6409/6409 96/6410/6410 90/6411/6411
f 93/6412/6412 97/6413/6413 96/6414/6414
f 93/6415/6415 95/6416/6416 101/6417/6417
f 101/6418/6418 98/6419/6419 97/6420/6420
f 101/6421/6421 99/6422/6422 98/6423/6423
f 101/6424/6424 100/6425/6425 99/6426/6426
f 101/6427/6427 102/6428/6428 100/6429/6429
f 95/6430/6430 314/6431/6431 101/6432/6432
f 101/6433/6433 314/6434/6434 102/6435/6435
f 314/6436/6436 103/6437/6437 102/6438/6438
f 314/6439/6439 104/6440/6440 103/6441/6441
f 314/6442/6442 105/6443/6443 104/6444/6444
f 314/6445/6445 315/6446/6446 105/6447/6447
f 31/6448/6448 121/6449/6449 113/6450/6450
f 113/6451/6451 121/6452/6452 114/6453/6453
f 114/6454/6454 124/6455/6455 115/6456/6456
f 121/6457/6457 116/6458/6458 117/6459/6459
f 121/6460/6460 117/6461/6461 118/6462/6462
f 121/6463/6463 118/6464/6464 120/6465/6465
f 31/6466/6466 116/6467/6467 121/6468/6468
f 121/6469/6469 120/6470/6470 124/6471/6471
f 124/6472/6472 120/6473/6473 122/6474/6474
f 124/6475/6475 122/6476/6476 123/6477/6477
f 124/6478/6478 123/6479/6479 125/6480/6480
f 124/6481/6481 125/6482/6482 126/6483/6483
f 124/6484/6484 126/6485/6485 128/6486/6486
f 124/6487/6487 128/6488/6488 129/6489/6489
f 114/6490/6490 121/6491/6491 124/6492/6492
f 115/6493/6493 124/6494/6494 129/6495/6495
f 129/6496/6496 128/6497/6497 130/6498/6498
f 129/6499/6499 130/6500/6500 131/6501/6501
f 129/6502/6502 131/6503/6503 136/6504/6504
f 136/6505/6505 131/6506/6506 132/6507/6507
f 136/6508/6508 132/6509/6509 133/6510/6510
f 136/6511/6511 133/6512/6512 134/6513/6513
f 129/6514/6514 136/6515/6515 137/6516/6516
f 115/6517/6517 129/6518/6518 137/6519/6519
f 136/6520/6520 138/6521/6521 137/6522/6522
f 136/6523/6523 142/6524/6524 138/6525/6525
f 138/6526/6526 142/6527/6527 147/6528/6528
f 142/6529/6529 134/6530/6530 135/6531/6531
f 136/6532/6532 134/6533/6533 142/6534/6534
f 142/6535/6535 135/6536/6536 141/6537/6537
f 142/6538/6538 141/6539/6539 143/6540/6540
f 142/6541/6541 143/6542/6542 144/6543/6543
f 142/6544/6544 144/6545/6545 147/6546/6546
f 147/6547/6547 144/6548/6548 145/6549/6549
f 147/6550/6550 145/6551/6551 148/6552/6552
f 147/6553/6553 148/6554/6554 149/6555/6555
f 147/6556/6556 149/6557/6557 150/6558/6558
f 147/6559/6559 150/6560/6560 152/6561/6561
f 152/6562/6562 150/6563/6563 151/6564/6564
f 152/6565/6565 151/6566/6566 154/6567/6567
f 152/6568/6568 154/6569/6569 155/6570/6570
f 152/6571/6571 155/6572/6572 181/6573/6573
f 181/6574/6574 155/6575/6575 156/6576/6576
f 181/6577/6577 156/6578/6578 157/6579/6579
f 181/6580/6580 157/6581/6581 158/6582/6582
f 181/6583/6583 158/6584/6584 159/6585/6585
f 62/6586/6586 113/6587/6587 160/6588/6588
f 160/6589/6589 113/6590/6590 114/6591/6591
f 160/6592/6592 114/6593/6593 161/6594/6594
f 114/6595/6595 115/6596/6596 161/6597/6597
f 161/6598/6598 115/6599/6599 165/6600/6600
f 62/6601/6601 160/6602/6602 162/6603/6603
f 160/6604/6604 161/6605/6605 163/6606/6606
f 160/6607/6607 163/6608/6608 162/6609/6609
f 161/6610/6610 164/6611/6611 163/6612/6612
f 161/6613/6613 165/6614/6614 164/6615/6615
f 115/6616/6616 137/6617/6617 165/6618/6618
f 165/6619/6619 168/6620/6620 166/6621/6621
f 165/6622/6622 166/6623/6623 164/6624/6624
f 168/6625/6625 167/6626/6626 166/6627/6627
f 168/6628/6628 137/6629/6629 138/6630/6630
f 165/6631/6631 137/6632/6632 168/6633/6633
f 168/6634/6634 138/6635/6635 169/6636/6636
f 138/6637/6637 147/6638/6638 169/6639/6639
f 168/6640/6640 169/6641/6641 167/6642/6642
f 169/6643/6643 170/6644/6644 167/6645/6645
f 162/6646/6646 163/6647/6647 171/6648/6648
f 69/6649/6649 162/6650/6650 171/6651/6651
f 163/6652/6652 172/6653/6653 171/6654/6654
f 163/6655/6655 164/6656/6656 172/6657/6657
f 164/6658/6658 173/6659/6659 172/6660/6660
f 69/6661/6661 171/6662/6662 359/6663/6663
f 171/6664/6664 172/6665/6665 360/6666/6666
f 171/6667/6667 360/6668/6668 359/6669/6669
f 172/6670/6670 173/6671/6671 361/6672/6672
f 172/6673/6673 361/6674/6674 360/6675/6675
f 173/6676/6676 364/6677/6677 361/6678/6678
f 164/6679/6679 166/6680/6680 173/6681/6681
f 166/6682/6682 167/6683/6683 174/6684/6684
f 166/6685/6685 174/6686/6686 173/6687/6687
f 167/6688/6688 175/6689/6689 174/6690/6690
f 173/6691/6691 174/6692/6692 364/6693/6693
f 174/6694/6694 365/6695/6695 364/6696/6696
f 174/6697/6697 175/6698/6698 365/6699/6699
f 175/6700/6700 368/6701/6701 365/6702/6702
f 167/6703/6703 170/6704/6704 175/6705/6705
f 175/6706/6706 170/6707/6707 178/6708/6708
f 175/6709/6709 178/6710/6710 368/6711/6711
f 169/6712/6712 147/6713/6713 176/6714/6714
f 169/6715/6715 176/6716/6716 170/6717/6717
f 176/6718/6718 177/6719/6719 170/6720/6720
f 170/6721/6721 177/6722/6722 178/6723/6723
f 177/6724/6724 185/6725/6725 178/6726/6726
f 178/6727/6727 381/6728/6728 368/6729/6729
f 178/6730/6730 185/6731/6731 381/6732/6732
f 185/6733/6733 385/6734/6734 381/6735/6735
f 147/6736/6736 152/6737/6737 176/6738/6738
f 176/6739/6739 152/6740/6740 179/6741/6741
f 152/6742/6742 181/6743/6743 179/6744/6744
f 176/6745/6745 179/6746/6746 177/6747/6747
f 177/6748/6748 179/6749/6749 180/6750/6750
f 179/6751/6751 182/6752/6752 180/6753/6753
f 179/6754/6754 181/6755/6755 182/6756/6756
f 181/6757/6757 184/6758/6758 182/6759/6759
f 181/6760/6760 159/6761/6761 184/6762/6762
f 180/6763/6763 182/6764/6764 187/6765/6765
f 184/6766/6766 159/6767/6767 183/6768/6768
f 184/6769/6769 205/6770/6770 182/6771/6771
f 182/6772/6772 205/6773/6773 187/6774/6774
f 177/6775/6775 180/6776/6776 185/6777/6777
f 185/6778/6778 180/6779/6779 186/6780/6780
f 180/6781/6781 187/6782/6782 186/6783/6783
f 185/6784/6784 186/6785/6785 385/6786/6786
f 186/6787/6787 188/6788/6788 386/6789/6789
f 186/6790/6790 386/6791/6791 385/6792/6792
f 186/6793/6793 187/6794/6794 188/6795/6795
f 187/6796/6796 205/6797/6797 214/6798/6798
f 187/6799/6799 214/6800/6800 188/6801/6801
f 188/6802/6802 214/6803/6803 441/6804/6804
f 184/6805/6805 183/6806/6806 201/6807/6807
f 184/6808/6808 201/6809/6809 202/6810/6810
f 184/6811/6811 202/6812/6812 203/6813/6813
f 184/6814/6814 203/6815/6815 204/6816/6816
f 184/6817/6817 204/6818/6818 206/6819/6819
f 184/6820/6820 206/6821/6821 205/6822/6822
f 205/6823/6823 206/6824/6824 207/6825/6825
f 205/6826/6826 207/6827/6827 208/6828/6828
f 205/6829/6829 208/6830/6830 215/6831/6831
f 215/6832/6832 208/6833/6833 210/6834/6834
f 215/6835/6835 210/6836/6836 211/6837/6837
f 215/6838/6838 211/6839/6839 212/6840/6840
f 215/6841/6841 212/6842/6842 213/6843/6843
f 205/6844/6844 215/6845/6845 214/6846/6846
f 214/6847/6847 215/6848/6848 216/6849/6849
f 214/6850/6850 216/6851/6851 441/6852/6852
f 215/6853/6853 213/6854/6854 217/6855/6855
f 215/6856/6856 217/6857/6857 218/6858/6858
f 215/6859/6859 218/6860/6860 219/6861/6861
f 215/6862/6862 219/6863/6863 216/6864/6864
f 219/6865/6865 218/6866/6866 220/6867/6867
f 219/6868/6868 220/6869/6869 221/6870/6870
f 219/6871/6871 221/6872/6872 222/6873/6873
f 216/6874/6874 219/6875/6875 445/6876/6876
f 219/6877/6877 222/6878/6878 223/6879/6879
f 219/6880/6880 223/6881/6881 445/6882/6882
f 445/6883/6883 223/6884/6884 224/6885/6885
f 445/6886/6886 224/6887/6887 446/6888/6888
f 232/6889/6889 231/6890/6890 256/6891/6891
f 231/6892/6892 240/6893/6893 237/6894/6894
f 232/6895/6895 240/6896/6896 231/6897/6897
f 232/6898/6898 233/6899/6899 240/6900/6900
f 232/6901/6901 266/6902/6902 233/6903/6903
f 233/6904/6904 266/6905/6905 234/6906/6906
f 234/6907/6907 267/6908/6908 273/6909/6909
f 52/6910/6910 238/6911/6911 235/6912/6912
f 52/6913/6913 235/6914/6914 311/6915/6915
f 235/6916/6916 313/6917/6917 311/6918/6918
f 235/6919/6919 236/6920/6920 313/6921/6921
f 313/6922/6922 236/6923/6923 329/6924/6924
f 240/6925/6925 239/6926/6926 237/6927/6927
f 237/6928/6928 239/6929/6929 238/6930/6930
f 235/6931/6931 238/6932/6932 239/6933/6933
f 240/6934/6934 247/6935/6935 239/6936/6936
f 236/6937/6937 239/6938/6938 247/6939/6939
f 240/6940/6940 233/6941/6941 247/6942/6942
f 235/6943/6943 239/6944/6944 236/6945/6945
f 236/6946/6946 249/6947/6947 329/6948/6948
f 329/6949/6949 249/6950/6950 241/6951/6951
f 241/6952/6952 250/6953/6953 243/6954/6954
f 241/6955/6955 242/6956/6956 332/6957/6957
f 241/6958/6958 243/6959/6959 244/6960/6960
f 241/6961/6961 244/6962/6962 242/6963/6963
f 250/6964/6964 245/6965/6965 243/6966/6966
f 233/6967/6967 248/6968/6968 247/6969/6969
f 247/6970/6970 248/6971/6971 249/6972/6972
f 233/6973/6973 234/6974/6974 248/6975/6975
f 248/6976/6976 277/6977/6977 250/6978/6978
f 234/6979/6979 277/6980/6980 248/6981/6981
f 234/6982/6982 273/6983/6983 277/6984/6984
f 236/6985/6985 247/6986/6986 249/6987/6987
f 249/6988/6988 250/6989/6989 241/6990/6990
f 249/6991/6991 248/6992/6992 250/6993/6993
f 250/6994/6994 283/6995/6995 251/6996/6996
f 250/6997/6997 251/6998/6998 252/6999/6999
f 277/7000/7000 283/7001/7001 250/7002/7002
f 250/7003/7003 252/7004/7004 246/7005/7005
f 250/7006/7006 246/7007/7007 245/7008/7008
f 257/7009/7009 256/7010/7010 254/7011/7011
f 257/7012/7012 254/7013/7013 255/7014/7014
f 253/7015/7015 260/7016/7016 255/7017/7017
f 253/7018/7018 255/7019/7019 254/7020/7020
f 257/7021/7021 255/7022/7022 263/7023/7023
f 264/7024/7024 260/7025/7025 269/7026/7026
f 255/7027/7027 260/7028/7028 264/7029/7029
f 255/7030/7030 264/7031/7031 263/7032/7032
f 232/7033/7033 256/7034/7034 257/7035/7035
f 232/7036/7036 257/7037/7037 266/7038/7038
f 257/7039/7039 263/7040/7040 266/7041/7041
f 253/7042/7042 258/7043/7043 260/7044/7044
f 258/7045/7045 259/7046/7046 261/7047/7047
f 258/7048/7048 261/7049/7049 260/7050/7050
f 259/7051/7051 359/7052/7052 262/7053/7053
f 261/7054/7054 259/7055/7055 262/7056/7056
f 260/7057/7057 261/7058/7058 269/7059/7059
f 261/7060/7060 270/7061/7061 269/7062/7062
f 261/7063/7063 262/7064/7064 270/7065/7065
f 262/7066/7066 370/7067/7067 270/7068/7068
f 263/7069/7069 264/7070/7070 268/7071/7071
f 264/7072/7072 269/7073/7073 265/7074/7074
f 264/7075/7075 265/7076/7076 268/7077/7077
f 265/7078/7078 295/7079/7079 285/7080/7080
f 263/7081/7081 267/7082/7082 266/7083/7083
f 263/7084/7084 268/7085/7085 267/7086/7086
f 234/7087/7087 266/7088/7088 267/7089/7089
f 268/7090/7090 284/7091/7091 267/7092/7092
f 273/7093/7093 267/7094/7094 284/7095/7095
f 268/7096/7096 265/7097/7097 285/7098/7098
f 268/7099/7099 285/7100/7100 284/7101/7101
f 269/7102/7102 270/7103/7103 271/7104/7104
f 269/7105/7105 271/7106/7106 265/7107/7107
f 270/7108/7108 370/7109/7109 272/7110/7110
f 270/7111/7111 272/7112/7112 271/7113/7113
f 265/7114/7114 271/7115/7115 295/7116/7116
f 271/7117/7117 296/7118/7118 295/7119/7119
f 271/7120/7120 272/7121/7121 296/7122/7122
f 272/7123/7123 397/7124/7124 296/7125/7125
f 273/7126/7126 280/7127/7127 277/7128/7128
f 273/7129/7129 275/7130/7130 280/7131/7131
f 273/7132/7132 276/7133/7133 274/7134/7134
f 273/7135/7135 274/7136/7136 275/7137/7137
f 277/7138/7138 279/7139/7139 278/7140/7140
f 277/7141/7141 280/7142/7142 279/7143/7143
f 277/7144/7144 278/7145/7145 282/7146/7146
f 277/7147/7147 282/7148/7148 283/7149/7149
f 273/7150/7150 284/7151/7151 306/7152/7152
f 284/7153/7153 307/7154/7154 306/7155/7155
f 284/7156/7156 286/7157/7157 307/7158/7158
f 284/7159/7159 289/7160/7160 286/7161/7161
f 285/7162/7162 295/7163/7163 288/7164/7164
f 285/7165/7165 288/7166/7166 289/7167/7167
f 284/7168/7168 285/7169/7169 289/7170/7170
f 289/7171/7171 287/7172/7172 286/7173/7173
f 288/7174/7174 290/7175/7175 289/7176/7176
f 288/7177/7177 291/7178/7178 290/7179/7179
f 289/7180/7180 290/7181/7181 287/7182/7182
f 288/7183/7183 293/7184/7184 292/7185/7185
f 288/7186/7186 292/7187/7187 291/7188/7188
f 288/7189/7189 294/7190/7190 293/7191/7191
f 295/7192/7192 296/7193/7193 297/7194/7194
f 296/7195/7195 397/7196/7196 301/7197/7197
f 288/7198/7198 295/7199/7199 297/7200/7200
f 296/7201/7201 301/7202/7202 297/7203/7203
f 288/7204/7204 297/7205/7205 294/7206/7206
f 297/7207/7207 298/7208/7208 294/7209/7209
f 297/7210/7210 299/7211/7211 298/7212/7212
f 297/7213/7213 300/7214/7214 299/7215/7215
f 297/7216/7216 302/7217/7217 300/7218/7218
f 297/7219/7219 301/7220/7220 302/7221/7221
f 301/7222/7222 303/7223/7223 302/7224/7224
f 301/7225/7225 304/7226/7226 303/7227/7227
f 301/7228/7228 401/7229/7229 304/7230/7230
f 273/7231/7231 305/7232/7232 276/7233/7233
f 273/7234/7234 306/7235/7235 305/7236/7236
f 95/7237/7237 311/7238/7238 310/7239/7239
f 311/7240/7240 313/7241/7241 310/7242/7242
f 313/7243/7243 312/7244/7244 310/7245/7245
f 313/7246/7246 329/7247/7247 312/7248/7248
f 95/7249/7249 310/7250/7250 314/7251/7251
f 310/7252/7252 321/7253/7253 314/7254/7254
f 314/7255/7255 316/7256/7256 315/7257/7257
f 314/7258/7258 317/7259/7259 316/7260/7260
f 314/7261/7261 318/7262/7262 317/7263/7263
f 314/7264/7264 322/7265/7265 318/7266/7266
f 314/7267/7267 321/7268/7268 322/7269/7269
f 310/7270/7270 312/7271/7271 321/7272/7272
f 312/7273/7273 326/7274/7274 321/7275/7275
f 312/7276/7276 334/7277/7277 319/7278/7278
f 312/7279/7279 319/7280/7280 326/7281/7281
f 321/7282/7282 320/7283/7283 323/7284/7284
f 321/7285/7285 323/7286/7286 322/7287/7287
f 321/7288/7288 326/7289/7289 324/7290/7290
f 321/7291/7291 325/7292/7292 320/7293/7293
f 321/7294/7294 324/7295/7295 325/7296/7296
f 312/7297/7297 327/7298/7298 335/7299/7299
f 329/7300/7300 332/7301/7301 330/7302/7302
f 329/7303/7303 331/7304/7304 328/7305/7305
f 329/7306/7306 330/7307/7307 331/7308/7308
f 329/7309/7309 241/7310/7310 332/7311/7311
f 329/7312/7312 327/7313/7313 312/7314/7314
f 329/7315/7315 328/7316/7316 327/7317/7317
f 312/7318/7318 335/7319/7319 334/7320/7320
f 359/7321/7321 360/7322/7322 362/7323/7323
f 262/7324/7324 359/7325/7325 362/7326/7326
f 360/7327/7327 363/7328/7328 362/7329/7329
f 360/7330/7330 361/7331/7331 363/7332/7332
f 361/7333/7333 364/7334/7334 366/7335/7335
f 361/7336/7336 366/7337/7337 363/7338/7338
f 262/7339/7339 362/7340/7340 370/7341/7341
f 362/7342/7342 363/7343/7343 371/7344/7344
f 362/7345/7345 371/7346/7346 370/7347/7347
f 363/7348/7348 366/7349/7349 372/7350/7350
f 363/7351/7351 372/7352/7352 371/7353/7353
f 364/7354/7354 367/7355/7355 366/7356/7356
f 364/7357/7357 365/7358/7358 367/7359/7359
f 365/7360/7360 368/7361/7361 369/7362/7362
f 367/7363/7363 365/7364/7364 369/7365/7365
f 372/7366/7366 366/7367/7367 375/7368/7368
f 366/7369/7369 367/7370/7370 375/7371/7371
f 367/7372/7372 376/7373/7373 375/7374/7374
f 367/7375/7375 369/7376/7376 376/7377/7377
f 369/7378/7378 368/7379/7379 382/7380/7380
f 369/7381/7381 382/7382/7382 378/7383/7383
f 369/7384/7384 378/7385/7385 376/7386/7386
f 370/7387/7387 371/7388/7388 373/7389/7389
f 272/7390/7390 370/7391/7391 373/7392/7392
f 371/7393/7393 374/7394/7394 373/7395/7395
f 371/7396/7396 372/7397/7397 374/7398/7398
f 372/7399/7399 377/7400/7400 374/7401/7401
f 272/7402/7402 373/7403/7403 397/7404/7404
f 373/7405/7405 374/7406/7406 398/7407/7407
f 373/7408/7408 398/7409/7409 397/7410/7410
f 374/7411/7411 377/7412/7412 399/7413/7413
f 398/7414/7414 374/7415/7415 399/7416/7416
f 372/7417/7417 375/7418/7418 377/7419/7419
f 375/7420/7420 376/7421/7421 379/7422/7422
f 375/7423/7423 379/7424/7424 377/7425/7425
f 399/7426/7426 377/7427/7427 412/7428/7428
f 376/7429/7429 378/7430/7430 380/7431/7431
f 376/7432/7432 380/7433/7433 379/7434/7434
f 377/7435/7435 379/7436/7436 412/7437/7437
f 379/7438/7438 413/7439/7439 412/7440/7440
f 379/7441/7441 380/7442/7442 413/7443/7443
f 380/7444/7444 429/7445/7445 413/7446/7446
f 368/7447/7447 381/7448/7448 382/7449/7449
f 381/7450/7450 385/7451/7451 387/7452/7452
f 382/7453/7453 381/7454/7454 387/7455/7455
f 382/7456/7456 387/7457/7457 383/7458/7458
f 382/7459/7459 383/7460/7460 378/7461/7461
f 378/7462/7462 383/7463/7463 384/7464/7464
f 380/7465/7465 378/7466/7466 384/7467/7467
f 380/7468/7468 384/7469/7469 429/7470/7470
f 387/7471/7471 385/7472/7472 388/7473/7473
f 385/7474/7474 386/7475/7475 388/7476/7476
f 386/7477/7477 389/7478/7478 388/7479/7479
f 387/7480/7480 391/7481/7481 383/7482/7482
f 387/7483/7483 388/7484/7484 391/7485/7485
f 388/7486/7486 390/7487/7487 391/7488/7488
f 188/7489/7489 389/7490/7490 386/7491/7491
f 188/7492/7492 441/7493/7493 389/7494/7494
f 389/7495/7495 441/7496/7496 443/7497/7497
f 388/7498/7498 389/7499/7499 390/7500/7500
f 389/7501/7501 443/7502/7502 390/7503/7503
f 443/7504/7504 454/7505/7505 390/7506/7506
f 383/7507/7507 392/7508/7508 384/7509/7509
f 383/7510/7510 391/7511/7511 392/7512/7512
f 391/7513/7513 393/7514/7514 392/7515/7515
f 384/7516/7516 392/7517/7517 430/7518/7518
f 384/7519/7519 430/7520/7520 429/7521/7521
f 430/7522/7522 392/7523/7523 394/7524/7524
f 391/7525/7525 390/7526/7526 393/7527/7527
f 393/7528/7528 394/7529/7529 392/7530/7530
f 393/7531/7531 395/7532/7532 394/7533/7533
f 394/7534/7534 395/7535/7535 438/7536/7536
f 390/7537/7537 454/7538/7538 393/7539/7539
f 393/7540/7540 454/7541/7541 395/7542/7542
f 395/7543/7543 396/7544/7544 438/7545/7545
f 397/7546/7546 398/7547/7547 400/7548/7548
f 301/7549/7549 397/7550/7550 400/7551/7551
f 398/7552/7552 399/7553/7553 406/7554/7554
f 398/7555/7555 406/7556/7556 400/7557/7557
f 399/7558/7558 414/7559/7559 406/7560/7560
f 301/7561/7561 400/7562/7562 401/7563/7563
f 400/7564/7564 406/7565/7565 405/7566/7566
f 400/7567/7567 405/7568/7568 403/7569/7569
f 400/7570/7570 402/7571/7571 401/7572/7572
f 400/7573/7573 403/7574/7574 402/7575/7575
f 406/7576/7576 414/7577/7577 411/7578/7578
f 406/7579/7579 407/7580/7580 405/7581/7581
f 406/7582/7582 408/7583/7583 407/7584/7584
f 406/7585/7585 409/7586/7586 408/7587/7587
f 406/7588/7588 411/7589/7589 409/7590/7590
f 399/7591/7591 412/7592/7592 414/7593/7593
f 412/7594/7594 419/7595/7595 414/7596/7596
f 412/7597/7597 413/7598/7598 419/7599/7599
f 413/7600/7600 429/7601/7601 425/7602/7602
f 413/7603/7603 425/7604/7604 419/7605/7605
f 414/7606/7606 417/7607/7607 411/7608/7608
f 414/7609/7609 418/7610/7610 417/7611/7611
f 414/7612/7612 419/7613/7613 418/7614/7614
f 419/7615/7615 415/7616/7616 418/7617/7617
f 419/7618/7618 416/7619/7619 415/7620/7620
f 419/7621/7621 420/7622/7622 421/7623/7623
f 419/7624/7624 421/7625/7625 416/7626/7626
f 419/7627/7627 423/7628/7628 420/7629/7629
f 429/7630/7630 426/7631/7631 425/7632/7632
f 419/7633/7633 424/7634/7634 423/7635/7635
f 419/7636/7636 425/7637/7637 424/7638/7638
f 429/7639/7639 430/7640/7640 433/7641/7641
f 429/7642/7642 431/7643/7643 426/7644/7644
f 429/7645/7645 433/7646/7646 432/7647/7647
f 429/7648/7648 432/7649/7649 431/7650/7650
f 430/7651/7651 437/7652/7652 433/7653/7653
f 430/7654/7654 394/7655/7655 435/7656/7656
f 430/7657/7657 435/7658/7658 437/7659/7659
f 394/7660/7660 436/7661/7661 435/7662/7662
f 394/7663/7663 438/7664/7664 439/7665/7665
f 394/7666/7666 439/7667/7667 440/7668/7668
f 394/7669/7669 440/7670/7670 436/7671/7671
f 443/7672/7672 441/7673/7673 442/7674/7674
f 216/7675/7675 442/7676/7676 441/7677/7677
f 443/7678/7678 444/7679/7679 454/7680/7680
f 443/7681/7681 442/7682/7682 444/7683/7683
f 216/7684/7684 445/7685/7685 442/7686/7686
f 442/7687/7687 445/7688/7688 450/7689/7689
f 445/7690/7690 447/7691/7691 448/7692/7692
f 445/7693/7693 446/7694/7694 447/7695/7695
f 445/7696/7696 448/7697/7697 450/7698/7698
f 450/7699/7699 448/7700/7700 449/7701/7701
f 442/7702/7702 450/7703/7703 444/7704/7704
f 444/7705/7705 453/7706/7706 464/7707/7707
f 444/7708/7708 450/7709/7709 453/7710/7710
f 450/7711/7711 449/7712/7712 452/7713/7713
f 450/7714/7714 451/7715/7715 453/7716/7716
f 450/7717/7717 452/7718/7718 451/7719/7719
f 454/7720/7720 456/7721/7721 395/7722/7722
f 454/7723/7723 444/7724/7724 457/7725/7725
f 454/7726/7726 457/7727/7727 455/7728/7728
f 454/7729/7729 455/7730/7730 456/7731/7731
f 444/7732/7732 462/7733/7733 457/7734/7734
f 395/7735/7735 458/7736/7736 460/7737/7737
f 395/7738/7738 456/7739/7739 458/7740/7740
f 395/7741/7741 460/7742/7742 459/7743/7743
f 395/7744/7744 459/7745/7745 396/7746/7746
f 444/7747/7747 464/7748/7748 462/7749/7749
f 461/7750/7750 462/7751/7751 463/7752/7752
f 465/7753/7753 462/7754/7754 461/7755/7755
f 465/7756/7756 457/7757/7757 462/7758/7758
