# meters; x anterior, y left, z dorsal
mtllib fish.mtl
usemtl fish
v -0.04027226939 -0.004862822127 -0.003086578397
v -0.04025990888 -0.004825100303 -0.00331677363
v -0.04031240939 -0.004824514501 -0.002689716935
v -0.04032892361 -0.004811408464 -0.002520636718
v -0.04042627289 -0.004688744433 -0.0006463648799
v -0.04043120518 -0.004661703482 -0.0001488938881
v -0.03999346121 -0.004772411659 -5.600085318e-05
v -0.0398954004 -0.004952194169 -0.003030586119
v -0.04005748405 -0.004520920105 -0.005296827124
v -0.03991607203 -0.004403406754 -0.006136110348
v -0.03991686552 -0.00440443866 -0.006131095642
v -0.04011080786 -0.004578233697 -0.004905453713
v -0.0401543267 -0.004175340757 -0.005083200352
v -0.03987547009 -0.004165415652 -0.006550225725
v -0.03981061652 -0.003877145005 -0.007057995366
v -0.03991174325 -0.004404674284 -0.006135922221
v -0.03991269319 -0.004383784253 -0.0061704226
v -0.03974780812 -0.003666943638 -0.007434557488
v -0.04041320457 -0.004169535358 -0.002911612454
v -0.04043566807 -0.004637241364 -5.48140972e-05
v -0.04043469205 -0.004566504154 0.0002344758784
v -0.04051839932 -0.00418370869 -0.0003346977221
v -0.0394959934 -0.002989798086 -0.00866773661
v -0.03946141153 -0.002913354663 -0.008809452241
v -0.03930439799 -0.002551648766 -0.009457583835
v -0.03908101468 -0.002069244394 -0.01034637291
v -0.03911459445 -0.002127253916 -0.01023695275
v -0.03910185396 -0.002103259088 -0.01028177824
v -0.03911317884 -0.002069316106 -0.01026033453
v -0.03774860501 -0.001155852689 -0.01371084649
v -0.03731317445 -0.0009805536829 -0.01462289069
v -0.0375807397 -0.00111435086 -0.01406094741
v -0.03865308314 -0.001435215585 -0.01156535402
v -0.03827253728 -0.001300766948 -0.01254664019
v -0.03854469582 -0.001393632381 -0.01186013531
v -0.04021877795 -0.002086924855 -0.005962001921
v -0.03975379094 -0.002085748594 -0.008084188511
v -0.04053726046 -0.002090214519 -0.00379340613
v -0.04070237651 -0.002091214294 -0.001627139228
v -0.03670834377 -0.003579308745 -0.008816317951
v -0.0366266258 -0.005017569754 -0.005768185312
v -0.03666748478 -0.005565089639 -0.002564785599
v -0.03697801753 -0.00174879469 -0.01167649619
v -0.03687670826 -0.0008321445785 -0.01543950598
v -0.03653236478 -0.0007991446182 -0.01604401536
v -0.03642085939 -0.0007884582155 -0.01623977378
v -0.03701009228 -0.000846121111 -0.01519262913
v -0.03520055487 -0.000829104858 -0.0167034886
v -0.03473073616 -0.0008050735341 -0.01688201941
v -0.04041728749 -0.004170085769 0.002142164793
v -0.04041566699 -0.004151833244 0.002231276531
v -0.0404144898 -0.004147986881 0.002251355147
v -0.04037431999 -0.004075883888 0.002655899788
v -0.04036279394 -0.004026658367 0.002798409604
v -0.04018141701 -0.00412682863 0.00271428603
v -0.04029184952 -0.003426509211 0.003950601148
v -0.04028842225 -0.003409005934 0.003984965554
v -0.0373212397 -0.003383182222 0.006064780226
v -0.04070237651 -0.002091214294 0.0009577437838
v -0.04053726046 -0.002090214519 0.003124010686
v -0.04019319638 -0.00291580148 0.004943816627
v -0.04019175842 -0.002910413081 0.004954494706
v -0.04016813635 -0.002850340214 0.005113277289
v -0.0400905013 -0.002649558941 0.005637057295
v -0.04021877795 -0.002086924855 0.005292606244
v -0.03985793143 -0.002180985641 0.006898840128
v -0.03983321785 -0.002085949527 0.007052296011
v -0.0397824645 -0.001925184857 0.00731536018
v -0.03973345458 -0.001797992387 0.007526930591
v -0.03969898074 -0.001722044195 0.007655285469
v -0.03930360078 -0.001270359033 0.009064557666
v -0.03771349042 -0.001797826262 0.008312062996
v -0.03902395069 -0.0009891983354 0.009956388438
v -0.03881559148 -0.0008112197975 0.01053457212
v -0.03876541927 -0.0007685869932 0.01067376759
v -0.03871046751 -0.0007681621355 0.01069826883
v -0.03874062373 -0.0007663387223 0.01074034784
v -0.0387238264 -0.0007656721864 0.01078535773
v -0.03821491449 -0.0007477005711 0.01205856323
v -0.03788881003 -0.0007386244833 0.01277514238
v -0.03733270242 -0.0007248503971 0.01392781332
v -0.03728250413 -0.0007270065253 0.0140316679
v -0.03682275116 -0.005344447214 0.000565066405
v -0.03704339265 -0.004592628684 0.003449760314
v -0.03403611853 -0.004094140604 0.007053584962
v -0.03695890307 -0.0007399686729 0.01462659583
v -0.03691326454 -0.0007364357007 0.01471095968
v -0.03640250116 -0.0006988330279 0.01560705871
v -0.03598921373 -0.0007518182392 0.01426123332
v -0.03621687367 -0.0006969972746 0.01593212754
v -0.03617130592 -0.0006967723602 0.01600374252
v -0.03618761151 -0.000487774465 0.01599395804
v -0.03436299785 -0.002467925195 0.009488822597
v -0.03499223664 -0.001095039654 0.01185868372
v -0.03514924272 -0.0007191115874 0.01661697932
v -0.03473073616 -0.0007319871802 0.01686808251
v -0.03960637747 0 -0.008896996563
v -0.03908101468 0.002069244394 -0.01034637291
v -0.03911317884 0.002069316106 -0.01026033453
v -0.03910185396 0.002103259088 -0.01028177824
v -0.03911459445 0.002127253916 -0.01023695275
v -0.0394959934 0.002989798086 -0.00866773661
v -0.03930439799 0.002551648766 -0.009457583835
v -0.03946141153 0.002913354663 -0.008809452241
v -0.03774860501 0.001155852689 -0.01371084649
v -0.03731317445 0.0009805536829 -0.01462289069
v -0.0375807397 0.00111435086 -0.01406094741
v -0.03894223645 0 -0.01096047118
v -0.03865308314 0.001435215585 -0.01156535402
v -0.03827253728 0.001300766948 -0.01254664019
v -0.03854469582 0.001393632381 -0.01186013531
v -0.03813701122 0 -0.0129730872
v -0.04012625664 0 -0.006792540026
v -0.04049938916 0 -0.004657174756
v -0.04072398319 0 -0.002501120854
v -0.04079896956 0 -0.0003346977221
v -0.04021877795 0.002086924855 -0.005962001921
v -0.03975379094 0.002085748594 -0.008084188511
v -0.04053726046 0.002090214519 -0.00379340613
v -0.04070237651 0.002091214294 -0.001627139228
v -0.0401543267 0.004175340757 -0.005083200352
v -0.03991607203 0.004403406754 -0.006136110348
v -0.03991686552 0.00440443866 -0.006131095642
v -0.04005748405 0.004520920105 -0.005296827124
v -0.04011080786 0.004578233697 -0.004905453713
v -0.03974780812 0.003666943638 -0.007434557488
v -0.03981061652 0.003877145005 -0.007057995366
v -0.03987547009 0.004165415652 -0.006550225725
v -0.03991269319 0.004383784253 -0.0061704226
v -0.03991174325 0.004404674284 -0.006135922221
v -0.04041320457 0.004169535358 -0.002911612454
v -0.04051839932 0.00418370869 -0.0003346977221
v -0.04043566807 0.004637241364 -5.48140972e-05
v -0.04043469205 0.004566504154 0.0002344758784
v -0.04025990888 0.004825100303 -0.00331677363
v -0.04027226939 0.004862822127 -0.003086578397
v -0.04031240939 0.004824514501 -0.002689716935
v -0.04032892361 0.004811408464 -0.002520636718
v -0.04042627289 0.004688744433 -0.0006463648799
v -0.04043120518 0.004661703482 -0.0001488938881
v -0.03999346121 0.004772411659 -5.600085318e-05
v -0.0398954004 0.004952194169 -0.003030586119
v -0.03645000606 0 -0.01622869663
v -0.03719455748 0 -0.0149252129
v -0.03687670826 0.0008321445785 -0.01543950598
v -0.03653236478 0.0007991446182 -0.01604401536
v -0.03642085939 0.0007884582155 -0.01623977378
v -0.03701009228 0.000846121111 -0.01519262913
v -0.03697801753 0.00174879469 -0.01167649619
v -0.03520055487 0.000829104858 -0.0167034886
v -0.03473073616 0.0008050735341 -0.01688201941
v -0.03670834377 0.003579308745 -0.008816317951
v -0.0366266258 0.005017569754 -0.005768185312
v -0.03666748478 0.005565089639 -0.002564785599
v -0.04072398319 0 0.001831725293
v -0.04049938916 0 0.003987779079
v -0.04012625664 0 0.006123144349
v -0.03960637747 0 0.00822760042
v -0.03930360078 0.001270359033 0.009064557666
v -0.04070237651 0.002091214294 0.0009577437838
v -0.04053726046 0.002090214519 0.003124010686
v -0.04021877795 0.002086924855 0.005292606244
v -0.0400905013 0.002649558941 0.005637057295
v -0.04016813635 0.002850340214 0.005113277289
v -0.04019175842 0.002910413081 0.004954494706
v -0.04019319638 0.00291580148 0.004943816627
v -0.03983321785 0.002085949527 0.007052296011
v -0.03985793143 0.002180985641 0.006898840128
v -0.03969898074 0.001722044195 0.007655285469
v -0.03973345458 0.001797992387 0.007526930591
v -0.0397824645 0.001925184857 0.00731536018
v -0.03771349042 0.001797826262 0.008312062996
v -0.03894223645 0 0.01029107504
v -0.03876541927 0.0007685869932 0.01067376759
v -0.03871046751 0.0007681621355 0.01069826883
v -0.03874062373 0.0007663387223 0.01074034784
v -0.0387238264 0.0007656721864 0.01078535773
v -0.03821491449 0.0007477005711 0.01205856323
v -0.03902395069 0.0009891983354 0.009956388438
v -0.03881559148 0.0008112197975 0.01053457212
v -0.03813701122 0 0.01230369199
v -0.03788881003 0.0007386244833 0.01277514238
v -0.03733270242 0.0007248503971 0.01392781332
v -0.03728250413 0.0007270065253 0.0140316679
v -0.04029184952 0.003426509211 0.003950601148
v -0.04028842225 0.003409005934 0.003984965554
v -0.04041566699 0.004151833244 0.002231276531
v -0.0404144898 0.004147986881 0.002251355147
v -0.04041728749 0.004170085769 0.002142164793
v -0.04036279394 0.004026658367 0.002798409604
v -0.04037431999 0.004075883888 0.002655899788
v -0.04018141701 0.00412682863 0.00271428603
v -0.0373212397 0.003383182222 0.006064780226
v -0.03719455748 0 0.01425581768
v -0.03695890307 0.0007399686729 0.01462659583
v -0.03691326454 0.0007364357007 0.01471095968
v -0.03640250116 0.0006988330279 0.01560705871
v -0.03620909154 0 0.0159810704
v -0.03598921373 0.0007518182392 0.01426123332
v -0.03618761151 0.000487774465 0.01599395804
v -0.03621687367 0.0006969972746 0.01593212754
v -0.03617130592 0.0006967723602 0.01600374252
v -0.03499223664 0.001095039654 0.01185868372
v -0.03514924272 0.0007191115874 0.01661697932
v -0.03473073616 0.0007319871802 0.01686808251
v -0.03436299785 0.002467925195 0.009488822597
v -0.03704339265 0.004592628684 0.003449760314
v -0.03682275116 0.005344447214 0.000565066405
v -0.03403611853 0.004094140604 0.007053584962
v -0.03064948133 -0.004642689135 -0.009230168832
v -0.03066748007 -0.004289396107 -0.009380882902
v -0.03047314844 -0.004281839356 -0.009945268107
v -0.0305871088 -0.004499809816 -0.009510926267
v -0.03032446279 -0.0040256707 -0.01046045713
v -0.03303097188 -0.005589605309 -0.005335072351
v -0.03314537927 -0.005965514574 -0.002000922051
v -0.03302280045 -0.004559941124 -0.008620191661
v -0.03206602111 -0.004320250358 2.511908487e-12
v -0.03116874769 -0.005551045295 -0.006579715589
v -0.03112862631 -0.005505854264 -0.006782769056
v -0.03136934153 -0.005884526763 -0.005137259436
v -0.03151339292 -0.005947158206 -0.00418191293
v -0.03129157423 -0.005733588245 -0.005782501137
v -0.03095356188 -0.005247015506 -0.007715986406
v -0.03079340047 -0.005051720422 -0.008437530433
v -0.03156033903 -0.005979088135 -0.003743565471
v -0.03156497701 -0.005983780604 -0.003698179794
v -0.03168675116 -0.006191408262 -0.001787936611
v -0.03171213529 -0.006173441652 -0.001523290824
v -0.03173232264 -0.006149533205 -0.001128885259
v -0.03174431435 -0.006083796266 9.074182413e-05
v -0.03126835263 -0.004296599422 -0.007122050335
v -0.03169006295 -0.004311609548 -0.004903477447
v -0.03195739164 -0.004305614624 -0.002661016134
v -0.03302280045 -0.002802974544 -0.01159477636
v -0.03300645574 -0.001193102915 -0.01443861082
v -0.03247461467 -0.0007882675854 -0.01709782175
v -0.032375345 -0.0008005966665 -0.01710731752
v -0.03212593309 -0.0007915571332 -0.01713117428
v -0.03061493485 -0.002136851195 -0.01024957496
v -0.03208549692 -0.002158431802 -0.003571588609
v -0.03225600346 -0.002159464173 -0.001334622332
v -0.031276457 -0.002153820125 -0.008002407213
v -0.03175661712 -0.002155034803 -0.00581095956
v -0.03003084473 -0.003497108351 -0.01145714644
v -0.03011527657 -0.003634302411 -0.01119559474
v -0.02986556105 -0.003131270176 -0.01199450001
v -0.02931053004 -0.002132034395 -0.01348983899
v -0.02924273162 -0.002027396578 -0.01364900946
v -0.02895818836 -0.001792441355 -0.01429105859
v -0.02907188981 -0.001820881502 -0.01404442388
v -0.02900119498 -0.001802544692 -0.01420139272
v -0.02883973903 -0.001703252783 -0.01454155456
v -0.02962523512 -0.002669529524 -0.01268117811
v -0.02982936799 -0.002135102404 -0.01235088363
v -0.02923517673 -0.0008733602008 -0.01740768209
v -0.02835879847 -0.001377832144 -0.01545522205
v -0.02814889698 -0.001269229688 -0.01585112542
v -0.02816866896 -0.0009724605479 -0.0165960028
v -0.02774911373 -0.001006499981 -0.01656433783
v -0.02765985764 -0.0009753663908 -0.01672217466
v -0.02785600907 -0.001130501274 -0.01637091517
v -0.02801994234 -0.0007655379013 -0.01752392232
v -0.0275347568 -0.0009367995081 -0.0169216565
v -0.02710199355 -0.0008033844642 -0.01761172555
v -0.02711622044 -0.0005263297935 -0.01761036396
v -0.03337419405 -0.005761215929 0.001194305539
v -0.03370924293 -0.005205524154 0.004242438527
v -0.03174975886 -0.00605395576 0.001069902496
v -0.0317330975 -0.006044035312 0.001506895462
v -0.03173129073 -0.00602755975 0.001612150164
v -0.03165238164 -0.00582002243 0.003009174655
v -0.03162146731 -0.005742200185 0.003548874922
v -0.0315468423 -0.005637487397 0.004318532238
v -0.0314875543 -0.005583466496 0.00474295689
v -0.03140825032 -0.005317237228 0.005525125826
v -0.03138675167 -0.005265440326 0.005681491161
v -0.03121948986 -0.004911993165 0.006855996961
v -0.03111735172 -0.004752503242 0.007406954823
v -0.03195739164 -0.004305614624 0.002661016241
v -0.03169006295 -0.004311609548 0.004903477321
v -0.03126835263 -0.004296599422 0.007122050209
v -0.03101892955 -0.004627411254 0.007853490936
v -0.03096581995 -0.004455634858 0.008158863226
v -0.03091750107 -0.004292393569 0.008440992499
v -0.03077828697 -0.003900816897 0.00913006224
v -0.03068876638 -0.003696136409 0.009499094153
v -0.03065073303 -0.003603371326 0.009657739366
v -0.03045257366 -0.00319623691 0.01036624581
v -0.03037920966 -0.003098502057 0.01061090611
v -0.03225600346 -0.002159464173 0.001334622323
v -0.03208549692 -0.002158431802 0.003571588716
v -0.03175661712 -0.002155034803 0.0058109599
v -0.031276457 -0.002153820125 0.008002407553
v -0.03326376713 -0.0007807799266 0.01712480158
v -0.03317806683 -0.0007845060318 0.01699066133
v -0.03305219486 -0.0007797660655 0.01716182724
v -0.03206668235 -0.000809021818 0.01502122421
v -0.03129034861 -0.001667075208 0.01300275576
v -0.03080003335 -0.003015444847 0.01051031396
v -0.03031952678 -0.003022174118 0.01080888015
v -0.03061493485 -0.002136851195 0.0102495753
v -0.02984236739 -0.002492891392 0.012222883
v -0.02976486831 -0.002420946257 0.01242331013
v -0.02973666041 -0.002377812285 0.01250088651
v -0.02982936799 -0.002135102404 0.01235088397
v -0.02955746464 -0.002133494476 0.01294776675
v -0.02939865924 -0.001934961649 0.0133159763
v -0.02905442006 -0.001733362558 0.01409144577
v -0.02903363294 -0.001706014853 0.01413977955
v -0.02970499358 -0.0008989131311 0.01770161994
v -0.02973659522 -0.0008950053598 0.0177420561
v -0.02967873774 -0.0008980032871 0.01775218144
v -0.02880714088 -0.001433770522 0.01462464098
v -0.02929102815 -0.0008780727512 0.01782003202
v -0.02833084389 -0.0009219845524 0.01554569386
v -0.02830728701 -0.0009230115102 0.01558899291
v -0.0282814186 -0.0009222861845 0.0156367027
v -0.02765006757 -0.0009053701651 0.0167428606
v -0.02738519943 -0.0008989131311 0.01715951197
v -0.02731392904 -0.0008863609401 0.01727244415
v -0.02689478173 -0.0008125394234 0.0179366038
v -0.02666156924 -0.0007739795255 0.01828018546
v -0.03300645574 0.001193102915 -0.01443861082
v -0.03247461467 0.0007882675854 -0.01709782175
v -0.032375345 0.0008005966665 -0.01710731752
v -0.03212593309 0.0007915571332 -0.01713117428
v -0.03302280045 0.002802974544 -0.01159477636
v -0.03112423233 0 -0.008841742126
v -0.0304384157 0 -0.01097256161
v -0.03061493485 0.002136851195 -0.01024957496
v -0.03204638696 0 -0.004463547671
v -0.03227831236 0 -0.002237127458
v -0.03235574438 0 2.511908487e-12
v -0.03208549692 0.002158431802 -0.003571588609
v -0.03225600346 0.002159464173 -0.001334622332
v -0.03166107833 0 -0.006668603809
v -0.031276457 0.002153820125 -0.008002407213
v -0.03175661712 0.002155034803 -0.00581095956
v -0.03066748007 0.004289396107 -0.009380882902
v -0.03064948133 0.004642689135 -0.009230168832
v -0.03032446279 0.0040256707 -0.01046045713
v -0.03047314844 0.004281839356 -0.009945268107
v -0.0305871088 0.004499809816 -0.009510926267
v -0.03302280045 0.004559941124 -0.008620191661
v -0.03206602111 0.004320250358 2.511908487e-12
v -0.03303097188 0.005589605309 -0.005335072351
v -0.03314537927 0.005965514574 -0.002000922051
v -0.03126835263 0.004296599422 -0.007122050335
v -0.03169006295 0.004311609548 -0.004903477447
v -0.03195739164 0.004305614624 -0.002661016134
v -0.03112862631 0.005505854264 -0.006782769056
v -0.03116874769 0.005551045295 -0.006579715589
v -0.03129157423 0.005733588245 -0.005782501137
v -0.03136934153 0.005884526763 -0.005137259436
v -0.03151339292 0.005947158206 -0.00418191293
v -0.03095356188 0.005247015506 -0.007715986406
v -0.03079340047 0.005051720422 -0.008437530433
v -0.03156033903 0.005979088135 -0.003743565471
v -0.03156497701 0.005983780604 -0.003698179794
v -0.03168675116 0.006191408262 -0.001787936611
v -0.03171213529 0.006173441652 -0.001523290824
v -0.03173232264 0.006149533205 -0.001128885259
v -0.03174431435 0.006083796266 9.074182413e-05
v -0.02863370068 0 -0.01506669849
v -0.02923517673 0.0008733602008 -0.01740768209
v -0.02960691041 0 -0.01305086288
v -0.02895818836 0.001792441355 -0.01429105859
v -0.02907188981 0.001820881502 -0.01404442388
v -0.02900119498 0.001802544692 -0.01420139272
v -0.02924273162 0.002027396578 -0.01364900946
v -0.02931053004 0.002132034395 -0.01348983899
v -0.02883973903 0.001703252783 -0.01454155456
v -0.02982936799 0.002135102404 -0.01235088363
v -0.02962523512 0.002669529524 -0.01268117811
v -0.02801994234 0.0007655379013 -0.01752392232
v -0.02816866896 0.0009724605479 -0.0165960028
v -0.02835879847 0.001377832144 -0.01545522205
v -0.02814889698 0.001269229688 -0.01585112542
v -0.02774911373 0.001006499981 -0.01656433783
v -0.02765985764 0.0009753663908 -0.01672217466
v -0.02785600907 0.001130501274 -0.01637091517
v -0.02752344123 0 -0.01701042086
v -0.02711622044 0.0005263297935 -0.01761036396
v -0.0275347568 0.0009367995081 -0.0169216565
v -0.02710199355 0.0008033844642 -0.01761172555
v -0.02986556105 0.003131270176 -0.01199450001
v -0.03003084473 0.003497108351 -0.01145714644
v -0.03011527657 0.003634302411 -0.01119559474
v -0.03227831236 0 0.002237127565
v -0.03204638696 0 0.004463547545
v -0.03225600346 0.002159464173 0.001334622323
v -0.03208549692 0.002158431802 0.003571588716
v -0.03166107833 0 0.006668603683
v -0.03112423233 0 0.008841742466
v -0.03175661712 0.002155034803 0.0058109599
v -0.031276457 0.002153820125 0.008002407553
v -0.03326376713 0.0007807799266 0.01712480158
v -0.03317806683 0.0007845060318 0.01699066133
v -0.03305219486 0.0007797660655 0.01716182724
v -0.03206668235 0.000809021818 0.01502122421
v -0.0304384157 0 0.01097256102
v -0.03129034861 0.001667075208 0.01300275576
v -0.03061493485 0.002136851195 0.0102495753
v -0.03080003335 0.003015444847 0.01051031396
v -0.03031952678 0.003022174118 0.01080888015
v -0.03370924293 0.005205524154 0.004242438527
v -0.03337419405 0.005761215929 0.001194305539
v -0.03195739164 0.004305614624 0.002661016241
v -0.03169006295 0.004311609548 0.004903477321
v -0.03126835263 0.004296599422 0.007122050209
v -0.03077828697 0.003900816897 0.00913006224
v -0.03101892955 0.004627411254 0.007853490936
v -0.03096581995 0.004455634858 0.008158863226
v -0.03091750107 0.004292393569 0.008440992499
v -0.03174975886 0.00605395576 0.001069902496
v -0.0317330975 0.006044035312 0.001506895462
v -0.03173129073 0.00602755975 0.001612150164
v -0.03162146731 0.005742200185 0.003548874922
v -0.0315468423 0.005637487397 0.004318532238
v -0.03165238164 0.00582002243 0.003009174655
v -0.0314875543 0.005583466496 0.00474295689
v -0.03121948986 0.004911993165 0.006855996961
v -0.03140825032 0.005317237228 0.005525125826
v -0.03138675167 0.005265440326 0.005681491161
v -0.03111735172 0.004752503242 0.007406954823
v -0.03065073303 0.003603371326 0.009657739366
v -0.03068876638 0.003696136409 0.009499094153
v -0.03045257366 0.00319623691 0.01036624581
v -0.03037920966 0.003098502057 0.01061090611
v -0.02960691041 0 0.01305086229
v -0.02970499358 0.0008989131311 0.01770161994
v -0.02973659522 0.0008950053598 0.0177420561
v -0.02967873774 0.0008980032871 0.01775218144
v -0.02863370068 0 0.01506669883
v -0.02880714088 0.001433770522 0.01462464098
v -0.02929102815 0.0008780727512 0.01782003202
v -0.02982936799 0.002135102404 0.01235088397
v -0.02955746464 0.002133494476 0.01294776675
v -0.02939865924 0.001934961649 0.0133159763
v -0.02984236739 0.002492891392 0.012222883
v -0.02976486831 0.002420946257 0.01242331013
v -0.02973666041 0.002377812285 0.01250088651
v -0.02905442006 0.001733362558 0.01409144577
v -0.02903363294 0.001706014853 0.01413977955
v -0.02833084389 0.0009219845524 0.01554569386
v -0.02830728701 0.0009230115102 0.01558899291
v -0.0282814186 0.0009222861845 0.0156367027
v -0.02765006757 0.0009053701651 0.0167428606
v -0.02752344123 0 0.01701042213
v -0.02738519943 0.0008989131311 0.01715951197
v -0.02689478173 0.0008125394234 0.0179366038
v -0.02666156924 0.0007739795255 0.01828018546
vt 0.5110000002 0.8244848497
vt 0.511208066 0.8426067805
vt 0.5101598693 0.8424076643
vt 0.5509999999 0.8438787952
vt 0.5382401062 0.845779762
vt 0.5356152491 0.8455475066
vt 0.5509999999 0.8438787952
vt 0.5504729409 0.8463064505
vt 0.5489215822 0.8462914685
vt 0.5509999999 0.8438787952
vt 0.5489215822 0.8462914685
vt 0.5382401062 0.845779762
vt 0.5509999995 0.8438787952
vt 0.5531501107 0.8467977386
vt 0.5504729408 0.8463064505
vt 0.5531501113 0.8467977387
vt 0.5661987964 0.8484390138
vt 0.5542293693 0.8469806836
vt 0.5509999999 0.8438787953
vt 0.5700000002 0.8458181739
vt 0.5531501113 0.8467977387
vt 0.5700000002 0.8458181739
vt 0.5661987964 0.8484390138
vt 0.5531501113 0.8467977387
vt 0.5700000002 0.8458181739
vt 0.5693771331 0.8486871456
vt 0.5661987964 0.8484390138
vt 0.5700000004 0.8458181741
vt 0.5719497609 0.8488723468
vt 0.5693771329 0.8486871455
vt 0.5300000011 0.844848486
vt 0.5356152491 0.8455475066
vt 0.5300306125 0.8448799251
vt 0.5509999999 0.8438787952
vt 0.5356152491 0.8455475066
vt 0.5300000011 0.844848486
vt 0.5300000011 0.844848486
vt 0.5300306127 0.844879925
vt 0.5299969304 0.8448767751
vt 0.5300000009 0.8448484861
vt 0.5299969297 0.8448767751
vt 0.5297417867 0.8448610079
vt 0.5693771329 0.8486871455
vt 0.5719497609 0.8488723468
vt 0.5700084652 0.848756559
vt 0.5510000001 0.8438787954
vt 0.5300000011 0.844848486
vt 0.5329999995 0.8235151616
vt 0.551 0.8438787952
vt 0.5540000004 0.823515157
vt 0.5700000001 0.8458181741
vt 0.5510000003 0.8438787952
vt 0.5329999998 0.8235151614
vt 0.5540000009 0.823515157
vt 0.5700000001 0.8458181739
vt 0.5540000004 0.8235151571
vt 0.574 0.8254545484
vt 0.5300000009 0.8448484861
vt 0.5297417866 0.8448610079
vt 0.5110000002 0.8244848497
vt 0.5110000002 0.8244848497
vt 0.5297417866 0.8448610079
vt 0.5269146247 0.8446884298
vt 0.5110000002 0.8244848497
vt 0.5269146247 0.8446884298
vt 0.5231397974 0.8443594671
vt 0.5110000002 0.8244848497
vt 0.5231397974 0.8443594671
vt 0.520345146 0.8440197192
vt 0.5110000002 0.8244848497
vt 0.520345146 0.8440197192
vt 0.511208066 0.8426067805
vt 0.530000001 0.844848486
vt 0.5110000002 0.8244848498
vt 0.5330000001 0.8235151618
vt 0.5052452816 0.8418662063
vt 0.499407295 0.8412117303
vt 0.4990719072 0.8411622013
vt 0.5052452816 0.8418662063
vt 0.4990719072 0.8411622013
vt 0.4985891251 0.8410746681
vt 0.5110000003 0.8244848497
vt 0.5101598694 0.8424076642
vt 0.5052452816 0.8418662064
vt 0.4889999995 0.8283636366
vt 0.4985891251 0.8410746681
vt 0.4894857295 0.8391968732
vt 0.4889999995 0.8283636366
vt 0.5052452816 0.8418662063
vt 0.4985891251 0.8410746681
vt 0.5110000003 0.8244848497
vt 0.5052452816 0.8418662064
vt 0.4889999995 0.8283636365
vt 0.4889999993 0.8283636365
vt 0.4751601076 0.8332322032
vt 0.4728256481 0.8321278528
vt 0.4889999993 0.8283636365
vt 0.4875149519 0.8384800226
vt 0.4829283878 0.8366829881
vt 0.4889999993 0.8283636365
vt 0.4894857305 0.8391968732
vt 0.4875149519 0.8384800226
vt 0.4889999993 0.8283636365
vt 0.4829283878 0.8366829881
vt 0.4751601076 0.8332322032
vt 0.5110000003 0.8244848497
vt 0.4910000022 0.8021818229
vt 0.512999999 0.8012121257
vt 0.5540000004 0.8235151572
vt 0.5579999995 0.8012121242
vt 0.5739999999 0.8254545485
vt 0.5329999996 0.8235151617
vt 0.5360000011 0.8002424257
vt 0.5540000008 0.8235151572
vt 0.533 0.8235151618
vt 0.5129999986 0.801212126
vt 0.5360000012 0.8002424257
vt 0.5360000011 0.8002424257
vt 0.5579999997 0.8012121242
vt 0.5540000007 0.8235151572
vt 0.5579999994 0.8012121243
vt 0.5789999994 0.8031515217
vt 0.5739999999 0.8254545485
vt 0.5110000002 0.8244848497
vt 0.5129999988 0.8012121256
vt 0.5330000004 0.8235151611
vt 0.5110000003 0.8244848497
vt 0.4889999995 0.8283636365
vt 0.4910000021 0.802181823
vt 0.4551525138 0.8175490702
vt 0.4595020506 0.8257259396
vt 0.4582147248 0.8250801888
vt 0.470000001 0.8031515146
vt 0.4728256481 0.8321278529
vt 0.4689906968 0.8304209983
vt 0.4889999993 0.8283636366
vt 0.4728256481 0.8321278529
vt 0.470000001 0.8031515146
vt 0.470000001 0.8031515146
vt 0.4689906968 0.8304209983
vt 0.4651007504 0.8284890501
vt 0.470000001 0.8031515145
vt 0.4651007503 0.8284890501
vt 0.4634773616 0.827720109
vt 0.1171875 0.02272727273
vt 0.1171875 0.02272727273
vt 0.1171875 0.02272727273
vt 0.4889999995 0.8283636365
vt 0.4700000009 0.8031515146
vt 0.4910000021 0.802181823
vt 0.4551525138 0.8175490702
vt 0.470000001 0.8031515145
vt 0.4595020506 0.8257259396
vt 0.470000001 0.8031515145
vt 0.4634773616 0.827720109
vt 0.4595020506 0.8257259396
vt 0.1171875 0.02272727273
vt 0.1171875 0.02272727273
vt 0.1171875 0.02272727273
vt 0.4551525136 0.8175490701
vt 0.4537704934 0.8146034972
vt 0.4515440453 0.8003257294
vt 0.1171875 0.02272727273
vt 0.1171875 0.02272727273
vt 0.1171875 0.02272727273
vt 0.5719497607 0.8488723467
vt 0.5849011523 0.8492253331
vt 0.5843232816 0.8492147981
vt 0.5719497607 0.8488723467
vt 0.5850312377 0.8492222147
vt 0.5849011523 0.8492253331
vt 0.5700000002 0.845818174
vt 0.5850312377 0.8492222147
vt 0.5719497607 0.8488723467
vt 0.5700000002 0.845818174
vt 0.5880000001 0.8477575754
vt 0.5850312377 0.8492222147
vt 0.5880000001 0.8477575754
vt 0.5876497685 0.849048122
vt 0.5850312377 0.8492222147
vt 0.588 0.8477575754
vt 0.5886545442 0.8490269993
vt 0.5876497684 0.849048122
vt 0.5879999998 0.8477575754
vt 0.5978206138 0.8493447497
vt 0.5886545438 0.8490269995
vt 0.5886545438 0.8490269995
vt 0.5978206138 0.8493447497
vt 0.5975551836 0.8493440541
vt 0.5879999998 0.8477575755
vt 0.5940000007 0.8273939377
vt 0.5978206138 0.8493447498
vt 0.5940000007 0.8273939377
vt 0.6053313458 0.8493698682
vt 0.5978206138 0.8493447498
vt 0.5700000002 0.845818174
vt 0.5739999998 0.8254545484
vt 0.5880000001 0.8477575755
vt 0.5880000001 0.8477575755
vt 0.5739999997 0.8254545484
vt 0.5940000002 0.8273939376
vt 0.6119999985 0.8312727321
vt 0.6053313449 0.8493698686
vt 0.5940000004 0.8273939378
vt 0.5978206138 0.8493447498
vt 0.6053313458 0.8493698682
vt 0.6052485886 0.8493720748
vt 0.6064110996 0.849337863
vt 0.618335 0.8490192628
vt 0.6099126882 0.8493335667
vt 0.6119999985 0.8312727321
vt 0.6064110996 0.849337863
vt 0.6053313449 0.8493698686
vt 0.6119999985 0.8312727321
vt 0.618335 0.8490192628
vt 0.6064110996 0.849337863
vt 0.611999998 0.8312727324
vt 0.6195715727 0.8490068816
vt 0.6183349998 0.8490192629
vt 0.611999998 0.8312727324
vt 0.6216926018 0.8489297176
vt 0.6195715727 0.8490068816
vt 0.611999998 0.8312727324
vt 0.6233996302 0.8488130269
vt 0.6216926018 0.8489297176
vt 0.611999998 0.8312727324
vt 0.6244359314 0.8487106171
vt 0.6233996302 0.8488130269
vt 0.6299999999 0.8361212029
vt 0.6343906759 0.8468796074
vt 0.6244359312 0.848710617
vt 0.611999998 0.8312727324
vt 0.6300000003 0.8361212031
vt 0.6244359314 0.8487106171
vt 0.6299999999 0.8361212029
vt 0.6407054594 0.8455290588
vt 0.6343906759 0.8468796074
vt 0.6459999995 0.8438787833
vt 0.6458093609 0.8442149006
vt 0.6448132946 0.8444771773
vt 0.6299999999 0.8361212029
vt 0.6448132945 0.8444771773
vt 0.6407054594 0.8455290588
vt 0.6299999999 0.8361212029
vt 0.6459999997 0.8438787831
vt 0.6448132945 0.8444771773
vt 0.6459999994 0.8438787832
vt 0.6462574601 0.8440785076
vt 0.6458093608 0.8442149006
vt 0.6459999993 0.8438787831
vt 0.6465533128 0.8439815621
vt 0.6462574599 0.8440785075
vt 0.6459999993 0.8438787831
vt 0.6549362542 0.8410254865
vt 0.6465533128 0.8439815621
vt 0.6459999993 0.8438787831
vt 0.6699999969 0.8273939436
vt 0.6549362542 0.8410254865
vt 0.6699999969 0.8273939436
vt 0.6596708497 0.8391105248
vt 0.6549362542 0.8410254865
vt 0.5739999997 0.8254545485
vt 0.5789999993 0.8031515217
vt 0.5940000002 0.8273939375
vt 0.6119999985 0.831272732
vt 0.5940000005 0.8273939378
vt 0.5990000012 0.8070303059
vt 0.5789999995 0.8031515213
vt 0.5990000014 0.807030306
vt 0.594 0.8273939377
vt 0.6119999983 0.8312727322
vt 0.5990000013 0.8070303059
vt 0.619000002 0.8099393855
vt 0.611999998 0.8312727321
vt 0.6190000027 0.8099393857
vt 0.6300000003 0.8361212036
vt 0.6299999999 0.8361212038
vt 0.6190000022 0.8099393858
vt 0.6370000016 0.8147878808
vt 0.6299999991 0.8361212034
vt 0.6370000021 0.814787881
vt 0.6459999993 0.8438787834
vt 0.6459999994 0.8438787832
vt 0.6549999974 0.8206060604
vt 0.6699999969 0.8273939436
vt 0.6699999969 0.8273939436
vt 0.6672999559 0.8358304465
vt 0.6596708497 0.8391105248
vt 0.6459999996 0.8438787833
vt 0.6370000018 0.8147878811
vt 0.6549999975 0.8206060605
vt 0.667299956 0.8358304466
vt 0.67217505 0.8337213527
vt 0.668022784 0.8355511479
vt 0.6699999968 0.8273939436
vt 0.67217505 0.8337213527
vt 0.667299956 0.8358304466
vt 0.6699999972 0.8273939436
vt 0.6727128703 0.8334616894
vt 0.6721750498 0.8337213527
vt 0.6699999972 0.8273939436
vt 0.6784289436 0.8305376225
vt 0.6727128703 0.8334616894
vt 0.6699999968 0.8273939435
vt 0.6806139089 0.8295087828
vt 0.6784289423 0.8305376221
vt 0.6699999968 0.8273939435
vt 0.6810977125 0.829252851
vt 0.6806139089 0.8295087828
vt 0.6699999968 0.8273939435
vt 0.6855704407 0.823103105
vt 0.6810977125 0.829252851
vt 0.1171875 0.02272727273
vt 0.1171875 0.02272727273
vt 0.1171875 0.02272727273
vt 0.6549999975 0.8206060604
vt 0.6630000025 0.7973333314
vt 0.6699999971 0.8273939436
vt 0.6699999968 0.8273939435
vt 0.6890000025 0.810909093
vt 0.6855704407 0.823103105
vt 0.1171875 0.02272727273
vt 0.1171875 0.02272727273
vt 0.1171875 0.02272727273
vt 0.1171875 0.02272727273
vt 0.1171875 0.02272727273
vt 0.1171875 0.02272727273
vt 0.6699999969 0.8273939435
vt 0.6760000019 0.8031515111
vt 0.6890000027 0.810909093
vt 0.6855704409 0.8231031049
vt 0.6890000026 0.810909093
vt 0.6874236571 0.8205819683
vt 0.1171875 0.02272727273
vt 0.1171875 0.02272727273
vt 0.1171875 0.02272727273
vt 0.1637924511 0.1969445426
vt 0.1574238639 0.197353965
vt 0.157770858 0.1973204158
vt 0.1637924511 0.1969445426
vt 0.1569229344 0.1974185305
vt 0.1574238639 0.197353965
vt 0.1459999993 0.2096969694
vt 0.1304726225 0.2040506468
vt 0.1328628528 0.203209435
vt 0.1459999993 0.2096969694
vt 0.1407964319 0.2006354422
vt 0.1454588318 0.1993573263
vt 0.1459999993 0.2096969694
vt 0.1454588318 0.1993573263
vt 0.1474571892 0.198863733
vt 0.1459999993 0.2096969694
vt 0.1328628528 0.203209435
vt 0.1407964319 0.2006354422
vt 0.1459999995 0.2096969695
vt 0.1474571882 0.1988637328
vt 0.1569229344 0.1974185305
vt 0.1459999995 0.2096969695
vt 0.1569229344 0.1974185305
vt 0.1637924511 0.1969445426
vt 0.1670000004 0.2145454533
vt 0.163792451 0.1969445426
vt 0.1686802653 0.1966226389
vt 0.1459999996 0.2096969695
vt 0.163792451 0.1969445426
vt 0.1670000004 0.2145454533
vt 0.1670000004 0.2145454534
vt 0.1686802653 0.196622639
vt 0.1697636895 0.1965776956
vt 0.1890000012 0.197090908
vt 0.1890342154 0.1970612151
vt 0.1944954696 0.1966608818
vt 0.1890000012 0.197090908
vt 0.1944954696 0.1966608818
vt 0.209000001 0.1990302958
vt 0.189000001 0.197090908
vt 0.1887417871 0.1970408278
vt 0.1890000007 0.1970626189
vt 0.1890000012 0.197090908
vt 0.1890000014 0.1970626189
vt 0.1890342151 0.1970612151
vt 0.2276885665 0.1969800382
vt 0.2283196223 0.1969827193
vt 0.2302497234 0.1970912719
vt 0.209000001 0.1990302958
vt 0.1944954696 0.1966608818
vt 0.1970497788 0.1965534112
vt 0.209000001 0.1990302958
vt 0.2073774081 0.1965451097
vt 0.2088682347 0.1966026403
vt 0.209000001 0.1990302958
vt 0.1970497788 0.1965534112
vt 0.2073774081 0.1965451097
vt 0.2114367941 0.1963893461
vt 0.2125237814 0.1963702659
vt 0.2245183321 0.1967400874
vt 0.2090000006 0.1990302958
vt 0.2088682346 0.1966026404
vt 0.211436794 0.1963893467
vt 0.2090000007 0.1990302954
vt 0.2114367941 0.1963893461
vt 0.2279999993 0.200000008
vt 0.2279999993 0.200000008
vt 0.2114367941 0.1963893461
vt 0.2245183321 0.1967400874
vt 0.2279999993 0.200000008
vt 0.2245183321 0.1967400874
vt 0.2276885666 0.1969800382
vt 0.2279999995 0.200000008
vt 0.2276885665 0.1969800382
vt 0.2302497234 0.1970912719
vt 0.1670000004 0.2145454534
vt 0.1697636895 0.1965776956
vt 0.1791623569 0.1965064698
vt 0.1670000004 0.2145454534
vt 0.1791623569 0.1965064698
vt 0.1820239919 0.1965764644
vt 0.1670000004 0.2145454534
vt 0.1858709811 0.1968000663
vt 0.1887417872 0.1970408277
vt 0.1890000011 0.197090908
vt 0.1670000004 0.2145454534
vt 0.1887417872 0.1970408277
vt 0.1670000004 0.2145454534
vt 0.1820239919 0.1965764644
vt 0.1858709811 0.1968000663
vt 0.1890000011 0.1970909081
vt 0.1890000015 0.2184242323
vt 0.1670000003 0.2145454533
vt 0.1890000012 0.197090908
vt 0.2090000011 0.1990302956
vt 0.1890000009 0.2184242323
vt 0.2090000007 0.1990302958
vt 0.2279999993 0.2000000076
vt 0.210000001 0.2193939341
vt 0.209000001 0.1990302957
vt 0.2100000014 0.219393934
vt 0.1890000008 0.2184242326
vt 0.2279999996 0.2000000077
vt 0.2310000001 0.2203636335
vt 0.2100000008 0.219393934
vt 0.1171875 0.02272727273
vt 0.1171875 0.02272727273
vt 0.1171875 0.02272727273
vt 0.1171875 0.02272727273
vt 0.1171875 0.02272727273
vt 0.1171875 0.02272727273
vt 0.1110084487 0.216402648
vt 0.1150414679 0.2093209141
vt 0.116412035 0.208815614
vt 0.1240000009 0.2320000007
vt 0.1264612596 0.2052500113
vt 0.1304726227 0.2040506469
vt 0.1240000009 0.2320000007
vt 0.122366917 0.2066624651
vt 0.1264612596 0.2052500113
vt 0.1240000009 0.2320000007
vt 0.1206444069 0.2072551629
vt 0.122366917 0.2066624651
vt 0.1240000009 0.2320000007
vt 0.1304726227 0.2040506469
vt 0.1459999994 0.2096969694
vt 0.1459999996 0.2096969695
vt 0.1670000004 0.2145454534
vt 0.1450000026 0.2349090864
vt 0.1171875 0.02272727273
vt 0.1171875 0.02272727273
vt 0.1171875 0.02272727273
vt 0.1110084487 0.216402648
vt 0.116412035 0.208815614
vt 0.1240000009 0.2320000007
vt 0.1240000009 0.2320000007
vt 0.116412035 0.208815614
vt 0.1206444069 0.2072551629
vt 0.1110084489 0.2164026484
vt 0.1065154118 0.2338838549
vt 0.1095229536 0.2193501792
vt 0.1240000009 0.2320000006
vt 0.1459999995 0.2096969695
vt 0.1450000027 0.2349090865
vt 0.1450000025 0.2349090864
vt 0.1670000003 0.2145454533
vt 0.1679999992 0.2387878741
vt 0.2100000009 0.2193939337
vt 0.2310000002 0.2203636333
vt 0.2119999998 0.2426666635
vt 0.1670000002 0.2145454533
vt 0.1890000009 0.2184242326
vt 0.167999999 0.2387878741
vt 0.1890000005 0.2184242327
vt 0.2100000013 0.219393934
vt 0.1900000013 0.2407272714
vt 0.167999999 0.2387878742
vt 0.1890000008 0.2184242327
vt 0.1900000012 0.2407272714
vt 0.1900000013 0.2407272714
vt 0.2100000012 0.2193939337
vt 0.212 0.2426666635
vt 0.2119999998 0.2426666638
vt 0.2310000003 0.2203636335
vt 0.2330000002 0.2416969634
vt 0.2562750247 0.1979721857
vt 0.2631436897 0.1983272459
vt 0.2632199016 0.1983336747
vt 0.277446667 0.2010731278
vt 0.2643425832 0.1984861531
vt 0.2681981432 0.1991573803
vt 0.2689999988 0.2174545404
vt 0.2632199016 0.1983336746
vt 0.2643425832 0.1984861531
vt 0.2689999988 0.2174545404
vt 0.2643425832 0.1984861531
vt 0.277446667 0.2010731278
vt 0.2869999986 0.2145454636
vt 0.2929083717 0.2042435193
vt 0.2989821472 0.2058794527
vt 0.2869999986 0.2145454636
vt 0.2832906203 0.2019560496
vt 0.2929083717 0.2042435193
vt 0.2689999987 0.2174545403
vt 0.2823045498 0.2017582204
vt 0.2832906206 0.2019560495
vt 0.2869999991 0.2145454633
vt 0.2689999987 0.2174545403
vt 0.2832906206 0.2019560495
vt 0.2689999987 0.2174545403
vt 0.2806734165 0.2014821392
vt 0.2823045498 0.2017582204
vt 0.2689999987 0.2174545403
vt 0.2786377598 0.2012040419
vt 0.2806734165 0.2014821392
vt 0.2689999987 0.2174545403
vt 0.2774466669 0.2010731278
vt 0.2786377598 0.2012040419
vt 0.3039999989 0.2077575803
vt 0.3038440224 0.2074046574
vt 0.3042746234 0.2075911437
vt 0.3039999988 0.2077575803
vt 0.3042746232 0.2075911437
vt 0.3045567199 0.207715519
vt 0.3039999988 0.2077575803
vt 0.3045567199 0.207715519
vt 0.3125284328 0.2114418849
vt 0.3039999991 0.2077575805
vt 0.3029082312 0.2071131565
vt 0.3038440225 0.2074046574
vt 0.2869999986 0.2145454636
vt 0.3029082313 0.2071131566
vt 0.303999999 0.2077575804
vt 0.2869999986 0.2145454636
vt 0.2989821472 0.2058794527
vt 0.3029082313 0.2071131566
vt 0.3039999988 0.2077575803
vt 0.3125284328 0.2114418849
vt 0.3259999974 0.2261818138
vt 0.3259999974 0.2261818138
vt 0.3125284328 0.2114418849
vt 0.3170056036 0.2137837633
vt 0.2477140483 0.1978185803
vt 0.2560278173 0.1979593959
vt 0.2562750245 0.1979721858
vt 0.2469999998 0.1990303033
vt 0.2477140483 0.1978185803
vt 0.2562750245 0.1979721858
vt 0.2302497235 0.1970912717
vt 0.2438503937 0.1974211959
vt 0.2439865515 0.1974310789
vt 0.2302497235 0.1970912717
vt 0.2432439045 0.1974013346
vt 0.2438503937 0.1974211959
vt 0.2470000001 0.1990303034
vt 0.2439865515 0.1974310789
vt 0.2467198146 0.1977397568
vt 0.2279999997 0.2000000077
vt 0.2302497235 0.1970912717
vt 0.2439865515 0.1974310789
vt 0.2279999997 0.2000000077
vt 0.2439865515 0.1974310789
vt 0.2470000001 0.1990303034
vt 0.2469999999 0.1990303034
vt 0.2467198145 0.1977397567
vt 0.2477140485 0.1978185804
vt 0.2500000005 0.2193939411
vt 0.2562750247 0.1979721857
vt 0.2632199016 0.1983336747
vt 0.2469999998 0.1990303033
vt 0.2562750247 0.1979721857
vt 0.2500000005 0.2193939411
vt 0.2689999988 0.2174545404
vt 0.2500000003 0.219393941
vt 0.2632199016 0.1983336746
vt 0.2279999997 0.2000000077
vt 0.2470000001 0.1990303033
vt 0.231 0.2203636335
vt 0.2470000001 0.1990303033
vt 0.25 0.2193939412
vt 0.2310000001 0.2203636334
vt 0.2869999992 0.2145454628
vt 0.2730000015 0.2387878871
vt 0.2689999987 0.2174545406
vt 0.2869999991 0.2145454628
vt 0.2920000018 0.2368484831
vt 0.2730000014 0.2387878872
vt 0.3259999974 0.2261818138
vt 0.3170056036 0.2137837633
vt 0.3241999712 0.2177453112
vt 0.3039999987 0.2077575804
vt 0.3259999974 0.2261818137
vt 0.3099999974 0.232
vt 0.3039999991 0.2077575804
vt 0.3099999976 0.232
vt 0.292000002 0.2368484826
vt 0.3241999712 0.2177453112
vt 0.3248640964 0.2180952968
vt 0.328658394 0.2203231023
vt 0.3259999973 0.2261818138
vt 0.3241999712 0.2177453112
vt 0.328658394 0.2203231023
vt 0.3259999972 0.2261818137
vt 0.328658394 0.2203231024
vt 0.3292112168 0.2206509673
vt 0.3259999972 0.2261818137
vt 0.3292112168 0.2206509673
vt 0.3350773251 0.2242956004
vt 0.3259999974 0.2261818136
vt 0.3350773256 0.2242956
vt 0.3371596029 0.2256562363
vt 0.3259999974 0.2261818136
vt 0.3371596029 0.2256562363
vt 0.3376165387 0.2259857249
vt 0.3259999974 0.2261818136
vt 0.3376165387 0.2259857249
vt 0.3412852241 0.2328274712
vt 0.1171875 0.02272727273
vt 0.1171875 0.02272727273
vt 0.1171875 0.02272727273
vt 0.1171875 0.02272727273
vt 0.1171875 0.02272727273
vt 0.1171875 0.02272727273
vt 0.1171875 0.02272727273
vt 0.1171875 0.02272727273
vt 0.1171875 0.02272727273
vt 0.2869999983 0.2145454633
vt 0.3039999988 0.2077575803
vt 0.2920000023 0.2368484827
vt 0.3099999974 0.232
vt 0.3259999976 0.2261818137
vt 0.3150000023 0.2562424264
vt 0.3259999974 0.2261818136
vt 0.3412852241 0.2328274712
vt 0.3430000029 0.2455757559
vt 0.1171875 0.02272727273
vt 0.1171875 0.02272727273
vt 0.1171875 0.02272727273
vt 0.1171875 0.02272727273
vt 0.1171875 0.02272727273
vt 0.1171875 0.02272727273
vt 0.3412852241 0.2328274709
vt 0.3427760148 0.235577978
vt 0.3430000028 0.2455757557
vt 0.3259999973 0.2261818136
vt 0.3430000028 0.2455757559
vt 0.3300000015 0.2513939437
vt 0.2689999989 0.2174545405
vt 0.2530000016 0.2407272699
vt 0.2500000003 0.2193939411
vt 0.25 0.2193939412
vt 0.2330000001 0.2416969635
vt 0.2310000001 0.2203636335
vt 0.268999999 0.2174545405
vt 0.2730000009 0.2387878872
vt 0.2530000016 0.24072727
vt 0.2499999998 0.2193939411
vt 0.2530000017 0.2407272699
vt 0.2330000001 0.2416969634
vt 0.4997921816 0.7839218845
vt 0.5129999989 0.801212126
vt 0.4910000021 0.8021818231
vt 0.5088639926 0.7859070933
vt 0.5147194015 0.786762208
vt 0.5129999988 0.8012121259
vt 0.5088639926 0.7859070933
vt 0.5129999988 0.8012121259
vt 0.5067918341 0.7855304365
vt 0.5067918341 0.7855304365
vt 0.5129999988 0.8012121259
vt 0.5035889872 0.784834655
vt 0.5035889872 0.784834655
vt 0.5129999988 0.8012121259
vt 0.4997921816 0.7839218846
vt 0.4997921816 0.7839218845
vt 0.4910000021 0.8021818231
vt 0.4943863362 0.7827746164
vt 0.1171875 0.02272727273
vt 0.1171875 0.02272727273
vt 0.1171875 0.02272727273
vt 0.1171875 0.02272727273
vt 0.1171875 0.02272727273
vt 0.1171875 0.02272727273
vt 0.4924645046 0.7823000923
vt 0.4943863362 0.7827746164
vt 0.4910000021 0.8021818231
vt 0.4924645047 0.7823000921
vt 0.4910000021 0.802181823
vt 0.4881195342 0.7816673674
vt 0.1171875 0.02272727273
vt 0.1171875 0.02272727273
vt 0.1171875 0.02272727273
vt 0.1171875 0.02272727273
vt 0.1171875 0.02272727273
vt 0.1171875 0.02272727273
vt 0.1171875 0.02272727273
vt 0.1171875 0.02272727273
vt 0.1171875 0.02272727273
vt 0.5360000011 0.8002424257
vt 0.5377604647 0.7895729409
vt 0.5438725774 0.7906897472
vt 0.5360000011 0.8002424257
vt 0.5438725774 0.7906897472
vt 0.5466826385 0.7910787652
vt 0.5360000011 0.8002424257
vt 0.5466826386 0.7910787652
vt 0.5469817443 0.7911114086
vt 0.5360000012 0.8002424257
vt 0.5129999985 0.8012121259
vt 0.5262394146 0.7884114098
vt 0.5360000011 0.8002424257
vt 0.5469817443 0.7911114086
vt 0.5579999997 0.8012121242
vt 0.5579999997 0.8012121242
vt 0.5469817443 0.7911114086
vt 0.5595795773 0.7920218518
vt 0.5579999995 0.8012121241
vt 0.5719362071 0.7926754452
vt 0.5789999995 0.8031515215
vt 0.5579999995 0.8012121241
vt 0.5613181245 0.7922231566
vt 0.5639112596 0.7924116047
vt 0.5579999995 0.8012121241
vt 0.5639112596 0.7924116047
vt 0.5719362071 0.7926754452
vt 0.5579999995 0.8012121241
vt 0.5595795771 0.7920218518
vt 0.5613181245 0.7922231566
vt 0.1171875 0.02272727273
vt 0.1171875 0.02272727273
vt 0.1171875 0.02272727273
vt 0.1171875 0.02272727273
vt 0.1171875 0.02272727273
vt 0.1171875 0.02272727273
vt 0.5360000012 0.8002424257
vt 0.5276587819 0.7886213478
vt 0.5332391071 0.7892237596
vt 0.5360000012 0.8002424257
vt 0.5332391071 0.7892237596
vt 0.5377604648 0.7895729409
vt 0.5360000012 0.8002424257
vt 0.5262394146 0.7884114097
vt 0.5276587819 0.7886213478
vt 0.5129999985 0.8012121259
vt 0.5197398375 0.787571642
vt 0.5262394146 0.7884114098
vt 0.5129999985 0.8012121259
vt 0.5147194016 0.7867622079
vt 0.5197398375 0.787571642
vt 0.1171875 0.02272727273
vt 0.1171875 0.02272727273
vt 0.1171875 0.02272727273
vt 0.1171875 0.02272727273
vt 0.1171875 0.02272727273
vt 0.1171875 0.02272727273
vt 0.1171875 0.02272727273
vt 0.1171875 0.02272727273
vt 0.1171875 0.02272727273
vt 0.1171875 0.02272727273
vt 0.1171875 0.02272727273
vt 0.1171875 0.02272727273
vt 0.1171875 0.02272727273
vt 0.1171875 0.02272727273
vt 0.1171875 0.02272727273
vt 0.1171875 0.02272727273
vt 0.1171875 0.02272727273
vt 0.1171875 0.02272727273
vt 0.1171875 0.02272727273
vt 0.1171875 0.02272727273
vt 0.1171875 0.02272727273
vt 0.1171875 0.02272727273
vt 0.1171875 0.02272727273
vt 0.1171875 0.02272727273
vt 0.1171875 0.02272727273
vt 0.1171875 0.02272727273
vt 0.1171875 0.02272727273
vt 0.1171875 0.02272727273
vt 0.1171875 0.02272727273
vt 0.1171875 0.02272727273
vt 0.1171875 0.02272727273
vt 0.1171875 0.02272727273
vt 0.1171875 0.02272727273
vt 0.1171875 0.02272727273
vt 0.1171875 0.02272727273
vt 0.1171875 0.02272727273
vt 0.1171875 0.02272727273
vt 0.1171875 0.02272727273
vt 0.1171875 0.02272727273
vt 0.1171875 0.02272727273
vt 0.1171875 0.02272727273
vt 0.1171875 0.02272727273
vt 0.1171875 0.02272727273
vt 0.1171875 0.02272727273
vt 0.1171875 0.02272727273
vt 0.1171875 0.02272727273
vt 0.1171875 0.02272727273
vt 0.1171875 0.02272727273
vt 0.1171875 0.02272727273
vt 0.1171875 0.02272727273
vt 0.1171875 0.02272727273
vt 0.1171875 0.02272727273
vt 0.1171875 0.02272727273
vt 0.1171875 0.02272727273
vt 0.1171875 0.02272727273
vt 0.1171875 0.02272727273
vt 0.1171875 0.02272727273
vt 0.4551525136 0.8175490701
vt 0.4515440453 0.8003257294
vt 0.470000001 0.8031515146
vt 0.4515440454 0.8003257295
vt 0.4514551105 0.7996960352
vt 0.470000001 0.8031515146
vt 0.1171875 0.02272727273
vt 0.1171875 0.02272727273
vt 0.1171875 0.02272727273
vt 0.1171875 0.02272727273
vt 0.1171875 0.02272727273
vt 0.1171875 0.02272727273
vt 0.4910000022 0.8021818229
vt 0.4700000009 0.8031515146
vt 0.4747545811 0.7789666741
vt 0.4700000009 0.8031515146
vt 0.471786544 0.7780316636
vt 0.4747545811 0.7789666741
vt 0.4881195342 0.7816673674
vt 0.4910000021 0.802181823
vt 0.4825705156 0.7806665112
vt 0.4910000021 0.802181823
vt 0.47603943 0.7792785434
vt 0.4825705156 0.7806665112
vt 0.1171875 0.02272727273
vt 0.1171875 0.02272727273
vt 0.1171875 0.02272727273
vt 0.1171875 0.02272727273
vt 0.1171875 0.02272727273
vt 0.1171875 0.02272727273
vt 0.4910000021 0.802181823
vt 0.4747545808 0.7789666743
vt 0.47603943 0.7792785434
vt 0.4514551105 0.7996960352
vt 0.4717865446 0.7780316636
vt 0.470000001 0.8031515146
vt 0.1171875 0.02272727273
vt 0.1171875 0.02272727273
vt 0.1171875 0.02272727273
vt 0.45145511 0.7996960353
vt 0.4512328615 0.7980597057
vt 0.4539999981 0.7721212132
vt 0.1171875 0.02272727273
vt 0.1171875 0.02272727273
vt 0.1171875 0.02272727273
vt 0.1171875 0.02272727273
vt 0.1171875 0.02272727273
vt 0.1171875 0.02272727273
vt 0.1171875 0.02272727273
vt 0.1171875 0.02272727273
vt 0.1171875 0.02272727273
vt 0.1171875 0.02272727273
vt 0.1171875 0.02272727273
vt 0.1171875 0.02272727273
vt 0.1171875 0.02272727273
vt 0.1171875 0.02272727273
vt 0.1171875 0.02272727273
vt 0.1171875 0.02272727273
vt 0.1171875 0.02272727273
vt 0.1171875 0.02272727273
vt 0.1171875 0.02272727273
vt 0.1171875 0.02272727273
vt 0.1171875 0.02272727273
vt 0.1171875 0.02272727273
vt 0.1171875 0.02272727273
vt 0.1171875 0.02272727273
vt 0.1171875 0.02272727273
vt 0.1171875 0.02272727273
vt 0.1171875 0.02272727273
vt 0.1171875 0.02272727273
vt 0.1171875 0.02272727273
vt 0.1171875 0.02272727273
vt 0.1171875 0.02272727273
vt 0.1171875 0.02272727273
vt 0.1171875 0.02272727273
vt 0.1171875 0.02272727273
vt 0.1171875 0.02272727273
vt 0.1171875 0.02272727273
vt 0.1171875 0.02272727273
vt 0.1171875 0.02272727273
vt 0.1171875 0.02272727273
vt 0.1171875 0.02272727273
vt 0.1171875 0.02272727273
vt 0.1171875 0.02272727273
vt 0.1171875 0.02272727273
vt 0.1171875 0.02272727273
vt 0.1171875 0.02272727273
vt 0.1171875 0.02272727273
vt 0.1171875 0.02272727273
vt 0.1171875 0.02272727273
vt 0.1171875 0.02272727273
vt 0.1171875 0.02272727273
vt 0.1171875 0.02272727273
vt 0.1171875 0.02272727273
vt 0.1171875 0.02272727273
vt 0.1171875 0.02272727273
vt 0.1171875 0.02272727273
vt 0.1171875 0.02272727273
vt 0.1171875 0.02272727273
vt 0.45145511 0.7996960353
vt 0.4619017338 0.7733982574
vt 0.4683066777 0.7765765071
vt 0.4512328615 0.7980597057
vt 0.4490914854 0.7791208676
vt 0.4539999981 0.7721212132
vt 0.45145511 0.7996960353
vt 0.4539999981 0.7721212132
vt 0.4619017338 0.7733982574
vt 0.4514551105 0.7996960352
vt 0.4706878244 0.7776147748
vt 0.4717865446 0.7780316636
vt 0.4514551105 0.7996960352
vt 0.4700595782 0.7773599405
vt 0.4706878244 0.7776147748
vt 0.45145511 0.7996960353
vt 0.4683066777 0.7765765071
vt 0.4700595779 0.777359941
vt 0.1171875 0.02272727273
vt 0.1171875 0.02272727273
vt 0.1171875 0.02272727273
vt 0.4490914855 0.7791208679
vt 0.4480653547 0.7713539005
vt 0.4539999981 0.7721212133
vt 0.1171875 0.02272727273
vt 0.1171875 0.02272727273
vt 0.1171875 0.02272727273
vt 0.1171875 0.02272727273
vt 0.1171875 0.02272727273
vt 0.1171875 0.02272727273
vt 0.1171875 0.02272727273
vt 0.1171875 0.02272727273
vt 0.1171875 0.02272727273
vt 0.1171875 0.02272727273
vt 0.1171875 0.02272727273
vt 0.1171875 0.02272727273
vt 0.1171875 0.02272727273
vt 0.1171875 0.02272727273
vt 0.1171875 0.02272727273
vt 0.1171875 0.02272727273
vt 0.1171875 0.02272727273
vt 0.1171875 0.02272727273
vt 0.1171875 0.02272727273
vt 0.1171875 0.02272727273
vt 0.1171875 0.02272727273
vt 0.1171875 0.02272727273
vt 0.1171875 0.02272727273
vt 0.1171875 0.02272727273
vt 0.1171875 0.02272727273
vt 0.1171875 0.02272727273
vt 0.1171875 0.02272727273
vt 0.4619017338 0.7733982577
vt 0.4539999981 0.7721212131
vt 0.4592068602 0.7720173697
vt 0.1171875 0.02272727273
vt 0.1171875 0.02272727273
vt 0.1171875 0.02272727273
vt 0.1171875 0.02272727273
vt 0.1171875 0.02272727273
vt 0.1171875 0.02272727273
vt 0.4592068602 0.7720173697
vt 0.4539999981 0.7721212131
vt 0.4556744048 0.7700916288
vt 0.4539999983 0.7721212132
vt 0.4541937402 0.7694910524
vt 0.4556744056 0.7700916294
vt 0.4539999981 0.7721212132
vt 0.4531829502 0.7689604343
vt 0.4541937402 0.7694910524
vt 0.4539999981 0.7721212132
vt 0.4480653548 0.7713539004
vt 0.4519052107 0.7682129022
vt 0.4539999981 0.7721212132
vt 0.4519052107 0.7682129022
vt 0.4531829502 0.7689604343
vt 0.4519052107 0.7682129022
vt 0.4480653548 0.7713539004
vt 0.4474851163 0.7656269526
vt 0.1171875 0.02272727273
vt 0.1171875 0.02272727273
vt 0.1171875 0.02272727273
vt 0.1171875 0.02272727273
vt 0.1171875 0.02272727273
vt 0.1171875 0.02272727273
vt 0.1171875 0.02272727273
vt 0.1171875 0.02272727273
vt 0.1171875 0.02272727273
vt 0.1171875 0.02272727273
vt 0.1171875 0.02272727273
vt 0.1171875 0.02272727273
vt 0.1171875 0.02272727273
vt 0.1171875 0.02272727273
vt 0.1171875 0.02272727273
vt 0.1171875 0.02272727273
vt 0.1171875 0.02272727273
vt 0.1171875 0.02272727273
vt 0.1171875 0.02272727273
vt 0.1171875 0.02272727273
vt 0.1171875 0.02272727273
vt 0.1171875 0.02272727273
vt 0.1171875 0.02272727273
vt 0.1171875 0.02272727273
vt 0.5789999994 0.8031515214
vt 0.5911670685 0.793358284
vt 0.5990000013 0.8070303061
vt 0.5719362071 0.7926754451
vt 0.5783928284 0.7929789477
vt 0.5789999995 0.8031515214
vt 0.5789999995 0.8031515214
vt 0.5783928284 0.7929789477
vt 0.5812768821 0.7929952482
vt 0.5789999994 0.8031515214
vt 0.5812768819 0.7929952482
vt 0.5819693026 0.7930449258
vt 0.5789999994 0.8031515214
vt 0.5819693026 0.7930449258
vt 0.5911670685 0.793358284
vt 0.5990000013 0.8070303061
vt 0.5911670684 0.7933582843
vt 0.5947688216 0.7932205882
vt 0.5990000013 0.8070303061
vt 0.5947688216 0.7932205882
vt 0.5999109245 0.7928234543
vt 0.5990000013 0.8070303061
vt 0.5999109245 0.7928234543
vt 0.6027499054 0.7924852242
vt 0.5990000013 0.807030306
vt 0.6083287836 0.7921697914
vt 0.619000002 0.8099393851
vt 0.5990000013 0.807030306
vt 0.6027499055 0.7924852241
vt 0.6083287836 0.7921697914
vt 0.619000002 0.8099393851
vt 0.6083287836 0.7921697914
vt 0.6094445389 0.7920694378
vt 0.6190000017 0.8099393854
vt 0.6094445388 0.7920694379
vt 0.6174003827 0.7915822194
vt 0.1171875 0.02272727273
vt 0.1171875 0.02272727273
vt 0.1171875 0.02272727273
vt 0.6190000023 0.8099393856
vt 0.6263860619 0.7907725026
vt 0.6370000016 0.8147878809
vt 0.6190000017 0.8099393854
vt 0.6174003827 0.7915822194
vt 0.6211302772 0.7912002047
vt 0.6190000017 0.8099393854
vt 0.6211302772 0.7912002047
vt 0.624151817 0.790789204
vt 0.6190000023 0.8099393856
vt 0.6241518176 0.7907892041
vt 0.6263860619 0.7907725026
vt 0.6263860619 0.7907725026
vt 0.6284940893 0.7906694626
vt 0.6370000015 0.8147878809
vt 0.6284940893 0.7906694626
vt 0.6336387644 0.7902745082
vt 0.6370000015 0.8147878809
vt 0.1171875 0.02272727273
vt 0.1171875 0.02272727273
vt 0.1171875 0.02272727273
vt 0.1171875 0.02272727273
vt 0.1171875 0.02272727273
vt 0.1171875 0.02272727273
vt 0.1171875 0.02272727273
vt 0.1171875 0.02272727273
vt 0.1171875 0.02272727273
vt 0.1171875 0.02272727273
vt 0.1171875 0.02272727273
vt 0.1171875 0.02272727273
vt 0.1171875 0.02272727273
vt 0.1171875 0.02272727273
vt 0.1171875 0.02272727273
vt 0.1171875 0.02272727273
vt 0.1171875 0.02272727273
vt 0.1171875 0.02272727273
vt 0.1171875 0.02272727273
vt 0.1171875 0.02272727273
vt 0.1171875 0.02272727273
vt 0.1171875 0.02272727273
vt 0.1171875 0.02272727273
vt 0.1171875 0.02272727273
vt 0.1171875 0.02272727273
vt 0.1171875 0.02272727273
vt 0.1171875 0.02272727273
vt 0.1171875 0.02272727273
vt 0.1171875 0.02272727273
vt 0.1171875 0.02272727273
vt 0.1171875 0.02272727273
vt 0.1171875 0.02272727273
vt 0.1171875 0.02272727273
vt 0.1171875 0.02272727273
vt 0.1171875 0.02272727273
vt 0.1171875 0.02272727273
vt 0.1171875 0.02272727273
vt 0.1171875 0.02272727273
vt 0.1171875 0.02272727273
vt 0.1171875 0.02272727273
vt 0.1171875 0.02272727273
vt 0.1171875 0.02272727273
vt 0.1171875 0.02272727273
vt 0.1171875 0.02272727273
vt 0.1171875 0.02272727273
vt 0.1171875 0.02272727273
vt 0.1171875 0.02272727273
vt 0.1171875 0.02272727273
vt 0.1171875 0.02272727273
vt 0.1171875 0.02272727273
vt 0.1171875 0.02272727273
vt 0.1171875 0.02272727273
vt 0.1171875 0.02272727273
vt 0.1171875 0.02272727273
vt 0.1171875 0.02272727273
vt 0.1171875 0.02272727273
vt 0.1171875 0.02272727273
vt 0.1171875 0.02272727273
vt 0.1171875 0.02272727273
vt 0.1171875 0.02272727273
vt 0.1171875 0.02272727273
vt 0.1171875 0.02272727273
vt 0.1171875 0.02272727273
vt 0.1171875 0.02272727273
vt 0.1171875 0.02272727273
vt 0.1171875 0.02272727273
vt 0.1171875 0.02272727273
vt 0.1171875 0.02272727273
vt 0.1171875 0.02272727273
vt 0.6336387644 0.7902745082
vt 0.6363912067 0.789961846
vt 0.6370000015 0.8147878809
vt 0.6363912069 0.7899618457
vt 0.6375783124 0.7898499275
vt 0.6439999974 0.7915151558
vt 0.6375783124 0.7898499275
vt 0.64287654 0.7891687216
vt 0.6439999974 0.7915151558
vt 0.64287654 0.7891687215
vt 0.644677582 0.7888869608
vt 0.6439999971 0.7915151557
vt 0.1171875 0.02272727273
vt 0.1171875 0.02272727273
vt 0.1171875 0.02272727273
vt 0.1171875 0.02272727273
vt 0.1171875 0.02272727273
vt 0.1171875 0.02272727273
vt 0.1171875 0.02272727273
vt 0.1171875 0.02272727273
vt 0.1171875 0.02272727273
vt 0.1171875 0.02272727273
vt 0.1171875 0.02272727273
vt 0.1171875 0.02272727273
vt 0.1171875 0.02272727273
vt 0.1171875 0.02272727273
vt 0.1171875 0.02272727273
vt 0.1171875 0.02272727273
vt 0.1171875 0.02272727273
vt 0.1171875 0.02272727273
vt 0.1171875 0.02272727273
vt 0.1171875 0.02272727273
vt 0.1171875 0.02272727273
vt 0.1171875 0.02272727273
vt 0.1171875 0.02272727273
vt 0.1171875 0.02272727273
vt 0.1171875 0.02272727273
vt 0.1171875 0.02272727273
vt 0.1171875 0.02272727273
vt 0.1171875 0.02272727273
vt 0.1171875 0.02272727273
vt 0.1171875 0.02272727273
vt 0.1171875 0.02272727273
vt 0.1171875 0.02272727273
vt 0.1171875 0.02272727273
vt 0.1171875 0.02272727273
vt 0.1171875 0.02272727273
vt 0.1171875 0.02272727273
vt 0.6370000019 0.8147878809
vt 0.6630000027 0.7973333314
vt 0.6549999975 0.8206060605
vt 0.6370000019 0.8147878811
vt 0.6439999971 0.7915151559
vt 0.6630000027 0.7973333314
vt 0.6699999972 0.8273939436
vt 0.6630000024 0.7973333314
vt 0.6760000018 0.8031515111
vt 0.6890000026 0.810909093
vt 0.6901600647 0.8101591588
vt 0.6898359387 0.811498621
vt 0.6874236571 0.8205819683
vt 0.6890000026 0.810909093
vt 0.6898359388 0.811498621
vt 0.1171875 0.02272727273
vt 0.1171875 0.02272727273
vt 0.1171875 0.02272727273
vt 0.6890000026 0.8109090931
vt 0.6950000028 0.7886060642
vt 0.6901600647 0.8101591589
vt 0.6363912067 0.789961846
vt 0.6439999973 0.791515156
vt 0.6370000015 0.8147878809
vt 0.6446775821 0.7888869609
vt 0.6630000027 0.7973333315
vt 0.643999997 0.7915151556
vt 0.6446775821 0.7888869609
vt 0.6461667746 0.7887082299
vt 0.6630000027 0.7973333315
vt 0.1171875 0.02272727273
vt 0.1171875 0.02272727273
vt 0.1171875 0.02272727273
vt 0.1171875 0.02272727273
vt 0.1171875 0.02272727273
vt 0.1171875 0.02272727273
vt 0.1171875 0.02272727273
vt 0.1171875 0.02272727273
vt 0.1171875 0.02272727273
vt 0.1171875 0.02272727273
vt 0.1171875 0.02272727273
vt 0.1171875 0.02272727273
vt 0.6461667746 0.7887082299
vt 0.6567928172 0.7871010374
vt 0.6630000027 0.7973333315
vt 0.6567928172 0.7871010374
vt 0.6582970027 0.7868091301
vt 0.6630000027 0.7973333315
vt 0.6582970021 0.7868091298
vt 0.6588817251 0.7866850847
vt 0.6630000025 0.7973333313
vt 0.1171875 0.02272727273
vt 0.1171875 0.02272727273
vt 0.1171875 0.02272727273
vt 0.1171875 0.02272727273
vt 0.1171875 0.02272727273
vt 0.1171875 0.02272727273
vt 0.676000002 0.8031515109
vt 0.695000003 0.7886060642
vt 0.6890000027 0.810909093
vt 0.6760000017 0.803151511
vt 0.6630000024 0.7973333313
vt 0.6700117391 0.7831503263
vt 0.6901600647 0.8101591589
vt 0.6950000028 0.7886060642
vt 0.6952494904 0.7888278328
vt 0.1171875 0.02272727273
vt 0.1171875 0.02272727273
vt 0.1171875 0.02272727273
vt 0.1171875 0.02272727273
vt 0.1171875 0.02272727273
vt 0.1171875 0.02272727273
vt 0.1171875 0.02272727273
vt 0.1171875 0.02272727273
vt 0.1171875 0.02272727273
vt 0.1171875 0.02272727273
vt 0.1171875 0.02272727273
vt 0.1171875 0.02272727273
vt 0.6588817251 0.7866850847
vt 0.6622467954 0.7858603495
vt 0.6630000025 0.7973333313
vt 0.6630000025 0.7973333313
vt 0.6622467954 0.7858603495
vt 0.6650173075 0.7851072254
vt 0.6630000024 0.7973333313
vt 0.6650173075 0.7851072254
vt 0.6700117391 0.7831503263
vt 0.1171875 0.02272727273
vt 0.1171875 0.02272727273
vt 0.1171875 0.02272727273
vt 0.1171875 0.02272727273
vt 0.1171875 0.02272727273
vt 0.1171875 0.02272727273
vt 0.1171875 0.02272727273
vt 0.1171875 0.02272727273
vt 0.1171875 0.02272727273
vt 0.1171875 0.02272727273
vt 0.1171875 0.02272727273
vt 0.1171875 0.02272727273
vt 0.1171875 0.02272727273
vt 0.1171875 0.02272727273
vt 0.1171875 0.02272727273
vt 0.1171875 0.02272727273
vt 0.1171875 0.02272727273
vt 0.1171875 0.02272727273
vt 0.6760000021 0.8031515109
vt 0.6700117389 0.7831503263
vt 0.6704061374 0.7830406724
vt 0.6760000021 0.8031515109
vt 0.6704061374 0.7830406724
vt 0.67437098 0.7818242611
vt 0.6760000021 0.8031515109
vt 0.67437098 0.7818242611
vt 0.6819242504 0.7792151511
vt 0.6760000021 0.8031515109
vt 0.6819242504 0.7792151511
vt 0.6950000027 0.7886060641
vt 0.6950000028 0.7886060642
vt 0.6953340168 0.7884672516
vt 0.6952494904 0.7888278328
vt 0.6950000027 0.788606064
vt 0.6959273669 0.7861331088
vt 0.6953340168 0.7884672514
vt 0.1171875 0.02272727273
vt 0.1171875 0.02272727273
vt 0.1171875 0.02272727273
vt 0.1171875 0.02272727273
vt 0.1171875 0.02272727273
vt 0.1171875 0.02272727273
vt 0.1171875 0.02272727273
vt 0.1171875 0.02272727273
vt 0.1171875 0.02272727273
vt 0.1171875 0.02272727273
vt 0.1171875 0.02272727273
vt 0.1171875 0.02272727273
vt 0.6950000027 0.7886060641
vt 0.6819242504 0.7792151511
vt 0.6822213396 0.7790742015
vt 0.6950000027 0.7886060641
vt 0.6822213397 0.7790742012
vt 0.6825428752 0.7789329398
vt 0.6950000027 0.7886060641
vt 0.6825428752 0.7789329398
vt 0.6900158424 0.7754616869
vt 0.6950000025 0.7886060642
vt 0.6928461767 0.7739862079
vt 0.6959273664 0.7861331091
vt 0.1171875 0.02272727273
vt 0.1171875 0.02272727273
vt 0.1171875 0.02272727273
vt 0.6950000027 0.7886060641
vt 0.6900158424 0.7754616869
vt 0.6928461764 0.7739862082
vt 0.6959273664 0.7861331091
vt 0.6928461767 0.7739862079
vt 0.693570061 0.7736189281
vt 0.6959273664 0.7861331091
vt 0.693570061 0.7736189281
vt 0.6978272622 0.7714589209
vt 0.6959273664 0.7861331091
vt 0.6978272622 0.7714589209
vt 0.7000377174 0.7702406983
vt 0.1171875 0.02272727273
vt 0.1171875 0.02272727273
vt 0.1171875 0.02272727273
vt 0.1171875 0.02272727273
vt 0.1171875 0.02272727273
vt 0.1171875 0.02272727273
vt 0.1171875 0.02272727273
vt 0.1171875 0.02272727273
vt 0.1171875 0.02272727273
vt 0.1171875 0.02272727273
vt 0.1171875 0.02272727273
vt 0.1171875 0.02272727273
vt 0.1171875 0.02272727273
vt 0.1171875 0.02272727273
vt 0.1171875 0.02272727273
vt 0.1171875 0.02272727273
vt 0.1171875 0.02272727273
vt 0.1171875 0.02272727273
vt 0.1171875 0.02272727273
vt 0.1171875 0.02272727273
vt 0.1171875 0.02272727273
vt 0.1171875 0.02272727273
vt 0.1171875 0.02272727273
vt 0.1171875 0.02272727273
vt 0.1171875 0.02272727273
vt 0.1171875 0.02272727273
vt 0.1171875 0.02272727273
vt 0.1171875 0.02272727273
vt 0.1171875 0.02272727273
vt 0.1171875 0.02272727273
vt 0.1110084489 0.2164026484
vt 0.1240000009 0.2320000007
vt 0.1065154118 0.2338838549
vt 0.1171875 0.02272727273
vt 0.1171875 0.02272727273
vt 0.1171875 0.02272727273
vt 0.1171875 0.02272727273
vt 0.1171875 0.02272727273
vt 0.1171875 0.02272727273
vt 0.1065154118 0.2338838548
vt 0.1240000009 0.2320000007
vt 0.1063900951 0.2345278131
vt 0.1063900951 0.2345278131
vt 0.1240000009 0.2320000007
vt 0.1240000032 0.2579860535
vt 0.1171875 0.02272727273
vt 0.1171875 0.02272727273
vt 0.1171875 0.02272727273
vt 0.1063900949 0.2345278136
vt 0.1059999982 0.2610909077
vt 0.1060000067 0.2360468474
vt 0.1171875 0.02272727273
vt 0.1171875 0.02272727273
vt 0.1171875 0.02272727273
vt 0.1171875 0.02272727273
vt 0.1171875 0.02272727273
vt 0.1171875 0.02272727273
vt 0.1171875 0.02272727273
vt 0.1171875 0.02272727273
vt 0.1171875 0.02272727273
vt 0.1240000009 0.2320000007
vt 0.1450000026 0.2349090863
vt 0.127044537 0.2572951227
vt 0.1240000009 0.2320000007
vt 0.127044537 0.2572951227
vt 0.1240000029 0.2579860536
vt 0.1450000025 0.2349090862
vt 0.1283523584 0.2570436434
vt 0.1270445368 0.2572951225
vt 0.1450000025 0.2349090862
vt 0.1349856827 0.2559619763
vt 0.1283523584 0.2570436434
vt 0.1450000025 0.2349090862
vt 0.1406084251 0.2552207562
vt 0.1349856827 0.2559619763
vt 0.1171875 0.02272727273
vt 0.1171875 0.02272727273
vt 0.1171875 0.02272727273
vt 0.1171875 0.02272727273
vt 0.1171875 0.02272727273
vt 0.1171875 0.02272727273
vt 0.1171875 0.02272727273
vt 0.1171875 0.02272727273
vt 0.1171875 0.02272727273
vt 0.1171875 0.02272727273
vt 0.1171875 0.02272727273
vt 0.1171875 0.02272727273
vt 0.1171875 0.02272727273
vt 0.1171875 0.02272727273
vt 0.1171875 0.02272727273
vt 0.1171875 0.02272727273
vt 0.1171875 0.02272727273
vt 0.1171875 0.02272727273
vt 0.1171875 0.02272727273
vt 0.1171875 0.02272727273
vt 0.1171875 0.02272727273
vt 0.1171875 0.02272727273
vt 0.1171875 0.02272727273
vt 0.1171875 0.02272727273
vt 0.1171875 0.02272727273
vt 0.1171875 0.02272727273
vt 0.1171875 0.02272727273
vt 0.1171875 0.02272727273
vt 0.1171875 0.02272727273
vt 0.1171875 0.02272727273
vt 0.1171875 0.02272727273
vt 0.1171875 0.02272727273
vt 0.1171875 0.02272727273
vt 0.1171875 0.02272727273
vt 0.1171875 0.02272727273
vt 0.1171875 0.02272727273
vt 0.1171875 0.02272727273
vt 0.1171875 0.02272727273
vt 0.1171875 0.02272727273
vt 0.1171875 0.02272727273
vt 0.1171875 0.02272727273
vt 0.1171875 0.02272727273
vt 0.1450000026 0.2349090863
vt 0.1679999993 0.2387878739
vt 0.1528110088 0.2541569783
vt 0.1450000026 0.2349090863
vt 0.1528110088 0.2541569783
vt 0.1470523964 0.2545758844
vt 0.1599661679 0.2534534266
vt 0.1566969306 0.2537357077
vt 0.1679999994 0.238787874
vt 0.1599661679 0.2534534266
vt 0.1679999994 0.238787874
vt 0.1620725776 0.2533431932
vt 0.1528110087 0.2541569782
vt 0.1679999994 0.238787874
vt 0.1566969306 0.2537357077
vt 0.1450000025 0.2349090862
vt 0.1450000025 0.2547908171
vt 0.1406084251 0.2552207562
vt 0.1450000026 0.2349090863
vt 0.1470523964 0.2545758844
vt 0.1450000026 0.2547908172
vt 0.1171875 0.02272727273
vt 0.1171875 0.02272727273
vt 0.1171875 0.02272727273
vt 0.1171875 0.02272727273
vt 0.1171875 0.02272727273
vt 0.1171875 0.02272727273
vt 0.1171875 0.02272727273
vt 0.1171875 0.02272727273
vt 0.1171875 0.02272727273
vt 0.1171875 0.02272727273
vt 0.1171875 0.02272727273
vt 0.1171875 0.02272727273
vt 0.1171875 0.02272727273
vt 0.1171875 0.02272727273
vt 0.1171875 0.02272727273
vt 0.1620725776 0.2533431932
vt 0.1679999994 0.238787874
vt 0.1680000008 0.2532377921
vt 0.1171875 0.02272727273
vt 0.1171875 0.02272727273
vt 0.1171875 0.02272727273
vt 0.1679999991 0.2387878741
vt 0.1900000013 0.2407272713
vt 0.1792633558 0.2520850467
vt 0.1900000013 0.2407272714
vt 0.1969048267 0.2511005931
vt 0.1904401161 0.2513967561
vt 0.1900000013 0.2407272714
vt 0.1998608975 0.2510861921
vt 0.1969048267 0.2511005931
vt 0.1900000012 0.2407272714
vt 0.2001616629 0.2510935388
vt 0.1998608974 0.2510861921
vt 0.1900000012 0.2407272714
vt 0.212 0.2426666637
vt 0.2001616629 0.2510935388
vt 0.212 0.2426666637
vt 0.2127897885 0.251856936
vt 0.2001616629 0.2510935388
vt 0.2119999998 0.2426666638
vt 0.233 0.2416969633
vt 0.2251051727 0.2517701139
vt 0.2119999998 0.2426666638
vt 0.2171206006 0.2516671228
vt 0.2145317827 0.2517362288
vt 0.2119999998 0.2426666638
vt 0.2251051727 0.2517701139
vt 0.2171206006 0.2516671228
vt 0.2119999998 0.2426666638
vt 0.2145317827 0.2517362288
vt 0.2127897883 0.2518569361
vt 0.1171875 0.02272727273
vt 0.1171875 0.02272727273
vt 0.1171875 0.02272727273
vt 0.1171875 0.02272727273
vt 0.1171875 0.02272727273
vt 0.1171875 0.02272727273
vt 0.1171875 0.02272727273
vt 0.1171875 0.02272727273
vt 0.1171875 0.02272727273
vt 0.1171875 0.02272727273
vt 0.1171875 0.02272727273
vt 0.1171875 0.02272727273
vt 0.1679999991 0.2387878741
vt 0.1729189612 0.2526451717
vt 0.1680000008 0.2532377921
vt 0.1679999991 0.2387878741
vt 0.1792633558 0.2520850467
vt 0.1729189612 0.2526451717
vt 0.1171875 0.02272727273
vt 0.1171875 0.02272727273
vt 0.1171875 0.02272727273
vt 0.1171875 0.02272727273
vt 0.1171875 0.02272727273
vt 0.1171875 0.02272727273
vt 0.1171875 0.02272727273
vt 0.1171875 0.02272727273
vt 0.1171875 0.02272727273
vt 0.1171875 0.02272727273
vt 0.1171875 0.02272727273
vt 0.1171875 0.02272727273
vt 0.1171875 0.02272727273
vt 0.1171875 0.02272727273
vt 0.1171875 0.02272727273
vt 0.1171875 0.02272727273
vt 0.1171875 0.02272727273
vt 0.1171875 0.02272727273
vt 0.1900000013 0.2407272713
vt 0.1806481194 0.2519338564
vt 0.1792633559 0.2520850467
vt 0.1900000013 0.2407272713
vt 0.1860663379 0.2515609284
vt 0.1806481194 0.2519338564
vt 0.1900000013 0.2407272713
vt 0.1904401162 0.2513967561
vt 0.1860663379 0.2515609284
vt 0.1171875 0.02272727273
vt 0.1171875 0.02272727273
vt 0.1171875 0.02272727273
vt 0.1171875 0.02272727273
vt 0.1171875 0.02272727273
vt 0.1171875 0.02272727273
vt 0.1171875 0.02272727273
vt 0.1171875 0.02272727273
vt 0.1171875 0.02272727273
vt 0.1171875 0.02272727273
vt 0.1171875 0.02272727273
vt 0.1171875 0.02272727273
vt 0.1171875 0.02272727273
vt 0.1171875 0.02272727273
vt 0.1171875 0.02272727273
vt 0.1171875 0.02272727273
vt 0.1171875 0.02272727273
vt 0.1171875 0.02272727273
vt 0.1171875 0.02272727273
vt 0.1171875 0.02272727273
vt 0.1171875 0.02272727273
vt 0.1171875 0.02272727273
vt 0.1171875 0.02272727273
vt 0.1171875 0.02272727273
vt 0.1171875 0.02272727273
vt 0.1171875 0.02272727273
vt 0.1171875 0.02272727273
vt 0.1171875 0.02272727273
vt 0.1171875 0.02272727273
vt 0.1171875 0.02272727273
vt 0.1060000071 0.2360468472
vt 0.1059999981 0.2610909078
vt 0.1016689567 0.2538112666
vt 0.1063900949 0.2345278136
vt 0.1205314312 0.2590567758
vt 0.1139017335 0.2610909115
vt 0.1063900949 0.2345278136
vt 0.1139017335 0.2610909115
vt 0.1059999982 0.2610909077
vt 0.1063900951 0.2345278131
vt 0.1240000032 0.2579860535
vt 0.1229425366 0.2583544567
vt 0.1063900951 0.2345278131
vt 0.1229425366 0.2583544567
vt 0.1223367821 0.2585820693
vt 0.1063900949 0.2345278136
vt 0.1223367822 0.2585820697
vt 0.1205314312 0.2590567758
vt 0.1171875 0.02272727273
vt 0.1171875 0.02272727273
vt 0.1171875 0.02272727273
vt 0.1171875 0.02272727273
vt 0.1171875 0.02272727273
vt 0.1171875 0.02272727273
vt 0.09966971124 0.2614745669
vt 0.1016689568 0.2538112667
vt 0.1059999981 0.2610909078
vt 0.1171875 0.02272727273
vt 0.1171875 0.02272727273
vt 0.1171875 0.02272727273
vt 0.1171875 0.02272727273
vt 0.1171875 0.02272727273
vt 0.1171875 0.02272727273
vt 0.1171875 0.02272727273
vt 0.1171875 0.02272727273
vt 0.1171875 0.02272727273
vt 0.1171875 0.02272727273
vt 0.1171875 0.02272727273
vt 0.1171875 0.02272727273
vt 0.1171875 0.02272727273
vt 0.1171875 0.02272727273
vt 0.1171875 0.02272727273
vt 0.1171875 0.02272727273
vt 0.1171875 0.02272727273
vt 0.1171875 0.02272727273
vt 0.1171875 0.02272727273
vt 0.1171875 0.02272727273
vt 0.1171875 0.02272727273
vt 0.1171875 0.02272727273
vt 0.1171875 0.02272727273
vt 0.1171875 0.02272727273
vt 0.1171875 0.02272727273
vt 0.1171875 0.02272727273
vt 0.1171875 0.02272727273
vt 0.1171875 0.02272727273
vt 0.1171875 0.02272727273
vt 0.1171875 0.02272727273
vt 0.1171875 0.02272727273
vt 0.1171875 0.02272727273
vt 0.1171875 0.02272727273
vt 0.1171875 0.02272727273
vt 0.1171875 0.02272727273
vt 0.1171875 0.02272727273
vt 0.1171875 0.02272727273
vt 0.1171875 0.02272727273
vt 0.1171875 0.02272727273
vt 0.1171875 0.02272727273
vt 0.1171875 0.02272727273
vt 0.1171875 0.02272727273
vt 0.1171875 0.02272727273
vt 0.1171875 0.02272727273
vt 0.1171875 0.02272727273
vt 0.1171875 0.02272727273
vt 0.1171875 0.02272727273
vt 0.1171875 0.02272727273
vt 0.1171875 0.02272727273
vt 0.1171875 0.02272727273
vt 0.1171875 0.02272727273
vt 0.1171875 0.02272727273
vt 0.1171875 0.02272727273
vt 0.1171875 0.02272727273
vt 0.1059999982 0.2610909079
vt 0.1111036357 0.2620251425
vt 0.1074232439 0.2633640422
vt 0.1059999982 0.2610909079
vt 0.1139017335 0.2610909114
vt 0.1111036357 0.2620251425
vt 0.09966971129 0.2614745671
vt 0.1059999981 0.2610909078
vt 0.1033497478 0.2649753245
vt 0.1059999981 0.2610909078
vt 0.1047792378 0.2642925392
vt 0.1033497478 0.2649753245
vt 0.1059999985 0.2610909077
vt 0.1074232447 0.2633640417
vt 0.105903131 0.2638150032
vt 0.1059999981 0.2610909078
vt 0.1059031311 0.2638150032
vt 0.1047792378 0.2642925392
vt 0.09966971129 0.2614745671
vt 0.1033497478 0.2649753245
vt 0.09840470105 0.2673372947
vt 0.1171875 0.02272727273
vt 0.1171875 0.02272727273
vt 0.1171875 0.02272727273
vt 0.1171875 0.02272727273
vt 0.1171875 0.02272727273
vt 0.1171875 0.02272727273
vt 0.1171875 0.02272727273
vt 0.1171875 0.02272727273
vt 0.1171875 0.02272727273
vt 0.1171875 0.02272727273
vt 0.1171875 0.02272727273
vt 0.1171875 0.02272727273
vt 0.1171875 0.02272727273
vt 0.1171875 0.02272727273
vt 0.1171875 0.02272727273
vt 0.1171875 0.02272727273
vt 0.1171875 0.02272727273
vt 0.1171875 0.02272727273
vt 0.1171875 0.02272727273
vt 0.1171875 0.02272727273
vt 0.1171875 0.02272727273
vt 0.1171875 0.02272727273
vt 0.1171875 0.02272727273
vt 0.1171875 0.02272727273
vt 0.1171875 0.02272727273
vt 0.1171875 0.02272727273
vt 0.1171875 0.02272727273
vt 0.1171875 0.02272727273
vt 0.1171875 0.02272727273
vt 0.1171875 0.02272727273
vt 0.1171875 0.02272727273
vt 0.1171875 0.02272727273
vt 0.1171875 0.02272727273
vt 0.1171875 0.02272727273
vt 0.1171875 0.02272727273
vt 0.1171875 0.02272727273
vt 0.1171875 0.02272727273
vt 0.1171875 0.02272727273
vt 0.1171875 0.02272727273
vt 0.1171875 0.02272727273
vt 0.1171875 0.02272727273
vt 0.1171875 0.02272727273
vt 0.1171875 0.02272727273
vt 0.1171875 0.02272727273
vt 0.1171875 0.02272727273
vt 0.1171875 0.02272727273
vt 0.1171875 0.02272727273
vt 0.1171875 0.02272727273
vt 0.1171875 0.02272727273
vt 0.1171875 0.02272727273
vt 0.1171875 0.02272727273
vt 0.3427760148 0.235577978
vt 0.3439119328 0.2450599191
vt 0.3430000028 0.2455757557
vt 0.1171875 0.02272727273
vt 0.1171875 0.02272727273
vt 0.1171875 0.02272727273
vt 0.3259999974 0.2261818137
vt 0.3300000015 0.2513939437
vt 0.3150000025 0.2562424264
vt 0.3430000028 0.2455757557
vt 0.3439119329 0.245059919
vt 0.3440956176 0.246388185
vt 0.3430000028 0.2455757556
vt 0.3440956175 0.2463881848
vt 0.3470000031 0.2678787845
vt 0.3099999976 0.232
vt 0.3150000024 0.2562424264
vt 0.2920000021 0.2368484828
vt 0.292000002 0.2368484827
vt 0.3150000024 0.2562424264
vt 0.2969999976 0.2601212076
vt 0.1171875 0.02272727273
vt 0.1171875 0.02272727273
vt 0.1171875 0.02272727273
vt 0.1171875 0.02272727273
vt 0.1171875 0.02272727273
vt 0.1171875 0.02272727273
vt 0.1171875 0.02272727273
vt 0.1171875 0.02272727273
vt 0.1171875 0.02272727273
vt 0.3300000015 0.2513939437
vt 0.3430000028 0.2455757559
vt 0.3470000031 0.2678787848
vt 0.3300000017 0.2513939437
vt 0.3220156525 0.2707499285
vt 0.3150000026 0.2562424264
vt 0.3440956175 0.2463881848
vt 0.3472702816 0.2676771765
vt 0.3470000031 0.2678787845
vt 0.2920000018 0.2368484829
vt 0.2969999976 0.2601212075
vt 0.2889907444 0.2608978627
vt 0.3150000025 0.2562424264
vt 0.3101784293 0.2665706055
vt 0.3095734633 0.2664158213
vt 0.3150000023 0.2562424264
vt 0.3095734632 0.2664158213
vt 0.3082288881 0.2659596702
vt 0.3150000023 0.2562424264
vt 0.2973387917 0.2628589109
vt 0.2969999977 0.2601212077
vt 0.3150000023 0.2562424264
vt 0.2986817521 0.2631986798
vt 0.2973387917 0.2628589109
vt 0.1171875 0.02272727273
vt 0.1171875 0.02272727273
vt 0.1171875 0.02272727273
vt 0.1171875 0.02272727273
vt 0.1171875 0.02272727273
vt 0.1171875 0.02272727273
vt 0.1171875 0.02272727273
vt 0.1171875 0.02272727273
vt 0.1171875 0.02272727273
vt 0.1171875 0.02272727273
vt 0.1171875 0.02272727273
vt 0.1171875 0.02272727273
vt 0.3150000023 0.2562424264
vt 0.3082288881 0.2659596702
vt 0.2986817521 0.2631986798
vt 0.1171875 0.02272727273
vt 0.1171875 0.02272727273
vt 0.1171875 0.02272727273
vt 0.2920000018 0.2368484829
vt 0.2787325772 0.2591484771
vt 0.2730000015 0.2387878875
vt 0.2920000018 0.2368484829
vt 0.2861772905 0.2603295467
vt 0.280900412 0.259451262
vt 0.2920000018 0.2368484829
vt 0.280900412 0.259451262
vt 0.2787325773 0.2591484771
vt 0.2730000015 0.2387878875
vt 0.2787325772 0.2591484771
vt 0.2764345451 0.2587706856
vt 0.2730000009 0.2387878876
vt 0.273497976 0.2580502079
vt 0.2698622907 0.2572882355
vt 0.2730000009 0.2387878876
vt 0.2764345446 0.2587706857
vt 0.273497976 0.2580502079
vt 0.2530000016 0.2407272699
vt 0.2441226782 0.253386549
vt 0.2329999999 0.2416969633
vt 0.2251051727 0.2517701139
vt 0.233 0.2416969632
vt 0.2315138702 0.2520484641
vt 0.2329999999 0.2416969633
vt 0.2350512792 0.2523467331
vt 0.2343661297 0.2522948137
vt 0.233 0.2416969632
vt 0.2343661299 0.2522948137
vt 0.2315138702 0.2520484641
vt 0.2329999999 0.2416969633
vt 0.2441226782 0.253386549
vt 0.2350512792 0.2523467331
vt 0.2530000016 0.2407272699
vt 0.2476716067 0.2538422391
vt 0.2441226782 0.2533865489
vt 0.2530000016 0.2407272699
vt 0.252721653 0.2546887521
vt 0.2476716067 0.2538422391
vt 0.2530000016 0.2407272699
vt 0.2554999377 0.2552723518
vt 0.252721653 0.2546887521
vt 0.2730000012 0.2387878876
vt 0.2609854728 0.2558446983
vt 0.2530000015 0.2407272698
vt 0.2730000009 0.2387878876
vt 0.2698622907 0.2572882355
vt 0.2620794727 0.2559959848
vt 0.2730000012 0.2387878876
vt 0.2620794728 0.2559959848
vt 0.2609854728 0.2558446983
vt 0.2530000015 0.2407272698
vt 0.2609854728 0.2558446983
vt 0.2554999377 0.2552723518
vt 0.1171875 0.02272727273
vt 0.1171875 0.02272727273
vt 0.1171875 0.02272727273
vt 0.1171875 0.02272727273
vt 0.1171875 0.02272727273
vt 0.1171875 0.02272727273
vt 0.1171875 0.02272727273
vt 0.1171875 0.02272727273
vt 0.1171875 0.02272727273
vt 0.1171875 0.02272727273
vt 0.1171875 0.02272727273
vt 0.1171875 0.02272727273
vt 0.1171875 0.02272727273
vt 0.1171875 0.02272727273
vt 0.1171875 0.02272727273
vt 0.1171875 0.02272727273
vt 0.1171875 0.02272727273
vt 0.1171875 0.02272727273
vt 0.1171875 0.02272727273
vt 0.1171875 0.02272727273
vt 0.1171875 0.02272727273
vt 0.1171875 0.02272727273
vt 0.1171875 0.02272727273
vt 0.1171875 0.02272727273
vt 0.1171875 0.02272727273
vt 0.1171875 0.02272727273
vt 0.1171875 0.02272727273
vt 0.1171875 0.02272727273
vt 0.1171875 0.02272727273
vt 0.1171875 0.02272727273
vt 0.1171875 0.02272727273
vt 0.1171875 0.02272727273
vt 0.1171875 0.02272727273
vt 0.1171875 0.02272727273
vt 0.1171875 0.02272727273
vt 0.1171875 0.02272727273
vt 0.1171875 0.02272727273
vt 0.1171875 0.02272727273
vt 0.1171875 0.02272727273
vt 0.1171875 0.02272727273
vt 0.1171875 0.02272727273
vt 0.1171875 0.02272727273
vt 0.1171875 0.02272727273
vt 0.1171875 0.02272727273
vt 0.1171875 0.02272727273
vt 0.1171875 0.02272727273
vt 0.1171875 0.02272727273
vt 0.1171875 0.02272727273
vt 0.1171875 0.02272727273
vt 0.1171875 0.02272727273
vt 0.1171875 0.02272727273
vt 0.1171875 0.02272727273
vt 0.1171875 0.02272727273
vt 0.1171875 0.02272727273
vt 0.1171875 0.02272727273
vt 0.1171875 0.02272727273
vt 0.1171875 0.02272727273
vt 0.1171875 0.02272727273
vt 0.1171875 0.02272727273
vt 0.1171875 0.02272727273
vt 0.1171875 0.02272727273
vt 0.1171875 0.02272727273
vt 0.1171875 0.02272727273
vt 0.1171875 0.02272727273
vt 0.1171875 0.02272727273
vt 0.1171875 0.02272727273
vt 0.1171875 0.02272727273
vt 0.1171875 0.02272727273
vt 0.1171875 0.02272727273
vt 0.2920000018 0.2368484829
vt 0.2889907444 0.2608978627
vt 0.2861772905 0.2603295467
vt 0.2969999977 0.2601212076
vt 0.2902068404 0.2611361191
vt 0.2889907445 0.2608978628
vt 0.2969999977 0.2601212076
vt 0.2956172803 0.2623838408
vt 0.2902068404 0.2611361191
vt 0.2969999977 0.2601212076
vt 0.2973387918 0.2628589109
vt 0.2956172804 0.2623838409
vt 0.1171875 0.02272727273
vt 0.1171875 0.02272727273
vt 0.1171875 0.02272727273
vt 0.1171875 0.02272727273
vt 0.1171875 0.02272727273
vt 0.1171875 0.02272727273
vt 0.1171875 0.02272727273
vt 0.1171875 0.02272727273
vt 0.1171875 0.02272727273
vt 0.1171875 0.02272727273
vt 0.1171875 0.02272727273
vt 0.1171875 0.02272727273
vt 0.1171875 0.02272727273
vt 0.1171875 0.02272727273
vt 0.1171875 0.02272727273
vt 0.1171875 0.02272727273
vt 0.1171875 0.02272727273
vt 0.1171875 0.02272727273
vt 0.1171875 0.02272727273
vt 0.1171875 0.02272727273
vt 0.1171875 0.02272727273
vt 0.3300000015 0.2513939437
vt 0.3223803971 0.2708812449
vt 0.3220156526 0.2707499285
vt 0.3300000015 0.2513939437
vt 0.3260342512 0.2723137606
vt 0.3223803971 0.2708812449
vt 0.3300000015 0.2513939437
vt 0.3329621254 0.2753303035
vt 0.3260342512 0.2723137606
vt 0.3300000016 0.2513939437
vt 0.347000003 0.2678787848
vt 0.3329621254 0.2753303035
vt 0.3470000031 0.2678787845
vt 0.3472702816 0.2676771765
vt 0.3473181116 0.2680484441
vt 0.347000003 0.2678787847
vt 0.3473181115 0.2680484442
vt 0.3476955276 0.2704641475
vt 0.1171875 0.02272727273
vt 0.1171875 0.02272727273
vt 0.1171875 0.02272727273
vt 0.1171875 0.02272727273
vt 0.1171875 0.02272727273
vt 0.1171875 0.02272727273
vt 0.1171875 0.02272727273
vt 0.1171875 0.02272727273
vt 0.1171875 0.02272727273
vt 0.347000003 0.2678787848
vt 0.3332383668 0.2755042737
vt 0.3329621254 0.2753303035
vt 0.3470000031 0.2678787848
vt 0.3335390272 0.2757029128
vt 0.3332383668 0.2755042735
vt 0.3470000031 0.2678787848
vt 0.3405043101 0.2805123595
vt 0.3335390272 0.2757029128
vt 0.3470000031 0.2678787845
vt 0.3476955277 0.2704641471
vt 0.3480534295 0.2854918026
vt 0.3150000025 0.2562424264
vt 0.3165129805 0.2684685321
vt 0.3136546024 0.2675712476
vt 0.3150000026 0.2562424264
vt 0.3220156525 0.2707499285
vt 0.3165129806 0.2684685321
vt 0.1171875 0.02272727273
vt 0.1171875 0.02272727273
vt 0.1171875 0.02272727273
vt 0.3150000025 0.2562424264
vt 0.3136546024 0.2675712476
vt 0.3101784293 0.2665706055
vt 0.1171875 0.02272727273
vt 0.1171875 0.02272727273
vt 0.1171875 0.02272727273
vt 0.1171875 0.02272727273
vt 0.1171875 0.02272727273
vt 0.1171875 0.02272727273
vt 0.1171875 0.02272727273
vt 0.1171875 0.02272727273
vt 0.1171875 0.02272727273
vt 0.1171875 0.02272727273
vt 0.1171875 0.02272727273
vt 0.1171875 0.02272727273
vt 0.1171875 0.02272727273
vt 0.1171875 0.02272727273
vt 0.1171875 0.02272727273
vt 0.1171875 0.02272727273
vt 0.1171875 0.02272727273
vt 0.1171875 0.02272727273
vt 0.1171875 0.02272727273
vt 0.1171875 0.02272727273
vt 0.1171875 0.02272727273
vt 0.3470000031 0.2678787848
vt 0.3431231224 0.2824986393
vt 0.3405043101 0.2805123595
vt 0.3470000031 0.2678787845
vt 0.3480534295 0.2854918026
vt 0.3431231224 0.28249864
vt 0.3476955277 0.2704641471
vt 0.3502306127 0.2869180063
vt 0.3480534295 0.2854918026
vt 0.1171875 0.02272727273
vt 0.1171875 0.02272727273
vt 0.1171875 0.02272727273
vt 0.1171875 0.02272727273
vt 0.1171875 0.02272727273
vt 0.1171875 0.02272727273
vt 0.1171875 0.02272727273
vt 0.1171875 0.02272727273
vt 0.1171875 0.02272727273
vt 0.1171875 0.02272727273
vt 0.1171875 0.02272727273
vt 0.1171875 0.02272727273
vt 0.1171875 0.02272727273
vt 0.1171875 0.02272727273
vt 0.1171875 0.02272727273
vt 0.1171875 0.02272727273
vt 0.1171875 0.02272727273
vt 0.1171875 0.02272727273
vt 0.1171875 0.02272727273
vt 0.1171875 0.02272727273
vt 0.1171875 0.02272727273
vt 0.1171875 0.02272727273
vt 0.1171875 0.02272727273
vt 0.1171875 0.02272727273
vt 0.1171875 0.02272727273
vt 0.1171875 0.02272727273
vt 0.1171875 0.02272727273
vt 0.1171875 0.02272727273
vt 0.1171875 0.02272727273
vt 0.1171875 0.02272727273
vt 0.1171875 0.02272727273
vt 0.1171875 0.02272727273
vt 0.1171875 0.02272727273
vt 0.1171875 0.02272727273
vt 0.1171875 0.02272727273
vt 0.1171875 0.02272727273
vt 0.5299968674 0.8448768247
vt 0.5269146247 0.8446884298
vt 0.5297417866 0.8448610079
vt 0.1171875 0.02272727273
vt 0.1171875 0.02272727273
vt 0.1171875 0.02272727273
vt 0.1171875 0.02272727273
vt 0.1171875 0.02272727273
vt 0.1171875 0.02272727273
vt 0.1171875 0.02272727273
vt 0.1171875 0.02272727273
vt 0.1171875 0.02272727273
vt 0.1171875 0.02272727273
vt 0.1171875 0.02272727273
vt 0.1171875 0.02272727273
vt 0.1171875 0.02272727273
vt 0.1171875 0.02272727273
vt 0.1171875 0.02272727273
vt 0.1171875 0.02272727273
vt 0.1171875 0.02272727273
vt 0.1171875 0.02272727273
vt 0.1171875 0.02272727273
vt 0.1171875 0.02272727273
vt 0.1171875 0.02272727273
vt 0.1171875 0.02272727273
vt 0.1171875 0.02272727273
vt 0.1171875 0.02272727273
vt 0.1171875 0.02272727273
vt 0.1171875 0.02272727273
vt 0.1171875 0.02272727273
vt 0.1171875 0.02272727273
vt 0.1171875 0.02272727273
vt 0.1171875 0.02272727273
vt 0.1171875 0.02272727273
vt 0.1171875 0.02272727273
vt 0.1171875 0.02272727273
vt 0.1171875 0.02272727273
vt 0.1171875 0.02272727273
vt 0.1171875 0.02272727273
vt 0.1171875 0.02272727273
vt 0.1171875 0.02272727273
vt 0.1171875 0.02272727273
vt 0.1171875 0.02272727273
vt 0.1171875 0.02272727273
vt 0.1171875 0.02272727273
vt 0.1171875 0.02272727273
vt 0.1171875 0.02272727273
vt 0.1171875 0.02272727273
vt 0.1171875 0.02272727273
vt 0.1171875 0.02272727273
vt 0.1171875 0.02272727273
vt 0.1171875 0.02272727273
vt 0.1171875 0.02272727273
vt 0.1171875 0.02272727273
vt 0.1171875 0.02272727273
vt 0.1171875 0.02272727273
vt 0.1171875 0.02272727273
vt 0.1171875 0.02272727273
vt 0.1171875 0.02272727273
vt 0.1171875 0.02272727273
vt 0.1171875 0.02272727273
vt 0.1171875 0.02272727273
vt 0.1171875 0.02272727273
vt 0.1171875 0.02272727273
vt 0.1171875 0.02272727273
vt 0.1171875 0.02272727273
vt 0.1171875 0.02272727273
vt 0.1171875 0.02272727273
vt 0.1171875 0.02272727273
vt 0.1171875 0.02272727273
vt 0.1171875 0.02272727273
vt 0.1171875 0.02272727273
vt 0.1171875 0.02272727273
vt 0.1171875 0.02272727273
vt 0.1171875 0.02272727273
vt 0.1171875 0.02272727273
vt 0.1171875 0.02272727273
vt 0.1171875 0.02272727273
vt 0.1171875 0.02272727273
vt 0.1171875 0.02272727273
vt 0.1171875 0.02272727273
vt 0.1171875 0.02272727273
vt 0.1171875 0.02272727273
vt 0.1171875 0.02272727273
vt 0.1171875 0.02272727273
vt 0.1171875 0.02272727273
vt 0.1171875 0.02272727273
vt 0.1171875 0.02272727273
vt 0.1171875 0.02272727273
vt 0.1171875 0.02272727273
vt 0.1171875 0.02272727273
vt 0.1171875 0.02272727273
vt 0.1171875 0.02272727273
vt 0.1171875 0.02272727273
vt 0.1171875 0.02272727273
vt 0.1171875 0.02272727273
vt 0.1171875 0.02272727273
vt 0.1171875 0.02272727273
vt 0.1171875 0.02272727273
vt 0.1171875 0.02272727273
vt 0.1171875 0.02272727273
vt 0.1171875 0.02272727273
vt 0.1171875 0.02272727273
vt 0.1171875 0.02272727273
vt 0.1171875 0.02272727273
vt 0.1171875 0.02272727273
vt 0.1171875 0.02272727273
vt 0.1171875 0.02272727273
vt 0.1171875 0.02272727273
vt 0.1171875 0.02272727273
vt 0.1171875 0.02272727273
vt 0.1171875 0.02272727273
vt 0.1171875 0.02272727273
vt 0.1171875 0.02272727273
vt 0.1171875 0.02272727273
vt 0.1171875 0.02272727273
vt 0.1171875 0.02272727273
vt 0.1171875 0.02272727273
vt 0.1171875 0.02272727273
vt 0.1171875 0.02272727273
vt 0.1171875 0.02272727273
vt 0.1171875 0.02272727273
vt 0.1171875 0.02272727273
vt 0.1171875 0.02272727273
vt 0.1171875 0.02272727273
vt 0.1171875 0.02272727273
vt 0.1171875 0.02272727273
vt 0.1171875 0.02272727273
vt 0.1171875 0.02272727273
vt 0.1171875 0.02272727273
vt 0.1171875 0.02272727273
vt 0.1171875 0.02272727273
vt 0.1171875 0.02272727273
vt 0.1171875 0.02272727273
vt 0.1171875 0.02272727273
vt 0.1171875 0.02272727273
vt 0.1171875 0.02272727273
vt 0.1171875 0.02272727273
vt 0.1171875 0.02272727273
vt 0.1171875 0.02272727273
vt 0.1171875 0.02272727273
vt 0.1171875 0.02272727273
vt 0.1171875 0.02272727273
vt 0.1171875 0.02272727273
vt 0.1171875 0.02272727273
vt 0.1171875 0.02272727273
vt 0.1171875 0.02272727273
vt 0.1171875 0.02272727273
vt 0.1171875 0.02272727273
vt 0.1171875 0.02272727273
vt 0.1171875 0.02272727273
vt 0.1171875 0.02272727273
vt 0.1171875 0.02272727273
vt 0.1171875 0.02272727273
vt 0.1171875 0.02272727273
vt 0.1171875 0.02272727273
vt 0.1171875 0.02272727273
vt 0.1171875 0.02272727273
vt 0.1171875 0.02272727273
vt 0.1171875 0.02272727273
vt 0.1171875 0.02272727273
vt 0.1171875 0.02272727273
vt 0.1171875 0.02272727273
vt 0.1171875 0.02272727273
vt 0.1171875 0.02272727273
vt 0.1171875 0.02272727273
vt 0.1171875 0.02272727273
vt 0.1171875 0.02272727273
vt 0.1171875 0.02272727273
vt 0.1171875 0.02272727273
vt 0.1171875 0.02272727273
vt 0.1171875 0.02272727273
vt 0.1171875 0.02272727273
vt 0.1171875 0.02272727273
vt 0.1171875 0.02272727273
vt 0.1171875 0.02272727273
vt 0.1171875 0.02272727273
vt 0.1171875 0.02272727273
vt 0.1171875 0.02272727273
vt 0.1171875 0.02272727273
vt 0.1171875 0.02272727273
vt 0.1171875 0.02272727273
vt 0.1171875 0.02272727273
vt 0.1171875 0.02272727273
vt 0.1171875 0.02272727273
vt 0.1171875 0.02272727273
vt 0.1171875 0.02272727273
vt 0.1171875 0.02272727273
vt 0.1171875 0.02272727273
vt 0.1171875 0.02272727273
vt 0.1171875 0.02272727273
vt 0.1171875 0.02272727273
vt 0.1171875 0.02272727273
vt 0.1171875 0.02272727273
vt 0.1171875 0.02272727273
vt 0.1171875 0.02272727273
vt 0.1171875 0.02272727273
vt 0.1171875 0.02272727273
vt 0.1171875 0.02272727273
vt 0.1171875 0.02272727273
vt 0.1171875 0.02272727273
vt 0.1171875 0.02272727273
vt 0.1171875 0.02272727273
vt 0.1171875 0.02272727273
vt 0.1171875 0.02272727273
vt 0.1171875 0.02272727273
vt 0.1171875 0.02272727273
vt 0.1171875 0.02272727273
vt 0.1171875 0.02272727273
vt 0.1171875 0.02272727273
vt 0.1171875 0.02272727273
vt 0.1171875 0.02272727273
vt 0.1171875 0.02272727273
vt 0.1171875 0.02272727273
vt 0.1171875 0.02272727273
vt 0.1171875 0.02272727273
vt 0.1171875 0.02272727273
vt 0.1171875 0.02272727273
vt 0.1171875 0.02272727273
vt 0.1171875 0.02272727273
vt 0.1171875 0.02272727273
vt 0.1171875 0.02272727273
vt 0.1171875 0.02272727273
vt 0.1171875 0.02272727273
vt 0.1171875 0.02272727273
vt 0.1171875 0.02272727273
vt 0.1171875 0.02272727273
vt 0.1171875 0.02272727273
vt 0.1171875 0.02272727273
vt 0.1171875 0.02272727273
vt 0.1171875 0.02272727273
vt 0.1171875 0.02272727273
vt 0.1171875 0.02272727273
vt 0.1171875 0.02272727273
vt 0.1171875 0.02272727273
vt 0.1171875 0.02272727273
vt 0.1171875 0.02272727273
vt 0.1171875 0.02272727273
vt 0.1171875 0.02272727273
vt 0.1171875 0.02272727273
vt 0.1171875 0.02272727273
vt 0.1171875 0.02272727273
vt 0.1171875 0.02272727273
vt 0.1171875 0.02272727273
vt 0.1171875 0.02272727273
vt 0.1171875 0.02272727273
vt 0.1171875 0.02272727273
vt 0.1171875 0.02272727273
vt 0.1171875 0.02272727273
vt 0.1171875 0.02272727273
vt 0.1171875 0.02272727273
vt 0.1171875 0.02272727273
vt 0.1171875 0.02272727273
vt 0.1171875 0.02272727273
vt 0.1171875 0.02272727273
vt 0.1171875 0.02272727273
vt 0.1171875 0.02272727273
vt 0.1171875 0.02272727273
vt 0.1171875 0.02272727273
vt 0.1171875 0.02272727273
vt 0.1171875 0.02272727273
vt 0.1171875 0.02272727273
vt 0.1171875 0.02272727273
vt 0.1171875 0.02272727273
vt 0.1171875 0.02272727273
vt 0.1171875 0.02272727273
vt 0.1171875 0.02272727273
vt 0.1171875 0.02272727273
vt 0.1171875 0.02272727273
vt 0.1171875 0.02272727273
vt 0.1171875 0.02272727273
vt 0.1171875 0.02272727273
vt 0.1171875 0.02272727273
vt 0.1171875 0.02272727273
vt 0.1171875 0.02272727273
vt 0.1171875 0.02272727273
vt 0.1171875 0.02272727273
vt 0.1171875 0.02272727273
vt 0.1171875 0.02272727273
vt 0.1171875 0.02272727273
vt 0.1171875 0.02272727273
vt 0.1171875 0.02272727273
vt 0.1171875 0.02272727273
vt 0.1171875 0.02272727273
vt 0.1171875 0.02272727273
vt 0.1171875 0.02272727273
vt 0.1171875 0.02272727273
vt 0.1171875 0.02272727273
vt 0.1171875 0.02272727273
vt 0.1171875 0.02272727273
vt 0.1171875 0.02272727273
vt 0.1171875 0.02272727273
vt 0.1171875 0.02272727273
vt 0.1171875 0.02272727273
vt 0.1171875 0.02272727273
vt 0.1171875 0.02272727273
vt 0.1171875 0.02272727273
vt 0.1171875 0.02272727273
vt 0.1171875 0.02272727273
vt 0.1171875 0.02272727273
vt 0.1171875 0.02272727273
vt 0.1171875 0.02272727273
vt 0.1171875 0.02272727273
vt 0.1171875 0.02272727273
vt 0.1171875 0.02272727273
vt 0.1171875 0.02272727273
vt 0.1171875 0.02272727273
vt 0.1171875 0.02272727273
vt 0.1171875 0.02272727273
vt 0.1171875 0.02272727273
vt 0.1171875 0.02272727273
vt 0.1171875 0.02272727273
vt 0.1171875 0.02272727273
vt 0.1171875 0.02272727273
vt 0.1171875 0.02272727273
vt 0.1171875 0.02272727273
vt 0.1171875 0.02272727273
vt 0.1171875 0.02272727273
vt 0.1171875 0.02272727273
vt 0.1171875 0.02272727273
vt 0.1171875 0.02272727273
vt 0.1171875 0.02272727273
vt 0.1171875 0.02272727273
vt 0.1171875 0.02272727273
vt 0.1171875 0.02272727273
vt 0.1171875 0.02272727273
vt 0.1171875 0.02272727273
vt 0.1171875 0.02272727273
vt 0.1171875 0.02272727273
vt 0.1171875 0.02272727273
vt 0.1171875 0.02272727273
vt 0.1171875 0.02272727273
vt 0.1171875 0.02272727273
vt 0.1171875 0.02272727273
vt 0.1171875 0.02272727273
vt 0.1171875 0.02272727273
vt 0.1171875 0.02272727273
vt 0.1171875 0.02272727273
vt 0.1171875 0.02272727273
vt 0.1171875 0.02272727273
vt 0.1171875 0.02272727273
vt 0.1171875 0.02272727273
vt 0.1171875 0.02272727273
vt 0.1171875 0.02272727273
vt 0.1171875 0.02272727273
vt 0.1171875 0.02272727273
vt 0.1171875 0.02272727273
vt 0.1171875 0.02272727273
vt 0.1171875 0.02272727273
vt 0.1171875 0.02272727273
vt 0.1171875 0.02272727273
vt 0.1171875 0.02272727273
vt 0.1171875 0.02272727273
vt 0.1171875 0.02272727273
vt 0.1171875 0.02272727273
vt 0.1171875 0.02272727273
vt 0.1171875 0.02272727273
vt 0.1171875 0.02272727273
vt 0.1171875 0.02272727273
vt 0.1171875 0.02272727273
vt 0.1171875 0.02272727273
vt 0.1171875 0.02272727273
vt 0.1171875 0.02272727273
vt 0.1171875 0.02272727273
vt 0.1171875 0.02272727273
vt 0.1171875 0.02272727273
vt 0.1171875 0.02272727273
vt 0.1171875 0.02272727273
vt 0.1171875 0.02272727273
vt 0.1171875 0.02272727273
vt 0.1171875 0.02272727273
vt 0.1171875 0.02272727273
vt 0.1171875 0.02272727273
vt 0.1171875 0.02272727273
vt 0.1171875 0.02272727273
vt 0.1171875 0.02272727273
vt 0.1171875 0.02272727273
vt 0.1171875 0.02272727273
vt 0.1171875 0.02272727273
vt 0.1171875 0.02272727273
vt 0.1171875 0.02272727273
vt 0.1171875 0.02272727273
vt 0.1171875 0.02272727273
vt 0.1171875 0.02272727273
vt 0.1171875 0.02272727273
vt 0.1171875 0.02272727273
vt 0.1171875 0.02272727273
vt 0.1171875 0.02272727273
vt 0.1171875 0.02272727273
vt 0.1171875 0.02272727273
vt 0.1171875 0.02272727273
vt 0.1171875 0.02272727273
vt 0.1171875 0.02272727273
vt 0.1171875 0.02272727273
vt 0.1171875 0.02272727273
vt 0.1171875 0.02272727273
vt 0.1890008404 0.1970623063
vt 0.1887417872 0.1970408277
vt 0.1858709811 0.1968000663
vt 0.1171875 0.02272727273
vt 0.1171875 0.02272727273
vt 0.1171875 0.02272727273
vt 0.1171875 0.02272727273
vt 0.1171875 0.02272727273
vt 0.1171875 0.02272727273
vt 0.1171875 0.02272727273
vt 0.1171875 0.02272727273
vt 0.1171875 0.02272727273
vt 0.1171875 0.02272727273
vt 0.1171875 0.02272727273
vt 0.1171875 0.02272727273
vt 0.1171875 0.02272727273
vt 0.1171875 0.02272727273
vt 0.1171875 0.02272727273
vt 0.1171875 0.02272727273
vt 0.1171875 0.02272727273
vt 0.1171875 0.02272727273
vt 0.1171875 0.02272727273
vt 0.1171875 0.02272727273
vt 0.1171875 0.02272727273
vt 0.1171875 0.02272727273
vt 0.1171875 0.02272727273
vt 0.1171875 0.02272727273
vt 0.1171875 0.02272727273
vt 0.1171875 0.02272727273
vt 0.1171875 0.02272727273
vt 0.1171875 0.02272727273
vt 0.1171875 0.02272727273
vt 0.1171875 0.02272727273
vt 0.1171875 0.02272727273
vt 0.1171875 0.02272727273
vt 0.1171875 0.02272727273
vt 0.1171875 0.02272727273
vt 0.1171875 0.02272727273
vt 0.1171875 0.02272727273
vt 0.1171875 0.02272727273
vt 0.1171875 0.02272727273
vt 0.1171875 0.02272727273
vt 0.1171875 0.02272727273
vt 0.1171875 0.02272727273
vt 0.1171875 0.02272727273
vt 0.1171875 0.02272727273
vt 0.1171875 0.02272727273
vt 0.1171875 0.02272727273
vt 0.1171875 0.02272727273
vt 0.1171875 0.02272727273
vt 0.1171875 0.02272727273
vt 0.1171875 0.02272727273
vt 0.1171875 0.02272727273
vt 0.1171875 0.02272727273
vt 0.1171875 0.02272727273
vt 0.1171875 0.02272727273
vt 0.1171875 0.02272727273
vt 0.1171875 0.02272727273
vt 0.1171875 0.02272727273
vt 0.1171875 0.02272727273
vt 0.1171875 0.02272727273
vt 0.1171875 0.02272727273
vt 0.1171875 0.02272727273
vt 0.1171875 0.02272727273
vt 0.1171875 0.02272727273
vt 0.1171875 0.02272727273
vt 0.1171875 0.02272727273
vt 0.1171875 0.02272727273
vt 0.1171875 0.02272727273
vt 0.1171875 0.02272727273
vt 0.1171875 0.02272727273
vt 0.1171875 0.02272727273
vt 0.1171875 0.02272727273
vt 0.1171875 0.02272727273
vt 0.1171875 0.02272727273
vt 0.1171875 0.02272727273
vt 0.1171875 0.02272727273
vt 0.1171875 0.02272727273
vt 0.1171875 0.02272727273
vt 0.1171875 0.02272727273
vt 0.1171875 0.02272727273
vt 0.1171875 0.02272727273
vt 0.1171875 0.02272727273
vt 0.1171875 0.02272727273
vt 0.1171875 0.02272727273
vt 0.1171875 0.02272727273
vt 0.1171875 0.02272727273
vt 0.1171875 0.02272727273
vt 0.1171875 0.02272727273
vt 0.1171875 0.02272727273
vt 0.1171875 0.02272727273
vt 0.1171875 0.02272727273
vt 0.1171875 0.02272727273
vt 0.1171875 0.02272727273
vt 0.1171875 0.02272727273
vt 0.1171875 0.02272727273
vt 0.1171875 0.02272727273
vt 0.1171875 0.02272727273
vt 0.1171875 0.02272727273
vt 0.1171875 0.02272727273
vt 0.1171875 0.02272727273
vt 0.1171875 0.02272727273
vt 0.1171875 0.02272727273
vt 0.1171875 0.02272727273
vt 0.1171875 0.02272727273
vt 0.1171875 0.02272727273
vt 0.1171875 0.02272727273
vt 0.1171875 0.02272727273
vt 0.1171875 0.02272727273
vt 0.1171875 0.02272727273
vt 0.1171875 0.02272727273
vt 0.1171875 0.02272727273
vt 0.1171875 0.02272727273
vt 0.1171875 0.02272727273
vt 0.1171875 0.02272727273
vt 0.1171875 0.02272727273
vt 0.1171875 0.02272727273
vt 0.1171875 0.02272727273
vt 0.1171875 0.02272727273
vt 0.1171875 0.02272727273
vt 0.1171875 0.02272727273
vt 0.1171875 0.02272727273
vt 0.1171875 0.02272727273
vt 0.1171875 0.02272727273
vt 0.1171875 0.02272727273
vt 0.1171875 0.02272727273
vt 0.1171875 0.02272727273
vt 0.1171875 0.02272727273
vt 0.1171875 0.02272727273
vt 0.1171875 0.02272727273
vt 0.1171875 0.02272727273
vt 0.1171875 0.02272727273
vt 0.1171875 0.02272727273
vt 0.1171875 0.02272727273
vt 0.1171875 0.02272727273
vt 0.1171875 0.02272727273
vt 0.1171875 0.02272727273
vt 0.1171875 0.02272727273
vt 0.1171875 0.02272727273
vt 0.1171875 0.02272727273
vt 0.1171875 0.02272727273
vt 0.1171875 0.02272727273
vt 0.1171875 0.02272727273
vt 0.1171875 0.02272727273
vt 0.1171875 0.02272727273
vt 0.1171875 0.02272727273
vt 0.1171875 0.02272727273
vt 0.1171875 0.02272727273
vt 0.1171875 0.02272727273
vt 0.1171875 0.02272727273
vt 0.1171875 0.02272727273
vt 0.1171875 0.02272727273
vt 0.1171875 0.02272727273
vt 0.1171875 0.02272727273
vt 0.1171875 0.02272727273
vt 0.1171875 0.02272727273
vt 0.1171875 0.02272727273
vt 0.1171875 0.02272727273
vt 0.1171875 0.02272727273
vt 0.1171875 0.02272727273
vt 0.1171875 0.02272727273
vt 0.1171875 0.02272727273
vt 0.1171875 0.02272727273
vt 0.1171875 0.02272727273
vt 0.1171875 0.02272727273
vt 0.1171875 0.02272727273
vt 0.1171875 0.02272727273
vt 0.1171875 0.02272727273
vt 0.1171875 0.02272727273
vt 0.1171875 0.02272727273
vt 0.1171875 0.02272727273
vt 0.1171875 0.02272727273
vt 0.1171875 0.02272727273
vt 0.1171875 0.02272727273
vt 0.1171875 0.02272727273
vt 0.1171875 0.02272727273
vt 0.1171875 0.02272727273
vt 0.1171875 0.02272727273
vt 0.1171875 0.02272727273
vt 0.1171875 0.02272727273
vt 0.1171875 0.02272727273
vt 0.1171875 0.02272727273
vt 0.1171875 0.02272727273
vt 0.1171875 0.02272727273
vt 0.1171875 0.02272727273
vt 0.1171875 0.02272727273
vt 0.1171875 0.02272727273
vt 0.1171875 0.02272727273
vt 0.1171875 0.02272727273
vn -0.1949744801 -0.8577504727 -0.4756564713
vn -0.1841260396 -0.8538745008 -0.4868222862
vn -0.1832863459 -0.8495524558 -0.494637989
vn -0.2025918679 -0.97762184 -0.05667515409
vn -0.2035547611 -0.9520513092 -0.2283938788
vn -0.2019865493 -0.9430947754 -0.2641470775
vn -0.2025918679 -0.97762184 -0.05667515409
vn -0.2063365399 -0.9766414081 -0.05997326323
vn -0.20639516 -0.9750938997 -0.08119682715
vn -0.2025918679 -0.97762184 -0.05667515409
vn -0.20639516 -0.9750938997 -0.08119682715
vn -0.2035547611 -0.9520513092 -0.2283938788
vn -0.2025918683 -0.9776218394 -0.05667516182
vn -0.2075185429 -0.9778197091 -0.02836672118
vn -0.2063365395 -0.9766414082 -0.0599732626
vn -0.2075185261 -0.9778197134 -0.02836669688
vn -0.2327669576 -0.9671177142 0.1024835123
vn -0.2097554352 -0.9775984279 -0.01743476713
vn -0.2025918577 -0.9776218425 -0.05667514627
vn -0.2391671972 -0.9619382129 0.13218898
vn -0.2075185261 -0.9778197134 -0.02836669688
vn -0.2391671972 -0.9619382129 0.13218898
vn -0.2327669576 -0.9671177142 0.1024835123
vn -0.2075185261 -0.9778197134 -0.02836669688
vn -0.2391671972 -0.9619382129 0.13218898
vn -0.2382659878 -0.9619655613 0.1336097969
vn -0.2327669576 -0.9671177142 0.1024835123
vn -0.2391671987 -0.9619382119 0.1321889842
vn -0.2402477384 -0.958235713 0.1551300823
vn -0.2382659876 -0.9619655616 0.1336097953
vn -0.1974286978 -0.919833815 -0.339009826
vn -0.2019865493 -0.9430947754 -0.2641470775
vn -0.1975013362 -0.9199810642 -0.3385676648
vn -0.2025918679 -0.97762184 -0.05667515409
vn -0.2019865493 -0.9430947754 -0.2641470775
vn -0.1974286978 -0.919833815 -0.339009826
vn -0.1974286978 -0.9198338149 -0.3390098263
vn -0.19750133 -0.9199810648 -0.3385676669
vn -0.1974502267 -0.9198256623 -0.339019408
vn -0.1974286968 -0.9198338123 -0.3390098338
vn -0.1974502252 -0.919825658 -0.3390194203
vn -0.1972559423 -0.919085894 -0.341132251
vn -0.2382659876 -0.9619655616 0.1336097953
vn -0.2402477384 -0.958235713 0.1551300823
vn -0.2387589483 -0.9610870382 0.1389455634
vn -0.2025918747 -0.9776218376 -0.05667516979
vn -0.1974286986 -0.9198338139 -0.3390098285
vn -0.1494039573 -0.9483734865 -0.2797609473
vn -0.2025918781 -0.9776218377 -0.05667515712
vn -0.1482256872 -0.9877843846 -0.04807447567
vn -0.2391671754 -0.9619382167 0.1321889917
vn -0.2025918758 -0.9776218384 -0.05667515213
vn -0.1494039602 -0.9483734936 -0.2797609218
vn -0.1482256846 -0.9877843853 -0.04807446887
vn -0.2391671699 -0.9619382183 0.1321889899
vn -0.1482256908 -0.9877843841 -0.04807447466
vn -0.1693222137 -0.9748263602 0.14506397
vn -0.197428695 -0.9198338121 -0.3390098355
vn -0.1972559371 -0.9190858934 -0.3411322558
vn -0.1949744801 -0.8577504727 -0.4756564713
vn -0.1949744801 -0.8577504727 -0.4756564713
vn -0.1972559371 -0.9190858934 -0.3411322558
vn -0.1954774024 -0.9106251192 -0.364074824
vn -0.1949744801 -0.8577504727 -0.4756564713
vn -0.1954774024 -0.9106251192 -0.364074824
vn -0.1929697212 -0.8984533515 -0.3943910013
vn -0.1949744801 -0.8577504727 -0.4756564713
vn -0.1929697212 -0.8984533515 -0.3943910013
vn -0.1910338642 -0.888823536 -0.416531853
vn -0.1949744801 -0.8577504727 -0.4756564713
vn -0.1910338642 -0.888823536 -0.416531853
vn -0.1841260396 -0.8538745008 -0.4868222862
vn -0.1974286955 -0.9198338121 -0.339009835
vn -0.1949744828 -0.8577504713 -0.4756564728
vn -0.1494039538 -0.9483734874 -0.279760946
vn -0.1795620496 -0.8608859168 -0.4760597742
vn -0.1686783715 -0.8845881812 -0.4348003642
vn -0.1680650336 -0.8858646244 -0.4324326672
vn -0.1795620496 -0.8608859168 -0.4760597742
vn -0.1680650336 -0.8858646244 -0.4324326672
vn -0.1672144714 -0.8876581404 -0.4290714934
vn -0.1949744801 -0.8577504708 -0.4756564748
vn -0.1832863458 -0.8495524472 -0.494638004
vn -0.179562047 -0.8608859216 -0.4760597665
vn -0.1735798846 -0.9008254958 -0.3979741822
vn -0.1672144714 -0.8876581404 -0.4290714934
vn -0.1512302091 -0.9184918234 -0.3653795207
vn -0.1735798846 -0.9008254958 -0.3979741822
vn -0.1795620496 -0.8608859168 -0.4760597742
vn -0.1672144714 -0.8876581404 -0.4290714934
vn -0.1949744801 -0.8577504708 -0.4756564748
vn -0.179562047 -0.8608859216 -0.4760597665
vn -0.1735798856 -0.9008254945 -0.3979741849
vn -0.1735798834 -0.9008254972 -0.3979741796
vn -0.1123624602 -0.962313208 -0.247644841
vn -0.1060923003 -0.9677802247 -0.2283546815
vn -0.1735798834 -0.9008254972 -0.3979741796
vn -0.1458415174 -0.9255889629 -0.3493069188
vn -0.1333220176 -0.9407938115 -0.3116604626
vn -0.1735798834 -0.9008254972 -0.3979741796
vn -0.1512302127 -0.9184918191 -0.3653795302
vn -0.1458415174 -0.9255889629 -0.3493069188
vn -0.1735798834 -0.9008254972 -0.3979741796
vn -0.1333220176 -0.9407938115 -0.3116604626
vn -0.1123624602 -0.962313208 -0.247644841
vn -0.1949744816 -0.8577504709 -0.475656474
vn -0.1761042784 -0.8442158553 -0.5062478373
vn -0.1761956369 -0.8940601598 -0.4118392018
vn -0.1482256764 -0.9877843861 -0.04807447718
vn -0.1300912032 -0.9910552047 -0.02976340211
vn -0.169322206 -0.9748263617 0.1450639686
vn -0.1494039393 -0.9483734874 -0.2797609539
vn -0.1364799844 -0.9695276169 -0.203443884
vn -0.1482256736 -0.9877843861 -0.04807448715
vn -0.149403937 -0.9483734881 -0.2797609527
vn -0.1761956365 -0.8940601571 -0.4118392079
vn -0.1364799818 -0.9695276169 -0.2034438858
vn -0.1364799844 -0.9695276169 -0.203443884
vn -0.1300912031 -0.9910552048 -0.02976340026
vn -0.1482256742 -0.9877843865 -0.04807447676
vn -0.1300912008 -0.9910552052 -0.02976339459
vn -0.1715420619 -0.978945591 0.1106293404
vn -0.1693222038 -0.9748263612 0.1450639748
vn -0.194974481 -0.8577504715 -0.4756564731
vn -0.1761956384 -0.8940601577 -0.4118392058
vn -0.1494039396 -0.9483734893 -0.2797609474
vn -0.1949744809 -0.8577504742 -0.4756564684
vn -0.1735798856 -0.9008254947 -0.3979741844
vn -0.1761042766 -0.8442158641 -0.5062478232
vn -0.06046416979 -0.9861734108 -0.1542922161
vn -0.0639795203 -0.9875966673 -0.143385647
vn -0.06169993706 -0.9883762726 -0.1389440949
vn -0.101064005 -0.9494343146 -0.2972550239
vn -0.1060923078 -0.9677802237 -0.2283546822
vn -0.09007644084 -0.9765614422 -0.1954839748
vn -0.1735798835 -0.9008254972 -0.3979741796
vn -0.1060923078 -0.9677802237 -0.2283546822
vn -0.101064005 -0.9494343146 -0.2972550239
vn -0.101064005 -0.9494343146 -0.2972550239
vn -0.09007644084 -0.9765614422 -0.1954839748
vn -0.07388854201 -0.9838851601 -0.162820377
vn -0.1010640031 -0.949434316 -0.29725502
vn -0.07388854125 -0.9838851604 -0.1628203754
vn -0.07099946232 -0.9850335989 -0.157060133
vn -0.3552171125 1.705743641e-06 -0.9347838269
vn -0.3552171125 1.705743641e-06 -0.9347838269
vn -0.3552171125 1.705743641e-06 -0.9347838269
vn -0.1735798844 -0.9008254964 -0.3979741811
vn -0.101064004 -0.9494343148 -0.2972550234
vn -0.1761042826 -0.8442158537 -0.5062478385
vn -0.06046416979 -0.9861734108 -0.1542922161
vn -0.1010640031 -0.949434316 -0.29725502
vn -0.0639795203 -0.9875966673 -0.143385647
vn -0.1010640031 -0.949434316 -0.29725502
vn -0.07099946232 -0.9850335989 -0.157060133
vn -0.0639795203 -0.9875966673 -0.143385647
vn -0.3552172425 0 -0.9347837775
vn -0.3552172425 0 -0.9347837775
vn -0.3552172425 0 -0.9347837775
vn -0.06046416064 -0.9861734155 -0.1542921896
vn -0.05473153991 -0.987903424 -0.145090604
vn -0.04144531435 -0.9892813375 -0.1400168607
vn -0.09521732186 0 -0.9954565092
vn -0.09521732186 0 -0.9954565092
vn -0.09521732186 0 -0.9954565092
vn -0.2402477407 -0.9582357111 0.1551300906
vn -0.2558280372 -0.9212186285 0.2931010983
vn -0.2552416405 -0.9232783771 0.287069231
vn -0.2402477407 -0.9582357111 0.1551300906
vn -0.2559617659 -0.9207501459 0.2944532955
vn -0.2558280372 -0.9212186285 0.2931010983
vn -0.239167202 -0.9619382095 0.1321889956
vn -0.2559617659 -0.9207501459 0.2944532955
vn -0.2402477407 -0.9582357111 0.1551300906
vn -0.239167202 -0.9619382095 0.1321889956
vn -0.2596878282 -0.9096329295 0.3242378225
vn -0.2559617659 -0.9207501459 0.2944532955
vn -0.2596878282 -0.9096329295 0.3242378225
vn -0.2586010959 -0.9109446354 0.3214114877
vn -0.2559617659 -0.9207501459 0.2944532955
vn -0.2596878284 -0.9096329297 0.3242378216
vn -0.2569335195 -0.9093403493 0.3272388969
vn -0.2586010987 -0.9109446332 0.3214114915
vn -0.2596878285 -0.90963293 0.3242378208
vn -0.258166317 -0.8915620986 0.3721117805
vn -0.2569335146 -0.9093403508 0.3272388967
vn -0.2569335146 -0.9093403508 0.3272388967
vn -0.258166317 -0.8915620986 0.3721117805
vn -0.2581195304 -0.8921129397 0.3708218047
vn -0.2596878275 -0.9096329305 0.3242378202
vn -0.2266838905 -0.9235581189 0.309281126
vn -0.2581663324 -0.8915620904 0.3721117894
vn -0.2266838905 -0.9235581189 0.309281126
vn -0.2548194405 -0.8777643933 0.4057052165
vn -0.2581663324 -0.8915620904 0.3721117894
vn -0.2391671695 -0.9619382184 0.1321889896
vn -0.1693222136 -0.9748263604 0.1450639691
vn -0.2596878271 -0.9096329298 0.3242378223
vn -0.2596878276 -0.90963293 0.3242378216
vn -0.1693222096 -0.9748263604 0.1450639733
vn -0.2266838896 -0.9235581202 0.3092811225
vn -0.2834531995 -0.8569741445 0.4304063188
vn -0.2548194649 -0.8777643817 0.4057052261
vn -0.2266838954 -0.9235581172 0.3092811274
vn -0.2581663324 -0.8915620904 0.3721117894
vn -0.2548194405 -0.8777643933 0.4057052165
vn -0.2548617482 -0.8779193363 0.4053432229
vn -0.2582491453 -0.8735509784 0.4125724993
vn -0.2285075523 -0.8882948939 0.3983923694
vn -0.249358997 -0.8781095008 0.4083427423
vn -0.2834531995 -0.8569741445 0.4304063188
vn -0.2582491505 -0.8735509735 0.4125725063
vn -0.2548194649 -0.8777643817 0.4057052261
vn -0.2834531993 -0.8569741448 0.4304063185
vn -0.2285075523 -0.8882948939 0.3983923694
vn -0.2582491453 -0.8735509784 0.4125724993
vn -0.2834531954 -0.8569741474 0.4304063158
vn -0.2269077422 -0.8889369185 0.3978743915
vn -0.2285075507 -0.8882948948 0.3983923683
vn -0.2834531954 -0.8569741474 0.4304063158
vn -0.2243118959 -0.8899507917 0.3970790372
vn -0.2269077422 -0.8889369185 0.3978743915
vn -0.2834531954 -0.8569741474 0.4304063158
vn -0.2223676603 -0.8906830339 0.3965303983
vn -0.2243118959 -0.8899507917 0.3970790372
vn -0.2834531954 -0.8569741474 0.4304063158
vn -0.2212713266 -0.8910804473 0.3962507243
vn -0.2223676603 -0.8906830339 0.3965303983
vn -0.2473109342 -0.8754926131 0.4151505585
vn -0.1719552585 -0.9379979595 0.3009837488
vn -0.2212713333 -0.8910804391 0.3962507389
vn -0.2834531954 -0.8569741474 0.4304063158
vn -0.2473109159 -0.8754926377 0.4151505174
vn -0.2212713266 -0.8910804473 0.3962507243
vn -0.2473109342 -0.8754926131 0.4151505585
vn -0.1402135472 -0.9607519985 0.2393653243
vn -0.1719552585 -0.9379979595 0.3009837488
vn -0.1157738453 -0.9748179015 0.190595057
vn -0.1156255652 -0.9749096862 0.1902152266
vn -0.1201504305 -0.9723965181 0.2000222131
vn -0.2473109342 -0.8754926131 0.4151505585
vn -0.1201504277 -0.9723965178 0.2000222161
vn -0.1402135472 -0.9607519985 0.2393653243
vn -0.2473109342 -0.8754926131 0.4151505585
vn -0.1157738515 -0.974817902 0.1905950503
vn -0.1201504277 -0.9723965178 0.2000222161
vn -0.1157738423 -0.9748179042 0.1905950449
vn -0.1140956049 -0.9756028964 0.187566472
vn -0.1156255653 -0.9749096863 0.1902152262
vn -0.1157738433 -0.9748179046 0.1905950422
vn -0.1131397574 -0.9760967996 0.1855651722
vn -0.1140956066 -0.9756028971 0.1875664676
vn -0.1157738433 -0.9748179046 0.1905950422
vn -0.0863624016 -0.9878442807 0.1292486467
vn -0.1131397574 -0.9760967996 0.1855651722
vn -0.1157738433 -0.9748179046 0.1905950422
vn -0.06301093005 -0.9958391333 0.0658334512
vn -0.0863624016 -0.9878442807 0.1292486467
vn -0.06301093005 -0.9958391333 0.0658334512
vn -0.0717943488 -0.9925668108 0.098268497
vn -0.0863624016 -0.9878442807 0.1292486467
vn -0.1693222041 -0.9748263612 0.1450639746
vn -0.1715420626 -0.9789455908 0.110629341
vn -0.2266838931 -0.9235581197 0.3092811217
vn -0.2834532034 -0.8569741356 0.4304063341
vn -0.2266838939 -0.9235581194 0.309281122
vn -0.2307425241 -0.9406070292 0.2490307294
vn -0.1715420634 -0.9789455896 0.1106293499
vn -0.2307425236 -0.940607029 0.2490307308
vn -0.2266838926 -0.9235581208 0.3092811187
vn -0.2834532054 -0.8569741389 0.4304063261
vn -0.2307425243 -0.9406070292 0.249030729
vn -0.285626156 -0.863502534 0.4156694273
vn -0.2834532064 -0.8569741381 0.430406327
vn -0.2856261577 -0.8635025307 0.4156694329
vn -0.2473108978 -0.8754926516 0.415150499
vn -0.2473109047 -0.8754926439 0.4151505111
vn -0.2856261688 -0.8635025177 0.4156694523
vn -0.2785039604 -0.8463762925 0.4539633415
vn -0.2473109274 -0.8754926155 0.4151505574
vn -0.2785039444 -0.8463763159 0.4539633079
vn -0.1157738479 -0.9748179026 0.1905950494
vn -0.1157738579 -0.9748179006 0.190595054
vn -0.1969667231 -0.9445358444 0.262785366
vn -0.06301092405 -0.995839134 0.06583344644
vn -0.06301093005 -0.9958391333 0.0658334512
vn -0.04880686556 -0.9975977525 0.04915906825
vn -0.0717943488 -0.9925668108 0.098268497
vn -0.1157738494 -0.9748179026 0.1905950487
vn -0.2785039488 -0.8463763122 0.4539633121
vn -0.1969667156 -0.9445358467 0.2627853634
vn -0.04880687197 -0.9975977516 0.04915908022
vn -0.04923950945 -0.9977267262 0.04600924399
vn -0.04880673423 -0.9976247886 0.04860744742
vn -0.063010924 -0.9958391344 0.06583343991
vn -0.04923950945 -0.9977267262 0.04600924399
vn -0.04880687197 -0.9975977516 0.04915908022
vn -0.06301093771 -0.995839133 0.06583344903
vn -0.04728454594 -0.9978988552 0.04429499466
vn -0.04923950462 -0.9977267266 0.04600924078
vn -0.06301093771 -0.995839133 0.06583344903
vn -0.0266214687 -0.9992983017 0.02634770673
vn -0.04728454594 -0.9978988552 0.04429499466
vn -0.06301093347 -0.9958391331 0.06583345104
vn -0.02061691388 -0.9996040232 0.01915044913
vn -0.02662145165 -0.9992983019 0.02634771481
vn -0.06301093347 -0.9958391331 0.06583345104
vn -0.0193400321 -0.9996579795 0.01760361045
vn -0.02061691388 -0.9996040232 0.01915044913
vn -0.06301093347 -0.9958391331 0.06583345104
vn -0.01460832109 -0.9998474184 0.009577932553
vn -0.0193400321 -0.9996579795 0.01760361045
vn -0.514494991 4.666436137e-06 0.8574933844
vn -0.514494991 4.666436137e-06 0.8574933844
vn -0.514494991 4.666436137e-06 0.8574933844
vn -0.1969667257 -0.9445358442 0.2627853649
vn -0.2031965862 -0.9077123386 0.3671095989
vn -0.06301093978 -0.9958391334 0.06583344041
vn -0.06301093347 -0.9958391331 0.06583345104
vn -0.0249511503 -0.9995635707 0.01581481329
vn -0.01460832109 -0.9998474184 0.009577932553
vn -0.5144957554 0 0.8574929257
vn -0.5144957554 0 0.8574929257
vn -0.5144957554 0 0.8574929257
vn -0.5144946329 0 0.8574935992
vn -0.5144946329 0 0.8574935992
vn -0.5144946329 0 0.8574935992
vn -0.06301093439 -0.9958391336 0.06583344271
vn -0.07033299225 -0.9794987019 0.1887738411
vn -0.02495115319 -0.999563571 0.0158147872
vn -0.01460834036 -0.9998474178 0.009577965121
vn -0.02495115859 -0.9995635702 0.01581482731
vn -0.01568875037 -0.9998120974 0.01138564495
vn -0.172379998 0 0.9850305256
vn -0.172379998 0 0.9850305256
vn -0.172379998 0 0.9850305256
vn -0.1795620496 0.8608859168 -0.4760597742
vn -0.1680650336 0.8858646244 -0.4324326672
vn -0.1686783715 0.8845881812 -0.4348003642
vn -0.1795620496 0.8608859168 -0.4760597742
vn -0.1672144714 0.8876581404 -0.4290714934
vn -0.1680650336 0.8858646244 -0.4324326672
vn -0.1735798834 0.9008254972 -0.3979741796
vn -0.1060923003 0.9677802247 -0.2283546815
vn -0.1123624602 0.962313208 -0.247644841
vn -0.1735798834 0.9008254972 -0.3979741796
vn -0.1333220176 0.9407938115 -0.3116604626
vn -0.1458415174 0.9255889629 -0.3493069188
vn -0.1735798834 0.9008254972 -0.3979741796
vn -0.1458415174 0.9255889629 -0.3493069188
vn -0.1512302127 0.9184918191 -0.3653795302
vn -0.1735798834 0.9008254972 -0.3979741796
vn -0.1123624602 0.962313208 -0.247644841
vn -0.1333220176 0.9407938115 -0.3116604626
vn -0.1735798846 0.9008254958 -0.3979741822
vn -0.1512302091 0.9184918234 -0.3653795207
vn -0.1672144714 0.8876581404 -0.4290714934
vn -0.1735798846 0.9008254958 -0.3979741822
vn -0.1672144714 0.8876581404 -0.4290714934
vn -0.1795620496 0.8608859168 -0.4760597742
vn -0.1949744801 0.8577504708 -0.4756564748
vn -0.179562047 0.8608859216 -0.4760597665
vn -0.1832863458 0.8495524472 -0.494638004
vn -0.1735798856 0.9008254945 -0.3979741849
vn -0.179562047 0.8608859216 -0.4760597665
vn -0.1949744801 0.8577504708 -0.4756564748
vn -0.1949744801 0.8577504727 -0.4756564713
vn -0.1832863459 0.8495524558 -0.494637989
vn -0.1841260396 0.8538745008 -0.4868222862
vn -0.1974286978 0.919833815 -0.339009826
vn -0.1975013362 0.9199810642 -0.3385676648
vn -0.2019865493 0.9430947754 -0.2641470775
vn -0.1974286978 0.919833815 -0.339009826
vn -0.2019865493 0.9430947754 -0.2641470775
vn -0.2025918679 0.97762184 -0.05667515409
vn -0.1974286968 0.9198338123 -0.3390098338
vn -0.1972559423 0.919085894 -0.341132251
vn -0.1974502252 0.919825658 -0.3390194203
vn -0.1974286978 0.9198338149 -0.3390098263
vn -0.1974502267 0.9198256623 -0.339019408
vn -0.19750133 0.9199810648 -0.3385676669
vn -0.2382659876 0.9619655616 0.1336097953
vn -0.2387589483 0.9610870382 0.1389455634
vn -0.2402477384 0.958235713 0.1551300823
vn -0.2025918679 0.97762184 -0.05667515409
vn -0.2019865493 0.9430947754 -0.2641470775
vn -0.2035547611 0.9520513092 -0.2283938788
vn -0.2025918679 0.97762184 -0.05667515409
vn -0.20639516 0.9750938997 -0.08119682715
vn -0.2063365399 0.9766414081 -0.05997326323
vn -0.2025918679 0.97762184 -0.05667515409
vn -0.2035547611 0.9520513092 -0.2283938788
vn -0.20639516 0.9750938997 -0.08119682715
vn -0.2075185261 0.9778197134 -0.02836669688
vn -0.2097554352 0.9775984279 -0.01743476713
vn -0.2327669576 0.9671177142 0.1024835123
vn -0.2025918683 0.9776218394 -0.05667516182
vn -0.2063365395 0.9766414082 -0.0599732626
vn -0.2075185429 0.9778197091 -0.02836672118
vn -0.2025918577 0.9776218425 -0.05667514627
vn -0.2075185261 0.9778197134 -0.02836669688
vn -0.2391671972 0.9619382129 0.13218898
vn -0.2391671972 0.9619382129 0.13218898
vn -0.2075185261 0.9778197134 -0.02836669688
vn -0.2327669576 0.9671177142 0.1024835123
vn -0.2391671972 0.9619382129 0.13218898
vn -0.2327669576 0.9671177142 0.1024835123
vn -0.2382659878 0.9619655613 0.1336097969
vn -0.2391671987 0.9619382119 0.1321889842
vn -0.2382659876 0.9619655616 0.1336097953
vn -0.2402477384 0.958235713 0.1551300823
vn -0.1949744801 0.8577504727 -0.4756564713
vn -0.1841260396 0.8538745008 -0.4868222862
vn -0.1910338642 0.888823536 -0.416531853
vn -0.1949744801 0.8577504727 -0.4756564713
vn -0.1910338642 0.888823536 -0.416531853
vn -0.1929697212 0.8984533515 -0.3943910013
vn -0.1949744801 0.8577504727 -0.4756564713
vn -0.1954774024 0.9106251192 -0.364074824
vn -0.1972559371 0.9190858934 -0.3411322558
vn -0.197428695 0.9198338121 -0.3390098355
vn -0.1949744801 0.8577504727 -0.4756564713
vn -0.1972559371 0.9190858934 -0.3411322558
vn -0.1949744801 0.8577504727 -0.4756564713
vn -0.1929697212 0.8984533515 -0.3943910013
vn -0.1954774024 0.9106251192 -0.364074824
vn -0.1974286955 0.9198338121 -0.339009835
vn -0.1494039538 0.9483734874 -0.279760946
vn -0.1949744828 0.8577504713 -0.4756564728
vn -0.1974286986 0.9198338139 -0.3390098285
vn -0.2025918747 0.9776218376 -0.05667516979
vn -0.1494039573 0.9483734865 -0.2797609473
vn -0.2025918781 0.9776218377 -0.05667515712
vn -0.2391671754 0.9619382167 0.1321889917
vn -0.1482256872 0.9877843846 -0.04807447567
vn -0.2025918758 0.9776218384 -0.05667515213
vn -0.1482256846 0.9877843853 -0.04807446887
vn -0.1494039602 0.9483734936 -0.2797609218
vn -0.2391671699 0.9619382183 0.1321889899
vn -0.1693222137 0.9748263602 0.14506397
vn -0.1482256908 0.9877843841 -0.04807447466
vn -0.3552171125 -1.705743641e-06 -0.9347838269
vn -0.3552171125 -1.705743641e-06 -0.9347838269
vn -0.3552171125 -1.705743641e-06 -0.9347838269
vn -0.3552181016 0 -0.934783451
vn -0.3552181016 0 -0.934783451
vn -0.3552181016 0 -0.934783451
vn -0.06046416979 0.9861734108 -0.1542922161
vn -0.06169993706 0.9883762726 -0.1389440949
vn -0.0639795203 0.9875966673 -0.143385647
vn -0.101064005 0.9494343146 -0.2972550239
vn -0.09007644084 0.9765614422 -0.1954839748
vn -0.1060923078 0.9677802237 -0.2283546822
vn -0.101064005 0.9494343146 -0.2972550239
vn -0.07388854201 0.9838851601 -0.162820377
vn -0.09007644084 0.9765614422 -0.1954839748
vn -0.1010640031 0.949434316 -0.29725502
vn -0.07099946232 0.9850335989 -0.157060133
vn -0.07388854125 0.9838851604 -0.1628203754
vn -0.101064005 0.9494343146 -0.2972550239
vn -0.1060923078 0.9677802237 -0.2283546822
vn -0.1735798835 0.9008254972 -0.3979741796
vn -0.1735798856 0.9008254947 -0.3979741844
vn -0.1949744809 0.8577504742 -0.4756564684
vn -0.1761042766 0.8442158641 -0.5062478232
vn -0.3552172425 0 -0.9347837775
vn -0.3552172425 0 -0.9347837775
vn -0.3552172425 0 -0.9347837775
vn -0.06046416979 0.9861734108 -0.1542922161
vn -0.0639795203 0.9875966673 -0.143385647
vn -0.1010640031 0.949434316 -0.29725502
vn -0.1010640031 0.949434316 -0.29725502
vn -0.0639795203 0.9875966673 -0.143385647
vn -0.07099946232 0.9850335989 -0.157060133
vn -0.06046416064 0.9861734155 -0.1542921896
vn -0.04144531435 0.9892813375 -0.1400168607
vn -0.05473153991 0.987903424 -0.145090604
vn -0.101064004 0.9494343148 -0.2972550234
vn -0.1735798844 0.9008254964 -0.3979741811
vn -0.1761042826 0.8442158537 -0.5062478385
vn -0.1761042784 0.8442158553 -0.5062478373
vn -0.1949744816 0.8577504709 -0.475656474
vn -0.1761956369 0.8940601598 -0.4118392018
vn -0.1482256764 0.9877843861 -0.04807447718
vn -0.169322206 0.9748263617 0.1450639686
vn -0.1300912032 0.9910552047 -0.02976340211
vn -0.194974481 0.8577504715 -0.4756564731
vn -0.1494039396 0.9483734893 -0.2797609474
vn -0.1761956384 0.8940601577 -0.4118392058
vn -0.1494039393 0.9483734874 -0.2797609539
vn -0.1482256736 0.9877843861 -0.04807448715
vn -0.1364799844 0.9695276169 -0.203443884
vn -0.1761956365 0.8940601571 -0.4118392079
vn -0.149403937 0.9483734881 -0.2797609527
vn -0.1364799818 0.9695276169 -0.2034438858
vn -0.1364799844 0.9695276169 -0.203443884
vn -0.1482256742 0.9877843865 -0.04807447676
vn -0.1300912031 0.9910552048 -0.02976340026
vn -0.1300912008 0.9910552052 -0.02976339459
vn -0.1693222038 0.9748263612 0.1450639748
vn -0.1715420619 0.978945591 0.1106293404
vn -0.2581663324 0.8915620904 0.3721117894
vn -0.2548617482 0.8779193363 0.4053432229
vn -0.2548194405 0.8777643933 0.4057052165
vn -0.2285075523 0.8882948939 0.3983923694
vn -0.2582491453 0.8735509784 0.4125724993
vn -0.249358997 0.8781095008 0.4083427423
vn -0.2834531995 0.8569741445 0.4304063188
vn -0.2548194649 0.8777643817 0.4057052261
vn -0.2582491505 0.8735509735 0.4125725063
vn -0.2834531993 0.8569741448 0.4304063185
vn -0.2582491453 0.8735509784 0.4125724993
vn -0.2285075523 0.8882948939 0.3983923694
vn -0.2473109342 0.8754926131 0.4151505585
vn -0.1719552585 0.9379979595 0.3009837488
vn -0.1402135472 0.9607519985 0.2393653243
vn -0.2473109342 0.8754926131 0.4151505585
vn -0.2212713333 0.8910804391 0.3962507389
vn -0.1719552585 0.9379979595 0.3009837488
vn -0.2834531954 0.8569741474 0.4304063158
vn -0.2223676603 0.8906830339 0.3965303983
vn -0.2212713266 0.8910804473 0.3962507243
vn -0.2473109159 0.8754926377 0.4151505174
vn -0.2834531954 0.8569741474 0.4304063158
vn -0.2212713266 0.8910804473 0.3962507243
vn -0.2834531954 0.8569741474 0.4304063158
vn -0.2243118959 0.8899507917 0.3970790372
vn -0.2223676603 0.8906830339 0.3965303983
vn -0.2834531954 0.8569741474 0.4304063158
vn -0.2269077422 0.8889369185 0.3978743915
vn -0.2243118959 0.8899507917 0.3970790372
vn -0.2834531954 0.8569741474 0.4304063158
vn -0.2285075507 0.8882948948 0.3983923683
vn -0.2269077422 0.8889369185 0.3978743915
vn -0.1157738423 0.9748179042 0.1905950449
vn -0.1156255653 0.9749096863 0.1902152262
vn -0.1140956049 0.9756028964 0.187566472
vn -0.1157738433 0.9748179046 0.1905950422
vn -0.1140956066 0.9756028971 0.1875664676
vn -0.1131397574 0.9760967996 0.1855651722
vn -0.1157738433 0.9748179046 0.1905950422
vn -0.1131397574 0.9760967996 0.1855651722
vn -0.0863624016 0.9878442807 0.1292486467
vn -0.1157738453 0.9748179015 0.190595057
vn -0.1201504305 0.9723965181 0.2000222131
vn -0.1156255652 0.9749096862 0.1902152266
vn -0.2473109342 0.8754926131 0.4151505585
vn -0.1201504277 0.9723965178 0.2000222161
vn -0.1157738515 0.974817902 0.1905950503
vn -0.2473109342 0.8754926131 0.4151505585
vn -0.1402135472 0.9607519985 0.2393653243
vn -0.1201504277 0.9723965178 0.2000222161
vn -0.1157738433 0.9748179046 0.1905950422
vn -0.0863624016 0.9878442807 0.1292486467
vn -0.06301093005 0.9958391333 0.0658334512
vn -0.06301093005 0.9958391333 0.0658334512
vn -0.0863624016 0.9878442807 0.1292486467
vn -0.0717943488 0.9925668108 0.098268497
vn -0.2569335146 0.9093403508 0.3272388967
vn -0.2581195304 0.8921129397 0.3708218047
vn -0.258166317 0.8915620986 0.3721117805
vn -0.2596878285 0.90963293 0.3242378208
vn -0.2569335146 0.9093403508 0.3272388967
vn -0.258166317 0.8915620986 0.3721117805
vn -0.2402477407 0.9582357111 0.1551300906
vn -0.2558280372 0.9212186285 0.2931010983
vn -0.2559617659 0.9207501459 0.2944532955
vn -0.2402477407 0.9582357111 0.1551300906
vn -0.2552416405 0.9232783771 0.287069231
vn -0.2558280372 0.9212186285 0.2931010983
vn -0.2596878282 0.9096329295 0.3242378225
vn -0.2559617659 0.9207501459 0.2944532955
vn -0.2586010959 0.9109446354 0.3214114877
vn -0.239167202 0.9619382095 0.1321889956
vn -0.2402477407 0.9582357111 0.1551300906
vn -0.2559617659 0.9207501459 0.2944532955
vn -0.239167202 0.9619382095 0.1321889956
vn -0.2559617659 0.9207501459 0.2944532955
vn -0.2596878282 0.9096329295 0.3242378225
vn -0.2596878284 0.9096329297 0.3242378216
vn -0.2586010987 0.9109446332 0.3214114915
vn -0.2569335195 0.9093403493 0.3272388969
vn -0.2266838905 0.9235581189 0.309281126
vn -0.2581663324 0.8915620904 0.3721117894
vn -0.2548194405 0.8777643933 0.4057052165
vn -0.2596878275 0.9096329305 0.3242378202
vn -0.2581663324 0.8915620904 0.3721117894
vn -0.2266838905 0.9235581189 0.309281126
vn -0.2834531995 0.8569741445 0.4304063188
vn -0.2266838954 0.9235581172 0.3092811274
vn -0.2548194649 0.8777643817 0.4057052261
vn -0.2391671695 0.9619382184 0.1321889896
vn -0.2596878271 0.9096329298 0.3242378223
vn -0.1693222136 0.9748263604 0.1450639691
vn -0.2596878276 0.90963293 0.3242378216
vn -0.2266838896 0.9235581202 0.3092811225
vn -0.1693222096 0.9748263604 0.1450639733
vn -0.2473108978 0.8754926516 0.415150499
vn -0.2856261577 0.8635025307 0.4156694329
vn -0.2834532064 0.8569741381 0.430406327
vn -0.2473109047 0.8754926439 0.4151505111
vn -0.2785039604 0.8463762925 0.4539633415
vn -0.2856261688 0.8635025177 0.4156694523
vn -0.06301093005 0.9958391333 0.0658334512
vn -0.0717943488 0.9925668108 0.098268497
vn -0.04880686556 0.9975977525 0.04915906825
vn -0.1157738579 0.9748179006 0.190595054
vn -0.06301092405 0.995839134 0.06583344644
vn -0.1969667231 0.9445358444 0.262785366
vn -0.1157738494 0.9748179026 0.1905950487
vn -0.1969667156 0.9445358467 0.2627853634
vn -0.2785039488 0.8463763122 0.4539633121
vn -0.04880687197 0.9975977516 0.04915908022
vn -0.04880673423 0.9976247886 0.04860744742
vn -0.04923950945 0.9977267262 0.04600924399
vn -0.063010924 0.9958391344 0.06583343991
vn -0.04880687197 0.9975977516 0.04915908022
vn -0.04923950945 0.9977267262 0.04600924399
vn -0.06301093771 0.995839133 0.06583344903
vn -0.04923950462 0.9977267266 0.04600924078
vn -0.04728454594 0.9978988552 0.04429499466
vn -0.06301093771 0.995839133 0.06583344903
vn -0.04728454594 0.9978988552 0.04429499466
vn -0.0266214687 0.9992983017 0.02634770673
vn -0.06301093347 0.9958391331 0.06583345104
vn -0.02662145165 0.9992983019 0.02634771481
vn -0.02061691388 0.9996040232 0.01915044913
vn -0.06301093347 0.9958391331 0.06583345104
vn -0.02061691388 0.9996040232 0.01915044913
vn -0.0193400321 0.9996579795 0.01760361045
vn -0.06301093347 0.9958391331 0.06583345104
vn -0.0193400321 0.9996579795 0.01760361045
vn -0.01460832109 0.9998474184 0.009577932553
vn -0.514495223 -6.23007414e-07 0.8574932452
vn -0.514495223 -6.23007414e-07 0.8574932452
vn -0.514495223 -6.23007414e-07 0.8574932452
vn -0.5144958638 6.613836236e-07 0.8574928607
vn -0.5144958638 6.613836236e-07 0.8574928607
vn -0.5144958638 6.613836236e-07 0.8574928607
vn -0.514494991 -4.666436137e-06 0.8574933844
vn -0.514494991 -4.666436137e-06 0.8574933844
vn -0.514494991 -4.666436137e-06 0.8574933844
vn -0.2473109274 0.8754926155 0.4151505574
vn -0.1157738479 0.9748179026 0.1905950494
vn -0.2785039444 0.8463763159 0.4539633079
vn -0.1969667257 0.9445358442 0.2627853649
vn -0.06301093978 0.9958391334 0.06583344041
vn -0.2031965862 0.9077123386 0.3671095989
vn -0.06301093347 0.9958391331 0.06583345104
vn -0.01460832109 0.9998474184 0.009577932553
vn -0.0249511503 0.9995635707 0.01581481329
vn -0.5144946329 0 0.8574935992
vn -0.5144946329 0 0.8574935992
vn -0.5144946329 0 0.8574935992
vn -0.172379998 0 0.9850305256
vn -0.172379998 0 0.9850305256
vn -0.172379998 0 0.9850305256
vn -0.01460834036 0.9998474178 0.009577965121
vn -0.01568875037 0.9998120974 0.01138564495
vn -0.02495115859 0.9995635702 0.01581482731
vn -0.06301093439 0.9958391336 0.06583344271
vn -0.02495115319 0.999563571 0.0158147872
vn -0.07033299225 0.9794987019 0.1887738411
vn -0.2834532034 0.8569741356 0.4304063341
vn -0.2307425241 0.9406070292 0.2490307294
vn -0.2266838939 0.9235581194 0.309281122
vn -0.2266838931 0.9235581197 0.3092811217
vn -0.1715420626 0.9789455908 0.110629341
vn -0.1693222041 0.9748263612 0.1450639746
vn -0.2834532054 0.8569741389 0.4304063261
vn -0.285626156 0.863502534 0.4156694273
vn -0.2307425243 0.9406070292 0.249030729
vn -0.2266838926 0.9235581208 0.3092811187
vn -0.2307425236 0.940607029 0.2490307308
vn -0.1715420634 0.9789455896 0.1106293499
vn -0.1745373611 -0.8510059214 -0.4953035748
vn -0.1761956336 -0.8940601685 -0.4118391843
vn -0.1761042752 -0.8442158667 -0.5062478194
vn -0.1753294685 -0.886579961 -0.428060218
vn -0.1752755706 -0.9069782152 -0.3829738784
vn -0.1761956334 -0.8940601609 -0.411839201
vn -0.1753294685 -0.886579961 -0.428060218
vn -0.1761956334 -0.8940601609 -0.411839201
vn -0.1752416934 -0.8788575739 -0.443733832
vn -0.1752416934 -0.8788575739 -0.443733832
vn -0.1761956334 -0.8940601609 -0.411839201
vn -0.1749956462 -0.8664533954 -0.4675842569
vn -0.1749956462 -0.8664533954 -0.4675842569
vn -0.1761956334 -0.8940601609 -0.411839201
vn -0.1745373612 -0.8510059239 -0.4953035706
vn -0.1745373611 -0.8510059214 -0.4953035748
vn -0.1761042752 -0.8442158667 -0.5062478194
vn -0.1741090775 -0.8363571433 -0.5198006907
vn 0.9386239146 0.1747017115 0.2974297545
vn 0.9386239146 0.1747017115 0.2974297545
vn 0.9386239146 0.1747017115 0.2974297545
vn 0.9332112297 0.1565689635 0.3234238094
vn 0.9332112297 0.1565689635 0.3234238094
vn 0.9332112297 0.1565689635 0.3234238094
vn -0.1739151423 -0.8309384049 -0.5284835764
vn -0.1741090775 -0.8363571433 -0.5198006907
vn -0.1761042752 -0.8442158667 -0.5062478194
vn -0.1739151461 -0.8309383911 -0.5284835969
vn -0.1761042791 -0.8442158535 -0.5062478401
vn -0.1667609013 -0.8430201635 -0.5113783392
vn 0.9395212451 0.108203642 0.3249489218
vn 0.9395212451 0.108203642 0.3249489218
vn 0.9395212451 0.108203642 0.3249489218
vn 0.9395201832 0.1082039909 0.324951876
vn 0.9395201832 0.1082039909 0.324951876
vn 0.9395201832 0.1082039909 0.324951876
vn 0.9395209583 0.1082043746 0.3249495071
vn 0.9395209583 0.1082043746 0.3249495071
vn 0.9395209583 0.1082043746 0.3249495071
vn -0.1364799811 -0.9695276165 -0.2034438883
vn -0.1464840668 -0.9720997835 -0.1832059747
vn -0.1406231687 -0.9792912813 -0.1456492733
vn -0.1364799811 -0.9695276165 -0.2034438883
vn -0.1406231687 -0.9792912813 -0.1456492733
vn -0.1379786617 -0.9821118781 -0.1281333204
vn -0.1364799827 -0.9695276172 -0.2034438836
vn -0.1379786635 -0.9821118786 -0.1281333145
vn -0.1378865459 -0.9824330919 -0.1257478447
vn -0.1364799812 -0.9695276173 -0.2034438843
vn -0.1761956348 -0.8940601594 -0.4118392037
vn -0.1555919969 -0.9468700764 -0.2814750235
vn -0.1364799827 -0.9695276172 -0.2034438836
vn -0.1378865459 -0.9824330919 -0.1257478447
vn -0.1300911995 -0.9910552053 -0.02976339945
vn -0.1300911995 -0.9910552053 -0.02976339945
vn -0.1378865459 -0.9824330919 -0.1257478447
vn -0.1335025978 -0.9907215855 -0.0254518467
vn -0.1300911996 -0.9910552052 -0.02976340143
vn -0.1582504236 -0.9857549789 0.05695546465
vn -0.1715420598 -0.978945593 0.1106293257
vn -0.1300911996 -0.9910552052 -0.02976340143
vn -0.1370372217 -0.9904696003 -0.01381197977
vn -0.1422825684 -0.9898198701 0.003506484447
vn -0.1300911996 -0.9910552052 -0.02976340143
vn -0.1422825684 -0.9898198701 0.003506484447
vn -0.1582504236 -0.9857549789 0.05695546465
vn -0.1300911996 -0.9910552052 -0.02976340143
vn -0.1335025966 -0.9907215856 -0.02545184768
vn -0.1370372217 -0.9904696003 -0.01381197977
vn 0.9927764017 0.1127026913 0.04114753556
vn 0.9927764017 0.1127026913 0.04114753556
vn 0.9927764017 0.1127026913 0.04114753556
vn 0.9578197327 0.1747332168 0.2281439516
vn 0.9578197327 0.1747332168 0.2281439516
vn 0.9578197327 0.1747332168 0.2281439516
vn -0.1364799811 -0.9695276173 -0.2034438843
vn -0.1544821695 -0.9505244747 -0.2695152729
vn -0.1501236408 -0.9634163361 -0.2220176927
vn -0.1364799811 -0.9695276173 -0.2034438843
vn -0.1501236408 -0.9634163361 -0.2220176927
vn -0.1464840667 -0.9720997836 -0.1832059741
vn -0.1364799811 -0.9695276173 -0.2034438843
vn -0.1555919986 -0.946870076 -0.2814750241
vn -0.1544821695 -0.9505244747 -0.2695152729
vn -0.1761956348 -0.8940601594 -0.4118392037
vn -0.16695529 -0.9256979594 -0.3394248358
vn -0.1555919969 -0.9468700764 -0.2814750235
vn -0.1761956348 -0.8940601594 -0.4118392037
vn -0.1752755693 -0.906978216 -0.3829738771
vn -0.16695529 -0.9256979594 -0.3394248358
vn 0.9578318206 0.1746818896 0.2281325072
vn 0.9578318206 0.1746818896 0.2281325072
vn 0.9578318206 0.1746818896 0.2281325072
vn 0.9700013544 0.15719125 0.1854407813
vn 0.9700013544 0.15719125 0.1854407813
vn 0.9700013544 0.15719125 0.1854407813
vn 0.9718660498 0.1746830867 0.1579943049
vn 0.9718660498 0.1746830867 0.1579943049
vn 0.9718660498 0.1746830867 0.1579943049
vn 0.9718658022 0.1746827553 0.1579961948
vn 0.9718658022 0.1746827553 0.1579961948
vn 0.9718658022 0.1746827553 0.1579961948
vn 0.9700006029 0.1571933037 0.1854429713
vn 0.9700006029 0.1571933037 0.1854429713
vn 0.9700006029 0.1571933037 0.1854429713
vn 0.9542651476 0.1571197507 0.254345065
vn 0.9542651476 0.1571197507 0.254345065
vn 0.9542651476 0.1571197507 0.254345065
vn 0.9542651506 0.1571194639 0.2543452307
vn 0.9542651506 0.1571194639 0.2543452307
vn 0.9542651506 0.1571194639 0.2543452307
vn 0.9806538191 0.1573233874 0.1164793496
vn 0.9806538191 0.1573233874 0.1164793496
vn 0.9806538191 0.1573233874 0.1164793496
vn 0.9804978052 0.1786431097 0.0819188212
vn 0.9804978052 0.1786431097 0.0819188212
vn 0.9804978052 0.1786431097 0.0819188212
vn 0.9804973008 0.1786444646 0.08192190418
vn 0.9804973008 0.1786444646 0.08192190418
vn 0.9804973008 0.1786444646 0.08192190418
vn 0.9871078522 0.1546768534 0.04114801589
vn 0.9871078522 0.1546768534 0.04114801589
vn 0.9871078522 0.1546768534 0.04114801589
vn 0.9837654729 0.1794588929 -3.970691724e-08
vn 0.9837654729 0.1794588929 -3.970691724e-08
vn 0.9837654729 0.1794588929 -3.970691724e-08
vn 0.9806537318 0.1573194581 0.1164853917
vn 0.9806537318 0.1573194581 0.1164853917
vn 0.9806537318 0.1573194581 0.1164853917
vn 0.9806537289 0.157319549 0.1164852927
vn 0.9806537289 0.157319549 0.1164852927
vn 0.9806537289 0.157319549 0.1164852927
vn 0.9871080246 0.1546760251 0.04114699359
vn 0.9871080246 0.1546760251 0.04114699359
vn 0.9871080246 0.1546760251 0.04114699359
vn 0.976469889 0.1085478638 0.186343546
vn 0.976469889 0.1085478638 0.186343546
vn 0.976469889 0.1085478638 0.186343546
vn 0.9542652193 0.1571188512 0.2543453515
vn 0.9542652193 0.1571188512 0.2543453515
vn 0.9542652193 0.1571188512 0.2543453515
vn 0.9605742416 0.1087565231 0.2558693906
vn 0.9605742416 0.1087565231 0.2558693906
vn 0.9605742416 0.1087565231 0.2558693906
vn 0.9871221957 0.1086746985 0.1173864583
vn 0.9871221957 0.1086746985 0.1173864583
vn 0.9871221957 0.1086746985 0.1173864583
vn -0.06046416064 -0.9861734155 -0.1542921896
vn -0.04144531435 -0.9892813375 -0.1400168607
vn -0.1010640035 -0.9494343155 -0.2972550213
vn -0.04144530437 -0.9892813414 -0.1400168357
vn -0.04186587479 -0.9889368822 -0.1423063299
vn -0.1010640047 -0.9494343145 -0.2972550242
vn -0.09522160047 0 -0.9954560999
vn -0.09522160047 0 -0.9954560999
vn -0.09522160047 0 -0.9954560999
vn -0.09521744869 0 -0.995456497
vn -0.09521744869 0 -0.995456497
vn -0.09521744869 0 -0.995456497
vn -0.1761042775 -0.8442158567 -0.5062478354
vn -0.1010640046 -0.9494343146 -0.297255024
vn -0.144071274 -0.8772939105 -0.4578196835
vn -0.1010640046 -0.9494343146 -0.297255024
vn -0.1347589877 -0.8908904958 -0.4337673797
vn -0.144071274 -0.8772939105 -0.4578196835
vn -0.1667609013 -0.8430201635 -0.5113783392
vn -0.1761042791 -0.8442158535 -0.5062478401
vn -0.1574515925 -0.8577820261 -0.4893046002
vn -0.1761042791 -0.8442158535 -0.5062478401
vn -0.1462920101 -0.8741950885 -0.4630136014
vn -0.1574515925 -0.8577820261 -0.4893046002
vn 0.9327826369 0.0908944038 0.3487904237
vn 0.9327826369 0.0908944038 0.3487904237
vn 0.9327826369 0.0908944038 0.3487904237
vn 0.9551810882 0.09043602106 0.2818694997
vn 0.9551810882 0.09043602106 0.2818694997
vn 0.9551810882 0.09043602106 0.2818694997
vn -0.1761042791 -0.8442158535 -0.5062478401
vn -0.1440712737 -0.8772939111 -0.4578196824
vn -0.1462920101 -0.8741950885 -0.4630136014
vn -0.04186587479 -0.9889368822 -0.1423063299
vn -0.1347589883 -0.8908904953 -0.4337673806
vn -0.1010640047 -0.9494343145 -0.2972550242
vn -0.09521780894 0 -0.9954564626
vn -0.09521780894 0 -0.9954564626
vn -0.09521780894 0 -0.9954564626
vn -0.0418658823 -0.9889368823 -0.1423063269
vn -0.03989330884 -0.9882181607 -0.1477612627
vn -0.04207207701 -0.9549315773 -0.2938292412
vn 0.9358820606 0.04107887467 0.3499104096
vn 0.9358820606 0.04107887467 0.3499104096
vn 0.9358820606 0.04107887467 0.3499104096
vn 0.9583506624 0.04233248705 0.2824393183
vn 0.9583506624 0.04233248705 0.2824393183
vn 0.9583506624 0.04233248705 0.2824393183
vn 0.9516120592 0.02501809434 0.3062818699
vn 0.9516120592 0.02501809434 0.3062818699
vn 0.9516120592 0.02501809434 0.3062818699
vn 0.9929350463 0.09135417806 0.07572587453
vn 0.9929350463 0.09135417806 0.07572587453
vn 0.9929350463 0.09135417806 0.07572587453
vn 0.9961570577 0.08758490992 -0
vn 0.9961570577 0.08758490992 -0
vn 0.9961570577 0.08758490992 -0
vn 0.9962249011 0.04203516966 0.0759538736
vn 0.9962249011 0.04203516966 0.0759538736
vn 0.9962249011 0.04203516966 0.0759538736
vn 0.9989350467 0.04613862284 0
vn 0.9989350467 0.04613862284 0
vn 0.9989350467 0.04613862284 0
vn 0.994312535 0.02478608866 0.1035771815
vn 0.994312535 0.02478608866 0.1035771815
vn 0.994312535 0.02478608866 0.1035771815
vn 0.9990947993 0.02477381512 0.03458092189
vn 0.9990947993 0.02477381512 0.03458092189
vn 0.9990947993 0.02477381512 0.03458092189
vn 0.9727400301 0.09126536969 0.2131841133
vn 0.9727400301 0.09126536969 0.2131841133
vn 0.9727400301 0.09126536969 0.2131841133
vn 0.9852303321 0.09135026815 0.1448320451
vn 0.9852303321 0.09135026815 0.1448320451
vn 0.9852303321 0.09135026815 0.1448320451
vn 0.9759668741 0.04184447944 0.2138637423
vn 0.9759668741 0.04184447944 0.2138637423
vn 0.9759668741 0.04184447944 0.2138637423
vn 0.9885003867 0.04210731984 0.145237595
vn 0.9885003867 0.04210731984 0.145237595
vn 0.9885003867 0.04210731984 0.145237595
vn 0.9705159958 0.02483821324 0.2397535506
vn 0.9705159958 0.02483821324 0.2397535506
vn 0.9705159958 0.02483821324 0.2397535506
vn 0.9847705685 0.02482442866 0.1720775268
vn 0.9847705685 0.02482442866 0.1720775268
vn 0.9847705685 0.02482442866 0.1720775268
vn 0.9327818795 0.0908916413 0.3487931692
vn 0.9327818795 0.0908916413 0.3487931692
vn 0.9327818795 0.0908916413 0.3487931692
vn 0.9138388197 0.1069454205 0.3917413542
vn 0.9138388197 0.1069454205 0.3917413542
vn 0.9138388197 0.1069454205 0.3917413542
vn 0.9327819315 0.09089216379 0.3487928938
vn 0.9327819315 0.09089216379 0.3487928938
vn 0.9327819315 0.09089216379 0.3487928938
vn 0.9061698383 0.09085287782 0.4130399239
vn 0.9061698383 0.09085287782 0.4130399239
vn 0.9061698383 0.09085287782 0.4130399239
vn -0.0418658823 -0.9889368823 -0.1423063269
vn -0.08484177973 -0.9275793893 -0.3638658392
vn -0.1204748633 -0.9041630857 -0.4098474372
vn -0.0398932926 -0.9882181637 -0.147761247
vn -0.02898176583 -0.9740382279 -0.2245207959
vn -0.04207208121 -0.9549315757 -0.2938292457
vn -0.0418658823 -0.9889368823 -0.1423063269
vn -0.04207207701 -0.9549315773 -0.2938292412
vn -0.08484177973 -0.9275793893 -0.3638658392
vn -0.04186587479 -0.9889368822 -0.1423063299
vn -0.1317860408 -0.8947981545 -0.426577897
vn -0.1347589883 -0.8908904953 -0.4337673806
vn -0.04186587479 -0.9889368822 -0.1423063299
vn -0.1300930416 -0.8969711159 -0.4225146361
vn -0.1317860408 -0.8947981545 -0.426577897
vn -0.0418658823 -0.9889368823 -0.1423063269
vn -0.1204748633 -0.9041630857 -0.4098474372
vn -0.1300930595 -0.8969711129 -0.4225146371
vn 0.9092156748 0.04109180839 0.4142925535
vn 0.9092156748 0.04109180839 0.4142925535
vn 0.9092156748 0.04109180839 0.4142925535
vn -0.02898176269 -0.9740382333 -0.2245207729
vn -0.02033911727 -0.9728770618 -0.2304268712
vn -0.04207208066 -0.954931577 -0.2938292417
vn 0.9092170767 0.0410945312 0.4142892069
vn 0.9092170767 0.0410945312 0.4142892069
vn 0.9092170767 0.0410945312 0.4142892069
vn 0.9002622597 0.025106464 0.4346234338
vn 0.9002622597 0.025106464 0.4346234338
vn 0.9002622597 0.025106464 0.4346234338
vn 0.9002583461 0.02509914634 0.4346319629
vn 0.9002583461 0.02509914634 0.4346319629
vn 0.9002583461 0.02509914634 0.4346319629
vn 0.9092149675 0.04109120569 0.4142941657
vn 0.9092149675 0.04109120569 0.4142941657
vn 0.9092149675 0.04109120569 0.4142941657
vn 0.8780998642 0.04076532122 0.4767376815
vn 0.8780998642 0.04076532122 0.4767376815
vn 0.8780998642 0.04076532122 0.4767376815
vn -0.09521791864 0 -0.9954564521
vn -0.09521791864 0 -0.9954564521
vn -0.09521791864 0 -0.9954564521
vn 0.9002595249 0.02510195624 0.434629359
vn 0.9002595249 0.02510195624 0.434629359
vn 0.9002595249 0.02510195624 0.434629359
vn 0.9092153708 0.04109162502 0.4142932389
vn 0.9092153708 0.04109162502 0.4142932389
vn 0.9092153708 0.04109162502 0.4142932389
vn 0.9281571583 0.02503789736 0.3713453825
vn 0.9281571583 0.02503789736 0.3713453825
vn 0.9281571583 0.02503789736 0.3713453825
vn -0.08484178362 -0.9275793898 -0.363865837
vn -0.04207207504 -0.9549315769 -0.2938292428
vn -0.07126310595 -0.936324906 -0.3438273406
vn 0.8781002234 0.04076558583 0.4767369973
vn 0.8781002234 0.04076558583 0.4767369973
vn 0.8781002234 0.04076558583 0.4767369973
vn 0.8680546979 0.02512698008 0.4958323066
vn 0.8680546979 0.02512698008 0.4958323066
vn 0.8680546979 0.02512698008 0.4958323066
vn -0.07126310595 -0.936324906 -0.3438273406
vn -0.04207207504 -0.9549315769 -0.2938292428
vn -0.05352421504 -0.9466864031 -0.3176791031
vn -0.0420720774 -0.954931576 -0.2938292453
vn -0.0493007874 -0.9498724935 -0.3087258955
vn -0.05352421892 -0.9466864012 -0.3176791082
vn -0.04207207643 -0.9549315783 -0.2938292381
vn -0.04661989954 -0.9527809978 -0.300058253
vn -0.04930078753 -0.9498724926 -0.308725898
vn -0.04207207643 -0.9549315783 -0.2938292381
vn -0.02033912989 -0.9728770588 -0.2304268828
vn -0.04340398172 -0.9562228313 -0.2894028182
vn -0.04207207643 -0.9549315783 -0.2938292381
vn -0.04340398172 -0.9562228313 -0.2894028182
vn -0.04661989954 -0.9527809978 -0.300058253
vn -0.04340398172 -0.9562228313 -0.2894028182
vn -0.02033912989 -0.9728770588 -0.2304268828
vn -0.03215911054 -0.9671952303 -0.2519904325
vn 0.8680527968 0.02512151308 0.4958359119
vn 0.8680527968 0.02512151308 0.4958359119
vn 0.8680527968 0.02512151308 0.4958359119
vn 0.8429300314 0.04065174177 0.5364852263
vn 0.8429300314 0.04065174177 0.5364852263
vn 0.8429300314 0.04065174177 0.5364852263
vn 0.8680525139 0.02512522701 0.4958362189
vn 0.8680525139 0.02512522701 0.4958362189
vn 0.8680525139 0.02512522701 0.4958362189
vn -0.0952161271 0 -0.9954566234
vn -0.0952161271 0 -0.9954566234
vn -0.0952161271 0 -0.9954566234
vn 0.8680535211 0.02512424191 0.4958345057
vn 0.8680535211 0.02512424191 0.4958345057
vn 0.8680535211 0.02512424191 0.4958345057
vn -0.09521685434 2.772624884e-06 -0.9954565539
vn -0.09521685434 2.772624884e-06 -0.9954565539
vn -0.09521685434 2.772624884e-06 -0.9954565539
vn 0.8429287664 0.04065194392 0.5364871986
vn 0.8429287664 0.04065194392 0.5364871986
vn 0.8429287664 0.04065194392 0.5364871986
vn 0.8429299023 0.04064825952 0.536485693
vn 0.8429299023 0.04064825952 0.536485693
vn 0.8429299023 0.04064825952 0.536485693
vn -0.171542071 -0.9789455902 0.110629333
vn -0.1856889323 -0.9675031597 0.1716311638
vn -0.230742527 -0.9406070301 0.2490307235
vn -0.1582504246 -0.9857549787 0.05695546544
vn -0.1586261663 -0.9831600202 0.09074201927
vn -0.1715420689 -0.9789455906 0.1106293325
vn -0.1715420689 -0.9789455906 0.1106293325
vn -0.1586261663 -0.9831600202 0.09074201927
vn -0.1585833344 -0.981685175 0.1055724547
vn -0.171542071 -0.9789455902 0.110629333
vn -0.1585833383 -0.9816851743 0.105572456
vn -0.160547452 -0.9808516621 0.1102475967
vn -0.171542071 -0.9789455902 0.110629333
vn -0.160547452 -0.9808516621 0.1102475967
vn -0.1856889323 -0.9675031597 0.1716311638
vn -0.2307425277 -0.9406070299 0.2490307235
vn -0.1856889398 -0.9675031582 0.1716311643
vn -0.1886417997 -0.9625319241 0.1947987847
vn -0.2307425277 -0.9406070299 0.2490307235
vn -0.1886417997 -0.9625319241 0.1947987847
vn -0.1921020226 -0.9547092726 0.2272157956
vn -0.2307425277 -0.9406070299 0.2490307235
vn -0.1921020226 -0.9547092726 0.2272157956
vn -0.1935833888 -0.9500731608 0.2447171036
vn -0.230742531 -0.9406070282 0.2490307268
vn -0.2062878375 -0.9345678348 0.2898763363
vn -0.2856261346 -0.8635025373 0.4156694351
vn -0.230742531 -0.9406070282 0.2490307268
vn -0.1935833925 -0.9500731588 0.2447171081
vn -0.2062878375 -0.9345678348 0.2898763363
vn -0.2856261346 -0.8635025373 0.4156694351
vn -0.2062878375 -0.9345678348 0.2898763363
vn -0.2086623659 -0.9312306513 0.2987800046
vn -0.2856261315 -0.8635025381 0.4156694356
vn -0.2086623652 -0.9312306513 0.2987800049
vn -0.2215397103 -0.9041006222 0.3654069261
vn 0.9927764019 0.1127026901 -0.04114753399
vn 0.9927764019 0.1127026901 -0.04114753399
vn 0.9927764019 0.1127026901 -0.04114753399
vn -0.2856261329 -0.8635025352 0.4156694406
vn -0.2277273772 -0.8766139348 0.4238965097
vn -0.2785039672 -0.8463762892 0.4539633436
vn -0.2856261315 -0.8635025381 0.4156694356
vn -0.2215397103 -0.9041006222 0.3654069261
vn -0.2266357287 -0.8900343647 0.3955693063
vn -0.2856261315 -0.8635025381 0.4156694356
vn -0.2266357287 -0.8900343647 0.3955693063
vn -0.2302177169 -0.8781450747 0.4193578788
vn -0.2856261329 -0.8635025352 0.4156694406
vn -0.2302177176 -0.878145073 0.4193578821
vn -0.2277273772 -0.8766139348 0.4238965097
vn -0.2277273785 -0.8766139345 0.4238965098
vn -0.231185691 -0.8735916379 0.4282415515
vn -0.2785039688 -0.8463762887 0.4539633436
vn -0.231185691 -0.8735916379 0.4282415515
vn -0.2393917026 -0.8661479351 0.4387247055
vn -0.2785039688 -0.8463762887 0.4539633436
vn 0.9837654635 0.1794589446 9.976129527e-07
vn 0.9837654635 0.1794589446 9.976129527e-07
vn 0.9837654635 0.1794589446 9.976129527e-07
vn 0.9871081146 0.1546754097 -0.04114714709
vn 0.9871081146 0.1546754097 -0.04114714709
vn 0.9871081146 0.1546754097 -0.04114714709
vn 0.9871088182 0.1546688952 -0.04115475476
vn 0.9871088182 0.1546688952 -0.04115475476
vn 0.9871088182 0.1546688952 -0.04115475476
vn 0.980497444 0.1786441415 -0.08192089473
vn 0.980497444 0.1786441415 -0.08192089473
vn 0.980497444 0.1786441415 -0.08192089473
vn 0.9871080179 0.1546760684 -0.04114699197
vn 0.9871080179 0.1546760684 -0.04114699197
vn 0.9871080179 0.1546760684 -0.04114699197
vn 0.9804973598 0.1786436426 -0.08192299083
vn 0.9804973598 0.1786436426 -0.08192299083
vn 0.9804973598 0.1786436426 -0.08192299083
vn 0.9806533828 0.157320736 -0.1164866035
vn 0.9806533828 0.157320736 -0.1164866035
vn 0.9806533828 0.157320736 -0.1164866035
vn 0.9806537316 0.1573195234 -0.1164853052
vn 0.9806537316 0.1573195234 -0.1164853052
vn 0.9806537316 0.1573195234 -0.1164853052
vn 0.9718668271 0.1746794088 -0.1579935903
vn 0.9718668271 0.1746794088 -0.1579935903
vn 0.9718668271 0.1746794088 -0.1579935903
vn 0.9718658538 0.1746838569 -0.1579946592
vn 0.9718658538 0.1746838569 -0.1579946592
vn 0.9718658538 0.1746838569 -0.1579946592
vn 0.9700010447 0.1571968384 -0.1854376643
vn 0.9700010447 0.1571968384 -0.1854376643
vn 0.9700010447 0.1571968384 -0.1854376643
vn 0.9700007679 0.1571927265 -0.1854425975
vn 0.9700007679 0.1571927265 -0.1854425975
vn 0.9700007679 0.1571927265 -0.1854425975
vn 0.9578321443 0.1746809411 -0.2281318744
vn 0.9578321443 0.1746809411 -0.2281318744
vn 0.9578321443 0.1746809411 -0.2281318744
vn 0.9871221938 0.1086747035 -0.1173864702
vn 0.9871221938 0.1086747035 -0.1173864702
vn 0.9871221938 0.1086747035 -0.1173864702
vn 0.970000892 0.1571914697 -0.1854430139
vn 0.970000892 0.1571914697 -0.1854430139
vn 0.970000892 0.1571914697 -0.1854430139
vn 0.9542651307 0.1571173017 -0.254346641
vn 0.9542651307 0.1571173017 -0.254346641
vn 0.9542651307 0.1571173017 -0.254346641
vn 0.9542650358 0.1571196486 -0.2543455473
vn 0.9542650358 0.1571196486 -0.2543455473
vn 0.9542650358 0.1571196486 -0.2543455473
vn 0.9764698847 0.1085479037 -0.1863435454
vn 0.9764698847 0.1085479037 -0.1863435454
vn 0.9764698847 0.1085479037 -0.1863435454
vn 0.9605742996 0.1087564945 -0.2558691852
vn 0.9605742996 0.1087564945 -0.2558691852
vn 0.9605742996 0.1087564945 -0.2558691852
vn 0.9542645476 0.1571238999 -0.2543447527
vn 0.9542645476 0.1571238999 -0.2543447527
vn 0.9542645476 0.1571238999 -0.2543447527
vn 0.9605744659 0.1087554253 -0.255869015
vn 0.9605744659 0.1087554253 -0.255869015
vn 0.9605744659 0.1087554253 -0.255869015
vn 0.9551811095 0.0904358673 -0.281869477
vn 0.9551811095 0.0904358673 -0.281869477
vn 0.9551811095 0.0904358673 -0.281869477
vn 0.9551805231 0.09043274301 -0.2818724663
vn 0.9551805231 0.09043274301 -0.2818724663
vn 0.9551805231 0.09043274301 -0.2818724663
vn -0.2393917026 -0.8661479351 0.4387247055
vn -0.2436203905 -0.8621402869 0.444255817
vn -0.2785039688 -0.8463762887 0.4539633436
vn -0.2436203913 -0.8621402817 0.4442558267
vn -0.2454060923 -0.8607926725 0.4458831963
vn -0.2585197508 -0.8493353748 0.4602140367
vn -0.2454060923 -0.8607926725 0.4458831963
vn -0.2530736958 -0.8550180874 0.4526563539
vn -0.2585197508 -0.8493353748 0.4602140367
vn -0.2530736953 -0.855018091 0.4526563473
vn -0.2558940986 -0.8495922652 0.4612062372
vn -0.2585197494 -0.8493353844 0.4602140197
vn 0.9929350467 0.09135417643 -0.07572587062
vn 0.9929350467 0.09135417643 -0.07572587062
vn 0.9929350467 0.09135417643 -0.07572587062
vn 0.9962249013 0.04203517212 -0.07595386966
vn 0.9962249013 0.04203517212 -0.07595386966
vn 0.9962249013 0.04203517212 -0.07595386966
vn 0.9990947993 0.02477381633 -0.03458092031
vn 0.9990947993 0.02477381633 -0.03458092031
vn 0.9990947993 0.02477381633 -0.03458092031
vn 0.9943125341 0.02478608194 -0.1035771923
vn 0.9943125341 0.02478608194 -0.1035771923
vn 0.9943125341 0.02478608194 -0.1035771923
vn 0.985230332 0.0913502931 -0.1448320301
vn 0.985230332 0.0913502931 -0.1448320301
vn 0.985230332 0.0913502931 -0.1448320301
vn 0.972740026 0.09126541565 -0.2131841125
vn 0.972740026 0.09126541565 -0.2131841125
vn 0.972740026 0.09126541565 -0.2131841125
vn 0.9551810572 0.09043636875 -0.2818694932
vn 0.9551810572 0.09043636875 -0.2818694932
vn 0.9551810572 0.09043636875 -0.2818694932
vn 0.9885003898 0.04210729805 -0.1452375804
vn 0.9885003898 0.04210729805 -0.1452375804
vn 0.9885003898 0.04210729805 -0.1452375804
vn 0.975966876 0.0418444333 -0.2138637427
vn 0.975966876 0.0418444333 -0.2138637427
vn 0.975966876 0.0418444333 -0.2138637427
vn 0.9847705694 0.0248243915 -0.1720775269
vn 0.9847705694 0.0248243915 -0.1720775269
vn 0.9847705694 0.0248243915 -0.1720775269
vn 0.9705160083 0.02483819354 -0.2397535023
vn 0.9705160083 0.02483819354 -0.2397535023
vn 0.9705160083 0.02483819354 -0.2397535023
vn 0.9583506624 0.04233248705 -0.2824393183
vn 0.9583506624 0.04233248705 -0.2824393183
vn 0.9583506624 0.04233248705 -0.2824393183
vn -0.2785039536 -0.8463763114 0.4539633105
vn -0.2031965908 -0.9077123382 0.3671095975
vn -0.1969667175 -0.9445358466 0.2627853625
vn -0.278503958 -0.8463763006 0.4539633279
vn -0.2585197569 -0.8493353733 0.4602140361
vn -0.2031965907 -0.9077123385 0.3671095969
vn -0.06301094446 -0.995839133 0.065833442
vn -0.2031965816 -0.9077123409 0.3671095959
vn -0.07033298778 -0.9794987023 0.1887738408
vn -0.02495115842 -0.9995635702 0.01581482725
vn -0.02563432164 -0.9995283453 0.01691060564
vn -0.02352485198 -0.9995957369 0.01596697135
vn -0.01568875037 -0.9998120974 0.01138564495
vn -0.02495115859 -0.9995635702 0.01581482731
vn -0.02352485043 -0.9995957369 0.01596697091
vn -0.1723826457 0 0.9850300622
vn -0.1723826457 0 0.9850300622
vn -0.1723826457 0 0.9850300622
vn -0.02495116669 -0.99956357 0.01581482847
vn -0.01923179381 -0.9994835772 0.02574329203
vn -0.02563434083 -0.9995283447 0.01691060848
vn -0.2436203905 -0.8621402869 0.444255817
vn -0.2585197501 -0.8493353806 0.4602140264
vn -0.2785039688 -0.8463762887 0.4539633436
vn -0.255894091 -0.8495922756 0.4612062222
vn -0.2031965899 -0.9077123388 0.3671095964
vn -0.2585197582 -0.8493353724 0.460214037
vn -0.255894091 -0.8495922756 0.4612062222
vn -0.2515345356 -0.8541766804 0.4550962272
vn -0.2031965899 -0.9077123388 0.3671095964
vn 0.9395211537 0.1082040283 -0.3249490575
vn 0.9395211537 0.1082040283 -0.3249490575
vn 0.9395211537 0.1082040283 -0.3249490575
vn 0.9395209187 0.1082039132 -0.3249497754
vn 0.9395209187 0.1082039132 -0.3249497754
vn 0.9395209187 0.1082039132 -0.3249497754
vn 0.9395201241 0.108202704 -0.3249524754
vn 0.9395201241 0.108202704 -0.3249524754
vn 0.9395201241 0.108202704 -0.3249524754
vn 0.9327818509 0.09089310441 -0.3487928644
vn 0.9327818509 0.09089310441 -0.3487928644
vn 0.9327818509 0.09089310441 -0.3487928644
vn -0.2515345356 -0.8541766804 0.4550962272
vn -0.2197276101 -0.8848057377 0.4108997248
vn -0.2031965899 -0.9077123388 0.3671095964
vn -0.2197276101 -0.8848057377 0.4108997248
vn -0.2151357632 -0.8888259981 0.4046046817
vn -0.2031965899 -0.9077123388 0.3671095964
vn -0.2151357677 -0.8888259751 0.4046047298
vn -0.2136792684 -0.8879208877 0.407354474
vn -0.2031965927 -0.9077123263 0.3671096257
vn 0.9358820665 0.04107872238 -0.3499104117
vn 0.9358820665 0.04107872238 -0.3499104117
vn 0.9358820665 0.04107872238 -0.3499104117
vn 0.9516120222 0.02501800518 -0.3062819919
vn 0.9516120222 0.02501800518 -0.3062819919
vn 0.9516120222 0.02501800518 -0.3062819919
vn -0.07033298994 -0.9794987059 0.1887738212
vn -0.01923177799 -0.9994835787 0.02574324491
vn -0.0249511534 -0.999563571 0.01581478898
vn -0.07033298197 -0.9794987025 0.1887738422
vn -0.2031965786 -0.9077123408 0.3671095979
vn -0.15372146 -0.9015198842 0.4045140432
vn -0.02563434083 -0.9995283447 0.01691060848
vn -0.01923179381 -0.9994835772 0.02574329203
vn -0.01957105553 -0.9994731921 0.02589038456
vn -0.172380023 0 0.9850305212
vn -0.172380023 0 0.9850305212
vn -0.172380023 0 0.9850305212
vn 0.9327821667 0.09089197366 -0.3487923143
vn 0.9327821667 0.09089197366 -0.3487923143
vn 0.9327821667 0.09089197366 -0.3487923143
vn 0.9138381961 0.106945978 -0.3917426567
vn 0.9138381961 0.106945978 -0.3917426567
vn 0.9138381961 0.106945978 -0.3917426567
vn 0.9138363747 0.1069443799 -0.3917473419
vn 0.9138363747 0.1069443799 -0.3917473419
vn 0.9138363747 0.1069443799 -0.3917473419
vn -0.2136792684 -0.8879208877 0.407354474
vn -0.2052437514 -0.8822547909 0.4236761575
vn -0.2031965927 -0.9077123263 0.3671096257
vn -0.2031965927 -0.9077123263 0.3671096257
vn -0.2052437514 -0.8822547909 0.4236761575
vn -0.1982315044 -0.8771529407 0.4373865445
vn -0.2031965786 -0.9077123408 0.3671095979
vn -0.1982315059 -0.8771529386 0.437386548
vn -0.15372146 -0.9015198842 0.4045140432
vn 0.9061693831 0.09085615457 -0.4130402018
vn 0.9061693831 0.09085615457 -0.4130402018
vn 0.9061693831 0.09085615457 -0.4130402018
vn 0.909215195 0.04109159023 -0.4142936281
vn 0.909215195 0.04109159023 -0.4142936281
vn 0.909215195 0.04109159023 -0.4142936281
vn 0.9092157864 0.04109154145 -0.4142923351
vn 0.9092157864 0.04109154145 -0.4142923351
vn 0.9092157864 0.04109154145 -0.4142923351
vn 0.909215484 0.04109141629 -0.4142930112
vn 0.909215484 0.04109141629 -0.4142930112
vn 0.909215484 0.04109141629 -0.4142930112
vn 0.9281571621 0.02503773548 -0.371345384
vn 0.9281571621 0.02503773548 -0.371345384
vn 0.9281571621 0.02503773548 -0.371345384
vn 0.909218874 0.04109731435 -0.4142849863
vn 0.909218874 0.04109731435 -0.4142849863
vn 0.909218874 0.04109731435 -0.4142849863
vn -0.07033298732 -0.9794987038 0.1887738331
vn -0.153721457 -0.9015198819 0.4045140494
vn -0.1511387813 -0.903724621 0.400548222
vn -0.07033298732 -0.9794987038 0.1887738331
vn -0.1511387813 -0.903724621 0.400548222
vn -0.1252420272 -0.9241264109 0.3609775774
vn -0.07033298732 -0.9794987038 0.1887738331
vn -0.1252420272 -0.9241264109 0.3609775774
vn -0.07632586993 -0.9551278754 0.2861906764
vn -0.07033299096 -0.9794987041 0.1887738306
vn -0.07632587104 -0.9551278755 0.2861906757
vn -0.01923177588 -0.9994835792 0.02574322526
vn -0.01923179485 -0.9994835771 0.02574329401
vn -0.01905443335 -0.9994992665 0.0252615288
vn -0.01957105823 -0.9994731919 0.02589038973
vn -0.01923179444 -0.9994835774 0.02574328389
vn -0.01578643892 -0.9995450903 0.02569826338
vn -0.01905443309 -0.9994992667 0.02526152208
vn -0.1723849472 0 0.9850296594
vn -0.1723849472 0 0.9850296594
vn -0.1723849472 0 0.9850296594
vn -0.1723837755 0 0.9850298645
vn -0.1723837755 0 0.9850298645
vn -0.1723837755 0 0.9850298645
vn 0.9002591061 0.02510204909 -0.4346302211
vn 0.9002591061 0.02510204909 -0.4346302211
vn 0.9002591061 0.02510204909 -0.4346302211
vn 0.8781005921 0.04076462809 -0.4767364001
vn 0.8781005921 0.04076462809 -0.4767364001
vn 0.8781005921 0.04076462809 -0.4767364001
vn -0.01923177588 -0.9994835792 0.02574322526
vn -0.07632587104 -0.9551278755 0.2861906757
vn -0.07547076474 -0.9561054499 0.2831369497
vn -0.01923177511 -0.9994835792 0.02574322511
vn -0.07547076026 -0.9561054506 0.2831369486
vn -0.07472846118 -0.9571425514 0.2798102809
vn -0.01923177511 -0.9994835792 0.02574322511
vn -0.07472846118 -0.9571425514 0.2798102809
vn -0.05730594182 -0.9777041281 0.2020165016
vn -0.01923176822 -0.9994835796 0.02574321688
vn -0.05078120485 -0.983602299 0.1730542879
vn -0.01578637396 -0.9995450956 0.02569809712
vn 0.9002596166 0.02510137596 -0.4346292024
vn 0.9002596166 0.02510137596 -0.4346292024
vn 0.9002596166 0.02510137596 -0.4346292024
vn -0.01923177511 -0.9994835792 0.02574322511
vn -0.05730594182 -0.9777041281 0.2020165016
vn -0.05078118508 -0.9836023043 0.1730542637
vn -0.01578637396 -0.9995450956 0.02569809712
vn -0.05078120485 -0.983602299 0.1730542879
vn -0.04626236605 -0.9857539786 0.1617061752
vn -0.01578637396 -0.9995450956 0.02569809712
vn -0.04626236605 -0.9857539786 0.1617061752
vn -0.01967433261 -0.995302341 0.09479541472
vn -0.01578637396 -0.9995450956 0.02569809712
vn -0.01967433261 -0.995302341 0.09479541472
vn -0.006063328675 -0.9981272357 0.06087082581
vn 0.8780892929 0.04074942936 -0.4767585109
vn 0.8780892929 0.04074942936 -0.4767585109
vn 0.8780892929 0.04074942936 -0.4767585109
vn 0.8781034846 0.04077024627 -0.476730592
vn 0.8781034846 0.04077024627 -0.476730592
vn 0.8781034846 0.04077024627 -0.476730592
vn 0.8680536114 0.02512478904 -0.4958343198
vn 0.8680536114 0.02512478904 -0.4958343198
vn 0.8680536114 0.02512478904 -0.4958343198
vn -0.1723796547 0 0.9850305856
vn -0.1723796547 0 0.9850305856
vn -0.1723796547 0 0.9850305856
vn 0.868053398 0.02512546969 -0.495834659
vn 0.868053398 0.02512546969 -0.495834659
vn 0.868053398 0.02512546969 -0.495834659
vn 0.8429294427 0.040652937 -0.5364860608
vn 0.8429294427 0.040652937 -0.5364860608
vn 0.8429294427 0.040652937 -0.5364860608
vn 0.8429307752 0.04065349622 -0.5364839247
vn 0.8429307752 0.04065349622 -0.5364839247
vn 0.8429307752 0.04065349622 -0.5364839247
vn 0.8429292973 0.04065243667 -0.5364863271
vn 0.8429292973 0.04065243667 -0.5364863271
vn 0.8429292973 0.04065243667 -0.5364863271
vn 0.8274000918 -3.296189057e-06 -0.5616129344
vn 0.8274000918 -3.296189057e-06 -0.5616129344
vn 0.8274000918 -3.296189057e-06 -0.5616129344
vn -0.09521732186 0 -0.9954565092
vn -0.09521732186 0 -0.9954565092
vn -0.09521732186 0 -0.9954565092
vn -0.06046416064 0.9861734155 -0.1542921896
vn -0.1010640035 0.9494343155 -0.2972550213
vn -0.04144531435 0.9892813375 -0.1400168607
vn -0.09522160047 0 -0.9954560999
vn -0.09522160047 0 -0.9954560999
vn -0.09522160047 0 -0.9954560999
vn -0.09521744869 0 -0.995456497
vn -0.09521744869 0 -0.995456497
vn -0.09521744869 0 -0.995456497
vn -0.04144530437 0.9892813414 -0.1400168357
vn -0.1010640047 0.9494343145 -0.2972550242
vn -0.04186587479 0.9889368822 -0.1423063299
vn -0.04186587479 0.9889368822 -0.1423063299
vn -0.1010640047 0.9494343145 -0.2972550242
vn -0.1347589883 0.8908904953 -0.4337673806
vn -0.09521780894 0 -0.9954564626
vn -0.09521780894 0 -0.9954564626
vn -0.09521780894 0 -0.9954564626
vn -0.0418658823 0.9889368823 -0.1423063269
vn -0.04207207701 0.9549315773 -0.2938292412
vn -0.03989330884 0.9882181607 -0.1477612627
vn 0.9516120592 -0.02501809434 0.3062818699
vn 0.9516120592 -0.02501809434 0.3062818699
vn 0.9516120592 -0.02501809434 0.3062818699
vn 0.9358820606 -0.04107887467 0.3499104096
vn 0.9358820606 -0.04107887467 0.3499104096
vn 0.9358820606 -0.04107887467 0.3499104096
vn 0.9583506624 -0.04233248705 0.2824393183
vn 0.9583506624 -0.04233248705 0.2824393183
vn 0.9583506624 -0.04233248705 0.2824393183
vn -0.1010640046 0.9494343146 -0.297255024
vn -0.1761042775 0.8442158567 -0.5062478354
vn -0.144071274 0.8772939105 -0.4578196835
vn -0.1010640046 0.9494343146 -0.297255024
vn -0.144071274 0.8772939105 -0.4578196835
vn -0.1347589877 0.8908904958 -0.4337673797
vn -0.1761042791 0.8442158535 -0.5062478401
vn -0.1462920101 0.8741950885 -0.4630136014
vn -0.1440712737 0.8772939111 -0.4578196824
vn -0.1761042791 0.8442158535 -0.5062478401
vn -0.1574515925 0.8577820261 -0.4893046002
vn -0.1462920101 0.8741950885 -0.4630136014
vn -0.1761042791 0.8442158535 -0.5062478401
vn -0.1667609013 0.8430201635 -0.5113783392
vn -0.1574515925 0.8577820261 -0.4893046002
vn 0.9327826369 -0.0908944038 0.3487904237
vn 0.9327826369 -0.0908944038 0.3487904237
vn 0.9327826369 -0.0908944038 0.3487904237
vn 0.9551810882 -0.09043602106 0.2818694997
vn 0.9551810882 -0.09043602106 0.2818694997
vn 0.9551810882 -0.09043602106 0.2818694997
vn 0.994312535 -0.02478608866 0.1035771815
vn 0.994312535 -0.02478608866 0.1035771815
vn 0.994312535 -0.02478608866 0.1035771815
vn 0.9990947993 -0.02477381512 0.03458092189
vn 0.9990947993 -0.02477381512 0.03458092189
vn 0.9990947993 -0.02477381512 0.03458092189
vn 0.9962249011 -0.04203516966 0.0759538736
vn 0.9962249011 -0.04203516966 0.0759538736
vn 0.9962249011 -0.04203516966 0.0759538736
vn 0.9989350467 -0.04613862284 0
vn 0.9989350467 -0.04613862284 0
vn 0.9989350467 -0.04613862284 0
vn 0.9929350463 -0.09135417806 0.07572587453
vn 0.9929350463 -0.09135417806 0.07572587453
vn 0.9929350463 -0.09135417806 0.07572587453
vn 0.9961570577 -0.08758490992 0
vn 0.9961570577 -0.08758490992 0
vn 0.9961570577 -0.08758490992 0
vn 0.9705159958 -0.02483821324 0.2397535506
vn 0.9705159958 -0.02483821324 0.2397535506
vn 0.9705159958 -0.02483821324 0.2397535506
vn 0.9847705685 -0.02482442866 0.1720775268
vn 0.9847705685 -0.02482442866 0.1720775268
vn 0.9847705685 -0.02482442866 0.1720775268
vn 0.9759668741 -0.04184447944 0.2138637423
vn 0.9759668741 -0.04184447944 0.2138637423
vn 0.9759668741 -0.04184447944 0.2138637423
vn 0.9885003867 -0.04210731984 0.145237595
vn 0.9885003867 -0.04210731984 0.145237595
vn 0.9885003867 -0.04210731984 0.145237595
vn 0.9727400301 -0.09126536969 0.2131841133
vn 0.9727400301 -0.09126536969 0.2131841133
vn 0.9727400301 -0.09126536969 0.2131841133
vn 0.9852303321 -0.09135026815 0.1448320451
vn 0.9852303321 -0.09135026815 0.1448320451
vn 0.9852303321 -0.09135026815 0.1448320451
vn -0.1761042752 0.8442158667 -0.5062478194
vn -0.1761956336 0.8940601685 -0.4118391843
vn -0.1745373611 0.8510059214 -0.4953035748
vn -0.1761042752 0.8442158667 -0.5062478194
vn -0.1745373611 0.8510059214 -0.4953035748
vn -0.1741090775 0.8363571433 -0.5198006907
vn -0.1752416934 0.8788575739 -0.443733832
vn -0.1749956462 0.8664533954 -0.4675842569
vn -0.1761956334 0.8940601609 -0.411839201
vn -0.1752416934 0.8788575739 -0.443733832
vn -0.1761956334 0.8940601609 -0.411839201
vn -0.1753294685 0.886579961 -0.428060218
vn -0.1745373612 0.8510059239 -0.4953035706
vn -0.1761956334 0.8940601609 -0.411839201
vn -0.1749956462 0.8664533954 -0.4675842569
vn -0.1761042791 0.8442158535 -0.5062478401
vn -0.1739151461 0.8309383911 -0.5284835969
vn -0.1667609013 0.8430201635 -0.5113783392
vn -0.1761042752 0.8442158667 -0.5062478194
vn -0.1741090775 0.8363571433 -0.5198006907
vn -0.1739151423 0.8309384049 -0.5284835764
vn 0.9395201832 -0.1082039909 0.324951876
vn 0.9395201832 -0.1082039909 0.324951876
vn 0.9395201832 -0.1082039909 0.324951876
vn 0.9395209583 -0.1082043746 0.3249495071
vn 0.9395209583 -0.1082043746 0.3249495071
vn 0.9395209583 -0.1082043746 0.3249495071
vn 0.9395212451 -0.108203642 0.3249489218
vn 0.9395212451 -0.108203642 0.3249489218
vn 0.9395212451 -0.108203642 0.3249489218
vn 0.9332112297 -0.1565689635 0.3234238094
vn 0.9332112297 -0.1565689635 0.3234238094
vn 0.9332112297 -0.1565689635 0.3234238094
vn 0.9386239146 -0.1747017115 0.2974297545
vn 0.9386239146 -0.1747017115 0.2974297545
vn 0.9386239146 -0.1747017115 0.2974297545
vn -0.1753294685 0.886579961 -0.428060218
vn -0.1761956334 0.8940601609 -0.411839201
vn -0.1752755706 0.9069782152 -0.3829738784
vn 0.9927764017 -0.1127026913 0.04114753556
vn 0.9927764017 -0.1127026913 0.04114753556
vn 0.9927764017 -0.1127026913 0.04114753556
vn -0.1761956348 0.8940601594 -0.4118392037
vn -0.1364799812 0.9695276173 -0.2034438843
vn -0.1555919969 0.9468700764 -0.2814750235
vn -0.1364799811 0.9695276165 -0.2034438883
vn -0.1406231687 0.9792912813 -0.1456492733
vn -0.1464840668 0.9720997835 -0.1832059747
vn -0.1364799811 0.9695276165 -0.2034438883
vn -0.1379786617 0.9821118781 -0.1281333204
vn -0.1406231687 0.9792912813 -0.1456492733
vn -0.1364799827 0.9695276172 -0.2034438836
vn -0.1378865459 0.9824330919 -0.1257478447
vn -0.1379786635 0.9821118786 -0.1281333145
vn -0.1364799827 0.9695276172 -0.2034438836
vn -0.1300911995 0.9910552053 -0.02976339945
vn -0.1378865459 0.9824330919 -0.1257478447
vn -0.1300911995 0.9910552053 -0.02976339945
vn -0.1335025978 0.9907215855 -0.0254518467
vn -0.1378865459 0.9824330919 -0.1257478447
vn -0.1300911996 0.9910552052 -0.02976340143
vn -0.1715420598 0.978945593 0.1106293257
vn -0.1582504236 0.9857549789 0.05695546465
vn -0.1300911996 0.9910552052 -0.02976340143
vn -0.1422825684 0.9898198701 0.003506484447
vn -0.1370372217 0.9904696003 -0.01381197977
vn -0.1300911996 0.9910552052 -0.02976340143
vn -0.1582504236 0.9857549789 0.05695546465
vn -0.1422825684 0.9898198701 0.003506484447
vn -0.1300911996 0.9910552052 -0.02976340143
vn -0.1370372217 0.9904696003 -0.01381197977
vn -0.1335025966 0.9907215856 -0.02545184768
vn 0.976469889 -0.1085478638 0.186343546
vn 0.976469889 -0.1085478638 0.186343546
vn 0.976469889 -0.1085478638 0.186343546
vn 0.9605742416 -0.1087565231 0.2558693906
vn 0.9605742416 -0.1087565231 0.2558693906
vn 0.9605742416 -0.1087565231 0.2558693906
vn 0.9542652193 -0.1571188512 0.2543453515
vn 0.9542652193 -0.1571188512 0.2543453515
vn 0.9542652193 -0.1571188512 0.2543453515
vn 0.9871221957 -0.1086746985 0.1173864583
vn 0.9871221957 -0.1086746985 0.1173864583
vn 0.9871221957 -0.1086746985 0.1173864583
vn -0.1761956348 0.8940601594 -0.4118392037
vn -0.16695529 0.9256979594 -0.3394248358
vn -0.1752755693 0.906978216 -0.3829738771
vn -0.1761956348 0.8940601594 -0.4118392037
vn -0.1555919969 0.9468700764 -0.2814750235
vn -0.16695529 0.9256979594 -0.3394248358
vn 0.9578318206 -0.1746818896 0.2281325072
vn 0.9578318206 -0.1746818896 0.2281325072
vn 0.9578318206 -0.1746818896 0.2281325072
vn 0.9700013544 -0.15719125 0.1854407813
vn 0.9700013544 -0.15719125 0.1854407813
vn 0.9700013544 -0.15719125 0.1854407813
vn 0.9718660498 -0.1746830867 0.1579943049
vn 0.9718660498 -0.1746830867 0.1579943049
vn 0.9718660498 -0.1746830867 0.1579943049
vn 0.9700006029 -0.1571933037 0.1854429713
vn 0.9700006029 -0.1571933037 0.1854429713
vn 0.9700006029 -0.1571933037 0.1854429713
vn 0.9718658022 -0.1746827553 0.1579961948
vn 0.9718658022 -0.1746827553 0.1579961948
vn 0.9718658022 -0.1746827553 0.1579961948
vn 0.9578197327 -0.1747332168 0.2281439516
vn 0.9578197327 -0.1747332168 0.2281439516
vn 0.9578197327 -0.1747332168 0.2281439516
vn -0.1364799811 0.9695276173 -0.2034438843
vn -0.1544821695 0.9505244747 -0.2695152729
vn -0.1555919986 0.946870076 -0.2814750241
vn -0.1364799811 0.9695276173 -0.2034438843
vn -0.1501236408 0.9634163361 -0.2220176927
vn -0.1544821695 0.9505244747 -0.2695152729
vn -0.1364799811 0.9695276173 -0.2034438843
vn -0.1464840667 0.9720997836 -0.1832059741
vn -0.1501236408 0.9634163361 -0.2220176927
vn 0.9542651506 -0.1571194639 0.2543452307
vn 0.9542651506 -0.1571194639 0.2543452307
vn 0.9542651506 -0.1571194639 0.2543452307
vn 0.9542651476 -0.1571197507 0.254345065
vn 0.9542651476 -0.1571197507 0.254345065
vn 0.9542651476 -0.1571197507 0.254345065
vn 0.9806537289 -0.157319549 0.1164852927
vn 0.9806537289 -0.157319549 0.1164852927
vn 0.9806537289 -0.157319549 0.1164852927
vn 0.9806537318 -0.1573194581 0.1164853917
vn 0.9806537318 -0.1573194581 0.1164853917
vn 0.9806537318 -0.1573194581 0.1164853917
vn 0.9871080246 -0.1546760251 0.04114699359
vn 0.9871080246 -0.1546760251 0.04114699359
vn 0.9871080246 -0.1546760251 0.04114699359
vn 0.9806538191 -0.1573233874 0.1164793496
vn 0.9806538191 -0.1573233874 0.1164793496
vn 0.9806538191 -0.1573233874 0.1164793496
vn 0.9804978052 -0.1786431097 0.0819188212
vn 0.9804978052 -0.1786431097 0.0819188212
vn 0.9804978052 -0.1786431097 0.0819188212
vn 0.9804973008 -0.1786444646 0.08192190418
vn 0.9804973008 -0.1786444646 0.08192190418
vn 0.9804973008 -0.1786444646 0.08192190418
vn 0.9871078522 -0.1546768534 0.04114801589
vn 0.9871078522 -0.1546768534 0.04114801589
vn 0.9871078522 -0.1546768534 0.04114801589
vn 0.9837654729 -0.1794588929 -3.970691724e-08
vn 0.9837654729 -0.1794588929 -3.970691724e-08
vn 0.9837654729 -0.1794588929 -3.970691724e-08
vn -0.0398932926 0.9882181637 -0.147761247
vn -0.04207208121 0.9549315757 -0.2938292457
vn -0.02898176583 0.9740382279 -0.2245207959
vn -0.0418658823 0.9889368823 -0.1423063269
vn -0.1204748633 0.9041630857 -0.4098474372
vn -0.08484177973 0.9275793893 -0.3638658392
vn -0.0418658823 0.9889368823 -0.1423063269
vn -0.08484177973 0.9275793893 -0.3638658392
vn -0.04207207701 0.9549315773 -0.2938292412
vn -0.04186587479 0.9889368822 -0.1423063299
vn -0.1347589883 0.8908904953 -0.4337673806
vn -0.1317860408 0.8947981545 -0.426577897
vn -0.04186587479 0.9889368822 -0.1423063299
vn -0.1317860408 0.8947981545 -0.426577897
vn -0.1300930416 0.8969711159 -0.4225146361
vn -0.0418658823 0.9889368823 -0.1423063269
vn -0.1300930595 0.8969711129 -0.4225146371
vn -0.1204748633 0.9041630857 -0.4098474372
vn 0.9092156748 -0.04109180839 0.4142925535
vn 0.9092156748 -0.04109180839 0.4142925535
vn 0.9092156748 -0.04109180839 0.4142925535
vn 0.9002595249 -0.02510195624 0.434629359
vn 0.9002595249 -0.02510195624 0.434629359
vn 0.9002595249 -0.02510195624 0.434629359
vn -0.02033911727 0.9728770618 -0.2304268712
vn -0.02898176269 0.9740382333 -0.2245207729
vn -0.04207208066 0.954931577 -0.2938292417
vn 0.9092170767 -0.0410945312 0.4142892069
vn 0.9092170767 -0.0410945312 0.4142892069
vn 0.9092170767 -0.0410945312 0.4142892069
vn 0.9002622597 -0.025106464 0.4346234338
vn 0.9002622597 -0.025106464 0.4346234338
vn 0.9002622597 -0.025106464 0.4346234338
vn 0.9002583461 -0.02509914634 0.4346319629
vn 0.9002583461 -0.02509914634 0.4346319629
vn 0.9002583461 -0.02509914634 0.4346319629
vn 0.9092149675 -0.04109120569 0.4142941657
vn 0.9092149675 -0.04109120569 0.4142941657
vn 0.9092149675 -0.04109120569 0.4142941657
vn 0.8780998642 -0.04076532122 0.4767376815
vn 0.8780998642 -0.04076532122 0.4767376815
vn 0.8780998642 -0.04076532122 0.4767376815
vn 0.9281571583 -0.02503789736 0.3713453825
vn 0.9281571583 -0.02503789736 0.3713453825
vn 0.9281571583 -0.02503789736 0.3713453825
vn 0.9092153708 -0.04109162502 0.4142932389
vn 0.9092153708 -0.04109162502 0.4142932389
vn 0.9092153708 -0.04109162502 0.4142932389
vn 0.9061698383 -0.09085287782 0.4130399239
vn 0.9061698383 -0.09085287782 0.4130399239
vn 0.9061698383 -0.09085287782 0.4130399239
vn 0.9138388197 -0.1069454205 0.3917413542
vn 0.9138388197 -0.1069454205 0.3917413542
vn 0.9138388197 -0.1069454205 0.3917413542
vn 0.9327819315 -0.09089216379 0.3487928938
vn 0.9327819315 -0.09089216379 0.3487928938
vn 0.9327819315 -0.09089216379 0.3487928938
vn 0.9327818795 -0.0908916413 0.3487931692
vn 0.9327818795 -0.0908916413 0.3487931692
vn 0.9327818795 -0.0908916413 0.3487931692
vn -0.09521791864 0 -0.9954564521
vn -0.09521791864 0 -0.9954564521
vn -0.09521791864 0 -0.9954564521
vn 0.8680527968 -0.02512151308 0.4958359119
vn 0.8680527968 -0.02512151308 0.4958359119
vn 0.8680527968 -0.02512151308 0.4958359119
vn 0.8680535211 -0.02512424191 0.4958345057
vn 0.8680535211 -0.02512424191 0.4958345057
vn 0.8680535211 -0.02512424191 0.4958345057
vn 0.8429300314 -0.04065174177 0.5364852263
vn 0.8429300314 -0.04065174177 0.5364852263
vn 0.8429300314 -0.04065174177 0.5364852263
vn 0.8680525139 -0.02512522701 0.4958362189
vn 0.8680525139 -0.02512522701 0.4958362189
vn 0.8680525139 -0.02512522701 0.4958362189
vn 0.8781002234 -0.04076558583 0.4767369973
vn 0.8781002234 -0.04076558583 0.4767369973
vn 0.8781002234 -0.04076558583 0.4767369973
vn 0.8680546979 -0.02512698008 0.4958323066
vn 0.8680546979 -0.02512698008 0.4958323066
vn 0.8680546979 -0.02512698008 0.4958323066
vn -0.04207207504 0.9549315769 -0.2938292428
vn -0.07126310595 0.936324906 -0.3438273406
vn -0.05352421504 0.9466864031 -0.3176791031
vn -0.04207207504 0.9549315769 -0.2938292428
vn -0.08484178362 0.9275793898 -0.363865837
vn -0.07126310595 0.936324906 -0.3438273406
vn -0.02033912989 0.9728770588 -0.2304268828
vn -0.04207207643 0.9549315783 -0.2938292381
vn -0.04340398172 0.9562228313 -0.2894028182
vn -0.04207207643 0.9549315783 -0.2938292381
vn -0.04661989954 0.9527809978 -0.300058253
vn -0.04340398172 0.9562228313 -0.2894028182
vn -0.0420720774 0.954931576 -0.2938292453
vn -0.05352421892 0.9466864012 -0.3176791082
vn -0.0493007874 0.9498724935 -0.3087258955
vn -0.04207207643 0.9549315783 -0.2938292381
vn -0.04930078753 0.9498724926 -0.308725898
vn -0.04661989954 0.9527809978 -0.300058253
vn -0.02033912989 0.9728770588 -0.2304268828
vn -0.04340398172 0.9562228313 -0.2894028182
vn -0.03215911054 0.9671952303 -0.2519904325
vn -0.0952161271 0 -0.9954566234
vn -0.0952161271 0 -0.9954566234
vn -0.0952161271 0 -0.9954566234
vn 0.8274010847 -0 0.5616114717
vn 0.8274010847 -0 0.5616114717
vn 0.8274010847 -0 0.5616114717
vn 0.8429287664 -0.04065194392 0.5364871986
vn 0.8429287664 -0.04065194392 0.5364871986
vn 0.8429287664 -0.04065194392 0.5364871986
vn -0.09521685434 -2.772624884e-06 -0.9954565539
vn -0.09521685434 -2.772624884e-06 -0.9954565539
vn -0.09521685434 -2.772624884e-06 -0.9954565539
vn 0.8429299023 -0.04064825952 0.536485693
vn 0.8429299023 -0.04064825952 0.536485693
vn 0.8429299023 -0.04064825952 0.536485693
vn 0.9990947993 -0.02477381633 -0.03458092031
vn 0.9990947993 -0.02477381633 -0.03458092031
vn 0.9990947993 -0.02477381633 -0.03458092031
vn 0.9943125341 -0.02478608194 -0.1035771923
vn 0.9943125341 -0.02478608194 -0.1035771923
vn 0.9943125341 -0.02478608194 -0.1035771923
vn 0.9962249013 -0.04203517212 -0.07595386966
vn 0.9962249013 -0.04203517212 -0.07595386966
vn 0.9962249013 -0.04203517212 -0.07595386966
vn 0.9929350467 -0.09135417643 -0.07572587062
vn 0.9929350467 -0.09135417643 -0.07572587062
vn 0.9929350467 -0.09135417643 -0.07572587062
vn 0.9885003898 -0.04210729805 -0.1452375804
vn 0.9885003898 -0.04210729805 -0.1452375804
vn 0.9885003898 -0.04210729805 -0.1452375804
vn 0.9847705694 -0.0248243915 -0.1720775269
vn 0.9847705694 -0.0248243915 -0.1720775269
vn 0.9847705694 -0.0248243915 -0.1720775269
vn 0.9705160083 -0.02483819354 -0.2397535023
vn 0.9705160083 -0.02483819354 -0.2397535023
vn 0.9705160083 -0.02483819354 -0.2397535023
vn 0.975966876 -0.0418444333 -0.2138637427
vn 0.975966876 -0.0418444333 -0.2138637427
vn 0.975966876 -0.0418444333 -0.2138637427
vn 0.9583506624 -0.04233248705 -0.2824393183
vn 0.9583506624 -0.04233248705 -0.2824393183
vn 0.9583506624 -0.04233248705 -0.2824393183
vn 0.985230332 -0.0913502931 -0.1448320301
vn 0.985230332 -0.0913502931 -0.1448320301
vn 0.985230332 -0.0913502931 -0.1448320301
vn 0.972740026 -0.09126541565 -0.2131841125
vn 0.972740026 -0.09126541565 -0.2131841125
vn 0.972740026 -0.09126541565 -0.2131841125
vn 0.9551810572 -0.09043636875 -0.2818694932
vn 0.9551810572 -0.09043636875 -0.2818694932
vn 0.9551810572 -0.09043636875 -0.2818694932
vn -0.01568875037 0.9998120974 0.01138564495
vn -0.02352485043 0.9995957369 0.01596697091
vn -0.02495115859 0.9995635702 0.01581482731
vn -0.1723826457 0 0.9850300622
vn -0.1723826457 0 0.9850300622
vn -0.1723826457 0 0.9850300622
vn -0.06301094446 0.995839133 0.065833442
vn -0.07033298778 0.9794987023 0.1887738408
vn -0.2031965816 0.9077123409 0.3671095959
vn -0.02495115842 0.9995635702 0.01581482725
vn -0.02352485198 0.9995957369 0.01596697135
vn -0.02563432164 0.9995283453 0.01691060564
vn -0.02495116669 0.99956357 0.01581482847
vn -0.02563434083 0.9995283447 0.01691060848
vn -0.01923179381 0.9994835772 0.02574329203
vn -0.1969667175 0.9445358466 0.2627853625
vn -0.2031965908 0.9077123382 0.3671095975
vn -0.2785039536 0.8463763114 0.4539633105
vn -0.278503958 0.8463763006 0.4539633279
vn -0.2031965907 0.9077123385 0.3671095969
vn -0.2585197569 0.8493353733 0.4602140361
vn 0.9516120222 -0.02501800518 -0.3062819919
vn 0.9516120222 -0.02501800518 -0.3062819919
vn 0.9516120222 -0.02501800518 -0.3062819919
vn 0.9358820665 -0.04107872238 -0.3499104117
vn 0.9358820665 -0.04107872238 -0.3499104117
vn 0.9358820665 -0.04107872238 -0.3499104117
vn -0.172380023 0 0.9850305212
vn -0.172380023 0 0.9850305212
vn -0.172380023 0 0.9850305212
vn -0.07033298994 0.9794987059 0.1887738212
vn -0.0249511534 0.999563571 0.01581478898
vn -0.01923177799 0.9994835787 0.02574324491
vn -0.07033298197 0.9794987025 0.1887738422
vn -0.15372146 0.9015198842 0.4045140432
vn -0.2031965786 0.9077123408 0.3671095979
vn -0.02563434083 0.9995283447 0.01691060848
vn -0.01957105553 0.9994731921 0.02589038456
vn -0.01923179381 0.9994835772 0.02574329203
vn -0.2785039688 0.8463762887 0.4539633436
vn -0.2585197501 0.8493353806 0.4602140264
vn -0.2436203905 0.8621402869 0.444255817
vn -0.2031965927 0.9077123263 0.3671096257
vn -0.2136792684 0.8879208877 0.407354474
vn -0.2151357677 0.8888259751 0.4046047298
vn -0.2031965899 0.9077123388 0.3671095964
vn -0.2151357632 0.8888259981 0.4046046817
vn -0.2197276101 0.8848057377 0.4108997248
vn -0.2031965899 0.9077123388 0.3671095964
vn -0.255894091 0.8495922756 0.4612062222
vn -0.2585197582 0.8493353724 0.460214037
vn -0.2031965899 0.9077123388 0.3671095964
vn -0.2515345356 0.8541766804 0.4550962272
vn -0.255894091 0.8495922756 0.4612062222
vn 0.9327818509 -0.09089310441 -0.3487928644
vn 0.9327818509 -0.09089310441 -0.3487928644
vn 0.9327818509 -0.09089310441 -0.3487928644
vn 0.9395209187 -0.1082039132 -0.3249497754
vn 0.9395209187 -0.1082039132 -0.3249497754
vn 0.9395209187 -0.1082039132 -0.3249497754
vn 0.9395211537 -0.1082040283 -0.3249490575
vn 0.9395211537 -0.1082040283 -0.3249490575
vn 0.9395211537 -0.1082040283 -0.3249490575
vn 0.9395201241 -0.108202704 -0.3249524754
vn 0.9395201241 -0.108202704 -0.3249524754
vn 0.9395201241 -0.108202704 -0.3249524754
vn -0.2031965899 0.9077123388 0.3671095964
vn -0.2197276101 0.8848057377 0.4108997248
vn -0.2515345356 0.8541766804 0.4550962272
vn 0.9927764019 -0.1127026901 -0.04114753399
vn 0.9927764019 -0.1127026901 -0.04114753399
vn 0.9927764019 -0.1127026901 -0.04114753399
vn -0.2785039672 0.8463762892 0.4539633436
vn -0.2277273772 0.8766139348 0.4238965097
vn -0.2856261329 0.8635025352 0.4156694406
vn -0.2785039688 0.8463762887 0.4539633436
vn -0.2393917026 0.8661479351 0.4387247055
vn -0.231185691 0.8735916379 0.4282415515
vn -0.2785039688 0.8463762887 0.4539633436
vn -0.231185691 0.8735916379 0.4282415515
vn -0.2277273785 0.8766139345 0.4238965098
vn -0.2856261329 0.8635025352 0.4156694406
vn -0.2277273772 0.8766139348 0.4238965097
vn -0.2302177176 0.878145073 0.4193578821
vn -0.2856261315 0.8635025381 0.4156694356
vn -0.2266357287 0.8900343647 0.3955693063
vn -0.2215397103 0.9041006222 0.3654069261
vn -0.2856261315 0.8635025381 0.4156694356
vn -0.2302177169 0.8781450747 0.4193578788
vn -0.2266357287 0.8900343647 0.3955693063
vn -0.230742527 0.9406070301 0.2490307235
vn -0.1856889323 0.9675031597 0.1716311638
vn -0.171542071 0.9789455902 0.110629333
vn -0.1582504246 0.9857549787 0.05695546544
vn -0.1715420689 0.9789455906 0.1106293325
vn -0.1586261663 0.9831600202 0.09074201927
vn -0.171542071 0.9789455902 0.110629333
vn -0.160547452 0.9808516621 0.1102475967
vn -0.1585833383 0.9816851743 0.105572456
vn -0.1715420689 0.9789455906 0.1106293325
vn -0.1585833344 0.981685175 0.1055724547
vn -0.1586261663 0.9831600202 0.09074201927
vn -0.171542071 0.9789455902 0.110629333
vn -0.1856889323 0.9675031597 0.1716311638
vn -0.160547452 0.9808516621 0.1102475967
vn -0.2307425277 0.9406070299 0.2490307235
vn -0.1886417997 0.9625319241 0.1947987847
vn -0.1856889398 0.9675031582 0.1716311643
vn -0.2307425277 0.9406070299 0.2490307235
vn -0.1921020226 0.9547092726 0.2272157956
vn -0.1886417997 0.9625319241 0.1947987847
vn -0.2307425277 0.9406070299 0.2490307235
vn -0.1935833888 0.9500731608 0.2447171036
vn -0.1921020226 0.9547092726 0.2272157956
vn -0.2856261346 0.8635025373 0.4156694351
vn -0.2062878375 0.9345678348 0.2898763363
vn -0.230742531 0.9406070282 0.2490307268
vn -0.2856261315 0.8635025381 0.4156694356
vn -0.2215397103 0.9041006222 0.3654069261
vn -0.2086623652 0.9312306513 0.2987800049
vn -0.2856261346 0.8635025373 0.4156694351
vn -0.2086623659 0.9312306513 0.2987800046
vn -0.2062878375 0.9345678348 0.2898763363
vn -0.230742531 0.9406070282 0.2490307268
vn -0.2062878375 0.9345678348 0.2898763363
vn -0.1935833925 0.9500731588 0.2447171081
vn 0.9871221938 -0.1086747035 -0.1173864702
vn 0.9871221938 -0.1086747035 -0.1173864702
vn 0.9871221938 -0.1086747035 -0.1173864702
vn 0.9764698847 -0.1085479037 -0.1863435454
vn 0.9764698847 -0.1085479037 -0.1863435454
vn 0.9764698847 -0.1085479037 -0.1863435454
vn 0.9605742996 -0.1087564945 -0.2558691852
vn 0.9605742996 -0.1087564945 -0.2558691852
vn 0.9605742996 -0.1087564945 -0.2558691852
vn 0.970000892 -0.1571914697 -0.1854430139
vn 0.970000892 -0.1571914697 -0.1854430139
vn 0.970000892 -0.1571914697 -0.1854430139
vn 0.9542651307 -0.1571173017 -0.254346641
vn 0.9542651307 -0.1571173017 -0.254346641
vn 0.9542651307 -0.1571173017 -0.254346641
vn 0.9542650358 -0.1571196486 -0.2543455473
vn 0.9542650358 -0.1571196486 -0.2543455473
vn 0.9542650358 -0.1571196486 -0.2543455473
vn 0.9551805231 -0.09043274301 -0.2818724663
vn 0.9551805231 -0.09043274301 -0.2818724663
vn 0.9551805231 -0.09043274301 -0.2818724663
vn 0.9551811095 -0.0904358673 -0.281869477
vn 0.9551811095 -0.0904358673 -0.281869477
vn 0.9551811095 -0.0904358673 -0.281869477
vn 0.9605744659 -0.1087554253 -0.255869015
vn 0.9605744659 -0.1087554253 -0.255869015
vn 0.9605744659 -0.1087554253 -0.255869015
vn 0.9542645476 -0.1571238999 -0.2543447527
vn 0.9542645476 -0.1571238999 -0.2543447527
vn 0.9542645476 -0.1571238999 -0.2543447527
vn 0.9871080179 -0.1546760684 -0.04114699197
vn 0.9871080179 -0.1546760684 -0.04114699197
vn 0.9871080179 -0.1546760684 -0.04114699197
vn 0.980497444 -0.1786441415 -0.08192089473
vn 0.980497444 -0.1786441415 -0.08192089473
vn 0.980497444 -0.1786441415 -0.08192089473
vn 0.9806537316 -0.1573195234 -0.1164853052
vn 0.9806537316 -0.1573195234 -0.1164853052
vn 0.9806537316 -0.1573195234 -0.1164853052
vn 0.9804973598 -0.1786436426 -0.08192299083
vn 0.9804973598 -0.1786436426 -0.08192299083
vn 0.9804973598 -0.1786436426 -0.08192299083
vn 0.9806533828 -0.157320736 -0.1164866035
vn 0.9806533828 -0.157320736 -0.1164866035
vn 0.9806533828 -0.157320736 -0.1164866035
vn 0.9837654635 -0.1794589446 9.976129527e-07
vn 0.9837654635 -0.1794589446 9.976129527e-07
vn 0.9837654635 -0.1794589446 9.976129527e-07
vn 0.9871081146 -0.1546754097 -0.04114714709
vn 0.9871081146 -0.1546754097 -0.04114714709
vn 0.9871081146 -0.1546754097 -0.04114714709
vn 0.9871088182 -0.1546688952 -0.04115475476
vn 0.9871088182 -0.1546688952 -0.04115475476
vn 0.9871088182 -0.1546688952 -0.04115475476
vn 0.9718658538 -0.1746838569 -0.1579946592
vn 0.9718658538 -0.1746838569 -0.1579946592
vn 0.9718658538 -0.1746838569 -0.1579946592
vn 0.9700007679 -0.1571927265 -0.1854425975
vn 0.9700007679 -0.1571927265 -0.1854425975
vn 0.9700007679 -0.1571927265 -0.1854425975
vn 0.9700010447 -0.1571968384 -0.1854376643
vn 0.9700010447 -0.1571968384 -0.1854376643
vn 0.9700010447 -0.1571968384 -0.1854376643
vn 0.9578321443 -0.1746809411 -0.2281318744
vn 0.9578321443 -0.1746809411 -0.2281318744
vn 0.9578321443 -0.1746809411 -0.2281318744
vn 0.9718668271 -0.1746794088 -0.1579935903
vn 0.9718668271 -0.1746794088 -0.1579935903
vn 0.9718668271 -0.1746794088 -0.1579935903
vn -0.2785039688 0.8463762887 0.4539633436
vn -0.2436203905 0.8621402869 0.444255817
vn -0.2393917026 0.8661479351 0.4387247055
vn -0.2585197508 0.8493353748 0.4602140367
vn -0.2454060923 0.8607926725 0.4458831963
vn -0.2436203913 0.8621402817 0.4442558267
vn -0.2585197508 0.8493353748 0.4602140367
vn -0.2530736958 0.8550180874 0.4526563539
vn -0.2454060923 0.8607926725 0.4458831963
vn -0.2585197494 0.8493353844 0.4602140197
vn -0.2558940986 0.8495922652 0.4612062372
vn -0.2530736953 0.855018091 0.4526563473
vn 0.9281571621 -0.02503773548 -0.371345384
vn 0.9281571621 -0.02503773548 -0.371345384
vn 0.9281571621 -0.02503773548 -0.371345384
vn 0.909215195 -0.04109159023 -0.4142936281
vn 0.909215195 -0.04109159023 -0.4142936281
vn 0.909215195 -0.04109159023 -0.4142936281
vn 0.909215484 -0.04109141629 -0.4142930112
vn 0.909215484 -0.04109141629 -0.4142930112
vn 0.909215484 -0.04109141629 -0.4142930112
vn 0.9092157864 -0.04109154145 -0.4142923351
vn 0.9092157864 -0.04109154145 -0.4142923351
vn 0.9092157864 -0.04109154145 -0.4142923351
vn 0.909218874 -0.04109731435 -0.4142849863
vn 0.909218874 -0.04109731435 -0.4142849863
vn 0.909218874 -0.04109731435 -0.4142849863
vn -0.1723849472 0 0.9850296594
vn -0.1723849472 0 0.9850296594
vn -0.1723849472 0 0.9850296594
vn -0.1723837755 0 0.9850298645
vn -0.1723837755 0 0.9850298645
vn -0.1723837755 0 0.9850298645
vn -0.07033298732 0.9794987038 0.1887738331
vn -0.1511387813 0.903724621 0.400548222
vn -0.153721457 0.9015198819 0.4045140494
vn -0.07033298732 0.9794987038 0.1887738331
vn -0.1252420272 0.9241264109 0.3609775774
vn -0.1511387813 0.903724621 0.400548222
vn -0.07033298732 0.9794987038 0.1887738331
vn -0.07632586993 0.9551278754 0.2861906764
vn -0.1252420272 0.9241264109 0.3609775774
vn -0.07033299096 0.9794987041 0.1887738306
vn -0.01923177588 0.9994835792 0.02574322526
vn -0.07632587104 0.9551278755 0.2861906757
vn -0.01923179485 0.9994835771 0.02574329401
vn -0.01957105823 0.9994731919 0.02589038973
vn -0.01905443335 0.9994992665 0.0252615288
vn -0.01923179444 0.9994835774 0.02574328389
vn -0.01905443309 0.9994992667 0.02526152208
vn -0.01578643892 0.9995450903 0.02569826338
vn 0.9002596166 -0.02510137596 -0.4346292024
vn 0.9002596166 -0.02510137596 -0.4346292024
vn 0.9002596166 -0.02510137596 -0.4346292024
vn 0.9002591061 -0.02510204909 -0.4346302211
vn 0.9002591061 -0.02510204909 -0.4346302211
vn 0.9002591061 -0.02510204909 -0.4346302211
vn 0.8781005921 -0.04076462809 -0.4767364001
vn 0.8781005921 -0.04076462809 -0.4767364001
vn 0.8781005921 -0.04076462809 -0.4767364001
vn -0.01923177588 0.9994835792 0.02574322526
vn -0.07547076474 0.9561054499 0.2831369497
vn -0.07632587104 0.9551278755 0.2861906757
vn -0.01923177511 0.9994835792 0.02574322511
vn -0.07472846118 0.9571425514 0.2798102809
vn -0.07547076026 0.9561054506 0.2831369486
vn -0.01923177511 0.9994835792 0.02574322511
vn -0.05730594182 0.9777041281 0.2020165016
vn -0.07472846118 0.9571425514 0.2798102809
vn -0.01923176822 0.9994835796 0.02574321688
vn -0.01578637396 0.9995450956 0.02569809712
vn -0.01967433261 0.995302341 0.09479541472
vn -0.2031965927 0.9077123263 0.3671096257
vn -0.1982315044 0.8771529407 0.4373865445
vn -0.2052437514 0.8822547909 0.4236761575
vn -0.2031965786 0.9077123408 0.3671095979
vn -0.15372146 0.9015198842 0.4045140432
vn -0.1982315059 0.8771529386 0.437386548
vn 0.9138363747 -0.1069443799 -0.3917473419
vn 0.9138363747 -0.1069443799 -0.3917473419
vn 0.9138363747 -0.1069443799 -0.3917473419
vn -0.2031965927 0.9077123263 0.3671096257
vn -0.2052437514 0.8822547909 0.4236761575
vn -0.2136792684 0.8879208877 0.407354474
vn 0.9061693831 -0.09085615457 -0.4130402018
vn 0.9061693831 -0.09085615457 -0.4130402018
vn 0.9061693831 -0.09085615457 -0.4130402018
vn 0.9327821667 -0.09089197366 -0.3487923143
vn 0.9327821667 -0.09089197366 -0.3487923143
vn 0.9327821667 -0.09089197366 -0.3487923143
vn 0.9138381961 -0.106945978 -0.3917426567
vn 0.9138381961 -0.106945978 -0.3917426567
vn 0.9138381961 -0.106945978 -0.3917426567
vn 0.8680536114 -0.02512478904 -0.4958343198
vn 0.8680536114 -0.02512478904 -0.4958343198
vn 0.8680536114 -0.02512478904 -0.4958343198
vn 0.8780892929 -0.04074942936 -0.4767585109
vn 0.8780892929 -0.04074942936 -0.4767585109
vn 0.8780892929 -0.04074942936 -0.4767585109
vn 0.8781034846 -0.04077024627 -0.476730592
vn 0.8781034846 -0.04077024627 -0.476730592
vn 0.8781034846 -0.04077024627 -0.476730592
vn 0.868053398 -0.02512546969 -0.495834659
vn 0.868053398 -0.02512546969 -0.495834659
vn 0.868053398 -0.02512546969 -0.495834659
vn -0.01923177511 0.9994835792 0.02574322511
vn -0.05078118508 0.9836023043 0.1730542637
vn -0.05730594182 0.9777041281 0.2020165016
vn -0.01923176822 0.9994835796 0.02574321688
vn -0.01967433261 0.995302341 0.09479541472
vn -0.05078120485 0.983602299 0.1730542879
vn -0.01578637396 0.9995450956 0.02569809712
vn -0.006063328675 0.9981272357 0.06087082581
vn -0.01967433261 0.995302341 0.09479541472
vn -0.1723796547 0 0.9850305856
vn -0.1723796547 0 0.9850305856
vn -0.1723796547 0 0.9850305856
vn 0.8429294427 -0.040652937 -0.5364860608
vn 0.8429294427 -0.040652937 -0.5364860608
vn 0.8429294427 -0.040652937 -0.5364860608
vn 0.8429294813 -0.04065295321 -0.5364859989
vn 0.8429294813 -0.04065295321 -0.5364859989
vn 0.8429294813 -0.04065295321 -0.5364859989
vn 0.8274011936 5.935843855e-07 -0.5616113112
vn 0.8274011936 5.935843855e-07 -0.5616113112
vn 0.8274011936 5.935843855e-07 -0.5616113112
vn 0.8273999199 0 -0.5616131876
vn 0.8273999199 0 -0.5616131876
vn 0.8273999199 0 -0.5616131876
vn -0.9700009488 -0.1571902805 -0.1854437248
vn -0.9700009488 -0.1571902805 -0.1854437248
vn -0.9700009488 -0.1571902805 -0.1854437248
vn -0.9806548055 -0.1573153239 -0.1164819354
vn -0.9806548055 -0.1573153239 -0.1164819354
vn -0.9806548055 -0.1573153239 -0.1164819354
vn -0.9718662944 -0.1746807542 -0.1579953792
vn -0.9718662944 -0.1746807542 -0.1579953792
vn -0.9718662944 -0.1746807542 -0.1579953792
vn -0.9700011719 -0.1571883446 -0.1854441986
vn -0.9700011719 -0.1571883446 -0.1854441986
vn -0.9700011719 -0.1571883446 -0.1854441986
vn -0.9764691264 -0.1085529046 -0.1863446057
vn -0.9764691264 -0.1085529046 -0.1863446057
vn -0.9764691264 -0.1085529046 -0.1863446057
vn -0.9764697425 -0.1085483574 -0.1863440263
vn -0.9764697425 -0.1085483574 -0.1863440263
vn -0.9764697425 -0.1085483574 -0.1863440263
vn -0.9697300807 -0.1582045986 -0.1859969772
vn -0.9697300807 -0.1582045986 -0.1859969772
vn -0.9697300807 -0.1582045986 -0.1859969772
vn -0.1974101277 -0.9198206196 -0.3390564397
vn -0.1954774024 -0.9106251192 -0.364074824
vn -0.1972559371 -0.9190858934 -0.3411322558
vn -0.9727368706 -0.0912716809 -0.2131958274
vn -0.9727368706 -0.0912716809 -0.2131958274
vn -0.9727368706 -0.0912716809 -0.2131958274
vn -0.9871082154 -0.1546749553 -0.04114643674
vn -0.9871082154 -0.1546749553 -0.04114643674
vn -0.9871082154 -0.1546749553 -0.04114643674
vn -0.9804969611 -0.1786458119 -0.08192303204
vn -0.9804969611 -0.1786458119 -0.08192303204
vn -0.9804969611 -0.1786458119 -0.08192303204
vn -0.9806533927 -0.1573222948 -0.1164844151
vn -0.9806533927 -0.1573222948 -0.1164844151
vn -0.9806533927 -0.1573222948 -0.1164844151
vn -0.9804968156 -0.1786447687 -0.08192704824
vn -0.9804968156 -0.1786447687 -0.08192704824
vn -0.9804968156 -0.1786447687 -0.08192704824
vn -0.9804979713 -0.178642176 -0.08191887019
vn -0.9804979713 -0.178642176 -0.08191887019
vn -0.9804979713 -0.178642176 -0.08191887019
vn -0.9871087648 -0.1546711453 -0.04114757841
vn -0.9871087648 -0.1546711453 -0.04114757841
vn -0.9871087648 -0.1546711453 -0.04114757841
vn -0.9837662052 -0.1794548789 8.36058816e-07
vn -0.9837662052 -0.1794548789 8.36058816e-07
vn -0.9837662052 -0.1794548789 8.36058816e-07
vn -0.9837657546 -0.1794573488 -5.729437138e-06
vn -0.9837657546 -0.1794573488 -5.729437138e-06
vn -0.9837657546 -0.1794573488 -5.729437138e-06
vn -0.9871089706 -0.1546691634 0.04115009175
vn -0.9871089706 -0.1546691634 0.04115009175
vn -0.9871089706 -0.1546691634 0.04115009175
vn -0.9871223617 -0.1086740722 -0.1173856429
vn -0.9871223617 -0.1086740722 -0.1173856429
vn -0.9871223617 -0.1086740722 -0.1173856429
vn -0.9927765047 -0.1127019897 -0.04114697127
vn -0.9927765047 -0.1127019897 -0.04114697127
vn -0.9927765047 -0.1127019897 -0.04114697127
vn -0.9551812437 -0.09043700478 -0.2818686572
vn -0.9551812437 -0.09043700478 -0.2818686572
vn -0.9551812437 -0.09043700478 -0.2818686572
vn -0.955188858 -0.09040784259 -0.2818522088
vn -0.955188858 -0.09040784259 -0.2818522088
vn -0.955188858 -0.09040784259 -0.2818522088
vn -0.9395252687 -0.1081812744 -0.3249447357
vn -0.9395252687 -0.1081812744 -0.3249447357
vn -0.9395252687 -0.1081812744 -0.3249447357
vn -0.9327871032 -0.09087237327 -0.3487842197
vn -0.9327871032 -0.09087237327 -0.3487842197
vn -0.9327871032 -0.09087237327 -0.3487842197
vn -0.9551812476 -0.09043779236 -0.2818683913
vn -0.9551812476 -0.09043779236 -0.2818683913
vn -0.9551812476 -0.09043779236 -0.2818683913
vn -0.9583509935 -0.04233215871 -0.2824382438
vn -0.9583509935 -0.04233215871 -0.2824382438
vn -0.9583509935 -0.04233215871 -0.2824382438
vn -0.9358857383 -0.04107445286 -0.3499010921
vn -0.9358857383 -0.04107445286 -0.3499010921
vn -0.9358857383 -0.04107445286 -0.3499010921
vn -0.9516121191 -0.02501707375 -0.306281767
vn -0.9516121191 -0.02501707375 -0.306281767
vn -0.9516121191 -0.02501707375 -0.306281767
vn -0.9002595238 -0.02510230276 -0.4346293412
vn -0.9002595238 -0.02510230276 -0.4346293412
vn -0.9002595238 -0.02510230276 -0.4346293412
vn -0.900259987 -0.02509984443 -0.4346285237
vn -0.900259987 -0.02509984443 -0.4346285237
vn -0.900259987 -0.02509984443 -0.4346285237
vn -0.9002591731 -0.02510136584 -0.4346301216
vn -0.9002591731 -0.02510136584 -0.4346301216
vn -0.9002591731 -0.02510136584 -0.4346301216
vn -0.9358809395 -0.04107844471 -0.3499134584
vn -0.9358809395 -0.04107844471 -0.3499134584
vn -0.9358809395 -0.04107844471 -0.3499134584
vn -0.9358830717 -0.04108142528 -0.3499074056
vn -0.9358830717 -0.04108142528 -0.3499074056
vn -0.9358830717 -0.04108142528 -0.3499074056
vn -0.9281567541 -0.02503914898 -0.3713463086
vn -0.9281567541 -0.02503914898 -0.3713463086
vn -0.9281567541 -0.02503914898 -0.3713463086
vn -0.9281571694 -0.02503824701 -0.3713453313
vn -0.9281571694 -0.02503824701 -0.3713453313
vn -0.9281571694 -0.02503824701 -0.3713453313
vn -0.9092155596 -0.04109230181 -0.4142927576
vn -0.9092155596 -0.04109230181 -0.4142927576
vn -0.9092155596 -0.04109230181 -0.4142927576
vn -0.9727397868 -0.09126548547 -0.2131851737
vn -0.9727397868 -0.09126548547 -0.2131851737
vn -0.9727397868 -0.09126548547 -0.2131851737
vn -0.9852305573 -0.0913499911 -0.1448306877
vn -0.9852305573 -0.0913499911 -0.1448306877
vn -0.9852305573 -0.0913499911 -0.1448306877
vn -0.9605744027 -0.1087575816 -0.2558683358
vn -0.9605744027 -0.1087575816 -0.2558683358
vn -0.9605744027 -0.1087575816 -0.2558683358
vn -0.9551811759 -0.09043669168 -0.2818689871
vn -0.9551811759 -0.09043669168 -0.2818689871
vn -0.9551811759 -0.09043669168 -0.2818689871
vn -0.9929351576 -0.09135358023 -0.07572513614
vn -0.9929351576 -0.09135358023 -0.07572513614
vn -0.9929351576 -0.09135358023 -0.07572513614
vn -0.9961570894 -0.08758454938 -0
vn -0.9961570894 -0.08758454938 -0
vn -0.9961570894 -0.08758454938 -0
vn -0.9759666624 -0.04184394221 -0.2138648135
vn -0.9759666624 -0.04184394221 -0.2138648135
vn -0.9759666624 -0.04184394221 -0.2138648135
vn -0.9885005601 -0.04210797135 -0.1452362262
vn -0.9885005601 -0.04210797135 -0.1452362262
vn -0.9885005601 -0.04210797135 -0.1452362262
vn -0.9847704617 -0.0248237399 -0.1720782369
vn -0.9847704617 -0.0248237399 -0.1720782369
vn -0.9847704617 -0.0248237399 -0.1720782369
vn -0.9705159799 -0.0248383421 -0.2397536019
vn -0.9705159799 -0.0248383421 -0.2397536019
vn -0.9705159799 -0.0248383421 -0.2397536019
vn -0.9962249137 -0.04203622402 -0.07595312524
vn -0.9962249137 -0.04203622402 -0.07595312524
vn -0.9962249137 -0.04203622402 -0.07595312524
vn -0.9989349489 -0.04614074029 0
vn -0.9989349489 -0.04614074029 0
vn -0.9989349489 -0.04614074029 0
vn -0.9943125746 -0.02478706321 -0.1035765686
vn -0.9943125746 -0.02478706321 -0.1035765686
vn -0.9943125746 -0.02478706321 -0.1035765686
vn -0.9990947326 -0.02477548592 -0.03458164964
vn -0.9990947326 -0.02477548592 -0.03458164964
vn -0.9990947326 -0.02477548592 -0.03458164964
vn -0.868054104 -0.02512372361 -0.4958335114
vn -0.868054104 -0.02512372361 -0.4958335114
vn -0.868054104 -0.02512372361 -0.4958335114
vn -0.8680526487 -0.02512674113 -0.4958359063
vn -0.8680526487 -0.02512674113 -0.4958359063
vn -0.8680526487 -0.02512674113 -0.4958359063
vn -0.8680593832 -0.02512336198 -0.4958242874
vn -0.8680593832 -0.02512336198 -0.4958242874
vn -0.8680593832 -0.02512336198 -0.4958242874
vn -0.8780994623 -0.04076386132 -0.4767385467
vn -0.8780994623 -0.04076386132 -0.4767385467
vn -0.8780994623 -0.04076386132 -0.4767385467
vn -0.8781019554 -0.04076591154 -0.4767337794
vn -0.8781019554 -0.04076591154 -0.4767337794
vn -0.8781019554 -0.04076591154 -0.4767337794
vn -0.9871083973 -0.1546736467 0.04114699221
vn -0.9871083973 -0.1546736467 0.04114699221
vn -0.9871083973 -0.1546736467 0.04114699221
vn -0.9927764429 -0.11270233 0.041147531
vn -0.9927764429 -0.11270233 0.041147531
vn -0.9927764429 -0.11270233 0.041147531
vn -0.9927762518 -0.1127070624 0.04113917875
vn -0.9927762518 -0.1127070624 0.04113917875
vn -0.9927762518 -0.1127070624 0.04113917875
vn -0.9929363794 -0.09134926148 0.07571432371
vn -0.9929363794 -0.09134926148 0.07571432371
vn -0.9929363794 -0.09134926148 0.07571432371
vn -0.9871221163 -0.1086748296 0.1173870051
vn -0.9871221163 -0.1086748296 0.1173870051
vn -0.9871221163 -0.1086748296 0.1173870051
vn -0.9871238507 -0.108672124 0.1173749245
vn -0.9871238507 -0.108672124 0.1173749245
vn -0.9871238507 -0.108672124 0.1173749245
vn -0.9871223189 -0.1086738787 0.1173861812
vn -0.9871223189 -0.1086738787 0.1173861812
vn -0.9871223189 -0.1086738787 0.1173861812
vn -0.9929351311 -0.0913538691 0.07572513425
vn -0.9929351311 -0.0913538691 0.07572513425
vn -0.9929351311 -0.0913538691 0.07572513425
vn -0.9852333273 -0.09137017974 0.1447991057
vn -0.9852333273 -0.09137017974 0.1447991057
vn -0.9852333273 -0.09137017974 0.1447991057
vn -0.9852305034 -0.09134794841 0.144832343
vn -0.9852305034 -0.09134794841 0.144832343
vn -0.9852305034 -0.09134794841 0.144832343
vn -0.9852304117 -0.09135156649 0.1448306842
vn -0.9852304117 -0.09135156649 0.1448306842
vn -0.9852304117 -0.09135156649 0.1448306842
vn -0.9764900311 -0.1085141749 0.1862575985
vn -0.9764900311 -0.1085141749 0.1862575985
vn -0.9764900311 -0.1085141749 0.1862575985
vn -0.9764715308 -0.1085458144 0.1863361366
vn -0.9764715308 -0.1085458144 0.1863361366
vn -0.9764715308 -0.1085458144 0.1863361366
vn -0.9764701247 -0.1085472548 0.1863426658
vn -0.9764701247 -0.1085472548 0.1863426658
vn -0.9764701247 -0.1085472548 0.1863426658
vn -0.9727400622 -0.09126388466 0.2131846024
vn -0.9727400622 -0.09126388466 0.2131846024
vn -0.9727400622 -0.09126388466 0.2131846024
vn -0.9727340946 -0.09129814556 0.2131971617
vn -0.9727340946 -0.09129814556 0.2131971617
vn -0.9727340946 -0.09129814556 0.2131971617
vn -0.9759669492 -0.04184017456 0.2138642418
vn -0.9759669492 -0.04184017456 0.2138642418
vn -0.9759669492 -0.04184017456 0.2138642418
vn -0.9962249139 -0.0420362198 0.07595312525
vn -0.9962249139 -0.0420362198 0.07595312525
vn -0.9962249139 -0.0420362198 0.07595312525
vn -0.9885005583 -0.04210796154 0.1452362415
vn -0.9885005583 -0.04210796154 0.1452362415
vn -0.9885005583 -0.04210796154 0.1452362415
vn -0.9990947326 -0.02477548477 0.03458165149
vn -0.9990947326 -0.02477548477 0.03458165149
vn -0.9990947326 -0.02477548477 0.03458165149
vn -0.9943125742 -0.02478705398 0.1035765742
vn -0.9943125742 -0.02478705398 0.1035765742
vn -0.9943125742 -0.02478705398 0.1035765742
vn -0.9759667396 -0.04184380892 0.2138644872
vn -0.9759667396 -0.04184380892 0.2138644872
vn -0.9759667396 -0.04184380892 0.2138644872
vn -0.9847704617 -0.0248237399 0.1720782369
vn -0.9847704617 -0.0248237399 0.1720782369
vn -0.9847704617 -0.0248237399 0.1720782369
vn -0.9705170551 -0.02483589365 0.2397495029
vn -0.9705170551 -0.02483589365 0.2397495029
vn -0.9705170551 -0.02483589365 0.2397495029
vn -0.958348993 -0.04233405024 0.2824447483
vn -0.958348993 -0.04233405024 0.2824447483
vn -0.958348993 -0.04233405024 0.2824447483
vn -0.9583507717 -0.04233204849 0.282439013
vn -0.9583507717 -0.04233204849 0.282439013
vn -0.9583507717 -0.04233204849 0.282439013
vn -0.9705159767 -0.02483795934 0.2397536542
vn -0.9705159767 -0.02483795934 0.2397536542
vn -0.9705159767 -0.02483795934 0.2397536542
vn -0.9516121086 -0.02501751575 0.3062817636
vn -0.9516121086 -0.02501751575 0.3062817636
vn -0.9516121086 -0.02501751575 0.3062817636
vn -0.9516116756 -0.02501883387 0.3062830013
vn -0.9516116756 -0.02501883387 0.3062830013
vn -0.9516116756 -0.02501883387 0.3062830013
vn -0.9358831228 -0.04107813497 0.3499076553
vn -0.9358831228 -0.04107813497 0.3499076553
vn -0.9358831228 -0.04107813497 0.3499076553
vn -0.9358809628 -0.04107598795 0.3499136847
vn -0.9358809628 -0.04107598795 0.3499136847
vn -0.9358809628 -0.04107598795 0.3499136847
vn -0.9358778857 -0.04107088394 0.3499225138
vn -0.9358778857 -0.04107088394 0.3499225138
vn -0.9358778857 -0.04107088394 0.3499225138
vn -0.9358936341 -0.0411018539 0.3498767545
vn -0.9358936341 -0.0411018539 0.3498767545
vn -0.9358936341 -0.0411018539 0.3498767545
vn -0.928157281 -0.0250359963 0.3713452041
vn -0.928157281 -0.0250359963 0.3713452041
vn -0.928157281 -0.0250359963 0.3713452041
vn -0.9281568162 -0.02503834257 0.3713462077
vn -0.9281568162 -0.02503834257 0.3713462077
vn -0.9281568162 -0.02503834257 0.3713462077
vn -0.9092163214 -0.04109100212 0.4142912146
vn -0.9092163214 -0.04109100212 0.4142912146
vn -0.9092163214 -0.04109100212 0.4142912146
vn -0.9002592228 -0.02509916896 0.4346301456
vn -0.9002592228 -0.02509916896 0.4346301456
vn -0.9002592228 -0.02509916896 0.4346301456
vn -0.9002587634 -0.02510126548 0.4346309761
vn -0.9002587634 -0.02510126548 0.4346309761
vn -0.9002587634 -0.02510126548 0.4346309761
vn -0.9002629341 -0.02509668114 0.4346226018
vn -0.9002629341 -0.02509668114 0.4346226018
vn -0.9002629341 -0.02509668114 0.4346226018
vn -0.8780972524 -0.04083440708 0.4767365798
vn -0.8780972524 -0.04083440708 0.4767365798
vn -0.8780972524 -0.04083440708 0.4767365798
vn -0.878099398 -0.04076302128 0.476738737
vn -0.878099398 -0.04076302128 0.476738737
vn -0.878099398 -0.04076302128 0.476738737
vn -0.8680544957 -0.02512548331 0.4958327364
vn -0.8680544957 -0.02512548331 0.4958327364
vn -0.8680544957 -0.02512548331 0.4958327364
vn -0.8680537562 -0.02512177898 0.4958342188
vn -0.8680537562 -0.02512177898 0.4958342188
vn -0.8680537562 -0.02512177898 0.4958342188
vn -0.8680541486 -0.02512575453 0.4958333304
vn -0.8680541486 -0.02512575453 0.4958333304
vn -0.8680541486 -0.02512575453 0.4958333304
vn -0.8680530142 -0.02512464937 0.4958353724
vn -0.8680530142 -0.02512464937 0.4958353724
vn -0.8680530142 -0.02512464937 0.4958353724
vn -0.8429352788 -0.04064832166 0.5364772406
vn -0.8429352788 -0.04064832166 0.5364772406
vn -0.8429352788 -0.04064832166 0.5364772406
vn -0.9516121191 0.02501707375 -0.306281767
vn -0.9516121191 0.02501707375 -0.306281767
vn -0.9516121191 0.02501707375 -0.306281767
vn -0.9583509935 0.04233215871 -0.2824382438
vn -0.9583509935 0.04233215871 -0.2824382438
vn -0.9583509935 0.04233215871 -0.2824382438
vn -0.9358857383 0.04107445286 -0.3499010921
vn -0.9358857383 0.04107445286 -0.3499010921
vn -0.9358857383 0.04107445286 -0.3499010921
vn -0.9395252687 0.1081812744 -0.3249447357
vn -0.9395252687 0.1081812744 -0.3249447357
vn -0.9395252687 0.1081812744 -0.3249447357
vn -0.9327871032 0.09087237327 -0.3487842197
vn -0.9327871032 0.09087237327 -0.3487842197
vn -0.9327871032 0.09087237327 -0.3487842197
vn -0.955188858 0.09040784259 -0.2818522088
vn -0.955188858 0.09040784259 -0.2818522088
vn -0.955188858 0.09040784259 -0.2818522088
vn -0.9551812476 0.09043779236 -0.2818683913
vn -0.9551812476 0.09043779236 -0.2818683913
vn -0.9551812476 0.09043779236 -0.2818683913
vn -0.9551812437 0.09043700478 -0.2818686572
vn -0.9551812437 0.09043700478 -0.2818686572
vn -0.9551812437 0.09043700478 -0.2818686572
vn -0.9002595238 0.02510230276 -0.4346293412
vn -0.9002595238 0.02510230276 -0.4346293412
vn -0.9002595238 0.02510230276 -0.4346293412
vn -0.9002591731 0.02510136584 -0.4346301216
vn -0.9002591731 0.02510136584 -0.4346301216
vn -0.9002591731 0.02510136584 -0.4346301216
vn -0.900259987 0.02509984443 -0.4346285237
vn -0.900259987 0.02509984443 -0.4346285237
vn -0.900259987 0.02509984443 -0.4346285237
vn -0.9281571694 0.02503824701 -0.3713453313
vn -0.9281571694 0.02503824701 -0.3713453313
vn -0.9281571694 0.02503824701 -0.3713453313
vn -0.9358830717 0.04108142528 -0.3499074056
vn -0.9358830717 0.04108142528 -0.3499074056
vn -0.9358830717 0.04108142528 -0.3499074056
vn -0.9358809395 0.04107844471 -0.3499134584
vn -0.9358809395 0.04107844471 -0.3499134584
vn -0.9358809395 0.04107844471 -0.3499134584
vn -0.9281567541 0.02503914898 -0.3713463086
vn -0.9281567541 0.02503914898 -0.3713463086
vn -0.9281567541 0.02503914898 -0.3713463086
vn -0.9092155596 0.04109230181 -0.4142927576
vn -0.9092155596 0.04109230181 -0.4142927576
vn -0.9092155596 0.04109230181 -0.4142927576
vn -0.9847704617 0.0248237399 -0.1720782369
vn -0.9847704617 0.0248237399 -0.1720782369
vn -0.9847704617 0.0248237399 -0.1720782369
vn -0.9759666624 0.04184394221 -0.2138648135
vn -0.9759666624 0.04184394221 -0.2138648135
vn -0.9759666624 0.04184394221 -0.2138648135
vn -0.9885005601 0.04210797135 -0.1452362262
vn -0.9885005601 0.04210797135 -0.1452362262
vn -0.9885005601 0.04210797135 -0.1452362262
vn -0.9705159799 0.0248383421 -0.2397536019
vn -0.9705159799 0.0248383421 -0.2397536019
vn -0.9705159799 0.0248383421 -0.2397536019
vn -0.9943125746 0.02478706321 -0.1035765686
vn -0.9943125746 0.02478706321 -0.1035765686
vn -0.9943125746 0.02478706321 -0.1035765686
vn -0.9990947326 0.02477548592 -0.03458164964
vn -0.9990947326 0.02477548592 -0.03458164964
vn -0.9990947326 0.02477548592 -0.03458164964
vn -0.9962249137 0.04203622402 -0.07595312524
vn -0.9962249137 0.04203622402 -0.07595312524
vn -0.9962249137 0.04203622402 -0.07595312524
vn -0.9989349489 0.04614074029 0
vn -0.9989349489 0.04614074029 0
vn -0.9989349489 0.04614074029 0
vn -0.9727397868 0.09126548547 -0.2131851737
vn -0.9727397868 0.09126548547 -0.2131851737
vn -0.9727397868 0.09126548547 -0.2131851737
vn -0.9852305573 0.0913499911 -0.1448306877
vn -0.9852305573 0.0913499911 -0.1448306877
vn -0.9852305573 0.0913499911 -0.1448306877
vn -0.9551811759 0.09043669168 -0.2818689871
vn -0.9551811759 0.09043669168 -0.2818689871
vn -0.9551811759 0.09043669168 -0.2818689871
vn -0.9605744027 0.1087575816 -0.2558683358
vn -0.9605744027 0.1087575816 -0.2558683358
vn -0.9605744027 0.1087575816 -0.2558683358
vn -0.9929351576 0.09135358023 -0.07572513614
vn -0.9929351576 0.09135358023 -0.07572513614
vn -0.9929351576 0.09135358023 -0.07572513614
vn -0.9961570894 0.08758454938 0
vn -0.9961570894 0.08758454938 0
vn -0.9961570894 0.08758454938 0
vn -0.9764697425 0.1085483574 -0.1863440263
vn -0.9764697425 0.1085483574 -0.1863440263
vn -0.9764697425 0.1085483574 -0.1863440263
vn -0.9764691264 0.1085529046 -0.1863446057
vn -0.9764691264 0.1085529046 -0.1863446057
vn -0.9764691264 0.1085529046 -0.1863446057
vn -0.9700011719 0.1571883446 -0.1854441986
vn -0.9700011719 0.1571883446 -0.1854441986
vn -0.9700011719 0.1571883446 -0.1854441986
vn -0.9700009488 0.1571902805 -0.1854437248
vn -0.9700009488 0.1571902805 -0.1854437248
vn -0.9700009488 0.1571902805 -0.1854437248
vn -0.9806548055 0.1573153239 -0.1164819354
vn -0.9806548055 0.1573153239 -0.1164819354
vn -0.9806548055 0.1573153239 -0.1164819354
vn -0.9718662944 0.1746807542 -0.1579953792
vn -0.9718662944 0.1746807542 -0.1579953792
vn -0.9718662944 0.1746807542 -0.1579953792
vn -0.9727368706 0.0912716809 -0.2131958274
vn -0.9727368706 0.0912716809 -0.2131958274
vn -0.9727368706 0.0912716809 -0.2131958274
vn -0.9697300807 0.1582045986 -0.1859969772
vn -0.9697300807 0.1582045986 -0.1859969772
vn -0.9697300807 0.1582045986 -0.1859969772
vn -0.1974101277 0.9198206196 -0.3390564397
vn -0.1972559371 0.9190858934 -0.3411322558
vn -0.1954774024 0.9106251192 -0.364074824
vn -0.9871223617 0.1086740722 -0.1173856429
vn -0.9871223617 0.1086740722 -0.1173856429
vn -0.9871223617 0.1086740722 -0.1173856429
vn -0.9927765047 0.1127019897 -0.04114697127
vn -0.9927765047 0.1127019897 -0.04114697127
vn -0.9927765047 0.1127019897 -0.04114697127
vn -0.9871082154 0.1546749553 -0.04114643674
vn -0.9871082154 0.1546749553 -0.04114643674
vn -0.9871082154 0.1546749553 -0.04114643674
vn -0.9806533927 0.1573222948 -0.1164844151
vn -0.9806533927 0.1573222948 -0.1164844151
vn -0.9806533927 0.1573222948 -0.1164844151
vn -0.9804969611 0.1786458119 -0.08192303204
vn -0.9804969611 0.1786458119 -0.08192303204
vn -0.9804969611 0.1786458119 -0.08192303204
vn -0.9804968156 0.1786447687 -0.08192704824
vn -0.9804968156 0.1786447687 -0.08192704824
vn -0.9804968156 0.1786447687 -0.08192704824
vn -0.9804979713 0.178642176 -0.08191887019
vn -0.9804979713 0.178642176 -0.08191887019
vn -0.9804979713 0.178642176 -0.08191887019
vn -0.9871087648 0.1546711453 -0.04114757841
vn -0.9871087648 0.1546711453 -0.04114757841
vn -0.9871087648 0.1546711453 -0.04114757841
vn -0.9837662052 0.1794548789 8.36058816e-07
vn -0.9837662052 0.1794548789 8.36058816e-07
vn -0.9837662052 0.1794548789 8.36058816e-07
vn -0.9837657546 0.1794573488 -5.729437138e-06
vn -0.9837657546 0.1794573488 -5.729437138e-06
vn -0.9837657546 0.1794573488 -5.729437138e-06
vn -0.9871089706 0.1546691634 0.04115009175
vn -0.9871089706 0.1546691634 0.04115009175
vn -0.9871089706 0.1546691634 0.04115009175
vn -0.868054104 0.02512372361 -0.4958335114
vn -0.868054104 0.02512372361 -0.4958335114
vn -0.868054104 0.02512372361 -0.4958335114
vn -0.8680526487 0.02512674113 -0.4958359063
vn -0.8680526487 0.02512674113 -0.4958359063
vn -0.8680526487 0.02512674113 -0.4958359063
vn -0.8680593832 0.02512336198 -0.4958242874
vn -0.8680593832 0.02512336198 -0.4958242874
vn -0.8680593832 0.02512336198 -0.4958242874
vn -0.8780994623 0.04076386132 -0.4767385467
vn -0.8780994623 0.04076386132 -0.4767385467
vn -0.8780994623 0.04076386132 -0.4767385467
vn -0.8781019554 0.04076591154 -0.4767337794
vn -0.8781019554 0.04076591154 -0.4767337794
vn -0.8781019554 0.04076591154 -0.4767337794
vn -0.9990947326 0.02477548477 0.03458165149
vn -0.9990947326 0.02477548477 0.03458165149
vn -0.9990947326 0.02477548477 0.03458165149
vn -0.9943125742 0.02478705398 0.1035765742
vn -0.9943125742 0.02478705398 0.1035765742
vn -0.9943125742 0.02478705398 0.1035765742
vn -0.9962249139 0.0420362198 0.07595312525
vn -0.9962249139 0.0420362198 0.07595312525
vn -0.9962249139 0.0420362198 0.07595312525
vn -0.9885005583 0.04210796154 0.1452362415
vn -0.9885005583 0.04210796154 0.1452362415
vn -0.9885005583 0.04210796154 0.1452362415
vn -0.9847704617 0.0248237399 0.1720782369
vn -0.9847704617 0.0248237399 0.1720782369
vn -0.9847704617 0.0248237399 0.1720782369
vn -0.9759667396 0.04184380892 0.2138644872
vn -0.9759667396 0.04184380892 0.2138644872
vn -0.9759667396 0.04184380892 0.2138644872
vn -0.9705159767 0.02483795934 0.2397536542
vn -0.9705159767 0.02483795934 0.2397536542
vn -0.9705159767 0.02483795934 0.2397536542
vn -0.9516121086 0.02501751575 0.3062817636
vn -0.9516121086 0.02501751575 0.3062817636
vn -0.9516121086 0.02501751575 0.3062817636
vn -0.9583507717 0.04233204849 0.282439013
vn -0.9583507717 0.04233204849 0.282439013
vn -0.9583507717 0.04233204849 0.282439013
vn -0.9705170551 0.02483589365 0.2397495029
vn -0.9705170551 0.02483589365 0.2397495029
vn -0.9705170551 0.02483589365 0.2397495029
vn -0.958348993 0.04233405024 0.2824447483
vn -0.958348993 0.04233405024 0.2824447483
vn -0.958348993 0.04233405024 0.2824447483
vn -0.9929351311 0.0913538691 0.07572513425
vn -0.9929351311 0.0913538691 0.07572513425
vn -0.9929351311 0.0913538691 0.07572513425
vn -0.9852333273 0.09137017974 0.1447991057
vn -0.9852333273 0.09137017974 0.1447991057
vn -0.9852333273 0.09137017974 0.1447991057
vn -0.9852304117 0.09135156649 0.1448306842
vn -0.9852304117 0.09135156649 0.1448306842
vn -0.9852304117 0.09135156649 0.1448306842
vn -0.9852305034 0.09134794841 0.144832343
vn -0.9852305034 0.09134794841 0.144832343
vn -0.9852305034 0.09134794841 0.144832343
vn -0.9759669492 0.04184017456 0.2138642418
vn -0.9759669492 0.04184017456 0.2138642418
vn -0.9759669492 0.04184017456 0.2138642418
vn -0.9727400622 0.09126388466 0.2131846024
vn -0.9727400622 0.09126388466 0.2131846024
vn -0.9727400622 0.09126388466 0.2131846024
vn -0.9727340946 0.09129814556 0.2131971617
vn -0.9727340946 0.09129814556 0.2131971617
vn -0.9727340946 0.09129814556 0.2131971617
vn -0.9764701247 0.1085472548 0.1863426658
vn -0.9764701247 0.1085472548 0.1863426658
vn -0.9764701247 0.1085472548 0.1863426658
vn -0.9764900311 0.1085141749 0.1862575985
vn -0.9764900311 0.1085141749 0.1862575985
vn -0.9764900311 0.1085141749 0.1862575985
vn -0.9764715308 0.1085458144 0.1863361366
vn -0.9764715308 0.1085458144 0.1863361366
vn -0.9764715308 0.1085458144 0.1863361366
vn -0.9516116756 0.02501883387 0.3062830013
vn -0.9516116756 0.02501883387 0.3062830013
vn -0.9516116756 0.02501883387 0.3062830013
vn -0.928157281 0.0250359963 0.3713452041
vn -0.928157281 0.0250359963 0.3713452041
vn -0.928157281 0.0250359963 0.3713452041
vn -0.9358831228 0.04107813497 0.3499076553
vn -0.9358831228 0.04107813497 0.3499076553
vn -0.9358831228 0.04107813497 0.3499076553
vn -0.9358809628 0.04107598795 0.3499136847
vn -0.9358809628 0.04107598795 0.3499136847
vn -0.9358809628 0.04107598795 0.3499136847
vn -0.9358778857 0.04107088394 0.3499225138
vn -0.9358778857 0.04107088394 0.3499225138
vn -0.9358778857 0.04107088394 0.3499225138
vn -0.9358936341 0.0411018539 0.3498767545
vn -0.9358936341 0.0411018539 0.3498767545
vn -0.9358936341 0.0411018539 0.3498767545
vn -0.9281568162 0.02503834257 0.3713462077
vn -0.9281568162 0.02503834257 0.3713462077
vn -0.9281568162 0.02503834257 0.3713462077
vn -0.9002592228 0.02509916896 0.4346301456
vn -0.9002592228 0.02509916896 0.4346301456
vn -0.9002592228 0.02509916896 0.4346301456
vn -0.9092163214 0.04109100212 0.4142912146
vn -0.9092163214 0.04109100212 0.4142912146
vn -0.9092163214 0.04109100212 0.4142912146
vn -0.9002587634 0.02510126548 0.4346309761
vn -0.9002587634 0.02510126548 0.4346309761
vn -0.9002587634 0.02510126548 0.4346309761
vn -0.9002629341 0.02509668114 0.4346226018
vn -0.9002629341 0.02509668114 0.4346226018
vn -0.9002629341 0.02509668114 0.4346226018
vn -0.9927764429 0.11270233 0.041147531
vn -0.9927764429 0.11270233 0.041147531
vn -0.9927764429 0.11270233 0.041147531
vn -0.9927762518 0.1127070624 0.04113917875
vn -0.9927762518 0.1127070624 0.04113917875
vn -0.9927762518 0.1127070624 0.04113917875
vn -0.9929363794 0.09134926148 0.07571432371
vn -0.9929363794 0.09134926148 0.07571432371
vn -0.9929363794 0.09134926148 0.07571432371
vn -0.9871223189 0.1086738787 0.1173861812
vn -0.9871223189 0.1086738787 0.1173861812
vn -0.9871223189 0.1086738787 0.1173861812
vn -0.9871221163 0.1086748296 0.1173870051
vn -0.9871221163 0.1086748296 0.1173870051
vn -0.9871221163 0.1086748296 0.1173870051
vn -0.9871238507 0.108672124 0.1173749245
vn -0.9871238507 0.108672124 0.1173749245
vn -0.9871238507 0.108672124 0.1173749245
vn -0.9871083973 0.1546736467 0.04114699221
vn -0.9871083973 0.1546736467 0.04114699221
vn -0.9871083973 0.1546736467 0.04114699221
vn -0.878099398 0.04076302128 0.476738737
vn -0.878099398 0.04076302128 0.476738737
vn -0.878099398 0.04076302128 0.476738737
vn -0.8780972524 0.04083440708 0.4767365798
vn -0.8780972524 0.04083440708 0.4767365798
vn -0.8780972524 0.04083440708 0.4767365798
vn -0.8680544957 0.02512548331 0.4958327364
vn -0.8680544957 0.02512548331 0.4958327364
vn -0.8680544957 0.02512548331 0.4958327364
vn -0.8680541881 0.02512394252 0.495833353
vn -0.8680541881 0.02512394252 0.495833353
vn -0.8680541881 0.02512394252 0.495833353
vn -0.8680527609 0.02512562907 0.4958357662
vn -0.8680527609 0.02512562907 0.4958357662
vn -0.8680527609 0.02512562907 0.4958357662
vn -0.8680530142 0.02512464937 0.4958353724
vn -0.8680530142 0.02512464937 0.4958353724
vn -0.8680530142 0.02512464937 0.4958353724
vn -0.8429352788 0.04064832166 0.5364772406
vn -0.8429352788 0.04064832166 0.5364772406
vn -0.8429352788 0.04064832166 0.5364772406
f 40/1/1 23/2/2 24/3/3
f 8/4/4 12/5/5 9/6/6
f 8/7/7 1/8/8 2/9/9
f 8/10/10 2/11/11 12/12/12
f 8/13/13 3/14/14 1/15/15
f 3/16/16 5/17/17 4/18/18
f 8/19/19 7/20/20 3/21/21
f 7/22/22 5/23/23 3/24/24
f 7/25/25 6/26/26 5/27/27
f 7/28/28 21/29/29 6/30/30
f 16/31/31 9/32/32 11/33/33
f 8/34/34 9/35/35 16/36/36
f 16/37/37 11/38/38 10/39/39
f 16/40/40 10/41/41 17/42/42
f 6/43/43 21/44/44 20/45/45
f 8/46/46 16/47/47 41/48/48
f 8/49/49 42/50/50 7/51/51
f 8/52/52 41/53/53 42/54/54
f 7/55/55 42/56/56 83/57/57
f 16/58/58 17/59/59 40/60/60
f 40/61/61 17/62/62 14/63/63
f 40/64/64 14/65/65 15/66/66
f 40/67/67 15/68/68 18/69/69
f 40/70/70 18/71/71 23/72/72
f 16/73/73 40/74/74 41/75/75
f 25/76/76 27/77/77 28/78/78
f 25/79/79 28/80/80 26/81/81
f 40/82/82 24/83/83 25/84/84
f 43/85/85 26/86/86 33/87/87
f 43/88/88 25/89/89 26/90/90
f 40/91/91 25/92/92 43/93/93
f 43/94/94 30/95/95 32/96/96
f 43/97/97 35/98/98 34/99/99
f 43/100/100 33/101/101 35/102/102
f 43/103/103 34/104/104 30/105/105
f 40/106/106 235/107/107 217/108/108
f 42/109/109 216/110/110 83/111/111
f 41/112/112 215/113/113 42/114/114
f 41/115/115 217/116/116 215/117/117
f 215/118/118 216/119/119 42/120/120
f 216/121/121 267/122/122 83/123/123
f 40/124/124 217/125/125 41/126/126
f 40/127/127 43/128/128 235/129/129
f 48/130/130 45/131/131 46/132/132
f 236/133/133 32/134/134 31/135/135
f 43/136/136 32/137/137 236/138/138
f 236/139/139 31/140/140 47/141/141
f 236/142/142 47/143/143 44/144/144
f 48/145/145 46/146/146 143/147/147
f 43/148/148 236/149/149 235/150/150
f 48/151/151 236/152/152 45/153/153
f 236/154/154 44/155/155 45/156/156
f 48/157/157 150/158/158 49/159/159
f 48/160/160 49/161/161 237/162/162
f 49/163/163 151/164/164 237/165/165
f 21/166/166 51/167/167 50/168/168
f 21/169/169 52/170/170 51/171/171
f 7/172/172 52/173/173 21/174/174
f 7/175/175 55/176/176 52/177/177
f 55/178/178 53/179/179 52/180/180
f 55/181/181 54/182/182 53/183/183
f 55/184/184 57/185/185 54/186/186
f 54/187/187 57/188/188 56/189/189
f 55/190/190 84/191/191 57/192/192
f 84/193/193 62/194/194 57/195/195
f 7/196/196 83/197/197 55/198/198
f 55/199/199 83/200/200 84/201/201
f 58/202/202 62/203/203 84/204/204
f 57/205/205 62/206/206 61/207/207
f 63/208/208 66/209/209 64/210/210
f 58/211/211 63/212/212 62/213/213
f 58/214/214 66/215/215 63/216/216
f 58/217/217 67/218/218 66/219/219
f 58/220/220 68/221/221 67/222/222
f 58/223/223 69/224/224 68/225/225
f 58/226/226 70/227/227 69/228/228
f 72/229/229 71/230/230 70/231/231
f 58/232/232 72/233/233 70/234/234
f 72/235/235 73/236/236 71/237/237
f 76/238/238 75/239/239 74/240/240
f 72/241/241 74/242/242 73/243/243
f 72/244/244 76/245/245 74/246/246
f 76/247/247 77/248/248 75/249/249
f 76/250/250 78/251/251 77/252/252
f 76/253/253 79/254/254 78/255/255
f 76/256/256 89/257/257 79/258/258
f 89/259/259 80/260/260 79/261/261
f 83/262/262 267/263/263 84/264/264
f 58/265/265 84/266/266 268/267/267
f 267/268/268 268/269/269 84/270/270
f 58/271/271 268/272/272 85/273/273
f 58/274/274 85/275/275 72/276/276
f 72/277/277 85/278/278 93/279/279
f 72/280/280 93/281/281 76/282/282
f 76/283/283 94/284/284 89/285/285
f 89/286/286 81/287/287 80/288/288
f 76/289/289 93/290/290 94/291/291
f 81/292/292 86/293/293 82/294/294
f 89/295/295 86/296/296 81/297/297
f 89/298/298 87/299/299 86/300/300
f 89/301/301 88/302/302 87/303/303
f 89/304/304 90/305/305 88/306/306
f 89/307/307 91/308/308 90/309/309
f 89/310/310 95/311/311 91/312/312
f 95/313/313 92/314/314 91/315/315
f 94/316/316 299/317/317 89/318/318
f 89/319/319 296/320/320 95/321/321
f 95/322/322 204/323/323 92/324/324
f 95/325/325 96/326/326 205/327/327
f 89/328/328 298/329/329 296/330/330
f 95/331/331 296/332/332 96/333/333
f 96/334/334 295/335/335 398/336/336
f 103/337/337 100/338/338 101/339/339
f 103/340/340 98/341/341 100/342/342
f 149/343/343 107/344/344 105/345/345
f 149/346/346 110/347/347 111/348/348
f 149/349/349 111/350/350 109/351/351
f 149/352/352 105/353/353 110/354/354
f 149/355/355 109/356/356 98/357/357
f 149/358/358 98/359/359 103/360/360
f 152/361/361 103/362/362 104/363/363
f 149/364/364 103/365/365 152/366/366
f 152/367/367 104/368/368 102/369/369
f 130/370/370 123/371/371 124/372/372
f 130/373/373 124/374/374 142/375/375
f 130/376/376 129/377/377 122/378/378
f 130/379/379 122/380/380 123/381/381
f 140/382/382 133/383/383 134/384/384
f 142/385/385 124/386/386 125/387/387
f 142/388/388 135/389/389 136/390/390
f 142/391/391 125/392/392 135/393/393
f 137/394/394 138/395/395 139/396/396
f 142/397/397 136/398/398 137/399/399
f 142/400/400 137/401/401 141/402/402
f 141/403/403 137/404/404 139/405/405
f 141/406/406 139/407/407 140/408/408
f 141/409/409 140/410/410 134/411/411
f 152/412/412 102/413/413 126/414/414
f 152/415/415 126/416/416 127/417/417
f 152/418/418 128/419/419 129/420/420
f 130/421/421 152/422/422 129/423/423
f 152/424/424 127/425/425 128/426/426
f 130/427/427 153/428/428 152/429/429
f 130/430/430 142/431/431 153/432/432
f 142/433/433 141/434/434 154/435/435
f 142/436/436 154/437/437 153/438/438
f 141/439/439 208/440/440 154/441/441
f 150/442/442 143/443/443 147/444/444
f 48/445/445 143/446/446 150/447/447
f 150/448/448 147/449/449 146/450/450
f 324/451/451 106/452/452 107/453/453
f 324/454/454 148/455/455 106/456/456
f 324/457/457 145/458/458 148/459/459
f 324/460/460 107/461/461 149/462/462
f 149/463/463 152/464/464 328/465/465
f 49/466/466 150/467/467 151/468/468
f 150/469/469 146/470/470 324/471/471
f 324/472/472 146/473/473 145/474/474
f 150/475/475 325/476/476 151/477/477
f 324/478/478 149/479/479 328/480/480
f 328/481/481 152/482/482 345/483/483
f 154/484/484 208/485/485 348/486/486
f 152/487/487 153/488/488 345/489/489
f 153/490/490 154/491/491 347/492/492
f 345/493/493 153/494/494 347/495/495
f 347/496/496 154/497/497 348/498/498
f 348/499/499 208/500/500 408/501/501
f 186/502/502 166/503/503 165/504/504
f 168/505/505 164/506/506 163/507/507
f 193/508/508 165/509/509 164/510/510
f 193/511/511 164/512/512 168/513/513
f 172/514/514 159/515/515 179/516/516
f 172/517/517 169/518/518 159/519/519
f 193/520/520 170/521/521 169/522/522
f 172/523/523 193/524/524 169/525/525
f 193/526/526 171/527/527 170/528/528
f 193/529/529 167/530/530 171/531/531
f 193/532/532 168/533/533 167/534/534
f 175/535/535 174/536/536 176/537/537
f 175/538/538 176/539/539 177/540/540
f 175/541/541 177/542/542 178/543/543
f 175/544/544 180/545/545 174/546/546
f 172/547/547 180/548/548 175/549/549
f 172/550/550 179/551/551 180/552/552
f 175/553/553 178/554/554 199/555/555
f 199/556/556 178/557/557 182/558/558
f 190/559/559 185/560/560 186/561/561
f 192/562/562 190/563/563 186/564/564
f 134/565/565 187/566/566 188/567/567
f 134/568/568 189/569/569 187/570/570
f 192/571/571 188/572/572 191/573/573
f 141/574/574 134/575/575 188/576/576
f 141/577/577 188/578/578 192/579/579
f 192/580/580 191/581/581 190/582/582
f 207/583/583 186/584/584 165/585/585
f 192/586/586 186/587/587 207/588/588
f 193/589/589 207/590/590 165/591/591
f 141/592/592 192/593/593 208/594/594
f 192/595/595 207/596/596 208/597/597
f 172/598/598 209/599/599 193/600/600
f 172/601/601 206/602/602 209/603/603
f 199/604/604 182/605/605 183/606/606
f 175/607/607 199/608/608 203/609/609
f 175/610/610 203/611/611 206/612/612
f 183/613/613 184/614/614 195/615/615
f 199/616/616 183/617/617 195/618/618
f 199/619/619 195/620/620 196/621/621
f 199/622/622 196/623/623 197/624/624
f 199/625/625 197/626/626 201/627/627
f 199/628/628 201/629/629 202/630/630
f 199/631/631 202/632/632 204/633/633
f 204/634/634 198/635/635 92/636/636
f 204/637/637 200/638/638 198/639/639
f 204/640/640 202/641/641 200/642/642
f 172/643/643 175/644/644 206/645/645
f 203/646/646 199/647/647 403/648/648
f 199/649/649 204/650/650 399/651/651
f 95/652/652 205/653/653 204/654/654
f 96/655/655 398/656/656 205/657/657
f 204/658/658 205/659/659 399/660/660
f 199/661/661 399/662/662 401/663/663
f 193/664/664 407/665/665 207/666/666
f 207/667/667 408/668/668 208/669/669
f 193/670/670 209/671/671 407/672/672
f 207/673/673 407/674/674 408/675/675
f 214/676/676 217/677/677 235/678/678
f 210/679/679 225/680/680 217/681/681
f 210/682/682 217/683/683 213/684/684
f 213/685/685 217/686/686 212/687/687
f 212/688/688 217/689/689 214/690/690
f 214/691/691 235/692/692 246/693/693
f 210/694/694 213/695/695 211/696/696
f 213/697/697 212/698/698 211/699/699
f 245/700/700 246/701/701 235/702/702
f 245/703/703 235/704/704 247/705/705
f 211/706/706 212/707/707 240/708/708
f 212/709/709 214/710/710 240/711/711
f 214/712/712 246/713/713 240/714/714
f 215/715/715 221/716/716 222/717/717
f 215/718/718 222/719/719 226/720/720
f 215/721/721 226/722/722 227/723/723
f 215/724/724 217/725/725 220/726/726
f 215/727/727 227/728/728 216/729/729
f 216/730/730 227/731/731 228/732/732
f 216/733/733 231/734/734 267/735/735
f 216/736/736 229/737/737 230/738/738
f 216/739/739 230/740/740 231/741/741
f 216/742/742 228/743/743 229/744/744
f 234/745/745 242/746/746 218/747/747
f 219/748/748 220/749/749 224/750/750
f 215/751/751 219/752/752 223/753/753
f 215/754/754 223/755/755 221/756/756
f 215/757/757 220/758/758 219/759/759
f 217/760/760 224/761/761 220/762/762
f 217/763/763 225/764/764 224/765/765
f 219/766/766 224/767/767 232/768/768
f 219/769/769 232/770/770 223/771/771
f 221/772/772 233/773/773 222/774/774
f 221/775/775 223/776/776 233/777/777
f 223/778/778 232/779/779 233/780/780
f 224/781/781 225/782/782 232/783/783
f 210/784/784 232/785/785 225/786/786
f 234/787/787 227/788/788 226/789/789
f 234/790/790 229/791/791 228/792/792
f 234/793/793 228/794/794 227/795/795
f 234/796/796 230/797/797 229/798/798
f 218/799/799 231/800/800 230/801/801
f 234/802/802 226/803/803 222/804/804
f 234/805/805 222/806/806 233/807/807
f 234/808/808 218/809/809 230/810/810
f 232/811/811 244/812/812 233/813/813
f 210/814/814 211/815/815 232/816/816
f 211/817/817 243/818/818 232/819/819
f 234/820/820 233/821/821 241/822/822
f 48/823/823 237/824/824 236/825/825
f 237/826/826 238/827/827 236/828/828
f 237/829/829 325/830/830 238/831/831
f 238/832/832 326/833/833 239/834/834
f 235/835/835 236/836/836 249/837/837
f 236/838/838 251/839/839 249/840/840
f 247/841/841 235/842/842 254/843/843
f 235/844/844 248/845/845 254/846/846
f 245/847/847 240/848/848 246/849/849
f 211/850/850 240/851/851 243/852/852
f 235/853/853 249/854/854 248/855/855
f 238/856/856 251/857/857 236/858/858
f 239/859/859 327/860/860 256/861/861
f 238/862/862 239/863/863 259/864/864
f 255/865/865 330/866/866 240/867/867
f 240/868/868 329/869/869 243/870/870
f 240/871/871 330/872/872 329/873/873
f 234/874/874 241/875/875 242/876/876
f 218/877/877 242/878/878 291/879/879
f 241/880/880 333/881/881 242/882/882
f 242/883/883 334/884/884 291/885/885
f 241/886/886 332/887/887 333/888/888
f 242/889/889 333/890/890 334/891/891
f 232/892/892 243/893/893 244/894/894
f 233/895/895 244/896/896 241/897/897
f 243/898/898 337/899/899 244/900/900
f 241/901/901 244/902/902 332/903/903
f 243/904/904 329/905/905 337/906/906
f 244/907/907 337/908/908 332/909/909
f 245/910/910 247/911/911 240/912/912
f 247/913/913 254/914/914 255/915/915
f 247/916/916 255/917/917 240/918/918
f 248/919/919 255/920/920 254/921/921
f 238/922/922 257/923/923 253/924/924
f 239/925/925 256/926/926 259/927/927
f 238/928/928 259/929/929 257/930/930
f 238/931/931 252/932/932 251/933/933
f 238/934/934 250/935/935 252/936/936
f 238/937/937 253/938/938 250/939/939
f 248/940/940 249/941/941 367/942/942
f 256/943/943 263/944/944 259/945/945
f 252/946/946 367/947/947 251/948/948
f 250/949/949 367/950/950 252/951/951
f 250/952/952 253/953/953 367/954/954
f 249/955/955 251/956/956 367/957/957
f 253/958/958 257/959/959 365/960/960
f 256/961/961 366/962/962 263/963/963
f 253/964/964 365/965/965 367/966/966
f 248/967/967 367/968/968 255/969/969
f 255/970/970 367/971/971 330/972/972
f 257/973/973 259/974/974 258/975/975
f 257/976/976 258/977/977 365/978/978
f 258/979/979 262/980/980 365/981/981
f 258/982/982 259/983/983 262/984/984
f 259/985/985 260/986/986 262/987/987
f 259/988/988 261/989/989 260/990/990
f 259/991/991 263/992/992 264/993/993
f 259/994/994 264/995/995 261/996/996
f 264/997/997 263/998/998 265/999/999
f 260/1000/1000 365/1001/1001 262/1002/1002
f 261/1003/1003 264/1004/1004 383/1005/1005
f 261/1006/1006 383/1007/1007 260/1008/1008
f 263/1009/1009 376/1010/1010 266/1011/1011
f 260/1012/1012 383/1013/1013 365/1014/1014
f 265/1015/1015 263/1016/1016 266/1017/1017
f 264/1018/1018 266/1019/1019 383/1020/1020
f 264/1021/1021 265/1022/1022 266/1023/1023
f 267/1024/1024 272/1025/1025 268/1026/1026
f 231/1027/1027 269/1028/1028 267/1029/1029
f 267/1030/1030 269/1031/1031 270/1032/1032
f 267/1033/1033 270/1034/1034 271/1035/1035
f 267/1036/1036 271/1037/1037 272/1038/1038
f 268/1039/1039 272/1040/1040 273/1041/1041
f 268/1042/1042 273/1043/1043 274/1044/1044
f 268/1045/1045 274/1046/1046 275/1047/1047
f 268/1048/1048 276/1049/1049 85/1050/1050
f 268/1051/1051 275/1052/1052 276/1053/1053
f 85/1054/1054 276/1055/1055 277/1056/1056
f 85/1057/1057 277/1058/1058 278/1059/1059
f 218/1060/1060 291/1061/1061 280/1062/1062
f 85/1063/1063 284/1064/1064 93/1065/1065
f 85/1066/1066 278/1067/1067 279/1068/1068
f 85/1069/1069 279/1070/1070 283/1071/1071
f 85/1072/1072 283/1073/1073 284/1074/1074
f 284/1075/1075 285/1076/1076 93/1077/1077
f 285/1078/1078 286/1079/1079 93/1080/1080
f 218/1081/1081 269/1082/1082 231/1083/1083
f 218/1084/1084 270/1085/1085 269/1086/1086
f 218/1087/1087 271/1088/1088 270/1089/1089
f 280/1090/1090 272/1091/1091 271/1092/1092
f 218/1093/1093 280/1094/1094 271/1095/1095
f 280/1096/1096 273/1097/1097 272/1098/1098
f 273/1099/1099 281/1100/1100 274/1101/1101
f 280/1102/1102 281/1103/1103 273/1104/1104
f 274/1105/1105 276/1106/1106 275/1107/1107
f 274/1108/1108 281/1109/1109 276/1110/1110
f 276/1111/1111 281/1112/1112 277/1113/1113
f 277/1114/1114 281/1115/1115 278/1116/1116
f 278/1117/1117 282/1118/1118 279/1119/1119
f 280/1120/1120 292/1121/1121 281/1122/1122
f 278/1123/1123 281/1124/1124 282/1125/1125
f 279/1126/1126 282/1127/1127 283/1128/1128
f 282/1129/1129 284/1130/1130 283/1131/1131
f 281/1132/1132 293/1133/1133 282/1134/1134
f 282/1135/1135 294/1136/1136 286/1137/1137
f 282/1138/1138 285/1139/1139 284/1140/1140
f 282/1141/1141 286/1142/1142 285/1143/1143
f 286/1144/1144 294/1145/1145 287/1146/1146
f 287/1147/1147 294/1148/1148 288/1149/1149
f 286/1150/1150 287/1151/1151 93/1152/1152
f 287/1153/1153 288/1154/1154 300/1155/1155
f 288/1156/1156 289/1157/1157 300/1158/1158
f 289/1159/1159 290/1160/1160 300/1161/1161
f 280/1162/1162 291/1163/1163 292/1164/1164
f 291/1165/1165 390/1166/1166 292/1167/1167
f 291/1168/1168 334/1169/1169 390/1170/1170
f 292/1171/1171 390/1172/1172 391/1173/1173
f 281/1174/1174 292/1175/1175 293/1176/1176
f 282/1177/1177 293/1178/1178 294/1179/1179
f 288/1180/1180 294/1181/1181 302/1182/1182
f 292/1183/1183 391/1184/1184 293/1185/1185
f 293/1186/1186 394/1187/1187 294/1188/1188
f 293/1189/1189 391/1190/1190 394/1191/1191
f 294/1192/1192 394/1193/1193 395/1194/1194
f 294/1195/1195 395/1196/1196 302/1197/1197
f 93/1198/1198 299/1199/1199 94/1200/1200
f 93/1201/1201 300/1202/1202 299/1203/1203
f 89/1204/1204 299/1205/1205 298/1206/1206
f 296/1207/1207 297/1208/1208 295/1209/1209
f 96/1210/1210 296/1211/1211 295/1212/1212
f 295/1213/1213 297/1214/1214 400/1215/1215
f 296/1216/1216 311/1217/1217 297/1218/1218
f 287/1219/1219 300/1220/1220 93/1221/1221
f 290/1222/1222 299/1223/1223 300/1224/1224
f 290/1225/1225 301/1226/1226 299/1227/1227
f 288/1228/1228 302/1229/1229 289/1230/1230
f 289/1231/1231 302/1232/1232 290/1233/1233
f 290/1234/1234 302/1235/1235 301/1236/1236
f 301/1237/1237 302/1238/1238 306/1239/1239
f 301/1240/1240 303/1241/1241 299/1242/1242
f 303/1243/1243 304/1244/1244 299/1245/1245
f 304/1246/1246 305/1247/1247 299/1248/1248
f 302/1249/1249 402/1250/1250 306/1251/1251
f 302/1252/1252 395/1253/1253 402/1254/1254
f 298/1255/1255 311/1256/1256 296/1257/1257
f 298/1258/1258 299/1259/1259 309/1260/1260
f 297/1261/1261 311/1262/1262 312/1263/1263
f 297/1264/1264 312/1265/1265 433/1266/1266
f 301/1267/1267 306/1268/1268 303/1269/1269
f 303/1270/1270 306/1271/1271 304/1272/1272
f 304/1273/1273 306/1274/1274 305/1275/1275
f 305/1276/1276 307/1277/1277 299/1278/1278
f 299/1279/1279 307/1280/1280 308/1281/1281
f 299/1282/1282 308/1283/1283 309/1284/1284
f 305/1285/1285 306/1286/1286 307/1287/1287
f 306/1288/1288 431/1289/1289 307/1290/1290
f 307/1291/1291 431/1292/1292 308/1293/1293
f 308/1294/1294 431/1295/1295 309/1296/1296
f 306/1297/1297 402/1298/1298 431/1299/1299
f 309/1300/1300 431/1301/1301 310/1302/1302
f 298/1303/1303 309/1304/1304 310/1305/1305
f 298/1306/1306 310/1307/1307 314/1308/1308
f 298/1309/1309 314/1310/1310 316/1311/1311
f 298/1312/1312 316/1313/1313 311/1314/1314
f 311/1315/1315 313/1316/1316 312/1317/1317
f 311/1318/1318 315/1319/1319 313/1320/1320
f 312/1321/1321 313/1322/1322 434/1323/1323
f 313/1324/1324 315/1325/1325 437/1326/1326
f 310/1327/1327 435/1328/1328 314/1329/1329
f 314/1330/1330 435/1331/1331 316/1332/1332
f 311/1333/1333 316/1334/1334 317/1335/1335
f 311/1336/1336 317/1337/1337 318/1338/1338
f 311/1339/1339 318/1340/1340 319/1341/1341
f 311/1342/1342 320/1343/1343 315/1344/1344
f 310/1345/1345 431/1346/1346 435/1347/1347
f 311/1348/1348 319/1349/1349 320/1350/1350
f 315/1351/1351 320/1352/1352 321/1353/1353
f 315/1354/1354 321/1355/1355 322/1356/1356
f 315/1357/1357 322/1358/1358 323/1359/1359
f 316/1360/1360 435/1361/1361 317/1362/1362
f 317/1363/1363 435/1364/1364 318/1365/1365
f 318/1366/1366 435/1367/1367 450/1368/1368
f 315/1369/1369 323/1370/1370 437/1371/1371
f 318/1372/1372 450/1373/1373 319/1374/1374
f 319/1375/1375 450/1376/1376 320/1377/1377
f 320/1378/1378 450/1379/1379 321/1380/1380
f 321/1381/1381 450/1382/1382 322/1383/1383
f 322/1384/1384 450/1385/1385 323/1386/1386
f 237/1387/1387 151/1388/1388 325/1389/1389
f 150/1390/1390 324/1391/1391 325/1392/1392
f 238/1393/1393 325/1394/1394 326/1395/1395
f 239/1396/1396 326/1397/1397 327/1398/1398
f 325/1399/1399 324/1400/1400 326/1401/1401
f 326/1402/1402 324/1403/1403 369/1404/1404
f 256/1405/1405 327/1406/1406 366/1407/1407
f 326/1408/1408 377/1409/1409 327/1410/1410
f 330/1411/1411 331/1412/1412 329/1413/1413
f 330/1414/1414 374/1415/1415 331/1416/1416
f 329/1417/1417 331/1418/1418 338/1419/1419
f 324/1420/1420 328/1421/1421 371/1422/1422
f 324/1423/1423 371/1424/1424 369/1425/1425
f 328/1426/1426 372/1427/1427 371/1428/1428
f 328/1429/1429 375/1430/1430 372/1431/1431
f 328/1432/1432 387/1433/1433 375/1434/1434
f 331/1435/1435 388/1436/1436 389/1437/1437
f 331/1438/1438 340/1439/1439 338/1440/1440
f 332/1441/1441 335/1442/1442 333/1443/1443
f 333/1444/1444 336/1445/1445 334/1446/1446
f 333/1447/1447 335/1448/1448 336/1449/1449
f 334/1450/1450 336/1451/1451 392/1452/1452
f 335/1453/1453 351/1454/1454 336/1455/1455
f 336/1456/1456 346/1457/1457 392/1458/1458
f 329/1459/1459 338/1460/1460 337/1461/1461
f 332/1462/1462 337/1463/1463 339/1464/1464
f 337/1465/1465 338/1466/1466 339/1467/1467
f 332/1468/1468 339/1469/1469 335/1470/1470
f 338/1471/1471 349/1472/1472 339/1473/1473
f 335/1474/1474 339/1475/1475 350/1476/1476
f 328/1477/1477 345/1478/1478 342/1479/1479
f 328/1480/1480 342/1481/1481 389/1482/1482
f 344/1483/1483 343/1484/1484 345/1485/1485
f 344/1486/1486 345/1487/1487 341/1488/1488
f 342/1489/1489 345/1490/1490 343/1491/1491
f 328/1492/1492 388/1493/1493 387/1494/1494
f 328/1495/1495 389/1496/1496 388/1497/1497
f 331/1498/1498 342/1499/1499 343/1500/1500
f 331/1501/1501 389/1502/1502 342/1503/1503
f 331/1504/1504 343/1505/1505 340/1506/1506
f 340/1507/1507 343/1508/1508 344/1509/1509
f 340/1510/1510 344/1511/1511 341/1512/1512
f 341/1513/1513 345/1514/1514 358/1515/1515
f 336/1516/1516 351/1517/1517 346/1518/1518
f 345/1519/1519 347/1520/1520 352/1521/1521
f 347/1522/1522 356/1523/1523 355/1524/1524
f 347/1525/1525 359/1526/1526 356/1527/1527
f 347/1528/1528 360/1529/1529 359/1530/1530
f 347/1531/1531 348/1532/1532 360/1533/1533
f 348/1534/1534 361/1535/1535 360/1536/1536
f 348/1537/1537 408/1538/1538 364/1539/1539
f 348/1540/1540 363/1541/1541 362/1542/1542
f 348/1543/1543 364/1544/1544 363/1545/1545
f 348/1546/1546 362/1547/1547 361/1548/1548
f 339/1549/1549 349/1550/1550 350/1551/1551
f 338/1552/1552 340/1553/1553 349/1554/1554
f 340/1555/1555 341/1556/1556 349/1557/1557
f 335/1558/1558 350/1559/1559 351/1560/1560
f 345/1561/1561 357/1562/1562 358/1563/1563
f 345/1564/1564 352/1565/1565 357/1566/1566
f 349/1567/1567 357/1568/1568 353/1569/1569
f 349/1570/1570 353/1571/1571 354/1572/1572
f 350/1573/1573 355/1574/1574 356/1575/1575
f 349/1576/1576 354/1577/1577 350/1578/1578
f 350/1579/1579 354/1580/1580 355/1581/1581
f 357/1582/1582 352/1583/1583 353/1584/1584
f 347/1585/1585 353/1586/1586 352/1587/1587
f 347/1588/1588 354/1589/1589 353/1590/1590
f 347/1591/1591 355/1592/1592 354/1593/1593
f 341/1594/1594 358/1595/1595 349/1596/1596
f 349/1597/1597 358/1598/1598 357/1599/1599
f 351/1600/1600 350/1601/1601 356/1602/1602
f 351/1603/1603 356/1604/1604 359/1605/1605
f 351/1606/1606 363/1607/1607 346/1608/1608
f 351/1609/1609 359/1610/1610 360/1611/1611
f 351/1612/1612 361/1613/1613 362/1614/1614
f 351/1615/1615 360/1616/1616 361/1617/1617
f 351/1618/1618 362/1619/1619 363/1620/1620
f 346/1621/1621 363/1622/1622 364/1623/1623
f 327/1624/1624 377/1625/1625 366/1626/1626
f 326/1627/1627 373/1628/1628 378/1629/1629
f 326/1630/1630 378/1631/1631 377/1632/1632
f 326/1633/1633 369/1634/1634 370/1635/1635
f 326/1636/1636 370/1637/1637 368/1638/1638
f 326/1639/1639 368/1640/1640 373/1641/1641
f 367/1642/1642 371/1643/1643 372/1644/1644
f 365/1645/1645 373/1646/1646 367/1647/1647
f 376/1648/1648 366/1649/1649 377/1650/1650
f 367/1651/1651 370/1652/1652 369/1653/1653
f 367/1654/1654 368/1655/1655 370/1656/1656
f 367/1657/1657 373/1658/1658 368/1659/1659
f 367/1660/1660 369/1661/1661 371/1662/1662
f 365/1663/1663 378/1664/1664 373/1665/1665
f 367/1666/1666 374/1667/1667 330/1668/1668
f 367/1669/1669 372/1670/1670 374/1671/1671
f 372/1672/1672 375/1673/1673 374/1674/1674
f 374/1675/1675 375/1676/1676 387/1677/1677
f 374/1678/1678 387/1679/1679 331/1680/1680
f 331/1681/1681 387/1682/1682 388/1683/1683
f 263/1684/1684 366/1685/1685 376/1686/1686
f 365/1687/1687 380/1688/1688 382/1689/1689
f 383/1690/1690 380/1691/1691 365/1692/1692
f 383/1693/1693 385/1694/1694 381/1695/1695
f 383/1696/1696 381/1697/1697 380/1698/1698
f 365/1699/1699 379/1700/1700 378/1701/1701
f 365/1702/1702 382/1703/1703 379/1704/1704
f 377/1705/1705 379/1706/1706 382/1707/1707
f 377/1708/1708 378/1709/1709 379/1710/1710
f 376/1711/1711 377/1712/1712 385/1713/1713
f 377/1714/1714 381/1715/1715 385/1716/1716
f 377/1717/1717 382/1718/1718 380/1719/1719
f 377/1720/1720 380/1721/1721 381/1722/1722
f 376/1723/1723 385/1724/1724 386/1725/1725
f 266/1726/1726 376/1727/1727 384/1728/1728
f 266/1729/1729 384/1730/1730 383/1731/1731
f 383/1732/1732 384/1733/1733 385/1734/1734
f 376/1735/1735 386/1736/1736 384/1737/1737
f 384/1738/1738 386/1739/1739 385/1740/1740
f 334/1741/1741 392/1742/1742 390/1743/1743
f 390/1744/1744 393/1745/1745 391/1746/1746
f 390/1747/1747 392/1748/1748 393/1749/1749
f 392/1750/1750 409/1751/1751 393/1752/1752
f 391/1753/1753 393/1754/1754 396/1755/1755
f 391/1756/1756 396/1757/1757 394/1758/1758
f 394/1759/1759 397/1760/1760 395/1761/1761
f 394/1762/1762 396/1763/1763 397/1764/1764
f 395/1765/1765 397/1766/1766 404/1767/1767
f 393/1768/1768 410/1769/1769 396/1770/1770
f 396/1771/1771 411/1772/1772 397/1773/1773
f 397/1774/1774 427/1775/1775 404/1776/1776
f 205/1777/1777 398/1778/1778 399/1779/1779
f 295/1780/1780 400/1781/1781 398/1782/1782
f 199/1783/1783 401/1784/1784 403/1785/1785
f 399/1786/1786 398/1787/1787 400/1788/1788
f 399/1789/1789 400/1790/1790 432/1791/1791
f 203/1792/1792 403/1793/1793 206/1794/1794
f 206/1795/1795 403/1796/1796 405/1797/1797
f 395/1798/1798 404/1799/1799 402/1800/1800
f 402/1801/1801 404/1802/1802 438/1803/1803
f 297/1804/1804 433/1805/1805 400/1806/1806
f 401/1807/1807 399/1808/1808 432/1809/1809
f 401/1810/1810 444/1811/1811 403/1812/1812
f 400/1813/1813 433/1814/1814 432/1815/1815
f 206/1816/1816 405/1817/1817 428/1818/1818
f 403/1819/1819 443/1820/1820 442/1821/1821
f 403/1822/1822 442/1823/1823 441/1824/1824
f 403/1825/1825 430/1826/1826 405/1827/1827
f 403/1828/1828 406/1829/1829 430/1830/1830
f 404/1831/1831 406/1832/1832 438/1833/1833
f 404/1834/1834 429/1835/1835 430/1836/1836
f 404/1837/1837 427/1838/1838 429/1839/1839
f 404/1840/1840 430/1841/1841 406/1842/1842
f 403/1843/1843 441/1844/1844 406/1845/1845
f 346/1846/1846 409/1847/1847 392/1848/1848
f 206/1849/1849 414/1850/1850 209/1851/1851
f 206/1852/1852 412/1853/1853 415/1854/1854
f 206/1855/1855 415/1856/1856 414/1857/1857
f 209/1858/1858 414/1859/1859 413/1860/1860
f 209/1861/1861 426/1862/1862 423/1863/1863
f 209/1864/1864 413/1865/1865 426/1866/1866
f 407/1867/1867 421/1868/1868 408/1869/1869
f 364/1870/1870 408/1871/1871 416/1872/1872
f 408/1873/1873 418/1874/1874 417/1875/1875
f 408/1876/1876 417/1877/1877 416/1878/1878
f 408/1879/1879 421/1880/1880 418/1881/1881
f 407/1882/1882 419/1883/1883 421/1884/1884
f 407/1885/1885 420/1886/1886 419/1887/1887
f 407/1888/1888 422/1889/1889 420/1890/1890
f 209/1891/1891 424/1892/1892 407/1893/1893
f 209/1894/1894 423/1895/1895 425/1896/1896
f 209/1897/1897 425/1898/1898 424/1899/1899
f 407/1900/1900 424/1901/1901 422/1902/1902
f 393/1903/1903 409/1904/1904 410/1905/1905
f 396/1906/1906 410/1907/1907 411/1908/1908
f 397/1909/1909 411/1910/1910 412/1911/1911
f 410/1912/1912 423/1913/1913 411/1914/1914
f 411/1915/1915 426/1916/1916 413/1917/1917
f 411/1918/1918 413/1919/1919 414/1920/1920
f 397/1921/1921 428/1922/1922 427/1923/1923
f 397/1924/1924 412/1925/1925 428/1926/1926
f 412/1927/1927 411/1928/1928 415/1929/1929
f 411/1930/1930 414/1931/1931 415/1932/1932
f 346/1933/1933 418/1934/1934 409/1935/1935
f 409/1936/1936 418/1937/1937 421/1938/1938
f 409/1939/1939 419/1940/1940 410/1941/1941
f 409/1942/1942 421/1943/1943 419/1944/1944
f 410/1945/1945 419/1946/1946 420/1947/1947
f 346/1948/1948 364/1949/1949 416/1950/1950
f 346/1951/1951 416/1952/1952 417/1953/1953
f 346/1954/1954 417/1955/1955 418/1956/1956
f 410/1957/1957 420/1958/1958 424/1959/1959
f 410/1960/1960 425/1961/1961 423/1962/1962
f 410/1963/1963 424/1964/1964 425/1965/1965
f 411/1966/1966 423/1967/1967 426/1968/1968
f 422/1969/1969 424/1970/1970 420/1971/1971
f 206/1972/1972 428/1973/1973 412/1974/1974
f 405/1975/1975 427/1976/1976 428/1977/1977
f 405/1978/1978 429/1979/1979 427/1980/1980
f 405/1981/1981 430/1982/1982 429/1983/1983
f 402/1984/1984 438/1985/1985 431/1986/1986
f 431/1987/1987 438/1988/1988 439/1989/1989
f 431/1990/1990 440/1991/1991 444/1992/1992
f 431/1993/1993 439/1994/1994 440/1995/1995
f 431/1996/1996 444/1997/1997 445/1998/1998
f 312/1999/1999 434/2000/2000 433/2001/2001
f 313/2002/2002 437/2003/2003 434/2004/2004
f 401/2005/2005 445/2006/2006 444/2007/2007
f 401/2008/2008 436/2009/2009 445/2010/2010
f 401/2011/2011 446/2012/2012 436/2013/2013
f 401/2014/2014 432/2015/2015 446/2016/2016
f 432/2017/2017 433/2018/2018 434/2019/2019
f 432/2020/2020 434/2021/2021 437/2022/2022
f 431/2023/2023 445/2024/2024 435/2025/2025
f 435/2026/2026 445/2027/2027 436/2028/2028
f 435/2029/2029 436/2030/2030 446/2031/2031
f 432/2032/2032 447/2033/2033 446/2034/2034
f 432/2035/2035 448/2036/2036 447/2037/2037
f 432/2038/2038 449/2039/2039 448/2040/2040
f 432/2041/2041 437/2042/2042 452/2043/2043
f 403/2044/2044 440/2045/2045 439/2046/2046
f 403/2047/2047 444/2048/2048 440/2049/2049
f 438/2050/2050 442/2051/2051 443/2052/2052
f 403/2053/2053 439/2054/2054 443/2055/2055
f 438/2056/2056 443/2057/2057 439/2058/2058
f 438/2059/2059 406/2060/2060 441/2061/2061
f 438/2062/2062 441/2063/2063 442/2064/2064
f 435/2065/2065 448/2066/2066 450/2067/2067
f 435/2068/2068 446/2069/2069 447/2070/2070
f 435/2071/2071 447/2072/2072 448/2073/2073
f 450/2074/2074 448/2075/2075 449/2076/2076
f 432/2077/2077 451/2078/2078 449/2079/2079
f 432/2080/2080 452/2081/2081 451/2082/2082
f 437/2083/2083 453/2084/2084 452/2085/2085
f 323/2086/2086 453/2087/2087 437/2088/2088
f 450/2089/2089 449/2090/2090 451/2091/2091
f 450/2092/2092 451/2093/2093 452/2094/2094
f 323/2095/2095 450/2096/2096 452/2097/2097
f 323/2098/2098 452/2099/2099 453/2100/2100
f 13/2101/2101 11/2102/2102 9/2103/2103
f 13/2104/2104 12/2105/2105 2/2106/2106
f 13/2107/2107 9/2108/2108 12/2109/2109
f 13/2110/2110 14/2111/2111 11/2112/2112
f 13/2113/2113 15/2114/2114 14/2115/2115
f 13/2116/2116 36/2117/2117 15/2118/2118
f 10/2119/2119 11/2120/2120 14/2121/2121
f 10/2122/2122 14/2123/2123 17/2124/2124
f 37/2125/2125 18/2126/2126 15/2127/2127
f 19/2128/2128 4/2129/2129 22/2130/2130
f 19/2131/2131 2/2132/2132 1/2133/2133
f 13/2134/2134 2/2135/2135 19/2136/2136
f 19/2137/2137 1/2138/2138 3/2139/2139
f 19/2140/2140 3/2141/2141 4/2142/2142
f 22/2143/2143 4/2144/2144 5/2145/2145
f 22/2146/2146 5/2147/2147 6/2148/2148
f 22/2149/2149 6/2150/2150 20/2151/2151
f 22/2152/2152 20/2153/2153 21/2154/2154
f 13/2155/2155 19/2156/2156 38/2157/2157
f 19/2158/2158 22/2159/2159 39/2160/2160
f 37/2161/2161 25/2162/2162 24/2163/2163
f 29/2164/2164 27/2165/2165 25/2166/2166
f 29/2167/2167 28/2168/2168 27/2169/2169
f 29/2170/2170 26/2171/2171 28/2172/2172
f 29/2173/2173 25/2174/2174 37/2175/2175
f 29/2176/2176 37/2177/2177 97/2178/2178
f 29/2179/2179 108/2180/2180 26/2181/2181
f 29/2182/2182 97/2183/2183 108/2184/2184
f 112/2185/2185 32/2186/2186 30/2187/2187
f 144/2188/2188 31/2189/2189 32/2190/2190
f 112/2191/2191 144/2192/2192 32/2193/2193
f 108/2194/2194 33/2195/2195 26/2196/2196
f 108/2197/2197 35/2198/2198 33/2199/2199
f 112/2200/2200 34/2201/2201 35/2202/2202
f 112/2203/2203 35/2204/2204 108/2205/2205
f 112/2206/2206 30/2207/2207 34/2208/2208
f 37/2209/2209 15/2210/2210 36/2211/2211
f 13/2212/2212 38/2213/2213 36/2214/2214
f 37/2215/2215 23/2216/2216 18/2217/2217
f 37/2218/2218 24/2219/2219 23/2220/2220
f 19/2221/2221 39/2222/2222 38/2223/2223
f 22/2224/2224 59/2225/2225 39/2226/2226
f 37/2227/2227 36/2228/2228 113/2229/2229
f 36/2230/2230 38/2231/2231 114/2232/2232
f 36/2233/2233 114/2234/2234 113/2235/2235
f 37/2236/2236 113/2237/2237 97/2238/2238
f 38/2239/2239 39/2240/2240 115/2241/2241
f 39/2242/2242 59/2243/2243 116/2244/2244
f 38/2245/2245 115/2246/2246 114/2247/2247
f 39/2248/2248 116/2249/2249 115/2250/2250
f 144/2251/2251 143/2252/2252 44/2253/2253
f 45/2254/2254 44/2255/2255 143/2256/2256
f 46/2257/2257 45/2258/2258 143/2259/2259
f 144/2260/2260 47/2261/2261 31/2262/2262
f 144/2263/2263 44/2264/2264 47/2265/2265
f 22/2266/2266 21/2267/2267 50/2268/2268
f 22/2269/2269 50/2270/2270 59/2271/2271
f 59/2272/2272 50/2273/2273 51/2274/2274
f 60/2275/2275 51/2276/2276 52/2277/2277
f 60/2278/2278 52/2279/2279 53/2280/2280
f 60/2281/2281 53/2282/2282 54/2283/2283
f 60/2284/2284 54/2285/2285 56/2286/2286
f 59/2287/2287 51/2288/2288 60/2289/2289
f 60/2290/2290 56/2291/2291 57/2292/2292
f 60/2293/2293 57/2294/2294 61/2295/2295
f 60/2296/2296 61/2297/2297 65/2298/2298
f 65/2299/2299 61/2300/2300 62/2301/2301
f 65/2302/2302 62/2303/2303 63/2304/2304
f 65/2305/2305 63/2306/2306 64/2307/2307
f 65/2308/2308 64/2309/2309 67/2310/2310
f 66/2311/2311 67/2312/2312 64/2313/2313
f 65/2314/2314 67/2315/2315 68/2316/2316
f 59/2317/2317 60/2318/2318 155/2319/2319
f 60/2320/2320 65/2321/2321 156/2322/2322
f 59/2323/2323 155/2324/2324 116/2325/2325
f 60/2326/2326 156/2327/2327 155/2328/2328
f 65/2329/2329 68/2330/2330 157/2331/2331
f 65/2332/2332 157/2333/2333 156/2334/2334
f 158/2335/2335 68/2336/2336 69/2337/2337
f 158/2338/2338 69/2339/2339 70/2340/2340
f 158/2341/2341 70/2342/2342 71/2343/2343
f 157/2344/2344 68/2345/2345 158/2346/2346
f 158/2347/2347 71/2348/2348 173/2349/2349
f 173/2350/2350 71/2351/2351 73/2352/2352
f 173/2353/2353 73/2354/2354 74/2355/2355
f 173/2356/2356 74/2357/2357 75/2358/2358
f 173/2359/2359 75/2360/2360 77/2361/2361
f 173/2362/2362 77/2363/2363 78/2364/2364
f 173/2365/2365 78/2366/2366 181/2367/2367
f 181/2368/2368 78/2369/2369 79/2370/2370
f 181/2371/2371 79/2372/2372 80/2373/2373
f 181/2374/2374 80/2375/2375 194/2376/2376
f 194/2377/2377 80/2378/2378 81/2379/2379
f 194/2380/2380 81/2381/2381 82/2382/2382
f 86/2383/2383 87/2384/2384 82/2385/2385
f 194/2386/2386 82/2387/2387 87/2388/2388
f 194/2389/2389 87/2390/2390 88/2391/2391
f 194/2392/2392 88/2393/2393 92/2394/2394
f 194/2395/2395 92/2396/2396 198/2397/2397
f 88/2398/2398 90/2399/2399 92/2400/2400
f 91/2401/2401 92/2402/2402 90/2403/2403
f 99/2404/2404 108/2405/2405 97/2406/2406
f 99/2407/2407 97/2408/2408 118/2409/2409
f 99/2410/2410 98/2411/2411 108/2412/2412
f 99/2413/2413 101/2414/2414 100/2415/2415
f 99/2416/2416 100/2417/2417 98/2418/2418
f 99/2419/2419 103/2420/2420 101/2421/2421
f 99/2422/2422 118/2423/2423 103/2424/2424
f 118/2425/2425 104/2426/2426 103/2427/2427
f 112/2428/2428 105/2429/2429 107/2430/2430
f 112/2431/2431 107/2432/2432 144/2433/2433
f 144/2434/2434 107/2435/2435 106/2436/2436
f 112/2437/2437 108/2438/2438 111/2439/2439
f 108/2440/2440 109/2441/2441 111/2442/2442
f 108/2443/2443 98/2444/2444 109/2445/2445
f 112/2446/2446 111/2447/2447 110/2448/2448
f 112/2449/2449 110/2450/2450 105/2451/2451
f 113/2452/2452 114/2453/2453 117/2454/2454
f 118/2455/2455 113/2456/2456 117/2457/2457
f 117/2458/2458 114/2459/2459 119/2460/2460
f 97/2461/2461 113/2462/2462 118/2463/2463
f 114/2464/2464 115/2465/2465 119/2466/2466
f 115/2467/2467 116/2468/2468 120/2469/2469
f 115/2470/2470 120/2471/2471 119/2472/2472
f 116/2473/2473 160/2474/2474 120/2475/2475
f 118/2476/2476 117/2477/2477 127/2478/2478
f 117/2479/2479 119/2480/2480 121/2481/2481
f 118/2482/2482 102/2483/2483 104/2484/2484
f 118/2485/2485 126/2486/2486 102/2487/2487
f 119/2488/2488 120/2489/2489 131/2490/2490
f 120/2491/2491 160/2492/2492 132/2493/2493
f 117/2494/2494 121/2495/2495 127/2496/2496
f 121/2497/2497 128/2498/2498 127/2499/2499
f 121/2500/2500 123/2501/2501 128/2502/2502
f 121/2503/2503 124/2504/2504 123/2505/2505
f 121/2506/2506 135/2507/2507 125/2508/2508
f 121/2509/2509 125/2510/2510 124/2511/2511
f 118/2512/2512 127/2513/2513 126/2514/2514
f 122/2515/2515 128/2516/2516 123/2517/2517
f 122/2518/2518 129/2519/2519 128/2520/2520
f 121/2521/2521 119/2522/2522 131/2523/2523
f 120/2524/2524 132/2525/2525 131/2526/2526
f 131/2527/2527 132/2528/2528 138/2529/2529
f 121/2530/2530 131/2531/2531 135/2532/2532
f 131/2533/2533 136/2534/2534 135/2535/2535
f 131/2536/2536 137/2537/2537 136/2538/2538
f 131/2539/2539 138/2540/2540 137/2541/2541
f 132/2542/2542 139/2543/2543 138/2544/2544
f 132/2545/2545 140/2546/2546 139/2547/2547
f 132/2548/2548 133/2549/2549 140/2550/2550
f 132/2551/2551 134/2552/2552 133/2553/2553
f 144/2554/2554 145/2555/2555 143/2556/2556
f 146/2557/2557 143/2558/2558 145/2559/2559
f 147/2560/2560 143/2561/2561 146/2562/2562
f 144/2563/2563 106/2564/2564 148/2565/2565
f 144/2566/2566 148/2567/2567 145/2568/2568
f 116/2569/2569 155/2570/2570 160/2571/2571
f 155/2572/2572 156/2573/2573 161/2574/2574
f 155/2575/2575 161/2576/2576 160/2577/2577
f 156/2578/2578 162/2579/2579 161/2580/2580
f 156/2581/2581 157/2582/2582 162/2583/2583
f 157/2584/2584 171/2585/2585 162/2586/2586
f 157/2587/2587 158/2588/2588 171/2589/2589
f 158/2590/2590 173/2591/2591 159/2592/2592
f 158/2593/2593 159/2594/2594 169/2595/2595
f 158/2596/2596 170/2597/2597 171/2598/2598
f 158/2599/2599 169/2600/2600 170/2601/2601
f 160/2602/2602 161/2603/2603 187/2604/2604
f 161/2605/2605 186/2606/2606 185/2607/2607
f 161/2608/2608 162/2609/2609 166/2610/2610
f 161/2611/2611 166/2612/2612 186/2613/2613
f 162/2614/2614 171/2615/2615 167/2616/2616
f 162/2617/2617 167/2618/2618 163/2619/2619
f 168/2620/2620 163/2621/2621 167/2622/2622
f 162/2623/2623 163/2624/2624 164/2625/2625
f 162/2626/2626 165/2627/2627 166/2628/2628
f 162/2629/2629 164/2630/2630 165/2631/2631
f 173/2632/2632 179/2633/2633 159/2634/2634
f 173/2635/2635 181/2636/2636 177/2637/2637
f 173/2638/2638 180/2639/2639 179/2640/2640
f 173/2641/2641 174/2642/2642 180/2643/2643
f 173/2644/2644 176/2645/2645 174/2646/2646
f 173/2647/2647 177/2648/2648 176/2649/2649
f 181/2650/2650 178/2651/2651 177/2652/2652
f 181/2653/2653 194/2654/2654 182/2655/2655
f 181/2656/2656 182/2657/2657 178/2658/2658
f 194/2659/2659 183/2660/2660 182/2661/2661
f 194/2662/2662 184/2663/2663 183/2664/2664
f 132/2665/2665 160/2666/2666 189/2667/2667
f 160/2668/2668 187/2669/2669 189/2670/2670
f 161/2671/2671 188/2672/2672 187/2673/2673
f 161/2674/2674 185/2675/2675 190/2676/2676
f 161/2677/2677 191/2678/2678 188/2679/2679
f 161/2680/2680 190/2681/2681 191/2682/2682
f 132/2683/2683 189/2684/2684 134/2685/2685
f 194/2686/2686 196/2687/2687 184/2688/2688
f 195/2689/2689 184/2690/2690 196/2691/2691
f 194/2692/2692 197/2693/2693 196/2694/2694
f 194/2695/2695 198/2696/2696 197/2697/2697
f 197/2698/2698 198/2699/2699 200/2700/2700
f 197/2701/2701 200/2702/2702 201/2703/2703
f 202/2704/2704 201/2705/2705 200/2706/2706
