# meters; x anterior, y left, z dorsal
mtllib fish.mtl
usemtl fish
v -0.04100443895 -0.005854483228 -0.00552498811
v -0.04114425096 -0.005915271118 -0.004597757767
v -0.0411786894 -0.005938693881 -0.004276202583
v -0.04120158131 -0.005961854476 -0.004052206232
v -0.04132092471 -0.006165336818 -0.002180095702
v -0.04134466599 -0.006148533896 -0.001932591024
v -0.04136860098 -0.006120186299 -0.001464954867
v -0.04089130747 -0.004318190273 -0.007525417312
v -0.04079882155 -0.005514851771 -0.006994821887
v -0.04079663108 -0.005510535091 -0.007009930733
v -0.04059508543 -0.005212541204 -0.008084317028
v -0.04043195124 -0.005013620015 -0.008819259527
v -0.04028741556 -0.004310950637 -0.009795600372
v -0.04022941279 -0.004462805577 -0.009889451611
v -0.04027442548 -0.004565920215 -0.009686831209
v -0.04001000065 -0.004069173243 -0.01067819242
v -0.0401471677 -0.004305496812 -0.0102029143
v -0.0409295662 -0.005709160119 -0.006146225437
v -0.04131513748 -0.004333275836 -0.005295695561
v -0.04158380914 -0.00432725111 -0.003041965711
v -0.03872136499 -0.006259704009 -0.005253193724
v -0.03891749035 -0.006537550129 -0.00182915182
v -0.03859878431 -0.005417994689 -0.008669063273
v -0.0396717685 -0.003456486156 -0.0118327791
v -0.03947705317 -0.003025501966 -0.01246581954
v -0.03926483083 -0.00261775963 -0.01307219436
v -0.03944509204 -0.002145831706 -0.01278052648
v -0.03898692976 -0.002143122489 -0.01378628594
v -0.03894313152 -0.002075525001 -0.01388911233
v -0.0387097663 -0.00179343042 -0.01442923845
v -0.03862615029 -0.001771742711 -0.01461489202
v -0.038553848 -0.001754757017 -0.01476563775
v -0.03844584811 -0.001673435909 -0.01499403716
v -0.03777706723 -0.001220915699 -0.0162645558
v -0.0377399801 -0.001197360107 -0.01633067784
v -0.03806761007 -0.001895889523 -0.01436490362
v -0.04089945282 -0.002164643491 -0.008410197507
v -0.03975353304 -0.003589344677 -0.01157949195
v -0.04023460771 -0.002147589345 -0.01066865848
v -0.04171255889 -0.002169278217 -0.003957114006
v -0.04138202693 -0.002165864222 -0.006207738361
v -0.04188392039 -0.002170315711 -0.00170890655
v -0.03840265895 -0.003750919364 -0.01177440007
v -0.03472528706 -0.006276048254 -0.008407561864
v -0.03489689815 -0.006897115149 -0.004885456349
v -0.03511753964 -0.006921631284 -0.001314319669
v -0.03441475245 -0.004764239769 -0.01162730512
v -0.0372597194 -0.0009448130731 -0.01718426106
v -0.03677346098 -0.0007949060528 -0.01795963367
v -0.0367920092 -0.0004337195132 -0.01795785857
v -0.03544898431 -0.0008495135116 -0.01808632148
v -0.03745582986 -0.001062771189 -0.01683495549
v -0.03739474627 -0.0009919119766 -0.01694548671
v -0.03389992106 -0.00286017824 -0.01427501236
v -0.03308771278 -0.000793008483 -0.01831218396
v -0.03330336983 -0.001323853852 -0.01663670299
v -0.04138142343 -0.006049897056 -0.0001608647858
v -0.04138604651 -0.006024552044 0.0006707817679
v -0.04136942054 -0.006014653016 0.001106842364
v -0.04136615533 -0.005984866992 0.00129712833
v -0.04128457892 -0.00577031821 0.002741350503
v -0.04126052658 -0.005709770136 0.003161254515
v -0.04169298436 -0.004341959953 -0.0003675776448
v -0.04158380914 -0.00432725111 0.002306810523
v -0.04117883283 -0.005595135503 0.004003838812
v -0.04113257031 -0.005552983843 0.004335010135
v -0.04105052079 -0.005277538672 0.005144254946
v -0.04101558688 -0.00519337412 0.00539833418
v -0.04131513748 -0.004333275836 0.004560540141
v -0.04089130747 -0.004318190273 0.006790261892
v -0.04084965686 -0.004842742812 0.006563482051
v -0.04076259683 -0.004706796259 0.007033110307
v -0.04067384179 -0.004593991674 0.00743578392
v -0.0406005169 -0.004356828984 0.007857396443
v -0.04058800365 -0.00431455439 0.007930458699
v -0.03998801398 -0.004715207964 0.007617607889
v -0.03923619638 -0.006382283289 0.00151317072
v -0.03962027754 -0.005810247734 0.00467571075
v -0.04188392039 -0.002170315711 0.0009737512459
v -0.04171255889 -0.002169278217 0.003221958586
v -0.04138202693 -0.002165864222 0.005472582941
v -0.04089945282 -0.002164643491 0.007675042552
v -0.04042063381 -0.003843780141 0.008758895275
v -0.04026746291 -0.00349357049 0.009390311492
v -0.04020666245 -0.003377603833 0.009604721506
v -0.04007797416 -0.003113206709 0.01006483211
v -0.04003830354 -0.003060357412 0.01019713021
v -0.0399624231 -0.002963312669 0.01044883876
v -0.04023460771 -0.002147589345 0.009933502589
v -0.03945431586 -0.002399703488 0.01195454708
v -0.03944509204 -0.002145831706 0.01204537059
v -0.03939156334 -0.002341447864 0.01211683656
v -0.03937818582 -0.002320992528 0.01215362566
v -0.03924886237 -0.002144671278 0.01247613429
v -0.03905907559 -0.00190740556 0.01291617955
v -0.03867880727 -0.001684707007 0.01377281005
v -0.03866257432 -0.001663351431 0.01381055283
v -0.03840754467 -0.001356805442 0.0143565053
v -0.03799723189 -0.0009159200708 0.01514995861
v -0.0378918099 -0.0009205159149 0.01534374262
v -0.03787430103 -0.0009212669102 0.01537435892
v -0.03774890403 -0.0009234289173 0.01518482174
v -0.03545258853 -0.006668300834 0.00217509753
v -0.03587753053 -0.006088093389 0.00548473251
v -0.03624526697 -0.005107461009 0.008475661454
v -0.03653945687 -0.003750919364 0.01103347837
v -0.03700525786 -0.002198251197 0.01325624454
v -0.03725410166 -0.0009046497289 0.01646097581
v -0.03701878625 -0.0008989131311 0.01683113928
v -0.03694361734 -0.0008856740315 0.01695024985
v -0.03650244798 -0.0008079741965 0.01764930244
v -0.03635018977 -0.000782799325 0.01787361893
v -0.0353548276 -0.0007433955907 0.01804780791
v -0.03305821221 -0.002615019912 0.01416333037
v -0.03378551367 -0.0008989131311 0.01607556286
v -0.03922151688 0 -0.0134840224
v -0.0387097663 0.00179343042 -0.01442923845
v -0.03862615029 0.001771742711 -0.01461489202
v -0.03824341583 0 -0.01550998894
v -0.03844584811 0.001673435909 -0.01499403716
v -0.038553848 0.001754757017 -0.01476563775
v -0.03777706723 0.001220915699 -0.0162645558
v -0.0377399801 0.001197360107 -0.01633067784
v -0.03806761007 0.001895889523 -0.01436490362
v -0.03944509204 0.002145831706 -0.01278052648
v -0.03926483083 0.00261775963 -0.01307219436
v -0.03898692976 0.002143122489 -0.01378628594
v -0.03894313152 0.002075525001 -0.01388911233
v -0.03947705317 0.003025501966 -0.01246581954
v -0.0396717685 0.003456486156 -0.0118327791
v -0.04128600757 0 -0.00706969184
v -0.0407464626 0 -0.009253750379
v -0.04005720007 0 -0.01139527728
v -0.04167325149 0 -0.004853555291
v -0.04190634291 0 -0.0026159471
v -0.04089945282 0.002164643491 -0.008410197507
v -0.04023460771 0.002147589345 -0.01066865848
v -0.03975353304 0.003589344677 -0.01157949195
v -0.04171255889 0.002169278217 -0.003957114006
v -0.04138202693 0.002165864222 -0.006207738361
v -0.04188392039 0.002170315711 -0.00170890655
v -0.03840265895 0.003750919364 -0.01177440007
v -0.04089130747 0.004318190273 -0.007525417312
v -0.04028741556 0.004310950637 -0.009795600372
v -0.04001000065 0.004069173243 -0.01067819242
v -0.0401471677 0.004305496812 -0.0102029143
v -0.04022941279 0.004462805577 -0.009889451611
v -0.04027442548 0.004565920215 -0.009686831209
v -0.04059508543 0.005212541204 -0.008084317028
v -0.04043195124 0.005013620015 -0.008819259527
v -0.04079663108 0.005510535091 -0.007009930733
v -0.04079882155 0.005514851771 -0.006994821887
v -0.04131513748 0.004333275836 -0.005295695561
v -0.04158380914 0.00432725111 -0.003041965711
v -0.0409295662 0.005709160119 -0.006146225437
v -0.04100443895 0.005854483228 -0.00552498811
v -0.04114425096 0.005915271118 -0.004597757767
v -0.0411786894 0.005938693881 -0.004276202583
v -0.04120158131 0.005961854476 -0.004052206232
v -0.04132092471 0.006165336818 -0.002180095702
v -0.04134466599 0.006148533896 -0.001932591024
v -0.04136860098 0.006120186299 -0.001464954867
v -0.03859878431 0.005417994689 -0.008669063273
v -0.03872136499 0.006259704009 -0.005253193724
v -0.03891749035 0.006537550129 -0.00182915182
v -0.0371275759 0 -0.01746347902
v -0.0372597194 0.0009448130731 -0.01718426106
v -0.0367920092 0.0004337195132 -0.01795785857
v -0.03677346098 0.0007949060528 -0.01795963367
v -0.03544898431 0.0008495135116 -0.01808632148
v -0.03739474627 0.0009919119766 -0.01694548671
v -0.03745582986 0.001062771189 -0.01683495549
v -0.03308771278 0.000793008483 -0.01831218396
v -0.03330336983 0.001323853852 -0.01663670299
v -0.03389992106 0.00286017824 -0.01427501236
v -0.03441475245 0.004764239769 -0.01162730512
v -0.03472528706 0.006276048254 -0.008407561864
v -0.03489689815 0.006897115149 -0.004885456349
v -0.03511753964 0.006921631284 -0.001314319669
v -0.04198416422 0 -0.0003675776448
v -0.04190634291 0 0.00188079168
v -0.04167325149 0 0.004118399871
v -0.04128600757 0 0.006334536419
v -0.0407464626 0 0.008518595424
v -0.04188392039 0.002170315711 0.0009737512459
v -0.04171255889 0.002169278217 0.003221958586
v -0.04138202693 0.002165864222 0.005472582941
v -0.04089945282 0.002164643491 0.007675042552
v -0.04042063381 0.003843780141 0.008758895275
v -0.04005720007 0 0.01066012232
v -0.04023460771 0.002147589345 0.009933502589
v -0.04007797416 0.003113206709 0.01006483211
v -0.04003830354 0.003060357412 0.01019713021
v -0.04020666245 0.003377603833 0.009604721506
v -0.0399624231 0.002963312669 0.01044883876
v -0.04026746291 0.00349357049 0.009390311492
v -0.03922151688 0 0.01274886745
v -0.03905907559 0.00190740556 0.01291617955
v -0.03866257432 0.001663351431 0.01381055283
v -0.03867880727 0.001684707007 0.01377281005
v -0.03840754467 0.001356805442 0.0143565053
v -0.03824341583 0 0.01477483305
v -0.03799723189 0.0009159200708 0.01514995861
v -0.0378918099 0.0009205159149 0.01534374262
v -0.03787430103 0.0009212669102 0.01537435892
v -0.03774890403 0.0009234289173 0.01518482174
v -0.03944509204 0.002145831706 0.01204537059
v -0.03945431586 0.002399703488 0.01195454708
v -0.03924886237 0.002144671278 0.01247613429
v -0.03939156334 0.002341447864 0.01211683656
v -0.03937818582 0.002320992528 0.01215362566
v -0.04169298436 0.004341959953 -0.0003675776448
v -0.04158380914 0.00432725111 0.002306810523
v -0.04128457892 0.00577031821 0.002741350503
v -0.04126052658 0.005709770136 0.003161254515
v -0.04131513748 0.004333275836 0.004560540141
v -0.04089130747 0.004318190273 0.006790261892
v -0.04105052079 0.005277538672 0.005144254946
v -0.04101558688 0.00519337412 0.00539833418
v -0.04117883283 0.005595135503 0.004003838812
v -0.04113257031 0.005552983843 0.004335010135
v -0.0406005169 0.004356828984 0.007857396443
v -0.04058800365 0.00431455439 0.007930458699
v -0.04067384179 0.004593991674 0.00743578392
v -0.04076259683 0.004706796259 0.007033110307
v -0.04084965686 0.004842742812 0.006563482051
v -0.03998801398 0.004715207964 0.007617607889
v -0.04138142343 0.006049897056 -0.0001608647858
v -0.04138604651 0.006024552044 0.0006707817679
v -0.04136942054 0.006014653016 0.001106842364
v -0.04136615533 0.005984866992 0.00129712833
v -0.03962027754 0.005810247734 0.00467571075
v -0.03923619638 0.006382283289 0.00151317072
v -0.0371275759 0 0.01672832313
v -0.03725410166 0.0009046497289 0.01646097581
v -0.03701878625 0.0008989131311 0.01683113928
v -0.03650244798 0.0008079741383 0.01764930244
v -0.03635018977 0.000782799325 0.01787361893
v -0.0353548276 0.0007433955907 0.01804780791
v -0.03700525786 0.002198251197 0.01325624454
v -0.03653945687 0.003750919364 0.01103347837
v -0.03378551367 0.0008989131311 0.01607556286
v -0.03305821221 0.002615019912 0.01416333037
v -0.03624526697 0.005107461009 0.008475661454
v -0.03545258853 0.006668300834 0.00217509753
v -0.03587753053 0.006088093389 0.00548473251
v -0.02853395331 -0.005854824558 -0.01235967671
v -0.03001825052 -0.00395521801 -0.01428318472
v -0.03100705433 -0.007174961269 -0.008252294558
v -0.03119501013 -0.007648933679 -0.004656642034
v -0.03078248452 -0.006286497228 -0.003885268989
v -0.03100586782 -0.004218520597 -0.004797609813
v -0.03126742232 -0.004212655127 -0.002603564235
v -0.02961129236 -0.007471127436 -0.008230239908
v -0.02992490965 -0.007597228978 -0.006886046204
v -0.02974199976 -0.007513936143 -0.007738276209
v -0.0306556626 -0.005867450964 -0.01157010143
v -0.02989806893 -0.006302757189 -0.008279946922
v -0.02929078329 -0.007018613629 -0.009652317326
v -0.02948050301 -0.007265455555 -0.008868162344
v -0.02903165209 -0.006649830379 -0.01068399736
v -0.02915768611 -0.006809153128 -0.01022984815
v -0.0292095049 -0.006280363072 -0.01046606788
v -0.028766607 -0.006365474779 -0.01151858159
v -0.02871667321 -0.00624333648 -0.01171768067
v -0.03015695053 -0.007729127072 -0.005621190938
v -0.0301987576 -0.00774204731 -0.005406347393
v -0.03028648446 -0.00778252352 -0.004809864155
v -0.03030583176 -0.007795806974 -0.004630840208
v -0.03042717937 -0.00774401566 -0.003777583885
v -0.030532674 -0.00771385897 -0.003006127953
v -0.03061273421 -0.007685505319 -0.002135240646
v -0.03042850371 -0.006278801244 -0.006071212991
v -0.03000536102 -0.004196786787 -0.009178346778
v -0.03059326026 -0.004203834571 -0.006968283384
v -0.02926087293 -0.004167837091 -0.01134051179
v -0.03190213169 -0.00100821536 -0.01842558739
v -0.02913568082 -0.002206423087 -0.01666939055
v -0.02918534453 -0.002089004964 -0.01208422502
v -0.03107098404 -0.002108507091 -0.005685499693
v -0.03139276344 -0.002111830516 -0.003494477189
v -0.02995395201 -0.002090716036 -0.01002828387
v -0.03060118954 -0.002107318724 -0.0078296329
v -0.02826525557 -0.005395038519 -0.01313851104
v -0.02838148649 -0.005576816853 -0.01282696222
v -0.02802075918 -0.004938374273 -0.01382354257
v -0.0276108748 -0.004157383926 -0.01488873717
v -0.02748189408 -0.003918325063 -0.01519554091
v -0.02839017387 -0.00417079078 -0.0133708397
v -0.02783738363 -0.004638012499 -0.01428318472
v -0.02734546836 -0.003692996688 -0.01548982953
v -0.02826753731 -0.002083577681 -0.01409899891
v -0.02725594218 -0.003562080441 -0.01566433889
v -0.02680416505 -0.002961702878 -0.01653256436
v -0.02722035262 -0.002081698505 -0.01602796541
v -0.02670592914 -0.00272180466 -0.01674388145
v -0.02826000291 -0.0008818664937 -0.0187739635
v -0.02755126829 -0.0008948794566 -0.01884175633
v -0.02629036929 -0.001898015267 -0.01748517883
v -0.02596747602 -0.001567251631 -0.01802358014
v -0.02574257932 -0.001366016921 -0.01835464855
v -0.02593379288 -0.001286560437 -0.01810966414
v -0.02581337008 -0.001424286398 -0.01825808344
v -0.02540110617 -0.0005459088134 -0.02018106711
v -0.02540110617 -0.0004909451236 -0.02031166461
v -0.02537809412 -0.0008641376044 -0.01886532811
v -0.02555718093 -0.0007009000401 -0.01903249492
v -0.02540110617 -0.0006970461109 -0.01904742402
v -0.02525664873 -0.0006969128735 -0.01903548447
v -0.02524717531 -0.0006951306714 -0.01904800517
v -0.02466697998 -0.0005880092504 -0.01979953219
v -0.02447985492 -0.0004568068834 -0.02003952098
v -0.02401261783 -0.0001520485821 -0.02058447694
v -0.02487626585 -0.0006253502215 -0.01953819004
v -0.03137479264 -0.007550870534 -0.0009057228149
v -0.03067502479 -0.007651947904 -0.0008575165689
v -0.03070112418 -0.007605449297 -0.0005173290251
v -0.03073420103 -0.007459740154 0.0006083481144
v -0.03170984152 -0.007044210099 0.002738961427
v -0.03071991268 -0.007300260942 0.001902259829
v -0.03072018462 -0.007300804835 0.001897572017
v -0.03098768841 -0.006343077868 -0.0013058873
v -0.03098768841 -0.006343077868 0.001305887302
v -0.03078248452 -0.006286497228 0.003885268875
v -0.03209392267 -0.006414970849 0.006187518769
v -0.03137370671 -0.004226974677 1.332642601e-12
v -0.03126742232 -0.004212655127 0.002603564122
v -0.03100586782 -0.004218520597 0.004797610165
v -0.03066519189 -0.007183187641 0.002864041309
v -0.03063991579 -0.007101105526 0.003383535136
v -0.03055869329 -0.00696149515 0.004302440853
v -0.03047023068 -0.006861648988 0.004987682392
v -0.03035498697 -0.006747027393 0.005858461549
v -0.03027177516 -0.006689123809 0.006324805961
v -0.03022925469 -0.006664959248 0.00652766711
v -0.03042850371 -0.006278801244 0.006071212877
v -0.02998292732 -0.006385274697 0.00784114859
v -0.02990358423 -0.00630250806 0.008256978531
v -0.02989947709 -0.006298508495 0.008277291608
v -0.02989833343 -0.006297580432 0.008282154974
v -0.03059326026 -0.004203834571 0.00696828327
v -0.03242897156 -0.005581433419 0.009325542663
v -0.03264961491 -0.00428209547 0.01188335958
v -0.02942458267 -0.005993169732 0.009956013587
v -0.0293624113 -0.00588004943 0.01021866052
v -0.03000536102 -0.004196786787 0.00917834713
v -0.02930476616 -0.005792016629 0.01042760554
v -0.02922462586 -0.00565853063 0.0107234653
v -0.02884623136 -0.005130110774 0.01192185393
v -0.02867974441 -0.004927030299 0.01239178347
v -0.02926087293 -0.004167837091 0.01134051214
v -0.02868622455 -0.004813271109 0.01261066197
v -0.02861687268 -0.004844043404 0.01257177553
v -0.02859812888 -0.004823259544 0.01262384671
v -0.03155958752 -0.002112840768 -0.001305807439
v -0.03155958752 -0.002112840768 0.001305807441
v -0.03139276344 -0.002111830516 0.003494477075
v -0.03107098404 -0.002108507091 0.00568549958
v -0.03060118954 -0.002107318724 0.007829632786
v -0.03272289696 -0.000820615096 0.01850839536
v -0.03113320942 -0.0008332433645 0.01878659072
v -0.02995395201 -0.002090716036 0.01002828422
v -0.02918534453 -0.002089004964 0.01208422537
v -0.02888235177 -0.002917381702 0.01489063277
v -0.02928277577 -0.0009152570274 0.01736672985
v -0.02838931519 -0.004309872165 0.01331704034
v -0.02835661086 -0.004240530543 0.01341197005
v -0.02839017387 -0.00417079078 0.01337083912
v -0.02831848066 -0.004169557244 0.0135104807
v -0.02826753731 -0.002083577681 0.01409899927
v -0.02791650134 -0.003503123531 0.01444821077
v -0.02778115223 -0.003219453618 0.01477785799
v -0.02769626591 -0.003060222138 0.01496460399
v -0.02724391881 -0.002385198139 0.0159266034
v -0.0271147751 -0.002213070402 0.01617489586
v -0.02709846485 -0.00219439622 0.01620233077
v -0.02722035262 -0.002081698505 0.01602796483
v -0.02792407672 -0.0006243570242 0.01934818941
v -0.02785268712 -0.0006224589888 0.01936068217
v -0.02761570092 -0.0006128952955 0.01932799461
v -0.0276784851 -0.0006172524882 0.01937810163
v -0.02763937513 -0.0006030856166 0.01938201318
v -0.02758823435 -0.0005886605359 0.01938712801
v -0.02661914292 -0.001710130251 0.0170007443
v -0.02643138456 -0.00152302382 0.01730992849
v -0.02619331896 -0.001446956419 0.01768974232
v -0.02600945166 -0.001389069483 0.01798046957
v -0.02593444388 -0.001291981665 0.01810800115
v -0.02593379288 -0.001286560437 0.0181096645
v -0.02593180823 -0.001288830652 0.01811211015
v -0.02535567532 -0.000672023918 0.01890752482
v -0.02544745344 -0.0001769204828 0.01960120554
v -0.02513447969 -0.0004249644699 0.01921359467
v -0.02489133931 -0.0001533944014 0.01955002936
v -0.02482272226 -8.065294242e-05 0.0196396226
v -0.0248001619 -5.902584235e-05 0.01966593432
v -0.03190213169 0.00100821536 -0.01842558739
v -0.02896769072 0 -0.01276909077
v -0.02913568082 0.002206423087 -0.01666939055
v -0.02918534453 0.002089004964 -0.01208422502
v -0.03135449725 0 -0.004367178363
v -0.03097750719 0 -0.006524626921
v -0.03158141586 0 -0.002188827317
v -0.03107098404 0.002108507091 -0.005685499693
v -0.03139276344 0.002111830516 -0.003494477189
v -0.02978124197 0 -0.01073566062
v -0.03045225057 0 -0.008650846603
v -0.02995395201 0.002090716036 -0.01002828387
v -0.03060118954 0.002107318724 -0.0078296329
v -0.03001825052 0.00395521801 -0.01428318472
v -0.02853395331 0.005854824558 -0.01235967671
v -0.03100586782 0.004218520597 -0.004797609813
v -0.03126742232 0.004212655127 -0.002603564235
v -0.03100705433 0.007174961269 -0.008252294558
v -0.03078248452 0.006286497228 -0.003885268989
v -0.03119501013 0.007648933679 -0.004656642034
v -0.03000536102 0.004196786787 -0.009178346778
v -0.03059326026 0.004203834571 -0.006968283384
v -0.02926087293 0.004167837091 -0.01134051179
v -0.0306556626 0.005867450964 -0.01157010143
v -0.02989806893 0.006302757189 -0.008279946922
v -0.02961129236 0.007471127436 -0.008230239908
v -0.02992490965 0.007597228978 -0.006886046204
v -0.02974199976 0.007513936143 -0.007738276209
v -0.0292095049 0.006280363072 -0.01046606788
v -0.02903165209 0.006649830379 -0.01068399736
v -0.02915768611 0.006809153128 -0.01022984815
v -0.02871667321 0.00624333648 -0.01171768067
v -0.028766607 0.006365474779 -0.01151858159
v -0.02929078329 0.007018613629 -0.009652317326
v -0.02948050301 0.007265455555 -0.008868162344
v -0.03042850371 0.006278801244 -0.006071212991
v -0.03015695053 0.007729127072 -0.005621190938
v -0.0301987576 0.00774204731 -0.005406347393
v -0.03028648446 0.00778252352 -0.004809864155
v -0.03030583176 0.007795806974 -0.004630840208
v -0.03042717937 0.00774401566 -0.003777583885
v -0.030532674 0.00771385897 -0.003006127953
v -0.03061273421 0.007685505319 -0.002135240646
v -0.02826000291 0.0008818664937 -0.0187739635
v -0.02755126829 0.0008948794566 -0.01884175633
v -0.02629036929 0.001898015267 -0.01748517883
v -0.02801549162 0 -0.01474140474
v -0.02692920162 0 -0.01664316264
v -0.02826753731 0.002083577681 -0.01409899891
v -0.02734546836 0.003692996688 -0.01548982953
v -0.02722035262 0.002081698505 -0.01602796541
v -0.02670592914 0.00272180466 -0.01674388145
v -0.02680416505 0.002961702878 -0.01653256436
v -0.02725594218 0.003562080441 -0.01566433889
v -0.02540110617 0 -0.02228571643
v -0.02540110617 0.0004909451236 -0.02031166461
v -0.02540110617 0.0005459088134 -0.02018106711
v -0.02555718093 0.0007009000401 -0.01903249492
v -0.02540110617 0.0006970461109 -0.01904742402
v -0.02537809412 0.0008641376044 -0.01886532811
v -0.02525664873 0.0006969128735 -0.01903548447
v -0.02524717531 0.0006951306714 -0.01904800517
v -0.02574257932 0.001366016921 -0.01835464855
v -0.02593379288 0.001286560437 -0.01810966414
v -0.02581337008 0.001424286398 -0.01825808344
v -0.02596747602 0.001567251631 -0.01802358014
v -0.02447985492 0.0004568068834 -0.02003952098
v -0.02466697998 0.0005880092504 -0.01979953219
v -0.02424069035 0 -0.02103320492
v -0.02388144757 0 -0.0207374653
v -0.02401261783 0.0001520485821 -0.02058447694
v -0.02489623807 0 -0.01955387724
v -0.02487626585 0.0006253502215 -0.01953819004
v -0.0276108748 0.004157383926 -0.01488873717
v -0.02748189408 0.003918325063 -0.01519554091
v -0.02839017387 0.00417079078 -0.0133708397
v -0.02783738363 0.004638012499 -0.01428318472
v -0.02802075918 0.004938374273 -0.01382354257
v -0.02826525557 0.005395038519 -0.01313851104
v -0.02838148649 0.005576816853 -0.01282696222
v -0.03165717523 0 1.332642601e-12
v -0.03158141586 0 0.00218882732
v -0.03135449725 0 0.004367178482
v -0.03097750719 0 0.006524626807
v -0.03155958752 0.002112840768 -0.001305807439
v -0.03155958752 0.002112840768 0.001305807441
v -0.03139276344 0.002111830516 0.003494477075
v -0.03107098404 0.002108507091 0.00568549958
v -0.03045225057 0 0.008650846024
v -0.03060118954 0.002107318724 0.007829632786
v -0.03272289696 0.000820615096 0.01850839536
v -0.03113320942 0.0008332433645 0.01878659072
v -0.02978124197 0 0.01073566097
v -0.02896769072 0 0.01276909112
v -0.02928277577 0.0009152570274 0.01736672985
v -0.02995395201 0.002090716036 0.01002828422
v -0.02918534453 0.002089004964 0.01208422537
v -0.02888235177 0.002917381702 0.01489063277
v -0.03137370671 0.004226974677 1.332642601e-12
v -0.03126742232 0.004212655127 0.002603564122
v -0.03100586782 0.004218520597 0.004797610165
v -0.03098768841 0.006343077868 -0.0013058873
v -0.03098768841 0.006343077868 0.001305887302
v -0.03078248452 0.006286497228 0.003885268875
v -0.03137479264 0.007550870534 -0.0009057228149
v -0.03067502479 0.007651947904 -0.0008575165689
v -0.03070112418 0.007605449297 -0.0005173290251
v -0.03073420103 0.007459740154 0.0006083481144
v -0.03170984152 0.007044210099 0.002738961427
v -0.03071991268 0.007300260942 0.001902259829
v -0.03072018462 0.007300804835 0.001897572017
v -0.03209392267 0.006414970849 0.006187518769
v -0.03059326026 0.004203834571 0.00696828327
v -0.03066519189 0.007183187641 0.002864041309
v -0.03063991579 0.007101105526 0.003383535136
v -0.03042850371 0.006278801244 0.006071212877
v -0.03035498697 0.006747027393 0.005858461549
v -0.03027177516 0.006689123809 0.006324805961
v -0.03022925469 0.006664959248 0.00652766711
v -0.02990358423 0.00630250806 0.008256978531
v -0.02989947709 0.006298508495 0.008277291608
v -0.02989833343 0.006297580432 0.008282154974
v -0.02998292732 0.006385274697 0.00784114859
v -0.03055869329 0.00696149515 0.004302440853
v -0.03047023068 0.006861648988 0.004987682392
v -0.03264961491 0.00428209547 0.01188335958
v -0.03242897156 0.005581433419 0.009325542663
v -0.03000536102 0.004196786787 0.00917834713
v -0.02926087293 0.004167837091 0.01134051214
v -0.02868622455 0.004813271109 0.01261066197
v -0.02861687268 0.004844043404 0.01257177553
v -0.02859812888 0.004823259544 0.01262384671
v -0.02930476616 0.005792016629 0.01042760554
v -0.02922462586 0.00565853063 0.0107234653
v -0.02884623136 0.005130110774 0.01192185393
v -0.02867974441 0.004927030299 0.01239178347
v -0.02942458267 0.005993169732 0.009956013587
v -0.0293624113 0.00588004943 0.01021866052
v -0.02801549162 0 0.01474140509
v -0.02792407672 0.0006243570242 0.01934818941
v -0.02785268712 0.0006224589888 0.01936068217
v -0.02763937513 0.0006030856166 0.01938201318
v -0.02758823435 0.0005886605359 0.01938712801
v -0.02761570092 0.0006128952955 0.01932799461
v -0.0276784851 0.0006172524882 0.01937810163
v -0.02692920162 0 0.01664316299
v -0.02661914292 0.001710130251 0.0170007443
v -0.02619331896 0.001446956419 0.01768974232
v -0.02643138456 0.00152302382 0.01730992849
v -0.02826753731 0.002083577681 0.01409899927
v -0.02791650134 0.003503123531 0.01444821077
v -0.02769626591 0.003060222138 0.01496460399
v -0.02778115223 0.003219453618 0.01477785799
v -0.02722035262 0.002081698505 0.01602796483
v -0.02724391881 0.002385198139 0.0159266034
v -0.0271147751 0.002213070402 0.01617489586
v -0.02709846485 0.00219439622 0.01620233077
v -0.02544745344 0.0001769204828 0.01960120554
v -0.02513447969 0.0004249644699 0.01921359467
v -0.02535567532 0.000672023918 0.01890752482
v -0.02600945166 0.001389069483 0.01798046957
v -0.02593444388 0.001291981665 0.01810800115
v -0.02593379288 0.001286560437 0.0181096645
v -0.02593180823 0.001288830652 0.01811211015
v -0.02489623807 0 0.01955387759
v -0.02489133931 0.0001533944014 0.01955002936
v -0.02482272226 8.065294242e-05 0.0196396226
v -0.0248001619 5.902584235e-05 0.01966593432
v -0.02839017387 0.00417079078 0.01337083912
v -0.02835661086 0.004240530543 0.01341197005
v -0.02831848066 0.004169557244 0.0135104807
v -0.02838931519 0.004309872165 0.01331704034
vt 0.5455747136 0.7920291494
vt 0.5593972722 0.7930825366
vt 0.5470509201 0.7921902665
vt 0.539999999 0.7760000053
vt 0.5435133586 0.7917437771
vt 0.5375811275 0.7906598378
vt 0.539999999 0.7760000053
vt 0.5455747136 0.7920291493
vt 0.5435133586 0.7917437771
vt 0.5399999989 0.7760000053
vt 0.5375811277 0.7906598378
vt 0.5332279745 0.7903236557
vt 0.5619999997 0.7779393919
vt 0.5593972722 0.7930825366
vt 0.5455747136 0.7920291494
vt 0.5619999997 0.7779393919
vt 0.5610232137 0.7932708108
vt 0.5593972722 0.7930825366
vt 0.5619999997 0.7779393919
vt 0.5640978248 0.7934942449
vt 0.5610232137 0.7932708108
vt 0.5272879865 0.7896824067
vt 0.5271826295 0.7896729681
vt 0.519699853 0.7887061741
vt 0.5160000015 0.775999995
vt 0.5272879865 0.7896824067
vt 0.519699853 0.7887061741
vt 0.5160000015 0.775999995
vt 0.519699853 0.7887061741
vt 0.5145861928 0.7878817171
vt 0.5160000013 0.775999995
vt 0.5145861929 0.7878817173
vt 0.5081772331 0.7869457569
vt 0.5399999989 0.7760000053
vt 0.5332279745 0.7903236557
vt 0.5272879864 0.7896824068
vt 0.539999999 0.7760000053
vt 0.5619999997 0.7779393918
vt 0.5455747136 0.7920291493
vt 0.5399999991 0.7760000052
vt 0.5430000003 0.7517575807
vt 0.5619999997 0.7779393918
vt 0.5399999989 0.7760000053
vt 0.5272879864 0.7896824068
vt 0.5160000017 0.775999995
vt 0.5160000013 0.775999995
vt 0.5081772331 0.7869457569
vt 0.506681774 0.7866739332
vt 0.5160000013 0.775999995
vt 0.506681774 0.7866739332
vt 0.5043702914 0.7861717886
vt 0.5160000013 0.775999995
vt 0.5043702914 0.7861717886
vt 0.5008676188 0.7853297299
vt 0.5160000013 0.775999995
vt 0.5008676188 0.7853297299
vt 0.4929999985 0.7750303051
vt 0.4929999988 0.7750303052
vt 0.4923787959 0.7834636164
vt 0.4872601105 0.7827182264
vt 0.4929999988 0.7750303052
vt 0.4872601105 0.7827182264
vt 0.4823600197 0.7818344068
vt 0.4929999988 0.7750303052
vt 0.4823600197 0.7818344068
vt 0.4765927171 0.7806087594
vt 0.4720000026 0.7750303088
vt 0.4765927171 0.7806087594
vt 0.4757626867 0.7804072907
vt 0.4720000026 0.7750303088
vt 0.4929999988 0.7750303052
vt 0.4765927171 0.7806087594
vt 0.4717084229 0.7791300923
vt 0.47040892 0.7786370063
vt 0.4693527162 0.7782085814
vt 0.4720000029 0.7750303087
vt 0.4717084229 0.7791300923
vt 0.4693527162 0.7782085814
vt 0.4720000025 0.775030309
vt 0.4693527159 0.7782085819
vt 0.4677544415 0.7774942614
vt 0.4720000025 0.775030309
vt 0.4677544415 0.7774942614
vt 0.458383864 0.7728297147
vt 0.458383864 0.7728297147
vt 0.4677544415 0.7774942614
vt 0.4588479185 0.773074687
vt 0.4720000025 0.7750303089
vt 0.4583838641 0.7728297144
vt 0.454956826 0.7709614254
vt 0.4720000027 0.7750303087
vt 0.4757626868 0.7804072905
vt 0.4717084227 0.7791300923
vt 0.5008676188 0.7853297298
vt 0.4942398997 0.7839231506
vt 0.4923787956 0.7834636163
vt 0.4929999986 0.7750303052
vt 0.5008676188 0.7853297298
vt 0.4923787956 0.7834636163
vt 0.539999999 0.7760000053
vt 0.5160000016 0.775999995
vt 0.518999998 0.7507878808
vt 0.539999999 0.7760000052
vt 0.5189999979 0.7507878808
vt 0.5430000003 0.7517575806
vt 0.5619999997 0.7779393918
vt 0.5430000003 0.7517575807
vt 0.5660000002 0.7536969692
vt 0.5160000014 0.7759999952
vt 0.4929999985 0.775030305
vt 0.4959999991 0.7498181778
vt 0.5160000014 0.775999995
vt 0.4959999991 0.7498181777
vt 0.5189999986 0.7507878808
vt 0.5189999978 0.7507878807
vt 0.5220000012 0.7265454496
vt 0.5430000001 0.7517575807
vt 0.5430000003 0.7517575806
vt 0.5450000008 0.7284848511
vt 0.5660000002 0.7536969691
vt 0.5189999986 0.7507878806
vt 0.495999999 0.7498181776
vt 0.4979999992 0.7246060659
vt 0.4720000025 0.7750303087
vt 0.474000002 0.7478787881
vt 0.4929999987 0.7750303052
vt 0.4929999987 0.775030305
vt 0.4740000021 0.7478787882
vt 0.4959999992 0.7498181778
vt 0.4467778971 0.7586466932
vt 0.4541107046 0.7706182359
vt 0.4525815887 0.7698155152
vt 0.4467778971 0.7586466932
vt 0.4525815887 0.7698155152
vt 0.4476151005 0.7669099089
vt 0.1015625 0.02272727273
vt 0.1015625 0.02272727273
vt 0.1015625 0.02272727273
vt 0.1015625 0.02272727273
vt 0.1015625 0.02272727273
vt 0.1015625 0.02272727273
vt 0.4467778971 0.7586466932
vt 0.4559999978 0.7449696987
vt 0.4541107046 0.7706182359
vt 0.4720000025 0.7750303089
vt 0.454956826 0.7709614254
vt 0.4740000021 0.7478787883
vt 0.4559999981 0.7449696987
vt 0.4549568257 0.7709614252
vt 0.4541107053 0.770618236
vt 0.1015625 0.02272727273
vt 0.1015625 0.02272727273
vt 0.1015625 0.02272727273
vt 0.4467778973 0.7586466933
vt 0.4444967425 0.7436573775
vt 0.4559999978 0.7449696987
vt 0.474000002 0.7478787881
vt 0.4549568257 0.7709614252
vt 0.4559999981 0.7449696987
vt 0.5810403331 0.7940503946
vt 0.5918006417 0.7944641488
vt 0.5822921341 0.7941402126
vt 0.5619999997 0.7779393919
vt 0.572678525 0.7937763586
vt 0.5640978248 0.7934942449
vt 0.5840000001 0.7808484857
vt 0.578162433 0.7940341302
vt 0.5726785251 0.7937763585
vt 0.5840000001 0.7808484857
vt 0.5810403333 0.7940503946
vt 0.578162433 0.7940341302
vt 0.5619999997 0.7779393919
vt 0.5840000001 0.7808484857
vt 0.5726785251 0.7937763585
vt 0.584 0.7808484857
vt 0.5918006417 0.7944641488
vt 0.5810403331 0.7940503946
vt 0.584 0.7808484857
vt 0.5946029204 0.7943570166
vt 0.5918006417 0.7944641488
vt 0.584 0.7808484857
vt 0.6050000012 0.7837575771
vt 0.5946029204 0.7943570166
vt 0.6024474588 0.7936583449
vt 0.6100324562 0.7931689212
vt 0.6082194579 0.7933319911
vt 0.6050000012 0.7837575771
vt 0.6002322497 0.7939222671
vt 0.5946029204 0.7943570166
vt 0.6050000012 0.7837575771
vt 0.6024474587 0.7936583449
vt 0.6002322497 0.7939222671
vt 0.6050000009 0.783757577
vt 0.6100324562 0.7931689212
vt 0.6024474588 0.7936583449
vt 0.6050000009 0.783757577
vt 0.6179249124 0.7926855798
vt 0.6100324562 0.7931689212
vt 0.6050000009 0.783757577
vt 0.6211042178 0.7923599617
vt 0.6179249124 0.7926855798
vt 0.6050000009 0.783757577
vt 0.6249999992 0.7876363606
vt 0.6211042178 0.7923599617
vt 0.6249999992 0.7876363606
vt 0.6238289575 0.7919893289
vt 0.6211042178 0.7923599617
vt 0.6249999995 0.7876363606
vt 0.6269136669 0.7919662745
vt 0.623828958 0.791989329
vt 0.6249999995 0.7876363606
vt 0.6274595787 0.7919395898
vt 0.6269136669 0.7919662745
vt 0.6249999995 0.7876363606
vt 0.6336447815 0.791464759
vt 0.6274595787 0.7919395898
vt 0.6249999995 0.7876363606
vt 0.6399517745 0.7906887272
vt 0.6336447815 0.791464759
vt 0.5619999997 0.7779393918
vt 0.5660000002 0.7536969692
vt 0.5840000001 0.7808484858
vt 0.584 0.7808484858
vt 0.5889999997 0.7566060568
vt 0.6050000012 0.7837575772
vt 0.6249999995 0.7876363606
vt 0.6309999997 0.7643636356
vt 0.6433924947 0.7902463353
vt 0.6050000009 0.7837575771
vt 0.6110000008 0.7604848525
vt 0.6249999992 0.7876363605
vt 0.6309999997 0.7643636357
vt 0.6500000023 0.7682424244
vt 0.6433924942 0.7902463353
vt 0.6249999995 0.7876363606
vt 0.6433924947 0.7902463353
vt 0.6399517747 0.790688727
vt 0.6399517745 0.7906887272
vt 0.6383542298 0.7909297882
vt 0.6336447815 0.791464759
vt 0.6500000023 0.7682424244
vt 0.6443663929 0.7900939777
vt 0.6433924942 0.7902463353
vt 0.6500000024 0.7682424245
vt 0.646259783 0.7898667445
vt 0.6443663927 0.7900939775
vt 0.6500000024 0.7682424245
vt 0.6575749803 0.7881553073
vt 0.646259783 0.7898667445
vt 0.6500000024 0.7682424245
vt 0.6587929475 0.7879189447
vt 0.6575749803 0.7881553073
vt 0.6500000021 0.7682424244
vt 0.6590702409 0.7878601154
vt 0.6587929474 0.7879189445
vt 0.6500000021 0.7682424244
vt 0.6614987746 0.7872649138
vt 0.6590702409 0.7878601154
vt 0.6500000021 0.7682424244
vt 0.664809799 0.786364864
vt 0.6614987746 0.7872649138
vt 0.6500000021 0.7682424244
vt 0.6669999972 0.7730909128
vt 0.664809799 0.786364864
vt 0.6669999972 0.7730909128
vt 0.6703269509 0.7842031492
vt 0.6648097992 0.786364864
vt 0.6669999969 0.7730909128
vt 0.6706349298 0.7841175183
vt 0.6703269508 0.7842031492
vt 0.6669999969 0.7730909128
vt 0.6750993295 0.7827478409
vt 0.6706349298 0.7841175183
vt 0.6669999969 0.7730909128
vt 0.6816061974 0.7805001862
vt 0.6750993295 0.7827478409
vt 0.6819999967 0.7789090937
vt 0.6816061974 0.7805001862
vt 0.6669999969 0.7730909128
vt 0.6819999964 0.7789090936
vt 0.6829358086 0.7798694097
vt 0.6816061965 0.780500186
vt 0.6819999964 0.7789090936
vt 0.6831464515 0.7797642566
vt 0.6829358086 0.7798694097
vt 0.6819999965 0.7789090934
vt 0.6904874047 0.7763543158
vt 0.6831464515 0.7797642565
vt 0.5660000001 0.7536969692
vt 0.5889999995 0.7566060568
vt 0.5840000001 0.7808484858
vt 0.6050000012 0.7837575772
vt 0.5889999996 0.7566060569
vt 0.6110000009 0.7604848525
vt 0.6249999991 0.7876363605
vt 0.6110000009 0.7604848525
vt 0.6309999997 0.7643636356
vt 0.5889999997 0.756606057
vt 0.5940000008 0.7333333321
vt 0.6110000008 0.7604848525
vt 0.5660000002 0.7536969692
vt 0.5699999998 0.7304242442
vt 0.5889999996 0.7566060571
vt 0.6110000009 0.7604848525
vt 0.615999999 0.7372121205
vt 0.6309999997 0.7643636356
vt 0.5940000007 0.7333333321
vt 0.6159999988 0.7372121205
vt 0.6110000009 0.7604848525
vt 0.6159999989 0.7372121206
vt 0.6369999979 0.7401212078
vt 0.6309999996 0.7643636356
vt 0.6309999997 0.7643636356
vt 0.6369999981 0.7401212078
vt 0.6500000023 0.7682424244
vt 0.6369999981 0.7401212078
vt 0.6559999999 0.743030305
vt 0.6500000024 0.7682424244
vt 0.6559999997 0.7430303049
vt 0.6669999971 0.7730909128
vt 0.6500000021 0.7682424243
vt 0.6819999967 0.7789090938
vt 0.6669999969 0.7730909128
vt 0.6740000017 0.7478787927
vt 0.6819999965 0.7789090934
vt 0.6899999964 0.7546666651
vt 0.6904874047 0.7763543158
vt 0.6899999964 0.7546666651
vt 0.693001944 0.775043464
vt 0.6904874047 0.7763543158
vt 0.6899999966 0.754666665
vt 0.6937654307 0.7746560946
vt 0.6930019437 0.7750434642
vt 0.6899999966 0.754666665
vt 0.6982462929 0.772382599
vt 0.6937654307 0.7746560946
vt 0.6899999966 0.754666665
vt 0.6996894474 0.7715872548
vt 0.6982462929 0.772382599
vt 0.1015625 0.02272727273
vt 0.1015625 0.02272727273
vt 0.1015625 0.02272727273
vt 0.6559999996 0.743030305
vt 0.6740000015 0.7478787928
vt 0.6669999971 0.7730909127
vt 0.6819999971 0.7789090936
vt 0.6740000014 0.7478787928
vt 0.6899999972 0.7546666653
vt 0.7012453982 0.7655713013
vt 0.6996894474 0.7715872548
vt 0.6899999966 0.754666665
vt 0.7012453981 0.7655713016
vt 0.6899999965 0.7546666651
vt 0.7057407585 0.7486938845
vt 0.1015625 0.02272727273
vt 0.1015625 0.02272727273
vt 0.1015625 0.02272727273
vt 0.1240000026 0.256849748
vt 0.1217309003 0.2576681482
vt 0.122749291 0.2572854883
vt 0.1240000031 0.2610909035
vt 0.1217309003 0.2576681482
vt 0.1240000026 0.256849748
vt 0.1240000031 0.2610909038
vt 0.1200848025 0.2581009749
vt 0.1217309004 0.2576681486
vt 0.1240000031 0.2610909038
vt 0.110383864 0.2610909097
vt 0.1200848025 0.2581009749
vt 0.110383864 0.2610909097
vt 0.1108657441 0.2609295789
vt 0.1200848025 0.2581009749
vt 0.1240000031 0.2610909037
vt 0.1068133024 0.2623898705
vt 0.110383864 0.2610909101
vt 0.1240000031 0.2610909035
vt 0.1240000026 0.256849748
vt 0.1281587595 0.2559059565
vt 0.124000003 0.2610909035
vt 0.1281587595 0.2559059565
vt 0.1290036302 0.2557435006
vt 0.1449999989 0.2620606038
vt 0.1290036302 0.2557435006
vt 0.1348612149 0.2547883333
vt 0.1449999989 0.2620606038
vt 0.1398264084 0.2541337867
vt 0.1449999998 0.2536272927
vt 0.1449999989 0.2620606038
vt 0.1348612149 0.2547883333
vt 0.1398264084 0.2541337867
vt 0.124000003 0.2610909035
vt 0.1290036302 0.2557435006
vt 0.1449999989 0.2620606038
vt 0.1449999995 0.2536272927
vt 0.1469875405 0.253419147
vt 0.1540477616 0.2529055602
vt 0.1449999987 0.2620606038
vt 0.1449999995 0.2536272927
vt 0.1540477616 0.2529055602
vt 0.180416785 0.2508648896
vt 0.1730103024 0.2515146656
vt 0.180314421 0.2508698162
vt 0.1680000007 0.2640000051
vt 0.1615122203 0.2522336544
vt 0.168000003 0.2521182831
vt 0.1680000009 0.2640000051
vt 0.1680000027 0.252118283
vt 0.1730103024 0.2515146656
vt 0.1680000009 0.2640000051
vt 0.1730103024 0.2515146656
vt 0.180416785 0.2508648896
vt 0.1909999996 0.2649696917
vt 0.1804167849 0.2508648895
vt 0.1861842195 0.2504679151
vt 0.212698636 0.2507962513
vt 0.1988381971 0.2500118442
vt 0.2003225959 0.2500480944
vt 0.1909999996 0.2649696917
vt 0.1903952825 0.2503098592
vt 0.1966697344 0.2500224115
vt 0.1909999996 0.2649696917
vt 0.1966697344 0.2500224115
vt 0.198838197 0.2500118443
vt 0.1909999996 0.2649696917
vt 0.1861842195 0.2504679151
vt 0.1903952826 0.2503098592
vt 0.2139999995 0.2659393959
vt 0.1988381971 0.2500118442
vt 0.212698636 0.2507962513
vt 0.2139999995 0.265939396
vt 0.212698636 0.2507962513
vt 0.2143278018 0.2506833544
vt 0.2139999995 0.265939396
vt 0.2143278018 0.2506833544
vt 0.2173972939 0.250601421
vt 0.1680000007 0.2640000051
vt 0.1540477615 0.2529055601
vt 0.1576326466 0.2525169256
vt 0.1680000007 0.2640000051
vt 0.1576326466 0.2525169256
vt 0.1599920431 0.2523132027
vt 0.1680000007 0.2640000051
vt 0.1599920431 0.2523132027
vt 0.1615122203 0.2522336544
vt 0.1449999988 0.2620606038
vt 0.1540477615 0.2529055601
vt 0.1680000007 0.2640000051
vt 0.168000001 0.2640000051
vt 0.1804167849 0.2508648895
vt 0.1909999996 0.2649696917
vt 0.1909999996 0.2649696917
vt 0.198838197 0.2500118443
vt 0.2139999995 0.265939396
vt 0.1909999995 0.2649696915
vt 0.2139999995 0.265939396
vt 0.1920000007 0.2901818132
vt 0.09868808839 0.2660239209
vt 0.1042444205 0.2633699815
vt 0.1059446389 0.2626475627
vt 0.1015625 0.02272727273
vt 0.1015625 0.02272727273
vt 0.1015625 0.02272727273
vt 0.09686285146 0.2744830488
vt 0.09868808839 0.2660239209
vt 0.1059446389 0.2626475627
vt 0.1015625 0.02272727273
vt 0.1015625 0.02272727273
vt 0.1015625 0.02272727273
vt 0.09686285146 0.2744830488
vt 0.1059446389 0.2626475627
vt 0.1049999979 0.2892121193
vt 0.1240000031 0.2610909037
vt 0.1230000021 0.2882424242
vt 0.1068133024 0.2623898705
vt 0.1049999983 0.2892121192
vt 0.1059446399 0.2626475624
vt 0.106813302 0.2623898707
vt 0.1240000031 0.2610909036
vt 0.144999999 0.2620606039
vt 0.1230000021 0.2882424241
vt 0.1449999989 0.2620606039
vt 0.1449999988 0.2882424283
vt 0.1230000021 0.2882424241
vt 0.1015625 0.02272727273
vt 0.1015625 0.02272727273
vt 0.1015625 0.02272727273
vt 0.09686285126 0.274483049
vt 0.104999998 0.2892121192
vt 0.0934967421 0.2892121261
vt 0.1049999983 0.2892121192
vt 0.106813302 0.2623898707
vt 0.123000002 0.2882424242
vt 0.1449999987 0.2620606039
vt 0.1680000008 0.2640000051
vt 0.1449999986 0.2882424283
vt 0.1680000008 0.2640000051
vt 0.1679999988 0.2892121191
vt 0.1449999986 0.2882424282
vt 0.168000001 0.2640000051
vt 0.1909999996 0.2649696916
vt 0.1679999983 0.2892121191
vt 0.1909999995 0.2649696915
vt 0.1920000007 0.2901818132
vt 0.1679999981 0.2892121189
vt 0.2139999994 0.265939396
vt 0.2150000001 0.2901818187
vt 0.1920000009 0.2901818133
vt 0.1449999986 0.2882424282
vt 0.1679999988 0.2892121194
vt 0.1449999996 0.3124848433
vt 0.1679999981 0.2892121192
vt 0.1920000007 0.2901818133
vt 0.1680000005 0.3134545504
vt 0.1920000007 0.2901818134
vt 0.2150000002 0.2901818187
vt 0.192000001 0.3134545429
vt 0.2769999992 0.2620606091
vt 0.2927387109 0.2605344206
vt 0.2962523017 0.2613447132
vt 0.2927387107 0.2605344206
vt 0.2862976285 0.2591743033
vt 0.2911114677 0.2601466993
vt 0.3179999971 0.2804848447
vt 0.3163573501 0.2672108937
vt 0.3224359345 0.2697310677
vt 0.3179999975 0.2804848447
vt 0.3224359345 0.2697310677
vt 0.3227207567 0.2698336143
vt 0.3179999975 0.2804848447
vt 0.3227207567 0.2698336143
vt 0.3268349842 0.2714466246
vt 0.3179999975 0.2804848447
vt 0.3268349842 0.2714466246
vt 0.3328030957 0.2740452679
vt 0.3329999967 0.2756363606
vt 0.3328030946 0.2740452676
vt 0.3340394079 0.2748238276
vt 0.3329999967 0.2756363606
vt 0.3340394079 0.2748238276
vt 0.3342346405 0.2749522304
vt 0.3329999968 0.2756363605
vt 0.3342346405 0.2749522303
vt 0.3410768769 0.2796767252
vt 0.3329999972 0.2756363607
vt 0.3179999975 0.2804848447
vt 0.3328030957 0.2740452679
vt 0.3000000023 0.2843636365
vt 0.2962523014 0.2613447131
vt 0.2971831947 0.2616016012
vt 0.3000000022 0.2843636364
vt 0.2988906635 0.2620335812
vt 0.3090569803 0.2649736463
vt 0.3000000022 0.2843636364
vt 0.2971831948 0.2616016013
vt 0.2988906635 0.2620335812
vt 0.3000000022 0.2843636364
vt 0.3090569803 0.2649736463
vt 0.310145708 0.2653430002
vt 0.3000000022 0.2843636363
vt 0.3101457082 0.2653430002
vt 0.3104326014 0.2654164067
vt 0.3000000022 0.2843636363
vt 0.3104326014 0.2654164067
vt 0.3129413169 0.2661385583
vt 0.3000000022 0.2843636363
vt 0.3129413169 0.2661385583
vt 0.3163573497 0.2672108937
vt 0.3179999973 0.2804848447
vt 0.3000000022 0.2843636363
vt 0.3163573497 0.2672108937
vt 0.2552983062 0.2540992309
vt 0.2609737308 0.254691392
vt 0.2627513784 0.254937223
vt 0.2769999992 0.262060609
vt 0.2799534833 0.2581183869
vt 0.2862976285 0.2591743033
vt 0.2769999992 0.262060609
vt 0.2793920834 0.2580399747
vt 0.2799534833 0.2581183869
vt 0.2769999992 0.262060609
vt 0.2762193054 0.2575183814
vt 0.2793920834 0.2580399747
vt 0.2769999989 0.2620606091
vt 0.2735711903 0.2568686708
vt 0.2762193049 0.2575183815
vt 0.2769999992 0.262060609
vt 0.2862976285 0.2591743033
vt 0.2927387107 0.2605344206
vt 0.257000001 0.2639999988
vt 0.2627513784 0.254937223
vt 0.2704721869 0.2562191827
vt 0.257000001 0.2639999988
vt 0.2704721869 0.2562191827
vt 0.2735711903 0.2568686708
vt 0.257000001 0.2639999988
vt 0.2552983062 0.2540992309
vt 0.2627513784 0.254937223
vt 0.2570000013 0.2639999988
vt 0.2476019066 0.2527171425
vt 0.253130458 0.2536438512
vt 0.2570000013 0.2639999988
vt 0.253130458 0.2536438512
vt 0.255298306 0.2540992309
vt 0.2769999989 0.2620606091
vt 0.257000001 0.2639999988
vt 0.2735711903 0.2568686708
vt 0.2448407272 0.2523626008
vt 0.2342242 0.2511937912
vt 0.2354628564 0.2512876466
vt 0.2139999995 0.265939396
vt 0.2173972939 0.250601421
vt 0.2259348228 0.250711543
vt 0.2360000002 0.2649696961
vt 0.2259348228 0.250711543
vt 0.2313780262 0.250947966
vt 0.2360000002 0.2649696961
vt 0.2313780262 0.250947966
vt 0.2342242002 0.2511937912
vt 0.2139999995 0.265939396
vt 0.2259348228 0.250711543
vt 0.2360000002 0.2649696961
vt 0.2360000001 0.2649696961
vt 0.2342242 0.2511937912
vt 0.2448407272 0.2523626008
vt 0.2360000001 0.2649696961
vt 0.2448407272 0.2523626008
vt 0.2476019066 0.2527171425
vt 0.2570000013 0.2639999988
vt 0.2360000001 0.2649696961
vt 0.2476019066 0.2527171425
vt 0.2769999992 0.2620606091
vt 0.2962523017 0.2613447132
vt 0.2809999996 0.286303031
vt 0.2769999988 0.2620606091
vt 0.2600000013 0.2872727234
vt 0.2570000011 0.2639999987
vt 0.2139999994 0.265939396
vt 0.2360000002 0.2649696961
vt 0.2150000001 0.2901818187
vt 0.2570000013 0.2639999987
vt 0.2379999992 0.2892121249
vt 0.2360000001 0.2649696961
vt 0.3000000023 0.2843636365
vt 0.2809999996 0.286303031
vt 0.2962523014 0.2613447131
vt 0.3329999972 0.2756363605
vt 0.3220000021 0.3066666619
vt 0.3179999975 0.2804848445
vt 0.3329999968 0.2756363605
vt 0.3410768769 0.2796767252
vt 0.3379999962 0.3018181828
vt 0.3379999962 0.3018181828
vt 0.3410768769 0.2796767252
vt 0.3434034951 0.2814413853
vt 0.3379999962 0.3018181832
vt 0.3434034951 0.2814413847
vt 0.3485943817 0.2845927482
vt 0.1015625 0.02272727273
vt 0.1015625 0.02272727273
vt 0.1015625 0.02272727273
vt 0.3379999962 0.3018181832
vt 0.3485943817 0.2845927482
vt 0.3500158142 0.2855238784
vt 0.3179999975 0.2804848447
vt 0.3029999999 0.3095757557
vt 0.3000000022 0.2843636364
vt 0.3509754602 0.2917523647
vt 0.3379999962 0.3018181832
vt 0.3500158142 0.2855238784
vt 0.1015625 0.02272727273
vt 0.1015625 0.02272727273
vt 0.1015625 0.02272727273
vt 0.3329999976 0.2756363605
vt 0.3379999972 0.3018181829
vt 0.3220000019 0.3066666618
vt 0.3509754601 0.2917523646
vt 0.353740758 0.3084546058
vt 0.3379999962 0.3018181832
vt 0.3179999975 0.2804848445
vt 0.3220000021 0.3066666619
vt 0.3029999998 0.3095757556
vt 0.2769999988 0.2620606091
vt 0.2809999996 0.286303031
vt 0.2600000013 0.2872727234
vt 0.2150000001 0.2901818186
vt 0.2360000002 0.2649696961
vt 0.237999999 0.2892121249
vt 0.2570000013 0.2639999987
vt 0.2600000014 0.2872727234
vt 0.2379999992 0.2892121248
vt 0.2809999996 0.286303031
vt 0.2849999976 0.3105454586
vt 0.2639999988 0.311515152
vt 0.2379999994 0.2892121249
vt 0.2600000011 0.2872727232
vt 0.2410000007 0.3134545468
vt 0.2150000001 0.2901818187
vt 0.2379999991 0.2892121246
vt 0.2160000001 0.3134545437
vt 0.2809999996 0.286303031
vt 0.2639999989 0.3115151521
vt 0.2600000011 0.2872727234
vt 0.2410000007 0.3134545468
vt 0.2600000011 0.2872727233
vt 0.2639999987 0.3115151522
vt 0.3000000023 0.2843636364
vt 0.2849999978 0.3105454586
vt 0.2809999996 0.286303031
vt 0.3000000022 0.2843636365
vt 0.3030000001 0.3095757557
vt 0.2849999978 0.3105454586
vt 0.4760000002 0.7216969685
vt 0.4979999993 0.7246060659
vt 0.4959999991 0.7498181776
vt 0.493037741 0.7110478625
vt 0.4980252165 0.7120973025
vt 0.497999999 0.7246060658
vt 0.4870162664 0.709470589
vt 0.497999999 0.7246060658
vt 0.4760000003 0.7216969685
vt 0.4870162663 0.709470589
vt 0.48941957 0.7101580921
vt 0.497999999 0.7246060658
vt 0.493037741 0.7110478625
vt 0.497999999 0.7246060658
vt 0.48941957 0.7101580921
vt 0.1015625 0.02272727273
vt 0.1015625 0.02272727273
vt 0.1015625 0.02272727273
vt 0.4725855435 0.7062016065
vt 0.4778706021 0.7071856251
vt 0.4760000004 0.7216969685
vt 0.4870162664 0.709470589
vt 0.4760000003 0.7216969685
vt 0.4815331104 0.708180097
vt 0.4815331104 0.708180097
vt 0.4760000003 0.7216969685
vt 0.4778706021 0.7071856251
vt 0.1015625 0.02272727273
vt 0.1015625 0.02272727273
vt 0.1015625 0.02272727273
vt 0.5189999983 0.7507878807
vt 0.497999999 0.7246060659
vt 0.522000001 0.7265454496
vt 0.5220000009 0.7265454498
vt 0.5450000009 0.7284848512
vt 0.5430000003 0.7517575806
vt 0.5660000002 0.7536969692
vt 0.5450000007 0.7284848512
vt 0.5699999999 0.7304242442
vt 0.5220000009 0.7265454497
vt 0.5390030016 0.7216122568
vt 0.5450000009 0.7284848512
vt 0.5450000008 0.7284848512
vt 0.5509273464 0.723801514
vt 0.5560633396 0.7246350256
vt 0.5450000008 0.7284848512
vt 0.5560633396 0.7246350256
vt 0.5618645963 0.7253283783
vt 0.5450000008 0.7284848512
vt 0.5618645963 0.7253283783
vt 0.57 0.7304242443
vt 0.1015625 0.02272727273
vt 0.1015625 0.02272727273
vt 0.1015625 0.02272727273
vt 0.1015625 0.02272727273
vt 0.1015625 0.02272727273
vt 0.1015625 0.02272727273
vt 0.1015625 0.02272727273
vt 0.1015625 0.02272727273
vt 0.1015625 0.02272727273
vt 0.1015625 0.02272727273
vt 0.1015625 0.02272727273
vt 0.1015625 0.02272727273
vt 0.1015625 0.02272727273
vt 0.1015625 0.02272727273
vt 0.1015625 0.02272727273
vt 0.1015625 0.02272727273
vt 0.1015625 0.02272727273
vt 0.1015625 0.02272727273
vt 0.1015625 0.02272727273
vt 0.1015625 0.02272727273
vt 0.1015625 0.02272727273
vt 0.5220000009 0.7265454497
vt 0.5223855508 0.7175726106
vt 0.525514078 0.7185132481
vt 0.5220000009 0.7265454497
vt 0.525514078 0.7185132481
vt 0.5309412495 0.7198628362
vt 0.5220000009 0.7265454497
vt 0.5309412495 0.7198628362
vt 0.5390030016 0.7216122568
vt 0.1015625 0.02272727273
vt 0.1015625 0.02272727273
vt 0.1015625 0.02272727273
vt 0.5220000008 0.7265454497
vt 0.5128686901 0.7155826091
vt 0.5181142241 0.7167633996
vt 0.5220000008 0.7265454497
vt 0.5181142241 0.7167633996
vt 0.5223855507 0.7175726106
vt 0.1015625 0.02272727273
vt 0.1015625 0.02272727273
vt 0.1015625 0.02272727273
vt 0.1015625 0.02272727273
vt 0.1015625 0.02272727273
vt 0.1015625 0.02272727273
vt 0.1015625 0.02272727273
vt 0.1015625 0.02272727273
vt 0.1015625 0.02272727273
vt 0.522000001 0.7265454497
vt 0.4979999989 0.7246060658
vt 0.5128686903 0.7155826091
vt 0.4979999989 0.7246060658
vt 0.5055010303 0.714009968
vt 0.5087367003 0.7147796513
vt 0.4979999989 0.7246060658
vt 0.5087367003 0.7147796513
vt 0.5128686903 0.7155826091
vt 0.1015625 0.02272727273
vt 0.1015625 0.02272727273
vt 0.1015625 0.02272727273
vt 0.1015625 0.02272727273
vt 0.1015625 0.02272727273
vt 0.1015625 0.02272727273
vt 0.1015625 0.02272727273
vt 0.1015625 0.02272727273
vt 0.1015625 0.02272727273
vt 0.1015625 0.02272727273
vt 0.1015625 0.02272727273
vt 0.1015625 0.02272727273
vt 0.1015625 0.02272727273
vt 0.1015625 0.02272727273
vt 0.1015625 0.02272727273
vt 0.4979999989 0.7246060658
vt 0.4995761163 0.7123792237
vt 0.5055010303 0.714009968
vt 0.497999999 0.7246060658
vt 0.4980252165 0.7120973025
vt 0.4995761163 0.7123792237
vt 0.1015625 0.02272727273
vt 0.1015625 0.02272727273
vt 0.1015625 0.02272727273
vt 0.1015625 0.02272727273
vt 0.1015625 0.02272727273
vt 0.1015625 0.02272727273
vt 0.5450000008 0.7284848512
vt 0.5404059753 0.7219374861
vt 0.5443111928 0.7226600313
vt 0.5450000008 0.7284848512
vt 0.5443111928 0.7226600313
vt 0.5454857528 0.7228324481
vt 0.5450000008 0.7284848512
vt 0.5390030015 0.7216122569
vt 0.5404059753 0.7219374861
vt 0.5450000006 0.7284848512
vt 0.5454857525 0.7228324481
vt 0.5509273463 0.7238015139
vt 0.1015625 0.02272727273
vt 0.1015625 0.02272727273
vt 0.1015625 0.02272727273
vt 0.1015625 0.02272727273
vt 0.1015625 0.02272727273
vt 0.1015625 0.02272727273
vt 0.1015625 0.02272727273
vt 0.1015625 0.02272727273
vt 0.1015625 0.02272727273
vt 0.1015625 0.02272727273
vt 0.1015625 0.02272727273
vt 0.1015625 0.02272727273
vt 0.1015625 0.02272727273
vt 0.1015625 0.02272727273
vt 0.1015625 0.02272727273
vt 0.1015625 0.02272727273
vt 0.1015625 0.02272727273
vt 0.1015625 0.02272727273
vt 0.1015625 0.02272727273
vt 0.1015625 0.02272727273
vt 0.1015625 0.02272727273
vt 0.1015625 0.02272727273
vt 0.1015625 0.02272727273
vt 0.1015625 0.02272727273
vt 0.1015625 0.02272727273
vt 0.1015625 0.02272727273
vt 0.1015625 0.02272727273
vt 0.1015625 0.02272727273
vt 0.1015625 0.02272727273
vt 0.1015625 0.02272727273
vt 0.1015625 0.02272727273
vt 0.1015625 0.02272727273
vt 0.1015625 0.02272727273
vt 0.1015625 0.02272727273
vt 0.1015625 0.02272727273
vt 0.1015625 0.02272727273
vt 0.4760000003 0.7216969685
vt 0.4959999991 0.7498181775
vt 0.4740000021 0.7478787883
vt 0.4760000002 0.7216969685
vt 0.474000002 0.7478787883
vt 0.4559999982 0.7449696986
vt 0.4760000003 0.7216969686
vt 0.4559999983 0.7449696986
vt 0.4559999985 0.7178181782
vt 0.4437812742 0.7359393549
vt 0.4559999979 0.7449696986
vt 0.4444967424 0.7436573774
vt 0.1015625 0.02272727273
vt 0.1015625 0.02272727273
vt 0.1015625 0.02272727273
vt 0.4437812742 0.7359393549
vt 0.4559999987 0.7178181782
vt 0.4559999979 0.7449696986
vt 0.1015625 0.02272727273
vt 0.1015625 0.02272727273
vt 0.1015625 0.02272727273
vt 0.4760000003 0.7216969685
vt 0.4559999986 0.7178181782
vt 0.46587195 0.7045099745
vt 0.1015625 0.02272727273
vt 0.1015625 0.02272727273
vt 0.1015625 0.02272727273
vt 0.1015625 0.02272727273
vt 0.1015625 0.02272727273
vt 0.1015625 0.02272727273
vt 0.4437812745 0.735939355
vt 0.4397914018 0.7125790425
vt 0.4559999987 0.7178181781
vt 0.1015625 0.02272727273
vt 0.1015625 0.02272727273
vt 0.1015625 0.02272727273
vt 0.1015625 0.02272727273
vt 0.1015625 0.02272727273
vt 0.1015625 0.02272727273
vt 0.1015625 0.02272727273
vt 0.1015625 0.02272727273
vt 0.1015625 0.02272727273
vt 0.1015625 0.02272727273
vt 0.1015625 0.02272727273
vt 0.1015625 0.02272727273
vt 0.1015625 0.02272727273
vt 0.1015625 0.02272727273
vt 0.1015625 0.02272727273
vt 0.1015625 0.02272727273
vt 0.1015625 0.02272727273
vt 0.1015625 0.02272727273
vt 0.1015625 0.02272727273
vt 0.1015625 0.02272727273
vt 0.1015625 0.02272727273
vt 0.1015625 0.02272727273
vt 0.1015625 0.02272727273
vt 0.1015625 0.02272727273
vt 0.1015625 0.02272727273
vt 0.1015625 0.02272727273
vt 0.1015625 0.02272727273
vt 0.1015625 0.02272727273
vt 0.1015625 0.02272727273
vt 0.1015625 0.02272727273
vt 0.1015625 0.02272727273
vt 0.1015625 0.02272727273
vt 0.1015625 0.02272727273
vt 0.1015625 0.02272727273
vt 0.1015625 0.02272727273
vt 0.1015625 0.02272727273
vt 0.1015625 0.02272727273
vt 0.1015625 0.02272727273
vt 0.1015625 0.02272727273
vt 0.1015625 0.02272727273
vt 0.1015625 0.02272727273
vt 0.1015625 0.02272727273
vt 0.1015625 0.02272727273
vt 0.1015625 0.02272727273
vt 0.1015625 0.02272727273
vt 0.1015625 0.02272727273
vt 0.1015625 0.02272727273
vt 0.1015625 0.02272727273
vt 0.1015625 0.02272727273
vt 0.1015625 0.02272727273
vt 0.1015625 0.02272727273
vt 0.1015625 0.02272727273
vt 0.1015625 0.02272727273
vt 0.1015625 0.02272727273
vt 0.1015625 0.02272727273
vt 0.1015625 0.02272727273
vt 0.1015625 0.02272727273
vt 0.1015625 0.02272727273
vt 0.1015625 0.02272727273
vt 0.1015625 0.02272727273
vt 0.1015625 0.02272727273
vt 0.1015625 0.02272727273
vt 0.1015625 0.02272727273
vt 0.1015625 0.02272727273
vt 0.1015625 0.02272727273
vt 0.1015625 0.02272727273
vt 0.1015625 0.02272727273
vt 0.1015625 0.02272727273
vt 0.1015625 0.02272727273
vt 0.4725855435 0.7062016065
vt 0.4760000004 0.7216969685
vt 0.4699200605 0.7056084347
vt 0.1015625 0.02272727273
vt 0.1015625 0.02272727273
vt 0.1015625 0.02272727273
vt 0.1015625 0.02272727273
vt 0.1015625 0.02272727273
vt 0.1015625 0.02272727273
vt 0.1015625 0.02272727273
vt 0.1015625 0.02272727273
vt 0.1015625 0.02272727273
vt 0.4760000004 0.7216969685
vt 0.4658719501 0.7045099744
vt 0.4673742094 0.7049549113
vt 0.4699200605 0.7056084347
vt 0.4760000004 0.7216969685
vt 0.4673742094 0.7049549113
vt 0.1015625 0.02272727273
vt 0.1015625 0.02272727273
vt 0.1015625 0.02272727273
vt 0.1015625 0.02272727273
vt 0.1015625 0.02272727273
vt 0.1015625 0.02272727273
vt 0.46587195 0.7045099745
vt 0.4559999986 0.7178181782
vt 0.458678944 0.7022315923
vt 0.4559999987 0.7178181781
vt 0.4565906451 0.7017346319
vt 0.4586789439 0.7022315922
vt 0.1015625 0.02272727273
vt 0.1015625 0.02272727273
vt 0.1015625 0.02272727273
vt 0.4559999987 0.7178181781
vt 0.4493042163 0.6995200575
vt 0.4565906451 0.7017346319
vt 0.1015625 0.02272727273
vt 0.1015625 0.02272727273
vt 0.1015625 0.02272727273
vt 0.1015625 0.02272727273
vt 0.1015625 0.02272727273
vt 0.1015625 0.02272727273
vt 0.1015625 0.02272727273
vt 0.1015625 0.02272727273
vt 0.1015625 0.02272727273
vt 0.1015625 0.02272727273
vt 0.1015625 0.02272727273
vt 0.1015625 0.02272727273
vt 0.4559999987 0.7178181781
vt 0.4397914018 0.7125790425
vt 0.4391571573 0.7079925274
vt 0.4559999987 0.7178181781
vt 0.4391571573 0.7079925274
vt 0.4493042166 0.6995200574
vt 0.1015625 0.02272727273
vt 0.1015625 0.02272727273
vt 0.1015625 0.02272727273
vt 0.1015625 0.02272727273
vt 0.1015625 0.02272727273
vt 0.1015625 0.02272727273
vt 0.4391571573 0.7079925274
vt 0.443326 0.6965871389
vt 0.4451413716 0.6975379053
vt 0.4391571573 0.7079925274
vt 0.4425772535 0.6961480284
vt 0.443326 0.6965871389
vt 0.4391571577 0.7079925275
vt 0.4364134289 0.6950765584
vt 0.4425772542 0.6961480286
vt 0.4391571573 0.7079925274
vt 0.4451413716 0.6975379053
vt 0.4493042166 0.6995200574
vt 0.1015625 0.02272727273
vt 0.1015625 0.02272727273
vt 0.1015625 0.02272727273
vt 0.1015625 0.02272727273
vt 0.1015625 0.02272727273
vt 0.1015625 0.02272727273
vt 0.1015625 0.02272727273
vt 0.1015625 0.02272727273
vt 0.1015625 0.02272727273
vt 0.1015625 0.02272727273
vt 0.1015625 0.02272727273
vt 0.1015625 0.02272727273
vt 0.1015625 0.02272727273
vt 0.1015625 0.02272727273
vt 0.1015625 0.02272727273
vt 0.1015625 0.02272727273
vt 0.1015625 0.02272727273
vt 0.1015625 0.02272727273
vt 0.1015625 0.02272727273
vt 0.1015625 0.02272727273
vt 0.1015625 0.02272727273
vt 0.1015625 0.02272727273
vt 0.1015625 0.02272727273
vt 0.1015625 0.02272727273
vt 0.4425772542 0.6961480286
vt 0.4364134289 0.6950765584
vt 0.4378166752 0.6938804677
vt 0.4283717971 0.6948189604
vt 0.4144867739 0.695043131
vt 0.4220000006 0.6877575731
vt 0.1015625 0.02272727273
vt 0.1015625 0.02272727273
vt 0.1015625 0.02272727273
vt 0.4293010818 0.6947366139
vt 0.4283717972 0.6948189603
vt 0.4220000005 0.6877575728
vt 0.4378166752 0.6938804677
vt 0.4364134289 0.6950765584
vt 0.4362304668 0.6931249231
vt 0.4293010819 0.6947366143
vt 0.4361486778 0.6930707003
vt 0.4362365767 0.6940708748
vt 0.4364134295 0.6950765582
vt 0.4362365767 0.6940708748
vt 0.4362304686 0.6931249225
vt 0.4362365767 0.6940708748
vt 0.4361486778 0.6930707003
vt 0.4362304686 0.6931249225
vt 0.1015625 0.02272727273
vt 0.1015625 0.02272727273
vt 0.1015625 0.02272727273
vt 0.4293010819 0.6947366143
vt 0.4329465514 0.6909477371
vt 0.4361486778 0.6930707003
vt 0.1015625 0.02272727273
vt 0.1015625 0.02272727273
vt 0.1015625 0.02272727273
vt 0.1015625 0.02272727273
vt 0.1015625 0.02272727273
vt 0.1015625 0.02272727273
vt 0.1015625 0.02272727273
vt 0.1015625 0.02272727273
vt 0.1015625 0.02272727273
vt 0.1015625 0.02272727273
vt 0.1015625 0.02272727273
vt 0.1015625 0.02272727273
vt 0.4293010819 0.6947366143
vt 0.4312330167 0.6897409012
vt 0.4329465514 0.6909477371
vt 0.4293010818 0.6947366139
vt 0.4293257741 0.6886801597
vt 0.4312330166 0.6897409009
vt 0.1015625 0.02272727273
vt 0.1015625 0.02272727273
vt 0.1015625 0.02272727273
vt 0.1015625 0.02272727273
vt 0.1015625 0.02272727273
vt 0.1015625 0.02272727273
vt 0.4293010818 0.6947366139
vt 0.4220000005 0.6877575728
vt 0.4293257741 0.6886801597
vt 0.4293257741 0.6886801597
vt 0.4220000005 0.6877575728
vt 0.4249497572 0.6859973454
vt 0.1015625 0.02272727273
vt 0.1015625 0.02272727273
vt 0.1015625 0.02272727273
vt 0.4249497575 0.6859973458
vt 0.4220000006 0.6877575729
vt 0.4235541575 0.6851740344
vt 0.1015625 0.02272727273
vt 0.1015625 0.02272727273
vt 0.1015625 0.02272727273
vt 0.5889999997 0.756606057
vt 0.5699999997 0.7304242443
vt 0.5940000008 0.7333333321
vt 0.5699999998 0.7304242443
vt 0.580039978 0.7266862616
vt 0.5940000007 0.7333333321
vt 0.5618645963 0.7253283783
vt 0.5703805805 0.7259956725
vt 0.57 0.7304242443
vt 0.5703805805 0.7259956725
vt 0.5726211563 0.7262343835
vt 0.5699999998 0.7304242443
vt 0.5726211563 0.7262343835
vt 0.580039978 0.7266862616
vt 0.5699999998 0.7304242443
vt 0.1015625 0.02272727273
vt 0.1015625 0.02272727273
vt 0.1015625 0.02272727273
vt 0.1015625 0.02272727273
vt 0.1015625 0.02272727273
vt 0.1015625 0.02272727273
vt 0.1015625 0.02272727273
vt 0.1015625 0.02272727273
vt 0.1015625 0.02272727273
vt 0.580039978 0.7266862616
vt 0.5885413151 0.7268745739
vt 0.5940000007 0.7333333321
vt 0.5885722469 0.7268738567
vt 0.5940000007 0.7333333321
vt 0.5885413151 0.7268745739
vt 0.5885722469 0.7268738567
vt 0.5948503356 0.72673679
vt 0.5940000007 0.7333333321
vt 0.1015625 0.02272727273
vt 0.1015625 0.02272727273
vt 0.1015625 0.02272727273
vt 0.1015625 0.02272727273
vt 0.1015625 0.02272727273
vt 0.1015625 0.02272727273
vt 0.1015625 0.02272727273
vt 0.1015625 0.02272727273
vt 0.1015625 0.02272727273
vt 0.5940000007 0.7333333321
vt 0.5948503357 0.72673679
vt 0.5981685497 0.7267919933
vt 0.5940000007 0.7333333321
vt 0.5981685497 0.7267919933
vt 0.604039774 0.7266572573
vt 0.1015625 0.02272727273
vt 0.1015625 0.02272727273
vt 0.1015625 0.02272727273
vt 0.1015625 0.02272727273
vt 0.1015625 0.02272727273
vt 0.1015625 0.02272727273
vt 0.5940000007 0.7333333321
vt 0.604039774 0.7266572573
vt 0.6159999988 0.7372121205
vt 0.6159999988 0.7372121205
vt 0.604039774 0.7266572573
vt 0.6084194132 0.7263792556
vt 0.6159999988 0.7372121205
vt 0.6084194132 0.7263792557
vt 0.6141204286 0.7260385234
vt 0.6159999988 0.7372121205
vt 0.6141204286 0.7260385234
vt 0.6171769116 0.7257197608
vt 0.6159999988 0.7372121205
vt 0.6171769116 0.7257197608
vt 0.6185074657 0.7255410054
vt 0.6159999989 0.7372121206
vt 0.6273444335 0.7243211966
vt 0.6369999979 0.7401212079
vt 0.6159999989 0.7372121206
vt 0.6185074658 0.7255410054
vt 0.6273444335 0.7243211966
vt 0.6273444335 0.7243211966
vt 0.6301669968 0.7238695131
vt 0.6369999979 0.7401212079
vt 0.6301669968 0.7238695131
vt 0.6303049124 0.7238459727
vt 0.6369999979 0.7401212079
vt 0.6303049124 0.7238459727
vt 0.6303379575 0.7238393141
vt 0.6369999979 0.7401212079
vt 0.1015625 0.02272727273
vt 0.1015625 0.02272727273
vt 0.1015625 0.02272727273
vt 0.1015625 0.02272727273
vt 0.1015625 0.02272727273
vt 0.1015625 0.02272727273
vt 0.1015625 0.02272727273
vt 0.1015625 0.02272727273
vt 0.1015625 0.02272727273
vt 0.1015625 0.02272727273
vt 0.1015625 0.02272727273
vt 0.1015625 0.02272727273
vt 0.1015625 0.02272727273
vt 0.1015625 0.02272727273
vt 0.1015625 0.02272727273
vt 0.1015625 0.02272727273
vt 0.1015625 0.02272727273
vt 0.1015625 0.02272727273
vt 0.1015625 0.02272727273
vt 0.1015625 0.02272727273
vt 0.1015625 0.02272727273
vt 0.1015625 0.02272727273
vt 0.1015625 0.02272727273
vt 0.1015625 0.02272727273
vt 0.1015625 0.02272727273
vt 0.1015625 0.02272727273
vt 0.1015625 0.02272727273
vt 0.1015625 0.02272727273
vt 0.1015625 0.02272727273
vt 0.1015625 0.02272727273
vt 0.1015625 0.02272727273
vt 0.1015625 0.02272727273
vt 0.1015625 0.02272727273
vt 0.1015625 0.02272727273
vt 0.1015625 0.02272727273
vt 0.1015625 0.02272727273
vt 0.1015625 0.02272727273
vt 0.1015625 0.02272727273
vt 0.1015625 0.02272727273
vt 0.1015625 0.02272727273
vt 0.1015625 0.02272727273
vt 0.1015625 0.02272727273
vt 0.1015625 0.02272727273
vt 0.1015625 0.02272727273
vt 0.1015625 0.02272727273
vt 0.1015625 0.02272727273
vt 0.1015625 0.02272727273
vt 0.1015625 0.02272727273
vt 0.1015625 0.02272727273
vt 0.1015625 0.02272727273
vt 0.1015625 0.02272727273
vt 0.1015625 0.02272727273
vt 0.1015625 0.02272727273
vt 0.1015625 0.02272727273
vt 0.1015625 0.02272727273
vt 0.1015625 0.02272727273
vt 0.1015625 0.02272727273
vt 0.1015625 0.02272727273
vt 0.1015625 0.02272727273
vt 0.1015625 0.02272727273
vt 0.6369999982 0.7401212079
vt 0.6417235128 0.7210362911
vt 0.6559999999 0.743030305
vt 0.6303379575 0.7238393141
vt 0.6417235124 0.7210362911
vt 0.6369999979 0.7401212079
vt 0.6559999999 0.743030305
vt 0.6417235128 0.7210362911
vt 0.6436756243 0.7207858472
vt 0.6559999999 0.743030305
vt 0.6436756243 0.7207858472
vt 0.6452287077 0.7205336186
vt 0.6559999999 0.743030305
vt 0.6452287078 0.7205336186
vt 0.6473663684 0.720189465
vt 0.6559999999 0.743030305
vt 0.6473663684 0.720189465
vt 0.6560213904 0.7184475163
vt 0.1015625 0.02272727273
vt 0.1015625 0.02272727273
vt 0.1015625 0.02272727273
vt 0.1015625 0.02272727273
vt 0.1015625 0.02272727273
vt 0.1015625 0.02272727273
vt 0.6559999999 0.743030305
vt 0.6560213904 0.7184475163
vt 0.6594140967 0.7176473072
vt 0.6559999999 0.743030305
vt 0.6594140967 0.7176473072
vt 0.6610000008 0.7178181802
vt 0.6559999995 0.7430303049
vt 0.661000001 0.7178181802
vt 0.6800000011 0.7216969723
vt 0.1015625 0.02272727273
vt 0.1015625 0.02272727273
vt 0.1015625 0.02272727273
vt 0.1015625 0.02272727273
vt 0.1015625 0.02272727273
vt 0.1015625 0.02272727273
vt 0.1015625 0.02272727273
vt 0.1015625 0.02272727273
vt 0.1015625 0.02272727273
vt 0.1015625 0.02272727273
vt 0.1015625 0.02272727273
vt 0.1015625 0.02272727273
vt 0.1015625 0.02272727273
vt 0.1015625 0.02272727273
vt 0.1015625 0.02272727273
vt 0.1015625 0.02272727273
vt 0.1015625 0.02272727273
vt 0.1015625 0.02272727273
vt 0.6594140966 0.7176473072
vt 0.6607189848 0.7173640177
vt 0.6610000008 0.7178181802
vt 0.6607189848 0.7173640177
vt 0.6610977824 0.7172729812
vt 0.6610000008 0.7178181802
vt 0.661000001 0.7178181803
vt 0.6610977819 0.7172729812
vt 0.6668380942 0.716744592
vt 0.1015625 0.02272727273
vt 0.1015625 0.02272727273
vt 0.1015625 0.02272727273
vt 0.1015625 0.02272727273
vt 0.1015625 0.02272727273
vt 0.1015625 0.02272727273
vt 0.661000001 0.7178181803
vt 0.6668380942 0.716744592
vt 0.6800000011 0.7216969723
vt 0.1015625 0.02272727273
vt 0.1015625 0.02272727273
vt 0.1015625 0.02272727273
vt 0.1015625 0.02272727273
vt 0.1015625 0.02272727273
vt 0.1015625 0.02272727273
vt 0.1015625 0.02272727273
vt 0.1015625 0.02272727273
vt 0.1015625 0.02272727273
vt 0.1015625 0.02272727273
vt 0.1015625 0.02272727273
vt 0.1015625 0.02272727273
vt 0.1015625 0.02272727273
vt 0.1015625 0.02272727273
vt 0.1015625 0.02272727273
vt 0.1015625 0.02272727273
vt 0.1015625 0.02272727273
vt 0.1015625 0.02272727273
vt 0.1015625 0.02272727273
vt 0.1015625 0.02272727273
vt 0.1015625 0.02272727273
vt 0.1015625 0.02272727273
vt 0.1015625 0.02272727273
vt 0.1015625 0.02272727273
vt 0.1015625 0.02272727273
vt 0.1015625 0.02272727273
vt 0.1015625 0.02272727273
vt 0.1015625 0.02272727273
vt 0.1015625 0.02272727273
vt 0.1015625 0.02272727273
vt 0.1015625 0.02272727273
vt 0.1015625 0.02272727273
vt 0.1015625 0.02272727273
vt 0.1015625 0.02272727273
vt 0.1015625 0.02272727273
vt 0.1015625 0.02272727273
vt 0.1015625 0.02272727273
vt 0.1015625 0.02272727273
vt 0.1015625 0.02272727273
vt 0.1015625 0.02272727273
vt 0.1015625 0.02272727273
vt 0.1015625 0.02272727273
vt 0.1015625 0.02272727273
vt 0.1015625 0.02272727273
vt 0.1015625 0.02272727273
vt 0.1015625 0.02272727273
vt 0.1015625 0.02272727273
vt 0.1015625 0.02272727273
vt 0.1015625 0.02272727273
vt 0.1015625 0.02272727273
vt 0.1015625 0.02272727273
vt 0.1015625 0.02272727273
vt 0.1015625 0.02272727273
vt 0.1015625 0.02272727273
vt 0.1015625 0.02272727273
vt 0.1015625 0.02272727273
vt 0.1015625 0.02272727273
vt 0.1015625 0.02272727273
vt 0.1015625 0.02272727273
vt 0.1015625 0.02272727273
vt 0.6559999996 0.743030305
vt 0.6800000012 0.7216969724
vt 0.6740000015 0.7478787928
vt 0.6740000015 0.7478787928
vt 0.7000000017 0.7265454514
vt 0.6899999972 0.7546666654
vt 0.6899999964 0.7546666652
vt 0.7000000019 0.7265454514
vt 0.7057407583 0.7486938846
vt 0.1015625 0.02272727273
vt 0.1015625 0.02272727273
vt 0.1015625 0.02272727273
vt 0.7057407583 0.7486938846
vt 0.7000000019 0.7265454514
vt 0.7081542572 0.7387103166
vt 0.1015625 0.02272727273
vt 0.1015625 0.02272727273
vt 0.1015625 0.02272727273
vt 0.1015625 0.02272727273
vt 0.1015625 0.02272727273
vt 0.1015625 0.02272727273
vt 0.6668380942 0.716744592
vt 0.6676236479 0.7166460975
vt 0.6800000011 0.7216969723
vt 0.6676236479 0.7166460975
vt 0.6684382674 0.7165172196
vt 0.6800000011 0.7216969723
vt 0.1015625 0.02272727273
vt 0.1015625 0.02272727273
vt 0.1015625 0.02272727273
vt 0.1015625 0.02272727273
vt 0.1015625 0.02272727273
vt 0.1015625 0.02272727273
vt 0.6740000014 0.7478787928
vt 0.6800000011 0.7216969724
vt 0.7000000017 0.7265454514
vt 0.6809363982 0.7141301388
vt 0.7000000018 0.7265454514
vt 0.680000001 0.7216969724
vt 0.1015625 0.02272727273
vt 0.1015625 0.02272727273
vt 0.1015625 0.02272727273
vt 0.1015625 0.02272727273
vt 0.1015625 0.02272727273
vt 0.1015625 0.02272727273
vt 0.1015625 0.02272727273
vt 0.1015625 0.02272727273
vt 0.1015625 0.02272727273
vt 0.1015625 0.02272727273
vt 0.1015625 0.02272727273
vt 0.1015625 0.02272727273
vt 0.1015625 0.02272727273
vt 0.1015625 0.02272727273
vt 0.1015625 0.02272727273
vt 0.7081542572 0.7387103166
vt 0.7000000021 0.7265454513
vt 0.7139332127 0.7178865137
vt 0.1015625 0.02272727273
vt 0.1015625 0.02272727273
vt 0.1015625 0.02272727273
vt 0.1015625 0.02272727273
vt 0.1015625 0.02272727273
vt 0.1015625 0.02272727273
vt 0.1015625 0.02272727273
vt 0.1015625 0.02272727273
vt 0.1015625 0.02272727273
vt 0.1015625 0.02272727273
vt 0.1015625 0.02272727273
vt 0.1015625 0.02272727273
vt 0.6684382674 0.7165172196
vt 0.6761873823 0.7150422228
vt 0.6800000011 0.7216969723
vt 0.1015625 0.02272727273
vt 0.1015625 0.02272727273
vt 0.1015625 0.02272727273
vt 0.6761873821 0.715042223
vt 0.6792178271 0.7144937406
vt 0.6800000009 0.7216969724
vt 0.6792178271 0.7144937406
vt 0.680936398 0.7141301388
vt 0.6800000009 0.7216969724
vt 0.1015625 0.02272727273
vt 0.1015625 0.02272727273
vt 0.1015625 0.02272727273
vt 0.1015625 0.02272727273
vt 0.1015625 0.02272727273
vt 0.1015625 0.02272727273
vt 0.6809363982 0.7141301388
vt 0.6888786605 0.7121007578
vt 0.7000000018 0.7265454514
vt 0.1015625 0.02272727273
vt 0.1015625 0.02272727273
vt 0.1015625 0.02272727273
vt 0.1015625 0.02272727273
vt 0.1015625 0.02272727273
vt 0.1015625 0.02272727273
vt 0.1015625 0.02272727273
vt 0.1015625 0.02272727273
vt 0.1015625 0.02272727273
vt 0.1015625 0.02272727273
vt 0.1015625 0.02272727273
vt 0.1015625 0.02272727273
vt 0.1015625 0.02272727273
vt 0.1015625 0.02272727273
vt 0.1015625 0.02272727273
vt 0.6888786605 0.7121007578
vt 0.6909320676 0.7114972033
vt 0.7000000018 0.7265454514
vt 0.6909320676 0.7114972033
vt 0.6911595355 0.7114173791
vt 0.7000000018 0.7265454514
vt 0.6911595355 0.711417379
vt 0.6975319513 0.7087286311
vt 0.7000000018 0.7265454512
vt 0.1015625 0.02272727273
vt 0.1015625 0.02272727273
vt 0.1015625 0.02272727273
vt 0.700000002 0.7265454512
vt 0.699999997 0.7076732691
vt 0.7140000002 0.7158787873
vt 0.7000000018 0.7265454512
vt 0.6975319513 0.7087286311
vt 0.6999999974 0.7076732691
vt 0.1015625 0.02272727273
vt 0.1015625 0.02272727273
vt 0.1015625 0.02272727273
vt 0.7000000021 0.7265454513
vt 0.7140000002 0.7158787872
vt 0.7139332127 0.7178865137
vt 0.1015625 0.02272727273
vt 0.1015625 0.02272727273
vt 0.1015625 0.02272727273
vt 0.7139332127 0.7178865139
vt 0.7140000002 0.7158787872
vt 0.7140623008 0.7174358183
vt 0.7140623008 0.7174358183
vt 0.7140000002 0.7158787872
vt 0.7142908256 0.7163253211
vt 0.7142908264 0.7163253206
vt 0.7140000002 0.7158787872
vt 0.7143521201 0.7160650339
vt 0.7140000002 0.7158787873
vt 0.7144349599 0.7157637555
vt 0.7143521201 0.7160650338
vt 0.1015625 0.02272727273
vt 0.1015625 0.02272727273
vt 0.1015625 0.02272727273
vt 0.1015625 0.02272727273
vt 0.1015625 0.02272727273
vt 0.1015625 0.02272727273
vt 0.1015625 0.02272727273
vt 0.1015625 0.02272727273
vt 0.1015625 0.02272727273
vt 0.1015625 0.02272727273
vt 0.1015625 0.02272727273
vt 0.1015625 0.02272727273
vt 0.1015625 0.02272727273
vt 0.1015625 0.02272727273
vt 0.1015625 0.02272727273
vt 0.7140000002 0.7158787873
vt 0.699999997 0.7076732691
vt 0.7026993486 0.7061683757
vt 0.1015625 0.02272727273
vt 0.1015625 0.02272727273
vt 0.1015625 0.02272727273
vt 0.7140000002 0.7158787873
vt 0.7026993486 0.7061683757
vt 0.7047657885 0.7050056069
vt 0.7140000002 0.7158787873
vt 0.704765789 0.7050056064
vt 0.705804104 0.704661292
vt 0.7140000002 0.7158787873
vt 0.705804104 0.704661292
vt 0.7058377169 0.7046488739
vt 0.7140000002 0.7158787873
vt 0.7182680191 0.7027729547
vt 0.7144349599 0.7157637552
vt 0.1015625 0.02272727273
vt 0.1015625 0.02272727273
vt 0.1015625 0.02272727273
vt 0.7140000002 0.7158787873
vt 0.7058377169 0.7046488739
vt 0.7123920974 0.7018461786
vt 0.1015625 0.02272727273
vt 0.1015625 0.02272727273
vt 0.1015625 0.02272727273
vt 0.1015625 0.02272727273
vt 0.1015625 0.02272727273
vt 0.1015625 0.02272727273
vt 0.1015625 0.02272727273
vt 0.1015625 0.02272727273
vt 0.1015625 0.02272727273
vt 0.1015625 0.02272727273
vt 0.1015625 0.02272727273
vt 0.1015625 0.02272727273
vt 0.1015625 0.02272727273
vt 0.1015625 0.02272727273
vt 0.1015625 0.02272727273
vt 0.7140000002 0.7158787873
vt 0.7123920974 0.7018461785
vt 0.7182680192 0.7027729547
vt 0.1015625 0.02272727273
vt 0.1015625 0.02272727273
vt 0.1015625 0.02272727273
vt 0.1015625 0.02272727273
vt 0.1015625 0.02272727273
vt 0.1015625 0.02272727273
vt 0.7123920974 0.7018461785
vt 0.7152166418 0.7006559301
vt 0.7182680192 0.7027729547
vt 0.7152166418 0.7006559301
vt 0.7183214067 0.6993475972
vt 0.7182680192 0.7027729547
vt 0.7182680192 0.7027729547
vt 0.7183214067 0.6993475972
vt 0.7191516359 0.6989755471
vt 0.7182680192 0.7027729547
vt 0.7191516359 0.6989755471
vt 0.7193975968 0.6988515626
vt 0.1015625 0.02272727273
vt 0.1015625 0.02272727273
vt 0.1015625 0.02272727273
vt 0.1015625 0.02272727273
vt 0.1015625 0.02272727273
vt 0.1015625 0.02272727273
vt 0.1015625 0.02272727273
vt 0.1015625 0.02272727273
vt 0.1015625 0.02272727273
vt 0.1015625 0.02272727273
vt 0.1015625 0.02272727273
vt 0.1015625 0.02272727273
vt 0.1015625 0.02272727273
vt 0.1015625 0.02272727273
vt 0.1015625 0.02272727273
vt 0.09349674206 0.2892121262
vt 0.104999998 0.2892121194
vt 0.09221877117 0.2968485267
vt 0.09221877117 0.2968485267
vt 0.104999998 0.2892121194
vt 0.1029999984 0.3163636398
vt 0.1049999983 0.2892121195
vt 0.123000002 0.2882424241
vt 0.1230000001 0.3134545467
vt 0.1230000021 0.2882424241
vt 0.1449999988 0.2882424283
vt 0.1230000002 0.3134545467
vt 0.1049999984 0.2892121195
vt 0.1230000002 0.3134545466
vt 0.1029999982 0.3163636399
vt 0.09221877136 0.2968485266
vt 0.1029999983 0.3163636399
vt 0.08589092445 0.3198563947
vt 0.1015625 0.02272727273
vt 0.1015625 0.02272727273
vt 0.1015625 0.02272727273
vt 0.1015625 0.02272727273
vt 0.1015625 0.02272727273
vt 0.1015625 0.02272727273
vt 0.1015625 0.02272727273
vt 0.1015625 0.02272727273
vt 0.1015625 0.02272727273
vt 0.1015625 0.02272727273
vt 0.1015625 0.02272727273
vt 0.1015625 0.02272727273
vt 0.1015625 0.02272727273
vt 0.1015625 0.02272727273
vt 0.1015625 0.02272727273
vt 0.1029999982 0.3163636399
vt 0.1230000002 0.3134545467
vt 0.1109729405 0.3300277195
vt 0.1015625 0.02272727273
vt 0.1015625 0.02272727273
vt 0.1015625 0.02272727273
vt 0.1015625 0.02272727273
vt 0.1015625 0.02272727273
vt 0.1015625 0.02272727273
vt 0.1015625 0.02272727273
vt 0.1015625 0.02272727273
vt 0.1015625 0.02272727273
vt 0.1015625 0.02272727273
vt 0.1015625 0.02272727273
vt 0.1015625 0.02272727273
vt 0.1015625 0.02272727273
vt 0.1015625 0.02272727273
vt 0.1015625 0.02272727273
vt 0.1015625 0.02272727273
vt 0.1015625 0.02272727273
vt 0.1015625 0.02272727273
vt 0.1015625 0.02272727273
vt 0.1015625 0.02272727273
vt 0.1015625 0.02272727273
vt 0.1015625 0.02272727273
vt 0.1015625 0.02272727273
vt 0.1015625 0.02272727273
vt 0.1015625 0.02272727273
vt 0.1015625 0.02272727273
vt 0.1015625 0.02272727273
vt 0.1015625 0.02272727273
vt 0.1015625 0.02272727273
vt 0.1015625 0.02272727273
vt 0.1015625 0.02272727273
vt 0.1015625 0.02272727273
vt 0.1015625 0.02272727273
vt 0.1015625 0.02272727273
vt 0.1015625 0.02272727273
vt 0.1015625 0.02272727273
vt 0.1015625 0.02272727273
vt 0.1015625 0.02272727273
vt 0.1015625 0.02272727273
vt 0.1015625 0.02272727273
vt 0.1015625 0.02272727273
vt 0.1015625 0.02272727273
vt 0.1015625 0.02272727273
vt 0.1015625 0.02272727273
vt 0.1015625 0.02272727273
vt 0.1015625 0.02272727273
vt 0.1015625 0.02272727273
vt 0.1015625 0.02272727273
vt 0.1015625 0.02272727273
vt 0.1015625 0.02272727273
vt 0.1015625 0.02272727273
vt 0.1015625 0.02272727273
vt 0.1015625 0.02272727273
vt 0.1015625 0.02272727273
vt 0.1015625 0.02272727273
vt 0.1015625 0.02272727273
vt 0.1015625 0.02272727273
vt 0.1230000001 0.3134545466
vt 0.1449999988 0.2882424282
vt 0.1449999997 0.3124848433
vt 0.1230000001 0.3134545467
vt 0.1449999997 0.3124848432
vt 0.1322819937 0.3264991735
vt 0.1177268611 0.3286807852
vt 0.1230000002 0.3134545467
vt 0.1229999991 0.32796589
vt 0.1230000001 0.3134545467
vt 0.1322819937 0.3264991735
vt 0.1267271697 0.3272999841
vt 0.1230000001 0.3134545467
vt 0.1267271697 0.3272999841
vt 0.1229999991 0.32796589
vt 0.1015625 0.02272727273
vt 0.1015625 0.02272727273
vt 0.1015625 0.02272727273
vt 0.1322819936 0.3264991736
vt 0.1449999997 0.3124848433
vt 0.1347321566 0.3260276628
vt 0.1347321566 0.3260276628
vt 0.1449999997 0.3124848433
vt 0.1384024626 0.3254614455
vt 0.1015625 0.02272727273
vt 0.1015625 0.02272727273
vt 0.1015625 0.02272727273
vt 0.1384024626 0.3254614455
vt 0.1449999997 0.3124848433
vt 0.1434393612 0.3248560297
vt 0.1015625 0.02272727273
vt 0.1015625 0.02272727273
vt 0.1015625 0.02272727273
vt 0.1015625 0.02272727273
vt 0.1015625 0.02272727273
vt 0.1015625 0.02272727273
vt 0.1015625 0.02272727273
vt 0.1015625 0.02272727273
vt 0.1015625 0.02272727273
vt 0.1015625 0.02272727273
vt 0.1015625 0.02272727273
vt 0.1015625 0.02272727273
vt 0.1679999986 0.2892121192
vt 0.1680000004 0.3134545504
vt 0.1449999997 0.3124848432
vt 0.1680000005 0.3134545503
vt 0.1920000007 0.2901818134
vt 0.1920000012 0.3134545429
vt 0.2150000001 0.2901818187
vt 0.2160000001 0.3134545436
vt 0.192000001 0.3134545429
vt 0.1015625 0.02272727273
vt 0.1015625 0.02272727273
vt 0.1015625 0.02272727273
vt 0.1680000007 0.3134545502
vt 0.1920000011 0.3134545429
vt 0.18545782 0.3195341456
vt 0.1015625 0.02272727273
vt 0.1015625 0.02272727273
vt 0.1015625 0.02272727273
vt 0.1015625 0.02272727273
vt 0.1015625 0.02272727273
vt 0.1015625 0.02272727273
vt 0.1920000009 0.3134545428
vt 0.2024359227 0.318131436
vt 0.1974882837 0.3185636378
vt 0.1920000009 0.3134545428
vt 0.208014684 0.3178897316
vt 0.2024359227 0.318131436
vt 0.1920000009 0.3134545428
vt 0.216 0.3134545436
vt 0.208014684 0.3178897316
vt 0.1015625 0.02272727273
vt 0.1015625 0.02272727273
vt 0.1015625 0.02272727273
vt 0.1015625 0.02272727273
vt 0.1015625 0.02272727273
vt 0.1015625 0.02272727273
vt 0.1015625 0.02272727273
vt 0.1015625 0.02272727273
vt 0.1015625 0.02272727273
vt 0.1015625 0.02272727273
vt 0.1015625 0.02272727273
vt 0.1015625 0.02272727273
vt 0.1015625 0.02272727273
vt 0.1015625 0.02272727273
vt 0.1015625 0.02272727273
vt 0.1449999996 0.3124848433
vt 0.1680000004 0.3134545503
vt 0.1579990414 0.3231524475
vt 0.1449999996 0.3124848433
vt 0.1539818696 0.3234473046
vt 0.150818884 0.3238169265
vt 0.1449999996 0.3124848433
vt 0.1579990414 0.3231524475
vt 0.1539818696 0.3234473046
vt 0.1015625 0.02272727273
vt 0.1015625 0.02272727273
vt 0.1015625 0.02272727273
vt 0.1680000007 0.3134545502
vt 0.1712947867 0.3214072284
vt 0.1679999989 0.3220535208
vt 0.1680000007 0.3134545502
vt 0.1769977706 0.3205555184
vt 0.1712947867 0.3214072284
vt 0.1680000007 0.3134545502
vt 0.18545782 0.3195341456
vt 0.1769977706 0.3205555184
vt 0.1680000006 0.3134545502
vt 0.1635151577 0.3224666033
vt 0.1579990414 0.3231524474
vt 0.1680000006 0.3134545502
vt 0.1679999988 0.3220535208
vt 0.1635151577 0.3224666033
vt 0.1015625 0.02272727273
vt 0.1015625 0.02272727273
vt 0.1015625 0.02272727273
vt 0.1015625 0.02272727273
vt 0.1015625 0.02272727273
vt 0.1015625 0.02272727273
vt 0.1015625 0.02272727273
vt 0.1015625 0.02272727273
vt 0.1015625 0.02272727273
vt 0.1015625 0.02272727273
vt 0.1015625 0.02272727273
vt 0.1015625 0.02272727273
vt 0.1449999996 0.3124848433
vt 0.150818884 0.3238169265
vt 0.1450000006 0.3247116855
vt 0.1449999997 0.3124848433
vt 0.1450000006 0.3247116855
vt 0.1434393612 0.3248560297
vt 0.1015625 0.02272727273
vt 0.1015625 0.02272727273
vt 0.1015625 0.02272727273
vt 0.1015625 0.02272727273
vt 0.1015625 0.02272727273
vt 0.1015625 0.02272727273
vt 0.1015625 0.02272727273
vt 0.1015625 0.02272727273
vt 0.1015625 0.02272727273
vt 0.1015625 0.02272727273
vt 0.1015625 0.02272727273
vt 0.1015625 0.02272727273
vt 0.1015625 0.02272727273
vt 0.1015625 0.02272727273
vt 0.1015625 0.02272727273
vt 0.1015625 0.02272727273
vt 0.1015625 0.02272727273
vt 0.1015625 0.02272727273
vt 0.1015625 0.02272727273
vt 0.1015625 0.02272727273
vt 0.1015625 0.02272727273
vt 0.1015625 0.02272727273
vt 0.1015625 0.02272727273
vt 0.1015625 0.02272727273
vt 0.1015625 0.02272727273
vt 0.1015625 0.02272727273
vt 0.1015625 0.02272727273
vt 0.1015625 0.02272727273
vt 0.1015625 0.02272727273
vt 0.1015625 0.02272727273
vt 0.1015625 0.02272727273
vt 0.1015625 0.02272727273
vt 0.1015625 0.02272727273
vt 0.1920000011 0.3134545428
vt 0.190621857 0.3191361899
vt 0.1868287047 0.3193811654
vt 0.1920000011 0.3134545428
vt 0.191757123 0.3191069458
vt 0.190621857 0.3191361899
vt 0.1920000011 0.3134545428
vt 0.1868287047 0.3193811654
vt 0.18545782 0.3195341455
vt 0.192000001 0.3134545428
vt 0.1974882837 0.3185636378
vt 0.1917571228 0.3191069458
vt 0.1015625 0.02272727273
vt 0.1015625 0.02272727273
vt 0.1015625 0.02272727273
vt 0.1015625 0.02272727273
vt 0.1015625 0.02272727273
vt 0.1015625 0.02272727273
vt 0.1015625 0.02272727273
vt 0.1015625 0.02272727273
vt 0.1015625 0.02272727273
vt 0.08589092455 0.3198563948
vt 0.1029999982 0.3163636399
vt 0.08466123256 0.3242498968
vt 0.08466123256 0.3242498968
vt 0.1029999982 0.3163636399
vt 0.0938693856 0.3334812369
vt 0.1015625 0.02272727273
vt 0.1015625 0.02272727273
vt 0.1015625 0.02272727273
vt 0.1015625 0.02272727273
vt 0.1015625 0.02272727273
vt 0.1015625 0.02272727273
vt 0.08466123256 0.3242498968
vt 0.08939387864 0.3349967527
vt 0.08743111521 0.3357415664
vt 0.08466123296 0.3242498967
vt 0.08661557272 0.3360943955
vt 0.0802979987 0.3366530344
vt 0.08466123256 0.3242498968
vt 0.08743111521 0.3357415664
vt 0.08661557196 0.3360943955
vt 0.08466123256 0.3242498968
vt 0.0938693856 0.3334812369
vt 0.08939387864 0.3349967527
vt 0.1015625 0.02272727273
vt 0.1015625 0.02272727273
vt 0.1015625 0.02272727273
vt 0.1015625 0.02272727273
vt 0.1015625 0.02272727273
vt 0.1015625 0.02272727273
vt 0.1015625 0.02272727273
vt 0.1015625 0.02272727273
vt 0.1015625 0.02272727273
vt 0.1015625 0.02272727273
vt 0.1015625 0.02272727273
vt 0.1015625 0.02272727273
vt 0.09386938527 0.3334812368
vt 0.1029999982 0.3163636399
vt 0.1015005679 0.332186422
vt 0.1029999982 0.3163636399
vt 0.1109729405 0.3300277195
vt 0.1036697352 0.3319502259
vt 0.1029999982 0.3163636399
vt 0.1036697351 0.3319502259
vt 0.1015005679 0.332186422
vt 0.1015625 0.02272727273
vt 0.1015625 0.02272727273
vt 0.1015625 0.02272727273
vt 0.1109729405 0.3300277195
vt 0.1230000002 0.3134545467
vt 0.1124925649 0.3296603392
vt 0.1124925649 0.3296603392
vt 0.1230000002 0.3134545467
vt 0.115055221 0.3291376053
vt 0.1015625 0.02272727273
vt 0.1015625 0.02272727273
vt 0.1015625 0.02272727273
vt 0.1015625 0.02272727273
vt 0.1015625 0.02272727273
vt 0.1015625 0.02272727273
vt 0.1015625 0.02272727273
vt 0.1015625 0.02272727273
vt 0.1015625 0.02272727273
vt 0.1015625 0.02272727273
vt 0.1015625 0.02272727273
vt 0.1015625 0.02272727273
vt 0.1015625 0.02272727273
vt 0.1015625 0.02272727273
vt 0.1015625 0.02272727273
vt 0.1015625 0.02272727273
vt 0.1015625 0.02272727273
vt 0.1015625 0.02272727273
vt 0.05898941952 0.3345313441
vt 0.07228205372 0.3363667431
vt 0.0650000001 0.3425454572
vt 0.1015625 0.02272727273
vt 0.1015625 0.02272727273
vt 0.1015625 0.02272727273
vt 0.1015625 0.02272727273
vt 0.1015625 0.02272727273
vt 0.1015625 0.02272727273
vt 0.1015625 0.02272727273
vt 0.1015625 0.02272727273
vt 0.1015625 0.02272727273
vt 0.0650000001 0.3425454575
vt 0.07228205381 0.3363667432
vt 0.07320072347 0.336536114
vt 0.1015625 0.02272727273
vt 0.1015625 0.02272727273
vt 0.1015625 0.02272727273
vt 0.1015625 0.02272727273
vt 0.1015625 0.02272727273
vt 0.1015625 0.02272727273
vt 0.1015625 0.02272727273
vt 0.1015625 0.02272727273
vt 0.1015625 0.02272727273
vt 0.07320072353 0.3365361134
vt 0.07999610734 0.3376230351
vt 0.07978313892 0.3385932713
vt 0.08029799922 0.3366530346
vt 0.07987108386 0.3385455302
vt 0.07999610734 0.3376230351
vt 0.07999610734 0.3376230351
vt 0.07987108386 0.3385455302
vt 0.07978313892 0.3385932713
vt 0.1015625 0.02272727273
vt 0.1015625 0.02272727273
vt 0.1015625 0.02272727273
vt 0.0802979987 0.3366530344
vt 0.08155668593 0.3379329338
vt 0.07987108223 0.3385455296
vt 0.1015625 0.02272727273
vt 0.1015625 0.02272727273
vt 0.1015625 0.02272727273
vt 0.07320072353 0.3365361134
vt 0.07978313892 0.3385932713
vt 0.07634005754 0.3404624977
vt 0.1015625 0.02272727273
vt 0.1015625 0.02272727273
vt 0.1015625 0.02272727273
vt 0.1015625 0.02272727273
vt 0.1015625 0.02272727273
vt 0.1015625 0.02272727273
vt 0.1015625 0.02272727273
vt 0.1015625 0.02272727273
vt 0.1015625 0.02272727273
vt 0.1015625 0.02272727273
vt 0.1015625 0.02272727273
vt 0.1015625 0.02272727273
vt 0.0802979987 0.3366530344
vt 0.08661557272 0.3360943955
vt 0.08155668593 0.3379329338
vt 0.1015625 0.02272727273
vt 0.1015625 0.02272727273
vt 0.1015625 0.02272727273
vt 0.1015625 0.02272727273
vt 0.1015625 0.02272727273
vt 0.1015625 0.02272727273
vt 0.0650000001 0.3425454575
vt 0.07320072347 0.336536114
vt 0.07244470096 0.3423678456
vt 0.07320072353 0.3365361134
vt 0.07634005754 0.3404624977
vt 0.07448867967 0.3415318264
vt 0.07244470096 0.3423678456
vt 0.07320072347 0.336536114
vt 0.07448867963 0.3415318269
vt 0.1015625 0.02272727273
vt 0.1015625 0.02272727273
vt 0.1015625 0.02272727273
vt 0.0650000001 0.3425454575
vt 0.07244470096 0.3423678456
vt 0.06772285247 0.3445257134
vt 0.1015625 0.02272727273
vt 0.1015625 0.02272727273
vt 0.1015625 0.02272727273
vt 0.0650000004 0.3425454576
vt 0.06772285296 0.3445257131
vt 0.06633213455 0.3453442908
vt 0.1015625 0.02272727273
vt 0.1015625 0.02272727273
vt 0.1015625 0.02272727273
vt 0.1015625 0.02272727273
vt 0.1015625 0.02272727273
vt 0.1015625 0.02272727273
vt 0.115055221 0.3291376053
vt 0.1230000002 0.3134545467
vt 0.1177268611 0.3286807852
vt 0.1015625 0.02272727273
vt 0.1015625 0.02272727273
vt 0.1015625 0.02272727273
vt 0.1015625 0.02272727273
vt 0.1015625 0.02272727273
vt 0.1015625 0.02272727273
vt 0.1015625 0.02272727273
vt 0.1015625 0.02272727273
vt 0.1015625 0.02272727273
vt 0.1015625 0.02272727273
vt 0.1015625 0.02272727273
vt 0.1015625 0.02272727273
vt 0.1015625 0.02272727273
vt 0.1015625 0.02272727273
vt 0.1015625 0.02272727273
vt 0.1015625 0.02272727273
vt 0.1015625 0.02272727273
vt 0.1015625 0.02272727273
vt 0.1015625 0.02272727273
vt 0.1015625 0.02272727273
vt 0.1015625 0.02272727273
vt 0.1015625 0.02272727273
vt 0.1015625 0.02272727273
vt 0.1015625 0.02272727273
vt 0.1015625 0.02272727273
vt 0.1015625 0.02272727273
vt 0.1015625 0.02272727273
vt 0.1015625 0.02272727273
vt 0.1015625 0.02272727273
vt 0.1015625 0.02272727273
vt 0.1015625 0.02272727273
vt 0.1015625 0.02272727273
vt 0.1015625 0.02272727273
vt 0.1015625 0.02272727273
vt 0.1015625 0.02272727273
vt 0.1015625 0.02272727273
vt 0.1015625 0.02272727273
vt 0.1015625 0.02272727273
vt 0.1015625 0.02272727273
vt 0.1015625 0.02272727273
vt 0.1015625 0.02272727273
vt 0.1015625 0.02272727273
vt 0.1015625 0.02272727273
vt 0.1015625 0.02272727273
vt 0.1015625 0.02272727273
vt 0.1015625 0.02272727273
vt 0.1015625 0.02272727273
vt 0.1015625 0.02272727273
vt 0.1015625 0.02272727273
vt 0.1015625 0.02272727273
vt 0.1015625 0.02272727273
vt 0.1015625 0.02272727273
vt 0.1015625 0.02272727273
vt 0.1015625 0.02272727273
vt 0.1015625 0.02272727273
vt 0.1015625 0.02272727273
vt 0.1015625 0.02272727273
vt 0.1015625 0.02272727273
vt 0.1015625 0.02272727273
vt 0.1015625 0.02272727273
vt 0.1015625 0.02272727273
vt 0.1015625 0.02272727273
vt 0.1015625 0.02272727273
vt 0.1015625 0.02272727273
vt 0.1015625 0.02272727273
vt 0.1015625 0.02272727273
vt 0.1015625 0.02272727273
vt 0.1015625 0.02272727273
vt 0.1015625 0.02272727273
vt 0.1015625 0.02272727273
vt 0.1015625 0.02272727273
vt 0.1015625 0.02272727273
vt 0.1015625 0.02272727273
vt 0.1015625 0.02272727273
vt 0.1015625 0.02272727273
vt 0.1015625 0.02272727273
vt 0.1015625 0.02272727273
vt 0.1015625 0.02272727273
vt 0.3379999962 0.3018181831
vt 0.353740758 0.3084546058
vt 0.3460000017 0.3299393971
vt 0.3379999972 0.3018181827
vt 0.3460000015 0.3299393972
vt 0.3220000017 0.3066666621
vt 0.353740758 0.3084546058
vt 0.3554087586 0.3183827749
vt 0.3460000017 0.3299393971
vt 0.3220000022 0.306666662
vt 0.3250000015 0.3328484823
vt 0.3029999999 0.3095757556
vt 0.1015625 0.02272727273
vt 0.1015625 0.02272727273
vt 0.1015625 0.02272727273
vt 0.1015625 0.02272727273
vt 0.1015625 0.02272727273
vt 0.1015625 0.02272727273
vt 0.1015625 0.02272727273
vt 0.1015625 0.02272727273
vt 0.1015625 0.02272727273
vt 0.1015625 0.02272727273
vt 0.1015625 0.02272727273
vt 0.1015625 0.02272727273
vt 0.1015625 0.02272727273
vt 0.1015625 0.02272727273
vt 0.1015625 0.02272727273
vt 0.1015625 0.02272727273
vt 0.1015625 0.02272727273
vt 0.1015625 0.02272727273
vt 0.3554087586 0.3183827748
vt 0.3591335805 0.3395680319
vt 0.3460000017 0.3299393973
vt 0.1015625 0.02272727273
vt 0.1015625 0.02272727273
vt 0.1015625 0.02272727273
vt 0.1015625 0.02272727273
vt 0.1015625 0.02272727273
vt 0.1015625 0.02272727273
vt 0.1015625 0.02272727273
vt 0.1015625 0.02272727273
vt 0.1015625 0.02272727273
vt 0.1015625 0.02272727273
vt 0.1015625 0.02272727273
vt 0.1015625 0.02272727273
vt 0.3250000013 0.3328484823
vt 0.3131943655 0.3369165537
vt 0.3124052809 0.3366973571
vt 0.3250000013 0.3328484823
vt 0.3124052809 0.3366973571
vt 0.3116421206 0.3365123927
vt 0.322000002 0.306666662
vt 0.3460000014 0.3299393972
vt 0.3250000014 0.3328484823
vt 0.3460000014 0.3299393972
vt 0.3250000029 0.340415316
vt 0.3250000014 0.3328484823
vt 0.1015625 0.02272727273
vt 0.1015625 0.02272727273
vt 0.1015625 0.02272727273
vt 0.1015625 0.02272727273
vt 0.1015625 0.02272727273
vt 0.1015625 0.02272727273
vt 0.1015625 0.02272727273
vt 0.1015625 0.02272727273
vt 0.1015625 0.02272727273
vt 0.1015625 0.02272727273
vt 0.1015625 0.02272727273
vt 0.1015625 0.02272727273
vt 0.1015625 0.02272727273
vt 0.1015625 0.02272727273
vt 0.1015625 0.02272727273
vt 0.1015625 0.02272727273
vt 0.1015625 0.02272727273
vt 0.1015625 0.02272727273
vt 0.1015625 0.02272727273
vt 0.1015625 0.02272727273
vt 0.1015625 0.02272727273
vt 0.2379999993 0.2892121249
vt 0.2410000007 0.3134545468
vt 0.2159999999 0.3134545435
vt 0.1015625 0.02272727273
vt 0.1015625 0.02272727273
vt 0.1015625 0.02272727273
vt 0.1015625 0.02272727273
vt 0.1015625 0.02272727273
vt 0.1015625 0.02272727273
vt 0.2159999999 0.3134545436
vt 0.2410000007 0.3134545468
vt 0.2262300381 0.3183584113
vt 0.1015625 0.02272727273
vt 0.1015625 0.02272727273
vt 0.1015625 0.02272727273
vt 0.1015625 0.02272727273
vt 0.1015625 0.02272727273
vt 0.1015625 0.02272727273
vt 0.1015625 0.02272727273
vt 0.1015625 0.02272727273
vt 0.1015625 0.02272727273
vt 0.2159999999 0.3134545436
vt 0.2262300381 0.3183584113
vt 0.218522709 0.3179156505
vt 0.208014684 0.3178897316
vt 0.216 0.3134545436
vt 0.2161902904 0.3178831154
vt 0.2159999999 0.3134545436
vt 0.218522709 0.3179156505
vt 0.2161902903 0.3178831154
vt 0.2262300381 0.3183584113
vt 0.2410000007 0.3134545468
vt 0.2350467998 0.3191918822
vt 0.2350788146 0.3191963027
vt 0.2410000006 0.3134545468
vt 0.2412834452 0.3200510888
vt 0.2350788147 0.3191963027
vt 0.2350467998 0.3191918822
vt 0.2410000007 0.3134545468
vt 0.1015625 0.02272727273
vt 0.1015625 0.02272727273
vt 0.1015625 0.02272727273
vt 0.1015625 0.02272727273
vt 0.1015625 0.02272727273
vt 0.1015625 0.02272727273
vt 0.1015625 0.02272727273
vt 0.1015625 0.02272727273
vt 0.1015625 0.02272727273
vt 0.2410000006 0.3134545467
vt 0.2507380246 0.320921824
vt 0.2447049316 0.3202825132
vt 0.2410000006 0.3134545467
vt 0.2447049316 0.3202825132
vt 0.2412834453 0.3200510888
vt 0.2410000006 0.3134545467
vt 0.2639999987 0.3115151521
vt 0.2507380246 0.320921824
vt 0.2639999987 0.3115151521
vt 0.2552224783 0.3215742411
vt 0.2507380246 0.320921824
vt 0.2639999987 0.3115151521
vt 0.2607662595 0.3226250642
vt 0.2552224782 0.3215742411
vt 0.2639999987 0.3115151521
vt 0.263721491 0.3233265825
vt 0.2607662595 0.3226250642
vt 0.2639999987 0.3115151521
vt 0.2650029859 0.3236725638
vt 0.263721491 0.3233265825
vt 0.2639999988 0.311515152
vt 0.2849999974 0.3105454587
vt 0.2735340151 0.3257602842
vt 0.2762717419 0.3263288995
vt 0.2735340151 0.3257602842
vt 0.2849999974 0.3105454587
vt 0.2764053342 0.3263581378
vt 0.2849999974 0.3105454587
vt 0.2764372201 0.3263661507
vt 0.2762717419 0.3263288995
vt 0.2849999974 0.3105454587
vt 0.2764053342 0.3263581378
vt 0.2639999988 0.311515152
vt 0.2735340151 0.3257602842
vt 0.2650029861 0.3236725638
vt 0.1015625 0.02272727273
vt 0.1015625 0.02272727273
vt 0.1015625 0.02272727273
vt 0.1015625 0.02272727273
vt 0.1015625 0.02272727273
vt 0.1015625 0.02272727273
vt 0.1015625 0.02272727273
vt 0.1015625 0.02272727273
vt 0.1015625 0.02272727273
vt 0.1015625 0.02272727273
vt 0.1015625 0.02272727273
vt 0.1015625 0.02272727273
vt 0.1015625 0.02272727273
vt 0.1015625 0.02272727273
vt 0.1015625 0.02272727273
vt 0.1015625 0.02272727273
vt 0.1015625 0.02272727273
vt 0.1015625 0.02272727273
vt 0.1015625 0.02272727273
vt 0.1015625 0.02272727273
vt 0.1015625 0.02272727273
vt 0.1015625 0.02272727273
vt 0.1015625 0.02272727273
vt 0.1015625 0.02272727273
vt 0.1015625 0.02272727273
vt 0.1015625 0.02272727273
vt 0.1015625 0.02272727273
vt 0.1015625 0.02272727273
vt 0.1015625 0.02272727273
vt 0.1015625 0.02272727273
vt 0.1015625 0.02272727273
vt 0.1015625 0.02272727273
vt 0.1015625 0.02272727273
vt 0.1015625 0.02272727273
vt 0.1015625 0.02272727273
vt 0.1015625 0.02272727273
vt 0.1015625 0.02272727273
vt 0.1015625 0.02272727273
vt 0.1015625 0.02272727273
vt 0.3030000001 0.3095757557
vt 0.2873617542 0.329630375
vt 0.2849999978 0.3105454585
vt 0.3250000012 0.3328484824
vt 0.3060000009 0.3347878804
vt 0.3029999997 0.3095757557
vt 0.303 0.3095757557
vt 0.3060000007 0.3347878805
vt 0.3044140965 0.3347878816
vt 0.303 0.3095757557
vt 0.3044140965 0.3347878816
vt 0.3011119311 0.3336465165
vt 0.303 0.3095757557
vt 0.2926646287 0.3310279916
vt 0.2905715859 0.3304655359
vt 0.3030000001 0.3095757557
vt 0.2905715859 0.3304655359
vt 0.2891525197 0.3300667064
vt 0.303 0.3095757557
vt 0.3011119311 0.3336465165
vt 0.2926646287 0.3310279916
vt 0.3030000001 0.3095757557
vt 0.2891525197 0.3300667064
vt 0.2873617542 0.329630375
vt 0.1015625 0.02272727273
vt 0.1015625 0.02272727273
vt 0.1015625 0.02272727273
vt 0.1015625 0.02272727273
vt 0.1015625 0.02272727273
vt 0.1015625 0.02272727273
vt 0.1015625 0.02272727273
vt 0.1015625 0.02272727273
vt 0.1015625 0.02272727273
vt 0.3250000013 0.3328484823
vt 0.3116421206 0.3365123927
vt 0.3060000008 0.3347878805
vt 0.1015625 0.02272727273
vt 0.1015625 0.02272727273
vt 0.1015625 0.02272727273
vt 0.1015625 0.02272727273
vt 0.1015625 0.02272727273
vt 0.1015625 0.02272727273
vt 0.1015625 0.02272727273
vt 0.1015625 0.02272727273
vt 0.1015625 0.02272727273
vt 0.1015625 0.02272727273
vt 0.1015625 0.02272727273
vt 0.1015625 0.02272727273
vt 0.3116421206 0.3365123927
vt 0.3060488916 0.3353567839
vt 0.3060000008 0.3347878805
vt 0.3060000006 0.3347878805
vt 0.3056815163 0.3352238762
vt 0.3044140964 0.3347878817
vt 0.3060000007 0.3347878805
vt 0.3060488921 0.3353567839
vt 0.3056815162 0.3352238762
vt 0.1015625 0.02272727273
vt 0.1015625 0.02272727273
vt 0.1015625 0.02272727273
vt 0.1015625 0.02272727273
vt 0.1015625 0.02272727273
vt 0.1015625 0.02272727273
vt 0.1015625 0.02272727273
vt 0.1015625 0.02272727273
vt 0.1015625 0.02272727273
vt 0.2764372201 0.3263661507
vt 0.2849999974 0.3105454587
vt 0.2873617534 0.3296303753
vt 0.1015625 0.02272727273
vt 0.1015625 0.02272727273
vt 0.1015625 0.02272727273
vt 0.1015625 0.02272727273
vt 0.1015625 0.02272727273
vt 0.1015625 0.02272727273
vt 0.3460000017 0.3299393973
vt 0.3591335805 0.3395680319
vt 0.3590000001 0.3415757582
vt 0.1015625 0.02272727273
vt 0.1015625 0.02272727273
vt 0.1015625 0.02272727273
vt 0.1015625 0.02272727273
vt 0.1015625 0.02272727273
vt 0.1015625 0.02272727273
vt 0.1015625 0.02272727273
vt 0.1015625 0.02272727273
vt 0.1015625 0.02272727273
vt 0.3591335804 0.3395680319
vt 0.3592101029 0.340036271
vt 0.3590000001 0.3415757582
vt 0.3592101029 0.340036271
vt 0.3593150624 0.3411762266
vt 0.3590000001 0.3415757582
vt 0.3593521202 0.3414360729
vt 0.3593954179 0.3417674772
vt 0.3590000001 0.3415757582
vt 0.3593150628 0.3411762274
vt 0.3593521202 0.3414360729
vt 0.3590000001 0.3415757582
vt 0.3460000014 0.3299393972
vt 0.3348576105 0.3439586222
vt 0.3328404716 0.3431687807
vt 0.1015625 0.02272727273
vt 0.1015625 0.02272727273
vt 0.1015625 0.02272727273
vt 0.3460000015 0.3299393975
vt 0.3414492819 0.3474746575
vt 0.3350794253 0.3440589317
vt 0.3460000014 0.3299393972
vt 0.3350794252 0.3440589314
vt 0.3348576105 0.3439586222
vt 0.3460000016 0.3299393974
vt 0.3590000001 0.3415757582
vt 0.3439147889 0.3488115792
vt 0.3460000015 0.3299393975
vt 0.3439147893 0.3488115791
vt 0.3414492819 0.3474746575
vt 0.1015625 0.02272727273
vt 0.1015625 0.02272727273
vt 0.1015625 0.02272727273
vt 0.359395418 0.3417674774
vt 0.3618453463 0.3553713716
vt 0.3590000002 0.3415757582
vt 0.1015625 0.02272727273
vt 0.1015625 0.02272727273
vt 0.1015625 0.02272727273
vt 0.1015625 0.02272727273
vt 0.1015625 0.02272727273
vt 0.1015625 0.02272727273
vt 0.3590000001 0.3415757582
vt 0.3557841942 0.3563879564
vt 0.3494878777 0.3523591379
vt 0.1015625 0.02272727273
vt 0.1015625 0.02272727273
vt 0.1015625 0.02272727273
vt 0.1015625 0.02272727273
vt 0.1015625 0.02272727273
vt 0.1015625 0.02272727273
vt 0.3590000001 0.3415757582
vt 0.3464822938 0.3505034407
vt 0.3439147889 0.3488115792
vt 0.1015625 0.02272727273
vt 0.1015625 0.02272727273
vt 0.1015625 0.02272727273
vt 0.3590000001 0.3415757582
vt 0.3484466158 0.3518093395
vt 0.3464822938 0.3505034407
vt 0.3590000001 0.3415757582
vt 0.3494878777 0.3523591379
vt 0.3494553663 0.3523405755
vt 0.3590000001 0.3415757582
vt 0.3494553663 0.3523405755
vt 0.3484466163 0.3518093398
vt 0.1015625 0.02272727273
vt 0.1015625 0.02272727273
vt 0.1015625 0.02272727273
vt 0.3250000013 0.3328484823
vt 0.3206790337 0.3392567594
vt 0.3131943655 0.3369165537
vt 0.3460000014 0.3299393972
vt 0.3328404716 0.3431687807
vt 0.3250000029 0.340415316
vt 0.1015625 0.02272727273
vt 0.1015625 0.02272727273
vt 0.1015625 0.02272727273
vt 0.1015625 0.02272727273
vt 0.1015625 0.02272727273
vt 0.1015625 0.02272727273
vt 0.1015625 0.02272727273
vt 0.1015625 0.02272727273
vt 0.1015625 0.02272727273
vt 0.3250000012 0.3328484822
vt 0.3234402011 0.3399627415
vt 0.3206790336 0.3392567593
vt 0.1015625 0.02272727273
vt 0.1015625 0.02272727273
vt 0.1015625 0.02272727273
vt 0.3250000012 0.3328484822
vt 0.3250000025 0.3404153159
vt 0.3234402011 0.3399627415
vt 0.1015625 0.02272727273
vt 0.1015625 0.02272727273
vt 0.1015625 0.02272727273
vt 0.1015625 0.02272727273
vt 0.1015625 0.02272727273
vt 0.1015625 0.02272727273
vt 0.1015625 0.02272727273
vt 0.1015625 0.02272727273
vt 0.1015625 0.02272727273
vt 0.1015625 0.02272727273
vt 0.1015625 0.02272727273
vt 0.1015625 0.02272727273
vt 0.3590000002 0.3415757582
vt 0.3618453466 0.3553713714
vt 0.3557841943 0.3563879563
vt 0.3618453466 0.3553713714
vt 0.3585129167 0.3576246639
vt 0.3557841943 0.3563879563
vt 0.1015625 0.02272727273
vt 0.1015625 0.02272727273
vt 0.1015625 0.02272727273
vt 0.3618453466 0.3553713714
vt 0.3625472268 0.359500132
vt 0.3623119084 0.3593709874
vt 0.3618453466 0.3553713714
vt 0.3623119084 0.3593709874
vt 0.361512353 0.3589840651
vt 0.3618453466 0.3553713714
vt 0.361512353 0.3589840651
vt 0.3585129167 0.3576246639
vt 0.1015625 0.02272727273
vt 0.1015625 0.02272727273
vt 0.1015625 0.02272727273
vt 0.1015625 0.02272727273
vt 0.1015625 0.02272727273
vt 0.1015625 0.02272727273
vt 0.1015625 0.02272727273
vt 0.1015625 0.02272727273
vt 0.1015625 0.02272727273
vt 0.1015625 0.02272727273
vt 0.1015625 0.02272727273
vt 0.1015625 0.02272727273
vt 0.1015625 0.02272727273
vt 0.1015625 0.02272727273
vt 0.1015625 0.02272727273
vt 0.1015625 0.02272727273
vt 0.1015625 0.02272727273
vt 0.1015625 0.02272727273
vt 0.1015625 0.02272727273
vt 0.1015625 0.02272727273
vt 0.1015625 0.02272727273
vt 0.1015625 0.02272727273
vt 0.1015625 0.02272727273
vt 0.1015625 0.02272727273
vt 0.1015625 0.02272727273
vt 0.1015625 0.02272727273
vt 0.1015625 0.02272727273
vt 0.1015625 0.02272727273
vt 0.1015625 0.02272727273
vt 0.1015625 0.02272727273
vt 0.1015625 0.02272727273
vt 0.1015625 0.02272727273
vt 0.1015625 0.02272727273
vt 0.1015625 0.02272727273
vt 0.1015625 0.02272727273
vt 0.1015625 0.02272727273
vt 0.1015625 0.02272727273
vt 0.1015625 0.02272727273
vt 0.1015625 0.02272727273
vt 0.1015625 0.02272727273
vt 0.1015625 0.02272727273
vt 0.1015625 0.02272727273
vt 0.1015625 0.02272727273
vt 0.1015625 0.02272727273
vt 0.1015625 0.02272727273
vt 0.1015625 0.02272727273
vt 0.1015625 0.02272727273
vt 0.1015625 0.02272727273
vt 0.1015625 0.02272727273
vt 0.1015625 0.02272727273
vt 0.1015625 0.02272727273
vt 0.1015625 0.02272727273
vt 0.1015625 0.02272727273
vt 0.1015625 0.02272727273
vt 0.1015625 0.02272727273
vt 0.1015625 0.02272727273
vt 0.1015625 0.02272727273
vt 0.1015625 0.02272727273
vt 0.1015625 0.02272727273
vt 0.1015625 0.02272727273
vt 0.1015625 0.02272727273
vt 0.1015625 0.02272727273
vt 0.1015625 0.02272727273
vt 0.1015625 0.02272727273
vt 0.1015625 0.02272727273
vt 0.1015625 0.02272727273
vt 0.1015625 0.02272727273
vt 0.1015625 0.02272727273
vt 0.1015625 0.02272727273
vt 0.1015625 0.02272727273
vt 0.1015625 0.02272727273
vt 0.1015625 0.02272727273
vt 0.1015625 0.02272727273
vt 0.1015625 0.02272727273
vt 0.1015625 0.02272727273
vt 0.1015625 0.02272727273
vt 0.1015625 0.02272727273
vt 0.1015625 0.02272727273
vt 0.1015625 0.02272727273
vt 0.1015625 0.02272727273
vt 0.1015625 0.02272727273
vt 0.1015625 0.02272727273
vt 0.1015625 0.02272727273
vt 0.1015625 0.02272727273
vt 0.1015625 0.02272727273
vt 0.1015625 0.02272727273
vt 0.1015625 0.02272727273
vt 0.1015625 0.02272727273
vt 0.1015625 0.02272727273
vt 0.1015625 0.02272727273
vt 0.1015625 0.02272727273
vt 0.1015625 0.02272727273
vt 0.1015625 0.02272727273
vt 0.1015625 0.02272727273
vt 0.1015625 0.02272727273
vt 0.1015625 0.02272727273
vt 0.1015625 0.02272727273
vt 0.1015625 0.02272727273
vt 0.1015625 0.02272727273
vt 0.1015625 0.02272727273
vt 0.1015625 0.02272727273
vt 0.1015625 0.02272727273
vt 0.1015625 0.02272727273
vt 0.1015625 0.02272727273
vt 0.1015625 0.02272727273
vt 0.1015625 0.02272727273
vt 0.1015625 0.02272727273
vt 0.1015625 0.02272727273
vt 0.1015625 0.02272727273
vt 0.1015625 0.02272727273
vt 0.1015625 0.02272727273
vt 0.1015625 0.02272727273
vt 0.1015625 0.02272727273
vt 0.1015625 0.02272727273
vt 0.1015625 0.02272727273
vt 0.1015625 0.02272727273
vt 0.1015625 0.02272727273
vt 0.1015625 0.02272727273
vt 0.1015625 0.02272727273
vt 0.1015625 0.02272727273
vt 0.1015625 0.02272727273
vt 0.1015625 0.02272727273
vt 0.1015625 0.02272727273
vt 0.1015625 0.02272727273
vt 0.1015625 0.02272727273
vt 0.1015625 0.02272727273
vt 0.1015625 0.02272727273
vt 0.1015625 0.02272727273
vt 0.1015625 0.02272727273
vt 0.1015625 0.02272727273
vt 0.1015625 0.02272727273
vt 0.1015625 0.02272727273
vt 0.1015625 0.02272727273
vt 0.1015625 0.02272727273
vt 0.1015625 0.02272727273
vt 0.1015625 0.02272727273
vt 0.1015625 0.02272727273
vt 0.1015625 0.02272727273
vt 0.1015625 0.02272727273
vt 0.1015625 0.02272727273
vt 0.1015625 0.02272727273
vt 0.1015625 0.02272727273
vt 0.1015625 0.02272727273
vt 0.1015625 0.02272727273
vt 0.1015625 0.02272727273
vt 0.1015625 0.02272727273
vt 0.1015625 0.02272727273
vt 0.1015625 0.02272727273
vt 0.1015625 0.02272727273
vt 0.1015625 0.02272727273
vt 0.1015625 0.02272727273
vt 0.1015625 0.02272727273
vt 0.1015625 0.02272727273
vt 0.1015625 0.02272727273
vt 0.1015625 0.02272727273
vt 0.1015625 0.02272727273
vt 0.1015625 0.02272727273
vt 0.1015625 0.02272727273
vt 0.1015625 0.02272727273
vt 0.1015625 0.02272727273
vt 0.1015625 0.02272727273
vt 0.1015625 0.02272727273
vt 0.1015625 0.02272727273
vt 0.1015625 0.02272727273
vt 0.1015625 0.02272727273
vt 0.1015625 0.02272727273
vt 0.1015625 0.02272727273
vt 0.1015625 0.02272727273
vt 0.1015625 0.02272727273
vt 0.1015625 0.02272727273
vt 0.1015625 0.02272727273
vt 0.1015625 0.02272727273
vt 0.1015625 0.02272727273
vt 0.1015625 0.02272727273
vt 0.1015625 0.02272727273
vt 0.1015625 0.02272727273
vt 0.1015625 0.02272727273
vt 0.1015625 0.02272727273
vt 0.1015625 0.02272727273
vt 0.1015625 0.02272727273
vt 0.1015625 0.02272727273
vt 0.1015625 0.02272727273
vt 0.1015625 0.02272727273
vt 0.1015625 0.02272727273
vt 0.1015625 0.02272727273
vt 0.1015625 0.02272727273
vt 0.1015625 0.02272727273
vt 0.1015625 0.02272727273
vt 0.1015625 0.02272727273
vt 0.1015625 0.02272727273
vt 0.1015625 0.02272727273
vt 0.1015625 0.02272727273
vt 0.1015625 0.02272727273
vt 0.1015625 0.02272727273
vt 0.1015625 0.02272727273
vt 0.1015625 0.02272727273
vt 0.1015625 0.02272727273
vt 0.1015625 0.02272727273
vt 0.1015625 0.02272727273
vt 0.1015625 0.02272727273
vt 0.1015625 0.02272727273
vt 0.1015625 0.02272727273
vt 0.1015625 0.02272727273
vt 0.1015625 0.02272727273
vt 0.1015625 0.02272727273
vt 0.1015625 0.02272727273
vt 0.1015625 0.02272727273
vt 0.1015625 0.02272727273
vt 0.1015625 0.02272727273
vt 0.1015625 0.02272727273
vt 0.1015625 0.02272727273
vt 0.1015625 0.02272727273
vt 0.1015625 0.02272727273
vt 0.1015625 0.02272727273
vt 0.1015625 0.02272727273
vt 0.1015625 0.02272727273
vt 0.1015625 0.02272727273
vt 0.1015625 0.02272727273
vt 0.1015625 0.02272727273
vt 0.1015625 0.02272727273
vt 0.1015625 0.02272727273
vt 0.1015625 0.02272727273
vt 0.1015625 0.02272727273
vt 0.1015625 0.02272727273
vt 0.1015625 0.02272727273
vt 0.1015625 0.02272727273
vt 0.1015625 0.02272727273
vt 0.1015625 0.02272727273
vt 0.1015625 0.02272727273
vt 0.1015625 0.02272727273
vt 0.1015625 0.02272727273
vt 0.1015625 0.02272727273
vt 0.1015625 0.02272727273
vt 0.1015625 0.02272727273
vt 0.1015625 0.02272727273
vt 0.1015625 0.02272727273
vt 0.1015625 0.02272727273
vt 0.1015625 0.02272727273
vt 0.1015625 0.02272727273
vt 0.1015625 0.02272727273
vt 0.1015625 0.02272727273
vt 0.1015625 0.02272727273
vt 0.1015625 0.02272727273
vt 0.1015625 0.02272727273
vt 0.1015625 0.02272727273
vt 0.1015625 0.02272727273
vt 0.1015625 0.02272727273
vt 0.1015625 0.02272727273
vt 0.1015625 0.02272727273
vt 0.1015625 0.02272727273
vt 0.1015625 0.02272727273
vt 0.1015625 0.02272727273
vt 0.1015625 0.02272727273
vt 0.1015625 0.02272727273
vt 0.1015625 0.02272727273
vt 0.1015625 0.02272727273
vt 0.1015625 0.02272727273
vt 0.1015625 0.02272727273
vt 0.1015625 0.02272727273
vt 0.1015625 0.02272727273
vt 0.1015625 0.02272727273
vt 0.1015625 0.02272727273
vt 0.1015625 0.02272727273
vt 0.1015625 0.02272727273
vt 0.1015625 0.02272727273
vt 0.1015625 0.02272727273
vt 0.1015625 0.02272727273
vt 0.1015625 0.02272727273
vt 0.1015625 0.02272727273
vt 0.1015625 0.02272727273
vt 0.1015625 0.02272727273
vt 0.1015625 0.02272727273
vt 0.1015625 0.02272727273
vt 0.1015625 0.02272727273
vt 0.1015625 0.02272727273
vt 0.1015625 0.02272727273
vt 0.1015625 0.02272727273
vt 0.1015625 0.02272727273
vt 0.1015625 0.02272727273
vt 0.1015625 0.02272727273
vt 0.1015625 0.02272727273
vt 0.1015625 0.02272727273
vt 0.1015625 0.02272727273
vt 0.1015625 0.02272727273
vt 0.1015625 0.02272727273
vt 0.1015625 0.02272727273
vt 0.1015625 0.02272727273
vt 0.1015625 0.02272727273
vt 0.1015625 0.02272727273
vt 0.1015625 0.02272727273
vt 0.1015625 0.02272727273
vt 0.1015625 0.02272727273
vt 0.1015625 0.02272727273
vt 0.1015625 0.02272727273
vt 0.1015625 0.02272727273
vt 0.1015625 0.02272727273
vt 0.1015625 0.02272727273
vt 0.1015625 0.02272727273
vt 0.1015625 0.02272727273
vt 0.1015625 0.02272727273
vt 0.1015625 0.02272727273
vt 0.1015625 0.02272727273
vt 0.1015625 0.02272727273
vt 0.1015625 0.02272727273
vt 0.1015625 0.02272727273
vt 0.1015625 0.02272727273
vt 0.1015625 0.02272727273
vt 0.1015625 0.02272727273
vt 0.1015625 0.02272727273
vt 0.1015625 0.02272727273
vt 0.1015625 0.02272727273
vt 0.1015625 0.02272727273
vt 0.1015625 0.02272727273
vt 0.1015625 0.02272727273
vt 0.1015625 0.02272727273
vt 0.1015625 0.02272727273
vt 0.1015625 0.02272727273
vt 0.1015625 0.02272727273
vt 0.1015625 0.02272727273
vt 0.1015625 0.02272727273
vt 0.1015625 0.02272727273
vt 0.1015625 0.02272727273
vt 0.1015625 0.02272727273
vt 0.1015625 0.02272727273
vt 0.1015625 0.02272727273
vt 0.1015625 0.02272727273
vt 0.1015625 0.02272727273
vt 0.1015625 0.02272727273
vt 0.1015625 0.02272727273
vt 0.1015625 0.02272727273
vt 0.1015625 0.02272727273
vt 0.1015625 0.02272727273
vt 0.1015625 0.02272727273
vt 0.1015625 0.02272727273
vt 0.1015625 0.02272727273
vt 0.1015625 0.02272727273
vt 0.1015625 0.02272727273
vt 0.1015625 0.02272727273
vt 0.1015625 0.02272727273
vt 0.1015625 0.02272727273
vt 0.1015625 0.02272727273
vt 0.1015625 0.02272727273
vt 0.1015625 0.02272727273
vt 0.1015625 0.02272727273
vt 0.1015625 0.02272727273
vt 0.1015625 0.02272727273
vt 0.1015625 0.02272727273
vt 0.1015625 0.02272727273
vt 0.1015625 0.02272727273
vt 0.1015625 0.02272727273
vt 0.1015625 0.02272727273
vt 0.1015625 0.02272727273
vt 0.1015625 0.02272727273
vt 0.1015625 0.02272727273
vt 0.1015625 0.02272727273
vt 0.1015625 0.02272727273
vt 0.1015625 0.02272727273
vt 0.1015625 0.02272727273
vt 0.1015625 0.02272727273
vt 0.1015625 0.02272727273
vt 0.1015625 0.02272727273
vt 0.1015625 0.02272727273
vt 0.1015625 0.02272727273
vt 0.1015625 0.02272727273
vt 0.1015625 0.02272727273
vt 0.1015625 0.02272727273
vt 0.1015625 0.02272727273
vt 0.1015625 0.02272727273
vt 0.1015625 0.02272727273
vt 0.1015625 0.02272727273
vt 0.1015625 0.02272727273
vt 0.1015625 0.02272727273
vt 0.1015625 0.02272727273
vt 0.1015625 0.02272727273
vt 0.1015625 0.02272727273
vt 0.1015625 0.02272727273
vt 0.1015625 0.02272727273
vt 0.1015625 0.02272727273
vt 0.1015625 0.02272727273
vt 0.1015625 0.02272727273
vt 0.1015625 0.02272727273
vt 0.1015625 0.02272727273
vt 0.1015625 0.02272727273
vt 0.1015625 0.02272727273
vt 0.1015625 0.02272727273
vt 0.1015625 0.02272727273
vt 0.1015625 0.02272727273
vt 0.1015625 0.02272727273
vt 0.1015625 0.02272727273
vt 0.1015625 0.02272727273
vt 0.1015625 0.02272727273
vt 0.1015625 0.02272727273
vt 0.1015625 0.02272727273
vt 0.1015625 0.02272727273
vt 0.1015625 0.02272727273
vt 0.1015625 0.02272727273
vt 0.1015625 0.02272727273
vt 0.1015625 0.02272727273
vt 0.1015625 0.02272727273
vt 0.1015625 0.02272727273
vt 0.1015625 0.02272727273
vt 0.1015625 0.02272727273
vt 0.1015625 0.02272727273
vt 0.1015625 0.02272727273
vt 0.1015625 0.02272727273
vt 0.1015625 0.02272727273
vt 0.1015625 0.02272727273
vt 0.1015625 0.02272727273
vt 0.1015625 0.02272727273
vt 0.1015625 0.02272727273
vt 0.1015625 0.02272727273
vt 0.1015625 0.02272727273
vt 0.1015625 0.02272727273
vt 0.1015625 0.02272727273
vt 0.1015625 0.02272727273
vt 0.1015625 0.02272727273
vt 0.1015625 0.02272727273
vt 0.1015625 0.02272727273
vt 0.1015625 0.02272727273
vt 0.1015625 0.02272727273
vt 0.1015625 0.02272727273
vt 0.1015625 0.02272727273
vt 0.1015625 0.02272727273
vt 0.1015625 0.02272727273
vt 0.1015625 0.02272727273
vt 0.1015625 0.02272727273
vt 0.1015625 0.02272727273
vt 0.1015625 0.02272727273
vt 0.1015625 0.02272727273
vt 0.1015625 0.02272727273
vt 0.1015625 0.02272727273
vt 0.1015625 0.02272727273
vt 0.1015625 0.02272727273
vt 0.1015625 0.02272727273
vt 0.1015625 0.02272727273
vt 0.1015625 0.02272727273
vt 0.1015625 0.02272727273
vt 0.1015625 0.02272727273
vt 0.1015625 0.02272727273
vt 0.1015625 0.02272727273
vt 0.1015625 0.02272727273
vt 0.1015625 0.02272727273
vt 0.1015625 0.02272727273
vt 0.1015625 0.02272727273
vt 0.1015625 0.02272727273
vt 0.1015625 0.02272727273
vt 0.1015625 0.02272727273
vt 0.1015625 0.02272727273
vt 0.1015625 0.02272727273
vt 0.1015625 0.02272727273
vt 0.1015625 0.02272727273
vt 0.1015625 0.02272727273
vt 0.1015625 0.02272727273
vt 0.1015625 0.02272727273
vt 0.1015625 0.02272727273
vt 0.1015625 0.02272727273
vt 0.1015625 0.02272727273
vt 0.1015625 0.02272727273
vt 0.1015625 0.02272727273
vt 0.1015625 0.02272727273
vt 0.1015625 0.02272727273
vt 0.1015625 0.02272727273
vt 0.1015625 0.02272727273
vt 0.1015625 0.02272727273
vt 0.1015625 0.02272727273
vt 0.1015625 0.02272727273
vt 0.1015625 0.02272727273
vt 0.1015625 0.02272727273
vt 0.1015625 0.02272727273
vt 0.1015625 0.02272727273
vt 0.1015625 0.02272727273
vt 0.1015625 0.02272727273
vt 0.1015625 0.02272727273
vt 0.1015625 0.02272727273
vt 0.1015625 0.02272727273
vt 0.1015625 0.02272727273
vt 0.1015625 0.02272727273
vt 0.1015625 0.02272727273
vt 0.1015625 0.02272727273
vt 0.1015625 0.02272727273
vt 0.1015625 0.02272727273
vt 0.1015625 0.02272727273
vt 0.1015625 0.02272727273
vt 0.1015625 0.02272727273
vt 0.1015625 0.02272727273
vt 0.1015625 0.02272727273
vt 0.1015625 0.02272727273
vt 0.1015625 0.02272727273
vt 0.1015625 0.02272727273
vt 0.1015625 0.02272727273
vt 0.1015625 0.02272727273
vt 0.1015625 0.02272727273
vt 0.1015625 0.02272727273
vt 0.1015625 0.02272727273
vt 0.1015625 0.02272727273
vt 0.1015625 0.02272727273
vt 0.1015625 0.02272727273
vt 0.1015625 0.02272727273
vt 0.1015625 0.02272727273
vt 0.1015625 0.02272727273
vt 0.1015625 0.02272727273
vt 0.1015625 0.02272727273
vt 0.1015625 0.02272727273
vt 0.1015625 0.02272727273
vt 0.1015625 0.02272727273
vt 0.1015625 0.02272727273
vt 0.1015625 0.02272727273
vt 0.1015625 0.02272727273
vt 0.1015625 0.02272727273
vt 0.1015625 0.02272727273
vt 0.1015625 0.02272727273
vt 0.1015625 0.02272727273
vt 0.1015625 0.02272727273
vt 0.1015625 0.02272727273
vt 0.1015625 0.02272727273
vt 0.1015625 0.02272727273
vt 0.1015625 0.02272727273
vt 0.1015625 0.02272727273
vt 0.1015625 0.02272727273
vt 0.1015625 0.02272727273
vt 0.1015625 0.02272727273
vt 0.1015625 0.02272727273
vt 0.1015625 0.02272727273
vt 0.1015625 0.02272727273
vt 0.1015625 0.02272727273
vt 0.1015625 0.02272727273
vt 0.1015625 0.02272727273
vt 0.1015625 0.02272727273
vt 0.1015625 0.02272727273
vt 0.1015625 0.02272727273
vt 0.1015625 0.02272727273
vt 0.1015625 0.02272727273
vt 0.1015625 0.02272727273
vt 0.1015625 0.02272727273
vt 0.1015625 0.02272727273
vt 0.1015625 0.02272727273
vt 0.1015625 0.02272727273
vt 0.1015625 0.02272727273
vt 0.1015625 0.02272727273
vt 0.1015625 0.02272727273
vt 0.1015625 0.02272727273
vt 0.1015625 0.02272727273
vt 0.1015625 0.02272727273
vt 0.1015625 0.02272727273
vt 0.1015625 0.02272727273
vt 0.1015625 0.02272727273
vt 0.1015625 0.02272727273
vt 0.1015625 0.02272727273
vt 0.1015625 0.02272727273
vt 0.1015625 0.02272727273
vt 0.1015625 0.02272727273
vt 0.1015625 0.02272727273
vt 0.1015625 0.02272727273
vt 0.1015625 0.02272727273
vt 0.1015625 0.02272727273
vt 0.1015625 0.02272727273
vt 0.1015625 0.02272727273
vt 0.1015625 0.02272727273
vt 0.1015625 0.02272727273
vt 0.1015625 0.02272727273
vt 0.1015625 0.02272727273
vt 0.1015625 0.02272727273
vt 0.1015625 0.02272727273
vt 0.1015625 0.02272727273
vt 0.1015625 0.02272727273
vt 0.1015625 0.02272727273
vt 0.1015625 0.02272727273
vt 0.1015625 0.02272727273
vt 0.1015625 0.02272727273
vt 0.1015625 0.02272727273
vt 0.1015625 0.02272727273
vt 0.1015625 0.02272727273
vt 0.1015625 0.02272727273
vt 0.1015625 0.02272727273
vt 0.1015625 0.02272727273
vt 0.1015625 0.02272727273
vt 0.1015625 0.02272727273
vt 0.1015625 0.02272727273
vt 0.1015625 0.02272727273
vt 0.1015625 0.02272727273
vt 0.1015625 0.02272727273
vt 0.1015625 0.02272727273
vt 0.1015625 0.02272727273
vt 0.1015625 0.02272727273
vt 0.1015625 0.02272727273
vt 0.1015625 0.02272727273
vt 0.1015625 0.02272727273
vt 0.1015625 0.02272727273
vt 0.1015625 0.02272727273
vt 0.1015625 0.02272727273
vt 0.1015625 0.02272727273
vt 0.1015625 0.02272727273
vt 0.1015625 0.02272727273
vt 0.1015625 0.02272727273
vt 0.1015625 0.02272727273
vt 0.1015625 0.02272727273
vt 0.1015625 0.02272727273
vt 0.1015625 0.02272727273
vt 0.1015625 0.02272727273
vt 0.1015625 0.02272727273
vt 0.1015625 0.02272727273
vt 0.1015625 0.02272727273
vt 0.1015625 0.02272727273
vt 0.1015625 0.02272727273
vt 0.1015625 0.02272727273
vt 0.1015625 0.02272727273
vt 0.1015625 0.02272727273
vt 0.1015625 0.02272727273
vt 0.1015625 0.02272727273
vt 0.1015625 0.02272727273
vt 0.1015625 0.02272727273
vt 0.1015625 0.02272727273
vt 0.1015625 0.02272727273
vt 0.1015625 0.02272727273
vt 0.1015625 0.02272727273
vt 0.1015625 0.02272727273
vt 0.1015625 0.02272727273
vt 0.1015625 0.02272727273
vt 0.1015625 0.02272727273
vt 0.1015625 0.02272727273
vt 0.1015625 0.02272727273
vt 0.1015625 0.02272727273
vt 0.1015625 0.02272727273
vt 0.1015625 0.02272727273
vt 0.1015625 0.02272727273
vt 0.1015625 0.02272727273
vt 0.1015625 0.02272727273
vt 0.1015625 0.02272727273
vt 0.1015625 0.02272727273
vt 0.1015625 0.02272727273
vt 0.1015625 0.02272727273
vt 0.1015625 0.02272727273
vt 0.1015625 0.02272727273
vt 0.1015625 0.02272727273
vt 0.1015625 0.02272727273
vt 0.1015625 0.02272727273
vt 0.1015625 0.02272727273
vt 0.1015625 0.02272727273
vt 0.1015625 0.02272727273
vt 0.1015625 0.02272727273
vt 0.1015625 0.02272727273
vt 0.1015625 0.02272727273
vt 0.1015625 0.02272727273
vt 0.1015625 0.02272727273
vt 0.1015625 0.02272727273
vt 0.1015625 0.02272727273
vt 0.1015625 0.02272727273
vt 0.1015625 0.02272727273
vt 0.1015625 0.02272727273
vt 0.1015625 0.02272727273
vt 0.1015625 0.02272727273
vt 0.1015625 0.02272727273
vt 0.1015625 0.02272727273
vt 0.1015625 0.02272727273
vt 0.1015625 0.02272727273
vt 0.1015625 0.02272727273
vt 0.1015625 0.02272727273
vt 0.1015625 0.02272727273
vt 0.1015625 0.02272727273
vt 0.1015625 0.02272727273
vt 0.1015625 0.02272727273
vt 0.1015625 0.02272727273
vt 0.1015625 0.02272727273
vt 0.1015625 0.02272727273
vt 0.1015625 0.02272727273
vt 0.1015625 0.02272727273
vt 0.1015625 0.02272727273
vt 0.1015625 0.02272727273
vt 0.1015625 0.02272727273
vt 0.1015625 0.02272727273
vt 0.1015625 0.02272727273
vt 0.1015625 0.02272727273
vt 0.1015625 0.02272727273
vt 0.1015625 0.02272727273
vt 0.1015625 0.02272727273
vt 0.1015625 0.02272727273
vt 0.1015625 0.02272727273
vt 0.1015625 0.02272727273
vt 0.1015625 0.02272727273
vt 0.1015625 0.02272727273
vt 0.1015625 0.02272727273
vt 0.1015625 0.02272727273
vt 0.1015625 0.02272727273
vt 0.1015625 0.02272727273
vt 0.1015625 0.02272727273
vt 0.1015625 0.02272727273
vt 0.1015625 0.02272727273
vt 0.1015625 0.02272727273
vt 0.1015625 0.02272727273
vt 0.1015625 0.02272727273
vt 0.1015625 0.02272727273
vt 0.1015625 0.02272727273
vt 0.1015625 0.02272727273
vt 0.1015625 0.02272727273
vt 0.1015625 0.02272727273
vt 0.1015625 0.02272727273
vt 0.1015625 0.02272727273
vt 0.1015625 0.02272727273
vt 0.1015625 0.02272727273
vt 0.1015625 0.02272727273
vt 0.1015625 0.02272727273
vt 0.1015625 0.02272727273
vt 0.1015625 0.02272727273
vt 0.1015625 0.02272727273
vt 0.1015625 0.02272727273
vt 0.1015625 0.02272727273
vt 0.1015625 0.02272727273
vt 0.1015625 0.02272727273
vt 0.1015625 0.02272727273
vt 0.1015625 0.02272727273
vt 0.1015625 0.02272727273
vt 0.1015625 0.02272727273
vt 0.1015625 0.02272727273
vt 0.1015625 0.02272727273
vt 0.1015625 0.02272727273
vt 0.1015625 0.02272727273
vt 0.1015625 0.02272727273
vt 0.1015625 0.02272727273
vt 0.1015625 0.02272727273
vt 0.1015625 0.02272727273
vt 0.1015625 0.02272727273
vt 0.1015625 0.02272727273
vt 0.1015625 0.02272727273
vt 0.1015625 0.02272727273
vt 0.1015625 0.02272727273
vt 0.1015625 0.02272727273
vt 0.1015625 0.02272727273
vt 0.1015625 0.02272727273
vt 0.1015625 0.02272727273
vt 0.1015625 0.02272727273
vt 0.1015625 0.02272727273
vt 0.1015625 0.02272727273
vt 0.1015625 0.02272727273
vt 0.1015625 0.02272727273
vt 0.1015625 0.02272727273
vt 0.1015625 0.02272727273
vt 0.1015625 0.02272727273
vt 0.1015625 0.02272727273
vt 0.1015625 0.02272727273
vt 0.1015625 0.02272727273
vt 0.1015625 0.02272727273
vt 0.1015625 0.02272727273
vt 0.1015625 0.02272727273
vt 0.1015625 0.02272727273
vt 0.1015625 0.02272727273
vt 0.1015625 0.02272727273
vt 0.1015625 0.02272727273
vt 0.1015625 0.02272727273
vt 0.1015625 0.02272727273
vt 0.1015625 0.02272727273
vt 0.1015625 0.02272727273
vt 0.1015625 0.02272727273
vt 0.1015625 0.02272727273
vt 0.1015625 0.02272727273
vt 0.1015625 0.02272727273
vt 0.1015625 0.02272727273
vt 0.1015625 0.02272727273
vt 0.1015625 0.02272727273
vt 0.1015625 0.02272727273
vt 0.1015625 0.02272727273
vt 0.1015625 0.02272727273
vt 0.1015625 0.02272727273
vt 0.1015625 0.02272727273
vt 0.1015625 0.02272727273
vt 0.1015625 0.02272727273
vt 0.1015625 0.02272727273
vt 0.1015625 0.02272727273
vt 0.1015625 0.02272727273
vt 0.1015625 0.02272727273
vt 0.1015625 0.02272727273
vt 0.1015625 0.02272727273
vt 0.1015625 0.02272727273
vt 0.1015625 0.02272727273
vt 0.1015625 0.02272727273
vt 0.1015625 0.02272727273
vt 0.1015625 0.02272727273
vt 0.1015625 0.02272727273
vt 0.1015625 0.02272727273
vt 0.1015625 0.02272727273
vt 0.1015625 0.02272727273
vt 0.1015625 0.02272727273
vt 0.1015625 0.02272727273
vt 0.1015625 0.02272727273
vt 0.1015625 0.02272727273
vt 0.1015625 0.02272727273
vt 0.1015625 0.02272727273
vt 0.1015625 0.02272727273
vt 0.1015625 0.02272727273
vt 0.1015625 0.02272727273
vt 0.1015625 0.02272727273
vt 0.1015625 0.02272727273
vt 0.1015625 0.02272727273
vn -0.1378601474 -0.98106868 -0.1360103848
vn -0.1331090732 -0.990761625 -0.02594950979
vn -0.1374107466 -0.9826911084 -0.1242435999
vn -0.159101229 -0.9746465689 -0.1573240752
vn -0.1397902535 -0.9789300082 -0.1488446308
vn -0.1454680892 -0.9718606404 -0.185272585
vn -0.159101229 -0.9746465689 -0.1573240752
vn -0.137860148 -0.9810686802 -0.1360103834
vn -0.1397902535 -0.9789300082 -0.1488446308
vn -0.159101229 -0.9746465688 -0.1573240758
vn -0.1454680891 -0.971860641 -0.1852725819
vn -0.1489623797 -0.9634550427 -0.2226310628
vn -0.1387221012 -0.9901520566 -0.01884365607
vn -0.1331090732 -0.990761625 -0.02594950979
vn -0.1378601474 -0.98106868 -0.1360103848
vn -0.1387220995 -0.9901520569 -0.01884365546
vn -0.1364158433 -0.9905371143 -0.01506462397
vn -0.1331090727 -0.9907616251 -0.02594950956
vn -0.1387220995 -0.9901520569 -0.01884365546
vn -0.1426343039 -0.9897603388 0.005470560223
vn -0.1364158433 -0.9905371143 -0.01506462397
vn -0.1535835492 -0.9496303145 -0.2731562908
vn -0.1537736035 -0.9493243483 -0.2741112194
vn -0.1668943267 -0.9251651506 -0.3409042794
vn -0.1744763252 -0.9160096684 -0.3612261055
vn -0.1535835492 -0.9496303145 -0.2731562908
vn -0.1668943267 -0.9251651506 -0.3409042794
vn -0.1744763252 -0.9160096684 -0.3612261055
vn -0.1668943267 -0.9251651506 -0.3409042794
vn -0.175353147 -0.9060094706 -0.3852247564
vn -0.1744763266 -0.9160096672 -0.361226108
vn -0.1753531514 -0.906009469 -0.3852247582
vn -0.1753667499 -0.8834445818 -0.4344791985
vn -0.159101229 -0.9746465688 -0.1573240758
vn -0.1489623797 -0.9634550427 -0.2226310628
vn -0.1535835503 -0.949630314 -0.2731562919
vn -0.159101229 -0.9746465689 -0.1573240752
vn -0.1387221026 -0.9901520565 -0.01884365164
vn -0.137860148 -0.9810686802 -0.1360103834
vn -0.1591012317 -0.974646568 -0.157324078
vn -0.1696500976 -0.9803234377 -0.1009197793
vn -0.1387221015 -0.9901520567 -0.01884365052
vn -0.159101229 -0.9746465688 -0.1573240758
vn -0.1535835503 -0.949630314 -0.2731562919
vn -0.1744763317 -0.9160096662 -0.3612261079
vn -0.1744763266 -0.9160096672 -0.361226108
vn -0.1753667499 -0.8834445818 -0.4344791985
vn -0.1752930014 -0.8778190286 -0.4457646428
vn -0.1744763266 -0.9160096672 -0.361226108
vn -0.1752930014 -0.8778190286 -0.4457646428
vn -0.1751204216 -0.8688929844 -0.462987926
vn -0.1744763266 -0.9160096672 -0.361226108
vn -0.1751204216 -0.8688929844 -0.462987926
vn -0.1747304372 -0.854801522 -0.4886549216
vn -0.1744763266 -0.9160096672 -0.361226108
vn -0.1747304372 -0.854801522 -0.4886549216
vn -0.1730853503 -0.8259433232 -0.5365250118
vn -0.173085349 -0.8259433361 -0.5365249925
vn -0.1740465089 -0.8317309967 -0.5271919593
vn -0.1656026044 -0.8458929765 -0.5069919623
vn -0.173085349 -0.8259433361 -0.5365249925
vn -0.1656026044 -0.8458929765 -0.5069919623
vn -0.1573669794 -0.858851008 -0.4874531566
vn -0.173085349 -0.8259433361 -0.5365249925
vn -0.1573669794 -0.858851008 -0.4874531566
vn -0.1475119309 -0.8733413551 -0.4642360475
vn -0.1385759661 -0.8825142456 -0.4494055051
vn -0.1475119309 -0.8733413551 -0.4642360475
vn -0.1460787732 -0.8753543363 -0.4608858622
vn -0.1385759661 -0.8825142456 -0.4494055051
vn -0.173085349 -0.8259433361 -0.5365249925
vn -0.1475119309 -0.8733413551 -0.4642360475
vn -0.1333484095 -0.8938880803 -0.4279980159
vn -0.1298153137 -0.8984534801 -0.4194393025
vn -0.1269495061 -0.9020469638 -0.4125470858
vn -0.1385759634 -0.8825142504 -0.4494054964
vn -0.1333484095 -0.8938880803 -0.4279980159
vn -0.1269495061 -0.9020469638 -0.4125470858
vn -0.1385759772 -0.882514248 -0.449405497
vn -0.1269495217 -0.9020469612 -0.4125470866
vn -0.1181451527 -0.9084680487 -0.4009083779
vn -0.1385759772 -0.882514248 -0.449405497
vn -0.1181451527 -0.9084680487 -0.4009083779
vn -0.06581081294 -0.9406591507 -0.332910347
vn -0.06581081294 -0.9406591507 -0.332910347
vn -0.1181451527 -0.9084680487 -0.4009083779
vn -0.06841505998 -0.9392766817 -0.3362717574
vn -0.1385759676 -0.8825142484 -0.449405499
vn -0.06581081462 -0.9406591501 -0.3329103484
vn -0.04860881548 -0.9503180495 -0.3074618479
vn -0.1385759639 -0.8825142491 -0.4494054987
vn -0.1460787659 -0.8753543487 -0.4608858409
vn -0.1333484098 -0.8938880795 -0.4279980174
vn -0.1747304371 -0.8548015199 -0.4886549252
vn -0.1742320614 -0.8369677396 -0.5187756661
vn -0.1740465093 -0.8317309947 -0.5271919623
vn -0.1730853506 -0.8259433296 -0.5365250019
vn -0.1747304371 -0.8548015199 -0.4886549252
vn -0.1740465093 -0.8317309947 -0.5271919623
vn -0.1591012294 -0.9746465682 -0.1573240791
vn -0.1744763314 -0.9160096676 -0.3612261047
vn -0.1982007322 -0.9304368278 -0.308226831
vn -0.1591012318 -0.9746465679 -0.1573240789
vn -0.1982007338 -0.9304368271 -0.3082268319
vn -0.1696500971 -0.980323438 -0.1009197771
vn -0.138722101 -0.9901520568 -0.01884365173
vn -0.169650099 -0.9803234378 -0.1009197761
vn -0.1377864231 -0.9901823087 0.02353502066
vn -0.1744763334 -0.9160096634 -0.3612261142
vn -0.1730853475 -0.8259433253 -0.5365250095
vn -0.2070136818 -0.8276679981 -0.5216426175
vn -0.1744763315 -0.9160096672 -0.3612261056
vn -0.2070136811 -0.827668 -0.5216426148
vn -0.1982007319 -0.9304368289 -0.3082268277
vn -0.1982007343 -0.9304368269 -0.308226832
vn -0.206695923 -0.9435946287 -0.2586618875
vn -0.1696500981 -0.9803234378 -0.1009197779
vn -0.1696500979 -0.9803234377 -0.1009197789
vn -0.1771666747 -0.9826203604 -0.05540033057
vn -0.1377864233 -0.9901823086 0.02353502111
vn -0.1982007327 -0.9304368292 -0.3082268262
vn -0.2070136797 -0.8276679991 -0.5216426169
vn -0.2237827463 -0.8419362559 -0.490983323
vn -0.1385759572 -0.8825142563 -0.4494054868
vn -0.1761169223 -0.8078855403 -0.5624089112
vn -0.1730853459 -0.8259433409 -0.5365249861
vn -0.1730853462 -0.8259433302 -0.5365250024
vn -0.1761169222 -0.8078855479 -0.5624089004
vn -0.2070136802 -0.8276680032 -0.5216426101
vn -0.04671120506 -0.9593377788 -0.2783686214
vn -0.04620203104 -0.9520773342 -0.3023476841
vn -0.04213313927 -0.9563474888 -0.2891786287
vn -0.04671120506 -0.9593377788 -0.2783686214
vn -0.04213313927 -0.9563474888 -0.2891786287
vn -0.02950093915 -0.9685275892 -0.2471517823
vn -0.09526667535 0 -0.9954517872
vn -0.09526667535 0 -0.9954517872
vn -0.09526667535 0 -0.9954517872
vn -0.09521660473 7.628237933e-07 -0.9954565777
vn -0.09521660473 7.628237933e-07 -0.9954565777
vn -0.09521660473 7.628237933e-07 -0.9954565777
vn -0.04671120506 -0.9593377788 -0.2783686214
vn -0.1159796027 -0.8889234341 -0.44312962
vn -0.04620203104 -0.9520773342 -0.3023476841
vn -0.1385759676 -0.8825142484 -0.449405499
vn -0.04860881548 -0.9503180495 -0.3074618479
vn -0.1761169299 -0.807885533 -0.5624089194
vn -0.1159796031 -0.8889234308 -0.4431296264
vn -0.0486088114 -0.9503180511 -0.3074618436
vn -0.04620203399 -0.952077327 -0.3023477062
vn -0.0952183008 0 -0.9954564155
vn -0.0952183008 0 -0.9954564155
vn -0.0952183008 0 -0.9954564155
vn -0.04671120703 -0.9593377725 -0.2783686429
vn -0.07207112349 -0.9546730322 -0.2887995062
vn -0.1159796024 -0.8889234357 -0.4431296169
vn -0.176116926 -0.8078855356 -0.5624089169
vn -0.0486088114 -0.9503180511 -0.3074618436
vn -0.1159796031 -0.8889234308 -0.4431296264
vn -0.1599312741 -0.98140971 0.1060988631
vn -0.1894083404 -0.9656345863 0.1779728246
vn -0.16347976 -0.9798736815 0.114551021
vn -0.1387220995 -0.9901520569 -0.01884365546
vn -0.1596732935 -0.9851820436 0.06261613466
vn -0.1426343039 -0.9897603388 0.005470560223
vn -0.1430430071 -0.9847025544 0.09949662068
vn -0.1599765494 -0.9828893945 0.09130137864
vn -0.1596733035 -0.9851820415 0.06261614227
vn -0.1430430071 -0.9847025544 0.09949662068
vn -0.1599312732 -0.98140971 0.1060988639
vn -0.1599765494 -0.9828893945 0.09130137864
vn -0.1387220975 -0.9901520571 -0.01884365694
vn -0.1430430071 -0.9847025544 0.09949662068
vn -0.1596733035 -0.9851820415 0.06261614227
vn -0.1430430077 -0.9847025543 0.09949662063
vn -0.1894083404 -0.9656345863 0.1779728246
vn -0.1599312741 -0.98140971 0.1060988631
vn -0.1430430085 -0.9847025542 0.09949662069
vn -0.1916890881 -0.9616893823 0.1959816969
vn -0.1894083387 -0.9656345867 0.1779728245
vn -0.1430430085 -0.9847025542 0.09949662069
vn -0.171148017 -0.9550741828 0.2419538419
vn -0.1916890881 -0.9616893823 0.1959816969
vn -0.1965925152 -0.9493617966 0.2450786856
vn -0.2135726319 -0.9276923591 0.3062247832
vn -0.2097297952 -0.9332088461 0.2917784478
vn -0.171148017 -0.9550741828 0.2419538419
vn -0.1954479221 -0.9530149181 0.2314361155
vn -0.1916890881 -0.9616893823 0.1959816969
vn -0.171148017 -0.9550741828 0.2419538419
vn -0.1965925136 -0.9493617976 0.245078683
vn -0.1954479221 -0.9530149181 0.2314361155
vn -0.1711480185 -0.9550741824 0.2419538424
vn -0.2135726319 -0.9276923591 0.3062247832
vn -0.1965925152 -0.9493617966 0.2450786856
vn -0.1711480184 -0.9550741823 0.2419538428
vn -0.2262062372 -0.9002046108 0.3721053574
vn -0.2135726316 -0.927692359 0.3062247836
vn -0.1711480184 -0.9550741823 0.2419538428
vn -0.2305031495 -0.8880726223 0.3977377471
vn -0.2262062372 -0.9002046108 0.3721053574
vn -0.1711480184 -0.9550741823 0.2419538428
vn -0.2210226109 -0.880278162 0.4198325415
vn -0.2305031495 -0.8880726223 0.3977377471
vn -0.2210226109 -0.880278162 0.4198325415
vn -0.2337136429 -0.8773122136 0.4191672851
vn -0.2305031495 -0.8880726223 0.3977377471
vn -0.2210226152 -0.8802781559 0.4198325522
vn -0.2302760206 -0.8752013633 0.425435692
vn -0.2337136433 -0.8773122123 0.4191672876
vn -0.2210226175 -0.8802781552 0.4198325523
vn -0.2311713977 -0.8744175159 0.426560421
vn -0.2302760232 -0.8752013626 0.425435692
vn -0.2210226175 -0.8802781552 0.4198325523
vn -0.2410374574 -0.8654685619 0.4391641066
vn -0.2311713977 -0.8744175159 0.426560421
vn -0.2210226175 -0.8802781552 0.4198325523
vn -0.2506143839 -0.8562149292 0.4517614698
vn -0.2410374574 -0.8654685619 0.4391641066
vn -0.1387220999 -0.9901520569 -0.01884365187
vn -0.1377864233 -0.9901823087 0.02353502041
vn -0.1430430061 -0.9847025547 0.09949661852
vn -0.1430430073 -0.9847025545 0.09949661956
vn -0.1153653912 -0.9862264395 0.1185252573
vn -0.1711480155 -0.9550741835 0.2419538403
vn -0.2210226168 -0.8802781585 0.4198325458
vn -0.1936525837 -0.9088465612 0.3694544694
vn -0.2555794621 -0.8524199805 0.4561351942
vn -0.1711480175 -0.9550741823 0.2419538434
vn -0.1299393902 -0.964158427 0.2313315425
vn -0.221022614 -0.8802781618 0.4198325403
vn -0.1936525837 -0.9088465612 0.3694544695
vn -0.2351987887 -0.8513753894 0.4688725585
vn -0.2555794609 -0.8524199873 0.4561351822
vn -0.2210226168 -0.8802781585 0.4198325458
vn -0.2555794621 -0.8524199805 0.4561351942
vn -0.2506143853 -0.8562149202 0.451761486
vn -0.2506143839 -0.8562149292 0.4517614698
vn -0.2482577715 -0.8585600019 0.4486009384
vn -0.2410374574 -0.8654685619 0.4391641066
vn -0.2351987887 -0.8513753894 0.4688725585
vn -0.2571002147 -0.8494751382 0.460750984
vn -0.2555794609 -0.8524199873 0.4561351822
vn -0.2351987773 -0.8513754048 0.4688725363
vn -0.2515550978 -0.8552963179 0.4529770871
vn -0.2571002315 -0.8494751152 0.460751017
vn -0.2351987773 -0.8513754048 0.4688725363
vn -0.2176197632 -0.8876792008 0.4057921576
vn -0.2515550978 -0.8552963179 0.4529770871
vn -0.2351987773 -0.8513754048 0.4688725363
vn -0.2138940945 -0.8909007859 0.4006808032
vn -0.2176197632 -0.8876792008 0.4057921576
vn -0.235198779 -0.8513753947 0.4688725537
vn -0.2132047805 -0.8904775325 0.4019869223
vn -0.2138940961 -0.8909007765 0.4006808232
vn -0.235198779 -0.8513753947 0.4688725537
vn -0.207141324 -0.8864869324 0.4138035652
vn -0.2132047805 -0.8904775325 0.4019869223
vn -0.235198779 -0.8513753947 0.4688725537
vn -0.1987977938 -0.8805448205 0.4302560358
vn -0.207141324 -0.8864869324 0.4138035652
vn -0.235198779 -0.8513753947 0.4688725537
vn -0.1922125141 -0.8420775481 0.5039441958
vn -0.1987977938 -0.8805448205 0.4302560358
vn -0.1922125281 -0.8420775293 0.5039442218
vn -0.1494943326 -0.907050107 0.3935880435
vn -0.1987977813 -0.8805448342 0.4302560135
vn -0.1922125208 -0.8420775238 0.5039442338
vn -0.1474691521 -0.9087274598 0.3904705533
vn -0.1494943327 -0.9070501068 0.3935880439
vn -0.1922125208 -0.8420775238 0.5039442338
vn -0.1182091241 -0.9308945014 0.3456327969
vn -0.1474691521 -0.9087274598 0.3904705533
vn -0.1922125208 -0.8420775238 0.5039442338
vn -0.07602371507 -0.956682259 0.2810328273
vn -0.1182091241 -0.9308945014 0.3456327969
vn -0.07639751617 -0.9547536674 0.2874175607
vn -0.07602371507 -0.956682259 0.2810328273
vn -0.1922125208 -0.8420775238 0.5039442338
vn -0.07639750782 -0.9547536652 0.28741757
vn -0.07217565786 -0.96091237 0.2672790521
vn -0.07602369378 -0.9566822539 0.2810328505
vn -0.07639750782 -0.9547536652 0.28741757
vn -0.07156863778 -0.9615534506 0.2651280666
vn -0.07217565786 -0.96091237 0.2672790521
vn -0.07639750508 -0.9547536657 0.2874175693
vn -0.05432525829 -0.9806281681 0.1881944798
vn -0.07156863584 -0.9615534509 0.2651280661
vn -0.1377864228 -0.9901823087 0.02353501964
vn -0.115365394 -0.9862264389 0.1185252595
vn -0.1430430068 -0.9847025546 0.09949661917
vn -0.1711480152 -0.9550741837 0.2419538398
vn -0.1153653898 -0.98622644 0.1185252539
vn -0.1299393867 -0.9641584291 0.2313315355
vn -0.2210226146 -0.8802781627 0.4198325382
vn -0.1299393894 -0.9641584264 0.2313315455
vn -0.1936525831 -0.9088465623 0.3694544671
vn -0.1153653989 -0.9862264382 0.1185252605
vn -0.133500256 -0.9805660321 0.1437634806
vn -0.129939377 -0.9641584321 0.2313315285
vn -0.1377864236 -0.9901823086 0.02353502033
vn -0.1513731838 -0.9864262364 0.06363520553
vn -0.1153653998 -0.9862264377 0.1185252635
vn -0.1299393812 -0.9641584287 0.2313315403
vn -0.1496044962 -0.9672577469 0.2050145016
vn -0.1936525845 -0.9088465617 0.3694544679
vn -0.1335002561 -0.9805660327 0.1437634763
vn -0.1496044991 -0.9672577455 0.205014506
vn -0.1299393769 -0.964158431 0.2313315331
vn -0.1496044969 -0.9672577467 0.2050145017
vn -0.192976012 -0.9225061869 0.3342792155
vn -0.1936525844 -0.9088465617 0.3694544679
vn -0.1936525842 -0.9088465616 0.3694544682
vn -0.1929760115 -0.9225061858 0.3342792187
vn -0.235198789 -0.8513753896 0.468872558
vn -0.1929760113 -0.9225061858 0.3342792191
vn -0.2042334534 -0.8416364013 0.4999368606
vn -0.235198785 -0.8513753859 0.4688725667
vn -0.2042334528 -0.8416364029 0.499936858
vn -0.1922125166 -0.8420775365 0.5039442142
vn -0.2351987787 -0.8513753959 0.4688725518
vn -0.0763975183 -0.9547536669 0.2874175617
vn -0.1922125225 -0.8420775234 0.5039442337
vn -0.1763118804 -0.7957104845 0.5794471035
vn -0.07639750508 -0.9547536657 0.2874175693
vn -0.09068050307 -0.9279078707 0.3616130941
vn -0.05432525829 -0.9806281681 0.1881944798
vn -0.09068050307 -0.9279078707 0.3616130941
vn -0.04850482174 -0.9855361511 0.1623754206
vn -0.05432525829 -0.9806281681 0.1881944798
vn -0.09068051379 -0.9279078647 0.3616131069
vn -0.04373460039 -0.9876586974 0.1503914299
vn -0.04850480512 -0.9855361552 0.1623754002
vn -0.09068051379 -0.9279078647 0.3616131069
vn -0.01576654889 -0.9966709139 0.0799906582
vn -0.04373460039 -0.9876586974 0.1503914299
vn -0.09068051379 -0.9279078647 0.3616131069
vn -0.006892061886 -0.9982999136 0.05787730163
vn -0.01576654889 -0.9966709139 0.0799906582
vn -0.172380913 0 0.9850303654
vn -0.172380913 0 0.9850303654
vn -0.172380913 0 0.9850303654
vn -0.2042334518 -0.8416364051 0.4999368548
vn -0.1763118957 -0.7957104495 0.5794471468
vn -0.1922125117 -0.8420775447 0.5039442023
vn -0.07639750618 -0.9547536699 0.2874175549
vn -0.1763118824 -0.7957104823 0.5794471058
vn -0.09068050615 -0.9279078772 0.3616130767
vn -0.003183441986 -0.9974521772 0.07126724326
vn -0.006892061886 -0.9982999136 0.05787730163
vn -0.09068051379 -0.9279078647 0.3616131069
vn -0.003183432137 -0.9974521776 0.07126723721
vn -0.09068051117 -0.9279078655 0.3616131055
vn -0.02662298843 -0.9912799664 0.1290551999
vn -0.1723801796 0 0.9850304938
vn -0.1723801796 0 0.9850304938
vn -0.1723801796 0 0.9850304938
vn -0.1333484095 0.8938880803 -0.4279980159
vn -0.1269495061 0.9020469638 -0.4125470858
vn -0.1298153137 0.8984534801 -0.4194393025
vn -0.1385759634 0.8825142504 -0.4494054964
vn -0.1269495061 0.9020469638 -0.4125470858
vn -0.1333484095 0.8938880803 -0.4279980159
vn -0.1385759772 0.882514248 -0.449405497
vn -0.1181451527 0.9084680487 -0.4009083779
vn -0.1269495217 0.9020469612 -0.4125470866
vn -0.1385759772 0.882514248 -0.449405497
vn -0.06581081294 0.9406591507 -0.332910347
vn -0.1181451527 0.9084680487 -0.4009083779
vn -0.06581081294 0.9406591507 -0.332910347
vn -0.06841505998 0.9392766817 -0.3362717574
vn -0.1181451527 0.9084680487 -0.4009083779
vn -0.1385759676 0.8825142484 -0.449405499
vn -0.04860881548 0.9503180495 -0.3074618479
vn -0.06581081462 0.9406591501 -0.3329103484
vn -0.1385759639 0.8825142491 -0.4494054987
vn -0.1333484098 0.8938880795 -0.4279980174
vn -0.1460787659 0.8753543487 -0.4608858409
vn -0.1385759661 0.8825142456 -0.4494055051
vn -0.1460787732 0.8753543363 -0.4608858622
vn -0.1475119309 0.8733413551 -0.4642360475
vn -0.173085349 0.8259433361 -0.5365249925
vn -0.1475119309 0.8733413551 -0.4642360475
vn -0.1573669794 0.858851008 -0.4874531566
vn -0.173085349 0.8259433361 -0.5365249925
vn -0.1656026044 0.8458929765 -0.5069919623
vn -0.1740465089 0.8317309967 -0.5271919593
vn -0.173085349 0.8259433361 -0.5365249925
vn -0.1573669794 0.858851008 -0.4874531566
vn -0.1656026044 0.8458929765 -0.5069919623
vn -0.1385759661 0.8825142456 -0.4494055051
vn -0.1475119309 0.8733413551 -0.4642360475
vn -0.173085349 0.8259433361 -0.5365249925
vn -0.1740465093 0.8317309947 -0.5271919623
vn -0.1742320614 0.8369677396 -0.5187756661
vn -0.1747304371 0.8548015199 -0.4886549252
vn -0.1730853506 0.8259433296 -0.5365250019
vn -0.1740465093 0.8317309947 -0.5271919623
vn -0.1747304371 0.8548015199 -0.4886549252
vn -0.1535835492 0.9496303145 -0.2731562908
vn -0.1668943267 0.9251651506 -0.3409042794
vn -0.1537736035 0.9493243483 -0.2741112194
vn -0.1744763266 0.9160096672 -0.361226108
vn -0.1753667499 0.8834445818 -0.4344791985
vn -0.1753531514 0.906009469 -0.3852247582
vn -0.1744763252 0.9160096684 -0.3612261055
vn -0.175353147 0.9060094706 -0.3852247564
vn -0.1668943267 0.9251651506 -0.3409042794
vn -0.1744763252 0.9160096684 -0.3612261055
vn -0.1668943267 0.9251651506 -0.3409042794
vn -0.1535835492 0.9496303145 -0.2731562908
vn -0.159101229 0.9746465688 -0.1573240758
vn -0.1535835503 0.949630314 -0.2731562919
vn -0.1489623797 0.9634550427 -0.2226310628
vn -0.1331090732 0.990761625 -0.02594950979
vn -0.1378601474 0.98106868 -0.1360103848
vn -0.1374107466 0.9826911084 -0.1242435999
vn -0.159101229 0.9746465689 -0.1573240752
vn -0.1454680892 0.9718606404 -0.185272585
vn -0.1397902535 0.9789300082 -0.1488446308
vn -0.159101229 0.9746465689 -0.1573240752
vn -0.1397902535 0.9789300082 -0.1488446308
vn -0.137860148 0.9810686802 -0.1360103834
vn -0.159101229 0.9746465688 -0.1573240758
vn -0.1489623797 0.9634550427 -0.2226310628
vn -0.1454680891 0.971860641 -0.1852725819
vn -0.1387221012 0.9901520566 -0.01884365607
vn -0.1378601474 0.98106868 -0.1360103848
vn -0.1331090732 0.990761625 -0.02594950979
vn -0.1387220995 0.9901520569 -0.01884365546
vn -0.1331090727 0.9907616251 -0.02594950956
vn -0.1364158433 0.9905371143 -0.01506462397
vn -0.1387220995 0.9901520569 -0.01884365546
vn -0.1364158433 0.9905371143 -0.01506462397
vn -0.1426343039 0.9897603388 0.005470560223
vn -0.1744763266 0.9160096672 -0.361226108
vn -0.1747304372 0.854801522 -0.4886549216
vn -0.1751204216 0.8688929844 -0.462987926
vn -0.1744763266 0.9160096672 -0.361226108
vn -0.1751204216 0.8688929844 -0.462987926
vn -0.1752930014 0.8778190286 -0.4457646428
vn -0.1744763266 0.9160096672 -0.361226108
vn -0.1752930014 0.8778190286 -0.4457646428
vn -0.1753667499 0.8834445818 -0.4344791985
vn -0.1730853503 0.8259433232 -0.5365250118
vn -0.1747304372 0.854801522 -0.4886549216
vn -0.1744763266 0.9160096672 -0.361226108
vn -0.1744763317 0.9160096662 -0.3612261079
vn -0.1535835503 0.949630314 -0.2731562919
vn -0.159101229 0.9746465688 -0.1573240758
vn -0.159101229 0.9746465689 -0.1573240752
vn -0.137860148 0.9810686802 -0.1360103834
vn -0.1387221026 0.9901520565 -0.01884365164
vn -0.1591012317 0.974646568 -0.157324078
vn -0.1387221015 0.9901520567 -0.01884365052
vn -0.1696500976 0.9803234377 -0.1009197793
vn -0.02950093915 0.9685275892 -0.2471517823
vn -0.04213313927 0.9563474888 -0.2891786287
vn -0.04620203104 0.9520773342 -0.3023476841
vn -0.09521652972 -2.598736947e-06 -0.9954565849
vn -0.09521652972 -2.598736947e-06 -0.9954565849
vn -0.09521652972 -2.598736947e-06 -0.9954565849
vn -0.04671120506 0.9593377788 -0.2783686214
vn -0.02950093915 0.9685275892 -0.2471517823
vn -0.04620203104 0.9520773342 -0.3023476841
vn -0.09521732698 0 -0.9954565087
vn -0.09521732698 0 -0.9954565087
vn -0.09521732698 0 -0.9954565087
vn -0.04671120506 0.9593377788 -0.2783686214
vn -0.04620203104 0.9520773342 -0.3023476841
vn -0.1159796027 0.8889234341 -0.44312962
vn -0.1385759676 0.8825142484 -0.449405499
vn -0.1761169299 0.807885533 -0.5624089194
vn -0.04860881548 0.9503180495 -0.3074618479
vn -0.1159796031 0.8889234308 -0.4431296264
vn -0.04620203399 0.952077327 -0.3023477062
vn -0.0486088114 0.9503180511 -0.3074618436
vn -0.1385759572 0.8825142563 -0.4494054868
vn -0.1730853459 0.8259433409 -0.5365249861
vn -0.1761169223 0.8078855403 -0.5624089112
vn -0.1730853462 0.8259433302 -0.5365250024
vn -0.2070136802 0.8276680032 -0.5216426101
vn -0.1761169222 0.8078855479 -0.5624089004
vn -0.0952183008 0 -0.9954564155
vn -0.0952183008 0 -0.9954564155
vn -0.0952183008 0 -0.9954564155
vn -0.04671120703 0.9593377725 -0.2783686429
vn -0.1159796024 0.8889234357 -0.4431296169
vn -0.07207112349 0.9546730322 -0.2887995062
vn -0.1159796031 0.8889234308 -0.4431296264
vn -0.0486088114 0.9503180511 -0.3074618436
vn -0.176116926 0.8078855356 -0.5624089169
vn -0.1730853475 0.8259433253 -0.5365250095
vn -0.1744763334 0.9160096634 -0.3612261142
vn -0.2070136818 0.8276679981 -0.5216426175
vn -0.1744763315 0.9160096672 -0.3612261056
vn -0.1982007319 0.9304368289 -0.3082268277
vn -0.2070136811 0.827668 -0.5216426148
vn -0.1744763314 0.9160096676 -0.3612261047
vn -0.1591012294 0.9746465682 -0.1573240791
vn -0.1982007322 0.9304368278 -0.308226831
vn -0.1591012318 0.9746465679 -0.1573240789
vn -0.1696500971 0.980323438 -0.1009197771
vn -0.1982007338 0.9304368271 -0.3082268319
vn -0.138722101 0.9901520568 -0.01884365173
vn -0.1377864231 0.9901823087 0.02353502066
vn -0.169650099 0.9803234378 -0.1009197761
vn -0.2070136797 0.8276679991 -0.5216426169
vn -0.1982007327 0.9304368292 -0.3082268262
vn -0.2237827463 0.8419362559 -0.490983323
vn -0.1982007343 0.9304368269 -0.308226832
vn -0.1696500981 0.9803234378 -0.1009197779
vn -0.206695923 0.9435946287 -0.2586618875
vn -0.1696500979 0.9803234377 -0.1009197789
vn -0.1377864233 0.9901823086 0.02353502111
vn -0.1771666747 0.9826203604 -0.05540033057
vn -0.2210226168 0.8802781585 0.4198325458
vn -0.2506143853 0.8562149202 0.451761486
vn -0.2555794621 0.8524199805 0.4561351942
vn -0.2506143839 0.8562149292 0.4517614698
vn -0.2410374574 0.8654685619 0.4391641066
vn -0.2482577715 0.8585600019 0.4486009384
vn -0.1922125281 0.8420775293 0.5039442218
vn -0.1987977813 0.8805448342 0.4302560135
vn -0.1494943326 0.907050107 0.3935880435
vn -0.1922125208 0.8420775238 0.5039442338
vn -0.1494943327 0.9070501068 0.3935880439
vn -0.1474691521 0.9087274598 0.3904705533
vn -0.1922125208 0.8420775238 0.5039442338
vn -0.1474691521 0.9087274598 0.3904705533
vn -0.1182091241 0.9308945014 0.3456327969
vn -0.1922125208 0.8420775238 0.5039442338
vn -0.1182091241 0.9308945014 0.3456327969
vn -0.07602371507 0.956682259 0.2810328273
vn -0.07639750782 0.9547536652 0.28741757
vn -0.07602369378 0.9566822539 0.2810328505
vn -0.07217565786 0.96091237 0.2672790521
vn -0.07639750782 0.9547536652 0.28741757
vn -0.07217565786 0.96091237 0.2672790521
vn -0.07156863778 0.9615534506 0.2651280666
vn -0.07639750508 0.9547536657 0.2874175693
vn -0.07156863584 0.9615534509 0.2651280661
vn -0.05432525829 0.9806281681 0.1881944798
vn -0.07639751617 0.9547536674 0.2874175607
vn -0.1922125208 0.8420775238 0.5039442338
vn -0.07602371507 0.956682259 0.2810328273
vn -0.2351987887 0.8513753894 0.4688725585
vn -0.2555794609 0.8524199873 0.4561351822
vn -0.2571002147 0.8494751382 0.460750984
vn -0.2351987773 0.8513754048 0.4688725363
vn -0.2515550978 0.8552963179 0.4529770871
vn -0.2176197632 0.8876792008 0.4057921576
vn -0.2351987773 0.8513754048 0.4688725363
vn -0.2571002315 0.8494751152 0.460751017
vn -0.2515550978 0.8552963179 0.4529770871
vn -0.2351987773 0.8513754048 0.4688725363
vn -0.2176197632 0.8876792008 0.4057921576
vn -0.2138940945 0.8909007859 0.4006808032
vn -0.235198779 0.8513753947 0.4688725537
vn -0.2138940961 0.8909007765 0.4006808232
vn -0.2132047805 0.8904775325 0.4019869223
vn -0.235198779 0.8513753947 0.4688725537
vn -0.2132047805 0.8904775325 0.4019869223
vn -0.207141324 0.8864869324 0.4138035652
vn -0.235198779 0.8513753947 0.4688725537
vn -0.207141324 0.8864869324 0.4138035652
vn -0.1987977938 0.8805448205 0.4302560358
vn -0.1922125141 0.8420775481 0.5039441958
vn -0.235198779 0.8513753947 0.4688725537
vn -0.1987977938 0.8805448205 0.4302560358
vn -0.1965925152 0.9493617966 0.2450786856
vn -0.2097297952 0.9332088461 0.2917784478
vn -0.2135726319 0.9276923591 0.3062247832
vn -0.2210226175 0.8802781552 0.4198325523
vn -0.2311713977 0.8744175159 0.426560421
vn -0.2410374574 0.8654685619 0.4391641066
vn -0.2210226175 0.8802781552 0.4198325523
vn -0.2302760232 0.8752013626 0.425435692
vn -0.2311713977 0.8744175159 0.426560421
vn -0.2210226152 0.8802781559 0.4198325522
vn -0.2337136433 0.8773122123 0.4191672876
vn -0.2302760206 0.8752013633 0.425435692
vn -0.2210226109 0.880278162 0.4198325415
vn -0.2305031495 0.8880726223 0.3977377471
vn -0.2337136429 0.8773122136 0.4191672851
vn -0.2210226175 0.8802781552 0.4198325523
vn -0.2410374574 0.8654685619 0.4391641066
vn -0.2506143839 0.8562149292 0.4517614698
vn -0.1711480184 0.9550741823 0.2419538428
vn -0.2135726316 0.927692359 0.3062247836
vn -0.2262062372 0.9002046108 0.3721053574
vn -0.1711480184 0.9550741823 0.2419538428
vn -0.2262062372 0.9002046108 0.3721053574
vn -0.2305031495 0.8880726223 0.3977377471
vn -0.1711480185 0.9550741824 0.2419538424
vn -0.1965925152 0.9493617966 0.2450786856
vn -0.2135726319 0.9276923591 0.3062247832
vn -0.171148017 0.9550741828 0.2419538419
vn -0.1916890881 0.9616893823 0.1959816969
vn -0.1954479221 0.9530149181 0.2314361155
vn -0.171148017 0.9550741828 0.2419538419
vn -0.1954479221 0.9530149181 0.2314361155
vn -0.1965925136 0.9493617976 0.245078683
vn -0.2210226109 0.880278162 0.4198325415
vn -0.1711480184 0.9550741823 0.2419538428
vn -0.2305031495 0.8880726223 0.3977377471
vn -0.1894083404 0.9656345863 0.1779728246
vn -0.1599312741 0.98140971 0.1060988631
vn -0.16347976 0.9798736815 0.114551021
vn -0.1387220995 0.9901520569 -0.01884365546
vn -0.1426343039 0.9897603388 0.005470560223
vn -0.1596732935 0.9851820436 0.06261613466
vn -0.1430430071 0.9847025544 0.09949662068
vn -0.1596733035 0.9851820415 0.06261614227
vn -0.1599765494 0.9828893945 0.09130137864
vn -0.1430430071 0.9847025544 0.09949662068
vn -0.1599765494 0.9828893945 0.09130137864
vn -0.1599312732 0.98140971 0.1060988639
vn -0.1387220975 0.9901520571 -0.01884365694
vn -0.1596733035 0.9851820415 0.06261614227
vn -0.1430430071 0.9847025544 0.09949662068
vn -0.1430430077 0.9847025543 0.09949662063
vn -0.1599312741 0.98140971 0.1060988631
vn -0.1894083404 0.9656345863 0.1779728246
vn -0.1430430085 0.9847025542 0.09949662069
vn -0.1894083387 0.9656345867 0.1779728245
vn -0.1916890881 0.9616893823 0.1959816969
vn -0.171148017 0.9550741828 0.2419538419
vn -0.1430430085 0.9847025542 0.09949662069
vn -0.1916890881 0.9616893823 0.1959816969
vn -0.2210226168 0.8802781585 0.4198325458
vn -0.2555794621 0.8524199805 0.4561351942
vn -0.1936525837 0.9088465612 0.3694544694
vn -0.221022614 0.8802781618 0.4198325403
vn -0.1299393902 0.964158427 0.2313315425
vn -0.1711480175 0.9550741823 0.2419538434
vn -0.1387220999 0.9901520569 -0.01884365187
vn -0.1430430061 0.9847025547 0.09949661852
vn -0.1377864233 0.9901823087 0.02353502041
vn -0.1711480155 0.9550741835 0.2419538403
vn -0.1153653912 0.9862264395 0.1185252573
vn -0.1430430073 0.9847025545 0.09949661956
vn -0.2351987887 0.8513753894 0.4688725585
vn -0.1936525837 0.9088465612 0.3694544695
vn -0.2555794609 0.8524199873 0.4561351822
vn -0.0763975183 0.9547536669 0.2874175617
vn -0.1763118804 0.7957104845 0.5794471035
vn -0.1922125225 0.8420775234 0.5039442337
vn -0.07639750508 0.9547536657 0.2874175693
vn -0.05432525829 0.9806281681 0.1881944798
vn -0.09068050307 0.9279078707 0.3616130941
vn -0.09068050307 0.9279078707 0.3616130941
vn -0.05432525829 0.9806281681 0.1881944798
vn -0.04850482174 0.9855361511 0.1623754206
vn -0.09068051379 0.9279078647 0.3616131069
vn -0.04850480512 0.9855361552 0.1623754002
vn -0.01576654866 0.9966709139 0.07999065756
vn -0.172380913 0 0.9850303654
vn -0.172380913 0 0.9850303654
vn -0.172380913 0 0.9850303654
vn -0.09068051379 0.9279078647 0.3616131069
vn -0.01576654866 0.9966709139 0.07999065756
vn -0.006892061886 0.9982999136 0.05787730163
vn -0.1922125166 0.8420775365 0.5039442142
vn -0.2042334528 0.8416364029 0.499936858
vn -0.2351987787 0.8513753959 0.4688725518
vn -0.003183441986 0.9974521772 0.07126724326
vn -0.09068051379 0.9279078647 0.3616131069
vn -0.006892061886 0.9982999136 0.05787730163
vn -0.1723801796 0 0.9850304938
vn -0.1723801796 0 0.9850304938
vn -0.1723801796 0 0.9850304938
vn -0.07639750618 0.9547536699 0.2874175549
vn -0.09068050615 0.9279078772 0.3616130767
vn -0.1763118824 0.7957104823 0.5794471058
vn -0.003183432137 0.9974521776 0.07126723721
vn -0.02662298843 0.9912799664 0.1290551999
vn -0.09068051117 0.9279078655 0.3616131055
vn -0.1922125117 0.8420775447 0.5039442023
vn -0.1763118957 0.7957104495 0.5794471468
vn -0.2042334518 0.8416364051 0.4999368548
vn -0.2210226146 0.8802781627 0.4198325382
vn -0.1936525831 0.9088465623 0.3694544671
vn -0.1299393894 0.9641584264 0.2313315455
vn -0.1377864228 0.9901823087 0.02353501964
vn -0.1430430068 0.9847025546 0.09949661917
vn -0.115365394 0.9862264389 0.1185252595
vn -0.1711480152 0.9550741837 0.2419538398
vn -0.1299393867 0.9641584291 0.2313315355
vn -0.1153653898 0.98622644 0.1185252539
vn -0.1936525844 0.9088465617 0.3694544679
vn -0.192976012 0.9225061869 0.3342792155
vn -0.1496044969 0.9672577467 0.2050145017
vn -0.1153653989 0.9862264382 0.1185252605
vn -0.129939377 0.9641584321 0.2313315285
vn -0.133500256 0.9805660321 0.1437634806
vn -0.1377864236 0.9901823086 0.02353502033
vn -0.1153653998 0.9862264377 0.1185252635
vn -0.1513731838 0.9864262364 0.06363520553
vn -0.1936525845 0.9088465617 0.3694544679
vn -0.1496044962 0.9672577469 0.2050145016
vn -0.1299393812 0.9641584287 0.2313315403
vn -0.1335002561 0.9805660327 0.1437634763
vn -0.1299393769 0.964158431 0.2313315331
vn -0.1496044991 0.9672577455 0.205014506
vn -0.235198789 0.8513753896 0.468872558
vn -0.1929760115 0.9225061858 0.3342792187
vn -0.1936525842 0.9088465616 0.3694544682
vn -0.235198785 0.8513753859 0.4688725667
vn -0.2042334534 0.8416364013 0.4999368606
vn -0.1929760113 0.9225061858 0.3342792191
vn -0.2149560097 -0.7638046206 -0.6086020173
vn -0.2237827461 -0.8419362568 -0.4909833215
vn -0.2070136791 -0.8276680023 -0.521642612
vn -0.2092646463 -0.8301017253 -0.5168553313
vn -0.2070018399 -0.8534587571 -0.4782869308
vn -0.2237827574 -0.8419362509 -0.4909833265
vn -0.2110208462 -0.7999273086 -0.5617708638
vn -0.2237827528 -0.8419362592 -0.4909833144
vn -0.214956008 -0.7638046198 -0.6086020189
vn -0.2110208517 -0.7999272968 -0.5617708786
vn -0.2104710015 -0.8121947435 -0.5440971018
vn -0.2237827574 -0.8419362509 -0.4909833265
vn -0.2092646463 -0.8301017253 -0.5168553313
vn -0.2237827574 -0.8419362509 -0.4909833265
vn -0.2104710015 -0.8121947435 -0.5440971018
vn 0.9078675362 0.1561224081 0.3891045238
vn 0.9078675362 0.1561224081 0.3891045238
vn 0.9078675362 0.1561224081 0.3891045238
vn -0.1941173721 -0.745166631 -0.6380008917
vn -0.2061236636 -0.765046182 -0.6100962013
vn -0.2149560085 -0.7638046202 -0.6086020183
vn -0.2110208462 -0.7999273086 -0.5617708638
vn -0.214956008 -0.7638046198 -0.6086020189
vn -0.2082235062 -0.7793598444 -0.590966331
vn -0.2082235062 -0.7793598444 -0.590966331
vn -0.214956008 -0.7638046198 -0.6086020189
vn -0.2061236652 -0.7650461818 -0.6100962009
vn 0.9078657028 0.1561246041 0.3891079204
vn 0.9078657028 0.1561246041 0.3891079204
vn 0.9078657028 0.1561246041 0.3891079204
vn -0.1982007336 -0.9304368277 -0.3082268301
vn -0.2237827475 -0.8419362538 -0.4909833261
vn -0.2066959232 -0.9435946285 -0.2586618884
vn -0.2066959233 -0.9435946282 -0.2586618892
vn -0.1771666744 -0.9826203607 -0.05540032596
vn -0.1696500978 -0.980323438 -0.1009197766
vn -0.1377864235 -0.9901823086 0.02353502055
vn -0.1771666742 -0.9826203606 -0.05540033008
vn -0.1513731837 -0.9864262364 0.06363520593
vn -0.2066959122 -0.9435946312 -0.258661887
vn -0.1740156196 -0.9797735381 -0.09880474735
vn -0.1771666804 -0.9826203596 -0.05540032705
vn -0.1771666805 -0.9826203595 -0.05540032867
vn -0.1627872484 -0.9863572906 -0.024486874
vn -0.1582581898 -0.9873977415 -0.000213395254
vn -0.1771666805 -0.9826203595 -0.05540032867
vn -0.1582581898 -0.9873977415 -0.000213395254
vn -0.152614 -0.9879077306 0.02733647405
vn -0.1771666805 -0.9826203595 -0.05540032867
vn -0.152614 -0.9879077306 0.02733647405
vn -0.1513731882 -0.9864262356 0.06363520688
vn 0.9718758087 0.2206974244 0.08215874425
vn 0.9718758087 0.2206974244 0.08215874425
vn 0.9718758087 0.2206974244 0.08215874425
vn 0.9685784495 0.2453428623 0.04077581474
vn 0.9685784495 0.2453428623 0.04077581474
vn 0.9685784495 0.2453428623 0.04077581474
vn 0.9718758887 0.2206969096 0.08215918066
vn 0.9718758887 0.2206969096 0.08215918066
vn 0.9718758887 0.2206969096 0.08215918066
vn 0.971865865 0.1746843093 0.1579940899
vn 0.971865865 0.1746843093 0.1579940899
vn 0.971865865 0.1746843093 0.1579940899
vn 0.970000491 0.1571929488 0.1854438577
vn 0.970000491 0.1571929488 0.1854438577
vn 0.970000491 0.1571929488 0.1854438577
vn 0.9804973118 0.1786440841 0.08192260217
vn 0.9804973118 0.1786440841 0.08192260217
vn 0.9804973118 0.1786440841 0.08192260217
vn 0.9806537194 0.157320422 0.1164841936
vn 0.9806537194 0.157320422 0.1164841936
vn 0.9806537194 0.157320422 0.1164841936
vn -0.2066959122 -0.9435946312 -0.258661887
vn -0.1903233138 -0.9515664281 -0.2414505523
vn -0.1878872757 -0.9583089433 -0.2152727128
vn -0.2066959122 -0.9435946312 -0.258661887
vn -0.1878872757 -0.9583089433 -0.2152727128
vn -0.1828044234 -0.9685388769 -0.1688638111
vn -0.2066959122 -0.9435946312 -0.258661887
vn -0.1828044234 -0.9685388769 -0.1688638111
vn -0.1740156196 -0.9797735381 -0.09880474735
vn 0.9327412576 0.2403689087 0.2687313421
vn 0.9327412576 0.2403689087 0.2687313421
vn 0.9327412576 0.2403689087 0.2687313421
vn -0.2066959122 -0.9435946312 -0.258661887
vn -0.2003962586 -0.9186489721 -0.3404782012
vn -0.1952461741 -0.9380356116 -0.2863007559
vn -0.2066959122 -0.9435946312 -0.258661887
vn -0.1952461741 -0.9380356116 -0.2863007559
vn -0.1903233142 -0.9515664272 -0.2414505554
vn 0.9291732777 0.2228117553 0.2949439638
vn 0.9291732777 0.2228117553 0.2949439638
vn 0.9291732777 0.2228117553 0.2949439638
vn 0.9327396481 0.2403742558 0.2687321455
vn 0.9327396481 0.2403742558 0.2687321455
vn 0.9327396481 0.2403742558 0.2687321455
vn 0.9484160405 0.2229917343 0.2253479543
vn 0.9484160405 0.2229917343 0.2253479543
vn 0.9484160405 0.2229917343 0.2253479543
vn -0.2066959139 -0.9435946307 -0.2586618875
vn -0.2237827573 -0.8419362505 -0.4909833273
vn -0.2003962594 -0.9186489721 -0.3404782009
vn -0.2237827573 -0.8419362505 -0.4909833273
vn -0.2043612208 -0.8882564565 -0.4113841987
vn -0.2028797999 -0.902212897 -0.3805938457
vn -0.2237827573 -0.8419362505 -0.4909833273
vn -0.2028797999 -0.902212897 -0.3805938457
vn -0.2003962594 -0.9186489721 -0.3404782009
vn 0.9484165945 0.2229905133 0.225346831
vn 0.9484165945 0.2229905133 0.225346831
vn 0.9484165945 0.2229905133 0.225346831
vn 0.9050787509 0.2216058443 0.3629370529
vn 0.9050787509 0.2216058443 0.3629370529
vn 0.9050787509 0.2216058443 0.3629370529
vn 0.9291734491 0.2228091201 0.2949454143
vn 0.9291734491 0.2228091201 0.2949454143
vn 0.9291734491 0.2228091201 0.2949454143
vn 0.9291731453 0.2228112838 0.294944737
vn 0.9291731453 0.2228112838 0.294944737
vn 0.9291731453 0.2228112838 0.294944737
vn 0.9105680036 0.2396767458 0.3367802969
vn 0.9105680036 0.2396767458 0.3367802969
vn 0.9105680036 0.2396767458 0.3367802969
vn -0.2237827573 -0.8419362505 -0.4909833273
vn -0.2061543763 -0.8603885259 -0.4660814924
vn -0.2043612208 -0.8882564565 -0.4113841987
vn -0.2237827574 -0.8419362509 -0.4909833265
vn -0.2070018399 -0.8534587571 -0.4782869308
vn -0.2061543762 -0.8603885256 -0.466081493
vn 0.9050789322 0.2216048468 0.3629372099
vn 0.9050789322 0.2216048468 0.3629372099
vn 0.9050789322 0.2216048468 0.3629372099
vn 0.9146056501 0.1734334969 0.3652633666
vn 0.9146056501 0.1734334969 0.3652633666
vn 0.9146056501 0.1734334969 0.3652633666
vn -0.1771666808 -0.9826203596 -0.05540032682
vn -0.1723571371 -0.9811336559 -0.08757720349
vn -0.1672832246 -0.9843079327 -0.05616241141
vn -0.1771666808 -0.9826203596 -0.05540032682
vn -0.1672832246 -0.9843079327 -0.05616241141
vn -0.165641543 -0.9850804669 -0.04668354013
vn -0.1771666808 -0.9826203596 -0.05540032682
vn -0.17401562 -0.9797735381 -0.09880474697
vn -0.1723571371 -0.9811336559 -0.08757720349
vn -0.1771666817 -0.9826203591 -0.05540033155
vn -0.1656415429 -0.985080467 -0.04668353948
vn -0.1627872487 -0.9863572906 -0.02448687483
vn 0.9501563522 0.2397469575 0.1993095649
vn 0.9501563522 0.2397469575 0.1993095649
vn 0.9501563522 0.2397469575 0.1993095649
vn 0.9623268896 0.2222583348 0.1566147826
vn 0.9623268896 0.2222583348 0.1566147826
vn 0.9623268896 0.2222583348 0.1566147826
vn 0.9621728194 0.2435690656 0.122055626
vn 0.9621728194 0.2435690656 0.122055626
vn 0.9621728194 0.2435690656 0.122055626
vn 0.9621728237 0.2435703369 0.1220530553
vn 0.9621728237 0.2435703369 0.1220530553
vn 0.9621728237 0.2435703369 0.1220530553
vn 0.9501421371 0.239801072 0.1993122303
vn 0.9501421371 0.239801072 0.1993122303
vn 0.9501421371 0.239801072 0.1993122303
vn 0.9621727818 0.2435703492 0.1220533606
vn 0.9621727818 0.2435703492 0.1220533606
vn 0.9621727818 0.2435703492 0.1220533606
vn 0.9623261924 0.2222599454 0.1566167812
vn 0.9623261924 0.2222599454 0.1566167812
vn 0.9623261924 0.2222599454 0.1566167812
vn 0.9386242192 0.1747018262 0.2974287261
vn 0.9386242192 0.1747018262 0.2974287261
vn 0.9386242192 0.1747018262 0.2974287261
vn 0.9578319308 0.1746820668 0.228131909
vn 0.9578319308 0.1746820668 0.228131909
vn 0.9578319308 0.1746820668 0.228131909
vn 0.9542651574 0.1571194093 0.2543452391
vn 0.9542651574 0.1571194093 0.2543452391
vn 0.9542651574 0.1571194093 0.2543452391
vn 0.9146055223 0.1734340193 0.3652634385
vn 0.9146055223 0.1734340193 0.3652634385
vn 0.9146055223 0.1734340193 0.3652634385
vn 0.9332111559 0.1565679305 0.3234245224
vn 0.9332111559 0.1565679305 0.3234245224
vn 0.9332111559 0.1565679305 0.3234245224
vn -0.2149560108 -0.7638046171 -0.6086020213
vn -0.2070136814 -0.8276679966 -0.5216426201
vn -0.1761169221 -0.8078855482 -0.5624089
vn -0.2149560109 -0.7638046162 -0.6086020223
vn -0.1761169257 -0.807885536 -0.5624089164
vn -0.1159796061 -0.8889234265 -0.4431296342
vn -0.2149560105 -0.7638046138 -0.6086020255
vn -0.1159796061 -0.8889234256 -0.4431296361
vn -0.1369592601 -0.7970792194 -0.5881384863
vn -0.07609683836 -0.9430730611 -0.3237629884
vn -0.1159796053 -0.8889234378 -0.4431296117
vn -0.0720711165 -0.9546730282 -0.2887995212
vn -0.09521759028 0 -0.9954564835
vn -0.09521759028 0 -0.9954564835
vn -0.09521759028 0 -0.9954564835
vn -0.07609683836 -0.9430730611 -0.3237629884
vn -0.1369592619 -0.7970792281 -0.5881384742
vn -0.1159796053 -0.8889234378 -0.4431296117
vn -0.09521719077 0 -0.9954565217
vn -0.09521719077 0 -0.9954565217
vn -0.09521719077 0 -0.9954565217
vn -0.2149560103 -0.7638046134 -0.6086020261
vn -0.1369592592 -0.7970792191 -0.588138487
vn -0.1780662778 -0.7182396823 -0.6726248282
vn 0.913838912 0.1069457284 0.391741055
vn 0.913838912 0.1069457284 0.391741055
vn 0.913838912 0.1069457284 0.391741055
vn 0.9061697902 0.09085289682 0.4130400252
vn 0.9061697902 0.09085289682 0.4130400252
vn 0.9061697902 0.09085289682 0.4130400252
vn -0.07609683487 -0.9430730612 -0.323762989
vn -0.03281499058 -0.9256616484 -0.3769266361
vn -0.1369592525 -0.7970792333 -0.5881384692
vn 0.9092153152 0.04109187845 0.4142933359
vn 0.9092153152 0.04109187845 0.4142933359
vn 0.9092153152 0.04109187845 0.4142933359
vn 0.9281574098 0.02503790402 0.3713447534
vn 0.9281574098 0.02503790402 0.3713447534
vn 0.9281574098 0.02503790402 0.3713447534
vn 0.9002593724 0.02510208003 0.4346296677
vn 0.9002593724 0.02510208003 0.4346296677
vn 0.9002593724 0.02510208003 0.4346296677
vn 0.9727398954 0.09126553015 0.2131846591
vn 0.9727398954 0.09126553015 0.2131846591
vn 0.9727398954 0.09126553015 0.2131846591
vn 0.9764697261 0.1085478097 0.1863444314
vn 0.9764697261 0.1085478097 0.1863444314
vn 0.9764697261 0.1085478097 0.1863444314
vn 0.9871222905 0.1086750185 0.1173853654
vn 0.9871222905 0.1086750185 0.1173853654
vn 0.9871222905 0.1086750185 0.1173853654
vn 0.9852303592 0.09134986083 0.1448321173
vn 0.9852303592 0.09134986083 0.1448321173
vn 0.9852303592 0.09134986083 0.1448321173
vn 0.9929350353 0.09135473604 0.07572534527
vn 0.9929350353 0.09135473604 0.07572534527
vn 0.9929350353 0.09135473604 0.07572534527
vn 0.9759667593 0.04184432628 0.2138642962
vn 0.9759667593 0.04184432628 0.2138642962
vn 0.9759667593 0.04184432628 0.2138642962
vn 0.9705158645 0.02483806456 0.2397540977
vn 0.9705158645 0.02483806456 0.2397540977
vn 0.9705158645 0.02483806456 0.2397540977
vn 0.9885003875 0.04210704783 0.145237669
vn 0.9885003875 0.04210704783 0.145237669
vn 0.9885003875 0.04210704783 0.145237669
vn 0.9962249292 0.04203546561 0.07595334159
vn 0.9962249292 0.04203546561 0.07595334159
vn 0.9962249292 0.04203546561 0.07595334159
vn 0.984770552 0.02482410885 0.1720776669
vn 0.984770552 0.02482410885 0.1720776669
vn 0.984770552 0.02482410885 0.1720776669
vn 0.9943125136 0.02478589271 0.1035774339
vn 0.9943125136 0.02478589271 0.1035774339
vn 0.9943125136 0.02478589271 0.1035774339
vn 0.9395208902 0.1082047521 0.3249495785
vn 0.9395208902 0.1082047521 0.3249495785
vn 0.9395208902 0.1082047521 0.3249495785
vn 0.9605742768 0.1087564218 0.2558693015
vn 0.9605742768 0.1087564218 0.2558693015
vn 0.9605742768 0.1087564218 0.2558693015
vn 0.9551813083 0.0904364951 0.2818686019
vn 0.9551813083 0.0904364951 0.2818686019
vn 0.9551813083 0.0904364951 0.2818686019
vn 0.9327817196 0.0908927146 0.348793317
vn 0.9327817196 0.0908927146 0.348793317
vn 0.9327817196 0.0908927146 0.348793317
vn 0.9358819266 0.04107807813 0.3499108615
vn 0.9358819266 0.04107807813 0.3499108615
vn 0.9358819266 0.04107807813 0.3499108615
vn 0.9583509571 0.04233175686 0.2824384275
vn 0.9583509571 0.04233175686 0.2824384275
vn 0.9583509571 0.04233175686 0.2824384275
vn 0.9516122052 0.02501699272 0.306281506
vn 0.9516122052 0.02501699272 0.306281506
vn 0.9516122052 0.02501699272 0.306281506
vn 0.8858198159 0.1721442196 0.4309171862
vn 0.8858198159 0.1721442196 0.4309171862
vn 0.8858198159 0.1721442196 0.4309171862
vn 0.8858114277 0.1721637164 0.4309266403
vn 0.8858114277 0.1721637164 0.4309266403
vn 0.8858114277 0.1721637164 0.4309266403
vn -0.1941173721 -0.745166631 -0.6380008917
vn -0.2149560085 -0.7638046202 -0.6086020183
vn -0.1878650189 -0.7347034982 -0.6518569663
vn 0.8841396046 0.1067422383 0.4548661936
vn 0.8841396046 0.1067422383 0.4548661936
vn 0.8841396046 0.1067422383 0.4548661936
vn 0.8781653473 0.1559174474 0.4522337585
vn 0.8781653473 0.1559174474 0.4522337585
vn 0.8781653473 0.1559174474 0.4522337585
vn 0.8781654046 0.1559183197 0.4522333465
vn 0.8781654046 0.1559183197 0.4522333465
vn 0.8781654046 0.1559183197 0.4522333465
vn -0.2149560085 -0.7638046202 -0.6086020183
vn -0.1780662765 -0.7182396878 -0.6726248226
vn -0.18175282 -0.7244331723 -0.6649529993
vn -0.1878650189 -0.7347034982 -0.6518569663
vn -0.2149560085 -0.7638046202 -0.6086020183
vn -0.18175282 -0.7244331723 -0.6649529993
vn 0.8751854295 0.09074843104 0.4752001538
vn 0.8751854295 0.09074843104 0.4752001538
vn 0.8751854295 0.09074843104 0.4752001538
vn 0.884140105 0.1067389632 0.4548659895
vn 0.884140105 0.1067389632 0.4548659895
vn 0.884140105 0.1067389632 0.4548659895
vn -0.1780662778 -0.7182396823 -0.6726248282
vn -0.1369592592 -0.7970792191 -0.588138487
vn -0.1501905181 -0.7270353821 -0.6699719109
vn -0.136959258 -0.797079217 -0.58813849
vn -0.1404099625 -0.7283282799 -0.6706884218
vn -0.1501905169 -0.7270353809 -0.6699719125
vn 0.8751839901 0.09074972552 0.4752025576
vn 0.8751839901 0.09074972552 0.4752025576
vn 0.8751839901 0.09074972552 0.4752025576
vn -0.136959258 -0.797079217 -0.58813849
vn -0.1061288752 -0.7301250154 -0.6750215728
vn -0.1404099625 -0.7283282799 -0.6706884218
vn 0.8500783324 0.106265416 0.5158240884
vn 0.8500783324 0.106265416 0.5158240884
vn 0.8500783324 0.106265416 0.5158240884
vn 0.8500823531 0.1062637748 0.5158178004
vn 0.8500823531 0.1062637748 0.5158178004
vn 0.8500823531 0.1062637748 0.5158178004
vn 0.8500823731 0.106263807 0.5158177608
vn 0.8500823731 0.106263807 0.5158177608
vn 0.8500823731 0.106263807 0.5158177608
vn 0.8373355254 0.0659585044 0.5426957652
vn 0.8373355254 0.0659585044 0.5426957652
vn 0.8373355254 0.0659585044 0.5426957652
vn -0.136959258 -0.7970792166 -0.5881384906
vn -0.03281498483 -0.925661659 -0.3769266107
vn -0.03227777381 -0.9070016 -0.4198883696
vn -0.136959258 -0.7970792166 -0.5881384906
vn -0.03227777381 -0.9070016 -0.4198883696
vn -0.1061288799 -0.7301249894 -0.6750216002
vn -0.09521872651 0 -0.9954563748
vn -0.09521872651 0 -0.9954563748
vn -0.09521872651 0 -0.9954563748
vn 0.8373353571 0.06595998776 0.5426958447
vn 0.8373353571 0.06595998776 0.5426958447
vn 0.8373353571 0.06595998776 0.5426958447
vn -0.03227777381 -0.9070016 -0.4198883696
vn -0.06950162276 -0.7829903905 -0.6181387974
vn -0.08078991137 -0.7678453608 -0.6355206464
vn -0.03227777381 -0.9070016 -0.4198883696
vn -0.06483527106 -0.7887401632 -0.61129808
vn -0.06950162276 -0.7829903905 -0.6181387974
vn -0.03227777634 -0.9070015975 -0.4198883748
vn 0.01600772528 -0.8561109504 -0.5165440865
vn -0.06483525953 -0.7887401594 -0.6112980861
vn -0.03227777381 -0.9070016 -0.4198883696
vn -0.08078991137 -0.7678453608 -0.6355206464
vn -0.1061288799 -0.7301249894 -0.6750216002
vn -0.09521747665 0 -0.9954564943
vn -0.09521747665 0 -0.9954564943
vn -0.09521747665 0 -0.9954564943
vn 0.878100236 0.04076510075 0.4767370157
vn 0.878100236 0.04076510075 0.4767370157
vn 0.878100236 0.04076510075 0.4767370157
vn 0.8680533655 0.02512447206 0.4958347663
vn 0.8680533655 0.02512447206 0.4958347663
vn 0.8680533655 0.02512447206 0.4958347663
vn 0.8429293283 0.04065198818 0.5364863123
vn 0.8429293283 0.04065198818 0.5364863123
vn 0.8429293283 0.04065198818 0.5364863123
vn 0.8373380087 0.06595489516 0.5426923724
vn 0.8373380087 0.06595489516 0.5426923724
vn 0.8373380087 0.06595489516 0.5426923724
vn 0.7939967357 0.04056991574 0.6065667858
vn 0.7939967357 0.04056991574 0.6065667858
vn 0.7939967357 0.04056991574 0.6065667858
vn 0.8095064813 0.08118737989 0.5814704343
vn 0.8095064813 0.08118737989 0.5814704343
vn 0.8095064813 0.08118737989 0.5814704343
vn 0.7939989078 0.04058754651 0.606562763
vn 0.7939989078 0.04058754651 0.606562763
vn 0.7939989078 0.04058754651 0.606562763
vn -0.06483525953 -0.7887401594 -0.6112980861
vn 0.01600772528 -0.8561109504 -0.5165440865
vn -0.0008175615671 -0.8321737519 -0.5545143625
vn 0.1119827466 -0.9722070789 -0.205604621
vn 0.2277561829 -0.9362140611 -0.2676384743
vn 0.2294103416 -0.9137267375 -0.3353719494
vn -1 0 -0
vn -1 0 -0
vn -1 0 -0
vn 0.09821561321 -0.9713017043 -0.216625697
vn 0.1119827408 -0.972207076 -0.2056046379
vn 0.2294103255 -0.9137267229 -0.3353720001
vn -0.0008175615671 -0.8321737519 -0.5545143625
vn 0.01600772528 -0.8561109504 -0.5165440865
vn 0.02032297662 -0.844833463 -0.5346432422
vn 0.09821564268 -0.9713016498 -0.2166259281
vn 0.02134684964 -0.8463602141 -0.5321829573
vn 0.01920451012 -0.8523059798 -0.5226908298
vn 0.01600772053 -0.8561109161 -0.5165441435
vn 0.01920451012 -0.8523059798 -0.5226908298
vn 0.02032296165 -0.8448333461 -0.5346434275
vn 0.01920451012 -0.8523059798 -0.5226908298
vn 0.02134684964 -0.8463602141 -0.5321829573
vn 0.02032296165 -0.8448333461 -0.5346434275
vn 0.7939961643 0.04057178199 0.6065674089
vn 0.7939961643 0.04057178199 0.6065674089
vn 0.7939961643 0.04057178199 0.6065674089
vn 0.09821564268 -0.9713016498 -0.2166259281
vn 0.06185213558 -0.9005256238 -0.4303811268
vn 0.02134684964 -0.8463602141 -0.5321829573
vn 0.793989554 0.04058182718 0.6065753897
vn 0.793989554 0.04058182718 0.6065753897
vn 0.793989554 0.04058182718 0.6065753897
vn -0.09521890759 0 -0.9954563575
vn -0.09521890759 0 -0.9954563575
vn -0.09521890759 0 -0.9954563575
vn -1 0 0
vn -1 0 0
vn -1 0 0
vn 0.7940181289 0.04054124458 0.6065406982
vn 0.7940181289 0.04054124458 0.6065406982
vn 0.7940181289 0.04054124458 0.6065406982
vn 0.09821564268 -0.9713016498 -0.2166259281
vn 0.08356168245 -0.9239048093 -0.3733863262
vn 0.06185213558 -0.9005256238 -0.4303811268
vn 0.09821561321 -0.9713017043 -0.216625697
vn 0.1165261258 -0.9160528527 -0.3837562157
vn 0.08356166028 -0.923904888 -0.3733861364
vn 0.7770797432 0.04057934155 0.6280926602
vn 0.7770797432 0.04057934155 0.6280926602
vn 0.7770797432 0.04057934155 0.6280926602
vn 0.7770807794 0.04057409824 0.6280917168
vn 0.7770807794 0.04057409824 0.6280917168
vn 0.7770807794 0.04057409824 0.6280917168
vn 0.09821561321 -0.9713017043 -0.216625697
vn 0.2294103255 -0.9137267229 -0.3353720001
vn 0.1165261258 -0.9160528527 -0.3837562157
vn 0.1165261258 -0.9160528527 -0.3837562157
vn 0.2294103255 -0.9137267229 -0.3353720001
vn 0.1909937114 -0.8909755411 -0.4119271627
vn 0.7591657461 -0 0.6508973574
vn 0.7591657461 -0 0.6508973574
vn 0.7591657461 -0 0.6508973574
vn 0.1909937168 -0.8909755449 -0.4119271519
vn 0.2294103404 -0.9137267212 -0.3353719944
vn 0.2253183047 -0.8802651122 -0.417570346
vn 0.7939942837 0.04057438595 0.6065696964
vn 0.7939942837 0.04057438595 0.6065696964
vn 0.7939942837 0.04057438595 0.6065696964
vn -0.1153654004 -0.9862264378 0.1185252622
vn -0.1513731834 -0.9864262364 0.06363520638
vn -0.1335002553 -0.9805660323 0.1437634796
vn -0.1513731884 -0.9864262357 0.06363520609
vn -0.1356225865 -0.9856536182 0.1004662083
vn -0.1335002518 -0.9805660328 0.1437634799
vn -0.152614 -0.9879077306 0.02733647405
vn -0.1435458106 -0.9873160128 0.06783576623
vn -0.1513731882 -0.9864262356 0.06363520688
vn -0.1435458107 -0.9873160128 0.06783576568
vn -0.1418558366 -0.987014787 0.07535736121
vn -0.1513731884 -0.9864262357 0.06363520609
vn -0.1418558366 -0.987014787 0.07535736121
vn -0.1356225865 -0.9856536182 0.1004662083
vn -0.1513731884 -0.9864262357 0.06363520609
vn 0.9685785259 0.2453426651 0.04077518592
vn 0.9685785259 0.2453426651 0.04077518592
vn 0.9685785259 0.2453426651 0.04077518592
vn 0.9751892921 0.2213726373 1.557903168e-07
vn 0.9751892921 0.2213726373 1.557903168e-07
vn 0.9751892921 0.2213726373 1.557903168e-07
vn 0.9685783694 0.2453431119 -0.04077621602
vn 0.9685783694 0.2453431119 -0.04077621602
vn 0.9685783694 0.2453431119 -0.04077621602
vn -0.1356225865 -0.9856536182 0.1004662083
vn -0.1278085512 -0.9833253878 0.1293682958
vn -0.1335002518 -0.9805660328 0.1437634799
vn -0.1277775401 -0.9833154918 0.1294741048
vn -0.1335002518 -0.9805660328 0.1437634799
vn -0.1278085512 -0.9833253878 0.1293682958
vn -0.1277775418 -0.9833154918 0.1294741029
vn -0.1283151492 -0.9813328493 0.1432517412
vn -0.1335002537 -0.9805660328 0.1437634777
vn 0.971867177 0.2207957131 -0.08199660518
vn 0.971867177 0.2207957131 -0.08199660518
vn 0.971867177 0.2207957131 -0.08199660518
vn 0.9718759179 0.2206966554 -0.08215951849
vn 0.9718759179 0.2206966554 -0.08215951849
vn 0.9718759179 0.2206966554 -0.08215951849
vn 0.9718754982 0.2206990084 -0.08215816291
vn 0.9718754982 0.2206990084 -0.08215816291
vn 0.9718754982 0.2206990084 -0.08215816291
vn -0.133500254 -0.9805660327 0.143763478
vn -0.1283151493 -0.9813328493 0.1432517414
vn -0.1303249272 -0.9797029543 0.152307369
vn -0.133500254 -0.9805660327 0.143763478
vn -0.1303249272 -0.9797029543 0.152307369
vn -0.1336545649 -0.9766487533 0.1682072235
vn 0.9751893498 0.2213723833 -0
vn 0.9751893498 0.2213723833 -0
vn 0.9751893498 0.2213723833 -0
vn 0.9718759949 0.2206964416 -0.08215918255
vn 0.9718759949 0.2206964416 -0.08215918255
vn 0.9718759949 0.2206964416 -0.08215918255
vn -0.133500254 -0.9805660327 0.143763478
vn -0.1336545649 -0.9766487533 0.1682072235
vn -0.1496044983 -0.9672577455 0.2050145067
vn -0.1496044983 -0.9672577455 0.2050145067
vn -0.1336545649 -0.9766487533 0.1682072235
vn -0.135962659 -0.974231149 0.1799661737
vn -0.1496044982 -0.9672577454 0.2050145072
vn -0.1359626591 -0.9742311491 0.1799661729
vn -0.139338535 -0.9717672068 0.1904029106
vn -0.1496044982 -0.9672577454 0.2050145072
vn -0.139338535 -0.9717672068 0.1904029106
vn -0.1410297285 -0.9704396524 0.1958507002
vn -0.1496044982 -0.9672577454 0.2050145072
vn -0.1410297285 -0.9704396524 0.1958507002
vn -0.1417317348 -0.9698643659 0.1981797849
vn -0.1496044966 -0.9672577467 0.2050145022
vn -0.1578182756 -0.9556054616 0.2488204043
vn -0.1929760099 -0.9225061857 0.3342792201
vn -0.1496044966 -0.9672577467 0.2050145022
vn -0.1417317343 -0.9698643663 0.1981797833
vn -0.1578182756 -0.9556054616 0.2488204043
vn -0.157818277 -0.9556054617 0.2488204031
vn -0.1599462156 -0.9502895783 0.267145888
vn -0.1929760094 -0.9225061857 0.3342792205
vn -0.1599462156 -0.9502895783 0.267145888
vn -0.1600462709 -0.9500218062 0.2680368609
vn -0.1929760094 -0.9225061857 0.3342792205
vn -0.1600462709 -0.9500218062 0.2680368609
vn -0.1600685468 -0.9499582035 0.2682488991
vn -0.1929760094 -0.9225061857 0.3342792205
vn 0.9837656444 0.1794579533 0
vn 0.9837656444 0.1794579533 0
vn 0.9837656444 0.1794579533 0
vn 0.9871081732 0.1546750527 0.04114708235
vn 0.9871081732 0.1546750527 0.04114708235
vn 0.9871081732 0.1546750527 0.04114708235
vn 0.9871081733 0.1546750516 -0.04114708418
vn 0.9871081733 0.1546750516 -0.04114708418
vn 0.9871081733 0.1546750516 -0.04114708418
vn 0.9804973119 0.1786440818 -0.08192260582
vn 0.9804973119 0.1786440818 -0.08192260582
vn 0.9804973119 0.1786440818 -0.08192260582
vn 0.9806537199 0.1573204374 -0.1164841689
vn 0.9806537199 0.1573204374 -0.1164841689
vn 0.9806537199 0.1573204374 -0.1164841689
vn 0.971865859 0.1746843438 -0.1579940891
vn 0.971865859 0.1746843438 -0.1579940891
vn 0.971865859 0.1746843438 -0.1579940891
vn 0.9700004812 0.1571929645 -0.1854438957
vn 0.9700004812 0.1571929645 -0.1854438957
vn 0.9700004812 0.1571929645 -0.1854438957
vn 0.9621730737 0.2435695193 -0.1220527165
vn 0.9621730737 0.2435695193 -0.1220527165
vn 0.9621730737 0.2435695193 -0.1220527165
vn 0.962326471 0.2222575591 -0.1566184559
vn 0.962326471 0.2222575591 -0.1566184559
vn 0.962326471 0.2222575591 -0.1566184559
vn 0.9623260492 0.2222605801 -0.1566167603
vn 0.9623260492 0.2222605801 -0.1566167603
vn 0.9623260492 0.2222605801 -0.1566167603
vn 0.9623266465 0.2222586929 -0.1566157681
vn 0.9623266465 0.2222586929 -0.1566157681
vn 0.9623266465 0.2222586929 -0.1566157681
vn 0.9501566735 0.239746511 -0.1993085706
vn 0.9501566735 0.239746511 -0.1993085706
vn 0.9501566735 0.239746511 -0.1993085706
vn 0.948416294 0.2229852012 -0.2253533522
vn 0.948416294 0.2229852012 -0.2253533522
vn 0.948416294 0.2229852012 -0.2253533522
vn 0.9484160504 0.2229930863 -0.2253465751
vn 0.9484160504 0.2229930863 -0.2253465751
vn 0.9484160504 0.2229930863 -0.2253465751
vn 0.9484175244 0.2229860115 -0.2253473718
vn 0.9484175244 0.2229860115 -0.2253473718
vn 0.9484175244 0.2229860115 -0.2253473718
vn 0.9577743002 0.1750202455 -0.2281146719
vn 0.9577743002 0.1750202455 -0.2281146719
vn 0.9577743002 0.1750202455 -0.2281146719
vn 0.9578320455 0.1746819172 -0.2281315418
vn 0.9578320455 0.1746819172 -0.2281315418
vn 0.9578320455 0.1746819172 -0.2281315418
vn 0.9542652277 0.1571190407 -0.254345203
vn 0.9542652277 0.1571190407 -0.254345203
vn 0.9542652277 0.1571190407 -0.254345203
vn 0.954251386 0.1571360905 -0.2543865983
vn 0.954251386 0.1571360905 -0.2543865983
vn 0.954251386 0.1571360905 -0.2543865983
vn 0.9386239581 0.1747019038 -0.2974295045
vn 0.9386239581 0.1747019038 -0.2974295045
vn 0.9386239581 0.1747019038 -0.2974295045
vn -0.1929760107 -0.9225061872 0.3342792154
vn -0.1664248423 -0.9257279343 0.3396035389
vn -0.2042334536 -0.8416364002 0.4999368623
vn -0.1600685468 -0.9499582035 0.2682488991
vn -0.1664248397 -0.9257279316 0.3396035474
vn -0.1929760094 -0.9225061857 0.3342792205
vn -0.2042334536 -0.8416364002 0.4999368623
vn -0.1664248423 -0.9257279343 0.3396035389
vn -0.1670074982 -0.9193862053 0.3561425291
vn -0.2042334536 -0.8416364002 0.4999368623
vn -0.1670074982 -0.9193862053 0.3561425291
vn -0.1673544416 -0.9141766391 0.3691524933
vn -0.2042334526 -0.8416364018 0.4999368601
vn -0.1673544414 -0.9141766393 0.3691524929
vn -0.1702255499 -0.9039696946 0.3922525379
vn -0.2042334526 -0.8416364018 0.4999368601
vn -0.1702255499 -0.9039696946 0.3922525379
vn -0.1804029271 -0.856763651 0.4831261017
vn 0.9386246787 0.1747035363 -0.2974262716
vn 0.9386246787 0.1747035363 -0.2974262716
vn 0.9386246787 0.1747035363 -0.2974262716
vn 0.9332109409 0.156567297 -0.3234254494
vn 0.9332109409 0.156567297 -0.3234254494
vn 0.9332109409 0.156567297 -0.3234254494
vn -0.2042334526 -0.8416364018 0.4999368601
vn -0.1804029271 -0.856763651 0.4831261017
vn -0.1837502379 -0.8359091328 0.517196067
vn -0.2042334526 -0.8416364018 0.4999368601
vn -0.1837502379 -0.8359091328 0.517196067
vn -0.1857319177 -0.8253951121 0.5331290309
vn -0.2042334524 -0.8416364037 0.499936857
vn -0.1857319163 -0.8253951138 0.5331290289
vn -0.1606286334 -0.7734150347 0.613210915
vn 0.933211513 0.156569784 -0.3234225945
vn 0.933211513 0.156569784 -0.3234225945
vn 0.933211513 0.156569784 -0.3234225945
vn 0.9146056088 0.1734336396 -0.3652634022
vn 0.9146056088 0.1734336396 -0.3652634022
vn 0.9146056088 0.1734336396 -0.3652634022
vn 0.9332112114 0.1565675699 -0.3234245367
vn 0.9332112114 0.1565675699 -0.3234245367
vn 0.9332112114 0.1565675699 -0.3234245367
vn 0.907865652 0.1561238895 -0.3891083256
vn 0.907865652 0.1561238895 -0.3891083256
vn 0.907865652 0.1561238895 -0.3891083256
vn 0.9078662334 0.156129118 -0.3891048712
vn 0.9078662334 0.156129118 -0.3891048712
vn 0.9078662334 0.156129118 -0.3891048712
vn 0.9078659043 0.1561227653 -0.3891081879
vn 0.9078659043 0.1561227653 -0.3891081879
vn 0.9078659043 0.1561227653 -0.3891081879
vn -0.1837502341 -0.835909136 0.5171960632
vn -0.1844197245 -0.8279886443 0.5295509137
vn -0.1857319155 -0.8253951141 0.5331290286
vn -0.1844197245 -0.8279886451 0.5295509124
vn -0.1845999498 -0.8254643442 0.5334149182
vn -0.1857319155 -0.8253951132 0.5331290301
vn -0.185731914 -0.8253951151 0.5331290276
vn -0.1845999456 -0.8254643539 0.5334149047
vn -0.1741603597 -0.8115292943 0.5577529683
vn 0.9078563324 0.1561461456 -0.3891211391
vn 0.9078563324 0.1561461456 -0.3891211391
vn 0.9078563324 0.1561461456 -0.3891211391
vn 0.9078689924 0.156116268 -0.3891035897
vn 0.9078689924 0.156116268 -0.3891035897
vn 0.9078689924 0.156116268 -0.3891035897
vn -0.185731914 -0.8253951151 0.5331290276
vn -0.1741603597 -0.8115292943 0.5577529683
vn -0.1606286365 -0.7734150328 0.6132109165
vn 0.9927763778 0.1127028681 0.04114762732
vn 0.9927763778 0.1127028681 0.04114762732
vn 0.9927763778 0.1127028681 0.04114762732
vn 0.9927763776 0.1127028692 -0.04114762916
vn 0.9927763776 0.1127028692 -0.04114762916
vn 0.9927763776 0.1127028692 -0.04114762916
vn 0.9871222945 0.1086750084 -0.1173853409
vn 0.9871222945 0.1086750084 -0.1173853409
vn 0.9871222945 0.1086750084 -0.1173853409
vn 0.9961570472 0.08758502857 -0
vn 0.9961570472 0.08758502857 -0
vn 0.9961570472 0.08758502857 -0
vn 0.9929350348 0.09135473771 -0.07572534926
vn 0.9929350348 0.09135473771 -0.07572534926
vn 0.9929350348 0.09135473771 -0.07572534926
vn 0.9764697214 0.1085477848 -0.1863444703
vn 0.9764697214 0.1085477848 -0.1863444703
vn 0.9764697214 0.1085477848 -0.1863444703
vn 0.9852303621 0.09134982911 -0.1448321177
vn 0.9852303621 0.09134982911 -0.1448321177
vn 0.9852303621 0.09134982911 -0.1448321177
vn 0.9727398954 0.09126553015 -0.2131846591
vn 0.9727398954 0.09126553015 -0.2131846591
vn 0.9727398954 0.09126553015 -0.2131846591
vn 0.998935042 0.04613872438 0
vn 0.998935042 0.04613872438 0
vn 0.998935042 0.04613872438 0
vn 0.9962249288 0.04203546728 -0.0759533456
vn 0.9962249288 0.04203546728 -0.0759533456
vn 0.9962249288 0.04203546728 -0.0759533456
vn 0.9990948045 0.0247741656 0.03458052103
vn 0.9990948045 0.0247741656 0.03458052103
vn 0.9990948045 0.0247741656 0.03458052103
vn 0.9990948045 0.0247741656 -0.03458052103
vn 0.9990948045 0.0247741656 -0.03458052103
vn 0.9990948045 0.0247741656 -0.03458052103
vn 0.9943125139 0.02478590185 -0.1035774284
vn 0.9943125139 0.02478590185 -0.1035774284
vn 0.9943125139 0.02478590185 -0.1035774284
vn 0.9885003868 0.04210706382 -0.145237669
vn 0.9885003868 0.04210706382 -0.145237669
vn 0.9885003868 0.04210706382 -0.145237669
vn 0.9759667593 0.04184432628 -0.2138642962
vn 0.9759667593 0.04184432628 -0.2138642962
vn 0.9759667593 0.04184432628 -0.2138642962
vn 0.9847705487 0.02482411616 -0.1720776849
vn 0.9847705487 0.02482411616 -0.1720776849
vn 0.9847705487 0.02482411616 -0.1720776849
vn 0.970515853 0.02483803175 -0.2397541474
vn 0.970515853 0.02483803175 -0.2397541474
vn 0.970515853 0.02483803175 -0.2397541474
vn 0.9605742924 0.1087564013 -0.2558692517
vn 0.9605742924 0.1087564013 -0.2558692517
vn 0.9605742924 0.1087564013 -0.2558692517
vn 0.9551813265 0.09043647266 -0.2818685474
vn 0.9551813265 0.09043647266 -0.2818685474
vn 0.9551813265 0.09043647266 -0.2818685474
vn 0.958350977 0.04233167176 -0.2824383729
vn 0.958350977 0.04233167176 -0.2824383729
vn 0.958350977 0.04233167176 -0.2824383729
vn -0.2042334518 -0.8416364034 0.4999368576
vn -0.1606286323 -0.7734150344 0.6132109156
vn -0.1763118956 -0.7957104451 0.5794471529
vn -0.176311883 -0.7957104768 0.5794471132
vn -0.09254716357 -0.9269080682 0.363698303
vn -0.09068050613 -0.9279078773 0.3616130764
vn -0.0906805088 -0.9279078672 0.3616131016
vn -0.09254716269 -0.9269080706 0.3636982972
vn -0.02662298476 -0.9912799674 0.1290551935
vn -0.1723803597 0 0.9850304623
vn -0.1723803597 0 0.9850304623
vn -0.1723803597 0 0.9850304623
vn -0.02662298476 -0.9912799674 0.1290551935
vn -0.09254716269 -0.9269080706 0.3636982972
vn -0.03283310245 -0.9881543398 0.1499099335
vn 0.9395208902 0.1082047521 -0.3249495785
vn 0.9395208902 0.1082047521 -0.3249495785
vn 0.9395208902 0.1082047521 -0.3249495785
vn 0.9138388414 0.1069457844 -0.3917412043
vn 0.9138388414 0.1069457844 -0.3917412043
vn 0.9138388414 0.1069457844 -0.3917412043
vn -0.1741603597 -0.8115292943 0.5577529683
vn -0.1726712614 -0.8095781551 0.5610417509
vn -0.1606286365 -0.7734150328 0.6132109165
vn -0.1726712614 -0.8095781551 0.5610417509
vn -0.1710760507 -0.8075549844 0.5644359415
vn -0.1606286365 -0.7734150328 0.6132109165
vn 0.9327817196 0.0908927146 -0.348793317
vn 0.9327817196 0.0908927146 -0.348793317
vn 0.9327817196 0.0908927146 -0.348793317
vn 0.9061697748 0.09085307976 -0.4130400187
vn 0.9061697748 0.09085307976 -0.4130400187
vn 0.9061697748 0.09085307976 -0.4130400187
vn -0.1763118922 -0.7957104738 0.5794471146
vn -0.1606286302 -0.7734150543 0.613210891
vn -0.09254716071 -0.9269080689 0.363698302
vn -0.1560654791 -0.7699628591 0.6187089476
vn -0.09254715914 -0.9269080719 0.3636982947
vn -0.1606286311 -0.7734150508 0.6132108952
vn 0.9358819266 0.04107807813 -0.3499108615
vn 0.9358819266 0.04107807813 -0.3499108615
vn 0.9358819266 0.04107807813 -0.3499108615
vn 0.9516122462 0.02501694751 -0.3062813823
vn 0.9516122462 0.02501694751 -0.3062813823
vn 0.9516122462 0.02501694751 -0.3062813823
vn 0.9092153152 0.04109187845 -0.4142933359
vn 0.9092153152 0.04109187845 -0.4142933359
vn 0.9092153152 0.04109187845 -0.4142933359
vn 0.9281574098 0.02503790402 -0.3713447534
vn 0.9281574098 0.02503790402 -0.3713447534
vn 0.9281574098 0.02503790402 -0.3713447534
vn 0.9002593724 0.02510208003 -0.4346296677
vn 0.9002593724 0.02510208003 -0.4346296677
vn 0.9002593724 0.02510208003 -0.4346296677
vn -0.03283311213 -0.9881543408 0.1499099248
vn -0.09254714156 -0.9269080658 0.3636983147
vn 0.05329041305 -0.9602903479 0.2738659883
vn -0.1723804704 0 0.9850304429
vn -0.1723804704 0 0.9850304429
vn -0.1723804704 0 0.9850304429
vn 0.8858134269 0.1721572895 -0.4309250985
vn 0.8858134269 0.1721572895 -0.4309250985
vn 0.8858134269 0.1721572895 -0.4309250985
vn 0.8781660714 0.1559085801 -0.4522354097
vn 0.8781660714 0.1559085801 -0.4522354097
vn 0.8781660714 0.1559085801 -0.4522354097
vn 0.8841387596 0.1067435161 -0.4548675362
vn 0.8841387596 0.1067435161 -0.4548675362
vn 0.8841387596 0.1067435161 -0.4548675362
vn -0.1710760507 -0.8075549844 0.5644359415
vn -0.1553064836 -0.787719196 0.5961361962
vn -0.1606286365 -0.7734150328 0.6132109165
vn 0.8841403954 0.1067389531 -0.4548654275
vn 0.8841403954 0.1067389531 -0.4548654275
vn 0.8841403954 0.1067389531 -0.4548654275
vn -0.1553064791 -0.787719199 0.5961361934
vn -0.1558271527 -0.7764591855 0.6105972746
vn -0.1606286357 -0.7734150338 0.6132109156
vn -0.1558271527 -0.7764591855 0.6105972746
vn -0.1560654886 -0.7699628229 0.6187089902
vn -0.1606286357 -0.7734150338 0.6132109156
vn 0.8841393286 0.1067381318 -0.4548676937
vn 0.8841393286 0.1067381318 -0.4548676937
vn 0.8841393286 0.1067381318 -0.4548676937
vn 0.8751849001 0.09075189552 -0.4752004673
vn 0.8751849001 0.09075189552 -0.4752004673
vn 0.8751849001 0.09075189552 -0.4752004673
vn -0.1560654791 -0.7699628591 0.6187089476
vn -0.1298240212 -0.835144785 0.5344893934
vn -0.09254715914 -0.9269080719 0.3636982947
vn 0.8751839058 0.09074924188 -0.4752028052
vn 0.8751839058 0.09074924188 -0.4752028052
vn 0.8751839058 0.09074924188 -0.4752028052
vn 0.8751839016 0.0907496292 -0.475202739
vn 0.8751839016 0.0907496292 -0.475202739
vn 0.8751839016 0.0907496292 -0.475202739
vn 0.850082529 0.1062630879 -0.515817652
vn 0.850082529 0.1062630879 -0.515817652
vn 0.850082529 0.1062630879 -0.515817652
vn 0.8373351679 0.06595625516 -0.5426965903
vn 0.8373351679 0.06595625516 -0.5426965903
vn 0.8373351679 0.06595625516 -0.5426965903
vn 0.8373358412 0.0659591318 -0.5426952017
vn 0.8373358412 0.0659591318 -0.5426952017
vn 0.8373358412 0.0659591318 -0.5426952017
vn -0.1298240212 -0.835144785 0.5344893934
vn -0.1226816283 -0.8504477355 0.5115543639
vn -0.09254715914 -0.9269080719 0.3636982947
vn -0.1226816283 -0.8504477355 0.5115543639
vn -0.1218811937 -0.8520851028 0.5090146876
vn -0.09254715914 -0.9269080719 0.3636982947
vn -0.1218811984 -0.8520850779 0.5090147282
vn -0.1075672054 -0.8548134163 0.507664574
vn -0.09254716353 -0.9269080578 0.3636983295
vn 0.8781001371 0.04076516714 -0.4767371922
vn 0.8781001371 0.04076516714 -0.4767371922
vn 0.8781001371 0.04076516714 -0.4767371922
vn -0.09254714626 -0.9269080654 0.3636983145
vn -0.1020628332 -0.8557525138 0.5072187035
vn 0.05671496231 -0.9549260457 0.2913754629
vn -0.09254716353 -0.9269080578 0.3636983295
vn -0.1075672054 -0.8548134163 0.507664574
vn -0.1020628066 -0.8557525294 0.5072186826
vn 0.8680533607 0.02512469375 -0.4958347635
vn 0.8680533607 0.02512469375 -0.4958347635
vn 0.8680533607 0.02512469375 -0.4958347635
vn -0.09254714156 -0.9269080658 0.3636983147
vn 0.05671496301 -0.9549260453 0.291375464
vn 0.05329041305 -0.9602903479 0.2738659883
vn -0.1723747209 0 0.985031449
vn -0.1723747209 0 0.985031449
vn -0.1723747209 0 0.985031449
vn 0.05329041225 -0.9602903404 0.2738660149
vn 0.0567149628 -0.9549260446 0.2913754661
vn 0.05513124482 -0.9589903232 0.2780253692
vn 0.05513124482 -0.9589903232 0.2780253692
vn 0.0567149628 -0.9549260446 0.2913754661
vn 0.05881478132 -0.9558044072 0.2880603352
vn 0.05881477619 -0.9558044192 0.2880602965
vn 0.05671496376 -0.9549260435 0.2913754695
vn 0.0601394379 -0.9545929446 0.2917799824
vn 0.05671496474 -0.9549260464 0.2913754598
vn 0.06224351496 -0.9545337465 0.2915322823
vn 0.06013943687 -0.9545929421 0.2917799908
vn -0.0994995054 0 0.9950376116
vn -0.0994995054 0 0.9950376116
vn -0.0994995054 0 0.9950376116
vn -0.09951779508 0 0.9950357825
vn -0.09951779508 0 0.9950357825
vn -0.09951779508 0 0.9950357825
vn -0.09951807192 0 0.9950357548
vn -0.09951807192 0 0.9950357548
vn -0.09951807192 0 0.9950357548
vn 0.8429295897 0.04065206848 -0.5364858956
vn 0.8429295897 0.04065206848 -0.5364858956
vn 0.8429295897 0.04065206848 -0.5364858956
vn 0.8429291058 0.04065181782 -0.5364866748
vn 0.8429291058 0.04065181782 -0.5364866748
vn 0.8429291058 0.04065181782 -0.5364866748
vn 0.05671496231 -0.9549260457 0.2913754629
vn -0.1020628332 -0.8557525138 0.5072187035
vn -0.07322516888 -0.8677778022 0.4915279856
vn 0.8429294798 0.04065221029 -0.5364860576
vn 0.8429294798 0.04065221029 -0.5364860576
vn 0.8429294798 0.04065221029 -0.5364860576
vn 0.05671496231 -0.9549260457 0.2913754629
vn -0.07322516888 -0.8677778022 0.4915279856
vn -0.05091404088 -0.8762885616 0.4790888407
vn 0.05671496158 -0.9549260429 0.291375472
vn -0.05091403344 -0.8762885747 0.4790888176
vn -0.04100278307 -0.8722742783 0.4872949365
vn 0.05671496158 -0.9549260429 0.291375472
vn -0.04100278307 -0.8722742783 0.4872949365
vn -0.04068352386 -0.87212883 0.4875819468
vn 0.05671496058 -0.9549260438 0.2913754693
vn 0.05326829195 -0.8741011838 0.4828142599
vn 0.06224350033 -0.9545337374 0.2915323152
vn 0.8429292895 0.04065187907 -0.5364863817
vn 0.8429292895 0.04065187907 -0.5364863817
vn 0.8429292895 0.04065187907 -0.5364863817
vn 0.05671496158 -0.9549260429 0.291375472
vn -0.04068352386 -0.87212883 0.4875819468
vn 0.02096175556 -0.8362281832 0.5479808668
vn -0.09950346186 0 0.9950372159
vn -0.09950346186 0 0.9950372159
vn -0.09950346186 0 0.9950372159
vn 0.8373340075 0.06596551296 -0.5426972554
vn 0.8373340075 0.06596551296 -0.5426972554
vn 0.8373340075 0.06596551296 -0.5426972554
vn 0.8373363134 0.06596014864 -0.5426943496
vn 0.8373363134 0.06596014864 -0.5426943496
vn 0.8373363134 0.06596014864 -0.5426943496
vn 0.8094790014 0.08121323632 -0.5815050787
vn 0.8094790014 0.08121323632 -0.5815050787
vn 0.8094790014 0.08121323632 -0.5815050787
vn 0.7939726016 0.04062917537 -0.6065944099
vn 0.7939726016 0.04062917537 -0.6065944099
vn 0.7939726016 0.04062917537 -0.6065944099
vn 0.05671496039 -0.9549260439 0.2913754692
vn 0.02096175316 -0.8362281867 0.5479808616
vn 0.05326828352 -0.8741011881 0.4828142531
vn 0.7940022282 0.04055720851 -0.6065604458
vn 0.7940022282 0.04055720851 -0.6065604458
vn 0.7940022282 0.04055720851 -0.6065604458
vn 0.7939960781 0.0405719645 -0.6065675095
vn 0.7939960781 0.0405719645 -0.6065675095
vn 0.7939960781 0.0405719645 -0.6065675095
vn 0.02096175316 -0.8362281867 0.5479808616
vn 0.03317328533 -0.8387477698 0.5435087045
vn 0.05326828352 -0.8741011881 0.4828142531
vn 0.03317328533 -0.8387477698 0.5435087045
vn 0.04651330533 -0.8413332235 0.5385117636
vn 0.05326828352 -0.8741011881 0.4828142531
vn 0.05326828352 -0.8741011881 0.4828142531
vn 0.04651330533 -0.8413332235 0.5385117636
vn 0.05001877119 -0.841768324 0.5375167078
vn 0.05326828352 -0.8741011881 0.4828142531
vn 0.05001877119 -0.841768324 0.5375167078
vn 0.05102736933 -0.8417561965 0.5374408929
vn -0.09950315203 0 0.9950372469
vn -0.09950315203 0 0.9950372469
vn -0.09950315203 0 0.9950372469
vn 0.793994843 0.04057385048 -0.6065690001
vn 0.793994843 0.04057385048 -0.6065690001
vn 0.793994843 0.04057385048 -0.6065690001
vn 0.7770829569 0.04057363395 -0.6280890529
vn 0.7770829569 0.04057363395 -0.6280890529
vn 0.7770829569 0.04057363395 -0.6280890529
vn 0.7591589226 -2.104753089e-05 -0.6509053156
vn 0.7591589226 -2.104753089e-05 -0.6509053156
vn 0.7591589226 -2.104753089e-05 -0.6509053156
vn -0.09521759028 0 -0.9954564835
vn -0.09521759028 0 -0.9954564835
vn -0.09521759028 0 -0.9954564835
vn -0.0720711165 0.9546730282 -0.2887995212
vn -0.1159796053 0.8889234378 -0.4431296117
vn -0.07609683836 0.9430730611 -0.3237629884
vn -0.07609683836 0.9430730611 -0.3237629884
vn -0.1159796053 0.8889234378 -0.4431296117
vn -0.1369592619 0.7970792281 -0.5881384742
vn -0.1159796061 0.8889234265 -0.4431296342
vn -0.1761169257 0.807885536 -0.5624089164
vn -0.2149560109 0.7638046162 -0.6086020223
vn -0.1761169221 0.8078855482 -0.5624089
vn -0.2070136814 0.8276679966 -0.5216426201
vn -0.2149560108 0.7638046171 -0.6086020213
vn -0.1159796061 0.8889234256 -0.4431296361
vn -0.2149560105 0.7638046138 -0.6086020255
vn -0.1369592601 0.7970792194 -0.5881384863
vn -0.07609683487 0.9430730612 -0.323762989
vn -0.1369592525 0.7970792333 -0.5881384692
vn -0.03281499058 0.9256616484 -0.3769266361
vn -0.09521719077 0 -0.9954565217
vn -0.09521719077 0 -0.9954565217
vn -0.09521719077 0 -0.9954565217
vn 0.9281574098 -0.02503790402 0.3713447534
vn 0.9281574098 -0.02503790402 0.3713447534
vn 0.9281574098 -0.02503790402 0.3713447534
vn 0.9002593724 -0.02510208003 0.4346296677
vn 0.9002593724 -0.02510208003 0.4346296677
vn 0.9002593724 -0.02510208003 0.4346296677
vn 0.9092153152 -0.04109187845 0.4142933359
vn 0.9092153152 -0.04109187845 0.4142933359
vn 0.9092153152 -0.04109187845 0.4142933359
vn 0.9061697902 -0.09085289682 0.4130400252
vn 0.9061697902 -0.09085289682 0.4130400252
vn 0.9061697902 -0.09085289682 0.4130400252
vn -0.1369592592 0.7970792191 -0.588138487
vn -0.2149560103 0.7638046134 -0.6086020261
vn -0.1780662778 0.7182396823 -0.6726248282
vn 0.913838912 -0.1069457284 0.391741055
vn 0.913838912 -0.1069457284 0.391741055
vn 0.913838912 -0.1069457284 0.391741055
vn 0.9705158645 -0.02483806456 0.2397540977
vn 0.9705158645 -0.02483806456 0.2397540977
vn 0.9705158645 -0.02483806456 0.2397540977
vn 0.9759667593 -0.04184432628 0.2138642962
vn 0.9759667593 -0.04184432628 0.2138642962
vn 0.9759667593 -0.04184432628 0.2138642962
vn 0.984770552 -0.02482410885 0.1720776669
vn 0.984770552 -0.02482410885 0.1720776669
vn 0.984770552 -0.02482410885 0.1720776669
vn 0.9943125136 -0.02478589271 0.1035774339
vn 0.9943125136 -0.02478589271 0.1035774339
vn 0.9943125136 -0.02478589271 0.1035774339
vn 0.9885003875 -0.04210704783 0.145237669
vn 0.9885003875 -0.04210704783 0.145237669
vn 0.9885003875 -0.04210704783 0.145237669
vn 0.9962249292 -0.04203546561 0.07595334159
vn 0.9962249292 -0.04203546561 0.07595334159
vn 0.9962249292 -0.04203546561 0.07595334159
vn 0.9727398954 -0.09126553015 0.2131846591
vn 0.9727398954 -0.09126553015 0.2131846591
vn 0.9727398954 -0.09126553015 0.2131846591
vn 0.9852303592 -0.09134986083 0.1448321173
vn 0.9852303592 -0.09134986083 0.1448321173
vn 0.9852303592 -0.09134986083 0.1448321173
vn 0.9929350353 -0.09135473604 0.07572534527
vn 0.9929350353 -0.09135473604 0.07572534527
vn 0.9929350353 -0.09135473604 0.07572534527
vn 0.9764697261 -0.1085478097 0.1863444314
vn 0.9764697261 -0.1085478097 0.1863444314
vn 0.9764697261 -0.1085478097 0.1863444314
vn 0.9871222905 -0.1086750185 0.1173853654
vn 0.9871222905 -0.1086750185 0.1173853654
vn 0.9871222905 -0.1086750185 0.1173853654
vn 0.9516122052 -0.02501699272 0.306281506
vn 0.9516122052 -0.02501699272 0.306281506
vn 0.9516122052 -0.02501699272 0.306281506
vn 0.9358819266 -0.04107807813 0.3499108615
vn 0.9358819266 -0.04107807813 0.3499108615
vn 0.9358819266 -0.04107807813 0.3499108615
vn 0.9583509571 -0.04233175686 0.2824384275
vn 0.9583509571 -0.04233175686 0.2824384275
vn 0.9583509571 -0.04233175686 0.2824384275
vn 0.9551813083 -0.0904364951 0.2818686019
vn 0.9551813083 -0.0904364951 0.2818686019
vn 0.9551813083 -0.0904364951 0.2818686019
vn 0.9395208902 -0.1082047521 0.3249495785
vn 0.9395208902 -0.1082047521 0.3249495785
vn 0.9395208902 -0.1082047521 0.3249495785
vn 0.9605742768 -0.1087564218 0.2558693015
vn 0.9605742768 -0.1087564218 0.2558693015
vn 0.9605742768 -0.1087564218 0.2558693015
vn 0.9327817196 -0.0908927146 0.348793317
vn 0.9327817196 -0.0908927146 0.348793317
vn 0.9327817196 -0.0908927146 0.348793317
vn -0.2149560097 0.7638046206 -0.6086020173
vn -0.2070136791 0.8276680023 -0.521642612
vn -0.2237827461 0.8419362568 -0.4909833215
vn -0.214956008 0.7638046198 -0.6086020189
vn -0.2237827528 0.8419362592 -0.4909833144
vn -0.2110208462 0.7999273086 -0.5617708638
vn -0.1941173721 0.745166631 -0.6380008917
vn -0.2149560085 0.7638046202 -0.6086020183
vn -0.2061236636 0.765046182 -0.6100962013
vn -0.214956008 0.7638046198 -0.6086020189
vn -0.2110208462 0.7999273086 -0.5617708638
vn -0.2082235062 0.7793598444 -0.590966331
vn -0.214956008 0.7638046198 -0.6086020189
vn -0.2082235062 0.7793598444 -0.590966331
vn -0.2061236652 0.7650461818 -0.6100962009
vn 0.9078657028 -0.1561246041 0.3891079204
vn 0.9078657028 -0.1561246041 0.3891079204
vn 0.9078657028 -0.1561246041 0.3891079204
vn -0.2110208517 0.7999272968 -0.5617708786
vn -0.2237827574 0.8419362509 -0.4909833265
vn -0.2104710015 0.8121947435 -0.5440971018
vn -0.2104710015 0.8121947435 -0.5440971018
vn -0.2237827574 0.8419362509 -0.4909833265
vn -0.2092646463 0.8301017253 -0.5168553313
vn 0.9078675362 -0.1561224081 0.3891045238
vn 0.9078675362 -0.1561224081 0.3891045238
vn 0.9078675362 -0.1561224081 0.3891045238
vn -0.2092646463 0.8301017253 -0.5168553313
vn -0.2237827574 0.8419362509 -0.4909833265
vn -0.2070018399 0.8534587571 -0.4782869308
vn 0.970000491 -0.1571929488 0.1854438577
vn 0.970000491 -0.1571929488 0.1854438577
vn 0.970000491 -0.1571929488 0.1854438577
vn 0.971865865 -0.1746843093 0.1579940899
vn 0.971865865 -0.1746843093 0.1579940899
vn 0.971865865 -0.1746843093 0.1579940899
vn 0.9806537194 -0.157320422 0.1164841936
vn 0.9806537194 -0.157320422 0.1164841936
vn 0.9806537194 -0.157320422 0.1164841936
vn 0.9804973118 -0.1786440841 0.08192260217
vn 0.9804973118 -0.1786440841 0.08192260217
vn 0.9804973118 -0.1786440841 0.08192260217
vn -0.1982007336 0.9304368277 -0.3082268301
vn -0.2066959232 0.9435946285 -0.2586618884
vn -0.2237827475 0.8419362538 -0.4909833261
vn -0.2066959233 0.9435946282 -0.2586618892
vn -0.1696500978 0.980323438 -0.1009197766
vn -0.1771666744 0.9826203607 -0.05540032596
vn -0.1377864235 0.9901823086 0.02353502055
vn -0.1513731837 0.9864262364 0.06363520593
vn -0.1771666742 0.9826203606 -0.05540033008
vn 0.9718758887 -0.2206969096 0.08215918066
vn 0.9718758887 -0.2206969096 0.08215918066
vn 0.9718758887 -0.2206969096 0.08215918066
vn -0.2066959122 0.9435946312 -0.258661887
vn -0.1771666804 0.9826203596 -0.05540032705
vn -0.1740156196 0.9797735381 -0.09880474735
vn 0.9718758087 -0.2206974244 0.08215874425
vn 0.9718758087 -0.2206974244 0.08215874425
vn 0.9718758087 -0.2206974244 0.08215874425
vn 0.9685784495 -0.2453428623 0.04077581474
vn 0.9685784495 -0.2453428623 0.04077581474
vn 0.9685784495 -0.2453428623 0.04077581474
vn -0.1771666805 0.9826203595 -0.05540032867
vn -0.1582581898 0.9873977415 -0.000213395254
vn -0.1627872484 0.9863572906 -0.024486874
vn -0.1771666805 0.9826203595 -0.05540032867
vn -0.152614 0.9879077306 0.02733647405
vn -0.1582581898 0.9873977415 -0.000213395254
vn -0.1771666805 0.9826203595 -0.05540032867
vn -0.1513731882 0.9864262356 0.06363520688
vn -0.152614 0.9879077306 0.02733647405
vn 0.9386242192 -0.1747018262 0.2974287261
vn 0.9386242192 -0.1747018262 0.2974287261
vn 0.9386242192 -0.1747018262 0.2974287261
vn 0.9542651574 -0.1571194093 0.2543452391
vn 0.9542651574 -0.1571194093 0.2543452391
vn 0.9542651574 -0.1571194093 0.2543452391
vn 0.9578319308 -0.1746820668 0.228131909
vn 0.9578319308 -0.1746820668 0.228131909
vn 0.9578319308 -0.1746820668 0.228131909
vn 0.9332111559 -0.1565679305 0.3234245224
vn 0.9332111559 -0.1565679305 0.3234245224
vn 0.9332111559 -0.1565679305 0.3234245224
vn 0.9146055223 -0.1734340193 0.3652634385
vn 0.9146055223 -0.1734340193 0.3652634385
vn 0.9146055223 -0.1734340193 0.3652634385
vn -0.2237827573 0.8419362505 -0.4909833273
vn -0.2066959139 0.9435946307 -0.2586618875
vn -0.2003962594 0.9186489721 -0.3404782009
vn -0.2237827573 0.8419362505 -0.4909833273
vn -0.2028797999 0.902212897 -0.3805938457
vn -0.2043612208 0.8882564565 -0.4113841987
vn -0.2237827573 0.8419362505 -0.4909833273
vn -0.2003962594 0.9186489721 -0.3404782009
vn -0.2028797999 0.902212897 -0.3805938457
vn 0.9484165945 -0.2229905133 0.225346831
vn 0.9484165945 -0.2229905133 0.225346831
vn 0.9484165945 -0.2229905133 0.225346831
vn -0.2066959122 0.9435946312 -0.258661887
vn -0.1878872757 0.9583089433 -0.2152727128
vn -0.1903233138 0.9515664281 -0.2414505523
vn -0.2066959122 0.9435946312 -0.258661887
vn -0.1828044234 0.9685388769 -0.1688638111
vn -0.1878872757 0.9583089433 -0.2152727128
vn -0.2066959122 0.9435946312 -0.258661887
vn -0.1740156196 0.9797735381 -0.09880474735
vn -0.1828044234 0.9685388769 -0.1688638111
vn -0.2066959122 0.9435946312 -0.258661887
vn -0.1952461741 0.9380356116 -0.2863007559
vn -0.2003962586 0.9186489721 -0.3404782012
vn -0.2066959122 0.9435946312 -0.258661887
vn -0.1903233142 0.9515664272 -0.2414505554
vn -0.1952461741 0.9380356116 -0.2863007559
vn 0.9291732777 -0.2228117553 0.2949439638
vn 0.9291732777 -0.2228117553 0.2949439638
vn 0.9291732777 -0.2228117553 0.2949439638
vn 0.9327396481 -0.2403742558 0.2687321455
vn 0.9327396481 -0.2403742558 0.2687321455
vn 0.9327396481 -0.2403742558 0.2687321455
vn 0.9484160405 -0.2229917343 0.2253479543
vn 0.9484160405 -0.2229917343 0.2253479543
vn 0.9484160405 -0.2229917343 0.2253479543
vn 0.9327412576 -0.2403689087 0.2687313421
vn 0.9327412576 -0.2403689087 0.2687313421
vn 0.9327412576 -0.2403689087 0.2687313421
vn -0.2237827573 0.8419362505 -0.4909833273
vn -0.2043612208 0.8882564565 -0.4113841987
vn -0.2061543763 0.8603885259 -0.4660814924
vn -0.2237827574 0.8419362509 -0.4909833265
vn -0.2061543762 0.8603885256 -0.466081493
vn -0.2070018399 0.8534587571 -0.4782869308
vn 0.9050787509 -0.2216058443 0.3629370529
vn 0.9050787509 -0.2216058443 0.3629370529
vn 0.9050787509 -0.2216058443 0.3629370529
vn 0.9291731453 -0.2228112838 0.294944737
vn 0.9291731453 -0.2228112838 0.294944737
vn 0.9291731453 -0.2228112838 0.294944737
vn 0.9291734491 -0.2228091201 0.2949454143
vn 0.9291734491 -0.2228091201 0.2949454143
vn 0.9291734491 -0.2228091201 0.2949454143
vn 0.9105680036 -0.2396767458 0.3367802969
vn 0.9105680036 -0.2396767458 0.3367802969
vn 0.9105680036 -0.2396767458 0.3367802969
vn 0.9050789322 -0.2216048468 0.3629372099
vn 0.9050789322 -0.2216048468 0.3629372099
vn 0.9050789322 -0.2216048468 0.3629372099
vn 0.9146056501 -0.1734334969 0.3652633666
vn 0.9146056501 -0.1734334969 0.3652633666
vn 0.9146056501 -0.1734334969 0.3652633666
vn 0.9623261924 -0.2222599454 0.1566167812
vn 0.9623261924 -0.2222599454 0.1566167812
vn 0.9623261924 -0.2222599454 0.1566167812
vn 0.9501563522 -0.2397469575 0.1993095649
vn 0.9501563522 -0.2397469575 0.1993095649
vn 0.9501563522 -0.2397469575 0.1993095649
vn 0.9623268896 -0.2222583348 0.1566147826
vn 0.9623268896 -0.2222583348 0.1566147826
vn 0.9623268896 -0.2222583348 0.1566147826
vn 0.9621728194 -0.2435690656 0.122055626
vn 0.9621728194 -0.2435690656 0.122055626
vn 0.9621728194 -0.2435690656 0.122055626
vn 0.9621728237 -0.2435703369 0.1220530553
vn 0.9621728237 -0.2435703369 0.1220530553
vn 0.9621728237 -0.2435703369 0.1220530553
vn -0.1771666808 0.9826203596 -0.05540032682
vn -0.1672832246 0.9843079327 -0.05616241141
vn -0.1723571371 0.9811336559 -0.08757720349
vn -0.1771666808 0.9826203596 -0.05540032682
vn -0.165641543 0.9850804669 -0.04668354013
vn -0.1672832246 0.9843079327 -0.05616241141
vn -0.1771666808 0.9826203596 -0.05540032682
vn -0.1723571371 0.9811336559 -0.08757720349
vn -0.17401562 0.9797735381 -0.09880474697
vn -0.1771666817 0.9826203591 -0.05540033155
vn -0.1627872487 0.9863572906 -0.02448687483
vn -0.1656415429 0.985080467 -0.04668353948
vn 0.9501421371 -0.239801072 0.1993122303
vn 0.9501421371 -0.239801072 0.1993122303
vn 0.9501421371 -0.239801072 0.1993122303
vn 0.9621727818 -0.2435703492 0.1220533606
vn 0.9621727818 -0.2435703492 0.1220533606
vn 0.9621727818 -0.2435703492 0.1220533606
vn -0.09521872651 0 -0.9954563748
vn -0.09521872651 0 -0.9954563748
vn -0.09521872651 0 -0.9954563748
vn -0.03281498483 0.925661659 -0.3769266107
vn -0.136959258 0.7970792166 -0.5881384906
vn -0.03227777381 0.9070016 -0.4198883696
vn -0.03227777381 0.9070016 -0.4198883696
vn -0.136959258 0.7970792166 -0.5881384906
vn -0.1061288799 0.7301249894 -0.6750216002
vn -0.09521747665 0 -0.9954564943
vn -0.09521747665 0 -0.9954564943
vn -0.09521747665 0 -0.9954564943
vn 0.827401653 -0 0.5616106343
vn 0.827401653 -0 0.5616106343
vn 0.827401653 -0 0.5616106343
vn -0.03227777381 0.9070016 -0.4198883696
vn -0.08078991137 0.7678453608 -0.6355206464
vn -0.06950162276 0.7829903905 -0.6181387974
vn -0.03227777634 0.9070015975 -0.4198883748
vn -0.06483525953 0.7887401594 -0.6112980861
vn 0.01600772528 0.8561109504 -0.5165440865
vn -0.03227777381 0.9070016 -0.4198883696
vn -0.06950162276 0.7829903905 -0.6181387974
vn -0.06483527106 0.7887401632 -0.61129808
vn -0.03227777381 0.9070016 -0.4198883696
vn -0.1061288799 0.7301249894 -0.6750216002
vn -0.08078991137 0.7678453608 -0.6355206464
vn 0.8373353571 -0.06595998776 0.5426958447
vn 0.8373353571 -0.06595998776 0.5426958447
vn 0.8373353571 -0.06595998776 0.5426958447
vn 0.8680533655 -0.02512447206 0.4958347663
vn 0.8680533655 -0.02512447206 0.4958347663
vn 0.8680533655 -0.02512447206 0.4958347663
vn 0.878100236 -0.04076510075 0.4767370157
vn 0.878100236 -0.04076510075 0.4767370157
vn 0.878100236 -0.04076510075 0.4767370157
vn 0.8429293283 -0.04065198818 0.5364863123
vn 0.8429293283 -0.04065198818 0.5364863123
vn 0.8429293283 -0.04065198818 0.5364863123
vn -0.1061288752 0.7301250154 -0.6750215728
vn -0.136959258 0.797079217 -0.58813849
vn -0.1404099625 0.7283282799 -0.6706884218
vn -0.1369592592 0.7970792191 -0.588138487
vn -0.1780662778 0.7182396823 -0.6726248282
vn -0.1501905181 0.7270353821 -0.6699719109
vn -0.136959258 0.797079217 -0.58813849
vn -0.1501905169 0.7270353809 -0.6699719125
vn -0.1404099625 0.7283282799 -0.6706884218
vn 0.8751839901 -0.09074972552 0.4752025576
vn 0.8751839901 -0.09074972552 0.4752025576
vn 0.8751839901 -0.09074972552 0.4752025576
vn -0.1780662765 0.7182396878 -0.6726248226
vn -0.2149560085 0.7638046202 -0.6086020183
vn -0.18175282 0.7244331723 -0.6649529993
vn -0.18175282 0.7244331723 -0.6649529993
vn -0.2149560085 0.7638046202 -0.6086020183
vn -0.1878650189 0.7347034982 -0.6518569663
vn 0.8751854295 -0.09074843104 0.4752001538
vn 0.8751854295 -0.09074843104 0.4752001538
vn 0.8751854295 -0.09074843104 0.4752001538
vn 0.884140105 -0.1067389632 0.4548659895
vn 0.884140105 -0.1067389632 0.4548659895
vn 0.884140105 -0.1067389632 0.4548659895
vn 0.8373355254 -0.0659585044 0.5426957652
vn 0.8373355254 -0.0659585044 0.5426957652
vn 0.8373355254 -0.0659585044 0.5426957652
vn 0.8500823531 -0.1062637748 0.5158178004
vn 0.8500823531 -0.1062637748 0.5158178004
vn 0.8500823531 -0.1062637748 0.5158178004
vn 0.8500823731 -0.106263807 0.5158177608
vn 0.8500823731 -0.106263807 0.5158177608
vn 0.8500823731 -0.106263807 0.5158177608
vn 0.8500783324 -0.106265416 0.5158240884
vn 0.8500783324 -0.106265416 0.5158240884
vn 0.8500783324 -0.106265416 0.5158240884
vn 0.2277561829 0.9362140611 -0.2676384743
vn 0.1119827466 0.9722070789 -0.205604621
vn 0.2294103416 0.9137267375 -0.3353719494
vn -1 0 -0
vn -1 0 -0
vn -1 0 -0
vn -1 0 -0
vn -1 0 -0
vn -1 0 -0
vn -1 0 -0
vn -1 0 -0
vn -1 0 -0
vn 0.2294103255 0.9137267229 -0.3353720001
vn 0.1119827408 0.972207076 -0.2056046379
vn 0.09821561321 0.9713017043 -0.216625697
vn 0.8121415015 0 0.5834605227
vn 0.8121415015 0 0.5834605227
vn 0.8121415015 0 0.5834605227
vn -0.09521890759 0 -0.9954563575
vn -0.09521890759 0 -0.9954563575
vn -0.09521890759 0 -0.9954563575
vn 0.7940181289 -0.04054124458 0.6065406982
vn 0.7940181289 -0.04054124458 0.6065406982
vn 0.7940181289 -0.04054124458 0.6065406982
vn 0.09821564268 0.9713016498 -0.2166259281
vn 0.01920451012 0.8523059798 -0.5226908298
vn 0.02134684964 0.8463602141 -0.5321829573
vn 0.01600772053 0.8561109161 -0.5165441435
vn 0.02032296165 0.8448333461 -0.5346434275
vn 0.01920451012 0.8523059798 -0.5226908298
vn 0.01920451012 0.8523059798 -0.5226908298
vn 0.02032296165 0.8448333461 -0.5346434275
vn 0.02134684964 0.8463602141 -0.5321829573
vn 0.7939961643 -0.04057178199 0.6065674089
vn 0.7939961643 -0.04057178199 0.6065674089
vn 0.7939961643 -0.04057178199 0.6065674089
vn 0.01600772528 0.8561109504 -0.5165440865
vn -0.0008175615671 0.8321737519 -0.5545143625
vn 0.02032297662 0.844833463 -0.5346432422
vn 0.793989554 -0.04058182718 0.6065753897
vn 0.793989554 -0.04058182718 0.6065753897
vn 0.793989554 -0.04058182718 0.6065753897
vn 0.09821564268 0.9713016498 -0.2166259281
vn 0.02134684964 0.8463602141 -0.5321829573
vn 0.06185213558 0.9005256238 -0.4303811268
vn 0.7939967357 -0.04056991574 0.6065667858
vn 0.7939967357 -0.04056991574 0.6065667858
vn 0.7939967357 -0.04056991574 0.6065667858
vn 0.8095064813 -0.08118737989 0.5814704343
vn 0.8095064813 -0.08118737989 0.5814704343
vn 0.8095064813 -0.08118737989 0.5814704343
vn 0.7939989078 -0.04058754651 0.606562763
vn 0.7939989078 -0.04058754651 0.606562763
vn 0.7939989078 -0.04058754651 0.606562763
vn 0.8373380087 -0.06595489516 0.5426923724
vn 0.8373380087 -0.06595489516 0.5426923724
vn 0.8373380087 -0.06595489516 0.5426923724
vn 0.01600772528 0.8561109504 -0.5165440865
vn -0.06483525953 0.7887401594 -0.6112980861
vn -0.0008175615671 0.8321737519 -0.5545143625
vn 0.7770807794 -0.04057409824 0.6280917168
vn 0.7770807794 -0.04057409824 0.6280917168
vn 0.7770807794 -0.04057409824 0.6280917168
vn 0.7591661605 -0 0.6508968741
vn 0.7591661605 -0 0.6508968741
vn 0.7591661605 -0 0.6508968741
vn 0.2294103255 0.9137267229 -0.3353720001
vn 0.09821561321 0.9713017043 -0.216625697
vn 0.1165261258 0.9160528527 -0.3837562157
vn 0.09821564268 0.9713016498 -0.2166259281
vn 0.06185213558 0.9005256238 -0.4303811268
vn 0.08356168245 0.9239048093 -0.3733863262
vn 0.1165261258 0.9160528527 -0.3837562157
vn 0.09821561321 0.9713017043 -0.216625697
vn 0.08356166028 0.923904888 -0.3733861364
vn 0.7770797432 -0.04057934155 0.6280926602
vn 0.7770797432 -0.04057934155 0.6280926602
vn 0.7770797432 -0.04057934155 0.6280926602
vn 0.2294103255 0.9137267229 -0.3353720001
vn 0.1165261258 0.9160528527 -0.3837562157
vn 0.1909937114 0.8909755411 -0.4119271627
vn 0.7591657461 0 0.6508973574
vn 0.7591657461 0 0.6508973574
vn 0.7591657461 0 0.6508973574
vn 0.2294103404 0.9137267212 -0.3353719944
vn 0.1909937168 0.8909755449 -0.4119271519
vn 0.2253183047 0.8802651122 -0.417570346
vn 0.7591649271 0 0.6508983127
vn 0.7591649271 0 0.6508983127
vn 0.7591649271 0 0.6508983127
vn 0.7939942837 -0.04057438595 0.6065696964
vn 0.7939942837 -0.04057438595 0.6065696964
vn 0.7939942837 -0.04057438595 0.6065696964
vn -0.1878650189 0.7347034982 -0.6518569663
vn -0.2149560085 0.7638046202 -0.6086020183
vn -0.1941173721 0.745166631 -0.6380008917
vn 0.8841396046 -0.1067422383 0.4548661936
vn 0.8841396046 -0.1067422383 0.4548661936
vn 0.8841396046 -0.1067422383 0.4548661936
vn 0.8781654046 -0.1559183197 0.4522333465
vn 0.8781654046 -0.1559183197 0.4522333465
vn 0.8781654046 -0.1559183197 0.4522333465
vn 0.8781653473 -0.1559174474 0.4522337585
vn 0.8781653473 -0.1559174474 0.4522337585
vn 0.8781653473 -0.1559174474 0.4522337585
vn 0.8858114277 -0.1721637164 0.4309266403
vn 0.8858114277 -0.1721637164 0.4309266403
vn 0.8858114277 -0.1721637164 0.4309266403
vn 0.8858198159 -0.1721442196 0.4309171862
vn 0.8858198159 -0.1721442196 0.4309171862
vn 0.8858198159 -0.1721442196 0.4309171862
vn 0.9990948045 -0.0247741656 0.03458052103
vn 0.9990948045 -0.0247741656 0.03458052103
vn 0.9990948045 -0.0247741656 0.03458052103
vn 0.9990948045 -0.0247741656 -0.03458052103
vn 0.9990948045 -0.0247741656 -0.03458052103
vn 0.9990948045 -0.0247741656 -0.03458052103
vn 0.9943125139 -0.02478590185 -0.1035774284
vn 0.9943125139 -0.02478590185 -0.1035774284
vn 0.9943125139 -0.02478590185 -0.1035774284
vn 0.998935042 -0.04613872438 0
vn 0.998935042 -0.04613872438 0
vn 0.998935042 -0.04613872438 0
vn 0.9962249288 -0.04203546728 -0.0759533456
vn 0.9962249288 -0.04203546728 -0.0759533456
vn 0.9962249288 -0.04203546728 -0.0759533456
vn 0.9847705487 -0.02482411616 -0.1720776849
vn 0.9847705487 -0.02482411616 -0.1720776849
vn 0.9847705487 -0.02482411616 -0.1720776849
vn 0.970515853 -0.02483803175 -0.2397541474
vn 0.970515853 -0.02483803175 -0.2397541474
vn 0.970515853 -0.02483803175 -0.2397541474
vn 0.9885003868 -0.04210706382 -0.145237669
vn 0.9885003868 -0.04210706382 -0.145237669
vn 0.9885003868 -0.04210706382 -0.145237669
vn 0.9759667593 -0.04184432628 -0.2138642962
vn 0.9759667593 -0.04184432628 -0.2138642962
vn 0.9759667593 -0.04184432628 -0.2138642962
vn 0.9961570472 -0.08758502857 0
vn 0.9961570472 -0.08758502857 0
vn 0.9961570472 -0.08758502857 0
vn 0.9929350348 -0.09135473771 -0.07572534926
vn 0.9929350348 -0.09135473771 -0.07572534926
vn 0.9929350348 -0.09135473771 -0.07572534926
vn 0.9927763778 -0.1127028681 0.04114762732
vn 0.9927763778 -0.1127028681 0.04114762732
vn 0.9927763778 -0.1127028681 0.04114762732
vn 0.9927763776 -0.1127028692 -0.04114762916
vn 0.9927763776 -0.1127028692 -0.04114762916
vn 0.9927763776 -0.1127028692 -0.04114762916
vn 0.9871222945 -0.1086750084 -0.1173853409
vn 0.9871222945 -0.1086750084 -0.1173853409
vn 0.9871222945 -0.1086750084 -0.1173853409
vn 0.9852303621 -0.09134982911 -0.1448321177
vn 0.9852303621 -0.09134982911 -0.1448321177
vn 0.9852303621 -0.09134982911 -0.1448321177
vn 0.9727398954 -0.09126553015 -0.2131846591
vn 0.9727398954 -0.09126553015 -0.2131846591
vn 0.9727398954 -0.09126553015 -0.2131846591
vn 0.9764697214 -0.1085477848 -0.1863444703
vn 0.9764697214 -0.1085477848 -0.1863444703
vn 0.9764697214 -0.1085477848 -0.1863444703
vn 0.958350977 -0.04233167176 -0.2824383729
vn 0.958350977 -0.04233167176 -0.2824383729
vn 0.958350977 -0.04233167176 -0.2824383729
vn 0.9551813265 -0.09043647266 -0.2818685474
vn 0.9551813265 -0.09043647266 -0.2818685474
vn 0.9551813265 -0.09043647266 -0.2818685474
vn 0.9605742924 -0.1087564013 -0.2558692517
vn 0.9605742924 -0.1087564013 -0.2558692517
vn 0.9605742924 -0.1087564013 -0.2558692517
vn -0.1723803597 0 0.9850304623
vn -0.1723803597 0 0.9850304623
vn -0.1723803597 0 0.9850304623
vn -0.0906805088 0.9279078672 0.3616131016
vn -0.02662298476 0.9912799674 0.1290551935
vn -0.09254716269 0.9269080706 0.3636982972
vn -0.09068050613 0.9279078773 0.3616130764
vn -0.09254716357 0.9269080682 0.363698303
vn -0.176311883 0.7957104768 0.5794471132
vn -0.02662298476 0.9912799674 0.1290551935
vn -0.03283310245 0.9881543398 0.1499099335
vn -0.09254716269 0.9269080706 0.3636982972
vn -0.1763118956 0.7957104451 0.5794471529
vn -0.1606286323 0.7734150344 0.6132109156
vn -0.2042334518 0.8416364034 0.4999368576
vn 0.9516122462 -0.02501694751 -0.3062813823
vn 0.9516122462 -0.02501694751 -0.3062813823
vn 0.9516122462 -0.02501694751 -0.3062813823
vn 0.9358819266 -0.04107807813 -0.3499108615
vn 0.9358819266 -0.04107807813 -0.3499108615
vn 0.9358819266 -0.04107807813 -0.3499108615
vn 0.9281574098 -0.02503790402 -0.3713447534
vn 0.9281574098 -0.02503790402 -0.3713447534
vn 0.9281574098 -0.02503790402 -0.3713447534
vn 0.9002593724 -0.02510208003 -0.4346296677
vn 0.9002593724 -0.02510208003 -0.4346296677
vn 0.9002593724 -0.02510208003 -0.4346296677
vn 0.9092153152 -0.04109187845 -0.4142933359
vn 0.9092153152 -0.04109187845 -0.4142933359
vn 0.9092153152 -0.04109187845 -0.4142933359
vn -0.1723804704 0 0.9850304429
vn -0.1723804704 0 0.9850304429
vn -0.1723804704 0 0.9850304429
vn -0.03283311213 0.9881543408 0.1499099248
vn 0.05329041305 0.9602903479 0.2738659883
vn -0.09254714156 0.9269080658 0.3636983147
vn 0.9395208902 -0.1082047521 -0.3249495785
vn 0.9395208902 -0.1082047521 -0.3249495785
vn 0.9395208902 -0.1082047521 -0.3249495785
vn 0.9327817196 -0.0908927146 -0.348793317
vn 0.9327817196 -0.0908927146 -0.348793317
vn 0.9327817196 -0.0908927146 -0.348793317
vn 0.9061697748 -0.09085307976 -0.4130400187
vn 0.9061697748 -0.09085307976 -0.4130400187
vn 0.9061697748 -0.09085307976 -0.4130400187
vn 0.9138388414 -0.1069457844 -0.3917412043
vn 0.9138388414 -0.1069457844 -0.3917412043
vn 0.9138388414 -0.1069457844 -0.3917412043
vn -0.1606286365 0.7734150328 0.6132109165
vn -0.1710760507 0.8075549844 0.5644359415
vn -0.1726712614 0.8095781551 0.5610417509
vn -0.1606286365 0.7734150328 0.6132109165
vn -0.1726712614 0.8095781551 0.5610417509
vn -0.1741603597 0.8115292943 0.5577529683
vn -0.1763118922 0.7957104738 0.5794471146
vn -0.09254716071 0.9269080689 0.363698302
vn -0.1606286302 0.7734150543 0.613210891
vn -0.09254715914 0.9269080719 0.3636982947
vn -0.1560654791 0.7699628591 0.6187089476
vn -0.1606286311 0.7734150508 0.6132108952
vn 0.9871081732 -0.1546750527 0.04114708235
vn 0.9871081732 -0.1546750527 0.04114708235
vn 0.9871081732 -0.1546750527 0.04114708235
vn 0.9871081733 -0.1546750516 -0.04114708418
vn 0.9871081733 -0.1546750516 -0.04114708418
vn 0.9871081733 -0.1546750516 -0.04114708418
vn 0.9837656444 -0.1794579533 0
vn 0.9837656444 -0.1794579533 0
vn 0.9837656444 -0.1794579533 0
vn 0.9806537199 -0.1573204374 -0.1164841689
vn 0.9806537199 -0.1573204374 -0.1164841689
vn 0.9806537199 -0.1573204374 -0.1164841689
vn 0.9804973119 -0.1786440818 -0.08192260582
vn 0.9804973119 -0.1786440818 -0.08192260582
vn 0.9804973119 -0.1786440818 -0.08192260582
vn 0.9700004812 -0.1571929645 -0.1854438957
vn 0.9700004812 -0.1571929645 -0.1854438957
vn 0.9700004812 -0.1571929645 -0.1854438957
vn 0.971865859 -0.1746843438 -0.1579940891
vn 0.971865859 -0.1746843438 -0.1579940891
vn 0.971865859 -0.1746843438 -0.1579940891
vn -0.1153654004 0.9862264378 0.1185252622
vn -0.1335002553 0.9805660323 0.1437634796
vn -0.1513731834 0.9864262364 0.06363520638
vn 0.9751893498 -0.2213723833 0
vn 0.9751893498 -0.2213723833 0
vn 0.9751893498 -0.2213723833 0
vn 0.9718759949 -0.2206964416 -0.08215918255
vn 0.9718759949 -0.2206964416 -0.08215918255
vn 0.9718759949 -0.2206964416 -0.08215918255
vn -0.1513731884 0.9864262357 0.06363520609
vn -0.1335002518 0.9805660328 0.1437634799
vn -0.1356225865 0.9856536182 0.1004662083
vn 0.9685785259 -0.2453426651 0.04077518592
vn 0.9685785259 -0.2453426651 0.04077518592
vn 0.9685785259 -0.2453426651 0.04077518592
vn 0.9751892921 -0.2213726373 1.557903168e-07
vn 0.9751892921 -0.2213726373 1.557903168e-07
vn 0.9751892921 -0.2213726373 1.557903168e-07
vn 0.9685783694 -0.2453431119 -0.04077621602
vn 0.9685783694 -0.2453431119 -0.04077621602
vn 0.9685783694 -0.2453431119 -0.04077621602
vn -0.1513731884 0.9864262357 0.06363520609
vn -0.1356225865 0.9856536182 0.1004662083
vn -0.1418558366 0.987014787 0.07535736121
vn -0.152614 0.9879077306 0.02733647405
vn -0.1513731882 0.9864262356 0.06363520688
vn -0.1435458106 0.9873160128 0.06783576623
vn -0.1513731884 0.9864262357 0.06363520609
vn -0.1418558366 0.987014787 0.07535736121
vn -0.1435458107 0.9873160128 0.06783576568
vn -0.1356225865 0.9856536182 0.1004662083
vn -0.1335002518 0.9805660328 0.1437634799
vn -0.1278085512 0.9833253878 0.1293682958
vn -0.1277775418 0.9833154918 0.1294741029
vn -0.1335002537 0.9805660328 0.1437634777
vn -0.1283151492 0.9813328493 0.1432517412
vn -0.1277775401 0.9833154918 0.1294741048
vn -0.1278085512 0.9833253878 0.1293682958
vn -0.1335002518 0.9805660328 0.1437634799
vn 0.971867177 -0.2207957131 -0.08199660518
vn 0.971867177 -0.2207957131 -0.08199660518
vn 0.971867177 -0.2207957131 -0.08199660518
vn 0.9718759179 -0.2206966554 -0.08215951849
vn 0.9718759179 -0.2206966554 -0.08215951849
vn 0.9718759179 -0.2206966554 -0.08215951849
vn 0.9718754982 -0.2206990084 -0.08215816291
vn 0.9718754982 -0.2206990084 -0.08215816291
vn 0.9718754982 -0.2206990084 -0.08215816291
vn -0.133500254 0.9805660327 0.143763478
vn -0.1336545649 0.9766487533 0.1682072235
vn -0.1303249272 0.9797029543 0.152307369
vn -0.133500254 0.9805660327 0.143763478
vn -0.1303249272 0.9797029543 0.152307369
vn -0.1283151493 0.9813328493 0.1432517414
vn -0.133500254 0.9805660327 0.143763478
vn -0.1496044983 0.9672577455 0.2050145067
vn -0.1336545649 0.9766487533 0.1682072235
vn -0.1496044983 0.9672577455 0.2050145067
vn -0.135962659 0.974231149 0.1799661737
vn -0.1336545649 0.9766487533 0.1682072235
vn -0.1496044982 0.9672577454 0.2050145072
vn -0.139338535 0.9717672068 0.1904029106
vn -0.1359626591 0.9742311491 0.1799661729
vn -0.1496044982 0.9672577454 0.2050145072
vn -0.1410297285 0.9704396524 0.1958507002
vn -0.139338535 0.9717672068 0.1904029106
vn -0.1496044982 0.9672577454 0.2050145072
vn -0.1417317348 0.9698643659 0.1981797849
vn -0.1410297285 0.9704396524 0.1958507002
vn -0.1496044966 0.9672577467 0.2050145022
vn -0.1929760099 0.9225061857 0.3342792201
vn -0.1578182756 0.9556054616 0.2488204043
vn -0.1599462156 0.9502895783 0.267145888
vn -0.157818277 0.9556054617 0.2488204031
vn -0.1929760094 0.9225061857 0.3342792205
vn -0.1600462709 0.9500218062 0.2680368609
vn -0.1929760094 0.9225061857 0.3342792205
vn -0.1600685468 0.9499582035 0.2682488991
vn -0.1599462156 0.9502895783 0.267145888
vn -0.1929760094 0.9225061857 0.3342792205
vn -0.1600462709 0.9500218062 0.2680368609
vn -0.1496044966 0.9672577467 0.2050145022
vn -0.1578182756 0.9556054616 0.2488204043
vn -0.1417317343 0.9698643663 0.1981797833
vn 0.9542652277 -0.1571190407 -0.254345203
vn 0.9542652277 -0.1571190407 -0.254345203
vn 0.9542652277 -0.1571190407 -0.254345203
vn 0.9578320455 -0.1746819172 -0.2281315418
vn 0.9578320455 -0.1746819172 -0.2281315418
vn 0.9578320455 -0.1746819172 -0.2281315418
vn 0.954251386 -0.1571360905 -0.2543865983
vn 0.954251386 -0.1571360905 -0.2543865983
vn 0.954251386 -0.1571360905 -0.2543865983
vn 0.9386239581 -0.1747019038 -0.2974295045
vn 0.9386239581 -0.1747019038 -0.2974295045
vn 0.9386239581 -0.1747019038 -0.2974295045
vn 0.9621730737 -0.2435695193 -0.1220527165
vn 0.9621730737 -0.2435695193 -0.1220527165
vn 0.9621730737 -0.2435695193 -0.1220527165
vn 0.9623260492 -0.2222605801 -0.1566167603
vn 0.9623260492 -0.2222605801 -0.1566167603
vn 0.9623260492 -0.2222605801 -0.1566167603
vn 0.962326471 -0.2222575591 -0.1566184559
vn 0.962326471 -0.2222575591 -0.1566184559
vn 0.962326471 -0.2222575591 -0.1566184559
vn 0.9623266465 -0.2222586929 -0.1566157681
vn 0.9623266465 -0.2222586929 -0.1566157681
vn 0.9623266465 -0.2222586929 -0.1566157681
vn 0.9501566735 -0.239746511 -0.1993085706
vn 0.9501566735 -0.239746511 -0.1993085706
vn 0.9501566735 -0.239746511 -0.1993085706
vn 0.948416294 -0.2229852012 -0.2253533522
vn 0.948416294 -0.2229852012 -0.2253533522
vn 0.948416294 -0.2229852012 -0.2253533522
vn 0.9484175244 -0.2229860115 -0.2253473718
vn 0.9484175244 -0.2229860115 -0.2253473718
vn 0.9484175244 -0.2229860115 -0.2253473718
vn 0.9484160504 -0.2229930863 -0.2253465751
vn 0.9484160504 -0.2229930863 -0.2253465751
vn 0.9484160504 -0.2229930863 -0.2253465751
vn 0.9577743002 -0.1750202455 -0.2281146719
vn 0.9577743002 -0.1750202455 -0.2281146719
vn 0.9577743002 -0.1750202455 -0.2281146719
vn -0.2042334536 0.8416364002 0.4999368623
vn -0.1664248423 0.9257279343 0.3396035389
vn -0.1929760107 0.9225061872 0.3342792154
vn -0.1606286334 0.7734150347 0.613210915
vn -0.1857319163 0.8253951138 0.5331290289
vn -0.2042334524 0.8416364037 0.499936857
vn -0.2042334526 0.8416364018 0.4999368601
vn -0.1857319177 0.8253951121 0.5331290309
vn -0.1837502379 0.8359091328 0.517196067
vn -0.2042334526 0.8416364018 0.4999368601
vn -0.1837502379 0.8359091328 0.517196067
vn -0.1804029271 0.856763651 0.4831261017
vn -0.2042334526 0.8416364018 0.4999368601
vn -0.1702255499 0.9039696946 0.3922525379
vn -0.1673544414 0.9141766393 0.3691524929
vn -0.2042334536 0.8416364002 0.4999368623
vn -0.1673544416 0.9141766391 0.3691524933
vn -0.1670074982 0.9193862053 0.3561425291
vn -0.2042334526 0.8416364018 0.4999368601
vn -0.1804029271 0.856763651 0.4831261017
vn -0.1702255499 0.9039696946 0.3922525379
vn -0.2042334536 0.8416364002 0.4999368623
vn -0.1670074982 0.9193862053 0.3561425291
vn -0.1664248423 0.9257279343 0.3396035389
vn 0.9386246787 -0.1747035363 -0.2974262716
vn 0.9386246787 -0.1747035363 -0.2974262716
vn 0.9386246787 -0.1747035363 -0.2974262716
vn 0.9332109409 -0.156567297 -0.3234254494
vn 0.9332109409 -0.156567297 -0.3234254494
vn 0.9332109409 -0.156567297 -0.3234254494
vn 0.9332112114 -0.1565675699 -0.3234245367
vn 0.9332112114 -0.1565675699 -0.3234245367
vn 0.9332112114 -0.1565675699 -0.3234245367
vn -0.1606286365 0.7734150328 0.6132109165
vn -0.1741603597 0.8115292943 0.5577529683
vn -0.185731914 0.8253951151 0.5331290276
vn 0.9078659043 -0.1561227653 -0.3891081879
vn 0.9078659043 -0.1561227653 -0.3891081879
vn 0.9078659043 -0.1561227653 -0.3891081879
vn 0.907865652 -0.1561238895 -0.3891083256
vn 0.907865652 -0.1561238895 -0.3891083256
vn 0.907865652 -0.1561238895 -0.3891083256
vn 0.9078662334 -0.156129118 -0.3891048712
vn 0.9078662334 -0.156129118 -0.3891048712
vn 0.9078662334 -0.156129118 -0.3891048712
vn 0.9078689924 -0.156116268 -0.3891035897
vn 0.9078689924 -0.156116268 -0.3891035897
vn 0.9078689924 -0.156116268 -0.3891035897
vn -0.1741603597 0.8115292943 0.5577529683
vn -0.1845999456 0.8254643539 0.5334149047
vn -0.185731914 0.8253951151 0.5331290276
vn -0.1857319155 0.8253951141 0.5331290286
vn -0.1844197245 0.8279886443 0.5295509137
vn -0.1837502341 0.835909136 0.5171960632
vn -0.1857319155 0.8253951132 0.5331290301
vn -0.1845999498 0.8254643442 0.5334149182
vn -0.1844197245 0.8279886451 0.5295509124
vn 0.9078563324 -0.1561461456 -0.3891211391
vn 0.9078563324 -0.1561461456 -0.3891211391
vn 0.9078563324 -0.1561461456 -0.3891211391
vn 0.933211513 -0.156569784 -0.3234225945
vn 0.933211513 -0.156569784 -0.3234225945
vn 0.933211513 -0.156569784 -0.3234225945
vn 0.9146056088 -0.1734336396 -0.3652634022
vn 0.9146056088 -0.1734336396 -0.3652634022
vn 0.9146056088 -0.1734336396 -0.3652634022
vn -0.1600685468 0.9499582035 0.2682488991
vn -0.1929760094 0.9225061857 0.3342792205
vn -0.1664248397 0.9257279316 0.3396035474
vn 0.8680533607 -0.02512469375 -0.4958347635
vn 0.8680533607 -0.02512469375 -0.4958347635
vn 0.8680533607 -0.02512469375 -0.4958347635
vn -0.1723747209 0 0.985031449
vn -0.1723747209 0 0.985031449
vn -0.1723747209 0 0.985031449
vn -0.09254714156 0.9269080658 0.3636983147
vn 0.05329041305 0.9602903479 0.2738659883
vn 0.05671496301 0.9549260453 0.291375464
vn -0.0994995054 0 0.9950376116
vn -0.0994995054 0 0.9950376116
vn -0.0994995054 0 0.9950376116
vn -0.09951779508 0 0.9950357825
vn -0.09951779508 0 0.9950357825
vn -0.09951779508 0 0.9950357825
vn -0.09951807192 0 0.9950357548
vn -0.09951807192 0 0.9950357548
vn -0.09951807192 0 0.9950357548
vn 0.05329041225 0.9602903404 0.2738660149
vn 0.05513124482 0.9589903232 0.2780253692
vn 0.0567149628 0.9549260446 0.2913754661
vn 0.05513124482 0.9589903232 0.2780253692
vn 0.05881478132 0.9558044072 0.2880603352
vn 0.0567149628 0.9549260446 0.2913754661
vn 0.06013943687 0.9545929421 0.2917799908
vn 0.06224351496 0.9545337465 0.2915322823
vn 0.05671496474 0.9549260464 0.2913754598
vn 0.05881477619 0.9558044192 0.2880602965
vn 0.0601394379 0.9545929446 0.2917799824
vn 0.05671496376 0.9549260435 0.2913754695
vn -0.09254715914 0.9269080719 0.3636982947
vn -0.1226816283 0.8504477355 0.5115543639
vn -0.1298240212 0.835144785 0.5344893934
vn 0.8781001371 -0.04076516714 -0.4767371922
vn 0.8781001371 -0.04076516714 -0.4767371922
vn 0.8781001371 -0.04076516714 -0.4767371922
vn -0.09254716353 0.9269080578 0.3636983295
vn -0.1075672054 0.8548134163 0.507664574
vn -0.1218811984 0.8520850779 0.5090147282
vn -0.09254715914 0.9269080719 0.3636982947
vn -0.1218811937 0.8520851028 0.5090146876
vn -0.1226816283 0.8504477355 0.5115543639
vn -0.09254714626 0.9269080654 0.3636983145
vn 0.05671496231 0.9549260457 0.2913754629
vn -0.1020628332 0.8557525138 0.5072187035
vn -0.09254716353 0.9269080578 0.3636983295
vn -0.1020628066 0.8557525294 0.5072186826
vn -0.1075672054 0.8548134163 0.507664574
vn -0.09950346186 0 0.9950372159
vn -0.09950346186 0 0.9950372159
vn -0.09950346186 0 0.9950372159
vn 0.06224350033 0.9545337374 0.2915323152
vn 0.05326829195 0.8741011838 0.4828142599
vn 0.05671496058 0.9549260438 0.2913754693
vn 0.827401653 0 -0.5616106343
vn 0.827401653 0 -0.5616106343
vn 0.827401653 0 -0.5616106343
vn 0.8429292895 -0.04065187907 -0.5364863817
vn 0.8429292895 -0.04065187907 -0.5364863817
vn 0.8429292895 -0.04065187907 -0.5364863817
vn 0.05671496158 0.9549260429 0.291375472
vn 0.02096175556 0.8362281832 0.5479808668
vn -0.04068352386 0.87212883 0.4875819468
vn 0.8429295897 -0.04065206848 -0.5364858956
vn 0.8429295897 -0.04065206848 -0.5364858956
vn 0.8429295897 -0.04065206848 -0.5364858956
vn 0.8429291058 -0.04065181782 -0.5364866748
vn 0.8429291058 -0.04065181782 -0.5364866748
vn 0.8429291058 -0.04065181782 -0.5364866748
vn 0.05671496231 0.9549260457 0.2913754629
vn -0.07322516888 0.8677778022 0.4915279856
vn -0.1020628332 0.8557525138 0.5072187035
vn 0.8429294798 -0.04065221029 -0.5364860576
vn 0.8429294798 -0.04065221029 -0.5364860576
vn 0.8429294798 -0.04065221029 -0.5364860576
vn 0.05671496231 0.9549260457 0.2913754629
vn -0.05091404088 0.8762885616 0.4790888407
vn -0.07322516888 0.8677778022 0.4915279856
vn 0.05671496158 0.9549260429 0.291375472
vn -0.04068352386 0.87212883 0.4875819468
vn -0.04100278307 0.8722742783 0.4872949365
vn 0.05671496158 0.9549260429 0.291375472
vn -0.04100278307 0.8722742783 0.4872949365
vn -0.05091403344 0.8762885747 0.4790888176
vn 0.8841403954 -0.1067389531 -0.4548654275
vn 0.8841403954 -0.1067389531 -0.4548654275
vn 0.8841403954 -0.1067389531 -0.4548654275
vn -0.1606286365 0.7734150328 0.6132109165
vn -0.1553064836 0.787719196 0.5961361962
vn -0.1710760507 0.8075549844 0.5644359415
vn -0.09254715914 0.9269080719 0.3636982947
vn -0.1298240212 0.835144785 0.5344893934
vn -0.1560654791 0.7699628591 0.6187089476
vn 0.8751849001 -0.09075189552 -0.4752004673
vn 0.8751849001 -0.09075189552 -0.4752004673
vn 0.8751849001 -0.09075189552 -0.4752004673
vn 0.8751839016 -0.0907496292 -0.475202739
vn 0.8751839016 -0.0907496292 -0.475202739
vn 0.8751839016 -0.0907496292 -0.475202739
vn 0.8751839058 -0.09074924188 -0.4752028052
vn 0.8751839058 -0.09074924188 -0.4752028052
vn 0.8751839058 -0.09074924188 -0.4752028052
vn -0.1606286357 0.7734150338 0.6132109156
vn -0.1558271527 0.7764591855 0.6105972746
vn -0.1553064791 0.787719199 0.5961361934
vn 0.8841393286 -0.1067381318 -0.4548676937
vn 0.8841393286 -0.1067381318 -0.4548676937
vn 0.8841393286 -0.1067381318 -0.4548676937
vn -0.1606286357 0.7734150338 0.6132109156
vn -0.1560654886 0.7699628229 0.6187089902
vn -0.1558271527 0.7764591855 0.6105972746
vn 0.8373351679 -0.06595625516 -0.5426965903
vn 0.8373351679 -0.06595625516 -0.5426965903
vn 0.8373351679 -0.06595625516 -0.5426965903
vn 0.850082529 -0.1062630879 -0.515817652
vn 0.850082529 -0.1062630879 -0.515817652
vn 0.850082529 -0.1062630879 -0.515817652
vn 0.8373358412 -0.0659591318 -0.5426952017
vn 0.8373358412 -0.0659591318 -0.5426952017
vn 0.8373358412 -0.0659591318 -0.5426952017
vn 0.8121415015 0 -0.5834605227
vn 0.8121415015 0 -0.5834605227
vn 0.8121415015 0 -0.5834605227
vn 0.05671496039 0.9549260439 0.2913754692
vn 0.05326828352 0.8741011881 0.4828142531
vn 0.02096175316 0.8362281867 0.5479808616
vn 0.05326828352 0.8741011881 0.4828142531
vn 0.03317328533 0.8387477698 0.5435087045
vn 0.02096175316 0.8362281867 0.5479808616
vn -0.09950315203 0 0.9950372469
vn -0.09950315203 0 0.9950372469
vn -0.09950315203 0 0.9950372469
vn 0.05326828352 0.8741011881 0.4828142531
vn 0.05102736933 0.8417561965 0.5374408929
vn 0.05001877119 0.841768324 0.5375167078
vn 0.05326828352 0.8741011881 0.4828142531
vn 0.05001877119 0.841768324 0.5375167078
vn 0.04651330533 0.8413332235 0.5385117636
vn 0.05326828352 0.8741011881 0.4828142531
vn 0.04651330533 0.8413332235 0.5385117636
vn 0.03317328533 0.8387477698 0.5435087045
vn 0.7939960781 -0.0405719645 -0.6065675095
vn 0.7939960781 -0.0405719645 -0.6065675095
vn 0.7939960781 -0.0405719645 -0.6065675095
vn 0.7940022282 -0.04055720851 -0.6065604458
vn 0.7940022282 -0.04055720851 -0.6065604458
vn 0.7940022282 -0.04055720851 -0.6065604458
vn 0.8373340075 -0.06596551296 -0.5426972554
vn 0.8373340075 -0.06596551296 -0.5426972554
vn 0.8373340075 -0.06596551296 -0.5426972554
vn 0.8094790014 -0.08121323632 -0.5815050787
vn 0.8094790014 -0.08121323632 -0.5815050787
vn 0.8094790014 -0.08121323632 -0.5815050787
vn 0.8373363134 -0.06596014864 -0.5426943496
vn 0.8373363134 -0.06596014864 -0.5426943496
vn 0.8373363134 -0.06596014864 -0.5426943496
vn 0.7939726016 -0.04062917537 -0.6065944099
vn 0.7939726016 -0.04062917537 -0.6065944099
vn 0.7939726016 -0.04062917537 -0.6065944099
vn 0.793994843 -0.04057385048 -0.6065690001
vn 0.793994843 -0.04057385048 -0.6065690001
vn 0.793994843 -0.04057385048 -0.6065690001
vn 0.7591589226 2.104753089e-05 -0.6509053156
vn 0.7591589226 2.104753089e-05 -0.6509053156
vn 0.7591589226 2.104753089e-05 -0.6509053156
vn 0.7591644012 0 -0.6508989261
vn 0.7591644012 0 -0.6508989261
vn 0.7591644012 0 -0.6508989261
vn 0.7770829569 -0.04057363395 -0.6280890529
vn 0.7770829569 -0.04057363395 -0.6280890529
vn 0.7770829569 -0.04057363395 -0.6280890529
vn 0.8841387596 -0.1067435161 -0.4548675362
vn 0.8841387596 -0.1067435161 -0.4548675362
vn 0.8841387596 -0.1067435161 -0.4548675362
vn 0.8781660714 -0.1559085801 -0.4522354097
vn 0.8781660714 -0.1559085801 -0.4522354097
vn 0.8781660714 -0.1559085801 -0.4522354097
vn 0.8858134269 -0.1721572895 -0.4309250985
vn 0.8858134269 -0.1721572895 -0.4309250985
vn 0.8858134269 -0.1721572895 -0.4309250985
vn -0.9700006247 -0.1571929134 -0.1854431884
vn -0.9700006247 -0.1571929134 -0.1854431884
vn -0.9700006247 -0.1571929134 -0.1854431884
vn -0.9578317795 -0.1746833667 -0.2281315489
vn -0.9578317795 -0.1746833667 -0.2281315489
vn -0.9578317795 -0.1746833667 -0.2281315489
vn -0.9699729178 -0.1572380503 -0.1855498161
vn -0.9699729178 -0.1572380503 -0.1855498161
vn -0.9699729178 -0.1572380503 -0.1855498161
vn -0.9386256623 -0.1747010631 -0.29742462
vn -0.9386256623 -0.1747010631 -0.29742462
vn -0.9386256623 -0.1747010631 -0.29742462
vn -0.9332119991 -0.1565651454 -0.3234234376
vn -0.9332119991 -0.1565651454 -0.3234234376
vn -0.9332119991 -0.1565651454 -0.3234234376
vn -0.9542652058 -0.1571214518 -0.2543437957
vn -0.9542652058 -0.1571214518 -0.2543437957
vn -0.9542652058 -0.1571214518 -0.2543437957
vn -0.9542652723 -0.1571180464 -0.2543456496
vn -0.9542652723 -0.1571180464 -0.2543456496
vn -0.9542652723 -0.1571180464 -0.2543456496
vn -0.9542649844 -0.1571203573 -0.2543453026
vn -0.9542649844 -0.1571203573 -0.2543453026
vn -0.9542649844 -0.1571203573 -0.2543453026
vn -0.9718658998 -0.1746838514 -0.1579943823
vn -0.9718658998 -0.1746838514 -0.1579943823
vn -0.9718658998 -0.1746838514 -0.1579943823
vn -0.9806537089 -0.1573183597 -0.1164870679
vn -0.9806537089 -0.1573183597 -0.1164870679
vn -0.9806537089 -0.1573183597 -0.1164870679
vn -0.9700006197 -0.1571930948 -0.1854430607
vn -0.9700006197 -0.1571930948 -0.1854430607
vn -0.9700006197 -0.1571930948 -0.1854430607
vn -0.9718659272 -0.1746838886 -0.1579941728
vn -0.9718659272 -0.1746838886 -0.1579941728
vn -0.9718659272 -0.1746838886 -0.1579941728
vn -0.9871081483 -0.1546752753 -0.04114684301
vn -0.9871081483 -0.1546752753 -0.04114684301
vn -0.9871081483 -0.1546752753 -0.04114684301
vn -0.987108134 -0.154675345 -0.04114692426
vn -0.987108134 -0.154675345 -0.04114692426
vn -0.987108134 -0.154675345 -0.04114692426
vn -0.980653708 -0.1573185365 -0.1164868367
vn -0.980653708 -0.1573185365 -0.1164868367
vn -0.980653708 -0.1573185365 -0.1164868367
vn -0.9804973349 -0.1786442816 -0.08192189501
vn -0.9804973349 -0.1786442816 -0.08192189501
vn -0.9804973349 -0.1786442816 -0.08192189501
vn -0.9804970431 -0.1786450707 -0.08192366689
vn -0.9804970431 -0.1786450707 -0.08192366689
vn -0.9804970431 -0.1786450707 -0.08192366689
vn -0.9806536379 -0.1573202314 -0.1164851373
vn -0.9806536379 -0.1573202314 -0.1164851373
vn -0.9806536379 -0.1573202314 -0.1164851373
vn -0.9327817704 -0.09089194299 -0.3487933824
vn -0.9327817704 -0.09089194299 -0.3487933824
vn -0.9327817704 -0.09089194299 -0.3487933824
vn -0.9138380394 -0.1069457248 -0.3917430915
vn -0.9138380394 -0.1069457248 -0.3917430915
vn -0.9138380394 -0.1069457248 -0.3917430915
vn -0.9061696472 -0.09085441293 -0.4130400056
vn -0.9061696472 -0.09085441293 -0.4130400056
vn -0.9061696472 -0.09085441293 -0.4130400056
vn -0.9092153079 -0.04109164024 -0.4142933755
vn -0.9092153079 -0.04109164024 -0.4142933755
vn -0.9092153079 -0.04109164024 -0.4142933755
vn -0.9092151863 -0.0410912886 -0.4142936772
vn -0.9092151863 -0.0410912886 -0.4142936772
vn -0.9092151863 -0.0410912886 -0.4142936772
vn -0.9092172045 -0.0410924462 -0.4142891331
vn -0.9092172045 -0.0410924462 -0.4142891331
vn -0.9092172045 -0.0410924462 -0.4142891331
vn -0.9092133443 -0.04108848592 -0.4142979977
vn -0.9092133443 -0.04108848592 -0.4142979977
vn -0.9092133443 -0.04108848592 -0.4142979977
vn -0.9002625568 -0.0251078171 -0.4346227402
vn -0.9002625568 -0.0251078171 -0.4346227402
vn -0.9002625568 -0.0251078171 -0.4346227402
vn -0.9002593329 -0.02510144423 -0.4346297863
vn -0.9002593329 -0.02510144423 -0.4346297863
vn -0.9002593329 -0.02510144423 -0.4346297863
vn -0.9002594806 -0.02510180773 -0.4346294593
vn -0.9002594806 -0.02510180773 -0.4346294593
vn -0.9002594806 -0.02510180773 -0.4346294593
vn -0.9281572458 -0.02503780243 -0.3713451704
vn -0.9281572458 -0.02503780243 -0.3713451704
vn -0.9281572458 -0.02503780243 -0.3713451704
vn -0.8781001159 -0.04076500539 -0.4767372451
vn -0.8781001159 -0.04076500539 -0.4767372451
vn -0.8781001159 -0.04076500539 -0.4767372451
vn -0.8680542734 -0.02512595237 -0.4958331019
vn -0.8680542734 -0.02512595237 -0.4958331019
vn -0.8680542734 -0.02512595237 -0.4958331019
vn -0.86805291 -0.0251236636 -0.4958356048
vn -0.86805291 -0.0251236636 -0.4958356048
vn -0.86805291 -0.0251236636 -0.4958356048
vn -0.8680555264 -0.02513182899 -0.4958306104
vn -0.8680555264 -0.02513182899 -0.4958306104
vn -0.8680555264 -0.02513182899 -0.4958306104
vn -0.8680533136 -0.0251237356 -0.4958348946
vn -0.8680533136 -0.0251237356 -0.4958348946
vn -0.8680533136 -0.0251237356 -0.4958348946
vn -0.9727398846 -0.09126565775 -0.2131846537
vn -0.9727398846 -0.09126565775 -0.2131846537
vn -0.9727398846 -0.09126565775 -0.2131846537
vn -0.9395200499 -0.1082048855 -0.3249519636
vn -0.9395200499 -0.1082048855 -0.3249519636
vn -0.9395200499 -0.1082048855 -0.3249519636
vn -0.9395213774 -0.1082041628 -0.3249483659
vn -0.9395213774 -0.1082041628 -0.3249483659
vn -0.9395213774 -0.1082041628 -0.3249483659
vn -0.9395209923 -0.1082050094 -0.3249491974
vn -0.9395209923 -0.1082050094 -0.3249491974
vn -0.9395209923 -0.1082050094 -0.3249491974
vn -0.9327821488 -0.09089373537 -0.3487919032
vn -0.9327821488 -0.09089373537 -0.3487919032
vn -0.9327821488 -0.09089373537 -0.3487919032
vn -0.960574234 -0.1087565804 -0.2558693949
vn -0.960574234 -0.1087565804 -0.2558693949
vn -0.960574234 -0.1087565804 -0.2558693949
vn -0.9551812224 -0.09043651097 -0.2818688878
vn -0.9551812224 -0.09043651097 -0.2818688878
vn -0.9551812224 -0.09043651097 -0.2818688878
vn -0.9327818115 -0.09089250241 -0.3487931265
vn -0.9327818115 -0.09089250241 -0.3487931265
vn -0.9327818115 -0.09089250241 -0.3487931265
vn -0.987122185 -0.108674961 -0.1173863056
vn -0.987122185 -0.108674961 -0.1173863056
vn -0.987122185 -0.108674961 -0.1173863056
vn -0.976469794 -0.1085483716 -0.1863437482
vn -0.976469794 -0.1085483716 -0.1863437482
vn -0.976469794 -0.1085483716 -0.1863437482
vn -0.9927764598 -0.112702202 -0.0411474718
vn -0.9927764598 -0.112702202 -0.0411474718
vn -0.9927764598 -0.112702202 -0.0411474718
vn -0.9852303374 -0.09135058694 -0.144831808
vn -0.9852303374 -0.09135058694 -0.144831808
vn -0.9852303374 -0.09135058694 -0.144831808
vn -0.9929351107 -0.09135416189 -0.07572504929
vn -0.9929351107 -0.09135416189 -0.07572504929
vn -0.9929351107 -0.09135416189 -0.07572504929
vn -0.9759667555 -0.04184443709 -0.2138642915
vn -0.9759667555 -0.04184443709 -0.2138642915
vn -0.9759667555 -0.04184443709 -0.2138642915
vn -0.970515865 -0.02483818158 -0.2397540833
vn -0.970515865 -0.02483818158 -0.2397540833
vn -0.970515865 -0.02483818158 -0.2397540833
vn -0.9583508612 -0.04233199628 -0.2824387172
vn -0.9583508612 -0.04233199628 -0.2824387172
vn -0.9583508612 -0.04233199628 -0.2824387172
vn -0.935881904 -0.04107826414 -0.3499109
vn -0.935881904 -0.04107826414 -0.3499109
vn -0.935881904 -0.04107826414 -0.3499109
vn -0.9516121243 -0.02501726399 -0.3062817352
vn -0.9516121243 -0.02501726399 -0.3062817352
vn -0.9516121243 -0.02501726399 -0.3062817352
vn -0.9885004423 -0.04210681062 -0.1452373649
vn -0.9885004423 -0.04210681062 -0.1452373649
vn -0.9885004423 -0.04210681062 -0.1452373649
vn -0.9962249491 -0.04203552889 -0.07595304598
vn -0.9962249491 -0.04203552889 -0.07595304598
vn -0.9962249491 -0.04203552889 -0.07595304598
vn -0.9847706455 -0.02482401667 -0.1720771456
vn -0.9847706455 -0.02482401667 -0.1720771456
vn -0.9847706455 -0.02482401667 -0.1720771456
vn -0.9943125167 -0.02478577688 -0.1035774321
vn -0.9943125167 -0.02478577688 -0.1035774321
vn -0.9943125167 -0.02478577688 -0.1035774321
vn -0.9990947783 -0.02477455046 -0.03458100207
vn -0.9990947783 -0.02477455046 -0.03458100207
vn -0.9990947783 -0.02477455046 -0.03458100207
vn -0.8680508953 -0.02512652401 -0.4958389869
vn -0.8680508953 -0.02512652401 -0.4958389869
vn -0.8680508953 -0.02512652401 -0.4958389869
vn -0.8429300837 -0.04065201117 -0.5364851237
vn -0.8429300837 -0.04065201117 -0.5364851237
vn -0.8429300837 -0.04065201117 -0.5364851237
vn -0.8429292719 -0.0406507959 -0.5364864913
vn -0.8429292719 -0.0406507959 -0.5364864913
vn -0.8429292719 -0.0406507959 -0.5364864913
vn -0.9837656349 -0.1794580051 -2.435067823e-07
vn -0.9837656349 -0.1794580051 -2.435067823e-07
vn -0.9837656349 -0.1794580051 -2.435067823e-07
vn -0.9837656486 -0.1794579299 3.980251164e-07
vn -0.9837656486 -0.1794579299 3.980251164e-07
vn -0.9837656486 -0.1794579299 3.980251164e-07
vn -0.9871081569 -0.1546750698 0.04114740966
vn -0.9871081569 -0.1546750698 0.04114740966
vn -0.9871081569 -0.1546750698 0.04114740966
vn -0.9871083752 -0.1546730561 0.04114974198
vn -0.9871083752 -0.1546730561 0.04114974198
vn -0.9871083752 -0.1546730561 0.04114974198
vn -0.9871080551 -0.1546758496 0.04114692224
vn -0.9871080551 -0.1546758496 0.04114692224
vn -0.9871080551 -0.1546758496 0.04114692224
vn -0.9804972854 -0.1786445536 0.08192189478
vn -0.9804972854 -0.1786445536 0.08192189478
vn -0.9804972854 -0.1786445536 0.08192189478
vn -0.9804972537 -0.1786442026 0.0819230388
vn -0.9804972537 -0.1786442026 0.0819230388
vn -0.9804972537 -0.1786442026 0.0819230388
vn -0.9806539904 -0.1573189502 0.1164839007
vn -0.9806539904 -0.1573189502 0.1164839007
vn -0.9806539904 -0.1573189502 0.1164839007
vn -0.9806536405 -0.157320206 0.1164851498
vn -0.9806536405 -0.157320206 0.1164851498
vn -0.9806536405 -0.157320206 0.1164851498
vn -0.9718637498 -0.1746924487 0.1579981021
vn -0.9718637498 -0.1746924487 0.1579981021
vn -0.9718637498 -0.1746924487 0.1579981021
vn -0.9718656809 -0.1746837098 0.1579958857
vn -0.9718656809 -0.1746837098 0.1579958857
vn -0.9718656809 -0.1746837098 0.1579958857
vn -0.9700007981 -0.1571963895 0.1854393348
vn -0.9700007981 -0.1571963895 0.1854393348
vn -0.9700007981 -0.1571963895 0.1854393348
vn -0.9700006736 -0.1571925038 0.1854432795
vn -0.9700006736 -0.1571925038 0.1854432795
vn -0.9700006736 -0.1571925038 0.1854432795
vn -0.9700006391 -0.1571928218 0.1854431906
vn -0.9700006391 -0.1571928218 0.1854431906
vn -0.9700006391 -0.1571928218 0.1854431906
vn -0.9578325176 -0.1746814144 0.2281299447
vn -0.9578325176 -0.1746814144 0.2281299447
vn -0.9578325176 -0.1746814144 0.2281299447
vn -0.9542650613 -0.1571156392 0.2543479284
vn -0.9542650613 -0.1571156392 0.2543479284
vn -0.9542650613 -0.1571156392 0.2543479284
vn -0.9542647598 -0.1571221111 0.2543450617
vn -0.9542647598 -0.1571221111 0.2543450617
vn -0.9542647598 -0.1571221111 0.2543450617
vn -0.9543229032 -0.1569290403 0.254246087
vn -0.9543229032 -0.1569290403 0.254246087
vn -0.9543229032 -0.1569290403 0.254246087
vn -0.9605741741 -0.1087575599 0.2558692034
vn -0.9605741741 -0.1087575599 0.2558692034
vn -0.9605741741 -0.1087575599 0.2558692034
vn -0.99277646 -0.1127022008 0.04114747024
vn -0.99277646 -0.1127022008 0.04114747024
vn -0.99277646 -0.1127022008 0.04114747024
vn -0.9871221844 -0.1086749534 0.1173863176
vn -0.9871221844 -0.1086749534 0.1173863176
vn -0.9871221844 -0.1086749534 0.1173863176
vn -0.9961570976 -0.08758445638 0
vn -0.9961570976 -0.08758445638 0
vn -0.9961570976 -0.08758445638 0
vn -0.992935111 -0.09135415541 0.07572505323
vn -0.992935111 -0.09135415541 0.07572505323
vn -0.992935111 -0.09135415541 0.07572505323
vn -0.976469794 -0.1085483716 0.1863437482
vn -0.976469794 -0.1085483716 0.1863437482
vn -0.976469794 -0.1085483716 0.1863437482
vn -0.9852303374 -0.09135058694 0.144831808
vn -0.9852303374 -0.09135058694 0.144831808
vn -0.9852303374 -0.09135058694 0.144831808
vn -0.9727398915 -0.09126568598 0.2131846102
vn -0.9727398915 -0.09126568598 0.2131846102
vn -0.9727398915 -0.09126568598 0.2131846102
vn -0.9605743563 -0.1087564672 0.2558689837
vn -0.9605743563 -0.1087564672 0.2558689837
vn -0.9605743563 -0.1087564672 0.2558689837
vn -0.9551812339 -0.09043602731 0.2818690038
vn -0.9551812339 -0.09043602731 0.2818690038
vn -0.9551812339 -0.09043602731 0.2818690038
vn -0.9989350105 -0.04613940613 0
vn -0.9989350105 -0.04613940613 0
vn -0.9989350105 -0.04613940613 0
vn -0.9962249489 -0.04203552645 0.07595304989
vn -0.9962249489 -0.04203552645 0.07595304989
vn -0.9962249489 -0.04203552645 0.07595304989
vn -0.9990947782 -0.02477454945 0.03458100408
vn -0.9990947782 -0.02477454945 0.03458100408
vn -0.9990947782 -0.02477454945 0.03458100408
vn -0.9943125167 -0.02478577688 0.1035774321
vn -0.9943125167 -0.02478577688 0.1035774321
vn -0.9943125167 -0.02478577688 0.1035774321
vn -0.9885004423 -0.04210681062 0.1452373649
vn -0.9885004423 -0.04210681062 0.1452373649
vn -0.9885004423 -0.04210681062 0.1452373649
vn -0.9759667657 -0.04184441953 0.2138642485
vn -0.9759667657 -0.04184441953 0.2138642485
vn -0.9759667657 -0.04184441953 0.2138642485
vn -0.9847706455 -0.02482401667 0.1720771456
vn -0.9847706455 -0.02482401667 0.1720771456
vn -0.9847706455 -0.02482401667 0.1720771456
vn -0.9705158774 -0.02483816197 0.2397540353
vn -0.9705158774 -0.02483816197 0.2397540353
vn -0.9705158774 -0.02483816197 0.2397540353
vn -0.9583508277 -0.04233204033 0.2824388241
vn -0.9583508277 -0.04233204033 0.2824388241
vn -0.9583508277 -0.04233204033 0.2824388241
vn -0.9551804914 -0.09043751969 0.2818710413
vn -0.9551804914 -0.09043751969 0.2818710413
vn -0.9551804914 -0.09043751969 0.2818710413
vn -0.9395229424 -0.1082026084 0.3249443588
vn -0.9395229424 -0.1082026084 0.3249443588
vn -0.9395229424 -0.1082026084 0.3249443588
vn -0.9395197712 -0.1082047928 0.3249528002
vn -0.9395197712 -0.1082047928 0.3249528002
vn -0.9395197712 -0.1082047928 0.3249528002
vn -0.9395213624 -0.1082057185 0.3249478914
vn -0.9395213624 -0.1082057185 0.3249478914
vn -0.9395213624 -0.1082057185 0.3249478914
vn -0.9395214359 -0.1082058039 0.3249476504
vn -0.9395214359 -0.1082058039 0.3249476504
vn -0.9395214359 -0.1082058039 0.3249476504
vn -0.9327817371 -0.09089233032 0.3487933703
vn -0.9327817371 -0.09089233032 0.3487933703
vn -0.9327817371 -0.09089233032 0.3487933703
vn -0.9358818981 -0.04107841566 0.3499108979
vn -0.9358818981 -0.04107841566 0.3499108979
vn -0.9358818981 -0.04107841566 0.3499108979
vn -0.9516121212 -0.02501739672 0.3062817342
vn -0.9516121212 -0.02501739672 0.3062817342
vn -0.9516121212 -0.02501739672 0.3062817342
vn -0.932781943 -0.09089153147 0.348793028
vn -0.932781943 -0.09089153147 0.348793028
vn -0.932781943 -0.09089153147 0.348793028
vn -0.9138380168 -0.106945398 0.3917432335
vn -0.9138380168 -0.106945398 0.3917432335
vn -0.9138380168 -0.106945398 0.3917432335
vn -0.9138336086 -0.1069398852 0.3917550214
vn -0.9138336086 -0.1069398852 0.3917550214
vn -0.9138336086 -0.1069398852 0.3917550214
vn -0.9061692586 -0.09085740006 0.413040201
vn -0.9061692586 -0.09085740006 0.413040201
vn -0.9061692586 -0.09085740006 0.413040201
vn -0.9092151622 -0.04109193059 0.4142936664
vn -0.9092151622 -0.04109193059 0.4142936664
vn -0.9092151622 -0.04109193059 0.4142936664
vn -0.9092163185 -0.04109159734 0.4142911618
vn -0.9092163185 -0.04109159734 0.4142911618
vn -0.9092163185 -0.04109159734 0.4142911618
vn -0.9092151445 -0.04109126847 0.414293771
vn -0.9092151445 -0.04109126847 0.414293771
vn -0.9092151445 -0.04109126847 0.414293771
vn -0.9092139174 -0.04108910608 0.4142966785
vn -0.9092139174 -0.04108910608 0.4142966785
vn -0.9092139174 -0.04108910608 0.4142966785
vn -0.928157242 -0.0250379635 0.3713451689
vn -0.928157242 -0.0250379635 0.3713451689
vn -0.928157242 -0.0250379635 0.3713451689
vn -0.900259399 -0.02510195661 0.4346296197
vn -0.900259399 -0.02510195661 0.4346296197
vn -0.900259399 -0.02510195661 0.4346296197
vn -0.9002587091 -0.02510292637 0.4346309926
vn -0.9002587091 -0.02510292637 0.4346309926
vn -0.9002587091 -0.02510292637 0.4346309926
vn -0.8781001768 -0.04076545563 0.4767370943
vn -0.8781001768 -0.04076545563 0.4767370943
vn -0.8781001768 -0.04076545563 0.4767370943
vn -0.8781008314 -0.04076614966 0.4767358293
vn -0.8781008314 -0.04076614966 0.4767358293
vn -0.8781008314 -0.04076614966 0.4767358293
vn -0.8680653223 -0.02514265094 0.4958129116
vn -0.8680653223 -0.02514265094 0.4958129116
vn -0.8680653223 -0.02514265094 0.4958129116
vn -0.868053318 -0.02512353387 0.4958348972
vn -0.868053318 -0.02512353387 0.4958348972
vn -0.868053318 -0.02512353387 0.4958348972
vn -0.8680528705 -0.02512494294 0.4958356091
vn -0.8680528705 -0.02512494294 0.4958356091
vn -0.8680528705 -0.02512494294 0.4958356091
vn -0.8429295357 -0.04065196789 0.536485988
vn -0.8429295357 -0.04065196789 0.536485988
vn -0.8429295357 -0.04065196789 0.536485988
vn -0.8429327453 -0.04065294158 0.5364808713
vn -0.8429327453 -0.04065294158 0.5364808713
vn -0.8429327453 -0.04065294158 0.5364808713
vn -0.8429287377 -0.04065048472 0.5364873542
vn -0.8429287377 -0.04065048472 0.5364873542
vn -0.8429287377 -0.04065048472 0.5364873542
vn -0.8274013518 6.058395529e-07 0.561611078
vn -0.8274013518 6.058395529e-07 0.561611078
vn -0.8274013518 6.058395529e-07 0.561611078
vn -0.9002594806 0.02510180773 -0.4346294593
vn -0.9002594806 0.02510180773 -0.4346294593
vn -0.9002594806 0.02510180773 -0.4346294593
vn -0.9281572458 0.02503780243 -0.3713451704
vn -0.9281572458 0.02503780243 -0.3713451704
vn -0.9281572458 0.02503780243 -0.3713451704
vn -0.9092153079 0.04109164024 -0.4142933755
vn -0.9092153079 0.04109164024 -0.4142933755
vn -0.9092153079 0.04109164024 -0.4142933755
vn -0.9092151863 0.0410912886 -0.4142936772
vn -0.9092151863 0.0410912886 -0.4142936772
vn -0.9092151863 0.0410912886 -0.4142936772
vn -0.9092172045 0.0410924462 -0.4142891331
vn -0.9092172045 0.0410924462 -0.4142891331
vn -0.9092172045 0.0410924462 -0.4142891331
vn -0.9092133443 0.04108848592 -0.4142979977
vn -0.9092133443 0.04108848592 -0.4142979977
vn -0.9092133443 0.04108848592 -0.4142979977
vn -0.9002593329 0.02510144423 -0.4346297863
vn -0.9002593329 0.02510144423 -0.4346297863
vn -0.9002593329 0.02510144423 -0.4346297863
vn -0.9002625568 0.0251078171 -0.4346227402
vn -0.9002625568 0.0251078171 -0.4346227402
vn -0.9002625568 0.0251078171 -0.4346227402
vn -0.8781001159 0.04076500539 -0.4767372451
vn -0.8781001159 0.04076500539 -0.4767372451
vn -0.8781001159 0.04076500539 -0.4767372451
vn -0.8680533136 0.0251237356 -0.4958348946
vn -0.8680533136 0.0251237356 -0.4958348946
vn -0.8680533136 0.0251237356 -0.4958348946
vn -0.8680542734 0.02512595237 -0.4958331019
vn -0.8680542734 0.02512595237 -0.4958331019
vn -0.8680542734 0.02512595237 -0.4958331019
vn -0.86805291 0.0251236636 -0.4958356048
vn -0.86805291 0.0251236636 -0.4958356048
vn -0.86805291 0.0251236636 -0.4958356048
vn -0.8680555264 0.02513182899 -0.4958306104
vn -0.8680555264 0.02513182899 -0.4958306104
vn -0.8680555264 0.02513182899 -0.4958306104
vn -0.9061696472 0.09085441293 -0.4130400056
vn -0.9061696472 0.09085441293 -0.4130400056
vn -0.9061696472 0.09085441293 -0.4130400056
vn -0.9327817704 0.09089194299 -0.3487933824
vn -0.9327817704 0.09089194299 -0.3487933824
vn -0.9327817704 0.09089194299 -0.3487933824
vn -0.9138380394 0.1069457248 -0.3917430915
vn -0.9138380394 0.1069457248 -0.3917430915
vn -0.9138380394 0.1069457248 -0.3917430915
vn -0.970515865 0.02483818158 -0.2397540833
vn -0.970515865 0.02483818158 -0.2397540833
vn -0.970515865 0.02483818158 -0.2397540833
vn -0.9759667555 0.04184443709 -0.2138642915
vn -0.9759667555 0.04184443709 -0.2138642915
vn -0.9759667555 0.04184443709 -0.2138642915
vn -0.9516121243 0.02501726399 -0.3062817352
vn -0.9516121243 0.02501726399 -0.3062817352
vn -0.9516121243 0.02501726399 -0.3062817352
vn -0.9583508612 0.04233199628 -0.2824387172
vn -0.9583508612 0.04233199628 -0.2824387172
vn -0.9583508612 0.04233199628 -0.2824387172
vn -0.935881904 0.04107826414 -0.3499109
vn -0.935881904 0.04107826414 -0.3499109
vn -0.935881904 0.04107826414 -0.3499109
vn -0.9847706455 0.02482401667 -0.1720771456
vn -0.9847706455 0.02482401667 -0.1720771456
vn -0.9847706455 0.02482401667 -0.1720771456
vn -0.9943125167 0.02478577688 -0.1035774321
vn -0.9943125167 0.02478577688 -0.1035774321
vn -0.9943125167 0.02478577688 -0.1035774321
vn -0.9990947783 0.02477455046 -0.03458100207
vn -0.9990947783 0.02477455046 -0.03458100207
vn -0.9990947783 0.02477455046 -0.03458100207
vn -0.9885004423 0.04210681062 -0.1452373649
vn -0.9885004423 0.04210681062 -0.1452373649
vn -0.9885004423 0.04210681062 -0.1452373649
vn -0.9962249491 0.04203552889 -0.07595304598
vn -0.9962249491 0.04203552889 -0.07595304598
vn -0.9962249491 0.04203552889 -0.07595304598
vn -0.9727398846 0.09126565775 -0.2131846537
vn -0.9727398846 0.09126565775 -0.2131846537
vn -0.9727398846 0.09126565775 -0.2131846537
vn -0.9551812224 0.09043651097 -0.2818688878
vn -0.9551812224 0.09043651097 -0.2818688878
vn -0.9551812224 0.09043651097 -0.2818688878
vn -0.9327818115 0.09089250241 -0.3487931265
vn -0.9327818115 0.09089250241 -0.3487931265
vn -0.9327818115 0.09089250241 -0.3487931265
vn -0.9327821488 0.09089373537 -0.3487919032
vn -0.9327821488 0.09089373537 -0.3487919032
vn -0.9327821488 0.09089373537 -0.3487919032
vn -0.9395209923 0.1082050094 -0.3249491974
vn -0.9395209923 0.1082050094 -0.3249491974
vn -0.9395209923 0.1082050094 -0.3249491974
vn -0.9395200499 0.1082048855 -0.3249519636
vn -0.9395200499 0.1082048855 -0.3249519636
vn -0.9395200499 0.1082048855 -0.3249519636
vn -0.9395213774 0.1082041628 -0.3249483659
vn -0.9395213774 0.1082041628 -0.3249483659
vn -0.9395213774 0.1082041628 -0.3249483659
vn -0.960574234 0.1087565804 -0.2558693949
vn -0.960574234 0.1087565804 -0.2558693949
vn -0.960574234 0.1087565804 -0.2558693949
vn -0.9852303374 0.09135058694 -0.144831808
vn -0.9852303374 0.09135058694 -0.144831808
vn -0.9852303374 0.09135058694 -0.144831808
vn -0.9929351107 0.09135416189 -0.07572504929
vn -0.9929351107 0.09135416189 -0.07572504929
vn -0.9929351107 0.09135416189 -0.07572504929
vn -0.987122185 0.108674961 -0.1173863056
vn -0.987122185 0.108674961 -0.1173863056
vn -0.987122185 0.108674961 -0.1173863056
vn -0.976469794 0.1085483716 -0.1863437482
vn -0.976469794 0.1085483716 -0.1863437482
vn -0.976469794 0.1085483716 -0.1863437482
vn -0.9927764598 0.112702202 -0.0411474718
vn -0.9927764598 0.112702202 -0.0411474718
vn -0.9927764598 0.112702202 -0.0411474718
vn -0.9700006247 0.1571929134 -0.1854431884
vn -0.9700006247 0.1571929134 -0.1854431884
vn -0.9700006247 0.1571929134 -0.1854431884
vn -0.9332119991 0.1565651454 -0.3234234376
vn -0.9332119991 0.1565651454 -0.3234234376
vn -0.9332119991 0.1565651454 -0.3234234376
vn -0.9386256623 0.1747010631 -0.29742462
vn -0.9386256623 0.1747010631 -0.29742462
vn -0.9386256623 0.1747010631 -0.29742462
vn -0.9542652058 0.1571214518 -0.2543437957
vn -0.9542652058 0.1571214518 -0.2543437957
vn -0.9542652058 0.1571214518 -0.2543437957
vn -0.9542649844 0.1571203573 -0.2543453026
vn -0.9542649844 0.1571203573 -0.2543453026
vn -0.9542649844 0.1571203573 -0.2543453026
vn -0.9542652723 0.1571180464 -0.2543456496
vn -0.9542652723 0.1571180464 -0.2543456496
vn -0.9542652723 0.1571180464 -0.2543456496
vn -0.9578317795 0.1746833667 -0.2281315489
vn -0.9578317795 0.1746833667 -0.2281315489
vn -0.9578317795 0.1746833667 -0.2281315489
vn -0.9699729178 0.1572380503 -0.1855498161
vn -0.9699729178 0.1572380503 -0.1855498161
vn -0.9699729178 0.1572380503 -0.1855498161
vn -0.9806536379 0.1573202314 -0.1164851373
vn -0.9806536379 0.1573202314 -0.1164851373
vn -0.9806536379 0.1573202314 -0.1164851373
vn -0.9700006197 0.1571930948 -0.1854430607
vn -0.9700006197 0.1571930948 -0.1854430607
vn -0.9700006197 0.1571930948 -0.1854430607
vn -0.9718659272 0.1746838886 -0.1579941728
vn -0.9718659272 0.1746838886 -0.1579941728
vn -0.9718659272 0.1746838886 -0.1579941728
vn -0.9718658998 0.1746838514 -0.1579943823
vn -0.9718658998 0.1746838514 -0.1579943823
vn -0.9718658998 0.1746838514 -0.1579943823
vn -0.9806537089 0.1573183597 -0.1164870679
vn -0.9806537089 0.1573183597 -0.1164870679
vn -0.9806537089 0.1573183597 -0.1164870679
vn -0.987108134 0.154675345 -0.04114692426
vn -0.987108134 0.154675345 -0.04114692426
vn -0.987108134 0.154675345 -0.04114692426
vn -0.9871081483 0.1546752753 -0.04114684301
vn -0.9871081483 0.1546752753 -0.04114684301
vn -0.9871081483 0.1546752753 -0.04114684301
vn -0.980653708 0.1573185365 -0.1164868367
vn -0.980653708 0.1573185365 -0.1164868367
vn -0.980653708 0.1573185365 -0.1164868367
vn -0.9804973349 0.1786442816 -0.08192189501
vn -0.9804973349 0.1786442816 -0.08192189501
vn -0.9804973349 0.1786442816 -0.08192189501
vn -0.9804970431 0.1786450707 -0.08192366689
vn -0.9804970431 0.1786450707 -0.08192366689
vn -0.9804970431 0.1786450707 -0.08192366689
vn -0.8274020017 -0 -0.5616101207
vn -0.8274020017 -0 -0.5616101207
vn -0.8274020017 -0 -0.5616101207
vn -0.8429292719 0.0406507959 -0.5364864913
vn -0.8429292719 0.0406507959 -0.5364864913
vn -0.8429292719 0.0406507959 -0.5364864913
vn -0.8680508953 0.02512652401 -0.4958389869
vn -0.8680508953 0.02512652401 -0.4958389869
vn -0.8680508953 0.02512652401 -0.4958389869
vn -0.8429300837 0.04065201117 -0.5364851237
vn -0.8429300837 0.04065201117 -0.5364851237
vn -0.8429300837 0.04065201117 -0.5364851237
vn -0.9990947782 0.02477454945 0.03458100408
vn -0.9990947782 0.02477454945 0.03458100408
vn -0.9990947782 0.02477454945 0.03458100408
vn -0.9943125167 0.02478577688 0.1035774321
vn -0.9943125167 0.02478577688 0.1035774321
vn -0.9943125167 0.02478577688 0.1035774321
vn -0.9989350105 0.04613940613 0
vn -0.9989350105 0.04613940613 0
vn -0.9989350105 0.04613940613 0
vn -0.9962249489 0.04203552645 0.07595304989
vn -0.9962249489 0.04203552645 0.07595304989
vn -0.9962249489 0.04203552645 0.07595304989
vn -0.9847706455 0.02482401667 0.1720771456
vn -0.9847706455 0.02482401667 0.1720771456
vn -0.9847706455 0.02482401667 0.1720771456
vn -0.9705158774 0.02483816197 0.2397540353
vn -0.9705158774 0.02483816197 0.2397540353
vn -0.9705158774 0.02483816197 0.2397540353
vn -0.9885004423 0.04210681062 0.1452373649
vn -0.9885004423 0.04210681062 0.1452373649
vn -0.9885004423 0.04210681062 0.1452373649
vn -0.9759667657 0.04184441953 0.2138642485
vn -0.9759667657 0.04184441953 0.2138642485
vn -0.9759667657 0.04184441953 0.2138642485
vn -0.9583508277 0.04233204033 0.2824388241
vn -0.9583508277 0.04233204033 0.2824388241
vn -0.9583508277 0.04233204033 0.2824388241
vn -0.9961570976 0.08758445638 0
vn -0.9961570976 0.08758445638 0
vn -0.9961570976 0.08758445638 0
vn -0.992935111 0.09135415541 0.07572505323
vn -0.992935111 0.09135415541 0.07572505323
vn -0.992935111 0.09135415541 0.07572505323
vn -0.99277646 0.1127022008 0.04114747024
vn -0.99277646 0.1127022008 0.04114747024
vn -0.99277646 0.1127022008 0.04114747024
vn -0.9871221844 0.1086749534 0.1173863176
vn -0.9871221844 0.1086749534 0.1173863176
vn -0.9871221844 0.1086749534 0.1173863176
vn -0.9852303374 0.09135058694 0.144831808
vn -0.9852303374 0.09135058694 0.144831808
vn -0.9852303374 0.09135058694 0.144831808
vn -0.9727398915 0.09126568598 0.2131846102
vn -0.9727398915 0.09126568598 0.2131846102
vn -0.9727398915 0.09126568598 0.2131846102
vn -0.976469794 0.1085483716 0.1863437482
vn -0.976469794 0.1085483716 0.1863437482
vn -0.976469794 0.1085483716 0.1863437482
vn -0.9551812339 0.09043602731 0.2818690038
vn -0.9551812339 0.09043602731 0.2818690038
vn -0.9551812339 0.09043602731 0.2818690038
vn -0.9605743563 0.1087564672 0.2558689837
vn -0.9605743563 0.1087564672 0.2558689837
vn -0.9605743563 0.1087564672 0.2558689837
vn -0.9516121212 0.02501739672 0.3062817342
vn -0.9516121212 0.02501739672 0.3062817342
vn -0.9516121212 0.02501739672 0.3062817342
vn -0.9358818981 0.04107841566 0.3499108979
vn -0.9358818981 0.04107841566 0.3499108979
vn -0.9358818981 0.04107841566 0.3499108979
vn -0.9327817371 0.09089233032 0.3487933703
vn -0.9327817371 0.09089233032 0.3487933703
vn -0.9327817371 0.09089233032 0.3487933703
vn -0.9395197712 0.1082047928 0.3249528002
vn -0.9395197712 0.1082047928 0.3249528002
vn -0.9395197712 0.1082047928 0.3249528002
vn -0.9395213624 0.1082057185 0.3249478914
vn -0.9395213624 0.1082057185 0.3249478914
vn -0.9395213624 0.1082057185 0.3249478914
vn -0.9395214359 0.1082058039 0.3249476504
vn -0.9395214359 0.1082058039 0.3249476504
vn -0.9395214359 0.1082058039 0.3249476504
vn -0.9551804914 0.09043751969 0.2818710413
vn -0.9551804914 0.09043751969 0.2818710413
vn -0.9551804914 0.09043751969 0.2818710413
vn -0.9395229424 0.1082026084 0.3249443588
vn -0.9395229424 0.1082026084 0.3249443588
vn -0.9395229424 0.1082026084 0.3249443588
vn -0.928157242 0.0250379635 0.3713451689
vn -0.928157242 0.0250379635 0.3713451689
vn -0.928157242 0.0250379635 0.3713451689
vn -0.900259399 0.02510195661 0.4346296197
vn -0.900259399 0.02510195661 0.4346296197
vn -0.900259399 0.02510195661 0.4346296197
vn -0.9092151622 0.04109193059 0.4142936664
vn -0.9092151622 0.04109193059 0.4142936664
vn -0.9092151622 0.04109193059 0.4142936664
vn -0.9092163185 0.04109159734 0.4142911618
vn -0.9092163185 0.04109159734 0.4142911618
vn -0.9092163185 0.04109159734 0.4142911618
vn -0.9092151445 0.04109126847 0.414293771
vn -0.9092151445 0.04109126847 0.414293771
vn -0.9092151445 0.04109126847 0.414293771
vn -0.9092139174 0.04108910608 0.4142966785
vn -0.9092139174 0.04108910608 0.4142966785
vn -0.9092139174 0.04108910608 0.4142966785
vn -0.9002587091 0.02510292637 0.4346309926
vn -0.9002587091 0.02510292637 0.4346309926
vn -0.9002587091 0.02510292637 0.4346309926
vn -0.8781008314 0.04076614966 0.4767358293
vn -0.8781008314 0.04076614966 0.4767358293
vn -0.8781008314 0.04076614966 0.4767358293
vn -0.8781001768 0.04076545563 0.4767370943
vn -0.8781001768 0.04076545563 0.4767370943
vn -0.8781001768 0.04076545563 0.4767370943
vn -0.868053318 0.02512353387 0.4958348972
vn -0.868053318 0.02512353387 0.4958348972
vn -0.868053318 0.02512353387 0.4958348972
vn -0.8680653223 0.02514265094 0.4958129116
vn -0.8680653223 0.02514265094 0.4958129116
vn -0.8680653223 0.02514265094 0.4958129116
vn -0.932781943 0.09089153147 0.348793028
vn -0.932781943 0.09089153147 0.348793028
vn -0.932781943 0.09089153147 0.348793028
vn -0.9138336086 0.1069398852 0.3917550214
vn -0.9138336086 0.1069398852 0.3917550214
vn -0.9138336086 0.1069398852 0.3917550214
vn -0.9138380168 0.106945398 0.3917432335
vn -0.9138380168 0.106945398 0.3917432335
vn -0.9138380168 0.106945398 0.3917432335
vn -0.9061692586 0.09085740006 0.413040201
vn -0.9061692586 0.09085740006 0.413040201
vn -0.9061692586 0.09085740006 0.413040201
vn -0.9806536405 0.157320206 0.1164851498
vn -0.9806536405 0.157320206 0.1164851498
vn -0.9806536405 0.157320206 0.1164851498
vn -0.9871080551 0.1546758496 0.04114692224
vn -0.9871080551 0.1546758496 0.04114692224
vn -0.9871080551 0.1546758496 0.04114692224
vn -0.9837656349 0.1794580051 -2.435067823e-07
vn -0.9837656349 0.1794580051 -2.435067823e-07
vn -0.9837656349 0.1794580051 -2.435067823e-07
vn -0.9837656486 0.1794579299 3.980251164e-07
vn -0.9837656486 0.1794579299 3.980251164e-07
vn -0.9837656486 0.1794579299 3.980251164e-07
vn -0.9871081569 0.1546750698 0.04114740966
vn -0.9871081569 0.1546750698 0.04114740966
vn -0.9871081569 0.1546750698 0.04114740966
vn -0.9871083752 0.1546730561 0.04114974198
vn -0.9871083752 0.1546730561 0.04114974198
vn -0.9871083752 0.1546730561 0.04114974198
vn -0.9804972537 0.1786442026 0.0819230388
vn -0.9804972537 0.1786442026 0.0819230388
vn -0.9804972537 0.1786442026 0.0819230388
vn -0.9806539904 0.1573189502 0.1164839007
vn -0.9806539904 0.1573189502 0.1164839007
vn -0.9806539904 0.1573189502 0.1164839007
vn -0.9804972854 0.1786445536 0.08192189478
vn -0.9804972854 0.1786445536 0.08192189478
vn -0.9804972854 0.1786445536 0.08192189478
vn -0.9700006391 0.1571928218 0.1854431906
vn -0.9700006391 0.1571928218 0.1854431906
vn -0.9700006391 0.1571928218 0.1854431906
vn -0.9700006736 0.1571925038 0.1854432795
vn -0.9700006736 0.1571925038 0.1854432795
vn -0.9700006736 0.1571925038 0.1854432795
vn -0.9718656809 0.1746837098 0.1579958857
vn -0.9718656809 0.1746837098 0.1579958857
vn -0.9718656809 0.1746837098 0.1579958857
vn -0.9700007981 0.1571963895 0.1854393348
vn -0.9700007981 0.1571963895 0.1854393348
vn -0.9700007981 0.1571963895 0.1854393348
vn -0.9718637498 0.1746924487 0.1579981021
vn -0.9718637498 0.1746924487 0.1579981021
vn -0.9718637498 0.1746924487 0.1579981021
vn -0.9605741741 0.1087575599 0.2558692034
vn -0.9605741741 0.1087575599 0.2558692034
vn -0.9605741741 0.1087575599 0.2558692034
vn -0.9578325176 0.1746814144 0.2281299447
vn -0.9578325176 0.1746814144 0.2281299447
vn -0.9578325176 0.1746814144 0.2281299447
vn -0.9542650613 0.1571156392 0.2543479284
vn -0.9542650613 0.1571156392 0.2543479284
vn -0.9542650613 0.1571156392 0.2543479284
vn -0.9542647598 0.1571221111 0.2543450617
vn -0.9542647598 0.1571221111 0.2543450617
vn -0.9542647598 0.1571221111 0.2543450617
vn -0.9543229032 0.1569290403 0.254246087
vn -0.9543229032 0.1569290403 0.254246087
vn -0.9543229032 0.1569290403 0.254246087
vn -0.8680528705 0.02512494294 0.4958356091
vn -0.8680528705 0.02512494294 0.4958356091
vn -0.8680528705 0.02512494294 0.4958356091
vn -0.8429295357 0.04065196789 0.536485988
vn -0.8429295357 0.04065196789 0.536485988
vn -0.8429295357 0.04065196789 0.536485988
vn -0.8274015682 -7.522895379e-08 0.5616107593
vn -0.8274015682 -7.522895379e-08 0.5616107593
vn -0.8274015682 -7.522895379e-08 0.5616107593
vn -0.8274013203 0 0.5616111246
vn -0.8274013203 0 0.5616111246
vn -0.8274013203 0 0.5616111246
vn -0.8429292321 0.0406518758 0.536486472
vn -0.8429292321 0.0406518758 0.536486472
vn -0.8429292321 0.0406518758 0.536486472
f 3/1/1 5/2/2 4/3/3
f 21/4/4 2/5/5 1/6/6
f 21/7/7 3/8/8 2/9/9
f 21/10/10 1/11/11 18/12/12
f 22/13/13 5/14/14 3/15/15
f 22/16/16 6/17/17 5/18/18
f 22/19/19 7/20/20 6/21/21
f 9/22/22 10/23/23 11/24/24
f 23/25/25 9/26/26 11/27/27
f 23/28/28 11/29/29 12/30/30
f 23/31/31 12/32/32 15/33/33
f 21/34/34 18/35/35 9/36/36
f 21/37/37 22/38/38 3/39/39
f 21/40/40 45/41/41 22/42/42
f 21/43/43 9/44/44 23/45/45
f 23/46/46 15/47/47 14/48/48
f 23/49/49 14/50/50 17/51/51
f 23/52/52 17/53/53 16/54/54
f 23/55/55 16/56/56 43/57/57
f 43/58/58 24/59/59 25/60/60
f 43/61/61 25/62/62 26/63/63
f 43/64/64 26/65/65 28/66/66
f 36/67/67 28/68/68 29/69/69
f 36/70/70 43/71/71 28/72/72
f 30/73/73 31/74/74 32/75/75
f 36/76/76 30/77/77 32/78/78
f 36/79/79 32/80/80 33/81/81
f 36/82/82 33/83/83 35/84/84
f 35/85/85 33/86/86 34/87/87
f 36/88/88 35/89/89 52/90/90
f 36/91/91 29/92/92 30/93/93
f 16/94/94 38/95/95 24/96/96
f 43/97/97 16/98/98 24/99/99
f 21/100/100 23/101/101 44/102/102
f 21/103/103 44/104/104 45/105/105
f 22/106/106 45/107/107 46/108/108
f 23/109/109 43/110/110 47/111/111
f 23/112/112 47/113/113 44/114/114
f 44/115/115 249/116/116 45/117/117
f 45/118/118 250/119/119 46/120/120
f 44/121/121 47/122/122 257/123/123
f 36/124/124 54/125/125 43/126/126
f 43/127/127 54/128/128 47/129/129
f 51/130/130 53/131/131 48/132/132
f 51/133/133 48/134/134 49/135/135
f 49/136/136 50/137/137 168/138/138
f 51/139/139 49/140/140 168/141/141
f 51/142/142 56/143/143 53/144/144
f 36/145/145 52/146/146 54/147/147
f 56/148/148 52/149/149 53/150/150
f 51/151/151 170/152/152 55/153/153
f 51/154/154 55/155/155 56/156/156
f 54/157/157 52/158/158 56/159/159
f 59/160/160 61/161/161 60/162/162
f 22/163/163 57/164/164 7/165/165
f 77/166/166 58/167/167 57/168/168
f 77/169/169 59/170/170 58/171/171
f 22/172/172 77/173/173 57/174/174
f 77/175/175 61/176/176 59/177/177
f 77/178/178 62/179/179 61/180/180
f 77/181/181 78/182/182 62/183/183
f 66/184/184 68/185/185 67/186/186
f 78/187/187 65/188/188 62/189/189
f 78/190/190 66/191/191 65/192/192
f 78/193/193 68/194/194 66/195/195
f 78/196/196 71/197/197 68/198/198
f 78/199/199 72/200/200 71/201/201
f 78/202/202 76/203/203 72/204/204
f 76/205/205 73/206/206 72/207/207
f 76/208/208 74/209/209 73/210/210
f 76/211/211 75/212/212 74/213/213
f 76/214/214 83/215/215 75/216/216
f 76/217/217 85/218/218 83/219/219
f 22/220/220 46/221/221 77/222/222
f 77/223/223 103/224/224 78/225/225
f 76/226/226 105/227/227 86/228/228
f 78/229/229 104/230/230 76/231/231
f 105/232/232 106/233/233 86/234/234
f 76/235/235 86/236/236 85/237/237
f 85/238/238 84/239/239 83/240/240
f 106/241/241 87/242/242 86/243/243
f 106/244/244 88/245/245 87/246/246
f 106/247/247 90/248/248 88/249/249
f 106/250/250 92/251/251 90/252/252
f 106/253/253 93/254/254 92/255/255
f 106/256/256 94/257/257 93/258/258
f 106/259/259 95/260/260 94/261/261
f 106/262/262 107/263/263 95/264/264
f 107/265/265 96/266/266 95/267/267
f 107/268/268 97/269/269 96/270/270
f 107/271/271 98/272/272 97/273/273
f 107/274/274 99/275/275 98/276/276
f 102/277/277 99/278/278 107/279/279
f 102/280/280 100/281/281 99/282/282
f 102/283/283 101/284/284 100/285/285
f 102/286/286 108/287/287 101/288/288
f 46/289/289 103/290/290 77/291/291
f 78/292/292 103/293/293 104/294/294
f 76/295/295 104/296/296 105/297/297
f 103/298/298 319/299/299 104/300/300
f 46/301/301 315/302/302 103/303/303
f 104/304/304 325/305/305 105/306/306
f 319/307/307 325/308/308 104/309/309
f 325/310/310 342/311/311 105/312/312
f 105/313/313 342/314/314 106/315/315
f 342/316/316 343/317/317 106/318/318
f 343/319/319 107/320/320 106/321/321
f 102/322/322 107/323/323 114/324/324
f 102/325/325 115/326/326 108/327/327
f 115/328/328 109/329/329 108/330/330
f 115/331/331 110/332/332 109/333/333
f 115/334/334 111/335/335 110/336/336
f 115/337/337 112/338/338 111/339/339
f 113/340/340 239/341/341 112/342/342
f 343/343/343 114/344/344 107/345/345
f 102/346/346 114/347/347 115/348/348
f 113/349/349 112/350/350 115/351/351
f 113/352/352 115/353/353 360/354/354
f 113/355/355 360/356/356 487/357/357
f 117/358/358 121/359/359 118/360/360
f 124/361/361 121/362/362 117/363/363
f 124/364/364 120/365/365 121/366/366
f 124/367/367 123/368/368 120/369/369
f 123/370/370 122/371/371 120/372/372
f 124/373/373 172/374/374 123/375/375
f 124/376/376 117/377/377 128/378/378
f 124/379/379 128/380/380 127/381/381
f 142/382/382 127/383/383 126/384/384
f 142/385/385 129/386/386 130/387/387
f 142/388/388 126/389/389 129/390/390
f 124/391/391 127/392/392 142/393/393
f 130/394/394 138/395/395 145/396/396
f 142/397/397 130/398/398 145/399/399
f 152/400/400 149/401/401 151/402/402
f 163/403/403 148/404/404 150/405/405
f 163/406/406 150/407/407 149/408/408
f 163/409/409 149/410/410 152/411/411
f 164/412/412 152/413/413 155/414/414
f 160/415/415 158/416/416 159/417/417
f 164/418/418 156/419/419 157/420/420
f 164/421/421 157/422/422 158/423/423
f 164/424/424 155/425/425 156/426/426
f 165/427/427 158/428/428 160/429/429
f 165/430/430 160/431/431 161/432/432
f 165/433/433 161/434/434 162/435/435
f 163/436/436 145/437/437 146/438/438
f 163/439/439 146/440/440 147/441/441
f 163/442/442 147/443/443 148/444/444
f 142/445/445 145/446/446 163/447/447
f 163/448/448 152/449/449 164/450/450
f 164/451/451 158/452/452 165/453/453
f 164/454/454 165/455/455 178/456/456
f 169/457/457 167/458/458 171/459/459
f 170/460/460 168/461/461 169/462/462
f 170/463/463 169/464/464 171/465/465
f 51/466/466 168/467/467 170/468/468
f 170/469/469 171/470/470 174/471/471
f 124/472/472 175/473/473 172/474/474
f 174/475/475 171/476/476 172/477/477
f 124/478/478 142/479/479 175/480/480
f 142/481/481 176/482/482 175/483/483
f 55/484/484 170/485/485 173/486/486
f 170/487/487 174/488/488 173/489/489
f 174/490/490 172/491/491 175/492/492
f 142/493/493 163/494/494 176/495/495
f 163/496/496 177/497/497 176/498/498
f 163/499/499 164/500/500 177/501/501
f 164/502/502 178/503/503 177/504/504
f 165/505/505 179/506/506 178/507/507
f 176/508/508 177/509/509 420/510/510
f 177/511/511 178/512/512 414/513/513
f 178/514/514 179/515/515 416/516/516
f 227/517/517 194/518/518 192/519/519
f 194/520/520 189/521/521 196/522/522
f 240/523/523 198/524/524 200/525/525
f 240/526/526 200/527/527 199/528/528
f 240/529/529 199/530/530 201/531/531
f 240/532/532 201/533/533 203/534/534
f 206/535/535 203/536/536 204/537/537
f 206/538/538 204/539/539 205/540/540
f 206/541/541 205/542/542 235/543/543
f 206/544/544 240/545/545 203/546/546
f 241/547/547 192/548/548 193/549/549
f 241/550/550 195/551/551 208/552/552
f 241/553/553 193/554/554 195/555/555
f 241/556/556 208/557/557 210/558/558
f 241/559/559 210/560/560 211/561/561
f 241/562/562 211/563/563 209/564/564
f 241/565/565 209/566/566 198/567/567
f 240/568/568 241/569/569 198/570/570
f 221/571/571 218/572/572 219/573/573
f 227/574/574 223/575/575 189/576/576
f 227/577/577 222/578/578 223/579/579
f 227/580/580 224/581/581 222/582/582
f 227/583/583 225/584/584 224/585/585
f 227/586/586 189/587/587 194/588/588
f 232/589/589 219/590/590 226/591/591
f 232/592/592 226/593/593 225/594/594
f 232/595/595 221/596/596 219/597/597
f 232/598/598 215/599/599 220/600/600
f 232/601/601 220/602/602 221/603/603
f 227/604/604 232/605/605 225/606/606
f 214/607/607 230/608/608 231/609/609
f 165/610/610 162/611/611 228/612/612
f 233/613/613 228/614/614 229/615/615
f 233/616/616 229/617/617 230/618/618
f 165/619/619 228/620/620 233/621/621
f 233/622/622 230/623/623 214/624/624
f 233/625/625 214/626/626 215/627/627
f 232/628/628 233/629/629 215/630/630
f 227/631/631 192/632/632 244/633/633
f 227/634/634 246/635/635 232/636/636
f 165/637/637 233/638/638 179/639/639
f 232/640/640 245/641/641 233/642/642
f 241/643/643 244/644/644 192/645/645
f 206/646/646 243/647/647 240/648/648
f 206/649/649 235/650/650 242/651/651
f 242/652/652 235/653/653 236/654/654
f 242/655/655 236/656/656 237/657/657
f 239/658/658 238/659/659 112/660/660
f 242/661/661 237/662/662 238/663/663
f 240/664/664 522/665/665 241/666/666
f 239/667/667 242/668/668 238/669/669
f 113/670/670 487/671/671 239/672/672
f 206/673/673 242/674/674 243/675/675
f 239/676/676 487/677/677 242/678/678
f 240/679/679 243/680/680 522/681/681
f 227/682/682 244/683/683 246/684/684
f 179/685/685 233/686/686 245/687/687
f 232/688/688 246/689/689 245/690/690
f 244/691/691 523/692/692 508/693/693
f 245/694/694 246/695/695 505/696/696
f 179/697/697 245/698/698 501/699/699
f 244/700/700 508/701/701 246/702/702
f 505/703/703 246/704/704 508/705/705
f 241/706/706 523/707/707 244/708/708
f 241/709/709 522/710/710 523/711/711
f 248/712/712 257/713/713 47/714/714
f 247/715/715 265/716/716 257/717/717
f 284/718/718 257/719/719 248/720/720
f 284/721/721 285/722/722 257/723/723
f 247/724/724 257/725/725 285/726/726
f 247/727/727 285/728/728 289/729/729
f 287/730/730 290/731/731 248/732/732
f 284/733/733 248/734/734 286/735/735
f 286/736/736 248/737/737 290/738/738
f 247/739/739 289/740/740 276/741/741
f 44/742/742 257/743/743 249/744/744
f 249/745/745 250/746/746 45/747/747
f 46/748/748 250/749/749 315/750/750
f 249/751/751 266/752/752 250/753/753
f 250/754/754 270/755/755 271/756/756
f 250/757/757 271/758/758 272/759/759
f 250/760/760 272/761/761 315/762/762
f 272/763/763 271/764/764 322/765/765
f 272/766/766 322/767/767 316/768/768
f 251/769/769 322/770/770 271/771/771
f 251/772/772 273/773/773 252/774/774
f 252/775/775 273/776/776 275/777/777
f 251/778/778 253/779/779 322/780/780
f 251/781/781 252/782/782 253/783/783
f 249/784/784 254/785/785 256/786/786
f 249/787/787 256/788/788 255/789/789
f 249/790/790 255/791/791 266/792/792
f 254/793/793 260/794/794 256/795/795
f 249/796/796 259/797/797 260/798/798
f 249/799/799 260/800/800 254/801/801
f 259/802/802 258/803/803 260/804/804
f 256/805/805 260/806/806 258/807/807
f 255/808/808 256/809/809 258/810/810
f 249/811/811 257/812/812 259/813/813
f 257/814/814 261/815/815 262/816/816
f 257/817/817 262/818/818 259/819/819
f 255/820/820 258/821/821 273/822/822
f 261/823/823 264/824/824 263/825/825
f 259/826/826 262/827/827 258/828/828
f 262/829/829 263/830/830 258/831/831
f 261/832/832 263/833/833 262/834/834
f 257/835/835 264/836/836 261/837/837
f 257/838/838 265/839/839 264/840/840
f 263/841/841 264/842/842 265/843/843
f 247/844/844 263/845/845 265/846/846
f 250/847/847 267/848/848 268/849/849
f 250/850/850 268/851/851 269/852/852
f 250/853/853 266/854/854 267/855/855
f 250/856/856 269/857/857 270/858/858
f 255/859/859 273/860/860 267/861/861
f 267/862/862 273/863/863 268/864/864
f 251/865/865 269/866/866 268/867/867
f 251/868/868 270/869/869 269/870/870
f 255/871/871 267/872/872 266/873/873
f 251/874/874 271/875/875 270/876/876
f 251/877/877 268/878/878 273/879/879
f 263/880/880 274/881/881 258/882/882
f 258/883/883 275/884/884 273/885/885
f 258/886/886 274/887/887 275/888/888
f 247/889/889 276/890/890 263/891/891
f 263/892/892 276/893/893 274/894/894
f 248/895/895 47/896/896 54/897/897
f 248/898/898 54/899/899 56/900/900
f 248/901/901 56/902/902 278/903/903
f 277/904/904 56/905/905 55/906/906
f 277/907/907 55/908/908 173/909/909
f 277/910/910 278/911/911 56/912/912
f 277/913/913 397/914/914 297/915/915
f 248/916/916 278/917/917 293/918/918
f 289/919/919 279/920/920 276/921/921
f 289/922/922 292/923/923 279/924/924
f 277/925/925 297/926/926 278/927/927
f 279/928/928 292/929/929 398/930/930
f 279/931/931 398/932/932 406/933/933
f 292/934/934 443/935/935 398/936/936
f 275/937/937 283/938/938 280/939/939
f 252/940/940 275/941/941 280/942/942
f 252/943/943 281/944/944 253/945/945
f 252/946/946 280/947/947 281/948/948
f 253/949/949 281/950/950 355/951/951
f 280/952/952 283/953/953 402/954/954
f 283/955/955 407/956/956 402/957/957
f 280/958/958 401/959/959 281/960/960
f 281/961/961 403/962/962 355/963/963
f 280/964/964 402/965/965 401/966/966
f 281/967/967 401/968/968 403/969/969
f 276/970/970 282/971/971 274/972/972
f 274/973/973 283/974/974 275/975/975
f 274/976/976 282/977/977 283/978/978
f 276/979/979 279/980/980 282/981/981
f 279/982/982 406/983/983 282/984/984
f 282/985/985 407/986/986 283/987/987
f 282/988/988 406/989/989 407/990/990
f 284/991/991 286/992/992 285/993/993
f 285/994/994 286/995/995 289/996/996
f 287/997/997 248/998/998 288/999/999
f 287/1000/1000 288/1001/1001 289/1002/1002
f 286/1003/1003 290/1004/1004 289/1005/1005
f 287/1006/1006 289/1007/1007 290/1008/1008
f 248/1009/1009 293/1010/1010 291/1011/1011
f 288/1012/1012 248/1013/1013 291/1014/1014
f 288/1015/1015 291/1016/1016 295/1017/1017
f 288/1018/1018 292/1019/1019 289/1020/1020
f 293/1021/1021 278/1022/1022 294/1023/1023
f 278/1024/1024 296/1025/1025 294/1026/1026
f 288/1027/1027 295/1028/1028 292/1029/1029
f 278/1030/1030 299/1031/1031 296/1032/1032
f 291/1033/1033 293/1034/1034 295/1035/1035
f 293/1036/1036 294/1037/1037 295/1038/1038
f 294/1039/1039 296/1040/1040 295/1041/1041
f 296/1042/1042 299/1043/1043 295/1044/1044
f 278/1045/1045 297/1046/1046 298/1047/1047
f 278/1048/1048 298/1049/1049 299/1050/1050
f 297/1051/1051 440/1052/1052 298/1053/1053
f 295/1054/1054 299/1055/1055 302/1056/1056
f 298/1057/1057 303/1058/1058 300/1059/1059
f 298/1060/1060 301/1061/1061 303/1062/1062
f 298/1063/1063 307/1064/1064 301/1065/1065
f 298/1066/1066 300/1067/1067 299/1068/1068
f 298/1069/1069 441/1070/1070 307/1071/1071
f 292/1072/1072 295/1073/1073 443/1074/1074
f 295/1075/1075 444/1076/1076 443/1077/1077
f 295/1078/1078 302/1079/1079 444/1080/1080
f 299/1081/1081 300/1082/1082 302/1083/1083
f 301/1084/1084 306/1085/1085 302/1086/1086
f 300/1087/1087 303/1088/1088 302/1089/1089
f 301/1090/1090 302/1091/1091 303/1092/1092
f 301/1093/1093 307/1094/1094 306/1095/1095
f 305/1096/1096 451/1097/1097 465/1098/1098
f 304/1099/1099 453/1100/1100 305/1101/1101
f 304/1102/1102 305/1103/1103 465/1104/1104
f 306/1105/1105 307/1106/1106 309/1107/1107
f 304/1108/1108 310/1109/1109 308/1110/1110
f 307/1111/1111 308/1112/1112 309/1113/1113
f 308/1114/1114 310/1115/1115 309/1116/1116
f 302/1117/1117 306/1118/1118 468/1119/1119
f 304/1120/1120 314/1121/1121 310/1122/1122
f 306/1123/1123 309/1124/1124 468/1125/1125
f 307/1126/1126 454/1127/1127 308/1128/1128
f 304/1129/1129 308/1130/1130 455/1131/1131
f 309/1132/1132 310/1133/1133 468/1134/1134
f 304/1135/1135 311/1136/1136 314/1137/1137
f 304/1138/1138 312/1139/1139 311/1140/1140
f 311/1141/1141 312/1142/1142 314/1143/1143
f 312/1144/1144 468/1145/1145 314/1146/1146
f 304/1147/1147 465/1148/1148 312/1149/1149
f 312/1150/1150 465/1151/1151 313/1152/1152
f 312/1153/1153 313/1154/1154 467/1155/1155
f 313/1156/1156 465/1157/1157 466/1158/1158
f 310/1159/1159 314/1160/1160 468/1161/1161
f 103/1162/1162 315/1163/1163 319/1164/1164
f 315/1165/1165 318/1166/1166 319/1167/1167
f 272/1168/1168 316/1169/1169 315/1170/1170
f 316/1171/1171 317/1172/1172 315/1173/1173
f 317/1174/1174 318/1175/1175 315/1176/1176
f 316/1177/1177 322/1178/1178 317/1179/1179
f 317/1180/1180 322/1181/1181 318/1182/1182
f 318/1183/1183 323/1184/1184 321/1185/1185
f 318/1186/1186 321/1187/1187 319/1188/1188
f 320/1189/1189 319/1190/1190 321/1191/1191
f 320/1192/1192 329/1193/1193 319/1194/1194
f 320/1195/1195 321/1196/1196 323/1197/1197
f 320/1198/1198 323/1199/1199 329/1200/1200
f 329/1201/1201 323/1202/1202 330/1203/1203
f 319/1204/1204 329/1205/1205 330/1206/1206
f 319/1207/1207 330/1208/1208 331/1209/1209
f 318/1210/1210 322/1211/1211 323/1212/1212
f 330/1213/1213 323/1214/1214 324/1215/1215
f 319/1216/1216 331/1217/1217 325/1218/1218
f 325/1219/1219 331/1220/1220 332/1221/1221
f 325/1222/1222 332/1223/1223 333/1224/1224
f 325/1225/1225 333/1226/1226 334/1227/1227
f 325/1228/1228 334/1229/1229 335/1230/1230
f 325/1231/1231 337/1232/1232 342/1233/1233
f 325/1234/1234 335/1235/1235 337/1236/1236
f 337/1237/1237 338/1238/1238 342/1239/1239
f 338/1240/1240 339/1241/1241 342/1242/1242
f 339/1243/1243 340/1244/1244 342/1245/1245
f 322/1246/1246 326/1247/1247 323/1248/1248
f 253/1249/1249 326/1250/1250 322/1251/1251
f 323/1252/1252 326/1253/1253 327/1254/1254
f 323/1255/1255 327/1256/1256 324/1257/1257
f 324/1258/1258 327/1259/1259 328/1260/1260
f 324/1261/1261 328/1262/1262 336/1263/1263
f 328/1264/1264 341/1265/1265 336/1266/1266
f 330/1267/1267 324/1268/1268 331/1269/1269
f 324/1270/1270 332/1271/1271 331/1272/1272
f 324/1273/1273 336/1274/1274 332/1275/1275
f 332/1276/1276 336/1277/1277 333/1278/1278
f 333/1279/1279 336/1280/1280 334/1281/1281
f 334/1282/1282 336/1283/1283 335/1284/1284
f 335/1285/1285 336/1286/1286 337/1287/1287
f 336/1288/1288 338/1289/1289 337/1290/1290
f 336/1291/1291 339/1292/1292 338/1293/1293
f 336/1294/1294 341/1295/1295 339/1296/1296
f 339/1297/1297 341/1298/1298 346/1299/1299
f 339/1300/1300 346/1301/1301 340/1302/1302
f 340/1303/1303 346/1304/1304 344/1305/1305
f 342/1306/1306 344/1307/1307 343/1308/1308
f 340/1309/1309 344/1310/1310 342/1311/1311
f 343/1312/1312 344/1313/1313 345/1314/1314
f 343/1315/1315 345/1316/1316 347/1317/1317
f 343/1318/1318 347/1319/1319 348/1320/1320
f 343/1321/1321 348/1322/1322 349/1323/1323
f 344/1324/1324 346/1325/1325 345/1326/1326
f 345/1327/1327 346/1328/1328 347/1329/1329
f 343/1330/1330 349/1331/1331 350/1332/1332
f 343/1333/1333 350/1334/1334 352/1335/1335
f 343/1336/1336 352/1337/1337 364/1338/1338
f 347/1339/1339 346/1340/1340 348/1341/1341
f 348/1342/1342 351/1343/1343 349/1344/1344
f 348/1345/1345 346/1346/1346 351/1347/1347
f 349/1348/1348 351/1349/1349 350/1350/1350
f 350/1351/1351 351/1352/1352 353/1353/1353
f 351/1354/1354 368/1355/1355 353/1356/1356
f 350/1357/1357 353/1358/1358 352/1359/1359
f 353/1360/1360 354/1361/1361 352/1362/1362
f 352/1363/1363 354/1364/1364 366/1365/1365
f 353/1366/1366 366/1367/1367 354/1368/1368
f 353/1369/1369 368/1370/1370 366/1371/1371
f 352/1372/1372 366/1373/1373 364/1374/1374
f 253/1375/1375 355/1376/1376 326/1377/1377
f 326/1378/1378 356/1379/1379 327/1380/1380
f 327/1381/1381 357/1382/1382 328/1383/1383
f 326/1384/1384 355/1385/1385 356/1386/1386
f 327/1387/1387 356/1388/1388 357/1389/1389
f 328/1390/1390 358/1391/1391 341/1392/1392
f 328/1393/1393 357/1394/1394 358/1395/1395
f 341/1396/1396 358/1397/1397 359/1398/1398
f 355/1399/1399 477/1400/1400 356/1401/1401
f 356/1402/1402 478/1403/1403 357/1404/1404
f 355/1405/1405 403/1406/1406 477/1407/1407
f 356/1408/1408 477/1409/1409 478/1410/1410
f 357/1411/1411 478/1412/1412 479/1413/1413
f 357/1414/1414 479/1415/1415 358/1416/1416
f 358/1417/1417 480/1418/1418 359/1419/1419
f 358/1420/1420 479/1421/1421 480/1422/1422
f 359/1423/1423 480/1424/1424 485/1425/1425
f 341/1426/1426 359/1427/1427 346/1428/1428
f 346/1429/1429 359/1430/1430 362/1431/1431
f 359/1432/1432 485/1433/1433 362/1434/1434
f 343/1435/1435 364/1436/1436 114/1437/1437
f 114/1438/1438 365/1439/1439 115/1440/1440
f 115/1441/1441 365/1442/1442 360/1443/1443
f 360/1444/1444 361/1445/1445 488/1446/1446
f 360/1447/1447 365/1448/1448 361/1449/1449
f 346/1450/1450 362/1451/1451 351/1452/1452
f 351/1453/1453 363/1454/1454 368/1455/1455
f 366/1456/1456 367/1457/1457 364/1458/1458
f 367/1459/1459 369/1460/1460 364/1461/1461
f 351/1462/1462 362/1463/1463 363/1464/1464
f 368/1465/1465 363/1466/1466 370/1467/1467
f 114/1468/1468 364/1469/1469 365/1470/1470
f 373/1471/1471 365/1472/1472 364/1473/1473
f 362/1474/1474 489/1475/1475 363/1476/1476
f 362/1477/1477 485/1478/1478 489/1479/1479
f 363/1480/1480 490/1481/1481 370/1482/1482
f 363/1483/1483 489/1484/1484 490/1485/1485
f 370/1486/1486 490/1487/1487 535/1488/1488
f 361/1489/1489 365/1490/1490 378/1491/1491
f 361/1492/1492 378/1493/1493 536/1494/1494
f 366/1495/1495 368/1496/1496 367/1497/1497
f 367/1498/1498 368/1499/1499 369/1500/1500
f 368/1501/1501 371/1502/1502 369/1503/1503
f 369/1504/1504 371/1505/1505 364/1506/1506
f 368/1507/1507 370/1508/1508 371/1509/1509
f 371/1510/1510 372/1511/1511 364/1512/1512
f 372/1513/1513 373/1514/1514 364/1515/1515
f 370/1516/1516 372/1517/1517 371/1518/1518
f 370/1519/1519 373/1520/1520 372/1521/1521
f 373/1522/1522 374/1523/1523 365/1524/1524
f 370/1525/1525 374/1526/1526 373/1527/1527
f 370/1528/1528 377/1529/1529 374/1530/1530
f 374/1531/1531 377/1532/1532 375/1533/1533
f 375/1534/1534 377/1535/1535 376/1536/1536
f 376/1537/1537 377/1538/1538 384/1539/1539
f 374/1540/1540 375/1541/1541 365/1542/1542
f 375/1543/1543 376/1544/1544 365/1545/1545
f 376/1546/1546 384/1547/1547 365/1548/1548
f 370/1549/1549 535/1550/1550 377/1551/1551
f 365/1552/1552 385/1553/1553 380/1554/1554
f 365/1555/1555 384/1556/1556 385/1557/1557
f 377/1558/1558 535/1559/1559 542/1560/1560
f 365/1561/1561 380/1562/1562 378/1563/1563
f 378/1564/1564 379/1565/1565 537/1566/1566
f 378/1567/1567 380/1568/1568 379/1569/1569
f 379/1570/1570 380/1571/1571 381/1572/1572
f 381/1573/1573 380/1574/1574 382/1575/1575
f 380/1576/1576 383/1577/1577 382/1578/1578
f 379/1579/1579 381/1580/1580 541/1581/1581
f 381/1582/1582 382/1583/1583 538/1584/1584
f 382/1585/1585 383/1586/1586 539/1587/1587
f 377/1588/1588 542/1589/1589 384/1590/1590
f 384/1591/1591 542/1592/1592 385/1593/1593
f 380/1594/1594 385/1595/1595 386/1596/1596
f 385/1597/1597 542/1598/1598 386/1599/1599
f 380/1600/1600 386/1601/1601 387/1602/1602
f 380/1603/1603 387/1604/1604 388/1605/1605
f 380/1606/1606 388/1607/1607 390/1608/1608
f 380/1609/1609 392/1610/1610 383/1611/1611
f 386/1612/1612 542/1613/1613 389/1614/1614
f 380/1615/1615 390/1616/1616 391/1617/1617
f 383/1618/1618 392/1619/1619 554/1620/1620
f 386/1621/1621 389/1622/1622 387/1623/1623
f 387/1624/1624 389/1625/1625 388/1626/1626
f 388/1627/1627 389/1628/1628 390/1629/1629
f 389/1630/1630 391/1631/1631 390/1632/1632
f 380/1633/1633 391/1634/1634 392/1635/1635
f 389/1636/1636 393/1637/1637 391/1638/1638
f 389/1639/1639 561/1640/1640 393/1641/1641
f 391/1642/1642 393/1643/1643 392/1644/1644
f 393/1645/1645 394/1646/1646 392/1647/1647
f 392/1648/1648 394/1649/1649 395/1650/1650
f 392/1651/1651 395/1652/1652 396/1653/1653
f 392/1654/1654 396/1655/1655 564/1656/1656
f 393/1657/1657 561/1658/1658 394/1659/1659
f 394/1660/1660 561/1661/1661 395/1662/1662
f 395/1663/1663 561/1664/1664 396/1665/1665
f 277/1666/1666 173/1667/1667 397/1668/1668
f 173/1669/1669 174/1670/1670 397/1671/1671
f 397/1672/1672 174/1673/1673 399/1674/1674
f 174/1675/1675 175/1676/1676 410/1677/1677
f 175/1678/1678 176/1679/1679 410/1680/1680
f 174/1681/1681 410/1682/1682 399/1683/1683
f 397/1684/1684 399/1685/1685 440/1686/1686
f 297/1687/1687 397/1688/1688 440/1689/1689
f 398/1690/1690 400/1691/1691 406/1692/1692
f 443/1693/1693 445/1694/1694 398/1695/1695
f 398/1696/1696 445/1697/1697 400/1698/1698
f 400/1699/1699 445/1700/1700 472/1701/1701
f 399/1702/1702 410/1703/1703 450/1704/1704
f 400/1705/1705 472/1706/1706 419/1707/1707
f 402/1708/1708 407/1709/1709 409/1710/1710
f 402/1711/1711 409/1712/1712 404/1713/1713
f 402/1714/1714 404/1715/1715 401/1716/1716
f 401/1717/1717 405/1718/1718 403/1719/1719
f 401/1720/1720 404/1721/1721 405/1722/1722
f 403/1723/1723 405/1724/1724 481/1725/1725
f 404/1726/1726 409/1727/1727 418/1728/1728
f 404/1729/1729 412/1730/1730 405/1731/1731
f 405/1732/1732 413/1733/1733 481/1734/1734
f 404/1735/1735 418/1736/1736 412/1737/1737
f 405/1738/1738 412/1739/1739 413/1740/1740
f 406/1741/1741 408/1742/1742 407/1743/1743
f 400/1744/1744 408/1745/1745 406/1746/1746
f 407/1747/1747 408/1748/1748 409/1749/1749
f 408/1750/1750 417/1751/1751 409/1752/1752
f 408/1753/1753 419/1754/1754 417/1755/1755
f 409/1756/1756 417/1757/1757 418/1758/1758
f 400/1759/1759 419/1760/1760 408/1761/1761
f 410/1762/1762 176/1763/1763 420/1764/1764
f 410/1765/1765 420/1766/1766 475/1767/1767
f 470/1768/1768 410/1769/1769 473/1770/1770
f 410/1771/1771 475/1772/1772 474/1773/1773
f 410/1774/1774 474/1775/1775 473/1776/1776
f 472/1777/1777 411/1778/1778 419/1779/1779
f 475/1780/1780 420/1781/1781 476/1782/1782
f 476/1783/1783 420/1784/1784 411/1785/1785
f 472/1786/1786 476/1787/1787 411/1788/1788
f 411/1789/1789 420/1790/1790 428/1791/1791
f 412/1792/1792 418/1793/1793 432/1794/1794
f 412/1795/1795 432/1796/1796 415/1797/1797
f 412/1798/1798 415/1799/1799 413/1800/1800
f 413/1801/1801 415/1802/1802 498/1803/1803
f 177/1804/1804 414/1805/1805 420/1806/1806
f 414/1807/1807 178/1808/1808 416/1809/1809
f 179/1810/1810 501/1811/1811 416/1812/1812
f 415/1813/1813 438/1814/1814 498/1815/1815
f 414/1816/1816 416/1817/1817 433/1818/1818
f 439/1819/1819 498/1820/1820 438/1821/1821
f 439/1822/1822 502/1823/1823 498/1824/1824
f 416/1825/1825 438/1826/1826 437/1827/1827
f 416/1828/1828 439/1829/1829 438/1830/1830
f 416/1831/1831 501/1832/1832 439/1833/1833
f 417/1834/1834 425/1835/1835 421/1836/1836
f 417/1837/1837 421/1838/1838 418/1839/1839
f 418/1840/1840 421/1841/1841 432/1842/1842
f 419/1843/1843 425/1844/1844 417/1845/1845
f 411/1846/1846 425/1847/1847 419/1848/1848
f 420/1849/1849 414/1850/1850 430/1851/1851
f 420/1852/1852 427/1853/1853 426/1854/1854
f 420/1855/1855 430/1856/1856 427/1857/1857
f 421/1858/1858 423/1859/1859 432/1860/1860
f 414/1861/1861 424/1862/1862 422/1863/1863
f 414/1864/1864 423/1865/1865 424/1866/1866
f 414/1867/1867 433/1868/1868 423/1869/1869
f 414/1870/1870 431/1871/1871 430/1872/1872
f 414/1873/1873 422/1874/1874 431/1875/1875
f 421/1876/1876 430/1877/1877 431/1878/1878
f 421/1879/1879 431/1880/1880 424/1881/1881
f 421/1882/1882 424/1883/1883 423/1884/1884
f 431/1885/1885 422/1886/1886 424/1887/1887
f 420/1888/1888 426/1889/1889 429/1890/1890
f 420/1891/1891 429/1892/1892 428/1893/1893
f 425/1894/1894 429/1895/1895 426/1896/1896
f 425/1897/1897 427/1898/1898 421/1899/1899
f 427/1900/1900 430/1901/1901 421/1902/1902
f 425/1903/1903 426/1904/1904 427/1905/1905
f 425/1906/1906 428/1907/1907 429/1908/1908
f 411/1909/1909 428/1910/1910 425/1911/1911
f 415/1912/1912 432/1913/1913 435/1914/1914
f 423/1915/1915 434/1916/1916 432/1917/1917
f 432/1918/1918 434/1919/1919 435/1920/1920
f 415/1921/1921 435/1922/1922 436/1923/1923
f 415/1924/1924 436/1925/1925 437/1926/1926
f 416/1927/1927 435/1928/1928 434/1929/1929
f 416/1930/1930 436/1931/1931 435/1932/1932
f 416/1933/1933 434/1934/1934 433/1935/1935
f 416/1936/1936 437/1937/1937 436/1938/1938
f 423/1939/1939 433/1940/1940 434/1941/1941
f 415/1942/1942 437/1943/1943 438/1944/1944
f 298/1945/1945 440/1946/1946 441/1947/1947
f 440/1948/1948 399/1949/1949 441/1950/1950
f 441/1951/1951 399/1952/1952 442/1953/1953
f 307/1954/1954 441/1955/1955 454/1956/1956
f 302/1957/1957 460/1958/1958 444/1959/1959
f 441/1960/1960 462/1961/1961 461/1962/1962
f 441/1963/1963 459/1964/1964 454/1965/1965
f 441/1966/1966 461/1967/1967 459/1968/1968
f 441/1969/1969 442/1970/1970 462/1971/1971
f 460/1972/1972 442/1973/1973 447/1974/1974
f 443/1975/1975 444/1976/1976 447/1977/1977
f 443/1978/1978 447/1979/1979 445/1980/1980
f 460/1981/1981 447/1982/1982 444/1983/1983
f 442/1984/1984 399/1985/1985 448/1986/1986
f 399/1987/1987 450/1988/1988 449/1989/1989
f 399/1990/1990 449/1991/1991 448/1992/1992
f 445/1993/1993 447/1994/1994 471/1995/1995
f 450/1996/1996 410/1997/1997 446/1998/1998
f 446/1999/1999 410/2000/2000 471/2001/2001
f 446/2002/2002 471/2003/2003 447/2004/2004
f 445/2005/2005 471/2006/2006 472/2007/2007
f 442/2008/2008 448/2009/2009 447/2010/2010
f 450/2011/2011 447/2012/2012 449/2013/2013
f 447/2014/2014 448/2015/2015 449/2016/2016
f 450/2017/2017 446/2018/2018 447/2019/2019
f 451/2020/2020 452/2021/2021 465/2022/2022
f 305/2023/2023 452/2024/2024 451/2025/2025
f 305/2026/2026 453/2027/2027 452/2028/2028
f 304/2029/2029 455/2030/2030 453/2031/2031
f 465/2032/2032 452/2033/2033 453/2034/2034
f 302/2035/2035 468/2036/2036 460/2037/2037
f 308/2038/2038 454/2039/2039 455/2040/2040
f 468/2041/2041 458/2042/2042 457/2043/2043
f 453/2044/2044 455/2045/2045 458/2046/2046
f 454/2047/2047 457/2048/2048 455/2049/2049
f 455/2050/2050 457/2051/2051 458/2052/2052
f 468/2053/2053 456/2054/2054 460/2055/2055
f 454/2056/2056 456/2057/2057 457/2058/2058
f 468/2059/2059 457/2060/2060 456/2061/2061
f 453/2062/2062 458/2063/2063 469/2064/2064
f 456/2065/2065 459/2066/2066 460/2067/2067
f 460/2068/2068 461/2069/2069 462/2070/2070
f 459/2071/2071 461/2072/2072 460/2073/2073
f 460/2074/2074 462/2075/2075 442/2076/2076
f 454/2077/2077 459/2078/2078 456/2079/2079
f 463/2080/2080 469/2081/2081 468/2082/2082
f 312/2083/2083 463/2084/2084 468/2085/2085
f 465/2086/2086 453/2087/2087 463/2088/2088
f 453/2089/2089 469/2090/2090 464/2091/2091
f 463/2092/2092 453/2093/2093 464/2094/2094
f 463/2095/2095 464/2096/2096 469/2097/2097
f 465/2098/2098 463/2099/2099 467/2100/2100
f 312/2101/2101 467/2102/2102 463/2103/2103
f 465/2104/2104 467/2105/2105 466/2106/2106
f 313/2107/2107 466/2108/2108 467/2109/2109
f 468/2110/2110 469/2111/2111 458/2112/2112
f 471/2113/2113 410/2114/2114 470/2115/2115
f 471/2116/2116 470/2117/2117 472/2118/2118
f 470/2119/2119 473/2120/2120 472/2121/2121
f 472/2122/2122 473/2123/2123 474/2124/2124
f 472/2125/2125 474/2126/2126 476/2127/2127
f 474/2128/2128 475/2129/2129 476/2130/2130
f 403/2131/2131 481/2132/2132 477/2133/2133
f 477/2134/2134 482/2135/2135 478/2136/2136
f 478/2137/2137 483/2138/2138 479/2139/2139
f 477/2140/2140 481/2141/2141 482/2142/2142
f 478/2143/2143 482/2144/2144 483/2145/2145
f 479/2146/2146 484/2147/2147 480/2148/2148
f 480/2149/2149 486/2150/2150 485/2151/2151
f 479/2152/2152 483/2153/2153 484/2154/2154
f 480/2155/2155 484/2156/2156 486/2157/2157
f 481/2158/2158 495/2159/2159 482/2160/2160
f 482/2161/2161 496/2162/2162 483/2163/2163
f 413/2164/2164 495/2165/2165 481/2166/2166
f 482/2167/2167 495/2168/2168 496/2169/2169
f 483/2170/2170 496/2171/2171 497/2172/2172
f 483/2173/2173 497/2174/2174 484/2175/2175
f 484/2176/2176 509/2177/2177 486/2178/2178
f 484/2179/2179 497/2180/2180 509/2181/2181
f 485/2182/2182 486/2183/2183 492/2184/2184
f 486/2185/2185 524/2186/2186 492/2187/2187
f 486/2188/2188 509/2189/2189 524/2190/2190
f 360/2191/2191 488/2192/2192 487/2193/2193
f 242/2194/2194 487/2195/2195 491/2196/2196
f 242/2197/2197 491/2198/2198 243/2199/2199
f 487/2200/2200 488/2201/2201 491/2202/2202
f 243/2203/2203 494/2204/2204 522/2205/2205
f 485/2206/2206 492/2207/2207 489/2208/2208
f 489/2209/2209 492/2210/2210 493/2211/2211
f 489/2212/2212 493/2213/2213 490/2214/2214
f 490/2215/2215 546/2216/2216 535/2217/2217
f 490/2218/2218 493/2219/2219 546/2220/2220
f 361/2221/2221 536/2222/2222 488/2223/2223
f 488/2224/2224 536/2225/2225 491/2226/2226
f 492/2227/2227 524/2228/2228 525/2229/2229
f 492/2230/2230 525/2231/2231 493/2232/2232
f 493/2233/2233 565/2234/2234 546/2235/2235
f 493/2236/2236 525/2237/2237 565/2238/2238
f 494/2239/2239 567/2240/2240 566/2241/2241
f 494/2242/2242 566/2243/2243 568/2244/2244
f 243/2245/2245 491/2246/2246 494/2247/2247
f 491/2248/2248 548/2249/2249 494/2250/2250
f 413/2251/2251 498/2252/2252 495/2253/2253
f 495/2254/2254 499/2255/2255 496/2256/2256
f 495/2257/2257 498/2258/2258 499/2259/2259
f 496/2260/2260 500/2261/2261 497/2262/2262
f 496/2263/2263 499/2264/2264 500/2265/2265
f 497/2266/2266 512/2267/2267 509/2268/2268
f 497/2269/2269 500/2270/2270 512/2271/2271
f 245/2272/2272 505/2273/2273 501/2274/2274
f 498/2275/2275 504/2276/2276 499/2277/2277
f 499/2278/2278 511/2279/2279 500/2280/2280
f 501/2281/2281 505/2282/2282 504/2283/2283
f 498/2284/2284 502/2285/2285 503/2286/2286
f 498/2287/2287 503/2288/2288 504/2289/2289
f 499/2290/2290 504/2291/2291 507/2292/2292
f 501/2293/2293 504/2294/2294 503/2295/2295
f 439/2296/2296 501/2297/2297 502/2298/2298
f 501/2299/2299 503/2300/2300 502/2301/2301
f 504/2302/2302 505/2303/2303 507/2304/2304
f 506/2305/2305 505/2306/2306 510/2307/2307
f 506/2308/2308 507/2309/2309 505/2310/2310
f 499/2311/2311 507/2312/2312 506/2313/2313
f 499/2314/2314 506/2315/2315 510/2316/2316
f 499/2317/2317 510/2318/2318 511/2319/2319
f 505/2320/2320 520/2321/2321 511/2322/2322
f 505/2323/2323 511/2324/2324 510/2325/2325
f 505/2326/2326 508/2327/2327 520/2328/2328
f 508/2329/2329 521/2330/2330 520/2331/2331
f 508/2332/2332 513/2333/2333 521/2334/2334
f 508/2335/2335 514/2336/2336 513/2337/2337
f 508/2338/2338 515/2339/2339 514/2340/2340
f 508/2341/2341 523/2342/2342 519/2343/2343
f 516/2344/2344 519/2345/2345 523/2346/2346
f 517/2347/2347 523/2348/2348 518/2349/2349
f 516/2350/2350 523/2351/2351 517/2352/2352
f 508/2353/2353 519/2354/2354 515/2355/2355
f 509/2356/2356 517/2357/2357 524/2358/2358
f 509/2359/2359 512/2360/2360 517/2361/2361
f 517/2362/2362 518/2363/2363 524/2364/2364
f 518/2365/2365 533/2366/2366 524/2367/2367
f 500/2368/2368 511/2369/2369 520/2370/2370
f 500/2371/2371 521/2372/2372 512/2373/2373
f 500/2374/2374 520/2375/2375 521/2376/2376
f 512/2377/2377 521/2378/2378 513/2379/2379
f 512/2380/2380 513/2381/2381 514/2382/2382
f 512/2383/2383 514/2384/2384 515/2385/2385
f 512/2386/2386 519/2387/2387 516/2388/2388
f 512/2389/2389 515/2390/2390 519/2391/2391
f 512/2392/2392 516/2393/2393 517/2394/2394
f 522/2395/2395 533/2396/2396 523/2397/2397
f 494/2398/2398 526/2399/2399 522/2400/2400
f 522/2401/2401 526/2402/2402 532/2403/2403
f 522/2404/2404 532/2405/2405 531/2406/2406
f 522/2407/2407 530/2408/2408 529/2409/2409
f 522/2410/2410 529/2411/2411 534/2412/2412
f 522/2413/2413 531/2414/2414 530/2415/2415
f 522/2416/2416 534/2417/2417 533/2418/2418
f 524/2419/2419 533/2420/2420 534/2421/2421
f 524/2422/2422 534/2423/2423 529/2424/2424
f 524/2425/2425 530/2426/2426 525/2427/2427
f 494/2428/2428 568/2429/2429 526/2430/2430
f 525/2431/2431 527/2432/2432 565/2433/2433
f 525/2434/2434 531/2435/2435 532/2436/2436
f 525/2437/2437 532/2438/2438 527/2439/2439
f 565/2440/2440 527/2441/2441 568/2442/2442
f 568/2443/2443 528/2444/2444 526/2445/2445
f 526/2446/2446 527/2447/2447 532/2448/2448
f 526/2449/2449 528/2450/2450 527/2451/2451
f 568/2452/2452 527/2453/2453 528/2454/2454
f 524/2455/2455 529/2456/2456 530/2457/2457
f 525/2458/2458 530/2459/2459 531/2460/2460
f 518/2461/2461 523/2462/2462 533/2463/2463
f 535/2464/2464 550/2465/2465 542/2466/2466
f 378/2467/2467 537/2468/2468 536/2469/2469
f 491/2470/2470 536/2471/2471 540/2472/2472
f 379/2473/2473 541/2474/2474 537/2475/2475
f 381/2476/2476 538/2477/2477 541/2478/2478
f 382/2479/2479 539/2480/2480 538/2481/2481
f 536/2482/2482 537/2483/2483 540/2484/2484
f 537/2485/2485 541/2486/2486 540/2487/2487
f 538/2488/2488 539/2489/2489 540/2490/2490
f 541/2491/2491 538/2492/2492 540/2493/2493
f 491/2494/2494 552/2495/2495 551/2496/2496
f 535/2497/2497 546/2498/2498 550/2499/2499
f 491/2500/2500 543/2501/2501 553/2502/2502
f 491/2503/2503 553/2504/2504 552/2505/2505
f 491/2506/2506 540/2507/2507 545/2508/2508
f 491/2509/2509 545/2510/2510 543/2511/2511
f 383/2512/2512 554/2513/2513 539/2514/2514
f 539/2515/2515 554/2516/2516 540/2517/2517
f 389/2518/2518 542/2519/2519 559/2520/2520
f 542/2521/2521 544/2522/2522 559/2523/2523
f 540/2524/2524 556/2525/2525 560/2526/2526
f 542/2527/2527 550/2528/2528 543/2529/2529
f 542/2530/2530 543/2531/2531 545/2532/2532
f 540/2533/2533 544/2534/2534 545/2535/2535
f 542/2536/2536 545/2537/2537 544/2538/2538
f 540/2539/2539 557/2540/2540 544/2541/2541
f 540/2542/2542 560/2543/2543 558/2544/2544
f 540/2545/2545 558/2546/2546 557/2547/2547
f 546/2548/2548 565/2549/2549 547/2550/2550
f 494/2551/2551 547/2552/2552 567/2553/2553
f 491/2554/2554 551/2555/2555 548/2556/2556
f 546/2557/2557 549/2558/2558 548/2559/2559
f 546/2560/2560 551/2561/2561 550/2562/2562
f 546/2563/2563 548/2564/2564 551/2565/2565
f 494/2566/2566 549/2567/2567 547/2568/2568
f 546/2569/2569 547/2570/2570 549/2571/2571
f 494/2572/2572 548/2573/2573 549/2574/2574
f 550/2575/2575 552/2576/2576 553/2577/2577
f 550/2578/2578 551/2579/2579 552/2580/2580
f 543/2581/2581 550/2582/2582 553/2583/2583
f 389/2584/2584 559/2585/2585 561/2586/2586
f 540/2587/2587 554/2588/2588 556/2589/2589
f 554/2590/2590 555/2591/2591 556/2592/2592
f 392/2593/2593 564/2594/2594 554/2595/2595
f 554/2596/2596 564/2597/2597 563/2598/2598
f 554/2599/2599 563/2600/2600 562/2601/2601
f 554/2602/2602 562/2603/2603 555/2604/2604
f 561/2605/2605 559/2606/2606 555/2607/2607
f 555/2608/2608 559/2609/2609 556/2610/2610
f 544/2611/2611 557/2612/2612 559/2613/2613
f 558/2614/2614 560/2615/2615 559/2616/2616
f 557/2617/2617 558/2618/2618 559/2619/2619
f 556/2620/2620 559/2621/2621 560/2622/2622
f 561/2623/2623 555/2624/2624 562/2625/2625
f 561/2626/2626 563/2627/2627 564/2628/2628
f 396/2629/2629 561/2630/2630 564/2631/2631
f 561/2632/2632 562/2633/2633 563/2634/2634
f 547/2635/2635 565/2636/2636 567/2637/2637
f 565/2638/2638 566/2639/2639 567/2640/2640
f 565/2641/2641 568/2642/2642 566/2643/2643
f 8/2644/2644 9/2645/2645 19/2646/2646
f 8/2647/2647 11/2648/2648 10/2649/2649
f 8/2650/2650 10/2651/2651 9/2652/2652
f 13/2653/2653 14/2654/2654 15/2655/2655
f 13/2656/2656 17/2657/2657 14/2658/2658
f 8/2659/2659 12/2660/2660 11/2661/2661
f 8/2662/2662 15/2663/2663 12/2664/2664
f 8/2665/2665 13/2666/2666 15/2667/2667
f 19/2668/2668 1/2669/2669 2/2670/2670
f 20/2671/2671 2/2672/2672 3/2673/2673
f 19/2674/2674 9/2675/2675 18/2676/2676
f 19/2677/2677 18/2678/2678 1/2679/2679
f 20/2680/2680 6/2681/2681 7/2682/2682
f 20/2683/2683 7/2684/2684 63/2685/2685
f 20/2686/2686 3/2687/2687 4/2688/2688
f 20/2689/2689 4/2690/2690 5/2691/2691
f 20/2692/2692 5/2693/2693 6/2694/2694
f 19/2695/2695 2/2696/2696 20/2697/2697
f 27/2698/2698 25/2699/2699 39/2700/2700
f 27/2701/2701 26/2702/2702 25/2703/2703
f 27/2704/2704 28/2705/2705 26/2706/2706
f 27/2707/2707 116/2708/2708 28/2709/2709
f 116/2710/2710 30/2711/2711 29/2712/2712
f 116/2713/2713 29/2714/2714 28/2715/2715
f 116/2716/2716 31/2717/2717 30/2718/2718
f 116/2719/2719 32/2720/2720 31/2721/2721
f 116/2722/2722 33/2723/2723 32/2724/2724
f 116/2725/2725 119/2726/2726 33/2727/2727
f 27/2728/2728 133/2729/2729 116/2730/2730
f 119/2731/2731 34/2732/2732 33/2733/2733
f 119/2734/2734 35/2735/2735 34/2736/2736
f 119/2737/2737 52/2738/2738 35/2739/2739
f 119/2740/2740 53/2741/2741 52/2742/2742
f 166/2743/2743 53/2744/2744 119/2745/2745
f 8/2746/2746 41/2747/2747 37/2748/2748
f 39/2749/2749 16/2750/2750 17/2751/2751
f 39/2752/2752 17/2753/2753 13/2754/2754
f 39/2755/2755 38/2756/2756 16/2757/2757
f 39/2758/2758 24/2759/2759 38/2760/2760
f 8/2761/2761 37/2762/2762 13/2763/2763
f 39/2764/2764 13/2765/2765 37/2766/2766
f 39/2767/2767 25/2768/2768 24/2769/2769
f 19/2770/2770 20/2771/2771 40/2772/2772
f 8/2773/2773 19/2774/2774 41/2775/2775
f 20/2776/2776 63/2777/2777 42/2778/2778
f 19/2779/2779 40/2780/2780 41/2781/2781
f 20/2782/2782 42/2783/2783 40/2784/2784
f 37/2785/2785 41/2786/2786 131/2787/2787
f 37/2788/2788 131/2789/2789 132/2790/2790
f 39/2791/2791 37/2792/2792 132/2793/2793
f 27/2794/2794 39/2795/2795 133/2796/2796
f 39/2797/2797 132/2798/2798 133/2799/2799
f 41/2800/2800 40/2801/2801 134/2802/2802
f 40/2803/2803 42/2804/2804 135/2805/2805
f 41/2806/2806 134/2807/2807 131/2808/2808
f 40/2809/2809 135/2810/2810 134/2811/2811
f 42/2812/2812 180/2813/2813 135/2814/2814
f 166/2815/2815 48/2816/2816 53/2817/2817
f 166/2818/2818 49/2819/2819 48/2820/2820
f 166/2821/2821 50/2822/2822 49/2823/2823
f 63/2824/2824 7/2825/2825 57/2826/2826
f 63/2827/2827 57/2828/2828 58/2829/2829
f 63/2830/2830 58/2831/2831 59/2832/2832
f 63/2833/2833 59/2834/2834 60/2835/2835
f 63/2836/2836 60/2837/2837 64/2838/2838
f 64/2839/2839 60/2840/2840 61/2841/2841
f 64/2842/2842 61/2843/2843 62/2844/2844
f 69/2845/2845 62/2846/2846 65/2847/2847
f 64/2848/2848 62/2849/2849 69/2850/2850
f 66/2851/2851 67/2852/2852 65/2853/2853
f 69/2854/2854 65/2855/2855 67/2856/2856
f 69/2857/2857 67/2858/2858 68/2859/2859
f 69/2860/2860 68/2861/2861 71/2862/2862
f 69/2863/2863 71/2864/2864 70/2865/2865
f 70/2866/2866 71/2867/2867 72/2868/2868
f 70/2869/2869 72/2870/2870 73/2871/2871
f 70/2872/2872 73/2873/2873 75/2874/2874
f 74/2875/2875 75/2876/2876 73/2877/2877
f 70/2878/2878 75/2879/2879 83/2880/2880
f 63/2881/2881 64/2882/2882 79/2883/2883
f 64/2884/2884 69/2885/2885 80/2886/2886
f 42/2887/2887 63/2888/2888 79/2889/2889
f 64/2890/2890 80/2891/2891 79/2892/2892
f 69/2893/2893 70/2894/2894 81/2895/2895
f 80/2896/2896 69/2897/2897 81/2898/2898
f 70/2899/2899 82/2900/2900 81/2901/2901
f 70/2902/2902 83/2903/2903 82/2904/2904
f 82/2905/2905 83/2906/2906 89/2907/2907
f 42/2908/2908 79/2909/2909 180/2910/2910
f 79/2911/2911 80/2912/2912 181/2913/2913
f 79/2914/2914 181/2915/2915 180/2916/2916
f 80/2917/2917 182/2918/2918 181/2919/2919
f 80/2920/2920 81/2921/2921 182/2922/2922
f 81/2923/2923 82/2924/2924 183/2925/2925
f 81/2926/2926 183/2927/2927 182/2928/2928
f 82/2929/2929 184/2930/2930 183/2931/2931
f 82/2932/2932 89/2933/2933 184/2934/2934
f 89/2935/2935 83/2936/2936 84/2937/2937
f 89/2938/2938 84/2939/2939 85/2940/2940
f 89/2941/2941 85/2942/2942 86/2943/2943
f 89/2944/2944 86/2945/2945 87/2946/2946
f 89/2947/2947 87/2948/2948 88/2949/2949
f 89/2950/2950 88/2951/2951 91/2952/2952
f 89/2953/2953 91/2954/2954 190/2955/2955
f 89/2956/2956 190/2957/2957 184/2958/2958
f 91/2959/2959 88/2960/2960 90/2961/2961
f 91/2962/2962 90/2963/2963 92/2964/2964
f 91/2965/2965 92/2966/2966 93/2967/2967
f 91/2968/2968 93/2969/2969 94/2970/2970
f 91/2971/2971 94/2972/2972 197/2973/2973
f 197/2974/2974 94/2975/2975 95/2976/2976
f 197/2977/2977 95/2978/2978 96/2979/2979
f 197/2980/2980 96/2981/2981 97/2982/2982
f 91/2983/2983 197/2984/2984 190/2985/2985
f 197/2986/2986 97/2987/2987 202/2988/2988
f 202/2989/2989 97/2990/2990 98/2991/2991
f 202/2992/2992 98/2993/2993 99/2994/2994
f 202/2995/2995 99/2996/2996 100/2997/2997
f 202/2998/2998 100/2999/2999 101/3000/3000
f 202/3001/3001 101/3002/3002 234/3003/3003
f 234/3004/3004 101/3005/3005 108/3006/3006
f 234/3007/3007 108/3008/3008 109/3009/3009
f 234/3010/3010 109/3011/3011 110/3012/3012
f 234/3013/3013 110/3014/3014 111/3015/3015
f 234/3016/3016 111/3017/3017 112/3018/3018
f 116/3019/3019 120/3020/3020 119/3021/3021
f 116/3022/3022 133/3023/3023 125/3024/3024
f 116/3025/3025 125/3026/3026 127/3027/3027
f 116/3028/3028 128/3029/3029 117/3030/3030
f 116/3031/3031 127/3032/3032 128/3033/3033
f 116/3034/3034 117/3035/3035 118/3036/3036
f 116/3037/3037 121/3038/3038 120/3039/3039
f 116/3040/3040 118/3041/3041 121/3042/3042
f 119/3043/3043 120/3044/3044 122/3045/3045
f 166/3046/3046 119/3047/3047 171/3048/3048
f 119/3049/3049 122/3050/3050 123/3051/3051
f 119/3052/3052 123/3053/3053 172/3054/3054
f 119/3055/3055 172/3056/3056 171/3057/3057
f 125/3058/3058 126/3059/3059 127/3060/3060
f 125/3061/3061 137/3062/3062 129/3063/3063
f 125/3064/3064 129/3065/3065 126/3066/3066
f 132/3067/3067 131/3068/3068 136/3069/3069
f 136/3070/3070 131/3071/3071 140/3072/3072
f 133/3073/3073 132/3074/3074 137/3075/3075
f 137/3076/3076 132/3077/3077 136/3078/3078
f 125/3079/3079 133/3080/3080 137/3081/3081
f 131/3082/3082 134/3083/3083 140/3084/3084
f 134/3085/3085 135/3086/3086 139/3087/3087
f 135/3088/3088 180/3089/3089 141/3090/3090
f 140/3091/3091 134/3092/3092 139/3093/3093
f 139/3094/3094 135/3095/3095 141/3096/3096
f 136/3097/3097 140/3098/3098 143/3099/3099
f 137/3100/3100 136/3101/3101 144/3102/3102
f 137/3103/3103 130/3104/3104 129/3105/3105
f 137/3106/3106 138/3107/3107 130/3108/3108
f 137/3109/3109 145/3110/3110 138/3111/3111
f 137/3112/3112 146/3113/3113 145/3114/3114
f 137/3115/3115 144/3116/3116 146/3117/3117
f 136/3118/3118 143/3119/3119 144/3120/3120
f 140/3121/3121 139/3122/3122 153/3123/3123
f 139/3124/3124 141/3125/3125 154/3126/3126
f 153/3127/3127 139/3128/3128 154/3129/3129
f 140/3130/3130 153/3131/3131 143/3132/3132
f 141/3133/3133 212/3134/3134 154/3135/3135
f 143/3136/3136 153/3137/3137 152/3138/3138
f 144/3139/3139 147/3140/3140 146/3141/3141
f 144/3142/3142 148/3143/3143 147/3144/3144
f 143/3145/3145 149/3146/3146 150/3147/3147
f 143/3148/3148 148/3149/3149 144/3150/3150
f 143/3151/3151 150/3152/3152 148/3153/3153
f 143/3154/3154 151/3155/3155 149/3156/3156
f 143/3157/3157 152/3158/3158 151/3159/3159
f 153/3160/3160 154/3161/3161 157/3162/3162
f 153/3163/3163 155/3164/3164 152/3165/3165
f 153/3166/3166 156/3167/3167 155/3168/3168
f 153/3169/3169 157/3170/3170 156/3171/3171
f 154/3172/3172 158/3173/3173 157/3174/3174
f 154/3175/3175 212/3176/3176 162/3177/3177
f 154/3178/3178 162/3179/3179 161/3180/3180
f 154/3181/3181 159/3182/3182 158/3183/3183
f 154/3184/3184 160/3185/3185 159/3186/3186
f 154/3187/3187 161/3188/3188 160/3189/3189
f 166/3190/3190 168/3191/3191 50/3192/3192
f 166/3193/3193 169/3194/3194 168/3195/3195
f 166/3196/3196 171/3197/3197 167/3198/3198
f 166/3199/3199 167/3200/3200 169/3201/3201
f 180/3202/3202 181/3203/3203 185/3204/3204
f 181/3205/3205 182/3206/3206 186/3207/3207
f 141/3208/3208 180/3209/3209 185/3210/3210
f 185/3211/3211 181/3212/3212 186/3213/3213
f 182/3214/3214 183/3215/3215 187/3216/3216
f 183/3217/3217 184/3218/3218 188/3219/3219
f 182/3220/3220 187/3221/3221 186/3222/3222
f 183/3223/3223 188/3224/3224 187/3225/3225
f 184/3226/3226 191/3227/3227 188/3228/3228
f 141/3229/3229 185/3230/3230 212/3231/3231
f 185/3232/3232 186/3233/3233 213/3234/3234
f 185/3235/3235 213/3236/3236 212/3237/3237
f 186/3238/3238 216/3239/3239 213/3240/3240
f 186/3241/3241 187/3242/3242 216/3243/3243
f 187/3244/3244 188/3245/3245 217/3246/3246
f 187/3247/3247 217/3248/3248 216/3249/3249
f 188/3250/3250 191/3251/3251 189/3252/3252
f 188/3253/3253 189/3254/3254 217/3255/3255
f 184/3256/3256 190/3257/3257 191/3258/3258
f 190/3259/3259 207/3260/3260 191/3261/3261
f 191/3262/3262 207/3263/3263 195/3264/3264
f 191/3265/3265 192/3266/3266 194/3267/3267
f 191/3268/3268 193/3269/3269 192/3270/3270
f 191/3271/3271 195/3272/3272 193/3273/3273
f 191/3274/3274 196/3275/3275 189/3276/3276
f 191/3277/3277 194/3278/3278 196/3279/3279
f 190/3280/3280 197/3281/3281 207/3282/3282
f 197/3283/3283 202/3284/3284 199/3285/3285
f 197/3286/3286 209/3287/3287 207/3288/3288
f 197/3289/3289 198/3290/3290 209/3291/3291
f 197/3292/3292 200/3293/3293 198/3294/3294
f 197/3295/3295 199/3296/3296 200/3297/3297
f 202/3298/3298 201/3299/3299 199/3300/3300
f 202/3301/3301 204/3302/3302 203/3303/3303
f 202/3304/3304 203/3305/3305 201/3306/3306
f 202/3307/3307 234/3308/3308 205/3309/3309
f 202/3310/3310 205/3311/3311 204/3312/3312
f 207/3313/3313 208/3314/3314 195/3315/3315
f 207/3316/3316 211/3317/3317 210/3318/3318
f 207/3319/3319 210/3320/3320 208/3321/3321
f 207/3322/3322 209/3323/3323 211/3324/3324
f 213/3325/3325 216/3326/3326 215/3327/3327
f 212/3328/3328 213/3329/3329 231/3330/3330
f 212/3331/3331 228/3332/3332 162/3333/3333
f 212/3334/3334 229/3335/3335 228/3336/3336
f 212/3337/3337 230/3338/3338 229/3339/3339
f 212/3340/3340 231/3341/3341 230/3342/3342
f 213/3343/3343 215/3344/3344 214/3345/3345
f 216/3346/3346 220/3347/3347 215/3348/3348
f 213/3349/3349 214/3350/3350 231/3351/3351
f 216/3352/3352 217/3353/3353 226/3354/3354
f 216/3355/3355 226/3356/3356 219/3357/3357
f 216/3358/3358 218/3359/3359 220/3360/3360
f 216/3361/3361 219/3362/3362 218/3363/3363
f 221/3364/3364 220/3365/3365 218/3366/3366
f 217/3367/3367 189/3368/3368 223/3369/3369
f 217/3370/3370 225/3371/3371 226/3372/3372
f 217/3373/3373 224/3374/3374 225/3375/3375
f 217/3376/3376 223/3377/3377 224/3378/3378
f 222/3379/3379 224/3380/3380 223/3381/3381
f 234/3382/3382 235/3383/3383 205/3384/3384
f 234/3385/3385 236/3386/3386 235/3387/3387
f 234/3388/3388 112/3389/3389 237/3390/3390
f 112/3391/3391 238/3392/3392 237/3393/3393
f 234/3394/3394 237/3395/3395 236/3396/3396
