# meters; x anterior, y left, z dorsal
mtllib fish.mtl
usemtl fish
v -0.03772700886 -0.006076463033 -0.01012241736
v -0.03677171474 -0.008057662286 -0.01129135851
v -0.03677685774 -0.008062434383 -0.01127547853
v -0.03675373207 -0.008042693138 -0.01134119823
v -0.03677933483 -0.008045131341 -0.01128363132
v -0.03684878704 -0.008140997961 -0.01101427607
v -0.03628089913 -0.007664513774 -0.01260069746
v -0.03611814167 -0.007528801449 -0.01303750265
v -0.03591805865 -0.007377391681 -0.01352660905
v -0.03692203836 -0.006015985738 -0.01216674678
v -0.03559077327 -0.00715996651 -0.01423280395
v -0.03530404792 -0.006796328351 -0.01493881259
v -0.0359869253 -0.006003825925 -0.01409382548
v -0.03771334147 -0.008955798112 -0.007650584335
v -0.03775040508 -0.00900606811 -0.007442696372
v -0.03788079141 -0.009084861726 -0.006836663353
v -0.03793210356 -0.009121392854 -0.006591108514
v -0.03807461989 -0.009253840894 -0.005715331881
v -0.03859610326 -0.008051410317 -0.00497218862
v -0.03813644877 -0.008090788499 -0.0071161025
v -0.03889009106 -0.008132666349 -0.002492470786
v -0.03898830473 -0.008159811608 3.856458233e-06
v -0.03826536931 -0.009494213387 -0.004148584444
v -0.0383087041 -0.009577035904 -0.003616218109
v -0.03834116791 -0.009569766 -0.003380646816
v -0.03844538849 -0.009538969025 -0.002297019705
v -0.03850259766 -0.009529464878 -0.001674215196
v -0.03854179598 -0.009519526735 -0.0008252369619
v -0.03890642995 -0.006074951496 -0.005870246681
v -0.0383932165 -0.006098130252 -0.008007271102
v -0.0392489197 -0.006082397886 -0.003755272253
v -0.03944745986 -0.006137141958 -0.001259633518
v -0.03743662272 -0.008642271161 -0.008949335551
v -0.03745605895 -0.008664523251 -0.008857864773
v -0.0372974191 -0.008511524647 -0.009487523584
v -0.03743019799 -0.009013647214 -0.007432275338
v -0.03752982273 -0.008088692091 -0.009223517848
v -0.03745471389 -0.009626542218 -0.003591464719
v -0.03777670843 -0.004032522906 -0.01096847083
v -0.03770363197 -0.002021182794 -0.01168803859
v -0.03693427687 -0.004035380669 -0.0129328816
v -0.03595808084 -0.004018586595 -0.01483429305
v -0.03580243682 -0.00201411359 -0.01550373982
v -0.03681562311 -0.002015931765 -0.01363740105
v -0.03906583798 -0.004067351576 -0.006738192754
v -0.03849702579 -0.004060532898 -0.008876503332
v -0.03971811346 -0.004075886216 -0.00251517969
v -0.03946504899 -0.004081560764 -0.004637992827
v -0.03982094597 -0.004089740571 3.856458233e-06
v -0.03907351021 -0.002038901905 -0.007571577447
v -0.03952805206 -0.002040051622 -0.005497055946
v -0.03844728501 -0.00202283822 -0.009698846264
v -0.0398393839 -0.002043267246 -0.00337716786
v -0.04000079184 -0.002044244669 -0.001259556276
v -0.03483152186 -0.008171937428 -0.0109462085
v -0.03461377538 -0.006084658206 -0.01634248987
v -0.03490552754 -0.006363729015 -0.01578744769
v -0.03508283786 -0.00655397214 -0.01541075751
v -0.03491309407 -0.005284540355 -0.01620322361
v -0.034324223 -0.005825443659 -0.01687880501
v -0.03436919098 -0.00586162461 -0.01680347405
v -0.03392368398 -0.004948566668 -0.0177197092
v -0.03502764861 -0.007183133159 -0.01421498403
v -0.03243714414 -0.007297540084 -0.01419863932
v -0.03216747037 -0.008220968768 -0.01087266102
v -0.03260058287 -0.005908310879 -0.01689537883
v -0.03468442691 -0.009005474858 -0.007334212194
v -0.03463539557 -0.009626542218 -0.003534261257
v -0.0319550003 -0.009013647214 -0.007293352278
v -0.03185693669 -0.009593854658 -0.003501573464
v -0.03479969158 -0.003261846025 -0.01689924754
v -0.03375174833 -0.004566789139 -0.01808231965
v -0.03370701783 -0.004472241737 -0.01817225747
v -0.03365548031 -0.004381304141 -0.01825929887
v -0.03340930986 -0.003983218223 -0.01864162728
v -0.03347445727 -0.002483623335 -0.01885287918
v -0.03314048314 -0.002825638046 -0.01919986389
v -0.03301237087 -0.00241105794 -0.01940102398
v -0.03455764596 -0.001244790619 -0.01751785435
v -0.03286449081 -0.002014504047 -0.01962300099
v -0.03281996521 -0.001717738109 -0.01971195347
v -0.0328198609 -0.001715262653 -0.01971238375
v -0.03275003639 -0.0008817696362 -0.01985261299
v -0.0325760672 -0.004028765019 -0.01865234494
v -0.03132576059 -0.004160746932 -0.01847256243
v -0.03132576059 -0.004012367688 -0.01861135185
v -0.03132576059 -0.003026123159 -0.01902783558
v -0.03132576059 -0.00286017824 -0.01910762384
v -0.03111882537 -0.00286017824 -0.01908998273
v -0.03132576059 -0.00286017824 -0.01847256243
v -0.03245348792 -0.002018468687 -0.01960846305
v -0.03889009106 -0.008132666349 0.002500183761
v -0.03856287425 -0.009455339052 0.0007938110472
v -0.03854493337 -0.009509973228 0.000322172648
v -0.03855595837 -0.009366678074 0.001584913695
v -0.03855481668 -0.009341230616 0.001792197229
v -0.03849051212 -0.009178777225 0.003146716274
v -0.03839190217 -0.009055029601 0.004205720613
v -0.03837663896 -0.00900880713 0.004433384744
v -0.03833157098 -0.008923944086 0.004856997749
v -0.03778159135 -0.009095366113 0.0042127358
v -0.03859610326 -0.008051410317 0.004979901595
v -0.03826691472 -0.008810450323 0.005449013898
v -0.03804782854 -0.008537739515 0.006896135976
v -0.03801824042 -0.008509972133 0.007046296375
v -0.03796062042 -0.008450255729 0.007345926596
v -0.03813644877 -0.008090788499 0.007123815009
v -0.03788366221 -0.008382830769 0.007685780639
v -0.03782839753 -0.008334761485 0.007929455602
v -0.03944745986 -0.006137141958 0.001267346434
v -0.0392489197 -0.006082397886 0.003762985227
v -0.03890642995 -0.006074951496 0.005877959655
v -0.0383932165 -0.006098130252 0.008014984542
v -0.03772700886 -0.006076463033 0.01013012987
v -0.03756912105 -0.009585682303 0.0003474091615
v -0.03759615897 -0.008088921197 0.009000779243
v -0.03754982661 -0.008042572998 0.00920305133
v -0.03753555688 -0.008030176163 0.009257370719
v -0.03726535855 -0.00783247035 0.01012861367
v -0.03524011868 -0.008408923633 0.007914623359
v -0.03697098122 -0.007647011429 0.01105651364
v -0.03683498251 -0.007570564281 0.01144234009
v -0.03681405593 -0.007551420946 0.01150621485
v -0.03651582316 -0.007315676194 0.01229898364
v -0.03563237173 -0.007632589899 0.01142855652
v -0.03692203836 -0.006015985738 0.01217446022
v -0.03631519462 -0.007157976739 0.01283177372
v -0.03595432948 -0.006900867913 0.0137056756
v -0.03594239039 -0.006892089732 0.01373472821
v -0.03570798953 -0.006740928162 0.01423820492
v -0.03554414614 -0.006642637774 0.01458641339
v -0.03549508453 -0.006574624218 0.01471013867
v -0.0359869253 -0.006003825925 0.01410153892
v -0.03971811346 -0.004075886216 0.002522892432
v -0.03946504899 -0.004081560764 0.004645705802
v -0.03906583798 -0.004067351576 0.006745905263
v -0.03849702579 -0.004060532898 0.008884216772
v -0.04000079184 -0.002044244669 0.001267269134
v -0.0398393839 -0.002043267246 0.003384880835
v -0.03952805206 -0.002040051622 0.005504768921
v -0.03907351021 -0.002038901905 0.007579290421
v -0.03844728501 -0.00202283822 0.009706558773
v -0.03777670843 -0.004032522906 0.01097618427
v -0.03770363197 -0.002021182794 0.0116957511
v -0.03693427687 -0.004035380669 0.01294059411
v -0.03595808084 -0.004018586595 0.01484200556
v -0.03681562311 -0.002015931765 0.01364511356
v -0.03580243682 -0.00201411359 0.01551145233
v -0.03472528682 -0.009626542218 0.0003800969541
v -0.03493775689 -0.009168913588 0.00422090769
v -0.03192231181 -0.009552994743 0.0003719250059
v -0.03212661046 -0.009201602079 0.004188219664
v -0.03242080036 -0.008572362363 0.007865592019
v -0.0327640216 -0.007763340604 0.01133049291
v -0.03315627464 -0.006782708224 0.0144930334
v -0.03493445163 -0.005908688996 0.01592676819
v -0.03490891989 -0.005879903678 0.01598156348
v -0.03462277428 -0.005592571571 0.01653133437
v -0.03491309407 -0.005284540355 0.01621093705
v -0.03427829529 -0.005288657732 0.01711659797
v -0.03351584013 -0.005344447214 0.01708353788
v -0.03047587938 -0.005475198384 0.01694461435
v -0.03479969158 -0.003261846025 0.01690695912
v -0.03387223446 -0.004641253501 0.01789508306
v -0.03373965184 -0.004436091986 0.01814195059
v -0.03368569381 -0.004364149179 0.0182288374
v -0.03364913474 -0.004314782098 0.01828781992
v -0.03317048756 -0.003723311238 0.01899567351
v -0.03347445727 -0.002483623335 0.01886059262
v -0.03299617936 -0.003234565724 0.01930666447
v -0.03293129086 -0.003039866686 0.01942491822
v -0.03455764596 -0.001244790619 0.01752556592
v -0.03066383331 -0.003840810619 0.01893039525
v -0.03245799971 -0.00190053496 0.0201191596
v -0.03244427481 -0.001274402137 0.02021325112
v -0.03244057886 -0.001221269486 0.0202212549
v -0.03241909185 -0.001055440167 0.02024631679
v -0.03240353038 -0.0009419293492 0.02026347734
v -0.03076189692 -0.001961264992 0.0201234977
v -0.03828018269 0 -0.01038325753
v -0.03770363197 0.002021182794 -0.01168803859
v -0.03777670843 0.004032522906 -0.01096847083
v -0.03552073828 0 -0.01609896391
v -0.03580243682 0.00201411359 -0.01550373982
v -0.03657175955 0 -0.0142589499
v -0.03749304433 0 -0.01235066995
v -0.03681562311 0.002015931765 -0.01363740105
v -0.03693427687 0.004035380669 -0.0129328816
v -0.03595808084 0.004018586595 -0.01483429305
v -0.03892940731 0 -0.008366129248
v -0.03943761089 0 -0.00630893966
v -0.03907351021 0.002038901905 -0.007571577447
v -0.03952805206 0.002040051622 -0.005497055946
v -0.03844728501 0.00202283822 -0.009698846264
v -0.03980236084 0 -0.00422153564
v -0.04002191151 0 -0.002113907717
v -0.04009521201 0 3.856458233e-06
v -0.0398393839 0.002043267246 -0.00337716786
v -0.04000079184 0.002044244669 -0.001259556276
v -0.03906583798 0.004067351576 -0.006738192754
v -0.03849702579 0.004060532898 -0.008876503332
v -0.03971811346 0.004075886216 -0.00251517969
v -0.03946504899 0.004081560764 -0.004637992827
v -0.03982094597 0.004089740571 3.856458233e-06
v -0.03772700886 0.006076463033 -0.01012241736
v -0.03692203836 0.006015985738 -0.01216674678
v -0.0359869253 0.006003825925 -0.01409382548
v -0.03559077327 0.00715996651 -0.01423280395
v -0.03530404792 0.006796328351 -0.01493881259
v -0.03675373207 0.008042693138 -0.01134119823
v -0.03677933483 0.008045131341 -0.01128363132
v -0.03677171474 0.008057662286 -0.01129135851
v -0.03677685774 0.008062434383 -0.01127547853
v -0.03684878704 0.008140997961 -0.01101427607
v -0.03628089913 0.007664513774 -0.01260069746
v -0.03611814167 0.007528801449 -0.01303750265
v -0.03591805865 0.007377391681 -0.01352660905
v -0.03890642995 0.006074951496 -0.005870246681
v -0.0383932165 0.006098130252 -0.008007271102
v -0.0392489197 0.006082397886 -0.003755272253
v -0.03944745986 0.006137141958 -0.001259633518
v -0.03859610326 0.008051410317 -0.00497218862
v -0.03813644877 0.008090788499 -0.0071161025
v -0.03771334147 0.008955798112 -0.007650584335
v -0.03775040508 0.00900606811 -0.007442696372
v -0.03788079141 0.009084861726 -0.006836663353
v -0.03793210356 0.009121392854 -0.006591108514
v -0.03807461989 0.009253840894 -0.005715331881
v -0.03889009106 0.008132666349 -0.002492470786
v -0.03898830473 0.008159811608 3.856458233e-06
v -0.03826536931 0.009494213387 -0.004148584444
v -0.0383087041 0.009577035904 -0.003616218109
v -0.03834116791 0.009569766 -0.003380646816
v -0.03844538849 0.009538969025 -0.002297019705
v -0.03850259766 0.009529464878 -0.001674215196
v -0.03854179598 0.009519526735 -0.0008252369619
v -0.03752982273 0.008088692091 -0.009223517848
v -0.03743662272 0.008642271161 -0.008949335551
v -0.03745605895 0.008664523251 -0.008857864773
v -0.0372974191 0.008511524647 -0.009487523584
v -0.03743019799 0.009013647214 -0.007432275338
v -0.03745471389 0.009626542218 -0.003591464719
v -0.03455764596 0.001244790619 -0.01751785435
v -0.03355377709 0 -0.01891517907
v -0.03275003639 0.0008817696362 -0.01985261299
v -0.03281996521 0.001717738109 -0.01971195347
v -0.0328198609 0.001715262653 -0.01971238375
v -0.03286449081 0.002014504047 -0.01962300099
v -0.03479969158 0.003261846025 -0.01689924754
v -0.03347445727 0.002483623335 -0.01885287918
v -0.03314048314 0.002825638046 -0.01919986389
v -0.03301237087 0.00241105794 -0.01940102398
v -0.03340930986 0.003983218223 -0.01864162728
v -0.03365548031 0.004381304141 -0.01825929887
v -0.03370701783 0.004472241737 -0.01817225747
v -0.03375174833 0.004566789139 -0.01808231965
v -0.03262837586 0 -0.01999450929
v -0.03237176855 0 -0.01995985478
v -0.03245348792 0.002018468687 -0.01960846305
v -0.0325760672 0.004028765019 -0.01865234494
v -0.03132576059 0.00286017824 -0.01910762384
v -0.03111882537 0.00286017824 -0.01908998273
v -0.03132576059 0.00286017824 -0.01847256243
v -0.03132576059 0.003026123159 -0.01902783558
v -0.03132576059 0.004012367688 -0.01861135185
v -0.03132576059 0.004160746932 -0.01847256243
v -0.03491309407 0.005284540355 -0.01620322361
v -0.034324223 0.005825443659 -0.01687880501
v -0.03436919098 0.00586162461 -0.01680347405
v -0.03461377538 0.006084658206 -0.01634248987
v -0.03490552754 0.006363729015 -0.01578744769
v -0.03508283786 0.00655397214 -0.01541075751
v -0.03392368398 0.004948566668 -0.0177197092
v -0.03502764861 0.007183133159 -0.01421498403
v -0.03483152186 0.008171937428 -0.0109462085
v -0.03260058287 0.005908310879 -0.01689537883
v -0.03243714414 0.007297540084 -0.01419863932
v -0.03216747037 0.008220968768 -0.01087266102
v -0.03468442691 0.009005474858 -0.007334212194
v -0.03463539557 0.009626542218 -0.003534261257
v -0.0319550003 0.009013647214 -0.007293352278
v -0.03185693669 0.009593854658 -0.003501573464
v -0.04002191151 0 0.002121620692
v -0.03980236084 0 0.004229248615
v -0.04000079184 0.002044244669 0.001267269134
v -0.0398393839 0.002043267246 0.003384880835
v -0.03943761089 0 0.006316652635
v -0.03892940731 0 0.008373841757
v -0.03952805206 0.002040051622 0.005504768921
v -0.03907351021 0.002038901905 0.007579290421
v -0.03844728501 0.00202283822 0.009706558773
v -0.03971811346 0.004075886216 0.002522892432
v -0.03946504899 0.004081560764 0.004645705802
v -0.03906583798 0.004067351576 0.006745905263
v -0.03849702579 0.004060532898 0.008884216772
v -0.03828018269 0 0.01039097004
v -0.03770363197 0.002021182794 0.0116957511
v -0.03777670843 0.004032522906 0.01097618427
v -0.03749304433 0 0.01235838246
v -0.03657175955 0 0.01426666241
v -0.03681562311 0.002015931765 0.01364511356
v -0.03552073828 0 0.01610667736
v -0.03580243682 0.00201411359 0.01551145233
v -0.03693427687 0.004035380669 0.01294059411
v -0.03595808084 0.004018586595 0.01484200556
v -0.03944745986 0.006137141958 0.001267346434
v -0.0392489197 0.006082397886 0.003762985227
v -0.03890642995 0.006074951496 0.005877959655
v -0.0383932165 0.006098130252 0.008014984542
v -0.03772700886 0.006076463033 0.01013012987
v -0.03889009106 0.008132666349 0.002500183761
v -0.03859610326 0.008051410317 0.004979901595
v -0.03856287425 0.009455339052 0.0007938110472
v -0.03854493337 0.009509973228 0.000322172648
v -0.03855595837 0.009366678074 0.001584913695
v -0.03855481668 0.009341230616 0.001792197229
v -0.03837663896 0.00900880713 0.004433384744
v -0.03833157098 0.008923944086 0.004856997749
v -0.03849051212 0.009178777225 0.003146716274
v -0.03839190217 0.009055029601 0.004205720613
v -0.03778159135 0.009095366113 0.0042127358
v -0.03813644877 0.008090788499 0.007123815009
v -0.03788366221 0.008382830769 0.007685780639
v -0.03782839753 0.008334761485 0.007929455602
v -0.03826691472 0.008810450323 0.005449013898
v -0.03804782854 0.008537739515 0.006896135976
v -0.03801824042 0.008509972133 0.007046296375
v -0.03796062042 0.008450255729 0.007345926596
v -0.03756912105 0.009585682303 0.0003474091615
v -0.03759615897 0.008088921197 0.009000779243
v -0.03754982661 0.008042572998 0.00920305133
v -0.03753555688 0.008030176163 0.009257370719
v -0.03726535855 0.00783247035 0.01012861367
v -0.03524011868 0.008408923633 0.007914623359
v -0.03692203836 0.006015985738 0.01217446022
v -0.0359869253 0.006003825925 0.01410153892
v -0.03631519462 0.007157976739 0.01283177372
v -0.03595432948 0.006900867913 0.0137056756
v -0.03594239039 0.006892089732 0.01373472821
v -0.03549508453 0.006574624218 0.01471013867
v -0.03570798953 0.006740928162 0.01423820492
v -0.03554414614 0.006642637774 0.01458641339
v -0.03697098122 0.007647011429 0.01105651364
v -0.03683498251 0.007570564281 0.01144234009
v -0.03681405593 0.007551420946 0.01150621485
v -0.03651582316 0.007315676194 0.01229898364
v -0.03563237173 0.007632589899 0.01142855652
v -0.03455764596 0.001244790619 0.01752556592
v -0.03355377709 0 0.01892289065
v -0.03479969158 0.003261846025 0.01690695912
v -0.03347445727 0.002483623335 0.01886059262
v -0.03293129086 0.003039866686 0.01942491822
v -0.03299617936 0.003234565724 0.01930666447
v -0.03387223446 0.004641253501 0.01789508306
v -0.03364913474 0.004314782098 0.01828781992
v -0.03373965184 0.004436091986 0.01814195059
v -0.03368569381 0.004364149179 0.0182288374
v -0.03317048756 0.003723311238 0.01899567351
v -0.03225696395 0 0.02042511583
v -0.03241909185 0.001055440167 0.02024631679
v -0.03240353038 0.0009419293492 0.02026347734
v -0.03244057886 0.001221269486 0.0202212549
v -0.03244427481 0.001274402137 0.02021325112
v -0.03245799971 0.00190053496 0.0201191596
v -0.03078641306 0 0.0204176876
v -0.03076189692 0.001961264992 0.0201234977
v -0.03066383331 0.003840810619 0.01893039525
v -0.03472528682 0.009626542218 0.0003800969541
v -0.03493775689 0.009168913588 0.00422090769
v -0.03192231181 0.009552994743 0.0003719250059
v -0.03212661046 0.009201602079 0.004188219664
v -0.03242080036 0.008572362363 0.007865592019
v -0.03315627464 0.006782708224 0.0144930334
v -0.03491309407 0.005284540355 0.01621093705
v -0.03490891989 0.005879903678 0.01598156348
v -0.03493445163 0.005908688996 0.01592676819
v -0.03462277428 0.005592571571 0.01653133437
v -0.03427829529 0.005288657732 0.01711659797
v -0.03351584013 0.005344447214 0.01708353788
v -0.0327640216 0.007763340604 0.01133049291
v -0.03047587938 0.005475198384 0.01694461435
v -0.0298139521 -0.007305711973 -0.01414960798
v -0.02953610598 -0.008106562309 -0.0108072859
v -0.03001825075 -0.005834763404 -0.01679731615
v -0.02700280613 -0.007910436019 -0.01074190985
v -0.02539589006 -0.007949244231 -0.01030962065
v -0.02546030778 -0.007499275729 -0.01052164089
v -0.02745226241 -0.005622292869 -0.01674828388
v -0.02723979234 -0.007150445599 -0.01415778033
v -0.02559332951 -0.005607806146 -0.01134483784
v -0.02929911978 -0.008915583603 -0.007252492829
v -0.02920922852 -0.009569338523 -0.003509745354
v -0.02794740285 -0.005720741581 -0.00117776322
v -0.02685571118 -0.008743973449 -0.007203461023
v -0.02672534279 -0.007541835308 -0.006636875568
v -0.02600014425 -0.008488642052 -0.008131393118
v -0.02642930887 -0.009034866467 -0.005876319835
v -0.02646406583 -0.009095534682 -0.005621349326
v -0.02619432501 -0.008720182814 -0.007189186642
v -0.02616723842 -0.008682836778 -0.007341890017
v -0.02615987632 -0.007539880928 -0.00860130403
v -0.025791094 -0.008287048899 -0.008944810255
v -0.02576363674 -0.008260794915 -0.009051424338
v -0.02659677277 -0.009426807053 -0.004219048776
v -0.02663391764 -0.009527811781 -0.003790902093
v -0.02679033513 -0.009593854658 -0.003534261257
v -0.02665375947 -0.009590300731 -0.003535276631
v -0.02666551183 -0.009590779431 -0.003444706209
v -0.02665281139 -0.009583193809 -0.00356447988
v -0.02669910184 -0.009488762356 -0.003506094802
v -0.02688433073 -0.009540101513 -0.001179221438
v -0.02680484514 -0.00959748216 -0.001832943762
v -0.02685887302 -0.009598303586 -0.001215690634
v -0.0268620507 -0.009598432109 -0.00114317128
v -0.02742785151 -0.007580871694 -0.002326953577
v -0.02715381078 -0.007505128626 -0.004638424495
v -0.02751940145 -0.007606175262 -3.028965913e-12
v -0.02696468989 -0.00568437716 -0.007467579449
v -0.02744308143 -0.005662771408 -0.005475549845
v -0.02634368307 -0.005664180033 -0.009439214019
v -0.02776233415 -0.005669712555 -0.003504074997
v -0.03023096203 -0.004108014517 -0.01847256243
v -0.03008001047 -0.004097757395 -0.01847256243
v -0.03004683583 -0.00286017824 -0.01904890023
v -0.02790359157 -0.003807493253 -0.01847256243
v -0.02884246997 -0.00286017824 -0.01894341118
v -0.03001825075 -0.001977609005 -0.01942050725
v -0.02772193617 -0.003791779047 -0.01846439101
v -0.02772243629 -0.003772267606 -0.01847256243
v -0.02718874748 -0.003712107195 -0.01847256243
v -0.02774582367 -0.00286017824 -0.01885454811
v -0.02642825554 -0.00286017824 -0.01879252575
v -0.02557612426 -0.003499930259 -0.01847256243
v -0.02566066041 -0.00286017824 -0.0187519741
v -0.02639001078 -0.003758919658 -0.01022786449
v -0.02560473728 -0.003761583241 -0.01205899089
v -0.02777096751 -0.001879545627 -0.01926524088
v -0.02579335897 -0.001724278787 -0.01922438189
v -0.02549413434 -0.001879152376 -0.01271570928
v -0.02632189292 -0.001884047291 -0.01089860953
v -0.02796379878 -0.003804630367 -0.004326903614
v -0.02819969348 -0.003799340455 -0.002348121608
v -0.02829554892 -0.003812255105 -3.028965913e-12
v -0.02802252705 -0.001901635784 -0.005127679909
v -0.02831273555 -0.001904633245 -0.003151624583
v -0.02846319257 -0.001905544428 -0.001177691217
v -0.02706145524 -0.003785029054 -0.008277835211
v -0.02759167395 -0.00379138533 -0.00628460653
v -0.02701508935 -0.001885590376 -0.009044382608
v -0.02759882557 -0.001900564064 -0.007061446904
v -0.02526234492 -0.007851636037 -0.01070075005
v -0.02525085799 -0.007843692787 -0.01073402807
v -0.0250418245 -0.007711772341 -0.01128351491
v -0.02462891705 -0.007431847509 -0.01238264877
v -0.02462886862 -0.007431817241 -0.01238277636
v -0.02463022555 -0.007420227397 -0.01238804206
v -0.02462303667 -0.007428646088 -0.01239615947
v -0.02473100676 -0.005254555959 -0.01687086269
v -0.02319178573 -0.006250270177 -0.01538898971
v -0.02372069127 -0.004925988615 -0.01510744344
v -0.02467380307 -0.007036038209 -0.0140760605
v -0.02418590739 -0.007215229329 -0.01329542685
v -0.0247216628 -0.005596471485 -0.01314116631
v -0.02386317804 -0.007102624979 -0.01393420145
v -0.02370157122 -0.006852370687 -0.01436249342
v -0.02370773844 -0.006773164961 -0.01439578727
v -0.02367187879 -0.006811559666 -0.01443222899
v -0.02355864114 -0.006677458994 -0.01466086216
v -0.02229096211 -0.005659305956 -0.01847256243
v -0.02237869828 -0.005404071882 -0.01847256243
v -0.02236205182 -0.005184337031 -0.01847256243
v -0.02227125346 -0.005123804789 -0.01843170345
v -0.02174380451 -0.00571247004 -0.01847256243
v -0.02219696372 -0.005131233949 -0.01847256243
v -0.02200157969 -0.004903162364 -0.01830912463
v -0.02182179718 -0.005336275324 -0.01821106195
v -0.02190964698 -0.005015525967 -0.01847256243
v -0.02175800159 -0.004977295175 -0.01777960628
v -0.02269454516 -0.00565517135 -0.01635006338
v -0.02260881133 -0.0054924055 -0.01652241766
v -0.02286185539 -0.005837217905 -0.01605525322
v -0.0225282631 -0.005352814682 -0.01666992985
v -0.02230131841 -0.005090453662 -0.01704475179
v -0.02140352718 -0.005702010356 -0.01847256243
v -0.02119140542 -0.005470892414 -0.0183174283
v -0.02140462055 -0.005316494964 -0.01812943339
v -0.02137507341 -0.005333315581 -0.01815794863
v -0.02157242253 -0.005182814319 -0.01795689098
v -0.02149799868 -0.005258196034 -0.01802964218
v -0.02160821325 -0.005086624995 -0.01793597162
v -0.02160289913 -0.005016301759 -0.01795893244
v -0.02125982969 -0.00539648626 -0.0182645832
v -0.02112137183 -0.005190839991 -0.01847256243
v -0.02100918098 -0.005618290044 -0.01847256243
v -0.02415518864 -0.003388112877 -0.01847256243
v -0.02415009058 -0.00286017824 -0.01887603931
v -0.02346435591 -0.004085968714 -0.01808030985
v -0.02296371787 -0.003709199838 -0.01847256243
v -0.02374811313 -0.003505935892 -0.01847256243
v -0.0240317288 -0.00286017824 -0.0188733571
v -0.02395590424 -0.00286017824 -0.01887060597
v -0.02371360018 -0.00286017824 -0.01892406203
v -0.02321882389 -0.003538012737 -0.01847256243
v -0.02291509538 -0.00286017824 -0.01895778894
v -0.02361498243 -0.003040532582 -0.01575624186
v -0.02469477552 -0.003745929105 -0.01383139275
v -0.02420800395 -0.001503636478 -0.01924889803
v -0.02338936023 -0.001160332584 -0.01633287676
v -0.02454969223 -0.001877457486 -0.01445541892
v -0.02235297329 -0.004551769234 -0.01771257341
v -0.02259792975 -0.003735251492 -0.01847256243
v -0.02203829616 -0.00473158434 -0.01749623276
v -0.02203070215 -0.004733638838 -0.0175054007
v -0.02180545434 -0.004772411659 -0.01791687205
v -0.02176080301 -0.004809124395 -0.01781566337
v -0.02186580031 -0.003856736235 -0.01847256243
v -0.02256030991 -0.004208833445 -0.01698497951
v -0.02275748394 -0.00286017824 -0.0190159966
v -0.02279425814 -0.002590504242 -0.01915083349
v -0.02203728288 -0.00286017824 -0.01904694445
v -0.02168935566 -0.00286017824 -0.0190688324
v -0.02166653081 -0.002492440864 -0.01924889803
v -0.0214867483 -0.004780583549 -0.01847256243
v -0.02149596467 -0.004333474673 -0.01847256243
v -0.02149136766 -0.004337523133 -0.01847256243
v -0.02132464043 -0.004268449266 -0.01847256243
v -0.02145908243 -0.00357224443 -0.01847256243
v -0.02151799045 -0.00319753075 -0.01847256243
v -0.02129750542 -0.00286017824 -0.01877185784
v -0.02155404753 -0.00286017824 -0.01847256243
v -0.02100101701 -0.00286017824 -0.01909880236
v -0.02099534712 -0.002843769733 -0.01910703897
v -0.02084600954 -0.002411544556 -0.01932401478
v -0.02237966499 -0.002315111458 -0.01757732302
v -0.02285963326 -0.001323853852 -0.01924889803
v -0.02164201467 -0.001250306494 -0.01934696071
v -0.02087446517 -0.001675535925 -0.01938169159
v -0.02087330847 -0.001628101687 -0.01938565902
v -0.0208651296 -0.001217480283 -0.01941808395
v -0.02139590337 -0.001160381129 -0.01886902645
v -0.02088623523 -0.000779420021 -0.0194216267
v -0.02090160205 -0.0006331715267 -0.01941415377
v -0.02926643222 -0.009577510878 0.0003474091615
v -0.02942987095 -0.009217945859 0.004139188325
v -0.02967502951 -0.008735801093 0.007808388324
v -0.02794740285 -0.005720741581 0.001177763214
v -0.02688433073 -0.009540101513 0.0009871736371
v -0.02688964765 -0.009523909539 0.001169348482
v -0.02688932168 -0.009522111155 0.001189760162
v -0.02686087537 -0.009601508267 0.0002379688055
v -0.02686082228 -0.009601647966 0.0002991360349
v -0.02686292241 -0.009596148506 0.0003571644744
v -0.02686540625 -0.009486178868 0.001600957705
v -0.02675949904 -0.009330640547 0.003408370187
v -0.02673918131 -0.009313917719 0.003605902774
v -0.02672526921 -0.009305905551 0.003702052051
v -0.02694560244 -0.009266977198 0.00406564085
v -0.0266736339 -0.009276725352 0.00405784242
v -0.02742785151 -0.007580871694 0.002326953571
v -0.02715381078 -0.007505128626 0.004638424722
v -0.02706818125 -0.008858379908 0.007743012273
v -0.02672534279 -0.007541835308 0.006636875329
v -0.02645747206 -0.009110737592 0.0056307452
v -0.02641878213 -0.009087959304 0.005849273523
v -0.026272232 -0.009020819329 0.006503063367
v -0.02605508204 -0.008912132122 0.007483569553
v -0.02599956869 -0.008888063952 0.007702197062
v -0.02594183414 -0.008834984154 0.00795985304
v -0.02565903898 -0.008621308953 0.009001788797
v -0.02559472929 -0.008568103425 0.009243300298
v -0.02615987632 -0.007539880928 0.008601304257
v -0.02776233415 -0.005669712555 0.003504074991
v -0.02744308143 -0.005662771408 0.005475550072
v -0.02696468989 -0.00568437716 0.00746757921
v -0.02634368307 -0.005664180033 0.009439214246
v -0.02992835949 -0.008016671054 0.01128963392
v -0.03021437704 -0.006978834514 0.01442765735
v -0.0272152762 -0.008122906089 0.01122425787
v -0.02546030778 -0.007499275729 0.01052164111
v -0.02738688636 -0.007044210099 0.01432142232
v -0.02559332951 -0.005607806146 0.01134483807
v -0.02754215366 -0.005434338469 0.01677300327
v -0.02819969348 -0.003799340455 0.002348121602
v -0.02796379878 -0.003804630367 0.00432690384
v -0.02846319257 -0.001905544428 0.001177691153
v -0.02831273555 -0.001904633245 0.003151624577
v -0.02802252705 -0.001901635784 0.005127680136
v -0.02759167395 -0.00379138533 0.006284606756
v -0.02706145524 -0.003785029054 0.008277835438
v -0.02639001078 -0.003758919658 0.01022786379
v -0.02759882557 -0.001900564064 0.00706144713
v -0.02701508935 -0.001885590376 0.009044382835
v -0.02560473728 -0.003761583241 0.01205899112
v -0.02762387256 -0.003808122827 0.01874244131
v -0.02632189292 -0.001884047291 0.01089860976
v -0.02549413434 -0.001879152376 0.01271570951
v -0.0276483887 -0.001969436882 0.02000091888
v -0.02533453732 -0.008377802558 0.01010768779
v -0.02503861609 -0.008192702197 0.0109492467
v -0.02498086105 -0.008159900084 0.01109847997
v -0.02491466358 -0.008092800155 0.01129046187
v -0.02475455153 -0.007909940556 0.01176940289
v -0.02459427557 -0.007727342658 0.01224851526
v -0.02447194821 -0.007605588995 0.01256676588
v -0.02463022555 -0.007420227397 0.01238804136
v -0.02478003903 -0.007011522539 0.01419067115
v -0.0247216628 -0.005596471485 0.01314116653
v -0.02379547834 -0.007014989387 0.01410400227
v -0.02370402991 -0.006820793729 0.01437576685
v -0.02370773844 -0.006773164961 0.01439578749
v -0.02368924796 -0.00679296162 0.01441457693
v -0.02365568123 -0.006739749108 0.01448833861
v -0.02372069127 -0.004925988615 0.01510744367
v -0.02484541415 -0.005360790994 0.01660139218
v -0.02301832504 -0.005757525563 0.01584839367
v -0.02298497065 -0.00570659386 0.01591938466
v -0.02270772337 -0.005339125171 0.01642806746
v -0.02262638352 -0.005206397735 0.0165849413
v -0.02259593672 -0.005151673686 0.01664520718
v -0.02240964241 -0.004844407551 0.01698152267
v -0.02469477552 -0.003745929105 0.01383139298
v -0.02485358651 -0.003759091254 0.01858717308
v -0.02361498243 -0.003040532582 0.01575624116
v -0.02454969223 -0.001877457486 0.01445541915
v -0.02482089802 -0.001944921096 0.01987834007
v -0.02338936023 -0.001160332584 0.01633287698
v -0.02256030991 -0.004208833445 0.01698497974
v -0.02221820532 -0.004547836725 0.01732114993
v -0.02186268038 -0.004071081057 0.01786505535
v -0.022369318 -0.003669199999 0.01835836016
v -0.02157041832 -0.00367484591 0.01831319288
v -0.02154989942 -0.003624743782 0.0183498814
v -0.02141189977 -0.003306174884 0.01858278468
v -0.02128582849 -0.003061911557 0.01876032643
v -0.02114910475 -0.002812385093 0.01894128613
v -0.02237966499 -0.002315111458 0.01757732138
v -0.02229576959 -0.001895889523 0.01969038613
v -0.02067107736 -0.001907133032 0.01957794942
v -0.02066924266 -0.001878285897 0.01958346285
v -0.02060502797 -0.001359409653 0.01968050853
v -0.02139590337 -0.001160381129 0.01886902668
v -0.02044062532 -0.0001415070292 0.0199225276
v -0.02996921941 0 -0.01953491464
v -0.03001825075 0.001977609005 -0.01942050725
v -0.03004683583 0.00286017824 -0.01904890023
v -0.03023096203 0.004108014517 -0.01847256243
v -0.03008001047 0.004097757395 -0.01847256243
v -0.02884246997 0.00286017824 -0.01894341118
v -0.02790359157 0.003807493253 -0.01847256243
v -0.02773827995 0 -0.01937964827
v -0.02777096751 0.001879545627 -0.01926524088
v -0.02580970275 0 -0.01930609986
v -0.02579335897 0.001724278787 -0.01922438189
v -0.0261255934 0 -0.01151628129
v -0.02549413434 0.001879152376 -0.01271570928
v -0.02632189292 0.001884047291 -0.01089860953
v -0.02774582367 0.00286017824 -0.01885454811
v -0.02772243629 0.003772267606 -0.01847256243
v -0.02772193617 0.003791779047 -0.01846439101
v -0.02718874748 0.003712107195 -0.01847256243
v -0.02642825554 0.00286017824 -0.01879252575
v -0.02566066041 0.00286017824 -0.0187519741
v -0.02557612426 0.003499930259 -0.01847256243
v -0.02639001078 0.003758919658 -0.01022786449
v -0.02560473728 0.003761583241 -0.01205899089
v -0.0279382228 0 -0.005884478221
v -0.02802252705 0.001901635784 -0.005127679909
v -0.02827822446 0 -0.003938702986
v -0.02848287887 0 -0.001974075686
v -0.02855120628 0 -3.028965913e-12
v -0.02831273555 0.001904633245 -0.003151624583
v -0.02846319257 0.001905544428 -0.001177691217
v -0.02796379878 0.003804630367 -0.004326903614
v -0.02819969348 0.003799340455 -0.002348121608
v -0.02829554892 0.003812255105 -3.028965913e-12
v -0.02746449999 0 -0.007802089097
v -0.02685932472 0 -0.009682356267
v -0.02701508935 0.001885590376 -0.009044382608
v -0.02759882557 0.001900564064 -0.007061446904
v -0.02706145524 0.003785029054 -0.008277835211
v -0.02759167395 0.00379138533 -0.00628460653
v -0.03001825075 0.005834763404 -0.01679731615
v -0.0298139521 0.007305711973 -0.01414960798
v -0.02953610598 0.008106562309 -0.0108072859
v -0.02745226241 0.005622292869 -0.01674828388
v -0.02723979234 0.007150445599 -0.01415778033
v -0.02559332951 0.005607806146 -0.01134483784
v -0.02700280613 0.007910436019 -0.01074190985
v -0.02546030778 0.007499275729 -0.01052164089
v -0.02539589006 0.007949244231 -0.01030962065
v -0.02794740285 0.005720741581 -0.00117776322
v -0.02929911978 0.008915583603 -0.007252492829
v -0.02920922852 0.009569338523 -0.003509745354
v -0.02696468989 0.00568437716 -0.007467579449
v -0.02744308143 0.005662771408 -0.005475549845
v -0.02634368307 0.005664180033 -0.009439214019
v -0.02776233415 0.005669712555 -0.003504074997
v -0.02672534279 0.007541835308 -0.006636875568
v -0.02685571118 0.008743973449 -0.007203461023
v -0.02615987632 0.007539880928 -0.00860130403
v -0.02576363674 0.008260794915 -0.009051424338
v -0.025791094 0.008287048899 -0.008944810255
v -0.02600014425 0.008488642052 -0.008131393118
v -0.02619432501 0.008720182814 -0.007189186642
v -0.02616723842 0.008682836778 -0.007341890017
v -0.02642930887 0.009034866467 -0.005876319835
v -0.02646406583 0.009095534682 -0.005621349326
v -0.02742785151 0.007580871694 -0.002326953577
v -0.02715381078 0.007505128626 -0.004638424495
v -0.02751940145 0.007606175262 -3.028965913e-12
v -0.02659677277 0.009426807053 -0.004219048776
v -0.02663391764 0.009527811781 -0.003790902093
v -0.02679033513 0.009593854658 -0.003534261257
v -0.02669910184 0.009488762356 -0.003506094802
v -0.02665281139 0.009583193809 -0.00356447988
v -0.02665375947 0.009590300731 -0.003535276631
v -0.02666551183 0.009590779431 -0.003444706209
v -0.02688433073 0.009540101513 -0.001179221438
v -0.02680484514 0.00959748216 -0.001832943762
v -0.02685887302 0.009598303586 -0.001215690634
v -0.0268620507 0.009598432109 -0.00114317128
v -0.02423251822 0 -0.01924889803
v -0.02428710676 0 -0.01501025714
v -0.02420800395 0.001503636478 -0.01924889803
v -0.02338936023 0.001160332584 -0.01633287676
v -0.02526681713 0 -0.01329508692
v -0.02454969223 0.001877457486 -0.01445541892
v -0.02415009058 0.00286017824 -0.01887603931
v -0.02415518864 0.003388112877 -0.01847256243
v -0.0240317288 0.00286017824 -0.0188733571
v -0.02395590424 0.00286017824 -0.01887060597
v -0.02371360018 0.00286017824 -0.01892406203
v -0.02374811313 0.003505935892 -0.01847256243
v -0.02291509538 0.00286017824 -0.01895778894
v -0.02321882389 0.003538012737 -0.01847256243
v -0.02361498243 0.003040532582 -0.01575624186
v -0.02346435591 0.004085968714 -0.01808030985
v -0.02296371787 0.003709199838 -0.01847256243
v -0.02469477552 0.003745929105 -0.01383139275
v -0.02285963326 0 -0.01937964827
v -0.02245360269 0 -0.01763539471
v -0.02285963326 0.001323853852 -0.01924889803
v -0.02237966499 0.002315111458 -0.01757732302
v -0.02163384325 0 -0.01936330356
v -0.02139590337 0.001160381129 -0.01886902645
v -0.02092998131 0 -0.01938285574
v -0.02090160205 0.0006331715267 -0.01941415377
v -0.02088623523 0.000779420021 -0.0194216267
v -0.02164201467 0.001250306494 -0.01934696071
v -0.0208651296 0.001217480283 -0.01941808395
v -0.02087330847 0.001628101687 -0.01938565902
v -0.02087446517 0.001675535925 -0.01938169159
v -0.02279425814 0.002590504242 -0.01915083349
v -0.02275748394 0.00286017824 -0.0190159966
v -0.02203728288 0.00286017824 -0.01904694445
v -0.02166653081 0.002492440864 -0.01924889803
v -0.02168935566 0.00286017824 -0.0190688324
v -0.02259792975 0.003735251492 -0.01847256243
v -0.02235297329 0.004551769234 -0.01771257341
v -0.02186580031 0.003856736235 -0.01847256243
v -0.02175713173 0.003963035531 -0.01847256243
v -0.02203829616 0.00473158434 -0.01749623276
v -0.02203070215 0.004733638838 -0.0175054007
v -0.02180545434 0.004772411659 -0.01791687205
v -0.02176080301 0.004809124395 -0.01781566337
v -0.02256030991 0.004208833445 -0.01698497951
v -0.02129750542 0.00286017824 -0.01877185784
v -0.02155404753 0.00286017824 -0.01847256243
v -0.02151799045 0.00319753075 -0.01847256243
v -0.02145908243 0.00357224443 -0.01847256243
v -0.02084600954 0.002411544556 -0.01932401478
v -0.02099534712 0.002843769733 -0.01910703897
v -0.02100101701 0.00286017824 -0.01909880236
v -0.02151126816 0.004358371254 -0.01847256243
v -0.02149136766 0.004337523133 -0.01847256243
v -0.0214867483 0.004780583549 -0.01847256243
v -0.02132464043 0.004268449266 -0.01847256243
v -0.02473100676 0.005254555959 -0.01687086269
v -0.02372069127 0.004925988615 -0.01510744344
v -0.02319178573 0.006250270177 -0.01538898971
v -0.0247216628 0.005596471485 -0.01314116631
v -0.02467380307 0.007036038209 -0.0140760605
v -0.02418590739 0.007215229329 -0.01329542685
v -0.02386317804 0.007102624979 -0.01393420145
v -0.02370773844 0.006773164961 -0.01439578727
v -0.02367187879 0.006811559666 -0.01443222899
v -0.02370157122 0.006852370687 -0.01436249342
v -0.02355864114 0.006677458994 -0.01466086216
v -0.0250418245 0.007711772341 -0.01128351491
v -0.02526234492 0.007851636037 -0.01070075005
v -0.02525085799 0.007843692787 -0.01073402807
v -0.02463022555 0.007420227397 -0.01238804206
v -0.02462891705 0.007431847509 -0.01238264877
v -0.02462886862 0.007431817241 -0.01238277636
v -0.02462303667 0.007428646088 -0.01239615947
v -0.02236205182 0.005184337031 -0.01847256243
v -0.02227125346 0.005123804789 -0.01843170345
v -0.02226471557 0.005154312588 -0.01847256243
v -0.02230627491 0.005520719569 -0.01847256243
v -0.02229096211 0.005659305956 -0.01847256243
v -0.02200157969 0.004903162364 -0.01830912463
v -0.02219696372 0.005131233949 -0.01847256243
v -0.02169915876 0.004851070233 -0.01788073115
v -0.02182179718 0.005336275324 -0.01821106195
v -0.0222291316 0.005658751354 -0.01847256243
v -0.02230131841 0.005090453662 -0.01704475179
v -0.0225282631 0.005352814682 -0.01666992985
v -0.02260881133 0.0054924055 -0.01652241766
v -0.02269454516 0.00565517135 -0.01635006338
v -0.02286185539 0.005837217905 -0.01605525322
v -0.02160289913 0.005016301759 -0.01795893244
v -0.02140372834 0.005304813851 -0.0181332574
v -0.0213671404 0.0053288606 -0.01816778712
v -0.02157242253 0.005182814319 -0.01795689098
v -0.02125982969 0.00539648626 -0.0182645832
v -0.02112137183 0.005190839991 -0.01847256243
v -0.02140352718 0.005702010356 -0.01847256243
v -0.02122510999 0.005430249497 -0.01829253033
v -0.02119140542 0.005470892414 -0.0183174283
v -0.02100918098 0.005618290044 -0.01847256243
v -0.02848287887 0 0.00197407568
v -0.02827822446 0 0.00393870298
v -0.02846319257 0.001905544428 0.001177691153
v -0.02831273555 0.001904633245 0.003151624577
v -0.02802252705 0.001901635784 0.005127680136
v -0.0279382228 0 0.005884478448
v -0.02819969348 0.003799340455 0.002348121602
v -0.02796379878 0.003804630367 0.00432690384
v -0.02746449999 0 0.007802088858
v -0.02685932472 0 0.009682356493
v -0.02759882557 0.001900564064 0.00706144713
v -0.02701508935 0.001885590376 0.009044382835
v -0.02759167395 0.00379138533 0.006284606756
v -0.02706145524 0.003785029054 0.008277835438
v -0.02639001078 0.003758919658 0.01022786379
v -0.0261255934 0 0.01151628152
v -0.02632189292 0.001884047291 0.01089860976
v -0.02549413434 0.001879152376 0.01271570951
v -0.02762387256 0 0.02031962492
v -0.0276483887 0.001969436882 0.02000091888
v -0.02560473728 0.003761583241 0.01205899112
v -0.02762387256 0.003808122827 0.01874244131
v -0.02794740285 0.005720741581 0.001177763214
v -0.02926643222 0.009577510878 0.0003474091615
v -0.02942987095 0.009217945859 0.004139188325
v -0.02967502951 0.008735801093 0.007808388324
v -0.02776233415 0.005669712555 0.003504074991
v -0.02744308143 0.005662771408 0.005475550072
v -0.02696468989 0.00568437716 0.00746757921
v -0.02634368307 0.005664180033 0.009439214246
v -0.02742785151 0.007580871694 0.002326953571
v -0.02715381078 0.007505128626 0.004638424722
v -0.02688433073 0.009540101513 0.0009871736371
v -0.02688964765 0.009523909539 0.001169348482
v -0.02688932168 0.009522111155 0.001189760162
v -0.02686087537 0.009601508267 0.0002379688055
v -0.02686082228 0.009601647966 0.0002991360349
v -0.02686292241 0.009596148506 0.0003571644744
v -0.02686540625 0.009486178868 0.001600957705
v -0.02673918131 0.009313917719 0.003605902774
v -0.02672526921 0.009305905551 0.003702052051
v -0.02675949904 0.009330640547 0.003408370187
v -0.02694560244 0.009266977198 0.00406564085
v -0.0266736339 0.009276725352 0.00405784242
v -0.02672534279 0.007541835308 0.006636875329
v -0.02706818125 0.008858379908 0.007743012273
v -0.02615987632 0.007539880928 0.008601304257
v -0.026272232 0.009020819329 0.006503063367
v -0.02605508204 0.008912132122 0.007483569553
v -0.02599956869 0.008888063952 0.007702197062
v -0.02641878213 0.009087959304 0.005849273523
v -0.02645747206 0.009110737592 0.0056307452
v -0.02565903898 0.008621308953 0.009001788797
v -0.02594183414 0.008834984154 0.00795985304
v -0.02559472929 0.008568103425 0.009243300298
v -0.03021437704 0.006978834514 0.01442765735
v -0.02992835949 0.008016671054 0.01128963392
v -0.02738688636 0.007044210099 0.01432142232
v -0.02559332951 0.005607806146 0.01134483807
v -0.02754215366 0.005434338469 0.01677300327
v -0.0272152762 0.008122906089 0.01122425787
v -0.02546030778 0.007499275729 0.01052164111
v -0.02526681713 0 0.01329508621
v -0.02428710676 0 0.01501025736
v -0.02454969223 0.001877457486 0.01445541915
v -0.02478003903 0 0.02021338895
v -0.02482089802 0.001944921096 0.01987834007
v -0.02338936023 0.001160332584 0.01633287698
v -0.02469477552 0.003745929105 0.01383139298
v -0.02485358651 0.003759091254 0.01858717308
v -0.02361498243 0.003040532582 0.01575624116
v -0.02245360269 0 0.01763539307
v -0.02225491061 0 0.02005812258
v -0.02237966499 0.002315111458 0.01757732138
v -0.02229576959 0.001895889523 0.01969038613
v -0.02139590337 0.001160381129 0.01886902668
v -0.02041544981 0 0.01995029219
v -0.02044062532 0.0001415070292 0.0199225276
v -0.02060502797 0.001359409653 0.01968050853
v -0.02066924266 0.001878285897 0.01958346285
v -0.02067107736 0.001907133032 0.01957794942
v -0.02256030991 0.004208833445 0.01698497974
v -0.02186268038 0.004071081057 0.01786505535
v -0.02221820532 0.004547836725 0.01732114993
v -0.022369318 0.003669199999 0.01835836016
v -0.02114910475 0.002812385093 0.01894128613
v -0.02141189977 0.003306174884 0.01858278468
v -0.02128582849 0.003061911557 0.01876032643
v -0.02157041832 0.00367484591 0.01831319288
v -0.02154989942 0.003624743782 0.0183498814
v -0.02533453732 0.008377802558 0.01010768779
v -0.0247216628 0.005596471485 0.01314116653
v -0.02478003903 0.007011522539 0.01419067115
v -0.02372069127 0.004925988615 0.01510744367
v -0.02379547834 0.007014989387 0.01410400227
v -0.02365568123 0.006739749108 0.01448833861
v -0.02370773844 0.006773164961 0.01439578749
v -0.02368924796 0.00679296162 0.01441457693
v -0.02370402991 0.006820793729 0.01437576685
v -0.02484541415 0.005360790994 0.01660139218
v -0.02298497065 0.00570659386 0.01591938466
v -0.02301832504 0.005757525563 0.01584839367
v -0.02503861609 0.008192702197 0.0109492467
v -0.02491466358 0.008092800155 0.01129046187
v -0.02498086105 0.008159900084 0.01109847997
v -0.02475455153 0.007909940556 0.01176940289
v -0.02463022555 0.007420227397 0.01238804136
v -0.02459427557 0.007727342658 0.01224851526
v -0.02447194821 0.007605588995 0.01256676588
v -0.02262638352 0.005206397735 0.0165849413
v -0.02270772337 0.005339125171 0.01642806746
v -0.02259593672 0.005151673686 0.01664520718
v -0.02240964241 0.004844407551 0.01698152267
vt 0.4859999972 0.5723636378
vt 0.4966641228 0.5802424715
vt 0.4937478755 0.5792359551
vt 0.4859999972 0.5723636378
vt 0.4904855519 0.5779950938
vt 0.4857819316 0.5759584597
vt 0.4859999972 0.5723636378
vt 0.4937478755 0.5792359551
vt 0.4904855519 0.5779950938
vt 0.4859999972 0.5723636377
vt 0.508 0.5713939392
vt 0.4966641228 0.5802424714
vt 0.508 0.5713939392
vt 0.5053918403 0.5833787201
vt 0.5050595167 0.5832636735
vt 0.508 0.5713939392
vt 0.505497812 0.5834117447
vt 0.5053918403 0.5833787201
vt 0.508 0.5713939392
vt 0.5050595167 0.5832636735
vt 0.4966641228 0.5802424714
vt 0.508 0.5713939392
vt 0.5072427812 0.5838765466
vt 0.505497812 0.5834117447
vt 0.508 0.5713939392
vt 0.5173385226 0.5868258169
vt 0.5072427812 0.5838765466
vt 0.4859999974 0.5723636377
vt 0.4857819315 0.5759584597
vt 0.4805129888 0.5739170949
vt 0.5348026981 0.5909516746
vt 0.542070505 0.5924558147
vt 0.5363927675 0.5913390562
vt 0.5310000004 0.5878787876
vt 0.5348026981 0.5909516746
vt 0.5308840713 0.5899022622
vt 0.5559999998 0.5888484852
vt 0.542070505 0.5924558147
vt 0.5348026981 0.5909516746
vt 0.5559999998 0.5888484852
vt 0.5556970933 0.59442931
vt 0.552238527 0.5940336723
vt 0.5559999998 0.5888484852
vt 0.552238527 0.5940336723
vt 0.542070505 0.5924558147
vt 0.5560000001 0.5888484852
vt 0.5571850347 0.5946451624
vt 0.5556970931 0.59442931
vt 0.5560000001 0.5888484852
vt 0.5640372721 0.5953432503
vt 0.5571850347 0.5946451624
vt 0.5560000001 0.5888484852
vt 0.5679828781 0.5958903223
vt 0.5640372721 0.5953432503
vt 0.5560000001 0.5888484852
vt 0.5809999999 0.5907878795
vt 0.5679828781 0.5958903223
vt 0.5809999999 0.5907878795
vt 0.573368612 0.596397691
vt 0.5679828781 0.5958903223
vt 0.5809999999 0.5907878795
vt 0.5806568673 0.5967771032
vt 0.573368612 0.596397691
vt 0.5310000004 0.5878787876
vt 0.5295055593 0.5896440636
vt 0.5215061566 0.5878787872
vt 0.5310000004 0.5878787876
vt 0.5308840712 0.5899022622
vt 0.5295055593 0.5896440636
vt 0.508 0.5713939392
vt 0.5215061566 0.5878787872
vt 0.5209001781 0.5877481703
vt 0.508 0.5713939392
vt 0.5209001781 0.5877481703
vt 0.5173385226 0.5868258169
vt 0.5310000004 0.5878787876
vt 0.5215061566 0.5878787872
vt 0.508 0.5713939392
vt 0.5310000004 0.5878787876
vt 0.5559999998 0.5888484852
vt 0.5348026981 0.5909516746
vt 0.5310000004 0.5878787876
vt 0.5319999993 0.5713939387
vt 0.5559999998 0.5888484851
vt 0.5310000004 0.5878787876
vt 0.5080000001 0.5713939392
vt 0.5319999991 0.5713939387
vt 0.5560000001 0.5888484851
vt 0.5569999994 0.5713939405
vt 0.5809999999 0.5907878793
vt 0.5319999993 0.5713939387
vt 0.5569999991 0.5713939405
vt 0.5559999998 0.5888484851
vt 0.5569999994 0.5713939406
vt 0.5820000001 0.5723636372
vt 0.5809999999 0.5907878793
vt 0.486000002 0.5558787877
vt 0.508 0.5713939392
vt 0.4859999972 0.5723636377
vt 0.4860000021 0.5558787877
vt 0.5089999997 0.5549090917
vt 0.508 0.5713939392
vt 0.4860000017 0.5558787877
vt 0.4769952705 0.5723636357
vt 0.4741493646 0.5711243137
vt 0.4860000017 0.5558787877
vt 0.4741493646 0.5711243137
vt 0.4699545586 0.5691041232
vt 0.4860000016 0.5558787877
vt 0.4699545585 0.5691041231
vt 0.466831948 0.5676115469
vt 0.4860000016 0.5558787877
vt 0.466831948 0.5676115469
vt 0.4663239722 0.5673372164
vt 0.4860000016 0.5558787877
vt 0.4663239722 0.5673372164
vt 0.4670000015 0.5568484845
vt 0.4670000013 0.5568484846
vt 0.4583762706 0.5645088873
vt 0.4500000023 0.5558787886
vt 0.4670000013 0.5568484846
vt 0.4663239718 0.5673372166
vt 0.4583762706 0.5645088873
vt 0.4859999974 0.5723636377
vt 0.4805129888 0.5739170949
vt 0.4769952706 0.5723636357
vt 0.4860000017 0.5558787877
vt 0.4859999974 0.5723636376
vt 0.4769952705 0.5723636357
vt 0.4860000021 0.5558787877
vt 0.4870000002 0.5393939387
vt 0.5089999997 0.5549090917
vt 0.4870000002 0.5393939385
vt 0.5089999984 0.5374545432
vt 0.5089999999 0.5549090916
vt 0.4860000016 0.5558787875
vt 0.4670000015 0.5568484844
vt 0.4669999982 0.5403636369
vt 0.4860000016 0.5558787876
vt 0.4669999981 0.5403636369
vt 0.4869999999 0.5393939386
vt 0.4670000012 0.5568484844
vt 0.4519365945 0.5413286151
vt 0.4669999986 0.5403636369
vt 0.5319999991 0.5713939387
vt 0.5080000001 0.5713939392
vt 0.5089999999 0.5549090918
vt 0.5319999992 0.5713939387
vt 0.5089999999 0.5549090918
vt 0.5330000011 0.5539393968
vt 0.5319999993 0.5713939387
vt 0.533000001 0.5539393968
vt 0.5569999991 0.5713939405
vt 0.5330000011 0.5539393967
vt 0.5569999997 0.5539393944
vt 0.5569999992 0.5713939405
vt 0.5569999994 0.5713939405
vt 0.5569999997 0.5539393944
vt 0.5820000002 0.5723636371
vt 0.5569999996 0.5539393944
vt 0.5830000002 0.554909089
vt 0.5820000001 0.5723636371
vt 0.5330000012 0.5539393969
vt 0.5089999999 0.5549090916
vt 0.5089999984 0.5374545431
vt 0.5330000012 0.5539393967
vt 0.5089999984 0.5374545432
vt 0.5329999991 0.537454543
vt 0.5330000011 0.5539393967
vt 0.5329999993 0.537454543
vt 0.5569999997 0.5539393944
vt 0.5569999996 0.5539393944
vt 0.5580000001 0.5374545434
vt 0.5830000002 0.554909089
vt 0.4500000021 0.5558787886
vt 0.4583762707 0.5645088875
vt 0.4550781265 0.5634373603
vt 0.4500000021 0.5558787886
vt 0.4550781265 0.5634373603
vt 0.4542603433 0.5631580599
vt 0.4500000021 0.5558787886
vt 0.4542603433 0.5631580599
vt 0.4534698625 0.5628342451
vt 0.4500000008 0.5558787886
vt 0.4500000041 0.5612834817
vt 0.4418632249 0.5594382987
vt 0.4500000021 0.5558787886
vt 0.4534698625 0.5628342451
vt 0.4500000062 0.5612834816
vt 0.4500000008 0.5558787886
vt 0.4418632249 0.5594382987
vt 0.4389370151 0.5585708238
vt 0.4359999983 0.5549090901
vt 0.4389370153 0.5585708237
vt 0.4358382771 0.5575749936
vt 0.4670000013 0.5568484845
vt 0.4500000023 0.5558787883
vt 0.451844697 0.5481602924
vt 0.4500000006 0.5558787882
vt 0.4436453703 0.5478206983
vt 0.4505016394 0.5480957769
vt 0.4500000023 0.5558787883
vt 0.4505016398 0.5480957769
vt 0.451844697 0.5481602924
vt 0.4500000008 0.555878788
vt 0.4359999988 0.5549090903
vt 0.4436453707 0.5478206978
vt 0.4500000008 0.5558787886
vt 0.4389370151 0.5585708238
vt 0.4359999987 0.5549090898
vt 0.4436453707 0.5478206978
vt 0.4359999988 0.5549090903
vt 0.4424843613 0.5478051027
vt 0.4670000013 0.5568484845
vt 0.451844697 0.5481602924
vt 0.4519365944 0.541328615
vt 0.0546875 0.02272727273
vt 0.0546875 0.02272727273
vt 0.0546875 0.02272727273
vt 0.0546875 0.02272727273
vt 0.0546875 0.02272727273
vt 0.0546875 0.02272727273
vt 0.0546875 0.02272727273
vt 0.0546875 0.02272727273
vt 0.0546875 0.02272727273
vt 0.0546875 0.02272727273
vt 0.0546875 0.02272727273
vt 0.0546875 0.02272727273
vt 0.0546875 0.02272727273
vt 0.0546875 0.02272727273
vt 0.0546875 0.02272727273
vt 0.0546875 0.02272727273
vt 0.0546875 0.02272727273
vt 0.0546875 0.02272727273
vt 0.0546875 0.02272727273
vt 0.0546875 0.02272727273
vt 0.0546875 0.02272727273
vt 0.4424843613 0.5478051027
vt 0.4370000021 0.5393939398
vt 0.442593629 0.5464870231
vt 0.4425936287 0.5464870234
vt 0.437000002 0.5393939399
vt 0.4431214567 0.5398179361
vt 0.4359999994 0.5549090902
vt 0.4358382795 0.5575749938
vt 0.4339141465 0.5573651589
vt 0.4359999999 0.5549090906
vt 0.4339141471 0.5573651594
vt 0.4338982056 0.5573639419
vt 0.4359999999 0.5549090906
vt 0.4338982056 0.5573639419
vt 0.4285442686 0.5567157291
vt 0.4359999999 0.5549090904
vt 0.4230000011 0.5539393927
vt 0.4370000013 0.5393939397
vt 0.4359999999 0.5549090906
vt 0.4285442686 0.5567157291
vt 0.4230000011 0.5539393923
vt 0.4230000011 0.5539393923
vt 0.4285442686 0.5567157291
vt 0.4228990329 0.5557017423
vt 0.4424843613 0.5478051027
vt 0.4359999988 0.5549090903
vt 0.4370000021 0.5393939398
vt 0.437000001 0.5393939394
vt 0.4230000005 0.5539393922
vt 0.424 0.5384242445
vt 0.5810000002 0.5907878795
vt 0.5837975266 0.5970809288
vt 0.5806568673 0.5967771032
vt 0.5810000002 0.5907878795
vt 0.5890721448 0.5973630083
vt 0.5837975266 0.5970809288
vt 0.5810000003 0.5907878795
vt 0.5904118733 0.5973857753
vt 0.5890721449 0.5973630082
vt 0.5810000003 0.5907878795
vt 0.599162267 0.5971661812
vt 0.5904118733 0.5973857753
vt 0.5810000003 0.5907878795
vt 0.6060000013 0.5927272729
vt 0.599162267 0.5971661812
vt 0.6060000013 0.5927272729
vt 0.6060000004 0.5966812707
vt 0.599162267 0.5971661812
vt 0.6060000015 0.592727273
vt 0.6074669969 0.596640466
vt 0.6060000006 0.5966812707
vt 0.6060000015 0.592727273
vt 0.6101953893 0.5964565062
vt 0.6074669969 0.596640466
vt 0.6060000015 0.592727273
vt 0.614207248 0.5961780343
vt 0.6101953893 0.5964565062
vt 0.6060000015 0.592727273
vt 0.6250518029 0.5949442098
vt 0.614207248 0.5961780343
vt 0.6250518029 0.5949442098
vt 0.6240306012 0.5951005694
vt 0.614207248 0.5961780343
vt 0.5810000002 0.5907878793
vt 0.5820000003 0.5723636372
vt 0.6060000013 0.5927272728
vt 0.6060000015 0.5927272729
vt 0.6070000012 0.5752727262
vt 0.6250518029 0.59494421
vt 0.6060000013 0.5927272729
vt 0.5820000003 0.5723636372
vt 0.607000001 0.5752727263
vt 0.6070000012 0.5752727262
vt 0.6270938628 0.5946713297
vt 0.6250518029 0.59494421
vt 0.6070000012 0.5752727262
vt 0.6294139123 0.5942905916
vt 0.6270938628 0.5946713297
vt 0.6310000001 0.5781818177
vt 0.6309999975 0.5940223268
vt 0.6294139123 0.5942905916
vt 0.6310000001 0.5781818177
vt 0.6379928692 0.5930504225
vt 0.6309999975 0.5940223267
vt 0.6310000001 0.5781818177
vt 0.6393132565 0.5928517227
vt 0.6379928692 0.5930504225
vt 0.6310000001 0.5781818177
vt 0.6396679099 0.5927871835
vt 0.6393132565 0.5928517227
vt 0.6310000001 0.5781818177
vt 0.6453578288 0.5914992237
vt 0.6396679099 0.5927871835
vt 0.6310000001 0.5781818177
vt 0.6514611719 0.5896970539
vt 0.6453578288 0.5914992236
vt 0.6070000011 0.5752727263
vt 0.6310000001 0.5781818177
vt 0.6294139123 0.5942905916
vt 0.6310000001 0.5781818177
vt 0.6539999997 0.5810909088
vt 0.6514611719 0.5896970539
vt 0.6539999997 0.5810909088
vt 0.654 0.5888598934
vt 0.6514611719 0.5896970539
vt 0.6539999997 0.5888598934
vt 0.6598436697 0.5870150731
vt 0.6544355038 0.5887408763
vt 0.6539999996 0.5810909087
vt 0.6598436697 0.5870150731
vt 0.6539999997 0.5888598934
vt 0.6539999996 0.5810909087
vt 0.6697591855 0.583869388
vt 0.6598436696 0.587015073
vt 0.6598436696 0.587015073
vt 0.6697591855 0.583869388
vt 0.6635963558 0.5859006156
vt 0.6736337911 0.5825659318
vt 0.6699696865 0.5838073875
vt 0.6697591855 0.5838693881
vt 0.6759999983 0.5815835388
vt 0.6860104428 0.5782961549
vt 0.6769219702 0.5813254299
vt 0.5820000003 0.5723636371
vt 0.5830000004 0.554909089
vt 0.607000001 0.5752727261
vt 0.5830000003 0.554909089
vt 0.6069999987 0.5568484842
vt 0.6070000009 0.5752727261
vt 0.6070000011 0.5752727261
vt 0.6069999985 0.5568484841
vt 0.6310000001 0.5781818176
vt 0.6320000019 0.5597575762
vt 0.6539999997 0.5810909087
vt 0.6310000002 0.5781818177
vt 0.6069999985 0.556848484
vt 0.632000002 0.5597575762
vt 0.6310000001 0.5781818177
vt 0.632000002 0.5597575762
vt 0.6549999979 0.563636363
vt 0.6539999997 0.5810909088
vt 0.5830000003 0.5549090891
vt 0.5829999999 0.5384242413
vt 0.6069999987 0.5568484842
vt 0.6069999987 0.5568484842
vt 0.583 0.5384242413
vt 0.6080000007 0.5403636351
vt 0.632000002 0.5597575763
vt 0.6320000011 0.5432727288
vt 0.6549999979 0.563636363
vt 0.6069999985 0.5568484842
vt 0.6080000006 0.5403636351
vt 0.632000002 0.5597575762
vt 0.6320000019 0.5597575762
vt 0.6080000006 0.5403636351
vt 0.632000001 0.5432727287
vt 0.6320000011 0.5432727288
vt 0.6550000018 0.545212122
vt 0.6549999978 0.5636363631
vt 0.6539999996 0.5810909088
vt 0.6549999979 0.563636363
vt 0.6697591855 0.5838693881
vt 0.6549999979 0.563636363
vt 0.6736337911 0.5825659318
vt 0.6697591855 0.5838693881
vt 0.6760000018 0.5665454543
vt 0.6759999985 0.5815835388
vt 0.6736337912 0.5825659319
vt 0.6760000015 0.5665454543
vt 0.6860104428 0.5782961549
vt 0.6759999983 0.5815835388
vt 0.654999998 0.5636363631
vt 0.6760000018 0.5665454543
vt 0.6736337912 0.5825659319
vt 0.6760000016 0.5665454544
vt 0.6864229385 0.5781766704
vt 0.6860104427 0.5782961547
vt 0.6760000016 0.5665454544
vt 0.6905711887 0.5767955313
vt 0.6864229385 0.5781766704
vt 0.6760000016 0.5665454544
vt 0.6950000015 0.5750828128
vt 0.6905711887 0.5767955313
vt 0.6760000016 0.5665454544
vt 0.695000003 0.5704242438
vt 0.6950000015 0.5750828128
vt 0.6950000025 0.5704242437
vt 0.7016473423 0.5730843676
vt 0.6950000013 0.5750828128
vt 0.654999998 0.5636363631
vt 0.6550000015 0.545212122
vt 0.6760000018 0.5665454542
vt 0.6760000017 0.5665454543
vt 0.6550000015 0.5452121221
vt 0.6759999988 0.5481212114
vt 0.6760000016 0.5665454544
vt 0.6759999991 0.5481212113
vt 0.695000003 0.5704242438
vt 0.6950000025 0.5704242437
vt 0.694999999 0.5510303043
vt 0.7110000005 0.5529696943
vt 0.6950000029 0.5704242438
vt 0.6759999992 0.5481212113
vt 0.6949999991 0.5510303043
vt 0.6950000025 0.5704242437
vt 0.7037566797 0.5724274226
vt 0.7016473423 0.5730843676
vt 0.6950000025 0.5704242437
vt 0.704501715 0.5721518276
vt 0.7037566797 0.5724274226
vt 0.704501715 0.5721518277
vt 0.7110000042 0.5692361714
vt 0.7050008773 0.5719474364
vt 0.7149754408 0.5684503711
vt 0.7254691743 0.5657185929
vt 0.7164989734 0.5681384639
vt 0.6950000025 0.5704242438
vt 0.7110000005 0.5529696943
vt 0.704501715 0.5721518277
vt 0.7110000005 0.5529696943
vt 0.7110000042 0.5692361714
vt 0.704501715 0.5721518277
vt 0.7110000005 0.5529696943
vt 0.714975441 0.5684503712
vt 0.7110000032 0.5692361715
vt 0.7110000005 0.5529696943
vt 0.7259999987 0.5549090904
vt 0.714975441 0.5684503712
vt 0.7259999988 0.5549090905
vt 0.7254691743 0.5657185929
vt 0.7149754408 0.5684503711
vt 0.7259999998 0.5549090906
vt 0.7296312848 0.5658911373
vt 0.7254691758 0.565718593
vt 0.7259999998 0.5549090906
vt 0.7299858677 0.5658896845
vt 0.7296312848 0.5658911373
vt 0.7259999998 0.5549090906
vt 0.731098018 0.5658218742
vt 0.7299858677 0.5658896845
vt 0.7259999998 0.5549090906
vt 0.731859758 0.5657700308
vt 0.731098018 0.5658218742
vt 0.7389999996 0.5558787895
vt 0.7380911559 0.5651324843
vt 0.7318597579 0.5657700307
vt 0.7259999998 0.5549090906
vt 0.7389999996 0.5558787896
vt 0.731859758 0.5657700308
vt 0.1169999977 0.4637575741
vt 0.1119710986 0.4614197135
vt 0.1172180682 0.4601627524
vt 0.1169999974 0.4637575742
vt 0.1256254283 0.4572461012
vt 0.1286797538 0.4563711676
vt 0.1169999974 0.4637575742
vt 0.1172180683 0.4601627524
vt 0.1221946631 0.4583394564
vt 0.1169999974 0.4637575742
vt 0.1221946631 0.4583394564
vt 0.1256254283 0.4572461012
vt 0.1169999973 0.4637575743
vt 0.1286797538 0.4563711678
vt 0.139 0.4656969699
vt 0.139 0.4656969699
vt 0.1374876888 0.4537291024
vt 0.1378357897 0.4536290513
vt 0.139 0.4656969699
vt 0.1378357897 0.4536290513
vt 0.137946347 0.4536007987
vt 0.139 0.4656969699
vt 0.1286797538 0.4563711678
vt 0.1374876888 0.4537291024
vt 0.139 0.4656969699
vt 0.137946347 0.4536007987
vt 0.1397572152 0.4532143624
vt 0.139 0.4656969699
vt 0.1397572151 0.4532143623
vt 0.1502107724 0.4510953668
vt 0.1679611438 0.4486932059
vt 0.1695688542 0.4485100097
vt 0.1752951499 0.4481066705
vt 0.1640000004 0.4511515155
vt 0.1639999996 0.4491280408
vt 0.1679611438 0.4486932059
vt 0.1889999998 0.4530909087
vt 0.1679611438 0.4486932059
vt 0.1752951499 0.4481066705
vt 0.1889999998 0.4530909087
vt 0.1855272709 0.4477816163
vt 0.1889999999 0.4478038116
vt 0.1889999998 0.4530909087
vt 0.1752951499 0.4481066705
vt 0.1855272709 0.4477816163
vt 0.1890000001 0.4530909087
vt 0.1889999997 0.4478038116
vt 0.1905563667 0.4476543111
vt 0.1890000001 0.4530909087
vt 0.1905563667 0.4476543111
vt 0.1977070448 0.4472456202
vt 0.1890000001 0.4530909087
vt 0.1977070448 0.4472456202
vt 0.2016801419 0.4471459437
vt 0.1890000001 0.4530909087
vt 0.2016801419 0.4471459437
vt 0.214 0.4540606053
vt 0.214 0.4540606053
vt 0.2016801419 0.4471459437
vt 0.2070760932 0.4472609191
vt 0.214 0.4540606053
vt 0.2070760932 0.4472609191
vt 0.2143431326 0.4477386469
vt 0.1640000004 0.4511515155
vt 0.1545061566 0.4503843366
vt 0.1626066949 0.4492736492
vt 0.1640000004 0.4511515155
vt 0.1626066949 0.4492736492
vt 0.1639999995 0.4491280408
vt 0.139 0.4656969699
vt 0.1538843311 0.4504653453
vt 0.1545061566 0.4503843366
vt 0.139 0.4656969699
vt 0.1502107724 0.4510953668
vt 0.1538843311 0.4504653453
vt 0.1640000004 0.4511515155
vt 0.139 0.4656969699
vt 0.1545061566 0.4503843366
vt 0.1640000004 0.4511515155
vt 0.1679611438 0.4486932059
vt 0.1889999998 0.4530909087
vt 0.1640000003 0.4511515155
vt 0.1889999998 0.4530909088
vt 0.1629999992 0.4686060612
vt 0.1640000004 0.4511515155
vt 0.1629999991 0.4686060612
vt 0.139 0.4656969699
vt 0.1890000001 0.4530909088
vt 0.214 0.4540606056
vt 0.1879999995 0.4705454534
vt 0.1629999992 0.4686060612
vt 0.1889999998 0.4530909088
vt 0.1879999993 0.4705454534
vt 0.1879999995 0.4705454534
vt 0.2139999999 0.4540606055
vt 0.2130000002 0.4715151507
vt 0.06599999835 0.47539394
vt 0.06616171413 0.4728848542
vt 0.069146802 0.4721390658
vt 0.08000000087 0.4763636358
vt 0.06914680186 0.4721390657
vt 0.07211333925 0.4716769533
vt 0.08000000232 0.4763636358
vt 0.08496818821 0.469342567
vt 0.08585402579 0.4691128292
vt 0.08000000232 0.4763636358
vt 0.08585402579 0.4691128292
vt 0.08942330471 0.4682411895
vt 0.08000000087 0.4763636358
vt 0.07211333925 0.4716769533
vt 0.0803278623 0.4709589431
vt 0.08000000232 0.4763636358
vt 0.08032786484 0.470958943
vt 0.08410865921 0.4696184738
vt 0.08000000232 0.4763636358
vt 0.08410865921 0.4696184738
vt 0.08496818821 0.469342567
vt 0.05300000097 0.475393941
vt 0.0530000008 0.4737294993
vt 0.05867906001 0.4731719239
vt 0.05300000097 0.475393941
vt 0.05867906001 0.4731719239
vt 0.0659999999 0.4753939397
vt 0.0659999999 0.4753939397
vt 0.05867906001 0.4731719239
vt 0.06404719343 0.4729378975
vt 0.0659999999 0.4753939397
vt 0.06404719343 0.4729378975
vt 0.06406313652 0.4729378709
vt 0.06599999929 0.47539394
vt 0.06406313577 0.4729378713
vt 0.06616171614 0.4728848541
vt 0.05300000091 0.4753939408
vt 0.06599999988 0.4753939399
vt 0.06500000133 0.4918787876
vt 0.05300000023 0.4753939412
vt 0.06500000096 0.491878788
vt 0.05200000027 0.4909090889
vt 0.0659999987 0.4753939398
vt 0.07151504404 0.4837990272
vt 0.06500000215 0.4918787878
vt 0.06599999866 0.4753939403
vt 0.06914680186 0.4721390657
vt 0.08000000087 0.4763636358
vt 0.0659999987 0.4753939398
vt 0.08000000084 0.4763636363
vt 0.0726677347 0.4839477217
vt 0.0659999987 0.4753939398
vt 0.0726677347 0.4839477217
vt 0.07151504404 0.4837990272
vt 0.08000000232 0.4763636362
vt 0.09700000123 0.4773333339
vt 0.08083986501 0.484235262
vt 0.07266773437 0.4839477209
vt 0.08000000063 0.4763636361
vt 0.07949836061 0.4841466474
vt 0.08000000232 0.4763636362
vt 0.08083986501 0.484235262
vt 0.07949836101 0.4841466474
vt 0.0546875 0.02272727273
vt 0.0546875 0.02272727273
vt 0.0546875 0.02272727273
vt 0.0546875 0.02272727273
vt 0.0546875 0.02272727273
vt 0.0546875 0.02272727273
vt 0.0546875 0.02272727273
vt 0.0546875 0.02272727273
vt 0.0546875 0.02272727273
vt 0.07151504404 0.4837990272
vt 0.07145418693 0.4852029448
vt 0.06500000215 0.4918787878
vt 0.0546875 0.02272727273
vt 0.0546875 0.02272727273
vt 0.0546875 0.02272727273
vt 0.06500000205 0.4918787875
vt 0.07145418669 0.4852029443
vt 0.07112145666 0.4918787882
vt 0.0546875 0.02272727273
vt 0.0546875 0.02272727273
vt 0.0546875 0.02272727273
vt 0.0546875 0.02272727273
vt 0.0546875 0.02272727273
vt 0.0546875 0.02272727273
vt 0.08083986501 0.484235262
vt 0.09700000123 0.4773333339
vt 0.08005366907 0.4910273359
vt 0.0546875 0.02272727273
vt 0.0546875 0.02272727273
vt 0.0546875 0.02272727273
vt 0.1160000016 0.4802424246
vt 0.1015591028 0.4646832066
vt 0.1056667168 0.4632731697
vt 0.1160000016 0.4802424246
vt 0.1056667168 0.4632731697
vt 0.108445507 0.4624477976
vt 0.08000000235 0.4763636358
vt 0.08942330472 0.4682411895
vt 0.09700000123 0.4773333338
vt 0.09700000123 0.4773333338
vt 0.08942330472 0.4682411895
vt 0.09767603483 0.4661890562
vt 0.1160000016 0.4802424246
vt 0.09822284366 0.4659497307
vt 0.1015591028 0.4646832065
vt 0.1160000016 0.4802424246
vt 0.09767603528 0.4661890564
vt 0.09822284366 0.4659497307
vt 0.09700000148 0.4773333339
vt 0.09767603528 0.4661890564
vt 0.1160000016 0.4802424246
vt 0.1169999977 0.4637575741
vt 0.1084455069 0.4624477976
vt 0.1119710986 0.4614197135
vt 0.1169999976 0.4637575741
vt 0.1160000016 0.4802424246
vt 0.108445507 0.4624477976
vt 0.1169999973 0.4637575743
vt 0.139 0.4656969699
vt 0.116000002 0.4802424245
vt 0.116000002 0.4802424246
vt 0.139 0.4656969699
vt 0.1379999998 0.4831515142
vt 0.09700000145 0.4773333339
vt 0.1160000016 0.4802424248
vt 0.09499999829 0.4938181811
vt 0.08005366916 0.4910273358
vt 0.09700000116 0.4773333339
vt 0.09499999864 0.4938181811
vt 0.1160000016 0.4802424247
vt 0.1149999998 0.4967272735
vt 0.09499999818 0.4938181811
vt 0.116000002 0.4802424246
vt 0.1379999998 0.4831515143
vt 0.1150000001 0.4967272735
vt 0.1150000002 0.4967272735
vt 0.1379999999 0.4831515144
vt 0.1369999983 0.4996363657
vt 0.139 0.4656969699
vt 0.1629999991 0.4686060612
vt 0.138 0.4831515142
vt 0.138 0.4831515143
vt 0.1629999991 0.4686060612
vt 0.1620000014 0.4860606033
vt 0.1629999992 0.4686060612
vt 0.1879999993 0.4705454533
vt 0.1620000014 0.4860606033
vt 0.1620000013 0.4860606034
vt 0.1879999993 0.4705454534
vt 0.1869999997 0.4879999995
vt 0.1879999995 0.4705454534
vt 0.2130000002 0.4715151508
vt 0.1869999997 0.4879999995
vt 0.1869999997 0.4879999995
vt 0.2130000002 0.4715151508
vt 0.212 0.4889696989
vt 0.1379999999 0.4831515144
vt 0.1620000014 0.4860606034
vt 0.1369999982 0.4996363657
vt 0.1620000014 0.4860606034
vt 0.160999999 0.5025454569
vt 0.1369999983 0.4996363657
vt 0.1620000014 0.4860606034
vt 0.1869999997 0.4879999995
vt 0.1609999991 0.5025454569
vt 0.1869999997 0.4879999995
vt 0.2119999999 0.4889696989
vt 0.1849999998 0.5044848505
vt 0.2140000003 0.4540606053
vt 0.2143431326 0.4477386469
vt 0.2173576847 0.447788547
vt 0.2140000003 0.4540606053
vt 0.2173576847 0.447788547
vt 0.2223950307 0.4481116793
vt 0.2140000003 0.4540606054
vt 0.2223950307 0.4481116794
vt 0.2237303539 0.4481928428
vt 0.2140000003 0.4540606054
vt 0.232431985 0.4490912553
vt 0.2390000013 0.4540606059
vt 0.2140000003 0.4540606054
vt 0.2237303539 0.4481928428
vt 0.232431985 0.4490912553
vt 0.2390000015 0.454060606
vt 0.2407308642 0.4503252306
vt 0.243545005 0.4508399047
vt 0.2390000015 0.4540606059
vt 0.243545005 0.4508399046
vt 0.2474764664 0.4513875005
vt 0.2390000013 0.4540606059
vt 0.232431985 0.4490912553
vt 0.2392146089 0.4501066082
vt 0.2390000015 0.454060606
vt 0.239214609 0.4501066082
vt 0.2407308642 0.4503252306
vt 0.2580518029 0.453321627
vt 0.2474764664 0.4513875005
vt 0.2570602863 0.4531015912
vt 0.2390000015 0.4540606059
vt 0.2474764664 0.4513875005
vt 0.2580518029 0.453321627
vt 0.2140000003 0.4540606056
vt 0.2390000013 0.4540606061
vt 0.2130000004 0.4715151508
vt 0.2390000015 0.454060606
vt 0.2580518029 0.4533216268
vt 0.2380000011 0.4715151526
vt 0.2390000013 0.454060606
vt 0.2380000009 0.4715151526
vt 0.2130000004 0.4715151507
vt 0.2630000001 0.471515152
vt 0.2622817383 0.4543085124
vt 0.2639075266 0.4547946144
vt 0.2630000001 0.471515152
vt 0.2639075266 0.4547946144
vt 0.2707771524 0.4567705038
vt 0.2630000001 0.471515152
vt 0.2707771524 0.4567705038
vt 0.2720733985 0.4571596188
vt 0.2630000001 0.471515152
vt 0.2720733985 0.4571596188
vt 0.2724209277 0.4572759236
vt 0.2630000001 0.471515152
vt 0.2724209277 0.4572759236
vt 0.2779820822 0.4594084194
vt 0.2630000001 0.471515152
vt 0.2779820822 0.4594084194
vt 0.2839457107 0.4613324298
vt 0.2380000011 0.4715151526
vt 0.2580518029 0.4533216268
vt 0.2600357552 0.4537506676
vt 0.2380000011 0.4715151526
vt 0.2600357552 0.4537506676
vt 0.2622817383 0.4543085124
vt 0.2630000001 0.471515152
vt 0.2839457107 0.4613324298
vt 0.2859999997 0.4695757579
vt 0.2380000011 0.4715151527
vt 0.2622817383 0.4543085124
vt 0.2630000001 0.471515152
vt 0.3017591855 0.4681865181
vt 0.2923749126 0.4644243104
vt 0.2959347997 0.4657761049
vt 0.3017591855 0.4681865181
vt 0.3019528217 0.4682720309
vt 0.3052957617 0.4699308665
vt 0.3076324219 0.4710225216
vt 0.308505944 0.4713747393
vt 0.3170641742 0.4753317053
vt 0.2859999997 0.4695757579
vt 0.2839457107 0.4613324298
vt 0.2864216718 0.4622156671
vt 0.2923749125 0.4644243104
vt 0.2864216716 0.4622156671
vt 0.286866344 0.4623627705
vt 0.2859999996 0.4695757579
vt 0.2864216716 0.4622156671
vt 0.2923749125 0.4644243104
vt 0.2859999996 0.4695757579
vt 0.2923749126 0.4644243104
vt 0.3017591855 0.4681865181
vt 0.3550616456 0.4927056492
vt 0.3451803532 0.4885484738
vt 0.3466273632 0.4890678996
vt 0.3250000027 0.4850909079
vt 0.3343485934 0.4835968023
vt 0.3350955723 0.4839391854
vt 0.3250000027 0.4850909079
vt 0.3322203673 0.4827572575
vt 0.3343485934 0.4835968023
vt 0.3350955723 0.4839391853
vt 0.3355969444 0.4841738289
vt 0.3415976046 0.4872486773
vt 0.3669999998 0.5035151498
vt 0.3613898095 0.4931293465
vt 0.3674544236 0.4938208029
vt 0.3539999998 0.5035151519
vt 0.3606440196 0.4930210798
vt 0.3613898096 0.4931293464
vt 0.3539999998 0.5035151519
vt 0.3595539996 0.4928708621
vt 0.3606440196 0.4930210798
vt 0.3539999998 0.5035151519
vt 0.3592035122 0.4928430621
vt 0.3595539996 0.4928708621
vt 0.3539999998 0.5035151519
vt 0.3550616471 0.4927056494
vt 0.3592035122 0.4928430621
vt 0.3539999988 0.5035151517
vt 0.3451803532 0.4885484738
vt 0.3550616456 0.4927056492
vt 0.3669999999 0.5035151498
vt 0.3539999998 0.5035151519
vt 0.3613898096 0.4931293464
vt 0.3400000002 0.5035151542
vt 0.3415976032 0.4872486774
vt 0.3451803532 0.4885484737
vt 0.3400000003 0.5035151542
vt 0.3350955723 0.4839391853
vt 0.3415976046 0.4872486773
vt 0.3400000003 0.5035151542
vt 0.3250000027 0.4850909079
vt 0.3350955723 0.4839391853
vt 0.3539999988 0.5035151518
vt 0.3400000002 0.5035151542
vt 0.3451803532 0.4885484737
vt 0.2130000004 0.4715151508
vt 0.2380000009 0.4715151528
vt 0.2120000002 0.4889696989
vt 0.2120000002 0.4889696988
vt 0.2380000008 0.4715151527
vt 0.2369999986 0.4889696975
vt 0.2630000001 0.471515152
vt 0.2859999997 0.4695757579
vt 0.261000002 0.4889696967
vt 0.2380000011 0.4715151527
vt 0.2630000001 0.471515152
vt 0.2369999984 0.4889696975
vt 0.261000002 0.4889696967
vt 0.2859999997 0.4695757579
vt 0.2839999978 0.4880000004
vt 0.2369999985 0.4889696976
vt 0.2630000001 0.471515152
vt 0.2610000019 0.4889696968
vt 0.2120000002 0.4889696988
vt 0.2369999986 0.4889696975
vt 0.2109999998 0.5054545466
vt 0.2369999987 0.4889696975
vt 0.2350000004 0.5064242438
vt 0.2109999997 0.5054545467
vt 0.261000002 0.4889696967
vt 0.2839999978 0.4880000004
vt 0.2600000012 0.5054545441
vt 0.2600000012 0.5054545441
vt 0.2839999978 0.4880000003
vt 0.2830000018 0.5054545449
vt 0.2369999985 0.4889696975
vt 0.2610000019 0.4889696968
vt 0.2350000003 0.5064242438
vt 0.261000002 0.4889696967
vt 0.2600000012 0.5054545441
vt 0.2350000005 0.5064242438
vt 0.2839999979 0.4880000004
vt 0.3017591855 0.4681865181
vt 0.3052957617 0.4699308665
vt 0.3060000018 0.4860606064
vt 0.3052957616 0.4699308666
vt 0.3076324221 0.4710225217
vt 0.3060000015 0.4860606064
vt 0.3076324219 0.4710225216
vt 0.3170641742 0.4753317053
vt 0.3060000018 0.4860606064
vt 0.2839999979 0.4880000004
vt 0.3052957616 0.4699308666
vt 0.3060000015 0.4860606065
vt 0.3213609543 0.4776586081
vt 0.3255057016 0.480187151
vt 0.3060000015 0.4860606065
vt 0.3170641741 0.4753317052
vt 0.3174545583 0.4755250675
vt 0.3060000015 0.4860606065
vt 0.3174545583 0.4755250675
vt 0.3213609543 0.4776586081
vt 0.3250000027 0.4850909079
vt 0.3255057015 0.4801871509
vt 0.3322203673 0.4827572575
vt 0.3060000015 0.4860606065
vt 0.3255057016 0.480187151
vt 0.3250000031 0.4850909082
vt 0.2859999996 0.4695757579
vt 0.3017591855 0.4681865181
vt 0.2839999979 0.4880000004
vt 0.3060000015 0.4860606065
vt 0.3250000031 0.4850909082
vt 0.3039999991 0.5044848491
vt 0.3400000003 0.5035151541
vt 0.322999999 0.5035151501
vt 0.3250000027 0.4850909081
vt 0.325000003 0.4850909081
vt 0.3229999992 0.5035151502
vt 0.3039999991 0.5044848492
vt 0.3060000018 0.4860606064
vt 0.2830000016 0.5054545448
vt 0.2839999979 0.4880000004
vt 0.3060000017 0.4860606064
vt 0.3039999988 0.5044848491
vt 0.2830000015 0.5054545447
vt 0.4870000002 0.5393939386
vt 0.4869999982 0.5229090939
vt 0.5089999985 0.5374545433
vt 0.4869999981 0.5229090938
vt 0.5100000021 0.5219393968
vt 0.5089999985 0.5374545434
vt 0.4869999998 0.5393939385
vt 0.4669999981 0.540363637
vt 0.4670000013 0.5238787887
vt 0.4869999998 0.5393939386
vt 0.4670000013 0.5238787887
vt 0.4869999988 0.5229090939
vt 0.4669999985 0.540363637
vt 0.4500000005 0.5248484846
vt 0.4670000006 0.5238787887
vt 0.4869999983 0.5229090939
vt 0.4870000007 0.5064242397
vt 0.5060344654 0.5092664702
vt 0.5100000023 0.5219393969
vt 0.5126805026 0.5117406955
vt 0.5212932626 0.5144474689
vt 0.4869999983 0.5229090938
vt 0.510000003 0.5107758134
vt 0.5100000023 0.5219393969
vt 0.5100000023 0.5219393969
vt 0.510000003 0.5107758134
vt 0.5126805026 0.5117406955
vt 0.0546875 0.02272727273
vt 0.0546875 0.02272727273
vt 0.0546875 0.02272727273
vt 0.4869999983 0.5229090938
vt 0.5097737329 0.5106967201
vt 0.510000003 0.5107758134
vt 0.4869999983 0.5229090938
vt 0.5060344654 0.5092664702
vt 0.5097737329 0.5106967201
vt 0.0546875 0.02272727273
vt 0.0546875 0.02272727273
vt 0.0546875 0.02272727273
vt 0.4650000032 0.5064242406
vt 0.4670000006 0.5238787887
vt 0.4500000005 0.5248484847
vt 0.4650000036 0.5064242405
vt 0.4870000006 0.5064242397
vt 0.486999999 0.5229090939
vt 0.4650000037 0.5064242405
vt 0.4869999989 0.522909094
vt 0.4670000013 0.5238787886
vt 0.0546875 0.02272727273
vt 0.0546875 0.02272727273
vt 0.0546875 0.02272727273
vt 0.0546875 0.02272727273
vt 0.0546875 0.02272727273
vt 0.0546875 0.02272727273
vt 0.5329999994 0.5374545429
vt 0.5340000009 0.5219393964
vt 0.5579999997 0.5374545433
vt 0.5329999993 0.537454543
vt 0.5089999985 0.5374545433
vt 0.5100000021 0.5219393969
vt 0.5569999996 0.5539393944
vt 0.5329999994 0.5374545431
vt 0.5579999997 0.5374545434
vt 0.558 0.5374545435
vt 0.5829999999 0.5384242413
vt 0.5830000001 0.5549090891
vt 0.558 0.5374545435
vt 0.5826034218 0.5231398248
vt 0.5829999999 0.5384242412
vt 0.0546875 0.02272727273
vt 0.0546875 0.02272727273
vt 0.0546875 0.02272727273
vt 0.0546875 0.02272727273
vt 0.0546875 0.02272727273
vt 0.0546875 0.02272727273
vt 0.0546875 0.02272727273
vt 0.0546875 0.02272727273
vt 0.0546875 0.02272727273
vt 0.5329999993 0.5374545429
vt 0.5100000021 0.521939397
vt 0.5340000009 0.5219393964
vt 0.5340000011 0.5219393963
vt 0.5426238667 0.5193597114
vt 0.5579999994 0.5219393927
vt 0.5275751695 0.5162094108
vt 0.5340000011 0.5219393964
vt 0.5100000023 0.5219393969
vt 0.0546875 0.02272727273
vt 0.0546875 0.02272727273
vt 0.0546875 0.02272727273
vt 0.5275751695 0.5162094108
vt 0.5329593702 0.5174905338
vt 0.5340000011 0.5219393964
vt 0.5442971621 0.51961143
vt 0.5579999994 0.5219393927
vt 0.5426238667 0.5193597114
vt 0.5340000011 0.5219393963
vt 0.5340000005 0.5177047946
vt 0.5426238667 0.5193597114
vt 0.5340000011 0.5219393964
vt 0.5329593702 0.5174905338
vt 0.5340000006 0.5177047946
vt 0.0546875 0.02272727273
vt 0.0546875 0.02272727273
vt 0.0546875 0.02272727273
vt 0.0546875 0.02272727273
vt 0.0546875 0.02272727273
vt 0.0546875 0.02272727273
vt 0.5275751695 0.5162094108
vt 0.5100000023 0.5219393969
vt 0.5220224754 0.5146530471
vt 0.5100000023 0.5219393969
vt 0.5212932626 0.5144474689
vt 0.5220224754 0.5146530471
vt 0.0546875 0.02272727273
vt 0.0546875 0.02272727273
vt 0.0546875 0.02272727273
vt 0.0546875 0.02272727273
vt 0.0546875 0.02272727273
vt 0.0546875 0.02272727273
vt 0.0546875 0.02272727273
vt 0.0546875 0.02272727273
vt 0.0546875 0.02272727273
vt 0.0546875 0.02272727273
vt 0.0546875 0.02272727273
vt 0.0546875 0.02272727273
vt 0.0546875 0.02272727273
vt 0.0546875 0.02272727273
vt 0.0546875 0.02272727273
vt 0.0546875 0.02272727273
vt 0.0546875 0.02272727273
vt 0.0546875 0.02272727273
vt 0.534000001 0.5219393963
vt 0.5579999994 0.5219393927
vt 0.5579999995 0.5374545434
vt 0.558 0.5374545434
vt 0.5579999994 0.5219393927
vt 0.5690975592 0.5223698425
vt 0.5442971621 0.51961143
vt 0.5534917898 0.5206214615
vt 0.5579999994 0.5219393927
vt 0.5579999994 0.5219393927
vt 0.5562985925 0.5209082381
vt 0.5578599908 0.5210826391
vt 0.5534917898 0.5206214615
vt 0.5562985925 0.5209082381
vt 0.5579999994 0.5219393927
vt 0.0546875 0.02272727273
vt 0.0546875 0.02272727273
vt 0.0546875 0.02272727273
vt 0.0546875 0.02272727273
vt 0.0546875 0.02272727273
vt 0.0546875 0.02272727273
vt 0.5579999995 0.5219393927
vt 0.5580621291 0.5210959414
vt 0.5586473851 0.5211866489
vt 0.5579999994 0.5219393927
vt 0.5578599908 0.5210826391
vt 0.5580621292 0.5210959414
vt 0.0546875 0.02272727273
vt 0.0546875 0.02272727273
vt 0.0546875 0.02272727273
vt 0.0546875 0.02272727273
vt 0.0546875 0.02272727273
vt 0.0546875 0.02272727273
vt 0.5579999995 0.5219393927
vt 0.5586473851 0.5211866489
vt 0.5690975594 0.5223698425
vt 0.0546875 0.02272727273
vt 0.0546875 0.02272727273
vt 0.0546875 0.02272727273
vt 0.0546875 0.02272727273
vt 0.0546875 0.02272727273
vt 0.0546875 0.02272727273
vt 0.0546875 0.02272727273
vt 0.0546875 0.02272727273
vt 0.0546875 0.02272727273
vt 0.0546875 0.02272727273
vt 0.0546875 0.02272727273
vt 0.0546875 0.02272727273
vt 0.558 0.5374545434
vt 0.5731206286 0.5228386921
vt 0.5735934974 0.52287345
vt 0.558 0.5374545434
vt 0.5690975592 0.5223698425
vt 0.5731206286 0.5228386921
vt 0.558 0.5374545434
vt 0.5735934974 0.52287345
vt 0.5826034218 0.5231398248
vt 0.0546875 0.02272727273
vt 0.0546875 0.02272727273
vt 0.0546875 0.02272727273
vt 0.0546875 0.02272727273
vt 0.0546875 0.02272727273
vt 0.0546875 0.02272727273
vt 0.0546875 0.02272727273
vt 0.0546875 0.02272727273
vt 0.0546875 0.02272727273
vt 0.0546875 0.02272727273
vt 0.0546875 0.02272727273
vt 0.0546875 0.02272727273
vt 0.0546875 0.02272727273
vt 0.0546875 0.02272727273
vt 0.0546875 0.02272727273
vt 0.0546875 0.02272727273
vt 0.0546875 0.02272727273
vt 0.0546875 0.02272727273
vt 0.0546875 0.02272727273
vt 0.0546875 0.02272727273
vt 0.0546875 0.02272727273
vt 0.0546875 0.02272727273
vt 0.0546875 0.02272727273
vt 0.0546875 0.02272727273
vt 0.0546875 0.02272727273
vt 0.0546875 0.02272727273
vt 0.0546875 0.02272727273
vt 0.0546875 0.02272727273
vt 0.0546875 0.02272727273
vt 0.0546875 0.02272727273
vt 0.0546875 0.02272727273
vt 0.0546875 0.02272727273
vt 0.0546875 0.02272727273
vt 0.0546875 0.02272727273
vt 0.0546875 0.02272727273
vt 0.0546875 0.02272727273
vt 0.0546875 0.02272727273
vt 0.0546875 0.02272727273
vt 0.0546875 0.02272727273
vt 0.0546875 0.02272727273
vt 0.0546875 0.02272727273
vt 0.0546875 0.02272727273
vt 0.0546875 0.02272727273
vt 0.0546875 0.02272727273
vt 0.0546875 0.02272727273
vt 0.0546875 0.02272727273
vt 0.0546875 0.02272727273
vt 0.0546875 0.02272727273
vt 0.0546875 0.02272727273
vt 0.0546875 0.02272727273
vt 0.0546875 0.02272727273
vt 0.0546875 0.02272727273
vt 0.0546875 0.02272727273
vt 0.0546875 0.02272727273
vt 0.0546875 0.02272727273
vt 0.0546875 0.02272727273
vt 0.0546875 0.02272727273
vt 0.0546875 0.02272727273
vt 0.0546875 0.02272727273
vt 0.0546875 0.02272727273
vt 0.0546875 0.02272727273
vt 0.0546875 0.02272727273
vt 0.0546875 0.02272727273
vt 0.0546875 0.02272727273
vt 0.0546875 0.02272727273
vt 0.0546875 0.02272727273
vt 0.4669999986 0.5403636369
vt 0.4519365945 0.5413286151
vt 0.4518848017 0.5403636339
vt 0.4669999986 0.540363637
vt 0.4518848017 0.540363634
vt 0.4500000005 0.5248484846
vt 0.0546875 0.02272727273
vt 0.0546875 0.02272727273
vt 0.0546875 0.02272727273
vt 0.0546875 0.02272727273
vt 0.0546875 0.02272727273
vt 0.0546875 0.02272727273
vt 0.4431214567 0.5398179363
vt 0.437000002 0.5393939398
vt 0.4434864885 0.5320369732
vt 0.0546875 0.02272727273
vt 0.0546875 0.02272727273
vt 0.0546875 0.02272727273
vt 0.4518848017 0.540363634
vt 0.450076918 0.5260418721
vt 0.4500000005 0.5248484846
vt 0.0546875 0.02272727273
vt 0.0546875 0.02272727273
vt 0.0546875 0.02272727273
vt 0.0546875 0.02272727273
vt 0.0546875 0.02272727273
vt 0.0546875 0.02272727273
vt 0.0546875 0.02272727273
vt 0.0546875 0.02272727273
vt 0.0546875 0.02272727273
vt 0.0546875 0.02272727273
vt 0.0546875 0.02272727273
vt 0.0546875 0.02272727273
vt 0.4434864885 0.5320369732
vt 0.4370000002 0.5248484827
vt 0.4436666687 0.5248484863
vt 0.0546875 0.02272727273
vt 0.0546875 0.02272727273
vt 0.0546875 0.02272727273
vt 0.4370000009 0.5393939398
vt 0.424 0.5384242447
vt 0.437 0.5248484828
vt 0.4434864885 0.5320369732
vt 0.437000002 0.5393939398
vt 0.4370000002 0.5248484828
vt 0.4370000001 0.5248484829
vt 0.424 0.5384242446
vt 0.425 0.5248484842
vt 0.4500769181 0.5260418721
vt 0.4498673551 0.5248484835
vt 0.4500000003 0.5248484846
vt 0.4500000003 0.5248484846
vt 0.4498673552 0.5248484835
vt 0.4497500148 0.5214547377
vt 0.4500000005 0.5248484846
vt 0.449750015 0.5214547377
vt 0.4492412102 0.5111996297
vt 0.4436666686 0.5248484864
vt 0.4370000003 0.5248484828
vt 0.4443846161 0.516494172
vt 0.0546875 0.02272727273
vt 0.0546875 0.02272727273
vt 0.0546875 0.02272727273
vt 0.4650000031 0.5064242405
vt 0.4500000005 0.5248484846
vt 0.4492412102 0.5111996297
vt 0.4443846161 0.516494172
vt 0.4359999982 0.5122424246
vt 0.444443927 0.5116125742
vt 0.0546875 0.02272727273
vt 0.0546875 0.02272727273
vt 0.0546875 0.02272727273
vt 0.0546875 0.02272727273
vt 0.0546875 0.02272727273
vt 0.0546875 0.02272727273
vt 0.0546875 0.02272727273
vt 0.0546875 0.02272727273
vt 0.0546875 0.02272727273
vt 0.0546875 0.02272727273
vt 0.0546875 0.02272727273
vt 0.0546875 0.02272727273
vt 0.0546875 0.02272727273
vt 0.0546875 0.02272727273
vt 0.0546875 0.02272727273
vt 0.0546875 0.02272727273
vt 0.0546875 0.02272727273
vt 0.0546875 0.02272727273
vt 0.4443846161 0.516494172
vt 0.4370000002 0.5248484828
vt 0.4359999982 0.5122424246
vt 0.437 0.5248484828
vt 0.4249999999 0.5248484841
vt 0.4359999995 0.5122424246
vt 0.4359999996 0.5122424246
vt 0.425 0.5248484841
vt 0.4250000002 0.5122424236
vt 0.0546875 0.02272727273
vt 0.0546875 0.02272727273
vt 0.0546875 0.02272727273
vt 0.0546875 0.02272727273
vt 0.0546875 0.02272727273
vt 0.0546875 0.02272727273
vt 0.0546875 0.02272727273
vt 0.0546875 0.02272727273
vt 0.0546875 0.02272727273
vt 0.0546875 0.02272727273
vt 0.0546875 0.02272727273
vt 0.0546875 0.02272727273
vt 0.0546875 0.02272727273
vt 0.0546875 0.02272727273
vt 0.0546875 0.02272727273
vt 0.0546875 0.02272727273
vt 0.0546875 0.02272727273
vt 0.0546875 0.02272727273
vt 0.0546875 0.02272727273
vt 0.0546875 0.02272727273
vt 0.0546875 0.02272727273
vt 0.0546875 0.02272727273
vt 0.0546875 0.02272727273
vt 0.0546875 0.02272727273
vt 0.0546875 0.02272727273
vt 0.0546875 0.02272727273
vt 0.0546875 0.02272727273
vt 0.0546875 0.02272727273
vt 0.0546875 0.02272727273
vt 0.0546875 0.02272727273
vt 0.0546875 0.02272727273
vt 0.0546875 0.02272727273
vt 0.0546875 0.02272727273
vt 0.0546875 0.02272727273
vt 0.0546875 0.02272727273
vt 0.0546875 0.02272727273
vt 0.0546875 0.02272727273
vt 0.0546875 0.02272727273
vt 0.0546875 0.02272727273
vt 0.0546875 0.02272727273
vt 0.0546875 0.02272727273
vt 0.0546875 0.02272727273
vt 0.0546875 0.02272727273
vt 0.0546875 0.02272727273
vt 0.0546875 0.02272727273
vt 0.0546875 0.02272727273
vt 0.0546875 0.02272727273
vt 0.0546875 0.02272727273
vt 0.0546875 0.02272727273
vt 0.0546875 0.02272727273
vt 0.0546875 0.02272727273
vt 0.0546875 0.02272727273
vt 0.0546875 0.02272727273
vt 0.0546875 0.02272727273
vt 0.0546875 0.02272727273
vt 0.0546875 0.02272727273
vt 0.0546875 0.02272727273
vt 0.0546875 0.02272727273
vt 0.0546875 0.02272727273
vt 0.0546875 0.02272727273
vt 0.0546875 0.02272727273
vt 0.0546875 0.02272727273
vt 0.0546875 0.02272727273
vt 0.0546875 0.02272727273
vt 0.0546875 0.02272727273
vt 0.0546875 0.02272727273
vt 0.0546875 0.02272727273
vt 0.0546875 0.02272727273
vt 0.0546875 0.02272727273
vt 0.0546875 0.02272727273
vt 0.0546875 0.02272727273
vt 0.0546875 0.02272727273
vt 0.0546875 0.02272727273
vt 0.0546875 0.02272727273
vt 0.0546875 0.02272727273
vt 0.0546875 0.02272727273
vt 0.0546875 0.02272727273
vt 0.0546875 0.02272727273
vt 0.0546875 0.02272727273
vt 0.0546875 0.02272727273
vt 0.0546875 0.02272727273
vt 0.0546875 0.02272727273
vt 0.0546875 0.02272727273
vt 0.0546875 0.02272727273
vt 0.0546875 0.02272727273
vt 0.0546875 0.02272727273
vt 0.0546875 0.02272727273
vt 0.4984846371 0.506424237
vt 0.5060344654 0.5092664702
vt 0.4870000007 0.5064242397
vt 0.4983947901 0.5063848816
vt 0.4870000009 0.5064242398
vt 0.4924276227 0.503476879
vt 0.4984846375 0.5064242372
vt 0.4870000009 0.5064242398
vt 0.4984837868 0.5064239103
vt 0.4983947901 0.5063848816
vt 0.4984837868 0.5064239103
vt 0.4870000009 0.5064242398
vt 0.0546875 0.02272727273
vt 0.0546875 0.02272727273
vt 0.0546875 0.02272727273
vt 0.0546875 0.02272727273
vt 0.0546875 0.02272727273
vt 0.0546875 0.02272727273
vt 0.0546875 0.02272727273
vt 0.0546875 0.02272727273
vt 0.0546875 0.02272727273
vt 0.0546875 0.02272727273
vt 0.0546875 0.02272727273
vt 0.0546875 0.02272727273
vt 0.0546875 0.02272727273
vt 0.0546875 0.02272727273
vt 0.0546875 0.02272727273
vt 0.0546875 0.02272727273
vt 0.0546875 0.02272727273
vt 0.0546875 0.02272727273
vt 0.0546875 0.02272727273
vt 0.0546875 0.02272727273
vt 0.0546875 0.02272727273
vt 0.4650000037 0.5064242407
vt 0.4772628407 0.4969821526
vt 0.4870000007 0.5064242398
vt 0.4650000037 0.5064242407
vt 0.4721543173 0.4948322329
vt 0.4772628407 0.4969821526
vt 0.4650000034 0.5064242407
vt 0.4540000008 0.4976969645
vt 0.4669823 0.4925133025
vt 0.4650000037 0.5064242407
vt 0.4699023303 0.4937475068
vt 0.4721543173 0.4948322329
vt 0.4650000034 0.5064242407
vt 0.4683286771 0.4931070756
vt 0.4699023305 0.4937475069
vt 0.0546875 0.02272727273
vt 0.0546875 0.02272727273
vt 0.0546875 0.02272727273
vt 0.0546875 0.02272727273
vt 0.0546875 0.02272727273
vt 0.0546875 0.02272727273
vt 0.0546875 0.02272727273
vt 0.0546875 0.02272727273
vt 0.0546875 0.02272727273
vt 0.4650000034 0.5064242407
vt 0.4669823 0.4925133025
vt 0.4683286771 0.4931070756
vt 0.0546875 0.02272727273
vt 0.0546875 0.02272727273
vt 0.0546875 0.02272727273
vt 0.0546875 0.02272727273
vt 0.0546875 0.02272727273
vt 0.0546875 0.02272727273
vt 0.487000001 0.5064242398
vt 0.4884170869 0.5012711912
vt 0.4924276226 0.5034768789
vt 0.0546875 0.02272727273
vt 0.0546875 0.02272727273
vt 0.0546875 0.02272727273
vt 0.0546875 0.02272727273
vt 0.0546875 0.02272727273
vt 0.0546875 0.02272727273
vt 0.0546875 0.02272727273
vt 0.0546875 0.02272727273
vt 0.0546875 0.02272727273
vt 0.0546875 0.02272727273
vt 0.0546875 0.02272727273
vt 0.0546875 0.02272727273
vt 0.0546875 0.02272727273
vt 0.0546875 0.02272727273
vt 0.0546875 0.02272727273
vt 0.4851197035 0.5002377552
vt 0.4884170863 0.5012711911
vt 0.4870000008 0.5064242397
vt 0.0546875 0.02272727273
vt 0.0546875 0.02272727273
vt 0.0546875 0.02272727273
vt 0.4845840851 0.5000479995
vt 0.4870000008 0.5064242397
vt 0.4828339989 0.4993248306
vt 0.4828339989 0.4993248306
vt 0.4870000008 0.5064242397
vt 0.4772628405 0.4969821526
vt 0.4851197035 0.5002377552
vt 0.4870000008 0.5064242397
vt 0.4845840851 0.5000479995
vt 0.0546875 0.02272727273
vt 0.0546875 0.02272727273
vt 0.0546875 0.02272727273
vt 0.0546875 0.02272727273
vt 0.0546875 0.02272727273
vt 0.0546875 0.02272727273
vt 0.0546875 0.02272727273
vt 0.0546875 0.02272727273
vt 0.0546875 0.02272727273
vt 0.0546875 0.02272727273
vt 0.0546875 0.02272727273
vt 0.0546875 0.02272727273
vt 0.0546875 0.02272727273
vt 0.0546875 0.02272727273
vt 0.0546875 0.02272727273
vt 0.3606296355 0.07835689374
vt 0.3620000013 0.07878787721
vt 0.3614444519 0.07914701975
vt 0.0546875 0.02272727273
vt 0.0546875 0.02272727273
vt 0.0546875 0.02272727273
vt 0.8778148177 0.4702940418
vt 0.8780000019 0.4695757561
vt 0.8784545427 0.469428833
vt 0.0546875 0.02272727273
vt 0.0546875 0.02272727273
vt 0.0546875 0.02272727273
vt 0.3592353041 0.07673440364
vt 0.3629999977 0.07490909172
vt 0.3606296355 0.07835689369
vt 0.0546875 0.02272727273
vt 0.0546875 0.02272727273
vt 0.0546875 0.02272727273
vt 0.3592353028 0.07673440208
vt 0.3607543956 0.07382030525
vt 0.3629999969 0.0749090897
vt 0.3607543962 0.07382030492
vt 0.3620612311 0.07198020995
vt 0.3629999971 0.07490908944
vt 0.0546875 0.02272727273
vt 0.0546875 0.02272727273
vt 0.0546875 0.02272727273
vt 0.3606296355 0.07835689374
vt 0.3629999987 0.07490909249
vt 0.3620000013 0.07878787721
vt 0.8784545423 0.4694288334
vt 0.8780000017 0.4695757562
vt 0.8780000018 0.467636363
vt 0.8784545423 0.4694288334
vt 0.8780000018 0.467636363
vt 0.8792499909 0.4680404051
vt 0.3620000016 0.07878787789
vt 0.3665496991 0.07511135395
vt 0.3640000003 0.07781818242
vt 0.0546875 0.02272727273
vt 0.0546875 0.02272727273
vt 0.0546875 0.02272727273
vt 0.362999995 0.07490909054
vt 0.3665497001 0.07511135503
vt 0.362000001 0.07878787721
vt 0.362999995 0.07490909054
vt 0.3659342248 0.07434002552
vt 0.3665497001 0.07511135503
vt 0.8792499914 0.4680404064
vt 0.8780000017 0.4676363624
vt 0.8799999962 0.4647272742
vt 0.8780000024 0.4676363626
vt 0.8760000027 0.4656969763
vt 0.8799999954 0.4647272746
vt 0.3639999991 0.07781818317
vt 0.3674558462 0.07656150984
vt 0.3669999929 0.07781818267
vt 0.3639999982 0.07781818034
vt 0.3666371075 0.07526098168
vt 0.3674558464 0.07656150997
vt 0.3640000003 0.07781818242
vt 0.3665496991 0.07511135395
vt 0.3666371095 0.07526098471
vt 0.3674558462 0.07656150984
vt 0.3676070979 0.07746495991
vt 0.3669999929 0.07781818267
vt 0.0546875 0.02272727273
vt 0.0546875 0.02272727273
vt 0.0546875 0.02272727273
vt 0.0546875 0.02272727273
vt 0.0546875 0.02272727273
vt 0.0546875 0.02272727273
vt 0.4644179846 0.49090909
vt 0.4669823006 0.4925133026
vt 0.4589999973 0.4909090909
vt 0.0546875 0.02272727273
vt 0.0546875 0.02272727273
vt 0.0546875 0.02272727273
vt 0.3620612311 0.07198020995
vt 0.3646373273 0.07173365622
vt 0.3629999971 0.07490908944
vt 0.3620612318 0.07198021061
vt 0.3633136391 0.06941316947
vt 0.3643857721 0.07122884587
vt 0.3620612311 0.07198020995
vt 0.3643857708 0.0712288447
vt 0.3646373273 0.07173365622
vt 0.0546875 0.02272727273
vt 0.0546875 0.02272727273
vt 0.0546875 0.02272727273
vt 0.3629999966 0.07490908978
vt 0.364800779 0.07266309552
vt 0.3649671103 0.07327408952
vt 0.3629999966 0.07490908978
vt 0.3647629119 0.07247256923
vt 0.364800779 0.07266309552
vt 0.0546875 0.02272727273
vt 0.0546875 0.02272727273
vt 0.0546875 0.02272727273
vt 0.3629999966 0.07490908978
vt 0.3646373268 0.07173365679
vt 0.3647629119 0.07247256923
vt 0.3629999926 0.07490908721
vt 0.3649671099 0.07327408936
vt 0.365934224 0.07434002526
vt 0.0546875 0.02272727273
vt 0.0546875 0.02272727273
vt 0.0546875 0.02272727273
vt 0.0546875 0.02272727273
vt 0.0546875 0.02272727273
vt 0.0546875 0.02272727273
vt 0.0546875 0.02272727273
vt 0.0546875 0.02272727273
vt 0.0546875 0.02272727273
vt 0.0546875 0.02272727273
vt 0.0546875 0.02272727273
vt 0.0546875 0.02272727273
vt 0.0546875 0.02272727273
vt 0.0546875 0.02272727273
vt 0.0546875 0.02272727273
vt 0.0546875 0.02272727273
vt 0.0546875 0.02272727273
vt 0.0546875 0.02272727273
vt 0.0546875 0.02272727273
vt 0.0546875 0.02272727273
vt 0.0546875 0.02272727273
vt 0.0546875 0.02272727273
vt 0.0546875 0.02272727273
vt 0.0546875 0.02272727273
vt 0.0546875 0.02272727273
vt 0.0546875 0.02272727273
vt 0.0546875 0.02272727273
vt 0.4650000031 0.5064242406
vt 0.4492412101 0.5111996299
vt 0.4488016583 0.5024973661
vt 0.4650000029 0.5064242409
vt 0.4488016582 0.5024973657
vt 0.4540000004 0.4976969644
vt 0.444443927 0.5116125745
vt 0.4359999981 0.5122424242
vt 0.4443399994 0.5023579755
vt 0.4443399999 0.5023579758
vt 0.4349999979 0.5025454601
vt 0.4443785322 0.5016360183
vt 0.4540000004 0.4976969644
vt 0.4488016582 0.5024973657
vt 0.4494042619 0.49967762
vt 0.4540000004 0.4976969639
vt 0.449404262 0.4996776197
vt 0.4496030581 0.4959204227
vt 0.4540000008 0.497696966
vt 0.4496030583 0.4959204245
vt 0.4508421096 0.4946347689
vt 0.4540000013 0.4976969647
vt 0.4508421101 0.4946347678
vt 0.4513140546 0.4923997056
vt 0.0546875 0.02272727273
vt 0.0546875 0.02272727273
vt 0.0546875 0.02272727273
vt 0.0546875 0.02272727273
vt 0.0546875 0.02272727273
vt 0.0546875 0.02272727273
vt 0.0546875 0.02272727273
vt 0.0546875 0.02272727273
vt 0.0546875 0.02272727273
vt 0.4443785321 0.5016360181
vt 0.4349999981 0.5025454605
vt 0.4443919609 0.5011469423
vt 0.0546875 0.02272727273
vt 0.0546875 0.02272727273
vt 0.0546875 0.02272727273
vt 0.0546875 0.02272727273
vt 0.0546875 0.02272727273
vt 0.0546875 0.02272727273
vt 0.0546875 0.02272727273
vt 0.0546875 0.02272727273
vt 0.0546875 0.02272727273
vt 0.4443919602 0.5011469423
vt 0.4420000006 0.4928484874
vt 0.4442500007 0.4993939357
vt 0.0546875 0.02272727273
vt 0.0546875 0.02272727273
vt 0.0546875 0.02272727273
vt 0.0546875 0.02272727273
vt 0.0546875 0.02272727273
vt 0.0546875 0.02272727273
vt 0.4442500026 0.4993939349
vt 0.4420000015 0.492848487
vt 0.4441639335 0.4937228019
vt 0.0546875 0.02272727273
vt 0.0546875 0.02272727273
vt 0.0546875 0.02272727273
vt 0.0546875 0.02272727273
vt 0.0546875 0.02272727273
vt 0.0546875 0.02272727273
vt 0.0546875 0.02272727273
vt 0.0546875 0.02272727273
vt 0.0546875 0.02272727273
vt 0.0546875 0.02272727273
vt 0.0546875 0.02272727273
vt 0.0546875 0.02272727273
vt 0.0546875 0.02272727273
vt 0.0546875 0.02272727273
vt 0.0546875 0.02272727273
vt 0.0546875 0.02272727273
vt 0.0546875 0.02272727273
vt 0.0546875 0.02272727273
vt 0.4443399999 0.5023579758
vt 0.4359999987 0.5122424245
vt 0.4349999979 0.5025454601
vt 0.4359999996 0.5122424244
vt 0.4250000003 0.5122424239
vt 0.4349999993 0.50254546
vt 0.4349999998 0.5025454602
vt 0.425 0.5122424237
vt 0.425 0.5025454508
vt 0.4443919609 0.5011469423
vt 0.4349999981 0.5025454605
vt 0.4339999982 0.4938181814
vt 0.4443919602 0.5011469423
vt 0.4339999991 0.4938181798
vt 0.4420000006 0.4928484874
vt 0.0546875 0.02272727273
vt 0.0546875 0.02272727273
vt 0.0546875 0.02272727273
vt 0.0546875 0.02272727273
vt 0.0546875 0.02272727273
vt 0.0546875 0.02272727273
vt 0.4349999996 0.5025454603
vt 0.4250000001 0.5025454504
vt 0.4339999998 0.4938181812
vt 0.4339999992 0.4938181805
vt 0.4249999994 0.5025454494
vt 0.4249999999 0.4928484841
vt 0.0546875 0.02272727273
vt 0.0546875 0.02272727273
vt 0.0546875 0.02272727273
vt 0.0546875 0.02272727273
vt 0.0546875 0.02272727273
vt 0.0546875 0.02272727273
vt 0.0546875 0.02272727273
vt 0.0546875 0.02272727273
vt 0.0546875 0.02272727273
vt 0.4669823006 0.4925133026
vt 0.4540000016 0.4976969647
vt 0.4589999973 0.4909090909
vt 0.4540000013 0.4976969647
vt 0.4513140546 0.4923997056
vt 0.4589999974 0.4909090912
vt 0.4589999973 0.490909091
vt 0.4513140559 0.4923997057
vt 0.4518461606 0.4878259536
vt 0.0546875 0.02272727273
vt 0.0546875 0.02272727273
vt 0.0546875 0.02272727273
vt 0.4610628738 0.488908726
vt 0.4589999966 0.4909090907
vt 0.461023723 0.4888505831
vt 0.4597285185 0.4867948228
vt 0.4589999966 0.4909090907
vt 0.4589999942 0.4870303072
vt 0.4597285185 0.4867948228
vt 0.461023723 0.4888505831
vt 0.4589999966 0.4909090907
vt 0.0546875 0.02272727273
vt 0.0546875 0.02272727273
vt 0.0546875 0.02272727273
vt 0.4540531976 0.4851528139
vt 0.4589999976 0.4870303062
vt 0.4589999976 0.4909090901
vt 0.0546875 0.02272727273
vt 0.0546875 0.02272727273
vt 0.0546875 0.02272727273
vt 0.4540531982 0.4851528134
vt 0.458999998 0.4909090898
vt 0.4518461607 0.4878259534
vt 0.0546875 0.02272727273
vt 0.0546875 0.02272727273
vt 0.0546875 0.02272727273
vt 0.0546875 0.02272727273
vt 0.0546875 0.02272727273
vt 0.0546875 0.02272727273
vt 0.0546875 0.02272727273
vt 0.0546875 0.02272727273
vt 0.0546875 0.02272727273
vt 0.0546875 0.02272727273
vt 0.0546875 0.02272727273
vt 0.0546875 0.02272727273
vt 0.4644179846 0.49090909
vt 0.4589999972 0.4909090911
vt 0.4610628734 0.4889087254
vt 0.0546875 0.02272727273
vt 0.0546875 0.02272727273
vt 0.0546875 0.02272727273
vt 0.0546875 0.02272727273
vt 0.0546875 0.02272727273
vt 0.0546875 0.02272727273
vt 0.0546875 0.02272727273
vt 0.0546875 0.02272727273
vt 0.0546875 0.02272727273
vt 0.0546875 0.02272727273
vt 0.0546875 0.02272727273
vt 0.0546875 0.02272727273
vt 0.4441639338 0.4937228013
vt 0.4420000011 0.4928484869
vt 0.4441000016 0.4928484843
vt 0.0546875 0.02272727273
vt 0.0546875 0.02272727273
vt 0.0546875 0.02272727273
vt 0.4441000016 0.4928484839
vt 0.4420000011 0.4928484868
vt 0.4445819628 0.488564337
vt 0.0546875 0.02272727273
vt 0.0546875 0.02272727273
vt 0.0546875 0.02272727273
vt 0.0546875 0.02272727273
vt 0.0546875 0.02272727273
vt 0.0546875 0.02272727273
vt 0.4445819628 0.488564337
vt 0.4420000011 0.4928484868
vt 0.4419999963 0.4860606075
vt 0.0546875 0.02272727273
vt 0.0546875 0.02272727273
vt 0.0546875 0.02272727273
vt 0.0546875 0.02272727273
vt 0.0546875 0.02272727273
vt 0.0546875 0.02272727273
vt 0.4445819642 0.4885643374
vt 0.4419999971 0.4860606077
vt 0.4444827599 0.4863615475
vt 0.0546875 0.02272727273
vt 0.0546875 0.02272727273
vt 0.0546875 0.02272727273
vt 0.0546875 0.02272727273
vt 0.0546875 0.02272727273
vt 0.0546875 0.02272727273
vt 0.0546875 0.02272727273
vt 0.0546875 0.02272727273
vt 0.0546875 0.02272727273
vt 0.8799999955 0.4647272742
vt 0.8760000015 0.4656969698
vt 0.8789565175 0.4628300444
vt 0.0546875 0.02272727273
vt 0.0546875 0.02272727273
vt 0.0546875 0.02272727273
vt 0.0546875 0.02272727273
vt 0.0546875 0.02272727273
vt 0.0546875 0.02272727273
vt 0.4540724711 0.4851190207
vt 0.4589999976 0.4870303062
vt 0.4540531976 0.4851528139
vt 0.0546875 0.02272727273
vt 0.0546875 0.02272727273
vt 0.0546875 0.02272727273
vt 0.0546875 0.02272727273
vt 0.0546875 0.02272727273
vt 0.0546875 0.02272727273
vt 0.0546875 0.02272727273
vt 0.0546875 0.02272727273
vt 0.0546875 0.02272727273
vt 0.0546875 0.02272727273
vt 0.0546875 0.02272727273
vt 0.0546875 0.02272727273
vt 0.4444827599 0.4863615475
vt 0.4419999971 0.4860606079
vt 0.444235231 0.4817430935
vt 0.0546875 0.02272727273
vt 0.0546875 0.02272727273
vt 0.0546875 0.02272727273
vt 0.4444827599 0.4863615475
vt 0.444235231 0.4817430935
vt 0.444346929 0.4817874308
vt 0.0546875 0.02272727273
vt 0.0546875 0.02272727273
vt 0.0546875 0.02272727273
vt 0.444235231 0.4817430935
vt 0.4419999971 0.4860606079
vt 0.4412929087 0.480575282
vt 0.4420000003 0.4928484868
vt 0.4339999994 0.4938181808
vt 0.4340000001 0.486060606
vt 0.4420000002 0.4928484867
vt 0.4340000001 0.486060606
vt 0.4419999988 0.4860606077
vt 0.0546875 0.02272727273
vt 0.0546875 0.02272727273
vt 0.0546875 0.02272727273
vt 0.4339999992 0.4938181807
vt 0.4249999999 0.4928484842
vt 0.4340000001 0.486060606
vt 0.0546875 0.02272727273
vt 0.0546875 0.02272727273
vt 0.0546875 0.02272727273
vt 0.4340000003 0.4860606062
vt 0.425 0.4928484843
vt 0.4250000001 0.4850909124
vt 0.0546875 0.02272727273
vt 0.0546875 0.02272727273
vt 0.0546875 0.02272727273
vt 0.0546875 0.02272727273
vt 0.0546875 0.02272727273
vt 0.0546875 0.02272727273
vt 0.4419999989 0.4860606079
vt 0.4362976792 0.4808686229
vt 0.4412929079 0.4805752821
vt 0.0546875 0.02272727273
vt 0.0546875 0.02272727273
vt 0.0546875 0.02272727273
vt 0.4419999989 0.4860606079
vt 0.4359751728 0.480867494
vt 0.4362976792 0.4808686229
vt 0.0546875 0.02272727273
vt 0.0546875 0.02272727273
vt 0.0546875 0.02272727273
vt 0.4419999991 0.4860606078
vt 0.4340000001 0.486060606
vt 0.4359751731 0.480867494
vt 0.0546875 0.02272727273
vt 0.0546875 0.02272727273
vt 0.0546875 0.02272727273
vt 0.4359751731 0.480867494
vt 0.4340000001 0.486060606
vt 0.4333305107 0.480866995
vt 0.0546875 0.02272727273
vt 0.0546875 0.02272727273
vt 0.0546875 0.02272727273
vt 0.0546875 0.02272727273
vt 0.0546875 0.02272727273
vt 0.0546875 0.02272727273
vt 0.4340000003 0.486060606
vt 0.4250000004 0.485090913
vt 0.4301906191 0.4806867447
vt 0.4340000003 0.486060606
vt 0.4301906191 0.4806867447
vt 0.4333305108 0.4808669949
vt 0.0546875 0.02272727273
vt 0.0546875 0.02272727273
vt 0.0546875 0.02272727273
vt 0.0546875 0.02272727273
vt 0.0546875 0.02272727273
vt 0.0546875 0.02272727273
vt 0.4301906192 0.4806867441
vt 0.4249999993 0.4850909127
vt 0.4293228137 0.4806896677
vt 0.0546875 0.02272727273
vt 0.0546875 0.02272727273
vt 0.0546875 0.02272727273
vt 0.4293228137 0.4806896677
vt 0.4249999993 0.4850909127
vt 0.4255981355 0.4804508272
vt 0.5829999999 0.5384242412
vt 0.5833826463 0.5231762432
vt 0.6080000006 0.540363635
vt 0.6080000006 0.5403636351
vt 0.6080000004 0.5248484868
vt 0.632000001 0.5432727288
vt 0.6080000005 0.5248484868
vt 0.6319999977 0.5267878791
vt 0.632000001 0.5432727288
vt 0.6320000011 0.5432727287
vt 0.631999998 0.5267878792
vt 0.6550000018 0.5452121221
vt 0.631999998 0.5267878791
vt 0.6549999985 0.5287272734
vt 0.6550000018 0.5452121221
vt 0.0546875 0.02272727273
vt 0.0546875 0.02272727273
vt 0.0546875 0.02272727273
vt 0.5829999999 0.5384242412
vt 0.5826034218 0.5231398248
vt 0.5829999998 0.5231491082
vt 0.5829999999 0.5384242412
vt 0.5829999994 0.5231491081
vt 0.5833826463 0.5231762432
vt 0.5833826464 0.5231762432
vt 0.5875632824 0.5235062424
vt 0.6080000006 0.5403636351
vt 0.5875632824 0.5235062424
vt 0.5887723363 0.5235962181
vt 0.6080000006 0.5403636351
vt 0.5887723363 0.5235962181
vt 0.5889079853 0.5236005516
vt 0.6080000006 0.5403636351
vt 0.5889079853 0.5236005516
vt 0.5916440745 0.5235796608
vt 0.6080000006 0.5403636351
vt 0.0546875 0.02272727273
vt 0.0546875 0.02272727273
vt 0.0546875 0.02272727273
vt 0.0546875 0.02272727273
vt 0.0546875 0.02272727273
vt 0.0546875 0.02272727273
vt 0.0546875 0.02272727273
vt 0.0546875 0.02272727273
vt 0.0546875 0.02272727273
vt 0.0546875 0.02272727273
vt 0.0546875 0.02272727273
vt 0.0546875 0.02272727273
vt 0.5916440745 0.5235796608
vt 0.6080000005 0.5248484868
vt 0.6080000006 0.5403636351
vt 0.5916440745 0.5235796608
vt 0.6036627651 0.5234902373
vt 0.6080000005 0.5248484867
vt 0.6036627651 0.5234902373
vt 0.6049775911 0.5234263293
vt 0.6080000005 0.5248484867
vt 0.6049775911 0.5234263293
vt 0.6056181823 0.5233703162
vt 0.6080000005 0.5248484867
vt 0.6056181823 0.5233703162
vt 0.608 0.5231134178
vt 0.6080000005 0.5248484868
vt 0.6080000004 0.5248484868
vt 0.608 0.5231134178
vt 0.6183157045 0.5222318436
vt 0.6080000004 0.5248484868
vt 0.6183157045 0.5222318436
vt 0.6197505196 0.5220542075
vt 0.0546875 0.02272727273
vt 0.0546875 0.02272727273
vt 0.0546875 0.02272727273
vt 0.0546875 0.02272727273
vt 0.0546875 0.02272727273
vt 0.0546875 0.02272727273
vt 0.0546875 0.02272727273
vt 0.0546875 0.02272727273
vt 0.0546875 0.02272727273
vt 0.0546875 0.02272727273
vt 0.0546875 0.02272727273
vt 0.0546875 0.02272727273
vt 0.0546875 0.02272727273
vt 0.0546875 0.02272727273
vt 0.0546875 0.02272727273
vt 0.0546875 0.02272727273
vt 0.0546875 0.02272727273
vt 0.0546875 0.02272727273
vt 0.6080000004 0.5248484868
vt 0.6197505196 0.5220542075
vt 0.6319999977 0.5267878791
vt 0.6197505196 0.5220542075
vt 0.6240489466 0.5213265544
vt 0.6319999977 0.5267878791
vt 0.631999998 0.5267878791
vt 0.6406861277 0.5178645713
vt 0.6549999985 0.5287272735
vt 0.0546875 0.02272727273
vt 0.0546875 0.02272727273
vt 0.0546875 0.02272727273
vt 0.0546875 0.02272727273
vt 0.0546875 0.02272727273
vt 0.0546875 0.02272727273
vt 0.0546875 0.02272727273
vt 0.0546875 0.02272727273
vt 0.0546875 0.02272727273
vt 0.6240489465 0.5213265546
vt 0.6305488953 0.5200701147
vt 0.6319999977 0.5267878792
vt 0.6319999977 0.5267878792
vt 0.6305488953 0.5200701147
vt 0.6319999964 0.5197432397
vt 0.0546875 0.02272727273
vt 0.0546875 0.02272727273
vt 0.0546875 0.02272727273
vt 0.0546875 0.02272727273
vt 0.0546875 0.02272727273
vt 0.0546875 0.02272727273
vt 0.631999998 0.5267878791
vt 0.6319999966 0.5197432396
vt 0.6337196303 0.5194351358
vt 0.631999998 0.5267878791
vt 0.6337196303 0.5194351358
vt 0.6406861277 0.5178645713
vt 0.6406861277 0.5178645713
vt 0.6423296891 0.5175841772
vt 0.6549999984 0.5287272734
vt 0.0546875 0.02272727273
vt 0.0546875 0.02272727273
vt 0.0546875 0.02272727273
vt 0.0546875 0.02272727273
vt 0.0546875 0.02272727273
vt 0.0546875 0.02272727273
vt 0.6423296891 0.5175841772
vt 0.6482234439 0.5163927344
vt 0.6549999984 0.5287272734
vt 0.0546875 0.02272727273
vt 0.0546875 0.02272727273
vt 0.0546875 0.02272727273
vt 0.0546875 0.02272727273
vt 0.0546875 0.02272727273
vt 0.0546875 0.02272727273
vt 0.0546875 0.02272727273
vt 0.0546875 0.02272727273
vt 0.0546875 0.02272727273
vt 0.0546875 0.02272727273
vt 0.0546875 0.02272727273
vt 0.0546875 0.02272727273
vt 0.0546875 0.02272727273
vt 0.0546875 0.02272727273
vt 0.0546875 0.02272727273
vt 0.0546875 0.02272727273
vt 0.0546875 0.02272727273
vt 0.0546875 0.02272727273
vt 0.0546875 0.02272727273
vt 0.0546875 0.02272727273
vt 0.0546875 0.02272727273
vt 0.0546875 0.02272727273
vt 0.0546875 0.02272727273
vt 0.0546875 0.02272727273
vt 0.0546875 0.02272727273
vt 0.0546875 0.02272727273
vt 0.0546875 0.02272727273
vt 0.0546875 0.02272727273
vt 0.0546875 0.02272727273
vt 0.0546875 0.02272727273
vt 0.0546875 0.02272727273
vt 0.0546875 0.02272727273
vt 0.0546875 0.02272727273
vt 0.0546875 0.02272727273
vt 0.0546875 0.02272727273
vt 0.0546875 0.02272727273
vt 0.0546875 0.02272727273
vt 0.0546875 0.02272727273
vt 0.0546875 0.02272727273
vt 0.0546875 0.02272727273
vt 0.0546875 0.02272727273
vt 0.0546875 0.02272727273
vt 0.0546875 0.02272727273
vt 0.0546875 0.02272727273
vt 0.0546875 0.02272727273
vt 0.0546875 0.02272727273
vt 0.0546875 0.02272727273
vt 0.0546875 0.02272727273
vt 0.6550000015 0.5452121221
vt 0.6549999984 0.5287272734
vt 0.6759999988 0.5481212113
vt 0.6549999984 0.5287272734
vt 0.6759999997 0.5306666642
vt 0.6759999989 0.5481212113
vt 0.6759999992 0.5481212113
vt 0.6759999998 0.5306666641
vt 0.6949999991 0.5510303043
vt 0.694999999 0.5510303044
vt 0.694999998 0.532606061
vt 0.7110000004 0.5529696944
vt 0.6759999999 0.5306666641
vt 0.6949999978 0.532606061
vt 0.694999999 0.5510303044
vt 0.6549999984 0.5287272735
vt 0.6563311325 0.5143185151
vt 0.6759999997 0.5306666641
vt 0.6549999984 0.5287272734
vt 0.6482234439 0.5163927344
vt 0.6539776222 0.5149661496
vt 0.6549999984 0.5287272734
vt 0.6539776222 0.5149661496
vt 0.6550000006 0.5146801337
vt 0.6549999984 0.5287272735
vt 0.6550000002 0.5146801337
vt 0.6563311325 0.5143185151
vt 0.6563311326 0.5143185151
vt 0.6769999978 0.5141818203
vt 0.6759999998 0.5306666641
vt 0.676 0.5306666641
vt 0.6769999979 0.5141818203
vt 0.6949999977 0.532606061
vt 0.0546875 0.02272727273
vt 0.0546875 0.02272727273
vt 0.0546875 0.02272727273
vt 0.0546875 0.02272727273
vt 0.0546875 0.02272727273
vt 0.0546875 0.02272727273
vt 0.6949999979 0.5326060609
vt 0.6959999961 0.5151515144
vt 0.712000004 0.5345454525
vt 0.676999998 0.5141818204
vt 0.6959999958 0.5151515147
vt 0.6949999977 0.532606061
vt 0.0546875 0.02272727273
vt 0.0546875 0.02272727273
vt 0.0546875 0.02272727273
vt 0.0546875 0.02272727273
vt 0.0546875 0.02272727273
vt 0.0546875 0.02272727273
vt 0.0546875 0.02272727273
vt 0.0546875 0.02272727273
vt 0.0546875 0.02272727273
vt 0.0546875 0.02272727273
vt 0.0546875 0.02272727273
vt 0.0546875 0.02272727273
vt 0.0546875 0.02272727273
vt 0.0546875 0.02272727273
vt 0.0546875 0.02272727273
vt 0.0546875 0.02272727273
vt 0.0546875 0.02272727273
vt 0.0546875 0.02272727273
vt 0.0546875 0.02272727273
vt 0.0546875 0.02272727273
vt 0.0546875 0.02272727273
vt 0.0546875 0.02272727273
vt 0.0546875 0.02272727273
vt 0.0546875 0.02272727273
vt 0.0546875 0.02272727273
vt 0.0546875 0.02272727273
vt 0.0546875 0.02272727273
vt 0.0546875 0.02272727273
vt 0.0546875 0.02272727273
vt 0.0546875 0.02272727273
vt 0.0546875 0.02272727273
vt 0.0546875 0.02272727273
vt 0.0546875 0.02272727273
vt 0.0546875 0.02272727273
vt 0.0546875 0.02272727273
vt 0.0546875 0.02272727273
vt 0.0546875 0.02272727273
vt 0.0546875 0.02272727273
vt 0.0546875 0.02272727273
vt 0.0546875 0.02272727273
vt 0.0546875 0.02272727273
vt 0.0546875 0.02272727273
vt 0.0546875 0.02272727273
vt 0.0546875 0.02272727273
vt 0.0546875 0.02272727273
vt 0.0546875 0.02272727273
vt 0.0546875 0.02272727273
vt 0.0546875 0.02272727273
vt 0.0546875 0.02272727273
vt 0.0546875 0.02272727273
vt 0.0546875 0.02272727273
vt 0.0546875 0.02272727273
vt 0.0546875 0.02272727273
vt 0.0546875 0.02272727273
vt 0.0546875 0.02272727273
vt 0.0546875 0.02272727273
vt 0.0546875 0.02272727273
vt 0.0546875 0.02272727273
vt 0.0546875 0.02272727273
vt 0.0546875 0.02272727273
vt 0.0546875 0.02272727273
vt 0.0546875 0.02272727273
vt 0.0546875 0.02272727273
vt 0.0546875 0.02272727273
vt 0.0546875 0.02272727273
vt 0.0546875 0.02272727273
vt 0.0546875 0.02272727273
vt 0.0546875 0.02272727273
vt 0.0546875 0.02272727273
vt 0.0546875 0.02272727273
vt 0.0546875 0.02272727273
vt 0.0546875 0.02272727273
vt 0.0546875 0.02272727273
vt 0.0546875 0.02272727273
vt 0.0546875 0.02272727273
vt 0.7110000006 0.5529696945
vt 0.7120000031 0.5345454526
vt 0.7259999988 0.5549090903
vt 0.6949999979 0.5326060609
vt 0.712000004 0.5345454526
vt 0.7110000006 0.5529696945
vt 0.7120000029 0.5345454524
vt 0.7259999999 0.5355151511
vt 0.7259999987 0.5549090904
vt 0.7259999998 0.5549090905
vt 0.7260000003 0.5355151511
vt 0.7389999997 0.5558787895
vt 0.7260000003 0.5355151511
vt 0.7390000004 0.5355151491
vt 0.7389999997 0.5558787895
vt 0.0546875 0.02272727273
vt 0.0546875 0.02272727273
vt 0.0546875 0.02272727273
vt 0.0546875 0.02272727273
vt 0.0546875 0.02272727273
vt 0.0546875 0.02272727273
vt 0.0546875 0.02272727273
vt 0.0546875 0.02272727273
vt 0.0546875 0.02272727273
vt 0.7120000028 0.5345454524
vt 0.7119999974 0.5170909112
vt 0.7259999999 0.535515151
vt 0.6959999962 0.5151515144
vt 0.7119999964 0.517090911
vt 0.7120000037 0.5345454526
vt 0.711999997 0.5170909114
vt 0.7270000008 0.5170909068
vt 0.7259999999 0.535515151
vt 0.0546875 0.02272727273
vt 0.0546875 0.02272727273
vt 0.0546875 0.02272727273
vt 0.0546875 0.02272727273
vt 0.0546875 0.02272727273
vt 0.0546875 0.02272727273
vt 0.0546875 0.02272727273
vt 0.0546875 0.02272727273
vt 0.0546875 0.02272727273
vt 0.7260000003 0.535515151
vt 0.7270000005 0.5170909068
vt 0.7390000005 0.5355151491
vt 0.7270000005 0.5170909069
vt 0.7399999994 0.5170909113
vt 0.7390000005 0.5355151491
vt 0.0546875 0.02272727273
vt 0.0546875 0.02272727273
vt 0.0546875 0.02272727273
vt 0.0546875 0.02272727273
vt 0.0546875 0.02272727273
vt 0.0546875 0.02272727273
vt 0.0546875 0.02272727273
vt 0.0546875 0.02272727273
vt 0.0546875 0.02272727273
vt 0.0546875 0.02272727273
vt 0.0546875 0.02272727273
vt 0.0546875 0.02272727273
vt 0.0546875 0.02272727273
vt 0.0546875 0.02272727273
vt 0.0546875 0.02272727273
vt 0.0546875 0.02272727273
vt 0.0546875 0.02272727273
vt 0.0546875 0.02272727273
vt 0.6563311326 0.5143185151
vt 0.6598463319 0.5134257329
vt 0.6769999978 0.5141818203
vt 0.6598463318 0.5134257329
vt 0.6632725377 0.5125428185
vt 0.676999998 0.5141818203
vt 0.0546875 0.02272727273
vt 0.0546875 0.02272727273
vt 0.0546875 0.02272727273
vt 0.6632725377 0.5125428185
vt 0.6655514577 0.5118572613
vt 0.676999998 0.5141818203
vt 0.0546875 0.02272727273
vt 0.0546875 0.02272727273
vt 0.0546875 0.02272727273
vt 0.0546875 0.02272727273
vt 0.0546875 0.02272727273
vt 0.0546875 0.02272727273
vt 0.0546875 0.02272727273
vt 0.0546875 0.02272727273
vt 0.0546875 0.02272727273
vt 0.6655514577 0.5118572613
vt 0.6765757713 0.5080112343
vt 0.676999998 0.5141818203
vt 0.0546875 0.02272727273
vt 0.0546875 0.02272727273
vt 0.0546875 0.02272727273
vt 0.0546875 0.02272727273
vt 0.0546875 0.02272727273
vt 0.0546875 0.02272727273
vt 0.0546875 0.02272727273
vt 0.0546875 0.02272727273
vt 0.0546875 0.02272727273
vt 0.6769999981 0.5141818203
vt 0.676575771 0.5080112343
vt 0.6788488211 0.5075738056
vt 0.6769999981 0.5141818203
vt 0.6788488211 0.5075738056
vt 0.6791739415 0.5075006159
vt 0.6769999981 0.5141818203
vt 0.6791739415 0.5075006159
vt 0.6797934813 0.5073274491
vt 0.0546875 0.02272727273
vt 0.0546875 0.02272727273
vt 0.0546875 0.02272727273
vt 0.0546875 0.02272727273
vt 0.0546875 0.02272727273
vt 0.0546875 0.02272727273
vt 0.0546875 0.02272727273
vt 0.0546875 0.02272727273
vt 0.0546875 0.02272727273
vt 0.6769999981 0.5141818203
vt 0.6797934813 0.5073274491
vt 0.6912223407 0.504019755
vt 0.0546875 0.02272727273
vt 0.0546875 0.02272727273
vt 0.0546875 0.02272727273
vt 0.0546875 0.02272727273
vt 0.0546875 0.02272727273
vt 0.0546875 0.02272727273
vt 0.0546875 0.02272727273
vt 0.0546875 0.02272727273
vt 0.0546875 0.02272727273
vt 0.676999998 0.5141818202
vt 0.6912223411 0.5040197553
vt 0.6959999958 0.5151515147
vt 0.6959999958 0.5151515147
vt 0.6912223411 0.5040197553
vt 0.6918044466 0.5038368512
vt 0.6959999958 0.5151515147
vt 0.6918044466 0.5038368512
vt 0.6960000043 0.5022970081
vt 0.0546875 0.02272727273
vt 0.0546875 0.02272727273
vt 0.0546875 0.02272727273
vt 0.6959999962 0.5151515143
vt 0.696000004 0.5022970084
vt 0.6973175622 0.5019635474
vt 0.0546875 0.02272727273
vt 0.0546875 0.02272727273
vt 0.0546875 0.02272727273
vt 0.0546875 0.02272727273
vt 0.0546875 0.02272727273
vt 0.0546875 0.02272727273
vt 0.0546875 0.02272727273
vt 0.0546875 0.02272727273
vt 0.0546875 0.02272727273
vt 0.0546875 0.02272727273
vt 0.0546875 0.02272727273
vt 0.0546875 0.02272727273
vt 0.0546875 0.02272727273
vt 0.0546875 0.02272727273
vt 0.0546875 0.02272727273
vt 0.0546875 0.02272727273
vt 0.0546875 0.02272727273
vt 0.0546875 0.02272727273
vt 0.0546875 0.02272727273
vt 0.0546875 0.02272727273
vt 0.0546875 0.02272727273
vt 0.0546875 0.02272727273
vt 0.0546875 0.02272727273
vt 0.0546875 0.02272727273
vt 0.0546875 0.02272727273
vt 0.0546875 0.02272727273
vt 0.0546875 0.02272727273
vt 0.6959999962 0.5151515143
vt 0.6973175622 0.5019635474
vt 0.7119999963 0.5170909108
vt 0.0546875 0.02272727273
vt 0.0546875 0.02272727273
vt 0.0546875 0.02272727273
vt 0.6973175624 0.5019635472
vt 0.6978765711 0.5017737364
vt 0.7119999961 0.5170909113
vt 0.6978765711 0.5017737364
vt 0.7010158181 0.5006060574
vt 0.7119999961 0.5170909113
vt 0.0546875 0.02272727273
vt 0.0546875 0.02272727273
vt 0.0546875 0.02272727273
vt 0.7010158181 0.5006060574
vt 0.7130000021 0.5006060668
vt 0.7119999961 0.5170909113
vt 0.711999997 0.5170909112
vt 0.7130000016 0.5006060669
vt 0.7270000008 0.5170909068
vt 0.7130000019 0.5006060668
vt 0.7270000028 0.5006060605
vt 0.7270000007 0.5170909069
vt 0.0546875 0.02272727273
vt 0.0546875 0.02272727273
vt 0.0546875 0.02272727273
vt 0.0546875 0.02272727273
vt 0.0546875 0.02272727273
vt 0.0546875 0.02272727273
vt 0.0546875 0.02272727273
vt 0.0546875 0.02272727273
vt 0.0546875 0.02272727273
vt 0.0546875 0.02272727273
vt 0.0546875 0.02272727273
vt 0.0546875 0.02272727273
vt 0.0546875 0.02272727273
vt 0.0546875 0.02272727273
vt 0.0546875 0.02272727273
vt 0.7270000004 0.5170909069
vt 0.7270000008 0.5006060606
vt 0.7399999995 0.5170909112
vt 0.7270000009 0.5006060605
vt 0.7399999999 0.5006060647
vt 0.7399999994 0.5170909112
vt 0.0546875 0.02272727273
vt 0.0546875 0.02272727273
vt 0.0546875 0.02272727273
vt 0.0546875 0.02272727273
vt 0.0546875 0.02272727273
vt 0.0546875 0.02272727273
vt 0.7010158178 0.5006060576
vt 0.7040062818 0.4994252992
vt 0.7130000028 0.5006060666
vt 0.0546875 0.02272727273
vt 0.0546875 0.02272727273
vt 0.0546875 0.02272727273
vt 0.7040062818 0.4994252992
vt 0.7088047045 0.4972159234
vt 0.7130000028 0.5006060666
vt 0.0546875 0.02272727273
vt 0.0546875 0.02272727273
vt 0.0546875 0.02272727273
vt 0.7088047045 0.4972159233
vt 0.7130000037 0.4955813905
vt 0.7130000026 0.5006060665
vt 0.7130000018 0.5006060665
vt 0.7130000027 0.4955813904
vt 0.7133965743 0.4954654398
vt 0.0546875 0.02272727273
vt 0.0546875 0.02272727273
vt 0.0546875 0.02272727273
vt 0.0546875 0.02272727273
vt 0.0546875 0.02272727273
vt 0.0546875 0.02272727273
vt 0.0546875 0.02272727273
vt 0.0546875 0.02272727273
vt 0.0546875 0.02272727273
vt 0.7130000018 0.5006060665
vt 0.7133965743 0.4954654398
vt 0.7270000028 0.5006060604
vt 0.0546875 0.02272727273
vt 0.0546875 0.02272727273
vt 0.0546875 0.02272727273
vt 0.0546875 0.02272727273
vt 0.0546875 0.02272727273
vt 0.0546875 0.02272727273
vt 0.7133965743 0.4954654398
vt 0.7159185862 0.4946808219
vt 0.7270000028 0.5006060604
vt 0.7159185862 0.4946808219
vt 0.7178534748 0.4939518282
vt 0.7270000028 0.5006060604
vt 0.7178534748 0.4939518282
vt 0.7198304929 0.4931572277
vt 0.7270000028 0.5006060604
vt 0.0546875 0.02272727273
vt 0.0546875 0.02272727273
vt 0.0546875 0.02272727273
vt 0.0546875 0.02272727273
vt 0.0546875 0.02272727273
vt 0.0546875 0.02272727273
vt 0.0546875 0.02272727273
vt 0.0546875 0.02272727273
vt 0.0546875 0.02272727273
vt 0.7270000009 0.5006060605
vt 0.7307582797 0.4902656733
vt 0.7399999999 0.5006060645
vt 0.0546875 0.02272727273
vt 0.0546875 0.02272727273
vt 0.0546875 0.02272727273
vt 0.0546875 0.02272727273
vt 0.0546875 0.02272727273
vt 0.0546875 0.02272727273
vt 0.7198304929 0.4931572276
vt 0.7269999982 0.4905997139
vt 0.7270000027 0.5006060605
vt 0.7270000009 0.5006060605
vt 0.7269999995 0.4905997139
vt 0.7271978606 0.4905922444
vt 0.7270000009 0.5006060605
vt 0.7271978606 0.4905922444
vt 0.7307582797 0.4902656733
vt 0.0546875 0.02272727273
vt 0.0546875 0.02272727273
vt 0.0546875 0.02272727273
vt 0.0546875 0.02272727273
vt 0.0546875 0.02272727273
vt 0.0546875 0.02272727273
vt 0.7307582797 0.4902656733
vt 0.7390379873 0.4894482914
vt 0.7399999999 0.5006060645
vt 0.0546875 0.02272727273
vt 0.0546875 0.02272727273
vt 0.0546875 0.02272727273
vt 0.7390379873 0.4894482914
vt 0.74 0.4893160423
vt 0.7399999999 0.5006060645
vt 0.0546875 0.02272727273
vt 0.0546875 0.02272727273
vt 0.0546875 0.02272727273
vt 0.05200000017 0.4909090886
vt 0.06500000097 0.4918787877
vt 0.06399999989 0.5064242445
vt 0.05200000029 0.4909090886
vt 0.0639999998 0.5064242445
vt 0.05099999988 0.5054545462
vt 0.06500000204 0.4918787876
vt 0.07094980903 0.4996850347
vt 0.06400000007 0.5064242445
vt 0.0546875 0.02272727273
vt 0.0546875 0.02272727273
vt 0.0546875 0.02272727273
vt 0.0546875 0.02272727273
vt 0.0546875 0.02272727273
vt 0.0546875 0.02272727273
vt 0.06500000204 0.4918787876
vt 0.07112145666 0.491878788
vt 0.07094980903 0.4996850347
vt 0.0546875 0.02272727273
vt 0.0546875 0.02272727273
vt 0.0546875 0.02272727273
vt 0.08005366916 0.4910273358
vt 0.09499999864 0.4938181811
vt 0.07988480144 0.4919860391
vt 0.07988480153 0.491986039
vt 0.09499999863 0.493818181
vt 0.07715383555 0.5062005522
vt 0.0546875 0.02272727273
vt 0.0546875 0.02272727273
vt 0.0546875 0.02272727273
vt 0.0546875 0.02272727273
vt 0.0546875 0.02272727273
vt 0.0546875 0.02272727273
vt 0.0546875 0.02272727273
vt 0.0546875 0.02272727273
vt 0.0546875 0.02272727273
vt 0.06400000003 0.5064242446
vt 0.07094980899 0.4996850347
vt 0.0706666688 0.5069215216
vt 0.0546875 0.02272727273
vt 0.0546875 0.02272727273
vt 0.0546875 0.02272727273
vt 0.0546875 0.02272727273
vt 0.0546875 0.02272727273
vt 0.0546875 0.02272727273
vt 0.07715383555 0.5062005522
vt 0.09499999863 0.493818181
vt 0.07700000045 0.5073939397
vt 0.05099999987 0.5054545462
vt 0.0639999998 0.5064242445
vt 0.0619999995 0.5190303027
vt 0.06199999821 0.5190303026
vt 0.06400000001 0.5064242445
vt 0.07076923149 0.515375292
vt 0.05099999995 0.5054545462
vt 0.06199999957 0.5190303026
vt 0.05100000024 0.5180606067
vt 0.0546875 0.02272727273
vt 0.0546875 0.02272727273
vt 0.0546875 0.02272727273
vt 0.0546875 0.02272727273
vt 0.0546875 0.02272727273
vt 0.0546875 0.02272727273
vt 0.0546875 0.02272727273
vt 0.0546875 0.02272727273
vt 0.0546875 0.02272727273
vt 0.06400000017 0.5064242445
vt 0.07066666871 0.5069215215
vt 0.07076923147 0.515375292
vt 0.0546875 0.02272727273
vt 0.0546875 0.02272727273
vt 0.0546875 0.02272727273
vt 0.07715383563 0.5062005522
vt 0.0770000003 0.5073939397
vt 0.07686735503 0.5073840465
vt 0.07650002891 0.5107876866
vt 0.07686735511 0.5073840465
vt 0.07700000032 0.5073939396
vt 0.07650002911 0.5107876866
vt 0.07700000045 0.5073939396
vt 0.07522613432 0.5210574133
vt 0.06199999821 0.5190303026
vt 0.07076923149 0.515375292
vt 0.07044392701 0.5202900031
vt 0.0546875 0.02272727273
vt 0.0546875 0.02272727273
vt 0.0546875 0.02272727273
vt 0.0546875 0.02272727273
vt 0.0546875 0.02272727273
vt 0.0546875 0.02272727273
vt 0.07700000045 0.5073939396
vt 0.09000000283 0.5267878809
vt 0.07522613432 0.5210574133
vt 0.0546875 0.02272727273
vt 0.0546875 0.02272727273
vt 0.0546875 0.02272727273
vt 0.0546875 0.02272727273
vt 0.0546875 0.02272727273
vt 0.0546875 0.02272727273
vt 0.0546875 0.02272727273
vt 0.0546875 0.02272727273
vt 0.0546875 0.02272727273
vt 0.0546875 0.02272727273
vt 0.0546875 0.02272727273
vt 0.0546875 0.02272727273
vt 0.0546875 0.02272727273
vt 0.0546875 0.02272727273
vt 0.0546875 0.02272727273
vt 0.0546875 0.02272727273
vt 0.0546875 0.02272727273
vt 0.0546875 0.02272727273
vt 0.0546875 0.02272727273
vt 0.0546875 0.02272727273
vt 0.0546875 0.02272727273
vt 0.0546875 0.02272727273
vt 0.0546875 0.02272727273
vt 0.0546875 0.02272727273
vt 0.0546875 0.02272727273
vt 0.0546875 0.02272727273
vt 0.0546875 0.02272727273
vt 0.0546875 0.02272727273
vt 0.0546875 0.02272727273
vt 0.0546875 0.02272727273
vt 0.0546875 0.02272727273
vt 0.0546875 0.02272727273
vt 0.0546875 0.02272727273
vt 0.0546875 0.02272727273
vt 0.0546875 0.02272727273
vt 0.0546875 0.02272727273
vt 0.0546875 0.02272727273
vt 0.0546875 0.02272727273
vt 0.0546875 0.02272727273
vt 0.0546875 0.02272727273
vt 0.0546875 0.02272727273
vt 0.0546875 0.02272727273
vt 0.0546875 0.02272727273
vt 0.0546875 0.02272727273
vt 0.0546875 0.02272727273
vt 0.0546875 0.02272727273
vt 0.0546875 0.02272727273
vt 0.0546875 0.02272727273
vt 0.0546875 0.02272727273
vt 0.0546875 0.02272727273
vt 0.0546875 0.02272727273
vt 0.0546875 0.02272727273
vt 0.0546875 0.02272727273
vt 0.0546875 0.02272727273
vt 0.0546875 0.02272727273
vt 0.0546875 0.02272727273
vt 0.0546875 0.02272727273
vt 0.0546875 0.02272727273
vt 0.0546875 0.02272727273
vt 0.0546875 0.02272727273
vt 0.0546875 0.02272727273
vt 0.0546875 0.02272727273
vt 0.0546875 0.02272727273
vt 0.0546875 0.02272727273
vt 0.0546875 0.02272727273
vt 0.0546875 0.02272727273
vt 0.0546875 0.02272727273
vt 0.0546875 0.02272727273
vt 0.0546875 0.02272727273
vt 0.0546875 0.02272727273
vt 0.0546875 0.02272727273
vt 0.0546875 0.02272727273
vt 0.0546875 0.02272727273
vt 0.0546875 0.02272727273
vt 0.0546875 0.02272727273
vt 0.0546875 0.02272727273
vt 0.0546875 0.02272727273
vt 0.0546875 0.02272727273
vt 0.0546875 0.02272727273
vt 0.0546875 0.02272727273
vt 0.0546875 0.02272727273
vt 0.0546875 0.02272727273
vt 0.0546875 0.02272727273
vt 0.0546875 0.02272727273
vt 0.0546875 0.02272727273
vt 0.0546875 0.02272727273
vt 0.0546875 0.02272727273
vt 0.0546875 0.02272727273
vt 0.0546875 0.02272727273
vt 0.0546875 0.02272727273
vt 0.09499999817 0.493818181
vt 0.1149999998 0.4967272736
vt 0.09400000138 0.5103030297
vt 0.07700000051 0.5073939397
vt 0.09499999848 0.4938181811
vt 0.09400000066 0.5103030296
vt 0.09400000132 0.5103030296
vt 0.1149999997 0.4967272735
vt 0.1129999992 0.5122424214
vt 0.1129999986 0.5122424213
vt 0.1150000001 0.4967272735
vt 0.1369999982 0.4996363656
vt 0.1129999984 0.5122424212
vt 0.1369999983 0.4996363656
vt 0.1360000025 0.5151515125
vt 0.07700000049 0.5073939396
vt 0.09400000074 0.5103030296
vt 0.09000000305 0.5267878809
vt 0.09000000329 0.5267878808
vt 0.09400000134 0.5103030297
vt 0.1129999993 0.5122424213
vt 0.09000000351 0.526787881
vt 0.1129999992 0.5122424212
vt 0.1120000004 0.5287272755
vt 0.0546875 0.02272727273
vt 0.0546875 0.02272727273
vt 0.0546875 0.02272727273
vt 0.0546875 0.02272727273
vt 0.0546875 0.02272727273
vt 0.0546875 0.02272727273
vt 0.1129999985 0.5122424212
vt 0.1312068799 0.5274900591
vt 0.1120000005 0.5287272755
vt 0.1129999984 0.5122424212
vt 0.1360000025 0.5151515124
vt 0.1352804753 0.526315096
vt 0.1360000025 0.5151515125
vt 0.146780975 0.5240123205
vt 0.1380161841 0.525675123
vt 0.1129999984 0.5122424212
vt 0.1352804753 0.526315096
vt 0.1350484925 0.5263751099
vt 0.1129999984 0.5122424212
vt 0.1350484925 0.5263751099
vt 0.13120688 0.5274900591
vt 0.0546875 0.02272727273
vt 0.0546875 0.02272727273
vt 0.0546875 0.02272727273
vt 0.1360000025 0.5151515125
vt 0.1380161841 0.525675123
vt 0.1352804753 0.526315096
vt 0.0546875 0.02272727273
vt 0.0546875 0.02272727273
vt 0.0546875 0.02272727273
vt 0.0546875 0.02272727273
vt 0.0546875 0.02272727273
vt 0.0546875 0.02272727273
vt 0.0546875 0.02272727273
vt 0.0546875 0.02272727273
vt 0.0546875 0.02272727273
vt 0.0546875 0.02272727273
vt 0.0546875 0.02272727273
vt 0.0546875 0.02272727273
vt 0.1369999983 0.4996363656
vt 0.1609999989 0.5025454569
vt 0.1360000025 0.5151515124
vt 0.1609999991 0.502545457
vt 0.1849999994 0.5044848506
vt 0.1600000011 0.5180606037
vt 0.1869999997 0.4879999995
vt 0.1849999994 0.5044848505
vt 0.160999999 0.5025454569
vt 0.1849999999 0.5044848504
vt 0.212 0.4889696988
vt 0.2109999998 0.5054545466
vt 0.1849999998 0.5044848505
vt 0.2109999998 0.5054545466
vt 0.2086192846 0.5207081982
vt 0.0546875 0.02272727273
vt 0.0546875 0.02272727273
vt 0.0546875 0.02272727273
vt 0.0546875 0.02272727273
vt 0.0546875 0.02272727273
vt 0.0546875 0.02272727273
vt 0.0546875 0.02272727273
vt 0.0546875 0.02272727273
vt 0.0546875 0.02272727273
vt 0.0546875 0.02272727273
vt 0.0546875 0.02272727273
vt 0.0546875 0.02272727273
vt 0.0546875 0.02272727273
vt 0.0546875 0.02272727273
vt 0.0546875 0.02272727273
vt 0.0546875 0.02272727273
vt 0.0546875 0.02272727273
vt 0.0546875 0.02272727273
vt 0.0546875 0.02272727273
vt 0.0546875 0.02272727273
vt 0.0546875 0.02272727273
vt 0.0546875 0.02272727273
vt 0.0546875 0.02272727273
vt 0.0546875 0.02272727273
vt 0.0546875 0.02272727273
vt 0.0546875 0.02272727273
vt 0.0546875 0.02272727273
vt 0.0546875 0.02272727273
vt 0.0546875 0.02272727273
vt 0.0546875 0.02272727273
vt 0.0546875 0.02272727273
vt 0.0546875 0.02272727273
vt 0.0546875 0.02272727273
vt 0.0546875 0.02272727273
vt 0.0546875 0.02272727273
vt 0.0546875 0.02272727273
vt 0.1360000025 0.5151515125
vt 0.1600000013 0.5180606038
vt 0.1531812332 0.5230118219
vt 0.0546875 0.02272727273
vt 0.0546875 0.02272727273
vt 0.0546875 0.02272727273
vt 0.1360000025 0.5151515124
vt 0.1609999989 0.502545457
vt 0.1600000013 0.5180606038
vt 0.1600000012 0.5180606038
vt 0.1839999993 0.5200000012
vt 0.1684465136 0.5213371667
vt 0.1360000025 0.5151515125
vt 0.1531812332 0.5230118219
vt 0.1475215391 0.5238951317
vt 0.1360000025 0.5151515125
vt 0.1475215391 0.5238951317
vt 0.146780975 0.5240123205
vt 0.0546875 0.02272727273
vt 0.0546875 0.02272727273
vt 0.0546875 0.02272727273
vt 0.0546875 0.02272727273
vt 0.0546875 0.02272727273
vt 0.0546875 0.02272727273
vt 0.0546875 0.02272727273
vt 0.0546875 0.02272727273
vt 0.0546875 0.02272727273
vt 0.0546875 0.02272727273
vt 0.0546875 0.02272727273
vt 0.0546875 0.02272727273
vt 0.0546875 0.02272727273
vt 0.0546875 0.02272727273
vt 0.0546875 0.02272727273
vt 0.0546875 0.02272727273
vt 0.0546875 0.02272727273
vt 0.0546875 0.02272727273
vt 0.1531812332 0.5230118219
vt 0.1600000013 0.5180606038
vt 0.1586535111 0.5223833293
vt 0.1586535111 0.5223833293
vt 0.1600000013 0.5180606038
vt 0.1597088719 0.5222952055
vt 0.0546875 0.02272727273
vt 0.0546875 0.02272727273
vt 0.0546875 0.02272727273
vt 0.1597088718 0.5222952054
vt 0.1600000012 0.5180606038
vt 0.1684465136 0.5213371667
vt 0.0546875 0.02272727273
vt 0.0546875 0.02272727273
vt 0.0546875 0.02272727273
vt 0.1701371146 0.5212206639
vt 0.1684465136 0.5213371667
vt 0.1839999993 0.5200000012
vt 0.0546875 0.02272727273
vt 0.0546875 0.02272727273
vt 0.0546875 0.02272727273
vt 0.0546875 0.02272727273
vt 0.0546875 0.02272727273
vt 0.0546875 0.02272727273
vt 0.1600000012 0.5180606038
vt 0.1849999994 0.5044848505
vt 0.1839999993 0.5200000012
vt 0.1849999999 0.5044848505
vt 0.1950975591 0.520430453
vt 0.1839999993 0.5200000012
vt 0.0546875 0.02272727273
vt 0.0546875 0.02272727273
vt 0.0546875 0.02272727273
vt 0.0546875 0.02272727273
vt 0.0546875 0.02272727273
vt 0.0546875 0.02272727273
vt 0.0546875 0.02272727273
vt 0.0546875 0.02272727273
vt 0.0546875 0.02272727273
vt 0.1701371146 0.5212206639
vt 0.1839999993 0.5200000012
vt 0.179401182 0.5209536327
vt 0.0546875 0.02272727273
vt 0.0546875 0.02272727273
vt 0.0546875 0.02272727273
vt 0.179401182 0.5209536327
vt 0.1839999993 0.5200000012
vt 0.1822277005 0.5208936684
vt 0.0546875 0.02272727273
vt 0.0546875 0.02272727273
vt 0.0546875 0.02272727273
vt 0.1839999993 0.5200000011
vt 0.1837430314 0.5208410427
vt 0.1822277005 0.5208936684
vt 0.1839999993 0.5200000011
vt 0.1845331168 0.5207985342
vt 0.1839378705 0.5208434526
vt 0.1839999993 0.5200000011
vt 0.1839378706 0.5208434526
vt 0.1837430314 0.5208410427
vt 0.0546875 0.02272727273
vt 0.0546875 0.02272727273
vt 0.0546875 0.02272727273
vt 0.0546875 0.02272727273
vt 0.0546875 0.02272727273
vt 0.0546875 0.02272727273
vt 0.0546875 0.02272727273
vt 0.0546875 0.02272727273
vt 0.0546875 0.02272727273
vt 0.1839999993 0.5200000011
vt 0.1950975591 0.520430453
vt 0.1845331168 0.5207985342
vt 0.1849999999 0.5044848505
vt 0.1996147165 0.5202756213
vt 0.1991407896 0.5202736961
vt 0.1849999999 0.5044848505
vt 0.1991407896 0.5202736961
vt 0.1950975591 0.520430453
vt 0.1849999999 0.5044848505
vt 0.2086192848 0.5207081982
vt 0.1996147165 0.5202756213
vt 0.0546875 0.02272727273
vt 0.0546875 0.02272727273
vt 0.0546875 0.02272727273
vt 0.0546875 0.02272727273
vt 0.0546875 0.02272727273
vt 0.0546875 0.02272727273
vt 0.0546875 0.02272727273
vt 0.0546875 0.02272727273
vt 0.0546875 0.02272727273
vt 0.0546875 0.02272727273
vt 0.0546875 0.02272727273
vt 0.0546875 0.02272727273
vt 0.0546875 0.02272727273
vt 0.0546875 0.02272727273
vt 0.0546875 0.02272727273
vt 0.0546875 0.02272727273
vt 0.0546875 0.02272727273
vt 0.0546875 0.02272727273
vt 0.0546875 0.02272727273
vt 0.0546875 0.02272727273
vt 0.0546875 0.02272727273
vt 0.0546875 0.02272727273
vt 0.0546875 0.02272727273
vt 0.0546875 0.02272727273
vt 0.05099999994 0.5180606066
vt 0.06000000037 0.528727267
vt 0.04999999962 0.5277575795
vt 0.05100000022 0.5180606064
vt 0.06199999958 0.5190303028
vt 0.05999999983 0.5287272672
vt 0.0619999987 0.5190303026
vt 0.06941333286 0.5298133374
vt 0.05999999845 0.5287272669
vt 0.04999999962 0.52775758
vt 0.06000000031 0.5287272669
vt 0.05799999972 0.537454546
vt 0.0499999989 0.5277575803
vt 0.05799999904 0.5374545465
vt 0.04899999982 0.5364848492
vt 0.0546875 0.02272727273
vt 0.0546875 0.02272727273
vt 0.0546875 0.02272727273
vt 0.0546875 0.02272727273
vt 0.0546875 0.02272727273
vt 0.0546875 0.02272727273
vt 0.0546875 0.02272727273
vt 0.0546875 0.02272727273
vt 0.0546875 0.02272727273
vt 0.05999999872 0.5287272666
vt 0.06933668399 0.5310418807
vt 0.05799999811 0.5374545457
vt 0.05799999891 0.5374545472
vt 0.06933668334 0.5310418801
vt 0.06600000086 0.5384242402
vt 0.0546875 0.02272727273
vt 0.0546875 0.02272727273
vt 0.0546875 0.02272727273
vt 0.0546875 0.02272727273
vt 0.0546875 0.02272727273
vt 0.0546875 0.02272727273
vt 0.0546875 0.02272727273
vt 0.0546875 0.02272727273
vt 0.0546875 0.02272727273
vt 0.0546875 0.02272727273
vt 0.0546875 0.02272727273
vt 0.0546875 0.02272727273
vt 0.06199999813 0.519030303
vt 0.07044392707 0.5202900028
vt 0.06941333231 0.5298133377
vt 0.05999999845 0.5287272669
vt 0.06941333286 0.5298133374
vt 0.06937853191 0.5305461424
vt 0.07522613408 0.5210574132
vt 0.09000000279 0.5267878808
vt 0.07380165766 0.5299293811
vt 0.07380165818 0.529929381
vt 0.09000000291 0.5267878803
vt 0.07900000037 0.5345454595
vt 0.05999999872 0.5287272666
vt 0.06937853177 0.5305461426
vt 0.06933668399 0.5310418807
vt 0.0546875 0.02272727273
vt 0.0546875 0.02272727273
vt 0.0546875 0.02272727273
vt 0.0546875 0.02272727273
vt 0.0546875 0.02272727273
vt 0.0546875 0.02272727273
vt 0.0546875 0.02272727273
vt 0.0546875 0.02272727273
vt 0.0546875 0.02272727273
vt 0.06933668334 0.5310418801
vt 0.06900000026 0.5326060639
vt 0.06600000086 0.5384242402
vt 0.06900000229 0.5326060648
vt 0.06834426138 0.5377247888
vt 0.06600000183 0.5384242406
vt 0.0546875 0.02272727273
vt 0.0546875 0.02272727273
vt 0.0546875 0.02272727273
vt 0.0546875 0.02272727273
vt 0.0546875 0.02272727273
vt 0.0546875 0.02272727273
vt 0.0546875 0.02272727273
vt 0.0546875 0.02272727273
vt 0.0546875 0.02272727273
vt 0.07380165818 0.529929381
vt 0.07900000037 0.5345454595
vt 0.07440426194 0.532564804
vt 0.07440426149 0.5325648041
vt 0.07899999979 0.5345454598
vt 0.07423664578 0.5359666927
vt 0.07423664588 0.5359666918
vt 0.07899999999 0.5345454589
vt 0.07521053073 0.5376076559
vt 0.0546875 0.02272727273
vt 0.0546875 0.02272727273
vt 0.0546875 0.02272727273
vt 0.07899999993 0.5345454595
vt 0.07508265099 0.5398427186
vt 0.07521053065 0.5376076564
vt 0.0546875 0.02272727273
vt 0.0546875 0.02272727273
vt 0.0546875 0.02272727273
vt 0.0546875 0.02272727273
vt 0.0546875 0.02272727273
vt 0.0546875 0.02272727273
vt 0.0546875 0.02272727273
vt 0.0546875 0.02272727273
vt 0.0546875 0.02272727273
vt 0.0546875 0.02272727273
vt 0.0546875 0.02272727273
vt 0.0546875 0.02272727273
vt 0.0546875 0.02272727273
vt 0.0546875 0.02272727273
vt 0.0546875 0.02272727273
vt 0.0546875 0.02272727273
vt 0.0546875 0.02272727273
vt 0.0546875 0.02272727273
vt 0.0546875 0.02272727273
vt 0.0546875 0.02272727273
vt 0.0546875 0.02272727273
vt 0.04899999986 0.5364848491
vt 0.0579999991 0.5374545464
vt 0.05700000007 0.5452121213
vt 0.04899999991 0.5364848491
vt 0.05700000032 0.5452121211
vt 0.04800000049 0.5442424209
vt 0.0546875 0.02272727273
vt 0.0546875 0.02272727273
vt 0.0546875 0.02272727273
vt 0.0546875 0.02272727273
vt 0.0546875 0.02272727273
vt 0.0546875 0.02272727273
vt 0.0546875 0.02272727273
vt 0.0546875 0.02272727273
vt 0.0546875 0.02272727273
vt 0.05799999925 0.5374545464
vt 0.06600000053 0.5384242404
vt 0.05700000011 0.5452121213
vt 0.05700000012 0.5452121213
vt 0.06600000049 0.5384242405
vt 0.06499999902 0.5452121196
vt 0.0546875 0.02272727273
vt 0.0546875 0.02272727273
vt 0.0546875 0.02272727273
vt 0.04799999979 0.5442424206
vt 0.05221666379 0.5496658872
vt 0.04799999994 0.5488825061
vt 0.0546875 0.02272727273
vt 0.0546875 0.02272727273
vt 0.0546875 0.02272727273
vt 0.04799999979 0.5442424206
vt 0.05319061873 0.5499049211
vt 0.05221666379 0.5496658872
vt 0.0546875 0.02272727273
vt 0.0546875 0.02272727273
vt 0.0546875 0.02272727273
vt 0.04800000038 0.5442424203
vt 0.05700000029 0.5452121213
vt 0.05319061913 0.5499049206
vt 0.0546875 0.02272727273
vt 0.0546875 0.02272727273
vt 0.0546875 0.02272727273
vt 0.05319061913 0.5499049206
vt 0.05700000029 0.5452121213
vt 0.0563305108 0.5504057323
vt 0.0546875 0.02272727273
vt 0.0546875 0.02272727273
vt 0.0546875 0.02272727273
vt 0.05700000011 0.5452121213
vt 0.06499999909 0.5452121195
vt 0.05897517309 0.5504052333
vt 0.05700000011 0.5452121213
vt 0.05897517309 0.5504052333
vt 0.0563305107 0.5504057323
vt 0.0546875 0.02272727273
vt 0.0546875 0.02272727273
vt 0.0546875 0.02272727273
vt 0.0546875 0.02272727273
vt 0.0546875 0.02272727273
vt 0.0546875 0.02272727273
vt 0.0546875 0.02272727273
vt 0.0546875 0.02272727273
vt 0.0546875 0.02272727273
vt 0.05897517353 0.5504052333
vt 0.0649999993 0.5452121194
vt 0.05925753033 0.5504041043
vt 0.0546875 0.02272727273
vt 0.0546875 0.02272727273
vt 0.0546875 0.02272727273
vt 0.05925753033 0.5504041043
vt 0.0649999993 0.5452121194
vt 0.06358581526 0.5506974452
vt 0.0546875 0.02272727273
vt 0.0546875 0.02272727273
vt 0.0546875 0.02272727273
vt 0.0546875 0.02272727273
vt 0.0546875 0.02272727273
vt 0.0546875 0.02272727273
vt 0.0546875 0.02272727273
vt 0.0546875 0.02272727273
vt 0.0546875 0.02272727273
vt 0.06600000156 0.5384242403
vt 0.06834426159 0.5377247894
vt 0.06810000148 0.5387151523
vt 0.0546875 0.02272727273
vt 0.0546875 0.02272727273
vt 0.0546875 0.02272727273
vt 0.0546875 0.02272727273
vt 0.0546875 0.02272727273
vt 0.0546875 0.02272727273
vt 0.06600000139 0.5384242407
vt 0.06810000144 0.5387151527
vt 0.06795081597 0.5430660648
vt 0.0546875 0.02272727273
vt 0.0546875 0.02272727273
vt 0.0546875 0.02272727273
vt 0.0546875 0.02272727273
vt 0.0546875 0.02272727273
vt 0.0546875 0.02272727273
vt 0.0546875 0.02272727273
vt 0.0546875 0.02272727273
vt 0.0546875 0.02272727273
vt 0.06600000139 0.5384242407
vt 0.06795081597 0.5430660648
vt 0.06499999654 0.5452121192
vt 0.0546875 0.02272727273
vt 0.0546875 0.02272727273
vt 0.0546875 0.02272727273
vt 0.06795081762 0.5430660648
vt 0.06748276005 0.5452121204
vt 0.06499999743 0.5452121192
vt 0.0546875 0.02272727273
vt 0.0546875 0.02272727273
vt 0.0546875 0.02272727273
vt 0.0546875 0.02272727273
vt 0.0546875 0.02272727273
vt 0.0546875 0.02272727273
vt 0.0546875 0.02272727273
vt 0.0546875 0.02272727273
vt 0.0546875 0.02272727273
vt 0.0546875 0.02272727273
vt 0.0546875 0.02272727273
vt 0.0546875 0.02272727273
vt 0.0546875 0.02272727273
vt 0.0546875 0.02272727273
vt 0.0546875 0.02272727273
vt 0.07899999993 0.5345454595
vt 0.08199999761 0.5413333331
vt 0.07508265099 0.5398427186
vt 0.07508265147 0.5398427185
vt 0.08199999752 0.5413333332
vt 0.07484616046 0.5444164707
vt 0.07899999999 0.5345454592
vt 0.0912186347 0.541210168
vt 0.08199999702 0.5413333329
vt 0.0546875 0.02272727273
vt 0.0546875 0.02272727273
vt 0.0546875 0.02272727273
vt 0.0546875 0.02272727273
vt 0.0546875 0.02272727273
vt 0.0546875 0.02272727273
vt 0.0546875 0.02272727273
vt 0.0546875 0.02272727273
vt 0.0546875 0.02272727273
vt 0.0546875 0.02272727273
vt 0.0546875 0.02272727273
vt 0.0546875 0.02272727273
vt 0.0748461607 0.5444164713
vt 0.08199999825 0.5461818141
vt 0.0753478341 0.5454650919
vt 0.0748461607 0.5444164713
vt 0.08199999785 0.5413333343
vt 0.08199999825 0.5461818141
vt 0.08199999715 0.5413333339
vt 0.0837190615 0.5436670926
vt 0.0836864358 0.5437429349
vt 0.08199999715 0.5413333339
vt 0.08260709872 0.5464172984
vt 0.08199999517 0.5461818134
vt 0.08199999715 0.5413333339
vt 0.0836864358 0.5437429349
vt 0.08260709872 0.5464172984
vt 0.07534783389 0.5454650892
vt 0.08199999829 0.5461818166
vt 0.07707247136 0.5471374594
vt 0.0546875 0.02272727273
vt 0.0546875 0.02272727273
vt 0.0546875 0.02272727273
vt 0.4170476277 0.1033074062
vt 0.4179999991 0.1088484825
vt 0.4160000024 0.1059393969
vt 0.417047623 0.1033074081
vt 0.4199999958 0.1069090969
vt 0.4179999982 0.1088484829
vt 0.4760000034 0.1078787827
vt 0.4757571606 0.10858523
vt 0.475219561 0.10813105
vt 0.0546875 0.02272727273
vt 0.0546875 0.02272727273
vt 0.0546875 0.02272727273
vt 0.0546875 0.02272727273
vt 0.0546875 0.02272727273
vt 0.0546875 0.02272727273
vt 0.08199999706 0.5413333327
vt 0.08786948305 0.5422089682
vt 0.08371906029 0.5436670926
vt 0.0546875 0.02272727273
vt 0.0546875 0.02272727273
vt 0.0546875 0.02272727273
vt 0.06499999737 0.5452121189
vt 0.06748276002 0.5452121204
vt 0.06663436261 0.5498734034
vt 0.06499999737 0.5452121189
vt 0.06663436261 0.5498734034
vt 0.06358581617 0.5506974454
vt 0.06748276002 0.5452121204
vt 0.06675009366 0.5498421164
vt 0.06663436261 0.5498734034
vt 0.0546875 0.02272727273
vt 0.0546875 0.02272727273
vt 0.0546875 0.02272727273
vt 0.0546875 0.02272727273
vt 0.0546875 0.02272727273
vt 0.0546875 0.02272727273
vt 0.0546875 0.02272727273
vt 0.0546875 0.02272727273
vt 0.0546875 0.02272727273
vt 0.417047623 0.1033074081
vt 0.4170434815 0.1030865262
vt 0.4199999958 0.1069090969
vt 0.0546875 0.02272727273
vt 0.0546875 0.02272727273
vt 0.0546875 0.02272727273
vt 0.0546875 0.02272727273
vt 0.0546875 0.02272727273
vt 0.0546875 0.02272727273
vt 0.0546875 0.02272727273
vt 0.0546875 0.02272727273
vt 0.0546875 0.02272727273
vt 0.0546875 0.02272727273
vt 0.0546875 0.02272727273
vt 0.0546875 0.02272727273
vt 0.0546875 0.02272727273
vt 0.0546875 0.02272727273
vt 0.0546875 0.02272727273
vt 0.0900000036 0.5267878809
vt 0.1120000005 0.5287272755
vt 0.1016542685 0.5375792316
vt 0.0790000005 0.53454546
vt 0.09000000321 0.5267878809
vt 0.09121863516 0.5412101685
vt 0.0900000036 0.5267878809
vt 0.1016542685 0.5375792316
vt 0.09640717604 0.5393398903
vt 0.09000000321 0.5267878809
vt 0.09254161313 0.5407453979
vt 0.09121863516 0.5412101685
vt 0.0546875 0.02272727273
vt 0.0546875 0.02272727273
vt 0.0546875 0.02272727273
vt 0.0546875 0.02272727273
vt 0.0546875 0.02272727273
vt 0.0546875 0.02272727273
vt 0.09000000321 0.5267878809
vt 0.09408527533 0.5402569102
vt 0.09254161313 0.5407453979
vt 0.0900000036 0.5267878809
vt 0.09640717604 0.5393398903
vt 0.09408527513 0.5402569103
vt 0.0546875 0.02272727273
vt 0.0546875 0.02272727273
vt 0.0546875 0.02272727273
vt 0.0546875 0.02272727273
vt 0.0546875 0.02272727273
vt 0.0546875 0.02272727273
vt 0.0546875 0.02272727273
vt 0.0546875 0.02272727273
vt 0.0546875 0.02272727273
vt 0.0546875 0.02272727273
vt 0.0546875 0.02272727273
vt 0.0546875 0.02272727273
vt 0.0546875 0.02272727273
vt 0.0546875 0.02272727273
vt 0.0546875 0.02272727273
vt 0.1120000006 0.5287272754
vt 0.1172105177 0.5320956881
vt 0.1127085423 0.5338803238
vt 0.0546875 0.02272727273
vt 0.0546875 0.02272727273
vt 0.0546875 0.02272727273
vt 0.0546875 0.02272727273
vt 0.0546875 0.02272727273
vt 0.0546875 0.02272727273
vt 0.0546875 0.02272727273
vt 0.0546875 0.02272727273
vt 0.0546875 0.02272727273
vt 0.0546875 0.02272727273
vt 0.0546875 0.02272727273
vt 0.0546875 0.02272727273
vt 0.0546875 0.02272727273
vt 0.0546875 0.02272727273
vt 0.0546875 0.02272727273
vt 0.1071999737 0.535533941
vt 0.1120000004 0.5287272754
vt 0.1089405079 0.5349040237
vt 0.1016542686 0.5375792317
vt 0.1120000004 0.5287272754
vt 0.1071999737 0.535533941
vt 0.1089405079 0.5349040237
vt 0.1120000004 0.5287272754
vt 0.1094693472 0.5347423924
vt 0.1094693472 0.5347423924
vt 0.1120000004 0.5287272754
vt 0.1127085419 0.5338803239
vt 0.0546875 0.02272727273
vt 0.0546875 0.02272727273
vt 0.0546875 0.02272727273
vt 0.0546875 0.02272727273
vt 0.0546875 0.02272727273
vt 0.0546875 0.02272727273
vt 0.0546875 0.02272727273
vt 0.0546875 0.02272727273
vt 0.0546875 0.02272727273
vt 0.0546875 0.02272727273
vt 0.0546875 0.02272727273
vt 0.0546875 0.02272727273
vt 0.1120000005 0.5287272755
vt 0.1312068799 0.5274900591
vt 0.1234846368 0.5296956797
vt 0.1120000007 0.5287272754
vt 0.1233918908 0.5297269701
vt 0.1172105178 0.5320956881
vt 0.1120000007 0.5287272754
vt 0.1234846371 0.5296956795
vt 0.1234837623 0.5296959306
vt 0.1120000007 0.5287272754
vt 0.1234837623 0.5296959306
vt 0.1233918908 0.5297269701
vt 0.0546875 0.02272727273
vt 0.0546875 0.02272727273
vt 0.0546875 0.02272727273
vt 0.0546875 0.02272727273
vt 0.0546875 0.02272727273
vt 0.0546875 0.02272727273
vt 0.0546875 0.02272727273
vt 0.0546875 0.02272727273
vt 0.0546875 0.02272727273
vt 0.0546875 0.02272727273
vt 0.0546875 0.02272727273
vt 0.0546875 0.02272727273
vt 0.0546875 0.02272727273
vt 0.0546875 0.02272727273
vt 0.0546875 0.02272727273
vt 0.0546875 0.02272727273
vt 0.0546875 0.02272727273
vt 0.0546875 0.02272727273
vt 0.0546875 0.02272727273
vt 0.0546875 0.02272727273
vt 0.0546875 0.02272727273
vt 0.4179999995 0.1115061629
vt 0.4176666692 0.1109171645
vt 0.417999998 0.1107878768
vt 0.4783703641 0.1032817156
vt 0.4779999982 0.1040000016
vt 0.4765714528 0.1019221224
vt 0.0546875 0.02272727273
vt 0.0546875 0.02272727273
vt 0.0546875 0.02272727273
vt 0.4779999984 0.1040000014
vt 0.4758823535 0.1013190816
vt 0.4765714532 0.101922122
vt 0.0546875 0.02272727273
vt 0.0546875 0.02272727273
vt 0.0546875 0.02272727273
vt 0.416000004 0.1059393958
vt 0.4179999984 0.1107878768
vt 0.4175454577 0.1104940319
vt 0.4176666705 0.1109171644
vt 0.4175454582 0.1104940315
vt 0.4179999986 0.1107878767
vt 0.0546875 0.02272727273
vt 0.0546875 0.02272727273
vt 0.0546875 0.02272727273
vt 0.4779999984 0.1040000014
vt 0.4740000015 0.104969695
vt 0.4758823535 0.1013190816
vt 0.4770000005 0.1059393948
vt 0.4740000017 0.1049696956
vt 0.4779999983 0.1040000014
vt 0.4160000036 0.1059393964
vt 0.4179999983 0.1088484834
vt 0.4179999985 0.1107878767
vt 0.477000001 0.1059393941
vt 0.4743628895 0.1078572905
vt 0.4740000012 0.1049696937
vt 0.4760000048 0.1078787832
vt 0.4743628891 0.1078572906
vt 0.4770000001 0.1059393933
vt 0.4760000048 0.1078787832
vt 0.4752195614 0.1081310493
vt 0.4743628891 0.1078572906
vt 0.0546875 0.02272727273
vt 0.0546875 0.02272727273
vt 0.0546875 0.02272727273
vt 0.4740000012 0.1049696937
vt 0.4743628895 0.1078572905
vt 0.4734131525 0.1072459446
vt 0.4739999983 0.1049696932
vt 0.475538434 0.1014638894
vt 0.4758823522 0.1013190822
vt 0.0546875 0.02272727273
vt 0.0546875 0.02272727273
vt 0.0546875 0.02272727273
vt 0.0546875 0.02272727273
vt 0.0546875 0.02272727273
vt 0.0546875 0.02272727273
vt 0.4739999983 0.1049696932
vt 0.4704544852 0.1055721362
vt 0.475538434 0.1014638894
vt 0.0546875 0.02272727273
vt 0.0546875 0.02272727273
vt 0.0546875 0.02272727273
vt 0.08199999702 0.5413333329
vt 0.0912186347 0.541210168
vt 0.08786948301 0.542208968
vt 0.0546875 0.02272727273
vt 0.0546875 0.02272727273
vt 0.0546875 0.02272727273
vt 0.0546875 0.02272727273
vt 0.0546875 0.02272727273
vt 0.0546875 0.02272727273
vt 0.0546875 0.02272727273
vt 0.0546875 0.02272727273
vt 0.0546875 0.02272727273
vt 0.0546875 0.02272727273
vt 0.0546875 0.02272727273
vt 0.0546875 0.02272727273
vt 0.4739999974 0.1049696924
vt 0.4734131525 0.1072459446
vt 0.4719304807 0.1063745297
vt 0.4739999974 0.1049696924
vt 0.4719304807 0.1063745297
vt 0.4716205085 0.1062112988
vt 0.4739999974 0.1049696924
vt 0.4716205085 0.1062112988
vt 0.4707253312 0.1057635475
vt 0.4739999983 0.1049696932
vt 0.4707253326 0.1057635486
vt 0.4704544852 0.1055721362
vt 0.0546875 0.02272727273
vt 0.0546875 0.02272727273
vt 0.0546875 0.02272727273
vt 0.0546875 0.02272727273
vt 0.0546875 0.02272727273
vt 0.0546875 0.02272727273
vt 0.0546875 0.02272727273
vt 0.0546875 0.02272727273
vt 0.0546875 0.02272727273
vt 0.0546875 0.02272727273
vt 0.0546875 0.02272727273
vt 0.0546875 0.02272727273
vt 0.0546875 0.02272727273
vt 0.0546875 0.02272727273
vt 0.0546875 0.02272727273
vt 0.4755384337 0.1014638895
vt 0.4704544857 0.1055721362
vt 0.4704897971 0.1030896792
vt 0.4701023752 0.1053437787
vt 0.4704897971 0.1030896792
vt 0.4704544857 0.1055721362
vt 0.4701023755 0.1053437784
vt 0.4682936393 0.1045861636
vt 0.4704897972 0.103089679
vt 0.0546875 0.02272727273
vt 0.0546875 0.02272727273
vt 0.0546875 0.02272727273
vt 0.0546875 0.02272727273
vt 0.0546875 0.02272727273
vt 0.0546875 0.02272727273
vt 0.0546875 0.02272727273
vt 0.0546875 0.02272727273
vt 0.0546875 0.02272727273
vt 0.0546875 0.02272727273
vt 0.0546875 0.02272727273
vt 0.0546875 0.02272727273
vt 0.0546875 0.02272727273
vt 0.0546875 0.02272727273
vt 0.0546875 0.02272727273
vt 0.0546875 0.02272727273
vt 0.0546875 0.02272727273
vt 0.0546875 0.02272727273
vt 0.0546875 0.02272727273
vt 0.0546875 0.02272727273
vt 0.0546875 0.02272727273
vt 0.0546875 0.02272727273
vt 0.0546875 0.02272727273
vt 0.0546875 0.02272727273
vt 0.0546875 0.02272727273
vt 0.0546875 0.02272727273
vt 0.0546875 0.02272727273
vt 0.0546875 0.02272727273
vt 0.0546875 0.02272727273
vt 0.0546875 0.02272727273
vt 0.0546875 0.02272727273
vt 0.0546875 0.02272727273
vt 0.0546875 0.02272727273
vt 0.0546875 0.02272727273
vt 0.0546875 0.02272727273
vt 0.0546875 0.02272727273
vt 0.0546875 0.02272727273
vt 0.0546875 0.02272727273
vt 0.0546875 0.02272727273
vt 0.0546875 0.02272727273
vt 0.0546875 0.02272727273
vt 0.0546875 0.02272727273
vt 0.0546875 0.02272727273
vt 0.0546875 0.02272727273
vt 0.0546875 0.02272727273
vt 0.0546875 0.02272727273
vt 0.0546875 0.02272727273
vt 0.0546875 0.02272727273
vt 0.0546875 0.02272727273
vt 0.0546875 0.02272727273
vt 0.0546875 0.02272727273
vt 0.0546875 0.02272727273
vt 0.0546875 0.02272727273
vt 0.0546875 0.02272727273
vt 0.0546875 0.02272727273
vt 0.0546875 0.02272727273
vt 0.0546875 0.02272727273
vt 0.0546875 0.02272727273
vt 0.0546875 0.02272727273
vt 0.0546875 0.02272727273
vt 0.0546875 0.02272727273
vt 0.0546875 0.02272727273
vt 0.0546875 0.02272727273
vt 0.0546875 0.02272727273
vt 0.0546875 0.02272727273
vt 0.0546875 0.02272727273
vt 0.0546875 0.02272727273
vt 0.0546875 0.02272727273
vt 0.0546875 0.02272727273
vt 0.0546875 0.02272727273
vt 0.0546875 0.02272727273
vt 0.0546875 0.02272727273
vt 0.0546875 0.02272727273
vt 0.0546875 0.02272727273
vt 0.0546875 0.02272727273
vt 0.0546875 0.02272727273
vt 0.0546875 0.02272727273
vt 0.0546875 0.02272727273
vt 0.0546875 0.02272727273
vt 0.0546875 0.02272727273
vt 0.0546875 0.02272727273
vt 0.3669999998 0.5035151499
vt 0.3530000003 0.5229090914
vt 0.3539999998 0.503515152
vt 0.3669999998 0.5035151498
vt 0.3660000002 0.5238787904
vt 0.3530000003 0.5229090914
vt 0.3539999988 0.5035151519
vt 0.3390000026 0.5219393962
vt 0.3400000003 0.503515154
vt 0.3539999987 0.5035151518
vt 0.3529999998 0.5229090914
vt 0.3390000027 0.5219393965
vt 0.3400000004 0.503515154
vt 0.3390000038 0.5219393963
vt 0.3219999979 0.5219393934
vt 0.0546875 0.02272727273
vt 0.0546875 0.02272727273
vt 0.0546875 0.02272727273
vt 0.0546875 0.02272727273
vt 0.0546875 0.02272727273
vt 0.0546875 0.02272727273
vt 0.0546875 0.02272727273
vt 0.0546875 0.02272727273
vt 0.0546875 0.02272727273
vt 0.3660000002 0.5238787902
vt 0.3520000003 0.5403636385
vt 0.3530000003 0.5229090914
vt 0.3660000003 0.5238787904
vt 0.3649999996 0.5423030281
vt 0.3520000003 0.5403636387
vt 0.0546875 0.02272727273
vt 0.0546875 0.02272727273
vt 0.0546875 0.02272727273
vt 0.0546875 0.02272727273
vt 0.0546875 0.02272727273
vt 0.0546875 0.02272727273
vt 0.0546875 0.02272727273
vt 0.0546875 0.02272727273
vt 0.0546875 0.02272727273
vt 0.3529999998 0.5229090914
vt 0.3369999977 0.539393937
vt 0.3390000026 0.5219393964
vt 0.3529999998 0.5229090914
vt 0.3520000006 0.5403636385
vt 0.3369999973 0.539393937
vt 0.3390000034 0.5219393963
vt 0.3369999966 0.5393939371
vt 0.3209999962 0.5393939397
vt 0.0546875 0.02272727273
vt 0.0546875 0.02272727273
vt 0.0546875 0.02272727273
vt 0.2109999997 0.5054545466
vt 0.2350000004 0.5064242438
vt 0.2093979516 0.5207470708
vt 0.257999998 0.5219393933
vt 0.2830000018 0.5054545447
vt 0.2809999986 0.52290909
vt 0.2350000005 0.5064242438
vt 0.2600000012 0.5054545441
vt 0.2340000006 0.5219393921
vt 0.2340000007 0.521939392
vt 0.2600000012 0.505454544
vt 0.2579999977 0.5219393934
vt 0.2600000013 0.5054545441
vt 0.2830000019 0.5054545448
vt 0.257999998 0.5219393933
vt 0.0546875 0.02272727273
vt 0.0546875 0.02272727273
vt 0.0546875 0.02272727273
vt 0.0546875 0.02272727273
vt 0.0546875 0.02272727273
vt 0.0546875 0.02272727273
vt 0.0546875 0.02272727273
vt 0.0546875 0.02272727273
vt 0.0546875 0.02272727273
vt 0.0546875 0.02272727273
vt 0.0546875 0.02272727273
vt 0.0546875 0.02272727273
vt 0.0546875 0.02272727273
vt 0.0546875 0.02272727273
vt 0.0546875 0.02272727273
vt 0.0546875 0.02272727273
vt 0.0546875 0.02272727273
vt 0.0546875 0.02272727273
vt 0.0546875 0.02272727273
vt 0.0546875 0.02272727273
vt 0.0546875 0.02272727273
vt 0.0546875 0.02272727273
vt 0.0546875 0.02272727273
vt 0.0546875 0.02272727273
vt 0.0546875 0.02272727273
vt 0.0546875 0.02272727273
vt 0.0546875 0.02272727273
vt 0.0546875 0.02272727273
vt 0.0546875 0.02272727273
vt 0.0546875 0.02272727273
vt 0.0546875 0.02272727273
vt 0.0546875 0.02272727273
vt 0.0546875 0.02272727273
vt 0.0546875 0.02272727273
vt 0.0546875 0.02272727273
vt 0.0546875 0.02272727273
vt 0.0546875 0.02272727273
vt 0.0546875 0.02272727273
vt 0.0546875 0.02272727273
vt 0.0546875 0.02272727273
vt 0.0546875 0.02272727273
vt 0.0546875 0.02272727273
vt 0.2109999998 0.5054545466
vt 0.2090309395 0.5207296797
vt 0.2086192846 0.5207081982
vt 0.2109999997 0.5054545466
vt 0.2093979516 0.5207470708
vt 0.2090309392 0.5207296797
vt 0.209397952 0.5207470708
vt 0.2350000006 0.5064242438
vt 0.2135789542 0.5209035456
vt 0.2135789542 0.5209035456
vt 0.2350000006 0.5064242438
vt 0.2147877621 0.5209542598
vt 0.2147877621 0.5209542598
vt 0.2350000006 0.5064242438
vt 0.2149230121 0.5209657109
vt 0.2149230121 0.5209657109
vt 0.2350000006 0.5064242438
vt 0.2176440745 0.521304983
vt 0.0546875 0.02272727273
vt 0.0546875 0.02272727273
vt 0.0546875 0.02272727273
vt 0.0546875 0.02272727273
vt 0.0546875 0.02272727273
vt 0.0546875 0.02272727273
vt 0.0546875 0.02272727273
vt 0.0546875 0.02272727273
vt 0.0546875 0.02272727273
vt 0.0546875 0.02272727273
vt 0.0546875 0.02272727273
vt 0.0546875 0.02272727273
vt 0.2176440745 0.521304983
vt 0.2350000006 0.5064242438
vt 0.2340000006 0.5219393921
vt 0.0546875 0.02272727273
vt 0.0546875 0.02272727273
vt 0.0546875 0.02272727273
vt 0.0546875 0.02272727273
vt 0.0546875 0.02272727273
vt 0.0546875 0.02272727273
vt 0.0546875 0.02272727273
vt 0.0546875 0.02272727273
vt 0.0546875 0.02272727273
vt 0.0546875 0.02272727273
vt 0.0546875 0.02272727273
vt 0.0546875 0.02272727273
vt 0.230890105 0.523009851
vt 0.2295874998 0.522792945
vt 0.2340000006 0.5219393921
vt 0.230890105 0.523009851
vt 0.2340000006 0.5219393921
vt 0.2315229097 0.5231404057
vt 0.2315229097 0.5231404056
vt 0.2340000006 0.521939392
vt 0.2338807142 0.523674461
vt 0.2176440745 0.521304983
vt 0.2340000006 0.5219393921
vt 0.2295874998 0.522792945
vt 0.2340000006 0.521939392
vt 0.244078501 0.5253896274
vt 0.2338807142 0.523674461
vt 0.2340000006 0.521939392
vt 0.2454931324 0.5256832082
vt 0.244078501 0.5253896274
vt 0.0546875 0.02272727273
vt 0.0546875 0.02272727273
vt 0.0546875 0.02272727273
vt 0.249717653 0.526758209
vt 0.2454931324 0.5256832082
vt 0.2579999977 0.5219393934
vt 0.2340000006 0.521939392
vt 0.2579999977 0.5219393934
vt 0.2454931324 0.5256832082
vt 0.257999998 0.5219393934
vt 0.2809999985 0.52290909
vt 0.2660637855 0.5313578587
vt 0.0546875 0.02272727273
vt 0.0546875 0.02272727273
vt 0.0546875 0.02272727273
vt 0.0546875 0.02272727273
vt 0.0546875 0.02272727273
vt 0.0546875 0.02272727273
vt 0.2676803421 0.5318199477
vt 0.2809999985 0.5229090901
vt 0.2734652735 0.5336513198
vt 0.0546875 0.02272727273
vt 0.0546875 0.02272727273
vt 0.0546875 0.02272727273
vt 0.0546875 0.02272727273
vt 0.0546875 0.02272727273
vt 0.0546875 0.02272727273
vt 0.0546875 0.02272727273
vt 0.0546875 0.02272727273
vt 0.0546875 0.02272727273
vt 0.0546875 0.02272727273
vt 0.0546875 0.02272727273
vt 0.0546875 0.02272727273
vt 0.0546875 0.02272727273
vt 0.0546875 0.02272727273
vt 0.0546875 0.02272727273
vt 0.0546875 0.02272727273
vt 0.0546875 0.02272727273
vt 0.0546875 0.02272727273
vt 0.0546875 0.02272727273
vt 0.0546875 0.02272727273
vt 0.0546875 0.02272727273
vt 0.0546875 0.02272727273
vt 0.0546875 0.02272727273
vt 0.0546875 0.02272727273
vt 0.249717653 0.5267582091
vt 0.2579999977 0.5219393935
vt 0.2561196933 0.5281823316
vt 0.2579999977 0.5219393935
vt 0.2575459475 0.528543743
vt 0.2561196933 0.5281823316
vt 0.257999998 0.5219393934
vt 0.2592363773 0.5290410305
vt 0.2575459476 0.5285437427
vt 0.257999998 0.5219393934
vt 0.2660637855 0.5313578587
vt 0.2592363773 0.5290410305
vt 0.2660637854 0.5313578587
vt 0.2809999985 0.5229090901
vt 0.2676803421 0.5318199477
vt 0.3039999991 0.5044848492
vt 0.3229999992 0.5035151502
vt 0.3029999997 0.5219393964
vt 0.3400000003 0.5035151542
vt 0.3219999979 0.5219393933
vt 0.322999999 0.5035151501
vt 0.3029999997 0.5219393965
vt 0.3229999991 0.5035151501
vt 0.3219999978 0.5219393934
vt 0.3039999988 0.5044848492
vt 0.2809999985 0.52290909
vt 0.2830000015 0.5054545447
vt 0.3039999988 0.5044848492
vt 0.3029999995 0.5219393964
vt 0.2809999984 0.5229090901
vt 0.3029999997 0.5219393965
vt 0.3219999978 0.5219393933
vt 0.3019999982 0.5384242401
vt 0.0546875 0.02272727273
vt 0.0546875 0.02272727273
vt 0.0546875 0.02272727273
vt 0.0546875 0.02272727273
vt 0.0546875 0.02272727273
vt 0.0546875 0.02272727273
vt 0.3390000037 0.5219393964
vt 0.320999996 0.5393939397
vt 0.3219999979 0.5219393934
vt 0.3019999982 0.53842424
vt 0.3219999978 0.5219393933
vt 0.3209999958 0.5393939395
vt 0.3029999996 0.5219393963
vt 0.281457907 0.5364710843
vt 0.2809999984 0.5229090901
vt 0.2809999985 0.5229090901
vt 0.2790962312 0.5356862192
vt 0.2734652735 0.5336513198
vt 0.2809999985 0.5229090901
vt 0.2800946186 0.5360782838
vt 0.2790962312 0.5356862192
vt 0.2809999984 0.5229090901
vt 0.281457907 0.5364710843
vt 0.2800946182 0.5360782837
vt 0.3029999995 0.5219393965
vt 0.3019999981 0.5384242401
vt 0.2814579069 0.5364710844
vt 0.0546875 0.02272727273
vt 0.0546875 0.02272727273
vt 0.0546875 0.02272727273
vt 0.0546875 0.02272727273
vt 0.0546875 0.02272727273
vt 0.0546875 0.02272727273
vt 0.0546875 0.02272727273
vt 0.0546875 0.02272727273
vt 0.0546875 0.02272727273
vt 0.0546875 0.02272727273
vt 0.0546875 0.02272727273
vt 0.0546875 0.02272727273
vt 0.0546875 0.02272727273
vt 0.0546875 0.02272727273
vt 0.0546875 0.02272727273
vt 0.3649999996 0.5423030283
vt 0.3630000004 0.5578181779
vt 0.3500000009 0.556848485
vt 0.0546875 0.02272727273
vt 0.0546875 0.02272727273
vt 0.0546875 0.02272727273
vt 0.0546875 0.02272727273
vt 0.0546875 0.02272727273
vt 0.0546875 0.02272727273
vt 0.3649999998 0.5423030282
vt 0.3500000008 0.556848485
vt 0.3520000001 0.5403636386
vt 0.0546875 0.02272727273
vt 0.0546875 0.02272727273
vt 0.0546875 0.02272727273
vt 0.0546875 0.02272727273
vt 0.0546875 0.02272727273
vt 0.0546875 0.02272727273
vt 0.0546875 0.02272727273
vt 0.0546875 0.02272727273
vt 0.0546875 0.02272727273
vt 0.0546875 0.02272727273
vt 0.0546875 0.02272727273
vt 0.0546875 0.02272727273
vt 0.0546875 0.02272727273
vt 0.0546875 0.02272727273
vt 0.0546875 0.02272727273
vt 0.0546875 0.02272727273
vt 0.0546875 0.02272727273
vt 0.0546875 0.02272727273
vt 0.3369999966 0.5393939372
vt 0.3204822573 0.5527416117
vt 0.3209999962 0.5393939397
vt 0.3520000006 0.5403636387
vt 0.3360000023 0.5558787817
vt 0.3369999973 0.5393939371
vt 0.3520000004 0.5403636386
vt 0.3500000027 0.5568484851
vt 0.3360000026 0.5558787819
vt 0.0546875 0.02272727273
vt 0.0546875 0.02272727273
vt 0.0546875 0.02272727273
vt 0.0546875 0.02272727273
vt 0.0546875 0.02272727273
vt 0.0546875 0.02272727273
vt 0.3369999964 0.5393939368
vt 0.3210182376 0.5529938819
vt 0.3204822574 0.5527416119
vt 0.3369999964 0.5393939368
vt 0.3240158177 0.5545116117
vt 0.3210182376 0.5529938819
vt 0.3369999964 0.5393939368
vt 0.3360000029 0.5558787819
vt 0.3240158177 0.5545116117
vt 0.0546875 0.02272727273
vt 0.0546875 0.02272727273
vt 0.0546875 0.02272727273
vt 0.0546875 0.02272727273
vt 0.0546875 0.02272727273
vt 0.0546875 0.02272727273
vt 0.0546875 0.02272727273
vt 0.0546875 0.02272727273
vt 0.0546875 0.02272727273
vt 0.3630000002 0.5578181779
vt 0.3530473781 0.5674692101
vt 0.3500000009 0.556848485
vt 0.0546875 0.02272727273
vt 0.0546875 0.02272727273
vt 0.0546875 0.02272727273
vt 0.3630000002 0.5578181777
vt 0.3622238113 0.569860868
vt 0.3612708906 0.5695762852
vt 0.3630000002 0.5578181777
vt 0.3612708906 0.5695762852
vt 0.3530473781 0.5674692101
vt 0.0546875 0.02272727273
vt 0.0546875 0.02272727273
vt 0.0546875 0.02272727273
vt 0.0546875 0.02272727273
vt 0.0546875 0.02272727273
vt 0.0546875 0.02272727273
vt 0.0546875 0.02272727273
vt 0.0546875 0.02272727273
vt 0.0546875 0.02272727273
vt 0.3530473781 0.5674692101
vt 0.3495094108 0.5668770599
vt 0.3500000009 0.556848485
vt 0.0546875 0.02272727273
vt 0.0546875 0.02272727273
vt 0.0546875 0.02272727273
vt 0.0546875 0.02272727273
vt 0.0546875 0.02272727273
vt 0.0546875 0.02272727273
vt 0.3500000027 0.5568484851
vt 0.3493120618 0.5668548314
vt 0.3423183856 0.5638007286
vt 0.3500000009 0.556848485
vt 0.3495094108 0.5668770599
vt 0.3493120632 0.5668548315
vt 0.0546875 0.02272727273
vt 0.0546875 0.02272727273
vt 0.0546875 0.02272727273
vt 0.0546875 0.02272727273
vt 0.0546875 0.02272727273
vt 0.0546875 0.02272727273
vt 0.0546875 0.02272727273
vt 0.0546875 0.02272727273
vt 0.0546875 0.02272727273
vt 0.0546875 0.02272727273
vt 0.0546875 0.02272727273
vt 0.0546875 0.02272727273
vt 0.0546875 0.02272727273
vt 0.0546875 0.02272727273
vt 0.0546875 0.02272727273
vt 0.3500000027 0.5568484852
vt 0.3403959963 0.5628691917
vt 0.338511226 0.5620061798
vt 0.3500000027 0.5568484852
vt 0.338511226 0.5620061798
vt 0.3360431566 0.561046877
vt 0.3500000027 0.5568484852
vt 0.3360431566 0.561046877
vt 0.3360000022 0.5558787822
vt 0.0546875 0.02272727273
vt 0.0546875 0.02272727273
vt 0.0546875 0.02272727273
vt 0.3269251045 0.5560427888
vt 0.3240158176 0.5545116115
vt 0.3360000032 0.5558787821
vt 0.0546875 0.02272727273
vt 0.0546875 0.02272727273
vt 0.0546875 0.02272727273
vt 0.0546875 0.02272727273
vt 0.0546875 0.02272727273
vt 0.0546875 0.02272727273
vt 0.3269251045 0.5560427888
vt 0.3360000032 0.5558787821
vt 0.3315716326 0.5588169068
vt 0.0546875 0.02272727273
vt 0.0546875 0.02272727273
vt 0.0546875 0.02272727273
vt 0.0546875 0.02272727273
vt 0.0546875 0.02272727273
vt 0.0546875 0.02272727273
vt 0.3360000022 0.5558787822
vt 0.3360431566 0.561046877
vt 0.3356545566 0.5609034582
vt 0.336000003 0.5558787823
vt 0.3356545576 0.5609034584
vt 0.3315716326 0.5588169068
vt 0.0546875 0.02272727273
vt 0.0546875 0.02272727273
vt 0.0546875 0.02272727273
vt 0.3500000027 0.5568484852
vt 0.3423183856 0.5638007285
vt 0.3403959963 0.5628691917
vt 0.0546875 0.02272727273
vt 0.0546875 0.02272727273
vt 0.0546875 0.02272727273
vt 0.0546875 0.02272727273
vt 0.0546875 0.02272727273
vt 0.0546875 0.02272727273
vt 0.0546875 0.02272727273
vt 0.0546875 0.02272727273
vt 0.0546875 0.02272727273
vt 0.0546875 0.02272727273
vt 0.0546875 0.02272727273
vt 0.0546875 0.02272727273
vt 0.3019999982 0.5384242401
vt 0.3011515436 0.5445948262
vt 0.2904259567 0.5397506249
vt 0.0546875 0.02272727273
vt 0.0546875 0.02272727273
vt 0.0546875 0.02272727273
vt 0.0546875 0.02272727273
vt 0.0546875 0.02272727273
vt 0.0546875 0.02272727273
vt 0.3019999983 0.5384242402
vt 0.3147252517 0.5500380279
vt 0.3041475427 0.5455962491
vt 0.0546875 0.02272727273
vt 0.0546875 0.02272727273
vt 0.0546875 0.02272727273
vt 0.0546875 0.02272727273
vt 0.0546875 0.02272727273
vt 0.0546875 0.02272727273
vt 0.3019999983 0.5384242402
vt 0.3035736979 0.5453616465
vt 0.3032712762 0.545256335
vt 0.3019999983 0.5384242402
vt 0.3041475427 0.5455962491
vt 0.3035736979 0.5453616465
vt 0.3019999983 0.5384242402
vt 0.3032712762 0.545256335
vt 0.3011515435 0.5445948262
vt 0.0546875 0.02272727273
vt 0.0546875 0.02272727273
vt 0.0546875 0.02272727273
vt 0.0546875 0.02272727273
vt 0.0546875 0.02272727273
vt 0.0546875 0.02272727273
vt 0.0546875 0.02272727273
vt 0.0546875 0.02272727273
vt 0.0546875 0.02272727273
vt 0.3019999983 0.5384242402
vt 0.3209999958 0.5393939394
vt 0.3147252516 0.5500380276
vt 0.3209999958 0.5393939394
vt 0.3192325096 0.5522484469
vt 0.3152781228 0.5502803491
vt 0.3209999958 0.5393939394
vt 0.3152781228 0.5502803491
vt 0.3147252516 0.5500380276
vt 0.3209999962 0.5393939397
vt 0.3204822573 0.5527416117
vt 0.3192325092 0.5522484466
vt 0.0546875 0.02272727273
vt 0.0546875 0.02272727273
vt 0.0546875 0.02272727273
vt 0.0546875 0.02272727273
vt 0.0546875 0.02272727273
vt 0.0546875 0.02272727273
vt 0.0546875 0.02272727273
vt 0.0546875 0.02272727273
vt 0.0546875 0.02272727273
vt 0.0546875 0.02272727273
vt 0.0546875 0.02272727273
vt 0.0546875 0.02272727273
vt 0.0546875 0.02272727273
vt 0.0546875 0.02272727273
vt 0.0546875 0.02272727273
vt 0.0546875 0.02272727273
vt 0.0546875 0.02272727273
vt 0.0546875 0.02272727273
vt 0.3019999981 0.5384242401
vt 0.2848463318 0.5376681586
vt 0.2814579069 0.5364710844
vt 0.0546875 0.02272727273
vt 0.0546875 0.02272727273
vt 0.0546875 0.02272727273
vt 0.0546875 0.02272727273
vt 0.0546875 0.02272727273
vt 0.0546875 0.02272727273
vt 0.0546875 0.02272727273
vt 0.0546875 0.02272727273
vt 0.0546875 0.02272727273
vt 0.0546875 0.02272727273
vt 0.0546875 0.02272727273
vt 0.0546875 0.02272727273
vt 0.3019999982 0.5384242401
vt 0.2882012388 0.538859393
vt 0.2848463318 0.5376681586
vt 0.0546875 0.02272727273
vt 0.0546875 0.02272727273
vt 0.0546875 0.02272727273
vt 0.3019999982 0.5384242401
vt 0.2904259567 0.5397506249
vt 0.2882012388 0.538859393
vt 0.0546875 0.02272727273
vt 0.0546875 0.02272727273
vt 0.0546875 0.02272727273
vt 0.0546875 0.02272727273
vt 0.0546875 0.02272727273
vt 0.0546875 0.02272727273
vt 0.0546875 0.02272727273
vt 0.0546875 0.02272727273
vt 0.0546875 0.02272727273
vt 0.0546875 0.02272727273
vt 0.0546875 0.02272727273
vt 0.0546875 0.02272727273
vt 0.0546875 0.02272727273
vt 0.0546875 0.02272727273
vt 0.0546875 0.02272727273
vt 0.0546875 0.02272727273
vt 0.0546875 0.02272727273
vt 0.0546875 0.02272727273
vt 0.0546875 0.02272727273
vt 0.0546875 0.02272727273
vt 0.0546875 0.02272727273
vt 0.0546875 0.02272727273
vt 0.0546875 0.02272727273
vt 0.0546875 0.02272727273
vt 0.0546875 0.02272727273
vt 0.0546875 0.02272727273
vt 0.0546875 0.02272727273
vt 0.0546875 0.02272727273
vt 0.0546875 0.02272727273
vt 0.0546875 0.02272727273
vt 0.0546875 0.02272727273
vt 0.0546875 0.02272727273
vt 0.0546875 0.02272727273
vt 0.0546875 0.02272727273
vt 0.0546875 0.02272727273
vt 0.0546875 0.02272727273
vt 0.0546875 0.02272727273
vt 0.0546875 0.02272727273
vt 0.0546875 0.02272727273
vt 0.0546875 0.02272727273
vt 0.0546875 0.02272727273
vt 0.0546875 0.02272727273
vt 0.0546875 0.02272727273
vt 0.0546875 0.02272727273
vt 0.0546875 0.02272727273
vt 0.0546875 0.02272727273
vt 0.0546875 0.02272727273
vt 0.0546875 0.02272727273
vt 0.0546875 0.02272727273
vt 0.0546875 0.02272727273
vt 0.0546875 0.02272727273
vt 0.0546875 0.02272727273
vt 0.0546875 0.02272727273
vt 0.0546875 0.02272727273
vt 0.0546875 0.02272727273
vt 0.0546875 0.02272727273
vt 0.0546875 0.02272727273
vt 0.0546875 0.02272727273
vt 0.0546875 0.02272727273
vt 0.0546875 0.02272727273
vt 0.0546875 0.02272727273
vt 0.0546875 0.02272727273
vt 0.0546875 0.02272727273
vt 0.0546875 0.02272727273
vt 0.0546875 0.02272727273
vt 0.0546875 0.02272727273
vt 0.0546875 0.02272727273
vt 0.0546875 0.02272727273
vt 0.0546875 0.02272727273
vt 0.0546875 0.02272727273
vt 0.0546875 0.02272727273
vt 0.0546875 0.02272727273
vt 0.0546875 0.02272727273
vt 0.0546875 0.02272727273
vt 0.0546875 0.02272727273
vt 0.0546875 0.02272727273
vt 0.0546875 0.02272727273
vt 0.0546875 0.02272727273
vt 0.0546875 0.02272727273
vt 0.0546875 0.02272727273
vt 0.0546875 0.02272727273
vt 0.0546875 0.02272727273
vt 0.0546875 0.02272727273
vt 0.0546875 0.02272727273
vt 0.0546875 0.02272727273
vt 0.0546875 0.02272727273
vt 0.0546875 0.02272727273
vt 0.0546875 0.02272727273
vt 0.0546875 0.02272727273
vt 0.0546875 0.02272727273
vt 0.0546875 0.02272727273
vt 0.0546875 0.02272727273
vt 0.0546875 0.02272727273
vt 0.0546875 0.02272727273
vt 0.0546875 0.02272727273
vt 0.0546875 0.02272727273
vt 0.0546875 0.02272727273
vt 0.0546875 0.02272727273
vt 0.0546875 0.02272727273
vt 0.0546875 0.02272727273
vt 0.0546875 0.02272727273
vt 0.0546875 0.02272727273
vt 0.0546875 0.02272727273
vt 0.0546875 0.02272727273
vt 0.0546875 0.02272727273
vt 0.0546875 0.02272727273
vt 0.0546875 0.02272727273
vt 0.0546875 0.02272727273
vt 0.0546875 0.02272727273
vt 0.0546875 0.02272727273
vt 0.0546875 0.02272727273
vt 0.0546875 0.02272727273
vt 0.0546875 0.02272727273
vt 0.0546875 0.02272727273
vt 0.0546875 0.02272727273
vt 0.0546875 0.02272727273
vt 0.0546875 0.02272727273
vt 0.0546875 0.02272727273
vt 0.0546875 0.02272727273
vt 0.0546875 0.02272727273
vt 0.0546875 0.02272727273
vt 0.0546875 0.02272727273
vt 0.0546875 0.02272727273
vt 0.0546875 0.02272727273
vt 0.0546875 0.02272727273
vt 0.0546875 0.02272727273
vt 0.0546875 0.02272727273
vt 0.0546875 0.02272727273
vt 0.0546875 0.02272727273
vt 0.0546875 0.02272727273
vt 0.0546875 0.02272727273
vt 0.0546875 0.02272727273
vt 0.0546875 0.02272727273
vt 0.0546875 0.02272727273
vt 0.0546875 0.02272727273
vt 0.0546875 0.02272727273
vt 0.0546875 0.02272727273
vt 0.0546875 0.02272727273
vt 0.0546875 0.02272727273
vt 0.0546875 0.02272727273
vt 0.0546875 0.02272727273
vt 0.0546875 0.02272727273
vt 0.0546875 0.02272727273
vt 0.0546875 0.02272727273
vt 0.0546875 0.02272727273
vt 0.0546875 0.02272727273
vt 0.0546875 0.02272727273
vt 0.0546875 0.02272727273
vt 0.0546875 0.02272727273
vt 0.0546875 0.02272727273
vt 0.0546875 0.02272727273
vt 0.0546875 0.02272727273
vt 0.0546875 0.02272727273
vt 0.0546875 0.02272727273
vt 0.0546875 0.02272727273
vt 0.0546875 0.02272727273
vt 0.0546875 0.02272727273
vt 0.0546875 0.02272727273
vt 0.0546875 0.02272727273
vt 0.0546875 0.02272727273
vt 0.0546875 0.02272727273
vt 0.0546875 0.02272727273
vt 0.0546875 0.02272727273
vt 0.0546875 0.02272727273
vt 0.0546875 0.02272727273
vt 0.0546875 0.02272727273
vt 0.0546875 0.02272727273
vt 0.0546875 0.02272727273
vt 0.0546875 0.02272727273
vt 0.0546875 0.02272727273
vt 0.0546875 0.02272727273
vt 0.0546875 0.02272727273
vt 0.0546875 0.02272727273
vt 0.0546875 0.02272727273
vt 0.0546875 0.02272727273
vt 0.0546875 0.02272727273
vt 0.0546875 0.02272727273
vt 0.0546875 0.02272727273
vt 0.0546875 0.02272727273
vt 0.0546875 0.02272727273
vt 0.0546875 0.02272727273
vt 0.0546875 0.02272727273
vt 0.0546875 0.02272727273
vt 0.0546875 0.02272727273
vt 0.0546875 0.02272727273
vt 0.0546875 0.02272727273
vt 0.0546875 0.02272727273
vt 0.0546875 0.02272727273
vt 0.0546875 0.02272727273
vt 0.0546875 0.02272727273
vt 0.0546875 0.02272727273
vt 0.0546875 0.02272727273
vt 0.0546875 0.02272727273
vt 0.0546875 0.02272727273
vt 0.0546875 0.02272727273
vt 0.0546875 0.02272727273
vt 0.0546875 0.02272727273
vt 0.0546875 0.02272727273
vt 0.0546875 0.02272727273
vt 0.0546875 0.02272727273
vt 0.0546875 0.02272727273
vt 0.0546875 0.02272727273
vt 0.0546875 0.02272727273
vt 0.0546875 0.02272727273
vt 0.0546875 0.02272727273
vt 0.0546875 0.02272727273
vt 0.0546875 0.02272727273
vt 0.0546875 0.02272727273
vt 0.0546875 0.02272727273
vt 0.0546875 0.02272727273
vt 0.0546875 0.02272727273
vt 0.0546875 0.02272727273
vt 0.0546875 0.02272727273
vt 0.0546875 0.02272727273
vt 0.0546875 0.02272727273
vt 0.0546875 0.02272727273
vt 0.0546875 0.02272727273
vt 0.0546875 0.02272727273
vt 0.0546875 0.02272727273
vt 0.0546875 0.02272727273
vt 0.0546875 0.02272727273
vt 0.0546875 0.02272727273
vt 0.0546875 0.02272727273
vt 0.0546875 0.02272727273
vt 0.0546875 0.02272727273
vt 0.0546875 0.02272727273
vt 0.0546875 0.02272727273
vt 0.0546875 0.02272727273
vt 0.0546875 0.02272727273
vt 0.0546875 0.02272727273
vt 0.0546875 0.02272727273
vt 0.0546875 0.02272727273
vt 0.0546875 0.02272727273
vt 0.0546875 0.02272727273
vt 0.0546875 0.02272727273
vt 0.0546875 0.02272727273
vt 0.0546875 0.02272727273
vt 0.0546875 0.02272727273
vt 0.0546875 0.02272727273
vt 0.0546875 0.02272727273
vt 0.0546875 0.02272727273
vt 0.0546875 0.02272727273
vt 0.0546875 0.02272727273
vt 0.0546875 0.02272727273
vt 0.0546875 0.02272727273
vt 0.0546875 0.02272727273
vt 0.0546875 0.02272727273
vt 0.0546875 0.02272727273
vt 0.0546875 0.02272727273
vt 0.0546875 0.02272727273
vt 0.0546875 0.02272727273
vt 0.0546875 0.02272727273
vt 0.0546875 0.02272727273
vt 0.0546875 0.02272727273
vt 0.0546875 0.02272727273
vt 0.0546875 0.02272727273
vt 0.0546875 0.02272727273
vt 0.0546875 0.02272727273
vt 0.0546875 0.02272727273
vt 0.0546875 0.02272727273
vt 0.0546875 0.02272727273
vt 0.0546875 0.02272727273
vt 0.0546875 0.02272727273
vt 0.0546875 0.02272727273
vt 0.0546875 0.02272727273
vt 0.0546875 0.02272727273
vt 0.0546875 0.02272727273
vt 0.0546875 0.02272727273
vt 0.0546875 0.02272727273
vt 0.0546875 0.02272727273
vt 0.0546875 0.02272727273
vt 0.0546875 0.02272727273
vt 0.0546875 0.02272727273
vt 0.0546875 0.02272727273
vt 0.0546875 0.02272727273
vt 0.0546875 0.02272727273
vt 0.0546875 0.02272727273
vt 0.0546875 0.02272727273
vt 0.0546875 0.02272727273
vt 0.0546875 0.02272727273
vt 0.0546875 0.02272727273
vt 0.0546875 0.02272727273
vt 0.0546875 0.02272727273
vt 0.0546875 0.02272727273
vt 0.0546875 0.02272727273
vt 0.0546875 0.02272727273
vt 0.0546875 0.02272727273
vt 0.0546875 0.02272727273
vt 0.0546875 0.02272727273
vt 0.0546875 0.02272727273
vt 0.0546875 0.02272727273
vt 0.0546875 0.02272727273
vt 0.0546875 0.02272727273
vt 0.0546875 0.02272727273
vt 0.0546875 0.02272727273
vt 0.0546875 0.02272727273
vt 0.0546875 0.02272727273
vt 0.0546875 0.02272727273
vt 0.0546875 0.02272727273
vt 0.0546875 0.02272727273
vt 0.0546875 0.02272727273
vt 0.0546875 0.02272727273
vt 0.0546875 0.02272727273
vt 0.0546875 0.02272727273
vt 0.0546875 0.02272727273
vt 0.0546875 0.02272727273
vt 0.0546875 0.02272727273
vt 0.0546875 0.02272727273
vt 0.0546875 0.02272727273
vt 0.0546875 0.02272727273
vt 0.0546875 0.02272727273
vt 0.0546875 0.02272727273
vt 0.0546875 0.02272727273
vt 0.0546875 0.02272727273
vt 0.0546875 0.02272727273
vt 0.0546875 0.02272727273
vt 0.0546875 0.02272727273
vt 0.0546875 0.02272727273
vt 0.0546875 0.02272727273
vt 0.0546875 0.02272727273
vt 0.0546875 0.02272727273
vt 0.0546875 0.02272727273
vt 0.0546875 0.02272727273
vt 0.0546875 0.02272727273
vt 0.0546875 0.02272727273
vt 0.0546875 0.02272727273
vt 0.0546875 0.02272727273
vt 0.0546875 0.02272727273
vt 0.0546875 0.02272727273
vt 0.0546875 0.02272727273
vt 0.0546875 0.02272727273
vt 0.0546875 0.02272727273
vt 0.0546875 0.02272727273
vt 0.4358382795 0.5575749938
vt 0.4338985942 0.557365055
vt 0.4339141465 0.5573651589
vt 0.0546875 0.02272727273
vt 0.0546875 0.02272727273
vt 0.0546875 0.02272727273
vt 0.0546875 0.02272727273
vt 0.0546875 0.02272727273
vt 0.0546875 0.02272727273
vt 0.0546875 0.02272727273
vt 0.0546875 0.02272727273
vt 0.0546875 0.02272727273
vt 0.0546875 0.02272727273
vt 0.0546875 0.02272727273
vt 0.0546875 0.02272727273
vt 0.0546875 0.02272727273
vt 0.0546875 0.02272727273
vt 0.0546875 0.02272727273
vt 0.0546875 0.02272727273
vt 0.0546875 0.02272727273
vt 0.0546875 0.02272727273
vt 0.0546875 0.02272727273
vt 0.0546875 0.02272727273
vt 0.0546875 0.02272727273
vt 0.0546875 0.02272727273
vt 0.0546875 0.02272727273
vt 0.0546875 0.02272727273
vt 0.0546875 0.02272727273
vt 0.0546875 0.02272727273
vt 0.0546875 0.02272727273
vt 0.0546875 0.02272727273
vt 0.0546875 0.02272727273
vt 0.0546875 0.02272727273
vt 0.0546875 0.02272727273
vt 0.0546875 0.02272727273
vt 0.0546875 0.02272727273
vt 0.0546875 0.02272727273
vt 0.0546875 0.02272727273
vt 0.0546875 0.02272727273
vt 0.0546875 0.02272727273
vt 0.0546875 0.02272727273
vt 0.0546875 0.02272727273
vt 0.0546875 0.02272727273
vt 0.0546875 0.02272727273
vt 0.0546875 0.02272727273
vt 0.0546875 0.02272727273
vt 0.0546875 0.02272727273
vt 0.0546875 0.02272727273
vt 0.0546875 0.02272727273
vt 0.0546875 0.02272727273
vt 0.0546875 0.02272727273
vt 0.0546875 0.02272727273
vt 0.0546875 0.02272727273
vt 0.0546875 0.02272727273
vt 0.0546875 0.02272727273
vt 0.0546875 0.02272727273
vt 0.0546875 0.02272727273
vt 0.0546875 0.02272727273
vt 0.0546875 0.02272727273
vt 0.0546875 0.02272727273
vt 0.0546875 0.02272727273
vt 0.0546875 0.02272727273
vt 0.0546875 0.02272727273
vt 0.0546875 0.02272727273
vt 0.0546875 0.02272727273
vt 0.0546875 0.02272727273
vt 0.0546875 0.02272727273
vt 0.0546875 0.02272727273
vt 0.0546875 0.02272727273
vt 0.0546875 0.02272727273
vt 0.0546875 0.02272727273
vt 0.0546875 0.02272727273
vt 0.0546875 0.02272727273
vt 0.0546875 0.02272727273
vt 0.0546875 0.02272727273
vt 0.0546875 0.02272727273
vt 0.0546875 0.02272727273
vt 0.0546875 0.02272727273
vt 0.0546875 0.02272727273
vt 0.0546875 0.02272727273
vt 0.0546875 0.02272727273
vt 0.0546875 0.02272727273
vt 0.0546875 0.02272727273
vt 0.0546875 0.02272727273
vt 0.0546875 0.02272727273
vt 0.0546875 0.02272727273
vt 0.0546875 0.02272727273
vt 0.0546875 0.02272727273
vt 0.0546875 0.02272727273
vt 0.0546875 0.02272727273
vt 0.0546875 0.02272727273
vt 0.0546875 0.02272727273
vt 0.0546875 0.02272727273
vt 0.0546875 0.02272727273
vt 0.0546875 0.02272727273
vt 0.0546875 0.02272727273
vt 0.0546875 0.02272727273
vt 0.0546875 0.02272727273
vt 0.0546875 0.02272727273
vt 0.0546875 0.02272727273
vt 0.0546875 0.02272727273
vt 0.0546875 0.02272727273
vt 0.0546875 0.02272727273
vt 0.0546875 0.02272727273
vt 0.0546875 0.02272727273
vt 0.0546875 0.02272727273
vt 0.0546875 0.02272727273
vt 0.0546875 0.02272727273
vt 0.0546875 0.02272727273
vt 0.0546875 0.02272727273
vt 0.0546875 0.02272727273
vt 0.0546875 0.02272727273
vt 0.0546875 0.02272727273
vt 0.0546875 0.02272727273
vt 0.0546875 0.02272727273
vt 0.0546875 0.02272727273
vt 0.0546875 0.02272727273
vt 0.0546875 0.02272727273
vt 0.0546875 0.02272727273
vt 0.0546875 0.02272727273
vt 0.0546875 0.02272727273
vt 0.0546875 0.02272727273
vt 0.0546875 0.02272727273
vt 0.0546875 0.02272727273
vt 0.0546875 0.02272727273
vt 0.0546875 0.02272727273
vt 0.0546875 0.02272727273
vt 0.0546875 0.02272727273
vt 0.0546875 0.02272727273
vt 0.0546875 0.02272727273
vt 0.0546875 0.02272727273
vt 0.0546875 0.02272727273
vt 0.0546875 0.02272727273
vt 0.0546875 0.02272727273
vt 0.0546875 0.02272727273
vt 0.0546875 0.02272727273
vt 0.0546875 0.02272727273
vt 0.0546875 0.02272727273
vt 0.0546875 0.02272727273
vt 0.0546875 0.02272727273
vt 0.0546875 0.02272727273
vt 0.0546875 0.02272727273
vt 0.0546875 0.02272727273
vt 0.0546875 0.02272727273
vt 0.0546875 0.02272727273
vt 0.0546875 0.02272727273
vt 0.0546875 0.02272727273
vt 0.0546875 0.02272727273
vt 0.0546875 0.02272727273
vt 0.0546875 0.02272727273
vt 0.0546875 0.02272727273
vt 0.0546875 0.02272727273
vt 0.0546875 0.02272727273
vt 0.0546875 0.02272727273
vt 0.0546875 0.02272727273
vt 0.0546875 0.02272727273
vt 0.0546875 0.02272727273
vt 0.0546875 0.02272727273
vt 0.0546875 0.02272727273
vt 0.0546875 0.02272727273
vt 0.0546875 0.02272727273
vt 0.0546875 0.02272727273
vt 0.0546875 0.02272727273
vt 0.0546875 0.02272727273
vt 0.0546875 0.02272727273
vt 0.0546875 0.02272727273
vt 0.0546875 0.02272727273
vt 0.0546875 0.02272727273
vt 0.0546875 0.02272727273
vt 0.0546875 0.02272727273
vt 0.0546875 0.02272727273
vt 0.0546875 0.02272727273
vt 0.0546875 0.02272727273
vt 0.0546875 0.02272727273
vt 0.0546875 0.02272727273
vt 0.0546875 0.02272727273
vt 0.0546875 0.02272727273
vt 0.0546875 0.02272727273
vt 0.0546875 0.02272727273
vt 0.0546875 0.02272727273
vt 0.0546875 0.02272727273
vt 0.0546875 0.02272727273
vt 0.0546875 0.02272727273
vt 0.0546875 0.02272727273
vt 0.0546875 0.02272727273
vt 0.0546875 0.02272727273
vt 0.0546875 0.02272727273
vt 0.0546875 0.02272727273
vt 0.0546875 0.02272727273
vt 0.0546875 0.02272727273
vt 0.0546875 0.02272727273
vt 0.0546875 0.02272727273
vt 0.0546875 0.02272727273
vt 0.0546875 0.02272727273
vt 0.0546875 0.02272727273
vt 0.0546875 0.02272727273
vt 0.0546875 0.02272727273
vt 0.0546875 0.02272727273
vt 0.0546875 0.02272727273
vt 0.0546875 0.02272727273
vt 0.0546875 0.02272727273
vt 0.0546875 0.02272727273
vt 0.0546875 0.02272727273
vt 0.0546875 0.02272727273
vt 0.0546875 0.02272727273
vt 0.0546875 0.02272727273
vt 0.0546875 0.02272727273
vt 0.0546875 0.02272727273
vt 0.0546875 0.02272727273
vt 0.0546875 0.02272727273
vt 0.0546875 0.02272727273
vt 0.0546875 0.02272727273
vt 0.0546875 0.02272727273
vt 0.0546875 0.02272727273
vt 0.0546875 0.02272727273
vt 0.0546875 0.02272727273
vt 0.0546875 0.02272727273
vt 0.0546875 0.02272727273
vt 0.0546875 0.02272727273
vt 0.0546875 0.02272727273
vt 0.0546875 0.02272727273
vt 0.0546875 0.02272727273
vt 0.0546875 0.02272727273
vt 0.0546875 0.02272727273
vt 0.0546875 0.02272727273
vt 0.0546875 0.02272727273
vt 0.0546875 0.02272727273
vt 0.0546875 0.02272727273
vt 0.0546875 0.02272727273
vt 0.0546875 0.02272727273
vt 0.0546875 0.02272727273
vt 0.0546875 0.02272727273
vt 0.0546875 0.02272727273
vt 0.0546875 0.02272727273
vt 0.0546875 0.02272727273
vt 0.0546875 0.02272727273
vt 0.0546875 0.02272727273
vt 0.0546875 0.02272727273
vt 0.0546875 0.02272727273
vt 0.0546875 0.02272727273
vt 0.0546875 0.02272727273
vt 0.0546875 0.02272727273
vt 0.0546875 0.02272727273
vt 0.0546875 0.02272727273
vt 0.0546875 0.02272727273
vt 0.0546875 0.02272727273
vt 0.0546875 0.02272727273
vt 0.0546875 0.02272727273
vt 0.0546875 0.02272727273
vt 0.0546875 0.02272727273
vt 0.0546875 0.02272727273
vt 0.0546875 0.02272727273
vt 0.0546875 0.02272727273
vt 0.0546875 0.02272727273
vt 0.0546875 0.02272727273
vt 0.0546875 0.02272727273
vt 0.0546875 0.02272727273
vt 0.0546875 0.02272727273
vt 0.0546875 0.02272727273
vt 0.0546875 0.02272727273
vt 0.0546875 0.02272727273
vt 0.0546875 0.02272727273
vt 0.0546875 0.02272727273
vt 0.0546875 0.02272727273
vt 0.0546875 0.02272727273
vt 0.0546875 0.02272727273
vt 0.0546875 0.02272727273
vt 0.0546875 0.02272727273
vt 0.0546875 0.02272727273
vt 0.0546875 0.02272727273
vt 0.0546875 0.02272727273
vt 0.0546875 0.02272727273
vt 0.0546875 0.02272727273
vt 0.0546875 0.02272727273
vt 0.0546875 0.02272727273
vt 0.0546875 0.02272727273
vt 0.0546875 0.02272727273
vt 0.0546875 0.02272727273
vt 0.0546875 0.02272727273
vt 0.0546875 0.02272727273
vt 0.0546875 0.02272727273
vt 0.0546875 0.02272727273
vt 0.0546875 0.02272727273
vt 0.0546875 0.02272727273
vt 0.0546875 0.02272727273
vt 0.0546875 0.02272727273
vt 0.0546875 0.02272727273
vt 0.0546875 0.02272727273
vt 0.0546875 0.02272727273
vt 0.0546875 0.02272727273
vt 0.0546875 0.02272727273
vt 0.0546875 0.02272727273
vt 0.0546875 0.02272727273
vt 0.0546875 0.02272727273
vt 0.0546875 0.02272727273
vt 0.0546875 0.02272727273
vt 0.0546875 0.02272727273
vt 0.0546875 0.02272727273
vt 0.0546875 0.02272727273
vt 0.0546875 0.02272727273
vt 0.0546875 0.02272727273
vt 0.0546875 0.02272727273
vt 0.0546875 0.02272727273
vt 0.0546875 0.02272727273
vt 0.0546875 0.02272727273
vt 0.0546875 0.02272727273
vt 0.0546875 0.02272727273
vt 0.0546875 0.02272727273
vt 0.0546875 0.02272727273
vt 0.0546875 0.02272727273
vt 0.0546875 0.02272727273
vt 0.0546875 0.02272727273
vt 0.0546875 0.02272727273
vt 0.0546875 0.02272727273
vt 0.0546875 0.02272727273
vt 0.0546875 0.02272727273
vt 0.0546875 0.02272727273
vt 0.0546875 0.02272727273
vt 0.0546875 0.02272727273
vt 0.0546875 0.02272727273
vt 0.0546875 0.02272727273
vt 0.0546875 0.02272727273
vt 0.0546875 0.02272727273
vt 0.0546875 0.02272727273
vt 0.0546875 0.02272727273
vt 0.0546875 0.02272727273
vt 0.0546875 0.02272727273
vt 0.0546875 0.02272727273
vt 0.0546875 0.02272727273
vt 0.0546875 0.02272727273
vt 0.0546875 0.02272727273
vt 0.0546875 0.02272727273
vt 0.0546875 0.02272727273
vt 0.0546875 0.02272727273
vt 0.0546875 0.02272727273
vt 0.0546875 0.02272727273
vt 0.0546875 0.02272727273
vt 0.0546875 0.02272727273
vt 0.0546875 0.02272727273
vt 0.0546875 0.02272727273
vt 0.0546875 0.02272727273
vt 0.0546875 0.02272727273
vt 0.0546875 0.02272727273
vt 0.0546875 0.02272727273
vt 0.0546875 0.02272727273
vt 0.0546875 0.02272727273
vt 0.0546875 0.02272727273
vt 0.0546875 0.02272727273
vt 0.0546875 0.02272727273
vt 0.0546875 0.02272727273
vt 0.0546875 0.02272727273
vt 0.0546875 0.02272727273
vt 0.0546875 0.02272727273
vt 0.0546875 0.02272727273
vt 0.0546875 0.02272727273
vt 0.0546875 0.02272727273
vt 0.0546875 0.02272727273
vt 0.0546875 0.02272727273
vt 0.0546875 0.02272727273
vt 0.0546875 0.02272727273
vt 0.0546875 0.02272727273
vt 0.0546875 0.02272727273
vt 0.0546875 0.02272727273
vt 0.0546875 0.02272727273
vt 0.0546875 0.02272727273
vt 0.0546875 0.02272727273
vt 0.0546875 0.02272727273
vt 0.0546875 0.02272727273
vt 0.0546875 0.02272727273
vt 0.0546875 0.02272727273
vt 0.0546875 0.02272727273
vt 0.0546875 0.02272727273
vt 0.0546875 0.02272727273
vt 0.0546875 0.02272727273
vt 0.0546875 0.02272727273
vt 0.0546875 0.02272727273
vt 0.0546875 0.02272727273
vt 0.0546875 0.02272727273
vt 0.0546875 0.02272727273
vt 0.0546875 0.02272727273
vt 0.0546875 0.02272727273
vt 0.0546875 0.02272727273
vt 0.0546875 0.02272727273
vt 0.0546875 0.02272727273
vt 0.0546875 0.02272727273
vt 0.0546875 0.02272727273
vt 0.0546875 0.02272727273
vt 0.0546875 0.02272727273
vt 0.0546875 0.02272727273
vt 0.0546875 0.02272727273
vt 0.0546875 0.02272727273
vt 0.0546875 0.02272727273
vt 0.0546875 0.02272727273
vt 0.0546875 0.02272727273
vt 0.0546875 0.02272727273
vt 0.0546875 0.02272727273
vt 0.0546875 0.02272727273
vt 0.0546875 0.02272727273
vt 0.0546875 0.02272727273
vt 0.0546875 0.02272727273
vt 0.0546875 0.02272727273
vt 0.0546875 0.02272727273
vt 0.0546875 0.02272727273
vt 0.0546875 0.02272727273
vt 0.0546875 0.02272727273
vt 0.0546875 0.02272727273
vt 0.0546875 0.02272727273
vt 0.0546875 0.02272727273
vt 0.0546875 0.02272727273
vt 0.0546875 0.02272727273
vt 0.0546875 0.02272727273
vt 0.0546875 0.02272727273
vt 0.0546875 0.02272727273
vt 0.0546875 0.02272727273
vt 0.0546875 0.02272727273
vt 0.0546875 0.02272727273
vt 0.0546875 0.02272727273
vt 0.0546875 0.02272727273
vt 0.0546875 0.02272727273
vt 0.0546875 0.02272727273
vt 0.0546875 0.02272727273
vt 0.0546875 0.02272727273
vt 0.0546875 0.02272727273
vt 0.0546875 0.02272727273
vt 0.0546875 0.02272727273
vt 0.0546875 0.02272727273
vt 0.0546875 0.02272727273
vt 0.0546875 0.02272727273
vt 0.0546875 0.02272727273
vt 0.0546875 0.02272727273
vt 0.0546875 0.02272727273
vt 0.0546875 0.02272727273
vt 0.0546875 0.02272727273
vt 0.0546875 0.02272727273
vt 0.0546875 0.02272727273
vt 0.0546875 0.02272727273
vt 0.0546875 0.02272727273
vt 0.0546875 0.02272727273
vt 0.0546875 0.02272727273
vt 0.0546875 0.02272727273
vt 0.0546875 0.02272727273
vt 0.0546875 0.02272727273
vt 0.0546875 0.02272727273
vt 0.0546875 0.02272727273
vt 0.0546875 0.02272727273
vt 0.0546875 0.02272727273
vt 0.0546875 0.02272727273
vt 0.0546875 0.02272727273
vt 0.0546875 0.02272727273
vt 0.0546875 0.02272727273
vt 0.0546875 0.02272727273
vt 0.0546875 0.02272727273
vt 0.0546875 0.02272727273
vt 0.0546875 0.02272727273
vt 0.0546875 0.02272727273
vt 0.0546875 0.02272727273
vt 0.0546875 0.02272727273
vt 0.0546875 0.02272727273
vt 0.0546875 0.02272727273
vt 0.0546875 0.02272727273
vt 0.0546875 0.02272727273
vt 0.0546875 0.02272727273
vt 0.0546875 0.02272727273
vt 0.0546875 0.02272727273
vt 0.0546875 0.02272727273
vt 0.0546875 0.02272727273
vt 0.0546875 0.02272727273
vt 0.0546875 0.02272727273
vt 0.0546875 0.02272727273
vt 0.0546875 0.02272727273
vt 0.0546875 0.02272727273
vt 0.0546875 0.02272727273
vt 0.0546875 0.02272727273
vt 0.0546875 0.02272727273
vt 0.0546875 0.02272727273
vt 0.0546875 0.02272727273
vt 0.0546875 0.02272727273
vt 0.0546875 0.02272727273
vt 0.0546875 0.02272727273
vt 0.0546875 0.02272727273
vt 0.0546875 0.02272727273
vt 0.0546875 0.02272727273
vt 0.0546875 0.02272727273
vt 0.0546875 0.02272727273
vt 0.0546875 0.02272727273
vt 0.0546875 0.02272727273
vt 0.0546875 0.02272727273
vt 0.0546875 0.02272727273
vt 0.0546875 0.02272727273
vt 0.0546875 0.02272727273
vt 0.0546875 0.02272727273
vt 0.0546875 0.02272727273
vt 0.0546875 0.02272727273
vt 0.0546875 0.02272727273
vt 0.0546875 0.02272727273
vt 0.0546875 0.02272727273
vt 0.0546875 0.02272727273
vt 0.0546875 0.02272727273
vt 0.0546875 0.02272727273
vt 0.0546875 0.02272727273
vt 0.0546875 0.02272727273
vt 0.0546875 0.02272727273
vt 0.0546875 0.02272727273
vt 0.0546875 0.02272727273
vt 0.0546875 0.02272727273
vt 0.0546875 0.02272727273
vt 0.0546875 0.02272727273
vt 0.0546875 0.02272727273
vt 0.0546875 0.02272727273
vt 0.0546875 0.02272727273
vt 0.0546875 0.02272727273
vt 0.0546875 0.02272727273
vt 0.0546875 0.02272727273
vt 0.0546875 0.02272727273
vt 0.0546875 0.02272727273
vt 0.0546875 0.02272727273
vt 0.0546875 0.02272727273
vt 0.0546875 0.02272727273
vt 0.0546875 0.02272727273
vt 0.0546875 0.02272727273
vt 0.0546875 0.02272727273
vt 0.0546875 0.02272727273
vt 0.0546875 0.02272727273
vt 0.0546875 0.02272727273
vt 0.0546875 0.02272727273
vt 0.0546875 0.02272727273
vt 0.0546875 0.02272727273
vt 0.0546875 0.02272727273
vt 0.0546875 0.02272727273
vt 0.0546875 0.02272727273
vt 0.0546875 0.02272727273
vt 0.0546875 0.02272727273
vt 0.0546875 0.02272727273
vt 0.0546875 0.02272727273
vt 0.0546875 0.02272727273
vt 0.0546875 0.02272727273
vt 0.0546875 0.02272727273
vt 0.0546875 0.02272727273
vt 0.0546875 0.02272727273
vt 0.0546875 0.02272727273
vt 0.0546875 0.02272727273
vt 0.0546875 0.02272727273
vt 0.0546875 0.02272727273
vt 0.0546875 0.02272727273
vt 0.0546875 0.02272727273
vt 0.0546875 0.02272727273
vt 0.0546875 0.02272727273
vt 0.0546875 0.02272727273
vt 0.0546875 0.02272727273
vt 0.0546875 0.02272727273
vt 0.0546875 0.02272727273
vt 0.0546875 0.02272727273
vt 0.0546875 0.02272727273
vt 0.0546875 0.02272727273
vt 0.0546875 0.02272727273
vt 0.0546875 0.02272727273
vt 0.0546875 0.02272727273
vt 0.0546875 0.02272727273
vt 0.0546875 0.02272727273
vt 0.0546875 0.02272727273
vt 0.0546875 0.02272727273
vt 0.0546875 0.02272727273
vt 0.0546875 0.02272727273
vt 0.0546875 0.02272727273
vt 0.0546875 0.02272727273
vt 0.0546875 0.02272727273
vt 0.0546875 0.02272727273
vt 0.0546875 0.02272727273
vt 0.0546875 0.02272727273
vt 0.0546875 0.02272727273
vt 0.0546875 0.02272727273
vt 0.0546875 0.02272727273
vt 0.0546875 0.02272727273
vt 0.0546875 0.02272727273
vt 0.0546875 0.02272727273
vt 0.0546875 0.02272727273
vt 0.0546875 0.02272727273
vt 0.0546875 0.02272727273
vt 0.0546875 0.02272727273
vt 0.0546875 0.02272727273
vt 0.0546875 0.02272727273
vt 0.0546875 0.02272727273
vt 0.0546875 0.02272727273
vt 0.0546875 0.02272727273
vt 0.0546875 0.02272727273
vt 0.0546875 0.02272727273
vt 0.0546875 0.02272727273
vt 0.0546875 0.02272727273
vt 0.0546875 0.02272727273
vt 0.0546875 0.02272727273
vt 0.0546875 0.02272727273
vt 0.0546875 0.02272727273
vt 0.0546875 0.02272727273
vt 0.0546875 0.02272727273
vt 0.0546875 0.02272727273
vt 0.0546875 0.02272727273
vt 0.0546875 0.02272727273
vt 0.0546875 0.02272727273
vt 0.0546875 0.02272727273
vt 0.0546875 0.02272727273
vt 0.0546875 0.02272727273
vt 0.0546875 0.02272727273
vt 0.0546875 0.02272727273
vt 0.0546875 0.02272727273
vt 0.0546875 0.02272727273
vt 0.0546875 0.02272727273
vt 0.0546875 0.02272727273
vt 0.0546875 0.02272727273
vt 0.0546875 0.02272727273
vt 0.0546875 0.02272727273
vt 0.0546875 0.02272727273
vt 0.0546875 0.02272727273
vt 0.0546875 0.02272727273
vt 0.0546875 0.02272727273
vt 0.0546875 0.02272727273
vt 0.0546875 0.02272727273
vt 0.0546875 0.02272727273
vt 0.0546875 0.02272727273
vt 0.0546875 0.02272727273
vt 0.0546875 0.02272727273
vt 0.0546875 0.02272727273
vt 0.0546875 0.02272727273
vt 0.0546875 0.02272727273
vt 0.0546875 0.02272727273
vt 0.0546875 0.02272727273
vt 0.0546875 0.02272727273
vt 0.0546875 0.02272727273
vt 0.0546875 0.02272727273
vt 0.0546875 0.02272727273
vt 0.0546875 0.02272727273
vt 0.0546875 0.02272727273
vt 0.0546875 0.02272727273
vt 0.0546875 0.02272727273
vt 0.0546875 0.02272727273
vt 0.0546875 0.02272727273
vt 0.0546875 0.02272727273
vt 0.0546875 0.02272727273
vt 0.0546875 0.02272727273
vt 0.0546875 0.02272727273
vt 0.0546875 0.02272727273
vt 0.0546875 0.02272727273
vt 0.0546875 0.02272727273
vt 0.0546875 0.02272727273
vt 0.0546875 0.02272727273
vt 0.0546875 0.02272727273
vt 0.0546875 0.02272727273
vt 0.0546875 0.02272727273
vt 0.0546875 0.02272727273
vt 0.06406313577 0.4729378713
vt 0.06404637409 0.4729368085
vt 0.06616171614 0.4728848541
vt 0.0546875 0.02272727273
vt 0.0546875 0.02272727273
vt 0.0546875 0.02272727273
vt 0.0546875 0.02272727273
vt 0.0546875 0.02272727273
vt 0.0546875 0.02272727273
vt 0.0546875 0.02272727273
vt 0.0546875 0.02272727273
vt 0.0546875 0.02272727273
vt 0.0546875 0.02272727273
vt 0.0546875 0.02272727273
vt 0.0546875 0.02272727273
vt 0.0546875 0.02272727273
vt 0.0546875 0.02272727273
vt 0.0546875 0.02272727273
vt 0.0546875 0.02272727273
vt 0.0546875 0.02272727273
vt 0.0546875 0.02272727273
vt 0.0546875 0.02272727273
vt 0.0546875 0.02272727273
vt 0.0546875 0.02272727273
vt 0.0546875 0.02272727273
vt 0.0546875 0.02272727273
vt 0.0546875 0.02272727273
vt 0.0546875 0.02272727273
vt 0.0546875 0.02272727273
vt 0.0546875 0.02272727273
vt 0.0546875 0.02272727273
vt 0.0546875 0.02272727273
vt 0.0546875 0.02272727273
vt 0.0546875 0.02272727273
vt 0.0546875 0.02272727273
vt 0.0546875 0.02272727273
vt 0.0546875 0.02272727273
vt 0.0546875 0.02272727273
vt 0.0546875 0.02272727273
vt 0.0546875 0.02272727273
vt 0.0546875 0.02272727273
vt 0.0546875 0.02272727273
vt 0.0546875 0.02272727273
vt 0.0546875 0.02272727273
vt 0.0546875 0.02272727273
vt 0.0546875 0.02272727273
vt 0.0546875 0.02272727273
vt 0.0546875 0.02272727273
vt 0.0546875 0.02272727273
vt 0.0546875 0.02272727273
vt 0.0546875 0.02272727273
vt 0.0546875 0.02272727273
vt 0.0546875 0.02272727273
vt 0.0546875 0.02272727273
vt 0.0546875 0.02272727273
vt 0.0546875 0.02272727273
vt 0.0546875 0.02272727273
vt 0.0546875 0.02272727273
vt 0.0546875 0.02272727273
vt 0.0546875 0.02272727273
vt 0.0546875 0.02272727273
vt 0.0546875 0.02272727273
vt 0.0546875 0.02272727273
vt 0.0546875 0.02272727273
vt 0.0546875 0.02272727273
vt 0.0546875 0.02272727273
vt 0.0546875 0.02272727273
vt 0.0546875 0.02272727273
vt 0.0546875 0.02272727273
vt 0.0546875 0.02272727273
vt 0.0546875 0.02272727273
vt 0.0546875 0.02272727273
vt 0.0546875 0.02272727273
vt 0.0546875 0.02272727273
vt 0.0546875 0.02272727273
vt 0.0546875 0.02272727273
vt 0.0546875 0.02272727273
vt 0.0546875 0.02272727273
vt 0.0546875 0.02272727273
vt 0.0546875 0.02272727273
vt 0.0546875 0.02272727273
vt 0.0546875 0.02272727273
vt 0.0546875 0.02272727273
vt 0.0546875 0.02272727273
vt 0.0546875 0.02272727273
vt 0.0546875 0.02272727273
vt 0.0546875 0.02272727273
vt 0.0546875 0.02272727273
vt 0.0546875 0.02272727273
vt 0.0546875 0.02272727273
vt 0.0546875 0.02272727273
vt 0.0546875 0.02272727273
vt 0.0546875 0.02272727273
vt 0.0546875 0.02272727273
vt 0.0546875 0.02272727273
vt 0.0546875 0.02272727273
vt 0.0546875 0.02272727273
vt 0.0546875 0.02272727273
vt 0.0546875 0.02272727273
vt 0.0546875 0.02272727273
vt 0.0546875 0.02272727273
vt 0.0546875 0.02272727273
vt 0.0546875 0.02272727273
vt 0.0546875 0.02272727273
vt 0.0546875 0.02272727273
vt 0.0546875 0.02272727273
vt 0.0546875 0.02272727273
vt 0.0546875 0.02272727273
vt 0.0546875 0.02272727273
vt 0.0546875 0.02272727273
vt 0.0546875 0.02272727273
vt 0.0546875 0.02272727273
vt 0.0546875 0.02272727273
vt 0.0546875 0.02272727273
vt 0.0546875 0.02272727273
vt 0.0546875 0.02272727273
vt 0.0546875 0.02272727273
vt 0.0546875 0.02272727273
vt 0.0546875 0.02272727273
vt 0.0546875 0.02272727273
vt 0.0546875 0.02272727273
vt 0.0546875 0.02272727273
vt 0.0546875 0.02272727273
vt 0.0546875 0.02272727273
vt 0.0546875 0.02272727273
vt 0.0546875 0.02272727273
vt 0.0546875 0.02272727273
vt 0.0546875 0.02272727273
vt 0.0546875 0.02272727273
vt 0.0546875 0.02272727273
vt 0.0546875 0.02272727273
vt 0.0546875 0.02272727273
vt 0.0546875 0.02272727273
vt 0.0546875 0.02272727273
vt 0.0546875 0.02272727273
vt 0.0546875 0.02272727273
vt 0.0546875 0.02272727273
vt 0.0546875 0.02272727273
vt 0.0546875 0.02272727273
vt 0.0546875 0.02272727273
vt 0.0546875 0.02272727273
vt 0.0546875 0.02272727273
vt 0.0546875 0.02272727273
vt 0.0546875 0.02272727273
vt 0.0546875 0.02272727273
vt 0.0546875 0.02272727273
vt 0.0546875 0.02272727273
vt 0.0546875 0.02272727273
vt 0.0546875 0.02272727273
vt 0.0546875 0.02272727273
vt 0.0546875 0.02272727273
vt 0.0546875 0.02272727273
vt 0.0546875 0.02272727273
vt 0.0546875 0.02272727273
vt 0.0546875 0.02272727273
vt 0.0546875 0.02272727273
vt 0.0546875 0.02272727273
vt 0.0546875 0.02272727273
vt 0.0546875 0.02272727273
vt 0.0546875 0.02272727273
vt 0.0546875 0.02272727273
vt 0.0546875 0.02272727273
vt 0.0546875 0.02272727273
vt 0.0546875 0.02272727273
vt 0.0546875 0.02272727273
vt 0.0546875 0.02272727273
vt 0.0546875 0.02272727273
vt 0.0546875 0.02272727273
vt 0.0546875 0.02272727273
vt 0.0546875 0.02272727273
vt 0.0546875 0.02272727273
vt 0.0546875 0.02272727273
vt 0.0546875 0.02272727273
vt 0.0546875 0.02272727273
vt 0.0546875 0.02272727273
vt 0.0546875 0.02272727273
vt 0.0546875 0.02272727273
vt 0.0546875 0.02272727273
vt 0.0546875 0.02272727273
vt 0.0546875 0.02272727273
vt 0.0546875 0.02272727273
vt 0.0546875 0.02272727273
vt 0.0546875 0.02272727273
vt 0.0546875 0.02272727273
vt 0.0546875 0.02272727273
vt 0.0546875 0.02272727273
vt 0.0546875 0.02272727273
vt 0.0546875 0.02272727273
vt 0.0546875 0.02272727273
vt 0.0546875 0.02272727273
vt 0.0546875 0.02272727273
vt 0.0546875 0.02272727273
vt 0.0546875 0.02272727273
vt 0.0546875 0.02272727273
vt 0.0546875 0.02272727273
vt 0.0546875 0.02272727273
vt 0.0546875 0.02272727273
vt 0.0546875 0.02272727273
vt 0.0546875 0.02272727273
vt 0.0546875 0.02272727273
vt 0.0546875 0.02272727273
vt 0.0546875 0.02272727273
vt 0.0546875 0.02272727273
vt 0.0546875 0.02272727273
vt 0.0546875 0.02272727273
vt 0.0546875 0.02272727273
vt 0.0546875 0.02272727273
vt 0.0546875 0.02272727273
vt 0.0546875 0.02272727273
vt 0.0546875 0.02272727273
vt 0.0546875 0.02272727273
vt 0.0546875 0.02272727273
vt 0.0546875 0.02272727273
vt 0.0546875 0.02272727273
vt 0.0546875 0.02272727273
vt 0.0546875 0.02272727273
vt 0.0546875 0.02272727273
vt 0.0546875 0.02272727273
vt 0.0546875 0.02272727273
vt 0.0546875 0.02272727273
vt 0.0546875 0.02272727273
vt 0.0546875 0.02272727273
vt 0.0546875 0.02272727273
vt 0.0546875 0.02272727273
vt 0.0546875 0.02272727273
vt 0.0546875 0.02272727273
vt 0.0546875 0.02272727273
vt 0.0546875 0.02272727273
vt 0.0546875 0.02272727273
vt 0.0546875 0.02272727273
vt 0.0546875 0.02272727273
vt 0.0546875 0.02272727273
vt 0.0546875 0.02272727273
vt 0.0546875 0.02272727273
vt 0.0546875 0.02272727273
vt 0.0546875 0.02272727273
vt 0.0546875 0.02272727273
vt 0.0546875 0.02272727273
vt 0.0546875 0.02272727273
vt 0.0546875 0.02272727273
vt 0.0546875 0.02272727273
vt 0.0546875 0.02272727273
vt 0.0546875 0.02272727273
vt 0.0546875 0.02272727273
vt 0.0546875 0.02272727273
vt 0.0546875 0.02272727273
vt 0.0546875 0.02272727273
vt 0.0546875 0.02272727273
vt 0.0546875 0.02272727273
vt 0.0546875 0.02272727273
vt 0.0546875 0.02272727273
vt 0.0546875 0.02272727273
vt 0.0546875 0.02272727273
vt 0.0546875 0.02272727273
vt 0.0546875 0.02272727273
vt 0.0546875 0.02272727273
vt 0.0546875 0.02272727273
vt 0.0546875 0.02272727273
vt 0.0546875 0.02272727273
vt 0.0546875 0.02272727273
vt 0.0546875 0.02272727273
vt 0.0546875 0.02272727273
vt 0.0546875 0.02272727273
vt 0.0546875 0.02272727273
vt 0.0546875 0.02272727273
vt 0.0546875 0.02272727273
vt 0.0546875 0.02272727273
vt 0.0546875 0.02272727273
vt 0.0546875 0.02272727273
vt 0.0546875 0.02272727273
vt 0.0546875 0.02272727273
vt 0.0546875 0.02272727273
vt 0.0546875 0.02272727273
vt 0.0546875 0.02272727273
vt 0.0546875 0.02272727273
vt 0.0546875 0.02272727273
vt 0.0546875 0.02272727273
vt 0.0546875 0.02272727273
vt 0.0546875 0.02272727273
vt 0.0546875 0.02272727273
vt 0.0546875 0.02272727273
vt 0.0546875 0.02272727273
vt 0.0546875 0.02272727273
vt 0.0546875 0.02272727273
vt 0.0546875 0.02272727273
vt 0.0546875 0.02272727273
vt 0.0546875 0.02272727273
vt 0.0546875 0.02272727273
vt 0.0546875 0.02272727273
vt 0.0546875 0.02272727273
vt 0.0546875 0.02272727273
vt 0.0546875 0.02272727273
vt 0.0546875 0.02272727273
vt 0.0546875 0.02272727273
vt 0.0546875 0.02272727273
vt 0.0546875 0.02272727273
vt 0.0546875 0.02272727273
vt 0.0546875 0.02272727273
vt 0.0546875 0.02272727273
vt 0.0546875 0.02272727273
vt 0.0546875 0.02272727273
vt 0.0546875 0.02272727273
vt 0.0546875 0.02272727273
vt 0.0546875 0.02272727273
vt 0.0546875 0.02272727273
vt 0.0546875 0.02272727273
vt 0.0546875 0.02272727273
vt 0.0546875 0.02272727273
vt 0.0546875 0.02272727273
vt 0.0546875 0.02272727273
vt 0.0546875 0.02272727273
vt 0.0546875 0.02272727273
vt 0.0546875 0.02272727273
vt 0.0546875 0.02272727273
vt 0.0546875 0.02272727273
vt 0.0546875 0.02272727273
vt 0.0546875 0.02272727273
vt 0.0546875 0.02272727273
vt 0.0546875 0.02272727273
vt 0.0546875 0.02272727273
vt 0.0546875 0.02272727273
vt 0.0546875 0.02272727273
vt 0.0546875 0.02272727273
vt 0.0546875 0.02272727273
vt 0.0546875 0.02272727273
vt 0.0546875 0.02272727273
vt 0.0546875 0.02272727273
vt 0.0546875 0.02272727273
vt 0.0546875 0.02272727273
vt 0.0546875 0.02272727273
vt 0.0546875 0.02272727273
vt 0.0546875 0.02272727273
vt 0.0546875 0.02272727273
vt 0.0546875 0.02272727273
vt 0.0546875 0.02272727273
vt 0.0546875 0.02272727273
vt 0.0546875 0.02272727273
vt 0.0546875 0.02272727273
vt 0.0546875 0.02272727273
vt 0.0546875 0.02272727273
vt 0.0546875 0.02272727273
vt 0.0546875 0.02272727273
vt 0.0546875 0.02272727273
vt 0.0546875 0.02272727273
vt 0.0546875 0.02272727273
vt 0.0546875 0.02272727273
vt 0.0546875 0.02272727273
vt 0.0546875 0.02272727273
vt 0.0546875 0.02272727273
vt 0.0546875 0.02272727273
vt 0.0546875 0.02272727273
vt 0.0546875 0.02272727273
vt 0.0546875 0.02272727273
vt 0.0546875 0.02272727273
vt 0.0546875 0.02272727273
vt 0.0546875 0.02272727273
vt 0.0546875 0.02272727273
vt 0.0546875 0.02272727273
vt 0.0546875 0.02272727273
vt 0.0546875 0.02272727273
vt 0.0546875 0.02272727273
vt 0.0546875 0.02272727273
vt 0.0546875 0.02272727273
vt 0.0546875 0.02272727273
vt 0.0546875 0.02272727273
vt 0.0546875 0.02272727273
vt 0.0546875 0.02272727273
vt 0.0546875 0.02272727273
vt 0.0546875 0.02272727273
vt 0.0546875 0.02272727273
vt 0.0546875 0.02272727273
vt 0.0546875 0.02272727273
vt 0.0546875 0.02272727273
vt 0.0546875 0.02272727273
vt 0.0546875 0.02272727273
vt 0.0546875 0.02272727273
vt 0.0546875 0.02272727273
vt 0.0546875 0.02272727273
vn -0.02939568877 -0.924516451 -0.3800068753
vn -0.0148303389 -0.9462494827 -0.3230974737
vn -0.01804874215 -0.9403926906 -0.3396112931
vn -0.02939568877 -0.924516451 -0.3800068753
vn -0.02171825646 -0.9335194285 -0.3578684032
vn -0.02715189443 -0.9230472155 -0.3837272633
vn -0.02939568877 -0.924516451 -0.3800068753
vn -0.01804874215 -0.9403926906 -0.3396112931
vn -0.02171825646 -0.9335194285 -0.3578684032
vn -0.02939568906 -0.9245164515 -0.3800068742
vn -0.009861838155 -0.9668062381 -0.2553202736
vn -0.01483033913 -0.9462494831 -0.3230974725
vn -0.009861838155 -0.9668062381 -0.2553202736
vn -0.004894597438 -0.9615970465 -0.2744215063
vn -0.005270031321 -0.9610604893 -0.2762878259
vn -0.009861838155 -0.9668062381 -0.2553202736
vn -0.004777139658 -0.9617676765 -0.273824972
vn -0.004894597438 -0.9615970465 -0.2744215063
vn -0.009861838155 -0.9668062381 -0.2553202736
vn -0.005270031321 -0.9610604893 -0.2762878259
vn -0.01483033913 -0.9462494831 -0.3230974725
vn -0.009861838155 -0.9668062381 -0.2553202736
vn -0.002892444928 -0.9645277872 -0.2639654929
vn -0.004777139658 -0.9617676765 -0.273824972
vn -0.009861838154 -0.9668062382 -0.2553202734
vn -0.004760282955 -0.9721739607 -0.2342117201
vn -0.00289244267 -0.9645277885 -0.2639654883
vn -0.0293956876 -0.9245164449 -0.3800068904
vn -0.02715189445 -0.9230472149 -0.3837272647
vn -0.03058480189 -0.8944719141 -0.4460768597
vn -0.01595988739 -0.9852169501 -0.1705662429
vn -0.02335640613 -0.9906547715 -0.1343785771
vn -0.01766163999 -0.9865334037 -0.1626035358
vn -0.008859432747 -0.9813379125 -0.1920869908
vn -0.01595988809 -0.9852169501 -0.170566243
vn -0.00918513975 -0.981755995 -0.1899231409
vn -0.02826907527 -0.9969655416 -0.07252977484
vn -0.02335640613 -0.9906547715 -0.1343785771
vn -0.01595988739 -0.9852169501 -0.1705662429
vn -0.02826907527 -0.9969655416 -0.07252977484
vn -0.03592462878 -0.9970959286 -0.06715005674
vn -0.03290310579 -0.9959143731 -0.08409486978
vn -0.02826907527 -0.9969655416 -0.07252977484
vn -0.03290310579 -0.9959143731 -0.08409486978
vn -0.02335640613 -0.9906547715 -0.1343785771
vn -0.02826907552 -0.9969655417 -0.07252977356
vn -0.03783637883 -0.9974784187 -0.06004342279
vn -0.03592462858 -0.9970959286 -0.06715005741
vn -0.02826907552 -0.9969655417 -0.07252977356
vn -0.04620990495 -0.9985514437 -0.02756191056
vn -0.03783637883 -0.9974784187 -0.06004342279
vn -0.02826907576 -0.9969655417 -0.07252977401
vn -0.04923139549 -0.9987695096 -0.005977986214
vn -0.04620990501 -0.9985514437 -0.02756191066
vn -0.02826907576 -0.9969655417 -0.07252977401
vn -0.04396823517 -0.9970071376 0.06358900746
vn -0.04923139549 -0.9987695096 -0.005977986214
vn -0.04396823517 -0.9970071376 0.06358900746
vn -0.05279465917 -0.9983304647 0.02343090503
vn -0.04923139549 -0.9987695096 -0.005977986214
vn -0.04396823517 -0.9970071376 0.06358900746
vn -0.05686257997 -0.9963902081 0.06303332639
vn -0.05279465917 -0.9983304647 0.02343090503
vn -0.008859432293 -0.9813379124 -0.1920869912
vn -0.008668917889 -0.9808511057 -0.1945660769
vn -0.005619052989 -0.9750823945 -0.2217718424
vn -0.008859432293 -0.9813379124 -0.1920869912
vn -0.009185140301 -0.9817559951 -0.1899231406
vn -0.008668917889 -0.9808511057 -0.1945660769
vn -0.009861838154 -0.9668062382 -0.2553202734
vn -0.005619053487 -0.9750823948 -0.2217718412
vn -0.005482148925 -0.9746668708 -0.2235943583
vn -0.009861838154 -0.9668062382 -0.2553202734
vn -0.005482148925 -0.9746668708 -0.2235943583
vn -0.004760282955 -0.9721739607 -0.2342117201
vn -0.008859432489 -0.9813379125 -0.1920869907
vn -0.005619053487 -0.9750823948 -0.2217718412
vn -0.009861838154 -0.9668062382 -0.2553202734
vn -0.008859432052 -0.9813379125 -0.1920869907
vn -0.02826907527 -0.9969655416 -0.07252977484
vn -0.01595988739 -0.9852169501 -0.1705662429
vn -0.008859432296 -0.9813379125 -0.1920869904
vn 0.002980989876 -0.9815640928 -0.1911100348
vn -0.02826907493 -0.9969655416 -0.07252977524
vn -0.008859431811 -0.9813379124 -0.192086991
vn -0.009861837879 -0.9668062381 -0.2553202735
vn 0.002980988849 -0.981564093 -0.1911100337
vn -0.02826907545 -0.9969655417 -0.07252977389
vn 0.004330270326 -0.9969762349 -0.07758631238
vn -0.04396823457 -0.9970071376 0.06358900765
vn 0.002980990032 -0.9815640928 -0.1911100349
vn 0.004330270002 -0.9969762348 -0.07758631316
vn -0.0282690754 -0.9969655416 -0.07252977516
vn 0.00433026902 -0.9969762348 -0.07758631288
vn 0.003442879194 -0.9980537912 0.06226376457
vn -0.04396823512 -0.9970071376 0.06358900734
vn -0.01083856042 -0.927939366 -0.3725735614
vn -0.009861837872 -0.9668062381 -0.2553202736
vn -0.02939569114 -0.9245164514 -0.3800068741
vn -0.01083855981 -0.9279393663 -0.3725735605
vn 0.0148803719 -0.9709651327 -0.2387577969
vn -0.009861837764 -0.9668062382 -0.2553202734
vn -0.01083856149 -0.9279393698 -0.372573552
vn -0.03294030417 -0.8728787221 -0.4868240677
vn -0.03256950271 -0.8541982765 -0.5189263261
vn -0.01083856149 -0.9279393698 -0.372573552
vn -0.03256950271 -0.8541982765 -0.5189263261
vn -0.03172453155 -0.8246589188 -0.5647399594
vn -0.01083856282 -0.9279393697 -0.372573552
vn -0.0317245334 -0.8246589187 -0.5647399595
vn -0.02636163631 -0.7993975631 -0.6002237918
vn -0.01083856282 -0.9279393697 -0.372573552
vn -0.02636163631 -0.7993975631 -0.6002237918
vn -0.02541780524 -0.7951627188 -0.6058631742
vn -0.01083856282 -0.9279393697 -0.372573552
vn -0.02541780524 -0.7951627188 -0.6058631742
vn -0.00199223504 -0.7990519321 -0.6012587137
vn -0.001992234479 -0.7990519342 -0.6012587109
vn -0.01829685244 -0.6908062249 -0.7228084012
vn 0.002362018644 -0.5592491544 -0.8289962631
vn -0.001992234479 -0.7990519342 -0.6012587109
vn -0.02541780349 -0.7951627263 -0.6058631644
vn -0.01829685244 -0.6908062249 -0.7228084012
vn -0.0293956876 -0.9245164449 -0.3800068904
vn -0.03058480189 -0.8944719141 -0.4460768597
vn -0.0329403053 -0.8728787222 -0.4868240675
vn -0.01083856149 -0.9279393698 -0.372573552
vn -0.02939568984 -0.924516445 -0.38000689
vn -0.03294030417 -0.8728787221 -0.4868240677
vn -0.0108385596 -0.9279393663 -0.3725735606
vn 0.03775027534 -0.927519041 -0.3718646867
vn 0.01488037075 -0.9709651329 -0.2387577962
vn 0.03775027544 -0.9275190414 -0.3718646859
vn 0.0612108484 -0.971792098 -0.2277572179
vn 0.01488037131 -0.9709651329 -0.2387577962
vn -0.010838562 -0.9279393696 -0.3725735523
vn -0.001992234355 -0.7990519318 -0.6012587141
vn 0.05890357088 -0.7925652949 -0.6069354353
vn -0.01083856345 -0.9279393696 -0.3725735523
vn 0.05890357255 -0.7925652944 -0.6069354359
vn 0.03775027545 -0.9275190397 -0.37186469
vn -0.001992233588 -0.7990519344 -0.6012587107
vn 0.05824189547 -0.5663305552 -0.8221177433
vn 0.05890357048 -0.792565292 -0.6069354392
vn 0.002980989347 -0.9815640931 -0.1911100331
vn -0.009861837752 -0.9668062382 -0.2553202733
vn 0.01488037208 -0.970965133 -0.2387577958
vn 0.002980989361 -0.9815640931 -0.1911100331
vn 0.01488037246 -0.9709651332 -0.2387577951
vn 0.02198691892 -0.9820901691 -0.1871242239
vn 0.002980989533 -0.9815640929 -0.1911100346
vn 0.02198691869 -0.9820901696 -0.1871242211
vn 0.004330270822 -0.9969762348 -0.07758631377
vn 0.02198691963 -0.9820901696 -0.187124221
vn 0.01518612127 -0.9970576778 -0.07513566959
vn 0.004330271654 -0.9969762348 -0.07758631359
vn 0.004330271432 -0.9969762348 -0.07758631311
vn 0.01518612117 -0.9970576778 -0.0751356697
vn 0.003442880828 -0.9980537912 0.06226376441
vn 0.01518612149 -0.9970576778 -0.07513566928
vn 0.006752874368 -0.9985524721 0.05336065155
vn 0.003442881105 -0.9980537912 0.06226376484
vn 0.02198691411 -0.982090169 -0.1871242251
vn 0.01488037142 -0.9709651331 -0.2387577954
vn 0.06121084943 -0.9717920995 -0.2277572111
vn 0.02198691587 -0.9820901694 -0.1871242226
vn 0.06121084844 -0.9717920993 -0.2277572125
vn 0.05397285002 -0.9789474249 -0.1968473283
vn 0.02198691601 -0.9820901701 -0.187124219
vn 0.05397284988 -0.9789474245 -0.1968473304
vn 0.01518612065 -0.9970576778 -0.07513566924
vn 0.01518612189 -0.9970576778 -0.07513566896
vn 0.004868891509 -0.9955364423 -0.09425224587
vn 0.00675287282 -0.9985524722 0.05336065035
vn 0.002362018635 -0.5592491512 -0.8289962652
vn -0.01829685254 -0.6908062286 -0.7228083976
vn -0.01512757303 -0.643578966 -0.7652302079
vn 0.002362018635 -0.5592491512 -0.8289962652
vn -0.01512757303 -0.643578966 -0.7652302079
vn -0.01430566609 -0.6314896106 -0.7752523586
vn 0.002362018635 -0.5592491512 -0.8289962652
vn -0.01430566609 -0.6314896106 -0.7752523586
vn -0.01339448777 -0.6196194641 -0.7847880653
vn 0.002362015845 -0.5592491314 -0.8289962786
vn -0.009122856573 -0.5661841827 -0.8242282723
vn 0.02737872501 -0.4335041075 -0.9007355851
vn 0.002362018635 -0.5592491512 -0.8289962652
vn -0.01339448777 -0.6196194641 -0.7847880653
vn -0.009122842048 -0.5661842149 -0.8242282503
vn 0.002362015845 -0.5592491314 -0.8289962786
vn 0.02737872501 -0.4335041075 -0.9007355851
vn 0.04086830088 -0.3824933446 -0.9230539656
vn 0.06000354697 -0.3264376944 -0.9433122527
vn 0.04086830127 -0.3824933456 -0.9230539651
vn 0.05015290084 -0.3382444859 -0.9397208917
vn -0.001992233569 -0.799051934 -0.6012587112
vn 0.002362018756 -0.5592491547 -0.8289962629
vn 0.03201855753 -0.5761088382 -0.8167456266
vn 0.002362018344 -0.5592491299 -0.8289962796
vn 0.04402471719 -0.4131611461 -0.9095931462
vn 0.03218426724 -0.5547967288 -0.8313631954
vn 0.002362018756 -0.5592491547 -0.8289962629
vn 0.03218426716 -0.5547967352 -0.8313631911
vn 0.03201855753 -0.5761088382 -0.8167456266
vn 0.002362017013 -0.559249131 -0.8289962789
vn 0.06000354693 -0.3264376952 -0.9433122524
vn 0.04402470794 -0.4131611333 -0.9095931525
vn 0.002362015845 -0.5592491314 -0.8289962786
vn 0.04086830088 -0.3824933446 -0.9230539656
vn 0.06000354817 -0.3264376961 -0.943312252
vn 0.04402470794 -0.4131611333 -0.9095931525
vn 0.06000354693 -0.3264376952 -0.9433122524
vn 0.04869558987 -0.3935003087 -0.9180339027
vn -0.001992233569 -0.799051934 -0.6012587112
vn 0.03201855753 -0.5761088382 -0.8167456266
vn 0.05824189549 -0.5663305564 -0.8221177425
vn 1 -0 0
vn 1 -0 0
vn 1 -0 0
vn 0 0 -1
vn 0 0 -1
vn 0 0 -1
vn 0 -0 -1
vn 0 -0 -1
vn 0 -0 -1
vn 1 -0 0
vn 1 -0 0
vn 1 -0 0
vn 0 -1 0
vn 0 -1 0
vn 0 -1 0
vn 1 -0 0
vn 1 -0 0
vn 1 -0 0
vn 0 -1 0
vn 0 -1 0
vn 0 -1 0
vn 0.04869558987 -0.3935003087 -0.9180339027
vn 0.08620037283 -0.2473147521 -0.9650932127
vn 0.05089879122 -0.3874118869 -0.9205005936
vn 0.05089879637 -0.3874118931 -0.9205005908
vn 0.08620037692 -0.2473147593 -0.9650932105
vn 0.07656311565 -0.3848308357 -0.9198061302
vn 0.06000354541 -0.3264377102 -0.9433122473
vn 0.05015289768 -0.3382445234 -0.9397208784
vn 0.05606658866 -0.3175050533 -0.946597633
vn 0.06000354322 -0.3264377166 -0.9433122452
vn 0.05606658663 -0.3175050602 -0.9465976308
vn 0.05614888559 -0.3172952128 -0.9466631136
vn 0.06000354322 -0.3264377166 -0.9433122452
vn 0.05614888559 -0.3172952128 -0.9466631136
vn 0.08506330374 -0.2437866577 -0.9660912482
vn 0.06000354239 -0.3264377161 -0.9433122455
vn 0.1260148466 -0.1501467402 -0.980599926
vn 0.08620037413 -0.2473147323 -0.9650932176
vn 0.06000354322 -0.3264377166 -0.9433122452
vn 0.08506330374 -0.2437866577 -0.9660912482
vn 0.1260148535 -0.1501467351 -0.9805999259
vn 0.1260148535 -0.1501467351 -0.9805999259
vn 0.08506330374 -0.2437866577 -0.9660912482
vn 0.1167882558 -0.1619913394 -0.97985678
vn 0.04869558987 -0.3935003087 -0.9180339027
vn 0.06000354693 -0.3264376952 -0.9433122524
vn 0.08620037283 -0.2473147521 -0.9650932127
vn 0.08620037845 -0.2473147264 -0.9650932187
vn 0.126014848 -0.1501467279 -0.9805999277
vn 0.1217405609 -0.06089036421 -0.9906924848
vn -0.04396823509 -0.9970071375 0.06358900875
vn -0.05549674033 -0.9956349463 0.07504109191
vn -0.05686258001 -0.9963902081 0.0630333263
vn -0.04396823509 -0.9970071375 0.06358900875
vn -0.05269894994 -0.9940647533 0.09517398197
vn -0.05549674033 -0.9956349463 0.07504109191
vn -0.04396823466 -0.9970071375 0.06358900889
vn -0.05270775895 -0.9935507641 0.1003930844
vn -0.05269894944 -0.9940647533 0.09517398218
vn -0.04396823466 -0.9970071375 0.06358900889
vn -0.0522346009 -0.9895490967 0.1344028712
vn -0.05270775895 -0.9935507641 0.1003930844
vn -0.04396823466 -0.9970071375 0.06358900889
vn -0.04609194835 -0.9859173913 0.1607558078
vn -0.0522346009 -0.9895490967 0.1344028712
vn -0.04609194835 -0.9859173913 0.1607558078
vn -0.05140199423 -0.9856422738 0.1608326557
vn -0.0522346009 -0.9895490967 0.1344028712
vn -0.04609194878 -0.9859173917 0.1607558055
vn -0.05171838052 -0.9851837575 0.1635181121
vn -0.05140199439 -0.9856422739 0.160832655
vn -0.04609194878 -0.9859173917 0.1607558055
vn -0.05216074476 -0.9843191633 0.1685082833
vn -0.05171838052 -0.9851837575 0.1635181121
vn -0.04609194842 -0.9859173917 0.1607558058
vn -0.05140192269 -0.9829237675 0.1766881706
vn -0.05216074422 -0.9843191632 0.1685082838
vn -0.04609194842 -0.9859173917 0.1607558058
vn -0.04851183192 -0.9788317033 0.1988343499
vn -0.05140192269 -0.9829237675 0.1766881706
vn -0.04851183192 -0.9788317033 0.1988343499
vn -0.0488535944 -0.9792367329 0.196745387
vn -0.05140192269 -0.9829237675 0.1766881706
vn -0.04396823511 -0.9970071375 0.06358900896
vn 0.003442879207 -0.9980537912 0.06226376501
vn -0.04609194817 -0.9859173913 0.1607558078
vn -0.04609194823 -0.9859173917 0.1607558059
vn -0.01433348969 -0.9877236617 0.1555523035
vn -0.04851183224 -0.9788317033 0.19883435
vn -0.04609194902 -0.9859173913 0.1607558076
vn 0.003442879649 -0.9980537912 0.06226376507
vn -0.01433349029 -0.9877236615 0.1555523047
vn -0.01433348969 -0.9877236617 0.1555523035
vn -0.04784157254 -0.9780726474 0.2026945495
vn -0.04851183224 -0.9788317033 0.19883435
vn -0.01433348969 -0.9877236617 0.1555523035
vn -0.04695105366 -0.9772036058 0.2070476068
vn -0.04784157254 -0.9780726474 0.2026945495
vn -0.03803591045 -0.9785211147 0.2026072495
vn -0.04821557966 -0.9765293015 0.2099185109
vn -0.04695105439 -0.9772036057 0.2070476067
vn -0.03803591037 -0.9785211147 0.2026072496
vn -0.04881719432 -0.9729643806 0.2257370056
vn -0.04821558142 -0.9765293017 0.2099185097
vn -0.03803591037 -0.9785211147 0.2026072496
vn -0.04891964387 -0.9722643259 0.2287114974
vn -0.04881719432 -0.9729643806 0.2257370056
vn -0.03803591037 -0.9785211147 0.2026072496
vn -0.04893991275 -0.9720763034 0.2295050004
vn -0.04891964387 -0.9722643259 0.2287114974
vn -0.03803591037 -0.9785211147 0.2026072496
vn -0.04909857774 -0.9690080715 0.2421005723
vn -0.04893991275 -0.9720763034 0.2295050004
vn -0.03803591031 -0.9785211147 0.2026072496
vn -0.04841780298 -0.9655696305 0.2555993054
vn -0.04909857761 -0.9690080714 0.2421005724
vn -0.01433349203 -0.9877236617 0.1555523032
vn -0.03803591045 -0.9785211147 0.2026072495
vn -0.04695105439 -0.9772036057 0.2070476067
vn -0.03803591031 -0.9785211147 0.2026072496
vn -0.04249168437 -0.9652470748 0.2578614771
vn -0.04841780298 -0.9655696305 0.2555993054
vn -0.04249168437 -0.9652470748 0.2578614771
vn -0.04806917784 -0.9640979597 0.2611598712
vn -0.04841780298 -0.9655696305 0.2555993054
vn -0.04806917756 -0.9640979602 0.2611598691
vn -0.05288234338 -0.9505545065 0.3060222018
vn -0.04844363071 -0.9631626936 0.2645200189
vn -0.04249168397 -0.9652470755 0.2578614746
vn -0.05288234338 -0.9505545065 0.3060222018
vn -0.04806917756 -0.9640979602 0.2611598691
vn -0.04249168405 -0.9652470754 0.2578614747
vn -0.04550612692 -0.9307323812 0.3628586873
vn -0.05288234683 -0.9505545051 0.3060222054
vn -0.05288234683 -0.9505545051 0.3060222054
vn -0.04550612692 -0.9307323812 0.3628586873
vn -0.05025333751 -0.9433997744 0.327828412
vn -0.04782161818 -0.9209076338 0.3868361706
vn -0.0456254946 -0.9302124955 0.3641744465
vn -0.045506127 -0.9307323812 0.3628586874
vn -0.04706826625 -0.9149557941 0.4007997917
vn -0.06717382491 -0.8633388684 0.5001336577
vn -0.04892767853 -0.9107079153 0.4101428717
vn 0.003442880922 -0.9980537912 0.06226376521
vn 0.006752874194 -0.9985524721 0.05336065207
vn -0.0143334921 -0.9877236616 0.1555523044
vn 0.006752874147 -0.9985524722 0.05336065057
vn -0.01143224548 -0.990841797 0.134543068
vn -0.01433349213 -0.9877236618 0.1555523031
vn -0.01433349258 -0.9877236619 0.1555523023
vn -0.01143224493 -0.9908417968 0.1345430693
vn -0.03803591069 -0.9785211148 0.2026072491
vn -0.04759593163 -0.9812062025 0.1870000416
vn -0.04249168476 -0.9652470748 0.257861477
vn -0.03803591095 -0.9785211147 0.2026072494
vn -0.01143224465 -0.9908417968 0.1345430692
vn -0.0475959341 -0.9812062024 0.1870000411
vn -0.03803591108 -0.9785211148 0.2026072493
vn -0.04759593204 -0.9812062023 0.1870000425
vn -0.05733051021 -0.9656247485 0.2535390654
vn -0.04249168476 -0.9652470748 0.257861477
vn 0.006752872103 -0.9985524721 0.05336065195
vn -0.008564770214 -0.9989176841 0.04571766809
vn -0.01143224607 -0.9908417969 0.1345430684
vn -0.01143224632 -0.9908417969 0.1345430686
vn -0.00856476941 -0.9989176841 0.04571766743
vn -0.01440800007 -0.9931282541 0.1161407789
vn -0.04759593215 -0.9812062022 0.1870000427
vn -0.04932571573 -0.9853278307 0.1633892281
vn -0.05733050999 -0.9656247486 0.2535390651
vn -0.01143224438 -0.9908417968 0.1345430692
vn -0.01440800062 -0.9931282541 0.1161407782
vn -0.04759593419 -0.9812062024 0.1870000411
vn -0.04759593407 -0.9812062025 0.1870000408
vn -0.01440800065 -0.9931282542 0.1161407777
vn -0.04932571676 -0.9853278308 0.1633892269
vn -0.04932571584 -0.9853278308 0.1633892273
vn -0.05517723167 -0.9660979864 0.2522105347
vn -0.05733051029 -0.965624749 0.2535390633
vn -0.04249168477 -0.9652470753 0.2578614751
vn -0.05733051059 -0.9656247506 0.2535390575
vn -0.045506127 -0.9307323812 0.3628586874
vn -0.05733051059 -0.9656247506 0.2535390575
vn -0.04782161818 -0.9209076338 0.3868361706
vn -0.045506127 -0.9307323812 0.3628586874
vn -0.04938263581 -0.9194703126 0.390045766
vn -0.04706827022 -0.9149557901 0.4007998006
vn -0.0478216199 -0.9209076333 0.3868361716
vn -0.04938263952 -0.9194703102 0.3900457711
vn -0.06717382491 -0.8633388684 0.5001336577
vn -0.04706826625 -0.9149557941 0.4007997917
vn -0.05733051159 -0.9656247503 0.2535390581
vn -0.04938263581 -0.9194703126 0.390045766
vn -0.0478216199 -0.9209076333 0.3868361716
vn -0.04938263334 -0.919470311 0.3900457701
vn -0.06611426433 -0.8613422722 0.5037046695
vn -0.06717384045 -0.8633388657 0.5001336603
vn -0.04938263334 -0.919470311 0.3900457701
vn -0.0548917366 -0.8406487396 0.5387917908
vn -0.06611426433 -0.8613422722 0.5037046695
vn -0.04938263334 -0.919470311 0.3900457701
vn -0.04218661092 -0.8173182405 0.5746400471
vn -0.0548917366 -0.8406487396 0.5387917908
vn -0.04938263334 -0.919470311 0.3900457701
vn -0.02860471701 -0.822280525 0.5683630076
vn -0.04218661092 -0.8173182405 0.5746400471
vn -0.02860472273 -0.8222805197 0.568363015
vn -0.03843430116 -0.7521698737 0.6578474638
vn -0.04218661394 -0.8173182369 0.5746400518
vn -0.05733051153 -0.9656247503 0.2535390582
vn -0.0551772307 -0.9660979856 0.2522105379
vn -0.04938263566 -0.9194703125 0.3900457663
vn -0.04938263348 -0.9194703115 0.3900457687
vn -0.05517723003 -0.9660979855 0.2522105384
vn -0.02675358922 -0.9107650859 0.4120572821
vn -0.04938263418 -0.9194703104 0.3900457713
vn -0.02675358855 -0.9107650859 0.4120572822
vn -0.02860471578 -0.8222805261 0.568363006
vn -0.02860471906 -0.8222805241 0.5683630088
vn 0.01329812865 -0.8144891545 0.5800263589
vn 0.02296968445 -0.6603238347 0.7506296203
vn -0.02860471398 -0.8222805272 0.5683630045
vn -0.02675358851 -0.9107650855 0.412057283
vn 0.01329812737 -0.8144891513 0.5800263634
vn -0.02860472273 -0.8222805197 0.568363015
vn -0.03707588762 -0.7295737832 0.6828963856
vn -0.03843430116 -0.7521698737 0.6578474638
vn -0.02860472273 -0.8222805197 0.568363015
vn -0.03645829619 -0.7214488785 0.6915072728
vn -0.03707588762 -0.7295737832 0.6828963856
vn -0.03645829667 -0.7214488786 0.6915072727
vn -0.0283772968 -0.6458944351 0.7628991465
vn -0.03590899464 -0.7158608025 0.6973190486
vn -0.02615039667 -0.5713909164 0.8202612861
vn -0.01081260842 -0.350318342 0.9365682819
vn -0.02421400545 -0.5410177497 0.8406625224
vn -0.02860472318 -0.8222805197 0.568363015
vn 0.02296968664 -0.6603238379 0.7506296175
vn -0.03645829667 -0.7214488786 0.6915072727
vn 0.02296968664 -0.6603238379 0.7506296175
vn -0.0283772968 -0.6458944351 0.7628991465
vn -0.03645829667 -0.7214488786 0.6915072727
vn 0.02296968678 -0.6603238348 0.7506296202
vn -0.02615039929 -0.5713909125 0.8202612887
vn -0.02837729662 -0.6458944298 0.762899151
vn 0.02296968678 -0.6603238348 0.7506296202
vn 0.01698646911 -0.3509566293 0.9362376323
vn -0.02615039929 -0.5713909125 0.8202612887
vn 0.01698646773 -0.3509566272 0.9362376332
vn -0.01081260842 -0.350318342 0.9365682819
vn -0.02615039667 -0.5713909164 0.8202612861
vn 0.01698646843 -0.3509566041 0.9362376418
vn -0.01086309725 -0.2886385096 0.9573765215
vn -0.01081260703 -0.3503183046 0.936568296
vn 0.01698646843 -0.3509566041 0.9362376418
vn -0.01082362011 -0.2833155532 0.958965665
vn -0.01086309725 -0.2886385096 0.9573765215
vn 0.01698646843 -0.3509566041 0.9362376418
vn -0.01053436371 -0.26660544 0.9637481863
vn -0.01082362011 -0.2833155532 0.958965665
vn 0.01698646843 -0.3509566041 0.9362376418
vn -0.01032038542 -0.2551128169 0.9668562149
vn -0.01053436371 -0.26660544 0.9637481863
vn 0.0158748473 -0.1539968584 0.9879438025
vn 0.002206499849 -0.1673624827 0.9858929611
vn -0.01032038738 -0.2551128168 0.9668562149
vn 0.01698646843 -0.3509566041 0.9362376418
vn 0.01587484588 -0.1539968567 0.9879438027
vn -0.01032038542 -0.2551128169 0.9668562149
vn -0.0293956876 0.9245164449 -0.3800068904
vn -0.03058480189 0.8944719141 -0.4460768597
vn -0.02715189445 0.9230472149 -0.3837272647
vn -0.02939568877 0.924516451 -0.3800068753
vn -0.01804874215 0.9403926906 -0.3396112931
vn -0.0148303389 0.9462494827 -0.3230974737
vn -0.02939568877 0.924516451 -0.3800068753
vn -0.02715189443 0.9230472155 -0.3837272633
vn -0.02171825646 0.9335194285 -0.3578684032
vn -0.02939568877 0.924516451 -0.3800068753
vn -0.02171825646 0.9335194285 -0.3578684032
vn -0.01804874215 0.9403926906 -0.3396112931
vn -0.02939568906 0.9245164515 -0.3800068742
vn -0.01483033913 0.9462494831 -0.3230974725
vn -0.009861838155 0.9668062381 -0.2553202736
vn -0.009861838155 0.9668062381 -0.2553202736
vn -0.005270031321 0.9610604893 -0.2762878259
vn -0.004894597438 0.9615970465 -0.2744215063
vn -0.009861838155 0.9668062381 -0.2553202736
vn -0.004894597438 0.9615970465 -0.2744215063
vn -0.004777139658 0.9617676765 -0.273824972
vn -0.009861838155 0.9668062381 -0.2553202736
vn -0.01483033913 0.9462494831 -0.3230974725
vn -0.005270031321 0.9610604893 -0.2762878259
vn -0.009861838155 0.9668062381 -0.2553202736
vn -0.004777139658 0.9617676765 -0.273824972
vn -0.002892444928 0.9645277872 -0.2639654929
vn -0.009861838154 0.9668062382 -0.2553202734
vn -0.00289244267 0.9645277885 -0.2639654883
vn -0.004760282955 0.9721739607 -0.2342117201
vn -0.01595988739 0.9852169501 -0.1705662429
vn -0.01766163999 0.9865334037 -0.1626035358
vn -0.02335640613 0.9906547715 -0.1343785771
vn -0.008859432747 0.9813379125 -0.1920869908
vn -0.00918513975 0.981755995 -0.1899231409
vn -0.01595988809 0.9852169501 -0.170566243
vn -0.02826907527 0.9969655416 -0.07252977484
vn -0.01595988739 0.9852169501 -0.1705662429
vn -0.02335640613 0.9906547715 -0.1343785771
vn -0.02826907527 0.9969655416 -0.07252977484
vn -0.03290310579 0.9959143731 -0.08409486978
vn -0.03592462878 0.9970959286 -0.06715005674
vn -0.02826907527 0.9969655416 -0.07252977484
vn -0.02335640613 0.9906547715 -0.1343785771
vn -0.03290310579 0.9959143731 -0.08409486978
vn -0.02826907552 0.9969655417 -0.07252977356
vn -0.03592462858 0.9970959286 -0.06715005741
vn -0.03783637883 0.9974784187 -0.06004342279
vn -0.02826907552 0.9969655417 -0.07252977356
vn -0.03783637883 0.9974784187 -0.06004342279
vn -0.04620990495 0.9985514437 -0.02756191056
vn -0.02826907576 0.9969655417 -0.07252977401
vn -0.04620990501 0.9985514437 -0.02756191066
vn -0.04923139549 0.9987695096 -0.005977986214
vn -0.02826907576 0.9969655417 -0.07252977401
vn -0.04923139549 0.9987695096 -0.005977986214
vn -0.04396823517 0.9970071376 0.06358900746
vn -0.04396823517 0.9970071376 0.06358900746
vn -0.04923139549 0.9987695096 -0.005977986214
vn -0.05279465917 0.9983304647 0.02343090503
vn -0.04396823517 0.9970071376 0.06358900746
vn -0.05279465917 0.9983304647 0.02343090503
vn -0.05686257997 0.9963902081 0.06303332639
vn -0.008859432293 0.9813379124 -0.1920869912
vn -0.005619052989 0.9750823945 -0.2217718424
vn -0.008668917889 0.9808511057 -0.1945660769
vn -0.008859432293 0.9813379124 -0.1920869912
vn -0.008668917889 0.9808511057 -0.1945660769
vn -0.009185140301 0.9817559951 -0.1899231406
vn -0.009861838154 0.9668062382 -0.2553202734
vn -0.005482148925 0.9746668708 -0.2235943583
vn -0.005619053487 0.9750823948 -0.2217718412
vn -0.009861838154 0.9668062382 -0.2553202734
vn -0.004760282955 0.9721739607 -0.2342117201
vn -0.005482148925 0.9746668708 -0.2235943583
vn -0.008859432489 0.9813379125 -0.1920869907
vn -0.009861838154 0.9668062382 -0.2553202734
vn -0.005619053487 0.9750823948 -0.2217718412
vn -0.008859432052 0.9813379125 -0.1920869907
vn -0.01595988739 0.9852169501 -0.1705662429
vn -0.02826907527 0.9969655416 -0.07252977484
vn -0.008859432296 0.9813379125 -0.1920869904
vn -0.02826907493 0.9969655416 -0.07252977524
vn 0.002980989876 0.9815640928 -0.1911100348
vn -0.008859431811 0.9813379124 -0.192086991
vn 0.002980988849 0.981564093 -0.1911100337
vn -0.009861837879 0.9668062381 -0.2553202735
vn -0.02826907545 0.9969655417 -0.07252977389
vn -0.04396823457 0.9970071376 0.06358900765
vn 0.004330270326 0.9969762349 -0.07758631238
vn 0.002980990032 0.9815640928 -0.1911100349
vn -0.0282690754 0.9969655416 -0.07252977516
vn 0.004330270002 0.9969762348 -0.07758631316
vn 0.00433026902 0.9969762348 -0.07758631288
vn -0.04396823512 0.9970071376 0.06358900734
vn 0.003442879194 0.9980537912 0.06226376457
vn 0.06000354697 0.3264376944 -0.9433122527
vn 0.05015290084 0.3382444859 -0.9397208917
vn 0.04086830127 0.3824933456 -0.9230539651
vn 0.002362015845 0.5592491314 -0.8289962786
vn 0.04086830088 0.3824933446 -0.9230539656
vn 0.02737872501 0.4335041075 -0.9007355851
vn 0.002362018635 0.5592491512 -0.8289962652
vn -0.01430566609 0.6314896106 -0.7752523586
vn -0.01512757303 0.643578966 -0.7652302079
vn 0.002362018635 0.5592491512 -0.8289962652
vn -0.01512757303 0.643578966 -0.7652302079
vn -0.01829685254 0.6908062286 -0.7228083976
vn 0.002362015845 0.5592491314 -0.8289962786
vn 0.02737872501 0.4335041075 -0.9007355851
vn -0.009122856573 0.5661841827 -0.8242282723
vn 0.002362018635 0.5592491512 -0.8289962652
vn -0.009122842048 0.5661842149 -0.8242282503
vn -0.01339448777 0.6196194641 -0.7847880653
vn 0.002362018635 0.5592491512 -0.8289962652
vn -0.01339448777 0.6196194641 -0.7847880653
vn -0.01430566609 0.6314896106 -0.7752523586
vn 0.1260148535 0.1501467351 -0.9805999259
vn 0.1167882558 0.1619913394 -0.97985678
vn 0.08506330374 0.2437866577 -0.9660912482
vn 0.1260148535 0.1501467351 -0.9805999259
vn 0.08506330374 0.2437866577 -0.9660912482
vn 0.06000354322 0.3264377166 -0.9433122452
vn 0.06000354322 0.3264377166 -0.9433122452
vn 0.08506330374 0.2437866577 -0.9660912482
vn 0.05614888559 0.3172952128 -0.9466631136
vn 0.06000354322 0.3264377166 -0.9433122452
vn 0.05614888559 0.3172952128 -0.9466631136
vn 0.05606658663 0.3175050602 -0.9465976308
vn 0.06000354541 0.3264377102 -0.9433122473
vn 0.05606658866 0.3175050533 -0.946597633
vn 0.05015289768 0.3382445234 -0.9397208784
vn 0.1260148466 0.1501467402 -0.980599926
vn 0.06000354239 0.3264377161 -0.9433122455
vn 0.08620037413 0.2473147323 -0.9650932176
vn 0.126014848 0.1501467279 -0.9805999277
vn 0.08620037845 0.2473147264 -0.9650932187
vn 0.1217405609 0.06089036421 -0.9906924848
vn 0.06000354693 0.3264376952 -0.9433122524
vn 0.04869558987 0.3935003087 -0.9180339027
vn 0.08620037283 0.2473147521 -0.9650932127
vn 0.06000354817 0.3264376961 -0.943312252
vn 0.04086830088 0.3824933446 -0.9230539656
vn 0.002362015845 0.5592491314 -0.8289962786
vn 0.06000354693 0.3264376952 -0.9433122524
vn 0.002362017013 0.559249131 -0.8289962789
vn 0.04402470794 0.4131611333 -0.9095931525
vn 0.06000354693 0.3264376952 -0.9433122524
vn 0.04402470794 0.4131611333 -0.9095931525
vn 0.04869558987 0.3935003087 -0.9180339027
vn 0.002362018756 0.5592491547 -0.8289962629
vn -0.001992233569 0.799051934 -0.6012587112
vn 0.03201855753 0.5761088382 -0.8167456266
vn 0.04402471719 0.4131611461 -0.9095931462
vn 0.002362018344 0.5592491299 -0.8289962796
vn 0.03218426724 0.5547967288 -0.8313631954
vn 0.002362018756 0.5592491547 -0.8289962629
vn 0.03201855753 0.5761088382 -0.8167456266
vn 0.03218426716 0.5547967352 -0.8313631911
vn -0 1 0
vn -0 1 0
vn -0 1 0
vn 1 0 -0
vn 1 0 -0
vn 1 0 -0
vn 1 -0 0
vn 1 -0 0
vn 1 -0 0
vn 0.04869558987 0.3935003087 -0.9180339027
vn 0.05089879122 0.3874118869 -0.9205005936
vn 0.08620037283 0.2473147521 -0.9650932127
vn 0 1 0
vn 0 1 0
vn 0 1 0
vn 0.08620037692 0.2473147593 -0.9650932105
vn 0.05089879637 0.3874118931 -0.9205005908
vn 0.07656311565 0.3848308357 -0.9198061302
vn 1 -0 0
vn 1 -0 0
vn 1 -0 0
vn 0 0 -1
vn 0 0 -1
vn 0 0 -1
vn 0.03201855753 0.5761088382 -0.8167456266
vn -0.001992233569 0.799051934 -0.6012587112
vn 0.05824189549 0.5663305564 -0.8221177425
vn 0 0 -1
vn 0 0 -1
vn 0 0 -1
vn -0.01083856149 0.9279393698 -0.372573552
vn -0.03172453155 0.8246589188 -0.5647399594
vn -0.03256950271 0.8541982765 -0.5189263261
vn -0.01083856149 0.9279393698 -0.372573552
vn -0.03256950271 0.8541982765 -0.5189263261
vn -0.03294030417 0.8728787221 -0.4868240677
vn 0.002362018644 0.5592491544 -0.8289962631
vn -0.01829685244 0.6908062249 -0.7228084012
vn -0.001992234479 0.7990519342 -0.6012587109
vn -0.001992234479 0.7990519342 -0.6012587109
vn -0.01829685244 0.6908062249 -0.7228084012
vn -0.02541780349 0.7951627263 -0.6058631644
vn -0.01083856282 0.9279393697 -0.372573552
vn -0.02636163631 0.7993975631 -0.6002237918
vn -0.0317245334 0.8246589187 -0.5647399595
vn -0.01083856282 0.9279393697 -0.372573552
vn -0.02541780524 0.7951627188 -0.6058631742
vn -0.02636163631 0.7993975631 -0.6002237918
vn -0.00199223504 0.7990519321 -0.6012587137
vn -0.02541780524 0.7951627188 -0.6058631742
vn -0.01083856282 0.9279393697 -0.372573552
vn -0.0293956876 0.9245164449 -0.3800068904
vn -0.0329403053 0.8728787222 -0.4868240675
vn -0.03058480189 0.8944719141 -0.4460768597
vn -0.02939568984 0.924516445 -0.38000689
vn -0.01083856149 0.9279393698 -0.372573552
vn -0.03294030417 0.8728787221 -0.4868240677
vn -0.02939569114 0.9245164514 -0.3800068741
vn -0.009861837872 0.9668062381 -0.2553202736
vn -0.01083856042 0.927939366 -0.3725735614
vn -0.01083855981 0.9279393663 -0.3725735605
vn -0.009861837764 0.9668062382 -0.2553202734
vn 0.0148803719 0.9709651327 -0.2387577969
vn -0.001992234355 0.7990519318 -0.6012587141
vn -0.010838562 0.9279393696 -0.3725735523
vn 0.05890357088 0.7925652949 -0.6069354353
vn 0.05824189547 0.5663305552 -0.8221177433
vn -0.001992233588 0.7990519344 -0.6012587107
vn 0.05890357048 0.792565292 -0.6069354392
vn -0.01083856345 0.9279393696 -0.3725735523
vn 0.03775027545 0.9275190397 -0.37186469
vn 0.05890357255 0.7925652944 -0.6069354359
vn -0.0108385596 0.9279393663 -0.3725735606
vn 0.01488037075 0.9709651329 -0.2387577962
vn 0.03775027534 0.927519041 -0.3718646867
vn 0.03775027544 0.9275190414 -0.3718646859
vn 0.01488037131 0.9709651329 -0.2387577962
vn 0.0612108484 0.971792098 -0.2277572179
vn -0.009861837752 0.9668062382 -0.2553202733
vn 0.002980989347 0.9815640931 -0.1911100331
vn 0.01488037208 0.970965133 -0.2387577958
vn 0.01488037246 0.9709651332 -0.2387577951
vn 0.002980989361 0.9815640931 -0.1911100331
vn 0.02198691892 0.9820901691 -0.1871242239
vn 0.002980989533 0.9815640929 -0.1911100346
vn 0.004330270822 0.9969762348 -0.07758631377
vn 0.02198691869 0.9820901696 -0.1871242211
vn 0.02198691963 0.9820901696 -0.187124221
vn 0.004330271654 0.9969762348 -0.07758631359
vn 0.01518612127 0.9970576778 -0.07513566959
vn 0.004330271432 0.9969762348 -0.07758631311
vn 0.003442880828 0.9980537912 0.06226376441
vn 0.01518612117 0.9970576778 -0.0751356697
vn 0.01518612149 0.9970576778 -0.07513566928
vn 0.003442881105 0.9980537912 0.06226376484
vn 0.006752874368 0.9985524721 0.05336065155
vn 0.01488037142 0.9709651331 -0.2387577954
vn 0.02198691411 0.982090169 -0.1871242251
vn 0.06121084943 0.9717920995 -0.2277572111
vn 0.02198691587 0.9820901694 -0.1871242226
vn 0.05397285002 0.9789474249 -0.1968473283
vn 0.06121084844 0.9717920993 -0.2277572125
vn 0.02198691601 0.9820901701 -0.187124219
vn 0.01518612065 0.9970576778 -0.07513566924
vn 0.05397284988 0.9789474245 -0.1968473304
vn 0.01518612189 0.9970576778 -0.07513566896
vn 0.00675287282 0.9985524722 0.05336065035
vn 0.004868891509 0.9955364423 -0.09425224587
vn -0.04396823509 0.9970071375 0.06358900875
vn -0.05686258001 0.9963902081 0.0630333263
vn -0.05549674033 0.9956349463 0.07504109191
vn -0.04396823509 0.9970071375 0.06358900875
vn -0.05549674033 0.9956349463 0.07504109191
vn -0.05269894994 0.9940647533 0.09517398197
vn -0.04396823466 0.9970071375 0.06358900889
vn -0.05269894944 0.9940647533 0.09517398218
vn -0.05270775895 0.9935507641 0.1003930844
vn -0.04396823466 0.9970071375 0.06358900889
vn -0.0522346009 0.9895490967 0.1344028712
vn -0.04609194835 0.9859173913 0.1607558078
vn -0.04396823466 0.9970071375 0.06358900889
vn -0.05270775895 0.9935507641 0.1003930844
vn -0.0522346009 0.9895490967 0.1344028712
vn -0.04609194878 0.9859173917 0.1607558055
vn -0.05171838052 0.9851837575 0.1635181121
vn -0.05216074476 0.9843191633 0.1685082833
vn -0.04609194842 0.9859173917 0.1607558058
vn -0.05216074422 0.9843191632 0.1685082838
vn -0.05140192269 0.9829237675 0.1766881706
vn -0.04609194835 0.9859173913 0.1607558078
vn -0.0522346009 0.9895490967 0.1344028712
vn -0.05140199423 0.9856422738 0.1608326557
vn -0.04609194878 0.9859173917 0.1607558055
vn -0.05140199439 0.9856422739 0.160832655
vn -0.05171838052 0.9851837575 0.1635181121
vn -0.04851183192 0.9788317033 0.1988343499
vn -0.05140192269 0.9829237675 0.1766881706
vn -0.0488535944 0.9792367329 0.196745387
vn -0.04609194842 0.9859173917 0.1607558058
vn -0.05140192269 0.9829237675 0.1766881706
vn -0.04851183192 0.9788317033 0.1988343499
vn -0.04396823511 0.9970071375 0.06358900896
vn -0.04609194817 0.9859173913 0.1607558078
vn 0.003442879207 0.9980537912 0.06226376501
vn -0.04609194823 0.9859173917 0.1607558059
vn -0.04851183224 0.9788317033 0.19883435
vn -0.01433348969 0.9877236617 0.1555523035
vn -0.04609194902 0.9859173913 0.1607558076
vn -0.01433349029 0.9877236615 0.1555523047
vn 0.003442879649 0.9980537912 0.06226376507
vn -0.03803591045 0.9785211147 0.2026072495
vn -0.04695105439 0.9772036057 0.2070476067
vn -0.04821557966 0.9765293015 0.2099185109
vn -0.03803591037 0.9785211147 0.2026072496
vn -0.04821558142 0.9765293017 0.2099185097
vn -0.04881719432 0.9729643806 0.2257370056
vn -0.03803591037 0.9785211147 0.2026072496
vn -0.04881719432 0.9729643806 0.2257370056
vn -0.04891964387 0.9722643259 0.2287114974
vn -0.03803591037 0.9785211147 0.2026072496
vn -0.04891964387 0.9722643259 0.2287114974
vn -0.04893991275 0.9720763034 0.2295050004
vn -0.03803591037 0.9785211147 0.2026072496
vn -0.04893991275 0.9720763034 0.2295050004
vn -0.04909857774 0.9690080715 0.2421005723
vn -0.03803591031 0.9785211147 0.2026072496
vn -0.04909857761 0.9690080714 0.2421005724
vn -0.04841780298 0.9655696305 0.2555993054
vn -0.01433348969 0.9877236617 0.1555523035
vn -0.04851183224 0.9788317033 0.19883435
vn -0.04784157254 0.9780726474 0.2026945495
vn -0.01433348969 0.9877236617 0.1555523035
vn -0.04784157254 0.9780726474 0.2026945495
vn -0.04695105366 0.9772036058 0.2070476068
vn -0.03803591031 0.9785211147 0.2026072496
vn -0.04841780298 0.9655696305 0.2555993054
vn -0.04249168437 0.9652470748 0.2578614771
vn -0.01433349203 0.9877236617 0.1555523032
vn -0.04695105439 0.9772036057 0.2070476067
vn -0.03803591045 0.9785211147 0.2026072495
vn -0.04550612692 0.9307323812 0.3628586873
vn -0.05288234683 0.9505545051 0.3060222054
vn -0.05025333751 0.9433997744 0.327828412
vn -0.045506127 0.9307323812 0.3628586874
vn -0.0456254946 0.9302124955 0.3641744465
vn -0.04782161818 0.9209076338 0.3868361706
vn -0.04706826625 0.9149557941 0.4007997917
vn -0.04892767853 0.9107079153 0.4101428717
vn -0.06717382491 0.8633388684 0.5001336577
vn -0.04249168437 0.9652470748 0.2578614771
vn -0.04841780298 0.9655696305 0.2555993054
vn -0.04806917784 0.9640979597 0.2611598712
vn -0.05288234338 0.9505545065 0.3060222018
vn -0.04806917756 0.9640979602 0.2611598691
vn -0.04844363071 0.9631626936 0.2645200189
vn -0.04249168397 0.9652470755 0.2578614746
vn -0.04806917756 0.9640979602 0.2611598691
vn -0.05288234338 0.9505545065 0.3060222018
vn -0.04249168405 0.9652470754 0.2578614747
vn -0.05288234683 0.9505545051 0.3060222054
vn -0.04550612692 0.9307323812 0.3628586873
vn -0.01081260842 0.350318342 0.9365682819
vn -0.02615039667 0.5713909164 0.8202612861
vn -0.02421400545 0.5410177497 0.8406625224
vn -0.02860472273 0.8222805197 0.568363015
vn -0.03707588762 0.7295737832 0.6828963856
vn -0.03645829619 0.7214488785 0.6915072728
vn -0.02860472273 0.8222805197 0.568363015
vn -0.03843430116 0.7521698737 0.6578474638
vn -0.03707588762 0.7295737832 0.6828963856
vn -0.03645829667 0.7214488786 0.6915072727
vn -0.03590899464 0.7158608025 0.6973190486
vn -0.0283772968 0.6458944351 0.7628991465
vn 0.0158748473 0.1539968584 0.9879438025
vn -0.01032038738 0.2551128168 0.9668562149
vn 0.002206499849 0.1673624827 0.9858929611
vn 0.01698646843 0.3509566041 0.9362376418
vn -0.01053436371 0.26660544 0.9637481863
vn -0.01032038542 0.2551128169 0.9668562149
vn 0.01698646843 0.3509566041 0.9362376418
vn -0.01082362011 0.2833155532 0.958965665
vn -0.01053436371 0.26660544 0.9637481863
vn 0.01698646843 0.3509566041 0.9362376418
vn -0.01086309725 0.2886385096 0.9573765215
vn -0.01082362011 0.2833155532 0.958965665
vn 0.01698646843 0.3509566041 0.9362376418
vn -0.01081260703 0.3503183046 0.936568296
vn -0.01086309725 0.2886385096 0.9573765215
vn 0.01698646773 0.3509566272 0.9362376332
vn -0.02615039667 0.5713909164 0.8202612861
vn -0.01081260842 0.350318342 0.9365682819
vn 0.01587484588 0.1539968567 0.9879438027
vn 0.01698646843 0.3509566041 0.9362376418
vn -0.01032038542 0.2551128169 0.9668562149
vn 0.02296968678 0.6603238348 0.7506296202
vn -0.02837729662 0.6458944298 0.762899151
vn -0.02615039929 0.5713909125 0.8202612887
vn 0.02296968664 0.6603238379 0.7506296175
vn -0.03645829667 0.7214488786 0.6915072727
vn -0.0283772968 0.6458944351 0.7628991465
vn 0.02296968664 0.6603238379 0.7506296175
vn -0.02860472318 0.8222805197 0.568363015
vn -0.03645829667 0.7214488786 0.6915072727
vn 0.01698646911 0.3509566293 0.9362376323
vn 0.02296968678 0.6603238348 0.7506296202
vn -0.02615039929 0.5713909125 0.8202612887
vn 0.003442880922 0.9980537912 0.06226376521
vn -0.0143334921 0.9877236616 0.1555523044
vn 0.006752874194 0.9985524721 0.05336065207
vn 0.006752874147 0.9985524722 0.05336065057
vn -0.01433349213 0.9877236618 0.1555523031
vn -0.01143224548 0.990841797 0.134543068
vn -0.03803591095 0.9785211147 0.2026072494
vn -0.04249168476 0.9652470748 0.257861477
vn -0.04759593163 0.9812062025 0.1870000416
vn -0.01433349258 0.9877236619 0.1555523023
vn -0.03803591069 0.9785211148 0.2026072491
vn -0.01143224493 0.9908417968 0.1345430693
vn -0.04759593204 0.9812062023 0.1870000425
vn -0.04249168476 0.9652470748 0.257861477
vn -0.05733051021 0.9656247485 0.2535390654
vn -0.01143224465 0.9908417968 0.1345430692
vn -0.03803591108 0.9785211148 0.2026072493
vn -0.0475959341 0.9812062024 0.1870000411
vn 0.006752872103 0.9985524721 0.05336065195
vn -0.01143224607 0.9908417969 0.1345430684
vn -0.008564770214 0.9989176841 0.04571766809
vn -0.01143224632 0.9908417969 0.1345430686
vn -0.01440800007 0.9931282541 0.1161407789
vn -0.00856476941 0.9989176841 0.04571766743
vn -0.04759593215 0.9812062022 0.1870000427
vn -0.05733050999 0.9656247486 0.2535390651
vn -0.04932571573 0.9853278307 0.1633892281
vn -0.04932571584 0.9853278308 0.1633892273
vn -0.05733051029 0.965624749 0.2535390633
vn -0.05517723167 0.9660979864 0.2522105347
vn -0.01143224438 0.9908417968 0.1345430692
vn -0.04759593419 0.9812062024 0.1870000411
vn -0.01440800062 0.9931282541 0.1161407782
vn -0.04759593407 0.9812062025 0.1870000408
vn -0.04932571676 0.9853278308 0.1633892269
vn -0.01440800065 0.9931282542 0.1161407777
vn -0.05733051059 0.9656247506 0.2535390575
vn -0.045506127 0.9307323812 0.3628586874
vn -0.04782161818 0.9209076338 0.3868361706
vn -0.04938263581 0.9194703126 0.390045766
vn -0.0478216199 0.9209076333 0.3868361716
vn -0.04706827022 0.9149557901 0.4007998006
vn -0.04938263952 0.9194703102 0.3900457711
vn -0.04706826625 0.9149557941 0.4007997917
vn -0.06717382491 0.8633388684 0.5001336577
vn -0.04938263581 0.9194703126 0.390045766
vn -0.05733051159 0.9656247503 0.2535390581
vn -0.0478216199 0.9209076333 0.3868361716
vn -0.04938263334 0.919470311 0.3900457701
vn -0.0548917366 0.8406487396 0.5387917908
vn -0.04218661092 0.8173182405 0.5746400471
vn -0.04938263334 0.919470311 0.3900457701
vn -0.06717384045 0.8633388657 0.5001336603
vn -0.06611426433 0.8613422722 0.5037046695
vn -0.04938263334 0.919470311 0.3900457701
vn -0.06611426433 0.8613422722 0.5037046695
vn -0.0548917366 0.8406487396 0.5387917908
vn -0.02860472273 0.8222805197 0.568363015
vn -0.04218661394 0.8173182369 0.5746400518
vn -0.03843430116 0.7521698737 0.6578474638
vn -0.04938263334 0.919470311 0.3900457701
vn -0.04218661092 0.8173182405 0.5746400471
vn -0.02860471701 0.822280525 0.5683630076
vn -0.04249168477 0.9652470753 0.2578614751
vn -0.045506127 0.9307323812 0.3628586874
vn -0.05733051059 0.9656247506 0.2535390575
vn -0.04938263418 0.9194703104 0.3900457713
vn -0.02860471578 0.8222805261 0.568363006
vn -0.02675358855 0.9107650859 0.4120572822
vn 0.02296968445 0.6603238347 0.7506296203
vn 0.01329812865 0.8144891545 0.5800263589
vn -0.02860471906 0.8222805241 0.5683630088
vn -0.02860471398 0.8222805272 0.5683630045
vn 0.01329812737 0.8144891513 0.5800263634
vn -0.02675358851 0.9107650855 0.412057283
vn -0.04938263566 0.9194703125 0.3900457663
vn -0.0551772307 0.9660979856 0.2522105379
vn -0.05733051153 0.9656247503 0.2535390582
vn -0.04938263348 0.9194703115 0.3900457687
vn -0.02675358922 0.9107650859 0.4120572821
vn -0.05517723003 0.9660979855 0.2522105384
vn 0.03775027434 -0.9275190411 -0.3718646866
vn 0.05975777967 -0.923092977 -0.3799057299
vn 0.06121084514 -0.9717920977 -0.2277572201
vn 0.05975778585 -0.9230929757 -0.3799057321
vn 0.05876316991 -0.9726073765 -0.2249039375
vn 0.06121084336 -0.9717920979 -0.2277572198
vn 0.03775027393 -0.9275190395 -0.3718646907
vn 0.05890357342 -0.7925652946 -0.6069354355
vn 0.07304521805 -0.7790883603 -0.6226441383
vn 0.03775027425 -0.9275190395 -0.3718646906
vn 0.07304521811 -0.77908836 -0.6226441387
vn 0.05975778246 -0.9230929749 -0.3799057344
vn 0.05890357162 -0.7925652924 -0.6069354385
vn 0.06925518284 -0.5411888861 -0.838044336
vn 0.07304521926 -0.7790883562 -0.6226441433
vn 0.05975779215 -0.923092976 -0.3799057304
vn 0.02015133962 -0.9218731882 -0.3869673739
vn 0.02994523455 -0.9666411909 -0.2543778507
vn 0.05876317657 -0.9726073727 -0.2249039522
vn 0.03595725262 -0.9732348935 -0.2269821975
vn 0.04291971633 -0.9728738255 -0.2273200773
vn 0.05975779185 -0.9230929757 -0.379905731
vn 0.03351284033 -0.9733422691 -0.2268958277
vn 0.0587631763 -0.9726073764 -0.2249039362
vn 0.05876317657 -0.9726073727 -0.2249039522
vn 0.03351284062 -0.9733422643 -0.2268958484
vn 0.03595725262 -0.9732348935 -0.2269821975
vn 0.8984737376 0.2856968544 0.3333500417
vn 0.8984737376 0.2856968544 0.3333500417
vn 0.8984737376 0.2856968544 0.3333500417
vn 0.05975779185 -0.9230929757 -0.379905731
vn 0.03332625795 -0.9729815447 -0.2284650395
vn 0.03351284033 -0.9733422691 -0.2268958277
vn 0.05975779185 -0.9230929757 -0.379905731
vn 0.02994523456 -0.9666411909 -0.2543778506
vn 0.03332625795 -0.9729815447 -0.2284650395
vn 0.8765837238 0.3020324386 0.3746696962
vn 0.8765837238 0.3020324386 0.3746696962
vn 0.8765837238 0.3020324386 0.3746696962
vn 0.02609976712 -0.7609239382 -0.6483159433
vn 0.07304522221 -0.7790883555 -0.6226441438
vn 0.06925518225 -0.5411888863 -0.838044336
vn 0.02609976569 -0.7609239306 -0.6483159524
vn 0.02015133928 -0.9218731892 -0.3869673714
vn 0.05975779302 -0.9230929753 -0.3799057319
vn 0.02609976406 -0.7609239316 -0.6483159513
vn 0.05975779446 -0.9230929745 -0.3799057337
vn 0.0730452215 -0.7790883598 -0.6226441385
vn 0.9050783233 0.2216074856 0.3629371173
vn 0.9050783233 0.2216074856 0.3629371173
vn 0.9050783233 0.2216074856 0.3629371173
vn 0.9146055511 0.1734339069 0.3652634198
vn 0.9146055511 0.1734339069 0.3652634198
vn 0.9146055511 0.1734339069 0.3652634198
vn 0.05397284565 -0.9789474243 -0.1968473327
vn 0.04845847372 -0.9742724724 -0.2201020806
vn 0.004868892869 -0.9955364421 -0.09425224882
vn 0.05397284487 -0.9789474256 -0.1968473264
vn 0.06121084371 -0.9717921 -0.2277572108
vn 0.0587631694 -0.9726073736 -0.2249039501
vn 0.01518612251 -0.9970576778 -0.07513566889
vn 0.05397284498 -0.9789474246 -0.1968473315
vn 0.004868892325 -0.9955364422 -0.09425224771
vn 0.004868890949 -0.9955364425 -0.09425224453
vn -0.00856477026 -0.9989176841 0.04571766796
vn 0.006752872259 -0.9985524721 0.05336065167
vn 0.004868891673 -0.9955364425 -0.09425224447
vn -0.01662313782 -0.9992111807 0.03606504631
vn -0.008564769832 -0.9989176841 0.04571766799
vn 0.9751894121 0.2213721088 -0
vn 0.9751894121 0.2213721088 -0
vn 0.9751894121 0.2213721088 -0
vn 0.9804972846 0.178644647 0.08192170068
vn 0.9804972846 0.178644647 0.08192170068
vn 0.9804972846 0.178644647 0.08192170068
vn 0.9837655454 0.1794584956 0
vn 0.9837655454 0.1794584956 0
vn 0.9837655454 0.1794584956 0
vn 0.05397284448 -0.978947425 -0.1968473297
vn 0.05876316971 -0.9726073742 -0.2249039476
vn 0.04845847523 -0.9742724714 -0.2201020845
vn 0.04845847638 -0.9742724719 -0.2201020821
vn 0.03053045591 -0.9823089594 -0.1847620079
vn 0.00843751043 -0.9931882974 -0.1162145188
vn 0.04323847823 -0.9733518457 -0.2252035045
vn 0.04845847772 -0.9742724708 -0.2201020865
vn 0.05876317276 -0.9726073734 -0.2249039501
vn 0.9380654271 0.2857749228 0.1958722748
vn 0.9380654271 0.2857749228 0.1958722748
vn 0.9380654271 0.2857749228 0.1958722748
vn 0.04323847823 -0.9733518457 -0.2252035045
vn 0.04271004649 -0.9738204124 -0.2232703658
vn 0.04845847772 -0.9742724708 -0.2201020865
vn 0.0280897257 -0.9837455762 -0.1773572907
vn 0.00843751043 -0.9931882974 -0.1162145188
vn 0.03053045591 -0.9823089594 -0.1847620079
vn 0.04845847638 -0.9742724719 -0.2201020821
vn 0.042561447 -0.9739074583 -0.2229187876
vn 0.03053045591 -0.9823089594 -0.1847620079
vn 0.04845847772 -0.9742724708 -0.2201020865
vn 0.04271004649 -0.9738204124 -0.2232703658
vn 0.04256144767 -0.9739074578 -0.2229187898
vn 0.9224211386 0.3041320041 0.23799783
vn 0.9224211386 0.3041320041 0.23799783
vn 0.9224211386 0.3041320041 0.23799783
vn 0.9380652572 0.2857751803 0.1958727125
vn 0.9380652572 0.2857751803 0.1958727125
vn 0.9380652572 0.2857751803 0.1958727125
vn 0.04323847823 -0.9733518457 -0.2252035045
vn 0.05876317276 -0.9726073734 -0.2249039501
vn 0.04345571973 -0.9728424891 -0.2273523516
vn 0.05876317657 -0.9726073727 -0.2249039522
vn 0.04291971633 -0.9728738255 -0.2273200773
vn 0.04345572139 -0.9728424888 -0.2273523525
vn 0.920648757 0.2863978072 0.2652963669
vn 0.920648757 0.2863978072 0.2652963669
vn 0.920648757 0.2863978072 0.2652963669
vn 0.920649054 0.2863972876 0.2652958971
vn 0.920649054 0.2863972876 0.2652958971
vn 0.920649054 0.2863972876 0.2652958971
vn 0.9018382851 0.3039357382 0.3071005936
vn 0.9018382851 0.3039357382 0.3071005936
vn 0.9018382851 0.3039357382 0.3071005936
vn 0.901837933 0.3039345473 0.3071028061
vn 0.901837933 0.3039345473 0.3071028061
vn 0.901837933 0.3039345473 0.3071028061
vn 0.8984735793 0.2856971885 0.333350182
vn 0.8984735793 0.2856971885 0.333350182
vn 0.8984735793 0.2856971885 0.333350182
vn 0.9224209876 0.3041311501 0.2379995067
vn 0.9224209876 0.3041311501 0.2379995067
vn 0.9224209876 0.3041311501 0.2379995067
vn 0.04845847263 -0.9742724724 -0.2201020808
vn 0.008437512372 -0.9931882973 -0.1162145196
vn 0.004868894106 -0.9955364421 -0.09425224881
vn 0.00486889323 -0.9955364423 -0.09425224648
vn 0.008437511922 -0.9931882972 -0.1162145204
vn -0.002848324332 -0.9988513319 -0.04783203817
vn 0.0280897257 -0.9837455762 -0.1773572907
vn 0.0141333876 -0.9905061285 -0.1367401065
vn 0.00843751043 -0.9931882974 -0.1162145188
vn 0.008437512763 -0.9931882973 -0.1162145189
vn 0.009842605267 -0.9921935545 -0.1243184359
vn 0.009679250792 -0.9929836279 -0.1178551098
vn 0.0141333876 -0.9905061285 -0.1367401065
vn 0.009842605827 -0.9921935545 -0.1243184359
vn 0.00843751043 -0.9931882974 -0.1162145188
vn 0.9220026595 0.3512666443 0.1628583449
vn 0.9220026595 0.3512666443 0.1628583449
vn 0.9220026595 0.3512666443 0.1628583449
vn 0.9219998236 0.3512749143 0.1628565619
vn 0.9219998236 0.3512749143 0.1628565619
vn 0.9219998236 0.3512749143 0.1628565619
vn 0.008437513357 -0.9931882972 -0.1162145198
vn 0.009671614345 -0.9930812773 -0.1170300672
vn 0.008975144265 -0.9935143457 -0.1133520695
vn 0.008437512763 -0.9931882973 -0.1162145189
vn 0.009679250792 -0.9929836279 -0.1178551098
vn 0.00967161414 -0.9930812774 -0.1170300664
vn 0.9188670237 0.3754883215 0.1212102023
vn 0.9188670237 0.3754883215 0.1212102023
vn 0.9188670237 0.3754883215 0.1212102023
vn 0.9188669506 0.3754865722 0.1212161754
vn 0.9188669506 0.3754865722 0.1212161754
vn 0.9188669506 0.3754865722 0.1212161754
vn 0.008437513357 -0.9931882972 -0.1162145198
vn 0.008975144265 -0.9935143457 -0.1133520695
vn -0.002848321632 -0.9988513319 -0.04783203713
vn 0.9309460861 0.3558402223 0.08195804422
vn 0.9309460861 0.3558402223 0.08195804422
vn 0.9309460861 0.3558402223 0.08195804422
vn 0.9379158043 0.3070758102 0.1613021725
vn 0.9379158043 0.3070758102 0.1613021725
vn 0.9379158043 0.3070758102 0.1613021725
vn 0.9379158767 0.3070757601 0.1613018467
vn 0.9379158767 0.3070757601 0.1613018467
vn 0.9379158767 0.3070757601 0.1613018467
vn 0.9468925262 0.3108567365 0.08223523112
vn 0.9468925262 0.3108567365 0.08223523112
vn 0.9468925262 0.3108567365 0.08223523112
vn 0.00486889323 -0.9955364423 -0.09425224648
vn -0.007020165185 -0.9997229387 -0.02246693277
vn -0.007505445649 -0.9997814107 -0.01951407617
vn 0.00486889323 -0.9955364423 -0.09425224648
vn -0.002848324332 -0.9988513319 -0.04783203817
vn -0.007020165185 -0.9997229387 -0.02246693277
vn 0.00486889323 -0.9955364423 -0.09425224648
vn -0.007505445649 -0.9997814107 -0.01951407617
vn -0.01662313587 -0.9992111809 0.03606504383
vn 0.9309438916 0.3558459102 0.08195827512
vn 0.9309438916 0.3558459102 0.08195827512
vn 0.9309438916 0.3558459102 0.08195827512
vn 0.9309452445 0.3558422593 0.08195876007
vn 0.9309452445 0.3558422593 0.08195876007
vn 0.9309452445 0.3558422593 0.08195876007
vn 0.9246319337 0.37862836 0.04118679668
vn 0.9246319337 0.37862836 0.04118679668
vn 0.9246319337 0.37862836 0.04118679668
vn 0.934170882 0.3568259565 -0
vn 0.934170882 0.3568259565 -0
vn 0.934170882 0.3568259565 -0
vn 0.9341738763 0.3568181173 -2.408587616e-07
vn 0.9341738763 0.3568181173 -2.408587616e-07
vn 0.9341738763 0.3568181173 -2.408587616e-07
vn 0.9341379379 0.3569121923 4.430208173e-06
vn 0.9341379379 0.3569121923 4.430208173e-06
vn 0.9341379379 0.3569121923 4.430208173e-06
vn 0.9341913399 0.3567723931 -2.239047286e-06
vn 0.9341913399 0.3567723931 -2.239047286e-06
vn 0.9341913399 0.3567723931 -2.239047286e-06
vn 0.950084502 0.3119926908 0
vn 0.950084502 0.3119926908 0
vn 0.950084502 0.3119926908 0
vn 0.9499922313 0.2874357616 0.12204689
vn 0.9499922313 0.2874357616 0.12204689
vn 0.9499922313 0.2874357616 0.12204689
vn 0.956398551 0.2892047714 0.04077268417
vn 0.956398551 0.2892047714 0.04077268417
vn 0.956398551 0.2892047714 0.04077268417
vn 0.9327400277 0.2403739672 0.268731086
vn 0.9327400277 0.2403739672 0.268731086
vn 0.9327400277 0.2403739672 0.268731086
vn 0.9501562403 0.2397470683 0.1993099653
vn 0.9501562403 0.2397470683 0.1993099653
vn 0.9501562403 0.2397470683 0.1993099653
vn 0.9484165515 0.2229912037 0.2253463287
vn 0.9484165515 0.2229912037 0.2253463287
vn 0.9484165515 0.2229912037 0.2253463287
vn 0.9386242567 0.1747018102 0.2974286169
vn 0.9386242567 0.1747018102 0.2974286169
vn 0.9386242567 0.1747018102 0.2974286169
vn 0.9578320083 0.1746822529 0.2281314409
vn 0.9578320083 0.1746822529 0.2281314409
vn 0.9578320083 0.1746822529 0.2281314409
vn 0.9105671047 0.2396767899 0.3367826957
vn 0.9105671047 0.2396767899 0.3367826957
vn 0.9105671047 0.2396767899 0.3367826957
vn 0.9291733995 0.2228102845 0.2949446911
vn 0.9291733995 0.2228102845 0.2949446911
vn 0.9291733995 0.2228102845 0.2949446911
vn 0.9621727206 0.2435704821 0.1220535781
vn 0.9621727206 0.2435704821 0.1220535781
vn 0.9621727206 0.2435704821 0.1220535781
vn 0.9623261344 0.2222595071 0.1566177595
vn 0.9623261344 0.2222595071 0.1566177595
vn 0.9623261344 0.2222595071 0.1566177595
vn 0.971876081 0.2206964003 0.08215827478
vn 0.971876081 0.2206964003 0.08215827478
vn 0.971876081 0.2206964003 0.08215827478
vn 0.9685786837 0.2453420862 0.04077492227
vn 0.9685786837 0.2453420862 0.04077492227
vn 0.9685786837 0.2453420862 0.04077492227
vn 0.971865815 0.1746836986 0.1579950727
vn 0.971865815 0.1746836986 0.1579950727
vn 0.971865815 0.1746836986 0.1579950727
vn 0.05890357048 -0.792565292 -0.6069354392
vn 0.05824189547 -0.5663305552 -0.8221177433
vn 0.06180107067 -0.5649173826 -0.82282986
vn 0.05890357231 -0.7925652917 -0.6069354394
vn 0.06180106268 -0.5649173842 -0.8228298595
vn 0.06925518262 -0.5411888864 -0.8380443359
vn 0 -0 -1
vn 0 -0 -1
vn 0 -0 -1
vn 0 -1 0
vn 0 -1 0
vn 0 -1 0
vn 0.07656311429 -0.3848308357 -0.9198061303
vn 0.08620037892 -0.2473147593 -0.9650932103
vn 0.059639235 -0.3830259125 -0.9218103449
vn 0 -1 0
vn 0 -1 0
vn 0 -1 0
vn 0.06180106268 -0.5649173842 -0.8228298595
vn 0.06868078042 -0.5418597061 -0.8376580504
vn 0.06925518262 -0.5411888864 -0.8380443359
vn 0 -0 -1
vn 0 -0 -1
vn 0 -0 -1
vn 0 -0 -1
vn 0 -0 -1
vn 0 -0 -1
vn 0 -1 0
vn 0 -1 0
vn 0 -1 0
vn 0 -0 -1
vn 0 -0 -1
vn 0 -0 -1
vn 0.05963923779 -0.3830259139 -0.9218103441
vn 0.05607663222 -0.2279895916 -0.9720474049
vn 0.06376749111 -0.3943725254 -0.9167355226
vn 0 -1 0
vn 0 -1 0
vn 0 -1 0
vn 0.08620037912 -0.2473147269 -0.9650932185
vn 0.1217405653 -0.06089035386 -0.9906924849
vn 0.0560766264 -0.227989583 -0.9720474073
vn 0.059639235 -0.3830259125 -0.9218103449
vn 0.08620037892 -0.2473147593 -0.9650932103
vn 0.05607662618 -0.2279895872 -0.9720474063
vn 0.05607662045 -0.2279895841 -0.9720474074
vn 0.1217405719 -0.06089035266 -0.9906924841
vn 0.05008696281 -0.05822318861 -0.9970463161
vn 0.0686807808 -0.5418597099 -0.8376580478
vn 0.06916131879 -0.5383091887 -0.8399047145
vn 0.06925518282 -0.5411888853 -0.8380443366
vn 0.06925518217 -0.5411888857 -0.8380443364
vn 0.0691613148 -0.5383091914 -0.839904713
vn 0.06047479669 -0.5404244789 -0.8392164092
vn 0.06925518216 -0.5411888858 -0.8380443363
vn 0.06047479662 -0.5404244785 -0.8392164095
vn 0.03400438099 -0.5415890423 -0.8399553627
vn 0.06376749575 -0.3943725218 -0.9167355238
vn 0.05607662616 -0.2279895964 -0.9720474042
vn 0.04313688266 -0.4244193999 -0.9044376056
vn 0 -0 -1
vn 0 -0 -1
vn 0 -0 -1
vn 0.0260997667 -0.7609239358 -0.6483159462
vn 0.06925518216 -0.5411888858 -0.8380443363
vn 0.03400438099 -0.5415890423 -0.8399553627
vn 0.04313688298 -0.4244194008 -0.9044376051
vn 0.01151841852 -0.2089108812 -0.9778668466
vn 0.02657507753 -0.4288327359 -0.9029929401
vn 0 -1 0
vn 0 -1 0
vn 0 -1 0
vn 0 -0 -1
vn 0 -0 -1
vn 0 -0 -1
vn 0.9327818604 0.09089261048 0.3487929675
vn 0.9327818604 0.09089261048 0.3487929675
vn 0.9327818604 0.09089261048 0.3487929675
vn 0.90786554 0.1561240326 0.3891085295
vn 0.90786554 0.1561240326 0.3891085295
vn 0.90786554 0.1561240326 0.3891085295
vn 0.913838646 0.1069459503 0.3917416147
vn 0.913838646 0.1069459503 0.3917416147
vn 0.913838646 0.1069459503 0.3917416147
vn 0.9061698056 0.09085369503 0.4130398159
vn 0.9061698056 0.09085369503 0.4130398159
vn 0.9061698056 0.09085369503 0.4130398159
vn 0.04313688298 -0.4244194008 -0.9044376051
vn 0.05607662439 -0.2279895909 -0.9720474056
vn 0.01151841852 -0.2089108812 -0.9778668466
vn 0.0560766237 -0.2279895838 -0.9720474073
vn 0.05008696378 -0.05822318848 -0.9970463161
vn 0.01151842196 -0.2089109223 -0.9778668378
vn 0.01151842233 -0.2089109229 -0.9778668377
vn 0.05008696508 -0.05822318751 -0.9970463161
vn 0.02559124743 -0.03568540143 -0.9990353548
vn 0.9092154073 0.04109166346 0.414293155
vn 0.9092154073 0.04109166346 0.414293155
vn 0.9092154073 0.04109166346 0.414293155
vn 0.9002594468 0.0251018278 0.4346295281
vn 0.9002594468 0.0251018278 0.4346295281
vn 0.9002594468 0.0251018278 0.4346295281
vn 0.9281574669 0.02503770775 0.371344624
vn 0.9281574669 0.02503770775 0.371344624
vn 0.9281574669 0.02503770775 0.371344624
vn 0.9764697662 0.1085480298 0.1863440929
vn 0.9764697662 0.1085480298 0.1863440929
vn 0.9764697662 0.1085480298 0.1863440929
vn 0.9806536987 0.1573198139 0.1164851896
vn 0.9806536987 0.1573198139 0.1164851896
vn 0.9806536987 0.1573198139 0.1164851896
vn 0.9871080632 0.1546758778 0.04114661991
vn 0.9871080632 0.1546758778 0.04114661991
vn 0.9871080632 0.1546758778 0.04114661991
vn 0.9871222138 0.1086746423 0.1173863586
vn 0.9871222138 0.1086746423 0.1173863586
vn 0.9871222138 0.1086746423 0.1173863586
vn 0.9852303473 0.09135018272 0.1448319955
vn 0.9852303473 0.09135018272 0.1448319955
vn 0.9852303473 0.09135018272 0.1448319955
vn 0.9927764236 0.1127026343 0.04114716224
vn 0.9927764236 0.1127026343 0.04114716224
vn 0.9927764236 0.1127026343 0.04114716224
vn 0.9929350782 0.09135405504 0.07572560467
vn 0.9929350782 0.09135405504 0.07572560467
vn 0.9929350782 0.09135405504 0.07572560467
vn 0.9961570429 0.08758507834 -0
vn 0.9961570429 0.08758507834 -0
vn 0.9961570429 0.08758507834 -0
vn 0.975966767 0.04184495874 0.2138641371
vn 0.975966767 0.04184495874 0.2138641371
vn 0.975966767 0.04184495874 0.2138641371
vn 0.9847706125 0.02482463772 0.1720772444
vn 0.9847706125 0.02482463772 0.1720772444
vn 0.9847706125 0.02482463772 0.1720772444
vn 0.9885003914 0.04210737738 0.1452375465
vn 0.9885003914 0.04210737738 0.1452375465
vn 0.9885003914 0.04210737738 0.1452375465
vn 0.9962249143 0.04203535879 0.07595359646
vn 0.9962249143 0.04203535879 0.07595359646
vn 0.9962249143 0.04203535879 0.07595359646
vn 0.9989350278 0.04613903257 0
vn 0.9989350278 0.04613903257 0
vn 0.9989350278 0.04613903257 0
vn 0.9943125396 0.02478614141 0.1035771246
vn 0.9943125396 0.02478614141 0.1035771246
vn 0.9943125396 0.02478614141 0.1035771246
vn 0.9990947871 0.02477416274 0.0345810253
vn 0.9990947871 0.02477416274 0.0345810253
vn 0.9990947871 0.02477416274 0.0345810253
vn 0.9332111622 0.1565678217 0.3234245568
vn 0.9332111622 0.1565678217 0.3234245568
vn 0.9332111622 0.1565678217 0.3234245568
vn 0.9542651994 0.1571193752 0.2543451024
vn 0.9542651994 0.1571193752 0.2543451024
vn 0.9542651994 0.1571193752 0.2543451024
vn 0.9700005182 0.1571931834 0.1854435165
vn 0.9700005182 0.1571931834 0.1854435165
vn 0.9700005182 0.1571931834 0.1854435165
vn 0.9551812234 0.09043624112 0.281868971
vn 0.9551812234 0.09043624112 0.281868971
vn 0.9551812234 0.09043624112 0.281868971
vn 0.9395209215 0.1082043646 0.3249496171
vn 0.9395209215 0.1082043646 0.3249496171
vn 0.9395209215 0.1082043646 0.3249496171
vn 0.9605743019 0.1087565315 0.2558691606
vn 0.9605743019 0.1087565315 0.2558691606
vn 0.9605743019 0.1087565315 0.2558691606
vn 0.97273992 0.09126563361 0.2131845026
vn 0.97273992 0.09126563361 0.2131845026
vn 0.97273992 0.09126563361 0.2131845026
vn 0.9583508302 0.04233219561 0.2824387925
vn 0.9583508302 0.04233219561 0.2824387925
vn 0.9583508302 0.04233219561 0.2824387925
vn 0.9358820593 0.04107804389 0.3499105107
vn 0.9358820593 0.04107804389 0.3499105107
vn 0.9358820593 0.04107804389 0.3499105107
vn 0.9516120251 0.02501729851 0.3062820407
vn 0.9516120251 0.02501729851 0.3062820407
vn 0.9516120251 0.02501729851 0.3062820407
vn 0.9705158016 0.02483844513 0.2397543129
vn 0.9705158016 0.02483844513 0.2397543129
vn 0.9705158016 0.02483844513 0.2397543129
vn 0.02198276475 -0.9509733786 -0.3084905043
vn 0.02994523455 -0.9666411909 -0.2543778507
vn 0.02015133962 -0.9218731882 -0.3869673739
vn 0.02189689651 -0.9507714392 -0.3091184179
vn 0.02015134133 -0.921873189 -0.3869673718
vn 0.01563733727 -0.9364282134 -0.3505105917
vn 0.02198276823 -0.9509733799 -0.3084905
vn 0.02015134133 -0.921873189 -0.3869673718
vn 0.02198203908 -0.9509714693 -0.3084964416
vn 0.02189689651 -0.9507714392 -0.3091184179
vn 0.02198203908 -0.9509714693 -0.3084964416
vn 0.02015134133 -0.921873189 -0.3869673718
vn 0.841428816 0.2637755711 0.4716142446
vn 0.841428816 0.2637755711 0.4716142446
vn 0.841428816 0.2637755711 0.4716142446
vn 0.8716710256 0.2836179264 0.399687997
vn 0.8716710256 0.2836179264 0.399687997
vn 0.8716710256 0.2836179264 0.399687997
vn 0.8716527431 0.283665876 0.3996938406
vn 0.8716527431 0.283665876 0.3996938406
vn 0.8716527431 0.283665876 0.3996938406
vn 0.8716711021 0.2836174413 0.3996881743
vn 0.8716711021 0.2836174413 0.3996881743
vn 0.8716711021 0.2836174413 0.3996881743
vn 0.8765831397 0.3020307057 0.3746724598
vn 0.8765831397 0.3020307057 0.3746724598
vn 0.8765831397 0.3020307057 0.3746724598
vn 0.8468277898 0.2989952332 0.4398687814
vn 0.8468277898 0.2989952332 0.4398687814
vn 0.8468277898 0.2989952332 0.4398687814
vn 0.8724613289 0.2831174771 0.3983161103
vn 0.8724613289 0.2831174771 0.3983161103
vn 0.8724613289 0.2831174771 0.3983161103
vn 0.02609976463 -0.7609239319 -0.6483159509
vn -0.007701468928 -0.8608773709 -0.5087542036
vn 0.02015133734 -0.9218731903 -0.386967369
vn 0.02609976463 -0.7609239319 -0.6483159509
vn -0.01325057552 -0.8222300633 -0.5690010064
vn -0.007701468928 -0.8608773709 -0.5087542036
vn 0.02609978425 -0.760923928 -0.6483159546
vn -0.1015805995 -0.6563504064 -0.7475864671
vn -0.04373768957 -0.7799470589 -0.6243153048
vn 0.02609976463 -0.7609239319 -0.6483159509
vn -0.01610254874 -0.803948095 -0.5944814282
vn -0.01325057552 -0.8222300633 -0.5690010064
vn 0.02609978425 -0.760923928 -0.6483159546
vn -0.03082466824 -0.791258434 -0.6107044543
vn -0.01610255458 -0.8039480966 -0.5944814258
vn 0.8169738239 0.2122993731 0.5361741762
vn 0.8169738239 0.2122993731 0.5361741762
vn 0.8169738239 0.2122993731 0.5361741762
vn 0.8169728154 0.2122985766 0.5361760282
vn 0.8169728154 0.2122985766 0.5361760282
vn 0.8169728154 0.2122985766 0.5361760282
vn 0.8068932728 0.1730439433 0.5647822944
vn 0.8068932728 0.1730439433 0.5647822944
vn 0.8068932728 0.1730439433 0.5647822944
vn 0.02609978425 -0.760923928 -0.6483159546
vn -0.04373768957 -0.7799470589 -0.6243153048
vn -0.03082466824 -0.791258434 -0.6107044543
vn 0.8068927645 0.1730398571 0.5647842725
vn 0.8068927645 0.1730398571 0.5647842725
vn 0.8068927645 0.1730398571 0.5647842725
vn 0.8068928545 0.1730419789 0.5647834938
vn 0.8068928545 0.1730419789 0.5647834938
vn 0.8068928545 0.1730419789 0.5647834938
vn 0.02015133934 -0.921873191 -0.386967367
vn 0.006879386235 -0.9292358166 -0.3694231602
vn 0.01563733726 -0.9364282132 -0.3505105921
vn 0.8414372999 0.2637510031 0.4716128484
vn 0.8414372999 0.2637510031 0.4716128484
vn 0.8414372999 0.2637510031 0.4716128484
vn 0.8520077378 0.2357494962 0.467445173
vn 0.8520077378 0.2357494962 0.467445173
vn 0.8520077378 0.2357494962 0.467445173
vn 0.8837667163 0.2375962118 0.4031183838
vn 0.8837667163 0.2375962118 0.4031183838
vn 0.8837667163 0.2375962118 0.4031183838
vn 0.8770254054 0.2202877308 0.4269657526
vn 0.8770254054 0.2202877308 0.4269657526
vn 0.8770254054 0.2202877308 0.4269657526
vn 0.8858119204 0.1721634321 0.4309257411
vn 0.8858119204 0.1721634321 0.4309257411
vn 0.8858119204 0.1721634321 0.4309257411
vn 0.003217867343 -0.9114215776 -0.4114612415
vn 0.006879386825 -0.9292358072 -0.3694231838
vn 0.0201513391 -0.9218731908 -0.3869673676
vn 0.8414327571 0.263761491 0.4716150878
vn 0.8414327571 0.263761491 0.4716150878
vn 0.8414327571 0.263761491 0.4716150878
vn 0.00256136219 -0.9083321949 -0.4182416324
vn 0.0201513391 -0.9218731908 -0.3869673676
vn 0.000136229825 -0.8978601911 -0.440280659
vn 0.000136229825 -0.8978601911 -0.440280659
vn 0.0201513391 -0.9218731908 -0.3869673676
vn -0.007701471014 -0.8608773703 -0.5087542046
vn 0.003217867343 -0.9114215776 -0.4114612415
vn 0.0201513391 -0.9218731908 -0.3869673676
vn 0.00256136219 -0.9083321949 -0.4182416324
vn 0.8146447499 0.2774978704 0.5092630592
vn 0.8146447499 0.2774978704 0.5092630592
vn 0.8146447499 0.2774978704 0.5092630592
vn 0.8064029954 0.2403028447 0.5403413289
vn 0.8064029954 0.2403028447 0.5403413289
vn 0.8064029954 0.2403028447 0.5403413289
vn 0.8414349309 0.2637578695 0.4716132349
vn 0.8414349309 0.2637578695 0.4716132349
vn 0.8414349309 0.2637578695 0.4716132349
vn 0.8169726414 0.212299691 0.5361758522
vn 0.8169726414 0.212299691 0.5361758522
vn 0.8169726414 0.212299691 0.5361758522
vn 0.8447336161 0.1975520284 0.4973915098
vn 0.8447336161 0.1975520284 0.4973915098
vn 0.8447336161 0.1975520284 0.4973915098
vn -0.3580735537 -0.2120812114 0.9092881226
vn -0.4854800715 0.02405554947 0.8739167184
vn -0.4674844084 0.01913473383 0.8837942011
vn 0 0 -1
vn 0 0 -1
vn 0 0 -1
vn -0.2616063342 0.7441675407 -0.6146354995
vn -0.2609351732 0.7478759689 -0.6104050872
vn -0.2583505679 0.7408787562 -0.619962622
vn 0 0 -1
vn 0 0 -1
vn 0 0 -1
vn -0.2213264821 -0.3651998707 0.9042364971
vn -0.2888376161 -0.499652172 0.8166520303
vn -0.3580735498 -0.2120812137 0.9092881236
vn 0 0 -1
vn 0 0 -1
vn 0 0 -1
vn -0.2213264151 -0.3652000309 0.9042364488
vn -0.09837500001 -0.5793853919 0.8090951286
vn -0.2888374379 -0.4996523268 0.8166519986
vn -0.0983747491 -0.5793854722 0.8090951016
vn 0.04183986555 -0.7063621655 0.7066129895
vn -0.28883743 -0.499652346 0.8166519896
vn 0 0 -1
vn 0 0 -1
vn 0 0 -1
vn -0.3580735537 -0.2120812114 0.9092881226
vn -0.2888376887 -0.4996521278 0.8166520316
vn -0.4854800715 0.02405554947 0.8739167184
vn -0.2583506099 0.7408787923 -0.6199625614
vn -0.2609351989 0.7478759922 -0.6104050477
vn -0.3172131098 0.8086865326 -0.4953805961
vn -0.2583506099 0.7408787923 -0.6199625614
vn -0.3172131098 0.8086865326 -0.4953805961
vn -0.2880661581 0.7678049221 -0.5722704694
vn -0.4854802113 0.02405565965 0.8739166377
vn -0.3591514665 -0.7900818834 0.4967704114
vn -0.6878885631 0.1074184208 0.7178235212
vn 0 0 -1
vn 0 0 -1
vn 0 0 -1
vn -0.2888375444 -0.499651821 0.8166522704
vn -0.3591517353 -0.7900817776 0.4967703853
vn -0.4854800423 0.02405540997 0.8739167384
vn -0.2888375444 -0.499651821 0.8166522704
vn -0.287924342 -0.7903957362 0.5407163337
vn -0.3591517353 -0.7900817776 0.4967703853
vn -0.2880659749 0.767805375 -0.572269954
vn -0.3172131862 0.8086863947 -0.4953807723
vn -0.4456359462 0.4399511594 -0.77964837
vn -0.3172130742 0.8086863896 -0.4953808524
vn -0.608099598 0.7079607571 -0.3591746724
vn -0.4456361269 0.4399511892 -0.7796482499
vn -0.6878885318 0.1074183888 0.717823556
vn -0.7287946554 -0.4303039927 0.5326319782
vn -0.9017551149 0.07620502691 0.4254767992
vn -0.6878882886 0.1074177621 0.7178238828
vn -0.4912957532 -0.6899412362 0.5316103587
vn -0.7287947922 -0.430303867 0.5326318924
vn -0.6878885631 0.1074184208 0.7178235212
vn -0.3591514665 -0.7900818834 0.4967704114
vn -0.4912963349 -0.6899407734 0.5316104217
vn -0.7287946554 -0.4303039927 0.5326319782
vn -0.9121904042 -0.04777007147 0.4069725873
vn -0.9017551149 0.07620502691 0.4254767992
vn 0.7637198797 0.147472474 0.6284773781
vn 0.7637198797 0.147472474 0.6284773781
vn 0.7637198797 0.147472474 0.6284773781
vn 0.7766581537 0.1873827431 0.6014065345
vn 0.7766581537 0.1873827431 0.6014065345
vn 0.7766581537 0.1873827431 0.6014065345
vn -0.1315977273 -0.7840032426 -0.6066473059
vn -0.04373776296 -0.7799471016 -0.6243152463
vn -0.2176482041 -0.7527834182 -0.6212458326
vn 0.7766555634 0.1873835248 0.6014096362
vn 0.7766555634 0.1873835248 0.6014096362
vn 0.7766555634 0.1873835248 0.6014096362
vn 0.04183986555 -0.7063621655 0.7066129895
vn -0.02799984845 -0.7384574158 0.6737185269
vn -0.28883743 -0.499652346 0.8166519896
vn 0.04184001815 -0.706362285 0.7066128609
vn 0.05934335567 -0.7354542365 0.6749706899
vn 0.03274884602 -0.7629333723 0.6456471038
vn 0.04183986555 -0.7063621655 0.7066129895
vn 0.03274860127 -0.7629331987 0.6456473213
vn -0.02799984845 -0.7384574158 0.6737185269
vn 0.7207549517 0.1891732255 0.6668776428
vn 0.7207549517 0.1891732255 0.6668776428
vn 0.7207549517 0.1891732255 0.6668776428
vn -0.2888373238 -0.4996520736 0.8166521938
vn -0.141231208 -0.7264618811 0.672537643
vn -0.2253895901 -0.7162966071 0.6603928401
vn -0.2888373238 -0.4996520736 0.8166521938
vn -0.1168038449 -0.7295085491 0.6739244309
vn -0.141231208 -0.7264618811 0.672537643
vn 0 0 -1
vn 0 0 -1
vn 0 0 -1
vn -0.2888373238 -0.4996520736 0.8166521938
vn -0.02799984108 -0.7384569374 0.6737190516
vn -0.1168038449 -0.7295085491 0.6739244309
vn -0.2888373666 -0.4996514432 0.8166525644
vn -0.225389619 -0.7162965507 0.6603928915
vn -0.2879244353 -0.7903955356 0.5407165771
vn 0.7637144365 0.1474848456 0.6284810894
vn 0.7637144365 0.1474848456 0.6284810894
vn 0.7637144365 0.1474848456 0.6284810894
vn 0.7637231223 0.1474775101 0.6284722559
vn 0.7637231223 0.1474775101 0.6284722559
vn 0.7637231223 0.1474775101 0.6284722559
vn 0.7637178809 0.1474809204 0.628477825
vn 0.7637178809 0.1474809204 0.628477825
vn 0.7637178809 0.1474809204 0.628477825
vn 0 0 -1
vn 0 0 -1
vn 0 0 -1
vn 0.7313216589 0.1611674228 0.6627169027
vn 0.7313216589 0.1611674228 0.6627169027
vn 0.7313216589 0.1611674228 0.6627169027
vn 0.7207534175 0.1891743508 0.6668789816
vn 0.7207534175 0.1891743508 0.6668789816
vn 0.7207534175 0.1891743508 0.6668789816
vn 0.7207545908 0.1891727405 0.6668781704
vn 0.7207545908 0.1891727405 0.6668781704
vn 0.7207545908 0.1891727405 0.6668781704
vn 0 0 -1
vn 0 0 -1
vn 0 0 -1
vn 0.7313231332 0.1611627558 0.6627164107
vn 0.7313231332 0.1611627558 0.6627164107
vn 0.7313231332 0.1611627558 0.6627164107
vn 0.02609976263 -0.7609239338 -0.6483159487
vn 0.03400436461 -0.5415890295 -0.8399553716
vn -0.03286874475 -0.5124876114 -0.8580653202
vn 0.02609974905 -0.7609239527 -0.6483159271
vn -0.03286879009 -0.5124876899 -0.8580652716
vn -0.1015806479 -0.6563504503 -0.747586422
vn 0.02657507975 -0.4288327365 -0.9029929398
vn 0.01151841617 -0.2089108803 -0.9778668469
vn -0.04205420534 -0.4296926007 -0.9019954062
vn -0.04205417246 -0.4296925989 -0.9019954085
vn 0.01769881997 -0.1390961124 -0.9901207115
vn -0.04235332656 -0.4283785584 -0.90260623
vn -0.1015806479 -0.6563504503 -0.747586422
vn -0.03286879009 -0.5124876899 -0.8580652716
vn -0.07393336504 -0.5537651377 -0.8293841268
vn -0.101580632 -0.6563503696 -0.7475864951
vn -0.07393334764 -0.5537650564 -0.8293841827
vn -0.111944318 -0.5296649359 -0.8407874436
vn -0.101580632 -0.6563504559 -0.7475864192
vn -0.1119443171 -0.5296650194 -0.8407873911
vn -0.1362101753 -0.5862188447 -0.7986202191
vn -0.1015806519 -0.6563504281 -0.7475864409
vn -0.1362101941 -0.5862188124 -0.7986202395
vn -0.1715295602 -0.5962668205 -0.7842470839
vn 0 0 -1
vn 0 0 -1
vn 0 0 -1
vn 0.8153163469 0.147003914 0.5600438409
vn 0.8153163469 0.147003914 0.5600438409
vn 0.8153163469 0.147003914 0.5600438409
vn -0 -0 -1
vn -0 -0 -1
vn -0 -0 -1
vn -0.04235335737 -0.4283785639 -0.9026062259
vn 0.01769887809 -0.1390961004 -0.9901207121
vn -0.0475170563 -0.4284732392 -0.9023041686
vn 0 -1 0
vn 0 -1 0
vn 0 -1 0
vn 0 -1 0
vn 0 -1 0
vn 0 -1 0
vn -0 -0 -1
vn -0 -0 -1
vn -0 -0 -1
vn -0.04751705491 -0.4284731698 -0.9023042016
vn -0.1232493274 -0.2793031369 -0.9522601331
vn -0.0656848655 -0.4058276632 -0.9115862034
vn 0 -1 0
vn 0 -1 0
vn 0 -1 0
vn 0 -1 0
vn 0 -1 0
vn 0 -1 0
vn -0.06568487169 -0.405827728 -0.9115861741
vn -0.1232493348 -0.27930316 -0.9522601253
vn -0.121003435 -0.3521305255 -0.9280960412
vn 0.878165906 0.155917261 0.4522327379
vn 0.878165906 0.155917261 0.4522327379
vn 0.878165906 0.155917261 0.4522327379
vn 0.8531283195 0.1713913395 0.4927444361
vn 0.8531283195 0.1713913395 0.4927444361
vn 0.8531283195 0.1713913395 0.4927444361
vn 0.8841401991 0.1067397083 0.4548656319
vn 0.8841401991 0.1067397083 0.4548656319
vn 0.8841401991 0.1067397083 0.4548656319
vn 0.8751839586 0.09075023439 0.4752025184
vn 0.8751839586 0.09075023439 0.4752025184
vn 0.8751839586 0.09075023439 0.4752025184
vn 0.850082401 0.106263853 0.5158177052
vn 0.850082401 0.106263853 0.5158177052
vn 0.850082401 0.106263853 0.5158177052
vn 0.8430487611 0.1321353299 0.5213530866
vn 0.8430487611 0.1321353299 0.5213530866
vn 0.8430487611 0.1321353299 0.5213530866
vn -0.04205417246 -0.4296925989 -0.9019954085
vn 0.0115184294 -0.2089108883 -0.977866845
vn 0.01769881997 -0.1390961124 -0.9901207115
vn 0.01151842153 -0.2089109231 -0.9778668376
vn 0.02559124872 -0.03568540095 -0.9990353548
vn 0.01769880495 -0.1390961761 -0.9901207028
vn 0.0176988241 -0.1390961614 -0.9901207045
vn 0.02559124715 -0.03568539797 -0.999035355
vn -0.004875820659 -0.02376247105 -0.9997057424
vn -0.0475170563 -0.4284732392 -0.9023041686
vn 0.01769887809 -0.1390961004 -0.9901207121
vn -0.06727115314 -0.1007383203 -0.9926360777
vn -0.04751705491 -0.4284731698 -0.9023042016
vn -0.06727117487 -0.1007383345 -0.9926360748
vn -0.1232493274 -0.2793031369 -0.9522601331
vn 0.8373356424 0.06595876799 0.5426955526
vn 0.8373356424 0.06595876799 0.5426955526
vn 0.8373356424 0.06595876799 0.5426955526
vn 0.8095095036 0.08118833992 0.5814660928
vn 0.8095095036 0.08118833992 0.5814660928
vn 0.8095095036 0.08118833992 0.5814660928
vn 0.0176988606 -0.1390961704 -0.9901207026
vn -0.004875848163 -0.02376246389 -0.9997057424
vn -0.06727116523 -0.1007383734 -0.9926360715
vn -0.06727116592 -0.1007383823 -0.9926360706
vn -0.004875838743 -0.023762502 -0.9997057416
vn -0.06199824465 -0.07644484011 -0.9951444137
vn 0.8429293617 0.04065183158 0.5364862718
vn 0.8429293617 0.04065183158 0.5364862718
vn 0.8429293617 0.04065183158 0.5364862718
vn 0.878100254 0.04076489689 0.476737
vn 0.878100254 0.04076489689 0.476737
vn 0.878100254 0.04076489689 0.476737
vn 0.8680534043 0.02512431585 0.4958347064
vn 0.8680534043 0.02512431585 0.4958347064
vn 0.8680534043 0.02512431585 0.4958347064
vn -0.04373776296 -0.7799471016 -0.6243152463
vn -0.101580692 -0.6563504679 -0.7475864005
vn -0.2176482041 -0.7527834182 -0.6212458326
vn -0.1015806519 -0.6563504281 -0.7475864409
vn -0.1715295602 -0.5962668205 -0.7842470839
vn -0.2176481503 -0.7527833894 -0.6212458863
vn -0.2176481476 -0.7527833828 -0.6212458954
vn -0.171529664 -0.596266969 -0.7842469484
vn -0.1818198582 -0.5323513274 -0.8267669583
vn 0 0 -1
vn 0 0 -1
vn 0 0 -1
vn -0.1650402866 -0.777217351 -0.607202514
vn -0.2176484926 -0.7527834218 -0.6212457272
vn -0.1726673756 -0.7777842497 -0.6043489376
vn -0.4286309224 -0.765589297 -0.4797380125
vn -0.2176484926 -0.7527834218 -0.6212457272
vn -0.4742875342 -0.7498957631 -0.4612024277
vn -0.4286309224 -0.765589297 -0.4797380125
vn -0.1726673756 -0.7777842497 -0.6043489376
vn -0.2176484926 -0.7527834218 -0.6212457272
vn 0.763718642 0.1474805174 0.6284769947
vn 0.763718642 0.1474805174 0.6284769947
vn 0.763718642 0.1474805174 0.6284769947
vn -0.3615514468 -0.4078279901 -0.8384252393
vn -0.4742870466 -0.7498957977 -0.461202873
vn -0.2176481031 -0.7527832841 -0.6212460304
vn 0.7637164838 0.1474863836 0.6284782407
vn 0.7637164838 0.1474863836 0.6284782407
vn 0.7637164838 0.1474863836 0.6284782407
vn -0.3615515373 -0.4078280972 -0.8384251481
vn -0.2176481666 -0.7527833719 -0.6212459018
vn -0.1818199214 -0.5323512775 -0.8267669766
vn 0 -0 -1
vn 0 -0 -1
vn 0 -0 -1
vn 0.7637187475 0.1474794081 0.6284771268
vn 0.7637187475 0.1474794081 0.6284771268
vn 0.7637187475 0.1474794081 0.6284771268
vn 0.7722390423 0.1214022117 0.6236251795
vn 0.7722390423 0.1214022117 0.6236251795
vn 0.7722390423 0.1214022117 0.6236251795
vn 0.7766574864 0.1873824832 0.6014074773
vn 0.7766574864 0.1873824832 0.6014074773
vn 0.7766574864 0.1873824832 0.6014074773
vn -0.1315976924 -0.7840032396 -0.6066473173
vn -0.217648206 -0.7527834163 -0.6212458342
vn -0.1650400936 -0.7772173406 -0.6072025799
vn 0.7766894146 0.1874863582 0.6013338663
vn 0.7766894146 0.1874863582 0.6013338663
vn 0.7766894146 0.1874863582 0.6013338663
vn 0 0 -1
vn 0 0 -1
vn 0 0 -1
vn 0 0 -1
vn 0 0 -1
vn 0 0 -1
vn 0 -1 0
vn 0 -1 0
vn 0 -1 0
vn -0.1210034434 -0.3521305348 -0.9280960366
vn -0.1232493249 -0.2793031093 -0.9522601415
vn -0.1342614755 -0.3617056013 -0.9225740697
vn 0 -1 0
vn 0 -1 0
vn 0 -1 0
vn -0.1342614593 -0.3617055927 -0.9225740755
vn -0.1232493733 -0.2793031416 -0.9522601257
vn -0.09880058794 -0.371792828 -0.9230430851
vn 0.7722398236 0.1214004794 0.6236245493
vn 0.7722398236 0.1214004794 0.6236245493
vn 0.7722398236 0.1214004794 0.6236245493
vn 0 -1 0
vn 0 -1 0
vn 0 -1 0
vn -0.09880058794 -0.371792828 -0.9230430851
vn -0.1232493733 -0.2793031416 -0.9522601257
vn -0.06353063436 -0.2645338939 -0.962281496
vn 0 -1 0
vn 0 -1 0
vn 0 -1 0
vn 0 -1 0
vn 0 -1 0
vn 0 -1 0
vn -0.09880052409 -0.3717930184 -0.9230430152
vn -0.06353060095 -0.2645339962 -0.96228147
vn -0.09717331974 -0.3297133555 -0.939066797
vn 0.7567641478 0.08088485545 0.648664524
vn 0.7567641478 0.08088485545 0.648664524
vn 0.7567641478 0.08088485545 0.648664524
vn 0.8024759978 0.107060638 0.5870011011
vn 0.8024759978 0.107060638 0.5870011011
vn 0.8024759978 0.107060638 0.5870011011
vn 0.7637058619 0.1474933432 0.6284895148
vn 0.7637058619 0.1474933432 0.6284895148
vn 0.7637058619 0.1474933432 0.6284895148
vn -0.4456361793 0.4399511975 -0.7796482152
vn -0.6081002324 0.7079602021 -0.3591746923
vn -0.4723659649 -0.009353661449 -0.8813528829
vn 0 0 -1
vn 0 0 -1
vn 0 0 -1
vn 0.7637220146 0.1474765577 0.6284738256
vn 0.7637220146 0.1474765577 0.6284738256
vn 0.7637220146 0.1474765577 0.6284738256
vn -0.365068493 -0.4095293745 -0.8360685898
vn -0.4742870466 -0.7498957977 -0.461202873
vn -0.3615514468 -0.4078279901 -0.8384252393
vn 0 0 -1
vn 0 0 -1
vn 0 0 -1
vn 0 0 -1
vn 0 0 -1
vn 0 0 -1
vn 0 0 -1
vn 0 0 -1
vn 0 0 -1
vn 0 0 -1
vn 0 0 -1
vn 0 0 -1
vn -0.09717332345 -0.3297133418 -0.9390668014
vn -0.06353061097 -0.2645339623 -0.9622814787
vn -0.07220069069 -0.3165673682 -0.9458182498
vn 0 -1 0
vn 0 -1 0
vn 0 -1 0
vn -0.09717332345 -0.3297133418 -0.9390668014
vn -0.07220069069 -0.3165673682 -0.9458182498
vn -0.0738651742 -0.3195556209 -0.9446841489
vn 0.7383348518 0.08097013461 0.6695561843
vn 0.7383348518 0.08097013461 0.6695561843
vn 0.7383348518 0.08097013461 0.6695561843
vn -0.07220069069 -0.3165673682 -0.9458182498
vn -0.06353061097 -0.2645339623 -0.9622814787
vn -0.0284809806 -0.2372181503 -0.9710388164
vn -0.1232493508 -0.2793031104 -0.9522601378
vn -0.06727115526 -0.100738358 -0.9926360737
vn -0.07163560032 -0.05681376367 -0.9958114967
vn -0.1232493667 -0.2793031031 -0.9522601379
vn -0.07163559889 -0.05681376455 -0.9958114968
vn -0.0635306559 -0.2645340091 -0.9622814629
vn 0.75676494 0.08088827309 0.6486631737
vn 0.75676494 0.08088827309 0.6486631737
vn 0.75676494 0.08088827309 0.6486631737
vn -0.06727115916 -0.1007383699 -0.9926360723
vn -0.06199824059 -0.07644483234 -0.9951444145
vn -0.07163559955 -0.05681376134 -0.9958114969
vn 0.7770791472 0.04057252327 0.628093838
vn 0.7770791472 0.04057252327 0.628093838
vn 0.7770791472 0.04057252327 0.628093838
vn -0.07163560184 -0.05681376486 -0.9958114966
vn -0.06199823726 -0.0764448303 -0.9951444149
vn -0.02280959383 0.002731787942 -0.9997360951
vn 0.7939957743 0.04057283685 0.6065678489
vn 0.7939957743 0.04057283685 0.6065678489
vn 0.7939957743 0.04057283685 0.6065678489
vn 0.7383310021 0.08101554137 0.6695549368
vn 0.7383310021 0.08101554137 0.6695549368
vn 0.7383310021 0.08101554137 0.6695549368
vn -0.0635306513 -0.2645340147 -0.9622814616
vn -0.02870576795 -0.1206454071 -0.9922805373
vn -0.02848096451 -0.2372181258 -0.9710388228
vn 0.7383304876 0.08101533518 0.6695555291
vn 0.7383304876 0.08101533518 0.6695555291
vn 0.7383304876 0.08101533518 0.6695555291
vn -0.0635306513 -0.2645340147 -0.9622814616
vn -0.02857789253 -0.1129755894 -0.9931866996
vn -0.02870576795 -0.1206454071 -0.9922805373
vn 0.7567646556 0.08088837399 0.6486634928
vn 0.7567646556 0.08088837399 0.6486634928
vn 0.7567646556 0.08088837399 0.6486634928
vn -0.06353065508 -0.2645340116 -0.9622814622
vn -0.07163559875 -0.05681376443 -0.9958114968
vn -0.02857790014 -0.1129755826 -0.9931867002
vn 0.7383297587 0.08101469435 0.6695564104
vn 0.7383297587 0.08101469435 0.6695564104
vn 0.7383297587 0.08101469435 0.6695564104
vn -0.02857790014 -0.1129755826 -0.9931867002
vn -0.07163559875 -0.05681376443 -0.9958114968
vn -0.03109014538 -0.04362653161 -0.9985640333
vn 0.7204909449 0.04033421345 0.692290365
vn 0.7204909449 0.04033421345 0.692290365
vn 0.7204909449 0.04033421345 0.692290365
vn 0.7204838077 0.04031692173 0.6922988001
vn 0.7204838077 0.04031692173 0.6922988001
vn 0.7204838077 0.04031692173 0.6922988001
vn -0.07163560045 -0.05681376316 -0.9958114968
vn -0.02280960683 0.002731812974 -0.9997360947
vn -0.01518447171 -0.02310822879 -0.9996176477
vn -0.07163560045 -0.05681376316 -0.9958114968
vn -0.01518447171 -0.02310822879 -0.9996176477
vn -0.03109014345 -0.04362653948 -0.998564033
vn 0.7204836863 0.04031159424 0.6922992367
vn 0.7204836863 0.04031159424 0.6922992367
vn 0.7204836863 0.04031159424 0.6922992367
vn 0.7204774557 0.04032795347 0.6923047682
vn 0.7204774557 0.04032795347 0.6923047682
vn 0.7204774557 0.04032795347 0.6923047682
vn -0.01518449385 -0.02310820994 -0.9996176478
vn -0.02280957482 0.002731803157 -0.9997360955
vn -0.01714281362 -0.01344454396 -0.9997626559
vn 0.7407981392 -7.06819386e-07 0.6717277104
vn 0.7407981392 -7.06819386e-07 0.6717277104
vn 0.7407981392 -7.06819386e-07 0.6717277104
vn -0.01714281362 -0.01344454396 -0.9997626559
vn -0.02280957482 0.002731803157 -0.9997360955
vn -0.02576205209 0.02988256044 -0.9992213715
vn -0.008564769847 -0.9989176841 0.04571766814
vn -0.0169287993 -0.999081846 0.03935582236
vn -0.01440800058 -0.993128254 0.1161407797
vn -0.01440800162 -0.9931282541 0.1161407784
vn -0.02715473936 -0.994489868 0.1012547411
vn -0.04932571578 -0.985327831 0.1633892263
vn -0.02715474234 -0.994489868 0.1012547402
vn -0.03188452169 -0.9869652263 0.1577435238
vn -0.04932571709 -0.985327831 0.1633892258
vn -0.04932571713 -0.9853278307 0.1633892277
vn -0.03188452168 -0.9869652267 0.1577435213
vn -0.05517723234 -0.9660979863 0.2522105348
vn -0.03188452424 -0.986965227 0.1577435189
vn -0.01514111205 -0.9634525058 0.2674509595
vn -0.05517723167 -0.9660979862 0.2522105354
vn 0.9804972846 0.178644647 -0.08192170068
vn 0.9804972846 0.178644647 -0.08192170068
vn 0.9804972846 0.178644647 -0.08192170068
vn -0.008564769832 -0.9989176841 0.04571766799
vn -0.01662313782 -0.9992111807 0.03606504631
vn -0.01683721829 -0.9991252919 0.03827739825
vn -0.008564769847 -0.9989176841 0.04571766814
vn -0.01683721824 -0.9991252919 0.03827739774
vn -0.0169287993 -0.999081846 0.03935582236
vn -0.01692880053 -0.9990818461 0.03935582048
vn -0.01863292775 -0.9985790751 0.04992639444
vn -0.01440800107 -0.993128254 0.116140779
vn -0.01863292775 -0.9985790751 0.04992639444
vn -0.01913001407 -0.9984124201 0.05297812662
vn -0.01440800107 -0.993128254 0.116140779
vn -0.01913001407 -0.9984124201 0.05297812662
vn -0.01919050576 -0.9983933292 0.05331495782
vn -0.01440800107 -0.993128254 0.116140779
vn -0.01919050576 -0.9983933292 0.05331495782
vn -0.0204991886 -0.9979876271 0.06000399476
vn -0.01440800107 -0.993128254 0.116140779
vn 0.9500847036 0.3119920767 -1.332624478e-06
vn 0.9500847036 0.3119920767 -1.332624478e-06
vn 0.9500847036 0.3119920767 -1.332624478e-06
vn 0.9564025945 0.2891941964 -0.04075284005
vn 0.9564025945 0.2891941964 -0.04075284005
vn 0.9564025945 0.2891941964 -0.04075284005
vn 0.9468924111 0.3108569469 -0.08223576045
vn 0.9468924111 0.3108569469 -0.08223576045
vn 0.9468924111 0.3108569469 -0.08223576045
vn 0.9468925241 0.3108567574 -0.0822351755
vn 0.9468925241 0.3108567574 -0.0822351755
vn 0.9468925241 0.3108567574 -0.0822351755
vn -0.0204991886 -0.9979876271 0.06000399476
vn -0.02715473888 -0.994489868 0.1012547414
vn -0.01440800107 -0.993128254 0.116140779
vn -0.02049918747 -0.9979876271 0.06000399461
vn -0.02471021165 -0.9957126384 0.08913892039
vn -0.02715474168 -0.9944898679 0.1012547418
vn -0.02471021165 -0.9957126384 0.08913892039
vn -0.0251332566 -0.9954179206 0.09225769756
vn -0.02715474168 -0.9944898679 0.1012547418
vn -0.0251332566 -0.9954179206 0.09225769756
vn -0.02532259466 -0.9952739079 0.09374761068
vn -0.02715474168 -0.9944898679 0.1012547418
vn -0.02532259332 -0.995273908 0.09374760922
vn -0.02726265803 -0.9945523009 0.100610478
vn -0.02715474049 -0.994489868 0.1012547405
vn -0.02715474021 -0.9944898681 0.1012547402
vn -0.027262658 -0.9945523009 0.100610478
vn -0.02941499488 -0.9918076592 0.124307382
vn -0.02715474021 -0.9944898681 0.1012547402
vn -0.02941499488 -0.9918076592 0.124307382
vn -0.02971660056 -0.9913831554 0.1275788495
vn 0.949991925 0.2874363581 -0.1220478695
vn 0.949991925 0.2874363581 -0.1220478695
vn 0.949991925 0.2874363581 -0.1220478695
vn 0.9379170436 0.3070740247 -0.1612983657
vn 0.9379170436 0.3070740247 -0.1612983657
vn 0.9379170436 0.3070740247 -0.1612983657
vn 0.9379155231 0.3070761531 -0.1613031549
vn 0.9379155231 0.3070761531 -0.1613031549
vn 0.9379155231 0.3070761531 -0.1613031549
vn 0.9379158078 0.3070758665 -0.1613020448
vn 0.9379158078 0.3070758665 -0.1613020448
vn 0.9379158078 0.3070758665 -0.1613020448
vn 0.9563985155 0.289204889 -0.04077268405
vn 0.9563985155 0.289204889 -0.04077268405
vn 0.9563985155 0.289204889 -0.04077268405
vn 0.9499922344 0.2874357567 -0.1220468779
vn 0.9499922344 0.2874357567 -0.1220468779
vn 0.9499922344 0.2874357567 -0.1220468779
vn -0.02715474021 -0.9944898681 0.1012547402
vn -0.02971660056 -0.9913831554 0.1275788495
vn -0.03188452108 -0.9869652263 0.1577435238
vn -0.02971660056 -0.9913831554 0.1275788495
vn -0.03063044248 -0.9900559579 0.1372988572
vn -0.03188452108 -0.9869652263 0.1577435238
vn -0.03188452378 -0.986965227 0.157743519
vn -0.01102558311 -0.978310856 0.2068485087
vn -0.01514111143 -0.9634525058 0.2674509595
vn 0.9380653554 0.2857751399 -0.1958723011
vn 0.9380653554 0.2857751399 -0.1958723011
vn 0.9380653554 0.2857751399 -0.1958723011
vn 0.9380662113 0.2857738574 -0.1958700733
vn 0.9380662113 0.2857738574 -0.1958700733
vn 0.9380662113 0.2857738574 -0.1958700733
vn 0.9224213132 0.3041317232 -0.2379975123
vn 0.9224213132 0.3041317232 -0.2379975123
vn 0.9224213132 0.3041317232 -0.2379975123
vn -0.03063045104 -0.9900559585 0.1372988509
vn -0.02303781496 -0.9871005969 0.1584350674
vn -0.03188452415 -0.9869652266 0.1577435216
vn -0.03188452415 -0.9869652266 0.1577435216
vn -0.02303781496 -0.9871005969 0.1584350674
vn -0.02127186658 -0.9863675226 0.1631766466
vn 0.9224210733 0.3041317327 -0.2379984301
vn 0.9224210733 0.3041317327 -0.2379984301
vn 0.9224210733 0.3041317327 -0.2379984301
vn 0.9206486952 0.2863969283 -0.2652975303
vn 0.9206486952 0.2863969283 -0.2652975303
vn 0.9206486952 0.2863969283 -0.2652975303
vn -0.03188452378 -0.986965227 0.157743519
vn -0.02127186632 -0.9863675236 0.1631766408
vn -0.01934454779 -0.9849429101 0.1717942149
vn -0.03188452378 -0.986965227 0.157743519
vn -0.01934454779 -0.9849429101 0.1717942149
vn -0.01102558311 -0.978310856 0.2068485087
vn -0.01102558322 -0.978310856 0.2068485086
vn -0.008316819187 -0.9765646429 0.2150635458
vn -0.01514111242 -0.9634525059 0.2674509593
vn 0.9206487381 0.2863979312 -0.2652962986
vn 0.9206487381 0.2863979312 -0.2652962986
vn 0.9206487381 0.2863979312 -0.2652962986
vn 0.9206487386 0.2863979086 -0.2652963211
vn 0.9206487386 0.2863979086 -0.2652963211
vn 0.9206487386 0.2863979086 -0.2652963211
vn -0.008316819187 -0.9765646429 0.2150635458
vn 0.001791236073 -0.9696390429 0.2445340836
vn -0.01514111242 -0.9634525059 0.2674509593
vn 0.9018381155 0.3039362336 -0.3071006014
vn 0.9018381155 0.3039362336 -0.3071006014
vn 0.9018381155 0.3039362336 -0.3071006014
vn 0.9018383259 0.3039367487 -0.3070994736
vn 0.9018383259 0.3039367487 -0.3070994736
vn 0.9018383259 0.3039367487 -0.3070994736
vn 0.8984736048 0.2856970994 -0.3333501895
vn 0.8984736048 0.2856970994 -0.3333501895
vn 0.8984736048 0.2856970994 -0.3333501895
vn 0.8984733296 0.2856975547 -0.3333505412
vn 0.8984733296 0.2856975547 -0.3333505412
vn 0.8984733296 0.2856975547 -0.3333505412
vn 0.9685786837 0.2453420862 -0.04077492227
vn 0.9685786837 0.2453420862 -0.04077492227
vn 0.9685786837 0.2453420862 -0.04077492227
vn 0.971876081 0.2206964003 -0.08215827478
vn 0.971876081 0.2206964003 -0.08215827478
vn 0.971876081 0.2206964003 -0.08215827478
vn 0.9621727239 0.2435704752 -0.122053566
vn 0.9621727239 0.2435704752 -0.122053566
vn 0.9621727239 0.2435704752 -0.122053566
vn 0.962326139 0.2222594998 -0.1566177417
vn 0.962326139 0.2222594998 -0.1566177417
vn 0.962326139 0.2222594998 -0.1566177417
vn 0.9718658159 0.1746837102 -0.1579950543
vn 0.9718658159 0.1746837102 -0.1579950543
vn 0.9718658159 0.1746837102 -0.1579950543
vn 0.9501562268 0.2397470858 -0.1993100086
vn 0.9501562268 0.2397470858 -0.1993100086
vn 0.9501562268 0.2397470858 -0.1993100086
vn 0.9327400501 0.2403739444 -0.2687310287
vn 0.9327400501 0.2403739444 -0.2687310287
vn 0.9327400501 0.2403739444 -0.2687310287
vn 0.9484165354 0.2229912233 -0.2253463772
vn 0.9484165354 0.2229912233 -0.2253463772
vn 0.9484165354 0.2229912233 -0.2253463772
vn 0.9578319929 0.174682273 -0.2281314903
vn 0.9578319929 0.174682273 -0.2281314903
vn 0.9578319929 0.174682273 -0.2281314903
vn 0.9386242692 0.1747018557 -0.297428551
vn 0.9386242692 0.1747018557 -0.297428551
vn 0.9386242692 0.1747018557 -0.297428551
vn 0.9105671047 0.2396767899 -0.3367826957
vn 0.9105671047 0.2396767899 -0.3367826957
vn 0.9105671047 0.2396767899 -0.3367826957
vn 0.9291734251 0.2228102594 -0.2949446293
vn 0.9291734251 0.2228102594 -0.2949446293
vn 0.9291734251 0.2228102594 -0.2949446293
vn -0.05517723093 -0.9660979854 0.2522105385
vn -0.01514111324 -0.9634525072 0.2674509544
vn -0.02675358845 -0.910765086 0.4120572819
vn -0.01514111355 -0.9634525078 0.2674509524
vn 0.01707840414 -0.8975024577 0.4406786432
vn -0.02675358836 -0.910765086 0.412057282
vn -0.02675358828 -0.9107650853 0.4120572836
vn 0.01707840431 -0.8975024572 0.4406786442
vn 0.01329812701 -0.814489152 0.5800263624
vn 0.01329812881 -0.8144891546 0.5800263588
vn 0.05064952105 -0.8011119777 0.5963675252
vn 0.02296968395 -0.6603238346 0.7506296204
vn 0.01707840338 -0.8975024577 0.4406786431
vn 0.05064951853 -0.8011119738 0.5963675307
vn 0.01329812782 -0.8144891515 0.5800263631
vn -0.01514111325 -0.9634525076 0.2674509531
vn 0.01717529745 -0.9568942656 0.2899282214
vn 0.01707840325 -0.8975024586 0.4406786413
vn -0.01514111242 -0.9634525059 0.2674509593
vn 0.001791236073 -0.9696390429 0.2445340836
vn 0.01219660328 -0.9618686825 0.2732396028
vn -0.01514111242 -0.9634525059 0.2674509593
vn 0.01219660328 -0.9618686825 0.2732396028
vn 0.01410950006 -0.9603819058 0.2783298709
vn -0.01514111325 -0.9634525076 0.2674509531
vn 0.01410949963 -0.9603819062 0.2783298697
vn 0.01717529745 -0.9568942656 0.2899282214
vn 0.01717529595 -0.9568942655 0.289928222
vn 0.0391162569 -0.8869211462 0.4602616635
vn 0.01707840153 -0.8975024582 0.4406786423
vn 0.01707840158 -0.8975024576 0.4406786435
vn 0.03911625533 -0.8869211466 0.4602616629
vn 0.05064951893 -0.8011119738 0.5963675306
vn 0.9050783233 0.2216074856 -0.3629371173
vn 0.9050783233 0.2216074856 -0.3629371173
vn 0.9050783233 0.2216074856 -0.3629371173
vn 0.9146055816 0.173433732 -0.3652634266
vn 0.9146055816 0.173433732 -0.3652634266
vn 0.9146055816 0.173433732 -0.3652634266
vn 0.05064952328 -0.8011119746 0.5963675293
vn 0.05666152644 -0.7995338087 0.5979424389
vn 0.05075834638 -0.6716827083 0.7390980515
vn 0.03911625924 -0.8869211442 0.4602616671
vn 0.05666152301 -0.7995338035 0.5979424461
vn 0.05064952144 -0.8011119718 0.5963675332
vn 0.9871080632 0.1546758778 -0.04114661991
vn 0.9871080632 0.1546758778 -0.04114661991
vn 0.9871080632 0.1546758778 -0.04114661991
vn 0.980653699 0.1573198224 -0.1164851759
vn 0.980653699 0.1573198224 -0.1164851759
vn 0.980653699 0.1573198224 -0.1164851759
vn 0.9927764237 0.112702633 -0.04114716224
vn 0.9927764237 0.112702633 -0.04114716224
vn 0.9927764237 0.112702633 -0.04114716224
vn 0.9929350784 0.09135405412 -0.07572560245
vn 0.9929350784 0.09135405412 -0.07572560245
vn 0.9929350784 0.09135405412 -0.07572560245
vn 0.987122216 0.1086746367 -0.1173863451
vn 0.987122216 0.1086746367 -0.1173863451
vn 0.987122216 0.1086746367 -0.1173863451
vn 0.9764697662 0.1085480298 -0.1863440929
vn 0.9764697662 0.1085480298 -0.1863440929
vn 0.9764697662 0.1085480298 -0.1863440929
vn 0.9852303504 0.09135017582 -0.1448319789
vn 0.9852303504 0.09135017582 -0.1448319789
vn 0.9852303504 0.09135017582 -0.1448319789
vn 0.9962249144 0.04203536018 -0.07595359423
vn 0.9962249144 0.04203536018 -0.07595359423
vn 0.9962249144 0.04203536018 -0.07595359423
vn 0.9885003942 0.04210737042 -0.1452375298
vn 0.9885003942 0.04210737042 -0.1452375298
vn 0.9885003942 0.04210737042 -0.1452375298
vn 0.999094787 0.02477416379 -0.0345810253
vn 0.999094787 0.02477416379 -0.0345810253
vn 0.999094787 0.02477416379 -0.0345810253
vn 0.9943125396 0.02478614141 -0.1035771246
vn 0.9943125396 0.02478614141 -0.1035771246
vn 0.9943125396 0.02478614141 -0.1035771246
vn 0.9847706162 0.02482462962 -0.1720772244
vn 0.9847706162 0.02482462962 -0.1720772244
vn 0.9847706162 0.02482462962 -0.1720772244
vn 0.975966767 0.04184495874 -0.2138641371
vn 0.975966767 0.04184495874 -0.2138641371
vn 0.975966767 0.04184495874 -0.2138641371
vn 0.9700005182 0.1571931834 -0.1854435165
vn 0.9700005182 0.1571931834 -0.1854435165
vn 0.9700005182 0.1571931834 -0.1854435165
vn 0.95426519 0.1571194361 -0.2543451
vn 0.95426519 0.1571194361 -0.2543451
vn 0.95426519 0.1571194361 -0.2543451
vn 0.9332111298 0.1565677216 -0.3234246987
vn 0.9332111298 0.1565677216 -0.3234246987
vn 0.9332111298 0.1565677216 -0.3234246987
vn 0.9605743019 0.1087565315 -0.2558691606
vn 0.9605743019 0.1087565315 -0.2558691606
vn 0.9605743019 0.1087565315 -0.2558691606
vn 0.97273992 0.09126563361 -0.2131845026
vn 0.97273992 0.09126563361 -0.2131845026
vn 0.97273992 0.09126563361 -0.2131845026
vn 0.9551812234 0.09043624112 -0.281868971
vn 0.9551812234 0.09043624112 -0.281868971
vn 0.9551812234 0.09043624112 -0.281868971
vn 0.9395208674 0.1082044214 -0.3249497544
vn 0.9395208674 0.1082044214 -0.3249497544
vn 0.9395208674 0.1082044214 -0.3249497544
vn 0.9327818457 0.09089278236 -0.3487929621
vn 0.9327818457 0.09089278236 -0.3487929621
vn 0.9327818457 0.09089278236 -0.3487929621
vn 0.9583508331 0.04233212633 -0.2824387928
vn 0.9583508331 0.04233212633 -0.2824387928
vn 0.9583508331 0.04233212633 -0.2824387928
vn 0.9358820593 0.04107804389 -0.3499105107
vn 0.9358820593 0.04107804389 -0.3499105107
vn 0.9358820593 0.04107804389 -0.3499105107
vn 0.9705157889 0.02483840875 -0.239754368
vn 0.9705157889 0.02483840875 -0.239754368
vn 0.9705157889 0.02483840875 -0.239754368
vn 0.9516120478 0.02501727345 -0.3062819722
vn 0.9516120478 0.02501727345 -0.3062819722
vn 0.9516120478 0.02501727345 -0.3062819722
vn 0.02296968203 -0.6603238357 0.7506296195
vn 0.0507583487 -0.671682691 0.739098067
vn 0.01698646877 -0.3509566293 0.9362376324
vn 0.05064952271 -0.8011119744 0.5963675296
vn 0.05075834909 -0.6716827097 0.73909805
vn 0.02296968216 -0.6603238392 0.7506296164
vn 0.05075834703 -0.6716826902 0.7390980679
vn 0.04036162768 -0.3723739654 0.9272047071
vn 0.01698646908 -0.3509566306 0.9362376319
vn 0.01698646809 -0.3509566047 0.9362376416
vn 0.04036162757 -0.3723739577 0.9272047102
vn 0.01587484834 -0.1539968543 0.9879438031
vn 0.04036162739 -0.3723739573 0.9272047104
vn 0.03596550452 -0.1620895663 0.9861204059
vn 0.0158748487 -0.1539968559 0.9879438028
vn 0.9078656207 0.15612397 -0.3891083663
vn 0.9078656207 0.15612397 -0.3891083663
vn 0.9078656207 0.15612397 -0.3891083663
vn 0.9138387054 0.1069460805 -0.3917414407
vn 0.9138387054 0.1069460805 -0.3917414407
vn 0.9138387054 0.1069460805 -0.3917414407
vn 0.9061698056 0.09085369503 -0.4130398159
vn 0.9061698056 0.09085369503 -0.4130398159
vn 0.9061698056 0.09085369503 -0.4130398159
vn 0.05075834636 -0.6716826898 0.7390980683
vn 0.06672190018 -0.680120351 0.7300578718
vn 0.04036162758 -0.3723739653 0.9272047072
vn 0.05666152432 -0.7995338072 0.597942441
vn 0.066721897 -0.6801203341 0.7300578878
vn 0.05075834997 -0.6716827118 0.739098048
vn 0.06672189873 -0.680120352 0.730057871
vn 0.06153637744 -0.3863873963 0.9202815081
vn 0.04036162766 -0.3723739657 0.927204707
vn 0.9092154073 0.04109166346 -0.414293155
vn 0.9092154073 0.04109166346 -0.414293155
vn 0.9092154073 0.04109166346 -0.414293155
vn 0.9281574669 0.02503770775 -0.371344624
vn 0.9281574669 0.02503770775 -0.371344624
vn 0.9281574669 0.02503770775 -0.371344624
vn 0.900259361 0.02510168016 -0.4346297143
vn 0.900259361 0.02510168016 -0.4346297143
vn 0.900259361 0.02510168016 -0.4346297143
vn 0.04036162749 -0.3723739575 0.9272047103
vn 0.06153637777 -0.386387405 0.9202815044
vn 0.03596550494 -0.1620895676 0.9861204057
vn 0.06153637714 -0.3863874042 0.9202815048
vn 0.05339244275 -0.1749334609 0.9831314924
vn 0.03596550429 -0.1620895665 0.9861204059
vn 0.8765838544 0.302032762 -0.3746691298
vn 0.8765838544 0.302032762 -0.3746691298
vn 0.8765838544 0.302032762 -0.3746691298
vn 0.8716713591 0.283617618 -0.3996874885
vn 0.8716713591 0.283617618 -0.3996874885
vn 0.8716713591 0.283617618 -0.3996874885
vn 0.8716711466 0.2836161485 -0.3996889948
vn 0.8716711466 0.2836161485 -0.3996889948
vn 0.8716711466 0.2836161485 -0.3996889948
vn 0.871671165 0.2836170003 -0.3996883503
vn 0.871671165 0.2836170003 -0.3996883503
vn 0.871671165 0.2836170003 -0.3996883503
vn 0.8716712285 0.2836165417 -0.3996885371
vn 0.8716712285 0.2836165417 -0.3996885371
vn 0.8716712285 0.2836165417 -0.3996885371
vn 0.8716708719 0.2836181978 -0.3996881396
vn 0.8716708719 0.2836181978 -0.3996881396
vn 0.8716708719 0.2836181978 -0.3996881396
vn 0.01717529595 -0.9568942655 0.289928222
vn 0.02207417577 -0.9470444825 0.3203427524
vn 0.0391162569 -0.8869211462 0.4602616635
vn 0.02207417493 -0.9470444826 0.3203427519
vn 0.02572566468 -0.9364737116 0.3497930497
vn 0.03911625956 -0.8869211453 0.460261665
vn 0.8468323006 0.2989692794 -0.4398777383
vn 0.8468323006 0.2989692794 -0.4398777383
vn 0.8468323006 0.2989692794 -0.4398777383
vn 0.02572566468 -0.9364737116 0.3497930497
vn 0.02816210291 -0.9288864603 0.3692923502
vn 0.03911625956 -0.8869211453 0.460261665
vn 0.8414340025 0.2637602964 -0.471613534
vn 0.8414340025 0.2637602964 -0.471613534
vn 0.8414340025 0.2637602964 -0.471613534
vn 0.8837666245 0.2375962764 -0.4031185469
vn 0.8837666245 0.2375962764 -0.4031185469
vn 0.8837666245 0.2375962764 -0.4031185469
vn 0.8770253627 0.2202879386 -0.4269657332
vn 0.8770253627 0.2202879386 -0.4269657332
vn 0.8770253627 0.2202879386 -0.4269657332
vn 0.02816210291 -0.9288864603 0.3692923502
vn 0.03981491749 -0.8863686023 0.4612650791
vn 0.03911625956 -0.8869211453 0.460261665
vn 0.8520077675 0.2357496765 -0.4674450279
vn 0.8520077675 0.2357496765 -0.4674450279
vn 0.8520077675 0.2357496765 -0.4674450279
vn 0.8858119204 0.1721634321 -0.4309257411
vn 0.8858119204 0.1721634321 -0.4309257411
vn 0.8858119204 0.1721634321 -0.4309257411
vn 0.8414361127 0.2637542726 -0.4716131379
vn 0.8414361127 0.2637542726 -0.4716131379
vn 0.8414361127 0.2637542726 -0.4716131379
vn 0.03911626097 -0.8869211446 0.4602616661
vn 0.03981491814 -0.8863686029 0.4612650778
vn 0.040578436 -0.8772271433 0.4783575333
vn 0.03911626097 -0.8869211446 0.4602616661
vn 0.040578436 -0.8772271433 0.4783575333
vn 0.04068799934 -0.8758864837 0.4807986631
vn 0.03911626097 -0.8869211446 0.4602616661
vn 0.04068799934 -0.8758864837 0.4807986631
vn 0.04090052973 -0.8732989738 0.4854647764
vn 0.8414326587 0.2637594606 -0.471616399
vn 0.8414326587 0.2637594606 -0.471616399
vn 0.8414326587 0.2637594606 -0.471616399
vn 0.8146283353 0.277506205 -0.5092847744
vn 0.8146283353 0.277506205 -0.5092847744
vn 0.8146283353 0.277506205 -0.5092847744
vn 0.8063917773 0.2403338494 -0.5403442813
vn 0.8063917773 0.2403338494 -0.5403442813
vn 0.8063917773 0.2403338494 -0.5403442813
vn 0.03911626097 -0.8869211446 0.4602616661
vn 0.04090052973 -0.8732989738 0.4854647764
vn 0.04463015596 -0.820977825 0.569213106
vn 0.8169737969 0.2122991095 -0.5361743218
vn 0.8169737969 0.2122991095 -0.5361743218
vn 0.8169737969 0.2122991095 -0.5361743218
vn 0.8447336161 0.1975520284 -0.4973915098
vn 0.8447336161 0.1975520284 -0.4973915098
vn 0.8447336161 0.1975520284 -0.4973915098
vn 0.8169728784 0.2122995013 -0.5361755661
vn 0.8169728784 0.2122995013 -0.5361755661
vn 0.8169728784 0.2122995013 -0.5361755661
vn 0.0391162615 -0.8869211447 0.460261666
vn 0.04463014983 -0.8209778246 0.569213107
vn 0.05666152275 -0.7995338034 0.5979424463
vn 0.05666152275 -0.7995338034 0.5979424463
vn 0.04463014983 -0.8209778246 0.569213107
vn 0.04500687309 -0.8180444407 0.5733913798
vn 0.05666152275 -0.7995338034 0.5979424463
vn 0.04500687309 -0.8180444407 0.5733913798
vn 0.04752246608 -0.7962713284 0.6030701342
vn 0.81697588 0.2123097161 -0.5361669478
vn 0.81697588 0.2123097161 -0.5361669478
vn 0.81697588 0.2123097161 -0.5361669478
vn 0.05666152378 -0.7995338069 0.5979424414
vn 0.047522465 -0.7962713242 0.6030701399
vn 0.04805396629 -0.7871919349 0.6148330455
vn 0.8068928256 0.1730406819 -0.5647839325
vn 0.8068928256 0.1730406819 -0.5647839325
vn 0.8068928256 0.1730406819 -0.5647839325
vn 0.8068928261 0.1730408705 -0.564783874
vn 0.8068928261 0.1730408705 -0.564783874
vn 0.8068928261 0.1730408705 -0.564783874
vn 0.8068925051 0.173046843 -0.5647825027
vn 0.8068925051 0.173046843 -0.5647825027
vn 0.8068925051 0.173046843 -0.5647825027
vn 0.878165906 0.155917261 -0.4522327379
vn 0.878165906 0.155917261 -0.4522327379
vn 0.878165906 0.155917261 -0.4522327379
vn 0.8531283195 0.1713913395 -0.4927444361
vn 0.8531283195 0.1713913395 -0.4927444361
vn 0.8531283195 0.1713913395 -0.4927444361
vn 0.8841401991 0.1067397083 -0.4548656319
vn 0.8841401991 0.1067397083 -0.4548656319
vn 0.8841401991 0.1067397083 -0.4548656319
vn 0.8751839586 0.09075023439 -0.4752025184
vn 0.8751839586 0.09075023439 -0.4752025184
vn 0.8751839586 0.09075023439 -0.4752025184
vn 0.8500822678 0.1062639314 -0.5158179087
vn 0.8500822678 0.1062639314 -0.5158179087
vn 0.8500822678 0.1062639314 -0.5158179087
vn 0.8430487035 0.1321351255 -0.5213532317
vn 0.8430487035 0.1321351255 -0.5213532317
vn 0.8430487035 0.1321351255 -0.5213532317
vn 0.05666152378 -0.7995338069 0.5979424414
vn 0.04805396629 -0.7871919349 0.6148330455
vn 0.06672190064 -0.6801203363 0.7300578854
vn 0.8068928674 0.1730419406 -0.5647834872
vn 0.8068928674 0.1730419406 -0.5647834872
vn 0.8068928674 0.1730419406 -0.5647834872
vn 0.04805396676 -0.7871919354 0.6148330449
vn 0.04846175474 -0.7838293429 0.6190824012
vn 0.06672189902 -0.6801203329 0.7300578887
vn 0.04846175474 -0.7838293429 0.6190824012
vn 0.05068612651 -0.7645282289 0.642594354
vn 0.06672189902 -0.6801203329 0.7300578887
vn 0.8153164406 0.1470036124 -0.5600437836
vn 0.8153164406 0.1470036124 -0.5600437836
vn 0.8153164406 0.1470036124 -0.5600437836
vn 0.05068612651 -0.7645282289 0.642594354
vn 0.06060243991 -0.6819447902 0.7288886385
vn 0.06672189902 -0.6801203329 0.7300578887
vn 0.06672190216 -0.6801203532 0.7300578696
vn 0.06060243775 -0.6819447757 0.7288886523
vn 0.06153637402 -0.3863873946 0.9202815091
vn 0.06060243566 -0.6819447724 0.7288886556
vn 0.06432021664 -0.4019427055 0.9134029621
vn 0.06153637564 -0.3863873966 0.9202815082
vn 0.8781002625 0.04076466094 -0.4767370044
vn 0.8781002625 0.04076466094 -0.4767370044
vn 0.8781002625 0.04076466094 -0.4767370044
vn 0.8680535219 0.02512423969 -0.4958345043
vn 0.8680535219 0.02512423969 -0.4958345043
vn 0.8680535219 0.02512423969 -0.4958345043
vn 0.8429293617 0.04065183158 -0.5364862718
vn 0.8429293617 0.04065183158 -0.5364862718
vn 0.8429293617 0.04065183158 -0.5364862718
vn 0.8373355728 0.06595906698 -0.5426956238
vn 0.8373355728 0.06595906698 -0.5426956238
vn 0.8373355728 0.06595906698 -0.5426956238
vn 0.8095092542 0.08118874691 -0.5814663832
vn 0.8095092542 0.08118874691 -0.5814663832
vn 0.8095092542 0.08118874691 -0.5814663832
vn 0.06153637544 -0.3863874054 0.9202815045
vn 0.06432021624 -0.4019427531 0.9134029412
vn 0.05339244441 -0.1749334599 0.9831314925
vn 0.06432021657 -0.4019427515 0.9134029419
vn 0.06134621082 -0.1937028003 0.9791403717
vn 0.05339244361 -0.1749334613 0.9831314923
vn 0.7766561262 0.1873832666 -0.6014089899
vn 0.7766561262 0.1873832666 -0.6014089899
vn 0.7766561262 0.1873832666 -0.6014089899
vn 0.7766584784 0.1873838068 -0.6014057839
vn 0.7766584784 0.1873838068 -0.6014057839
vn 0.7766584784 0.1873838068 -0.6014057839
vn 0.05068612235 -0.7645282291 0.642594354
vn 0.0511876054 -0.7447514454 0.665375919
vn 0.06060244818 -0.6819447897 0.7288886383
vn 0.7637181952 0.1474793602 -0.6284778092
vn 0.7637181952 0.1474793602 -0.6284778092
vn 0.7637181952 0.1474793602 -0.6284778092
vn 0.0511876054 -0.7447514454 0.665375919
vn 0.05134840303 -0.711567621 0.7007387975
vn 0.06060244818 -0.6819447897 0.7288886383
vn 0.7637180115 0.147480303 -0.6284778112
vn 0.7637180115 0.147480303 -0.6284778112
vn 0.7637180115 0.147480303 -0.6284778112
vn 0.05134840318 -0.7115676211 0.7007387973
vn 0.04988266853 -0.6815687229 0.7300519128
vn 0.06060244934 -0.6819447908 0.7288886372
vn 0.06060244901 -0.6819447781 0.7288886491
vn 0.04988266795 -0.6815687036 0.7300519308
vn 0.04981728788 -0.6746663229 0.7364398078
vn 0.7637794179 0.1473814098 -0.6284263846
vn 0.7637794179 0.1473814098 -0.6284263846
vn 0.7637794179 0.1473814098 -0.6284263846
vn 0.8024760075 0.107060087 -0.5870011884
vn 0.8024760075 0.107060087 -0.5870011884
vn 0.8024760075 0.107060087 -0.5870011884
vn 0.7722392588 0.1214001582 -0.6236253112
vn 0.7722392588 0.1214001582 -0.6236253112
vn 0.7722392588 0.1214001582 -0.6236253112
vn 0.06060244901 -0.6819447781 0.7288886491
vn 0.04981728788 -0.6746663229 0.7364398078
vn 0.06432021626 -0.4019427054 0.9134029622
vn 0.7722405956 0.1214022182 -0.6236232548
vn 0.7722405956 0.1214022182 -0.6236232548
vn 0.7722405956 0.1214022182 -0.6236232548
vn 0.7567658842 0.08088872321 -0.648662016
vn 0.7567658842 0.08088872321 -0.648662016
vn 0.7567658842 0.08088872321 -0.648662016
vn 0.04981728788 -0.6746663229 0.7364398078
vn 0.04919084009 -0.6289335738 0.7759012959
vn 0.06432021626 -0.4019427054 0.9134029622
vn 0.04919084009 -0.6289335738 0.7759012959
vn 0.04830637306 -0.5918571546 0.8045940609
vn 0.06432021626 -0.4019427054 0.9134029622
vn 0.04830637306 -0.5918571546 0.8045940609
vn 0.04718010779 -0.5524339193 0.8322204048
vn 0.06432021626 -0.4019427054 0.9134029622
vn 0.7567656651 0.08088781874 -0.6486623844
vn 0.7567656651 0.08088781874 -0.6486623844
vn 0.7567656651 0.08088781874 -0.6486623844
vn 0.7939953463 0.04057283723 -0.6065684091
vn 0.7939953463 0.04057283723 -0.6065684091
vn 0.7939953463 0.04057283723 -0.6065684091
vn 0.7770796002 0.04057252368 -0.6280932776
vn 0.7770796002 0.04057252368 -0.6280932776
vn 0.7770796002 0.04057252368 -0.6280932776
vn 0.06432021642 -0.4019427513 0.913402942
vn 0.05409344104 -0.3450200029 0.93703527
vn 0.06134621645 -0.1937028049 0.9791403705
vn 0.7383301347 0.08101500463 -0.6695559582
vn 0.7383301347 0.08101500463 -0.6695559582
vn 0.7383301347 0.08101500463 -0.6695559582
vn 0.7383306231 0.08101510167 -0.6695554079
vn 0.7383306231 0.08101510167 -0.6695554079
vn 0.7383306231 0.08101510167 -0.6695554079
vn 0.0471801007 -0.5524339186 0.8322204057
vn 0.05499418535 -0.4034482994 0.9133482957
vn 0.06432021999 -0.4019427066 0.9134029614
vn 0.06432021642 -0.4019427513 0.913402942
vn 0.05499418778 -0.4034482679 0.9133483095
vn 0.05496184991 -0.4004248021 0.9146798199
vn 0.06432021642 -0.4019427513 0.913402942
vn 0.05496184991 -0.4004248021 0.9146798199
vn 0.05409344104 -0.3450200029 0.93703527
vn 0.7383289453 0.08101127738 -0.6695577208
vn 0.7383289453 0.08101127738 -0.6695577208
vn 0.7383289453 0.08101127738 -0.6695577208
vn 0.720483243 0.04031608137 -0.6922994367
vn 0.720483243 0.04031608137 -0.6922994367
vn 0.720483243 0.04031608137 -0.6922994367
vn 0.05409344131 -0.345020004 0.9370352696
vn 0.05392462852 -0.2180924138 0.9744371881
vn 0.06134621539 -0.1937028016 0.9791403712
vn 0.7407969851 0 -0.6717289832
vn 0.7407969851 0 -0.6717289832
vn 0.7407969851 0 -0.6717289832
vn 0.05392462852 -0.2180924138 0.9744371881
vn 0.05381938493 -0.2032036767 0.9776562482
vn 0.06134621539 -0.1937028016 0.9791403712
vn 0.7204831884 0.04031549308 -0.6922995278
vn 0.7204831884 0.04031549308 -0.6922995278
vn 0.7204831884 0.04031549308 -0.6922995278
vn 0.1217405653 0.06089035386 -0.9906924849
vn 0.08620037912 0.2473147269 -0.9650932185
vn 0.0560766264 0.227989583 -0.9720474073
vn 0.1217405719 0.06089035266 -0.9906924841
vn 0.05607662045 0.2279895841 -0.9720474074
vn 0.05008696281 0.05822318861 -0.9970463161
vn 0.08620037892 0.2473147593 -0.9650932103
vn 0.059639235 0.3830259125 -0.9218103449
vn 0.05607662618 0.2279895872 -0.9720474063
vn 0 1 0
vn 0 1 0
vn 0 1 0
vn 0 0 -1
vn 0 0 -1
vn 0 0 -1
vn 0.08620037892 0.2473147593 -0.9650932103
vn 0.07656311429 0.3848308357 -0.9198061303
vn 0.059639235 0.3830259125 -0.9218103449
vn 0 1 0
vn 0 1 0
vn 0 1 0
vn 0.05824189547 0.5663305552 -0.8221177433
vn 0.05890357048 0.792565292 -0.6069354392
vn 0.06180107067 0.5649173826 -0.82282986
vn 0.06180106268 0.5649173842 -0.8228298595
vn 0.05890357231 0.7925652917 -0.6069354394
vn 0.06868078042 0.5418597061 -0.8376580504
vn 0 1 0
vn 0 1 0
vn 0 1 0
vn 0 0 -1
vn 0 0 -1
vn 0 0 -1
vn 0 0 -1
vn 0 0 -1
vn 0 0 -1
vn 0.05607663222 0.2279895916 -0.9720474049
vn 0.05963923779 0.3830259139 -0.9218103441
vn 0.06376749111 0.3943725254 -0.9167355226
vn 0 1 0
vn 0 1 0
vn 0 1 0
vn 0 0 -1
vn 0 0 -1
vn 0 0 -1
vn 0.06868078042 0.5418597061 -0.8376580504
vn 0.05890357231 0.7925652917 -0.6069354394
vn 0.06925518262 0.5411888864 -0.8380443359
vn 0.05008696378 0.05822318848 -0.9970463161
vn 0.0560766237 0.2279895838 -0.9720474073
vn 0.01151842196 0.2089109223 -0.9778668378
vn 0.01151841852 0.2089108812 -0.9778668466
vn 0.05607662439 0.2279895909 -0.9720474056
vn 0.04313688298 0.4244194008 -0.9044376051
vn 0.05008696508 0.05822318751 -0.9970463161
vn 0.01151842233 0.2089109229 -0.9778668377
vn 0.02559124743 0.03568540143 -0.9990353548
vn 0.9002594468 -0.0251018278 0.4346295281
vn 0.9002594468 -0.0251018278 0.4346295281
vn 0.9002594468 -0.0251018278 0.4346295281
vn 0.9281574669 -0.02503770775 0.371344624
vn 0.9281574669 -0.02503770775 0.371344624
vn 0.9281574669 -0.02503770775 0.371344624
vn 0.9092154073 -0.04109166346 0.414293155
vn 0.9092154073 -0.04109166346 0.414293155
vn 0.9092154073 -0.04109166346 0.414293155
vn 0.05607662616 0.2279895964 -0.9720474042
vn 0.06376749575 0.3943725218 -0.9167355238
vn 0.04313688266 0.4244193999 -0.9044376056
vn 0 0 -1
vn 0 0 -1
vn 0 0 -1
vn 0.0686807808 0.5418597099 -0.8376580478
vn 0.06925518282 0.5411888853 -0.8380443366
vn 0.06916131879 0.5383091887 -0.8399047145
vn 0.06047479669 0.5404244789 -0.8392164092
vn 0.0691613148 0.5383091914 -0.839904713
vn 0.06925518217 0.5411888857 -0.8380443364
vn 0.06047479662 0.5404244785 -0.8392164095
vn 0.06925518216 0.5411888858 -0.8380443363
vn 0.03400438099 0.5415890423 -0.8399553627
vn 0.01151841852 0.2089108812 -0.9778668466
vn 0.04313688298 0.4244194008 -0.9044376051
vn 0.02657507753 0.4288327359 -0.9029929401
vn -0 1 0
vn -0 1 0
vn -0 1 0
vn 0 0 -1
vn 0 0 -1
vn 0 0 -1
vn 0.06925518216 0.5411888858 -0.8380443363
vn 0.0260997667 0.7609239358 -0.6483159462
vn 0.03400438099 0.5415890423 -0.8399553627
vn 0.9327818604 -0.09089261048 0.3487929675
vn 0.9327818604 -0.09089261048 0.3487929675
vn 0.9327818604 -0.09089261048 0.3487929675
vn 0.913838646 -0.1069459503 0.3917416147
vn 0.913838646 -0.1069459503 0.3917416147
vn 0.913838646 -0.1069459503 0.3917416147
vn 0.9061698056 -0.09085369503 0.4130398159
vn 0.9061698056 -0.09085369503 0.4130398159
vn 0.9061698056 -0.09085369503 0.4130398159
vn 0.90786554 -0.1561240326 0.3891085295
vn 0.90786554 -0.1561240326 0.3891085295
vn 0.90786554 -0.1561240326 0.3891085295
vn 0.9847706125 -0.02482463772 0.1720772444
vn 0.9847706125 -0.02482463772 0.1720772444
vn 0.9847706125 -0.02482463772 0.1720772444
vn 0.975966767 -0.04184495874 0.2138641371
vn 0.975966767 -0.04184495874 0.2138641371
vn 0.975966767 -0.04184495874 0.2138641371
vn 0.9943125396 -0.02478614141 0.1035771246
vn 0.9943125396 -0.02478614141 0.1035771246
vn 0.9943125396 -0.02478614141 0.1035771246
vn 0.9990947871 -0.02477416274 0.0345810253
vn 0.9990947871 -0.02477416274 0.0345810253
vn 0.9990947871 -0.02477416274 0.0345810253
vn 0.9885003914 -0.04210737738 0.1452375465
vn 0.9885003914 -0.04210737738 0.1452375465
vn 0.9885003914 -0.04210737738 0.1452375465
vn 0.9962249143 -0.04203535879 0.07595359646
vn 0.9962249143 -0.04203535879 0.07595359646
vn 0.9962249143 -0.04203535879 0.07595359646
vn 0.9989350278 -0.04613903257 0
vn 0.9989350278 -0.04613903257 0
vn 0.9989350278 -0.04613903257 0
vn 0.9764697662 -0.1085480298 0.1863440929
vn 0.9764697662 -0.1085480298 0.1863440929
vn 0.9764697662 -0.1085480298 0.1863440929
vn 0.9852303473 -0.09135018272 0.1448319955
vn 0.9852303473 -0.09135018272 0.1448319955
vn 0.9852303473 -0.09135018272 0.1448319955
vn 0.9871222138 -0.1086746423 0.1173863586
vn 0.9871222138 -0.1086746423 0.1173863586
vn 0.9871222138 -0.1086746423 0.1173863586
vn 0.9929350782 -0.09135405504 0.07572560467
vn 0.9929350782 -0.09135405504 0.07572560467
vn 0.9929350782 -0.09135405504 0.07572560467
vn 0.9961570429 -0.08758507834 0
vn 0.9961570429 -0.08758507834 0
vn 0.9961570429 -0.08758507834 0
vn 0.9927764236 -0.1127026343 0.04114716224
vn 0.9927764236 -0.1127026343 0.04114716224
vn 0.9927764236 -0.1127026343 0.04114716224
vn 0.9806536987 -0.1573198139 0.1164851896
vn 0.9806536987 -0.1573198139 0.1164851896
vn 0.9806536987 -0.1573198139 0.1164851896
vn 0.9871080632 -0.1546758778 0.04114661991
vn 0.9871080632 -0.1546758778 0.04114661991
vn 0.9871080632 -0.1546758778 0.04114661991
vn 0.9516120251 -0.02501729851 0.3062820407
vn 0.9516120251 -0.02501729851 0.3062820407
vn 0.9516120251 -0.02501729851 0.3062820407
vn 0.9705158016 -0.02483844513 0.2397543129
vn 0.9705158016 -0.02483844513 0.2397543129
vn 0.9705158016 -0.02483844513 0.2397543129
vn 0.9583508302 -0.04233219561 0.2824387925
vn 0.9583508302 -0.04233219561 0.2824387925
vn 0.9583508302 -0.04233219561 0.2824387925
vn 0.9358820593 -0.04107804389 0.3499105107
vn 0.9358820593 -0.04107804389 0.3499105107
vn 0.9358820593 -0.04107804389 0.3499105107
vn 0.9551812234 -0.09043624112 0.281868971
vn 0.9551812234 -0.09043624112 0.281868971
vn 0.9551812234 -0.09043624112 0.281868971
vn 0.9395209215 -0.1082043646 0.3249496171
vn 0.9395209215 -0.1082043646 0.3249496171
vn 0.9395209215 -0.1082043646 0.3249496171
vn 0.97273992 -0.09126563361 0.2131845026
vn 0.97273992 -0.09126563361 0.2131845026
vn 0.97273992 -0.09126563361 0.2131845026
vn 0.9605743019 -0.1087565315 0.2558691606
vn 0.9605743019 -0.1087565315 0.2558691606
vn 0.9605743019 -0.1087565315 0.2558691606
vn 0.9332111622 -0.1565678217 0.3234245568
vn 0.9332111622 -0.1565678217 0.3234245568
vn 0.9332111622 -0.1565678217 0.3234245568
vn 0.9542651994 -0.1571193752 0.2543451024
vn 0.9542651994 -0.1571193752 0.2543451024
vn 0.9542651994 -0.1571193752 0.2543451024
vn 0.9700005182 -0.1571931834 0.1854435165
vn 0.9700005182 -0.1571931834 0.1854435165
vn 0.9700005182 -0.1571931834 0.1854435165
vn 0.05890357342 0.7925652946 -0.6069354355
vn 0.03775027393 0.9275190395 -0.3718646907
vn 0.07304521805 0.7790883603 -0.6226441383
vn 0.06925518284 0.5411888861 -0.838044336
vn 0.05890357162 0.7925652924 -0.6069354385
vn 0.07304521926 0.7790883562 -0.6226441433
vn 0.07304521811 0.77908836 -0.6226441387
vn 0.03775027425 0.9275190395 -0.3718646906
vn 0.05975778246 0.9230929749 -0.3799057344
vn 0.05975777967 0.923092977 -0.3799057299
vn 0.03775027434 0.9275190411 -0.3718646866
vn 0.06121084514 0.9717920977 -0.2277572201
vn 0.05975778585 0.9230929757 -0.3799057321
vn 0.06121084336 0.9717920979 -0.2277572198
vn 0.05876316991 0.9726073765 -0.2249039375
vn 0.06925518225 0.5411888863 -0.838044336
vn 0.07304522221 0.7790883555 -0.6226441438
vn 0.02609976712 0.7609239382 -0.6483159433
vn 0.02609976406 0.7609239316 -0.6483159513
vn 0.0730452215 0.7790883598 -0.6226441385
vn 0.05975779446 0.9230929745 -0.3799057337
vn 0.02609976569 0.7609239306 -0.6483159524
vn 0.05975779302 0.9230929753 -0.3799057319
vn 0.02015133928 0.9218731892 -0.3869673714
vn 0.9146055511 -0.1734339069 0.3652634198
vn 0.9146055511 -0.1734339069 0.3652634198
vn 0.9146055511 -0.1734339069 0.3652634198
vn 0.9050783233 -0.2216074856 0.3629371173
vn 0.9050783233 -0.2216074856 0.3629371173
vn 0.9050783233 -0.2216074856 0.3629371173
vn 0.05975779215 0.923092976 -0.3799057304
vn 0.02994523455 0.9666411909 -0.2543778507
vn 0.02015133962 0.9218731882 -0.3869673739
vn 0.05975779185 0.9230929757 -0.379905731
vn 0.0587631763 0.9726073764 -0.2249039362
vn 0.03351284033 0.9733422691 -0.2268958277
vn 0.05876317657 0.9726073727 -0.2249039522
vn 0.04291971633 0.9728738255 -0.2273200773
vn 0.03595725262 0.9732348935 -0.2269821975
vn 0.05975779185 0.9230929757 -0.379905731
vn 0.03351284033 0.9733422691 -0.2268958277
vn 0.03332625795 0.9729815447 -0.2284650395
vn 0.05975779185 0.9230929757 -0.379905731
vn 0.03332625795 0.9729815447 -0.2284650395
vn 0.02994523456 0.9666411909 -0.2543778506
vn 0.8765837238 -0.3020324386 0.3746696962
vn 0.8765837238 -0.3020324386 0.3746696962
vn 0.8765837238 -0.3020324386 0.3746696962
vn 0.05876317657 0.9726073727 -0.2249039522
vn 0.03595725262 0.9732348935 -0.2269821975
vn 0.03351284062 0.9733422643 -0.2268958484
vn 0.8984737376 -0.2856968544 0.3333500417
vn 0.8984737376 -0.2856968544 0.3333500417
vn 0.8984737376 -0.2856968544 0.3333500417
vn 0.9804972846 -0.178644647 0.08192170068
vn 0.9804972846 -0.178644647 0.08192170068
vn 0.9804972846 -0.178644647 0.08192170068
vn 0.9837655454 -0.1794584956 0
vn 0.9837655454 -0.1794584956 0
vn 0.9837655454 -0.1794584956 0
vn 0.9751894121 -0.2213721088 0
vn 0.9751894121 -0.2213721088 0
vn 0.9751894121 -0.2213721088 0
vn 0.06121084371 0.9717921 -0.2277572108
vn 0.05397284487 0.9789474256 -0.1968473264
vn 0.0587631694 0.9726073736 -0.2249039501
vn 0.05397284565 0.9789474243 -0.1968473327
vn 0.004868892869 0.9955364421 -0.09425224882
vn 0.04845847372 0.9742724724 -0.2201020806
vn 0.01518612251 0.9970576778 -0.07513566889
vn 0.004868892325 0.9955364422 -0.09425224771
vn 0.05397284498 0.9789474246 -0.1968473315
vn 0.004868890949 0.9955364425 -0.09425224453
vn 0.006752872259 0.9985524721 0.05336065167
vn -0.00856477026 0.9989176841 0.04571766796
vn 0.004868891673 0.9955364425 -0.09425224447
vn -0.008564769832 0.9989176841 0.04571766799
vn -0.01662313782 0.9992111807 0.03606504631
vn 0.9386242567 -0.1747018102 0.2974286169
vn 0.9386242567 -0.1747018102 0.2974286169
vn 0.9386242567 -0.1747018102 0.2974286169
vn 0.9578320083 -0.1746822529 0.2281314409
vn 0.9578320083 -0.1746822529 0.2281314409
vn 0.9578320083 -0.1746822529 0.2281314409
vn 0.9327400277 -0.2403739672 0.268731086
vn 0.9327400277 -0.2403739672 0.268731086
vn 0.9327400277 -0.2403739672 0.268731086
vn 0.9484165515 -0.2229912037 0.2253463287
vn 0.9484165515 -0.2229912037 0.2253463287
vn 0.9484165515 -0.2229912037 0.2253463287
vn 0.9501562403 -0.2397470683 0.1993099653
vn 0.9501562403 -0.2397470683 0.1993099653
vn 0.9501562403 -0.2397470683 0.1993099653
vn 0.9291733995 -0.2228102845 0.2949446911
vn 0.9291733995 -0.2228102845 0.2949446911
vn 0.9291733995 -0.2228102845 0.2949446911
vn 0.9105671047 -0.2396767899 0.3367826957
vn 0.9105671047 -0.2396767899 0.3367826957
vn 0.9105671047 -0.2396767899 0.3367826957
vn 0.971865815 -0.1746836986 0.1579950727
vn 0.971865815 -0.1746836986 0.1579950727
vn 0.971865815 -0.1746836986 0.1579950727
vn 0.9623261344 -0.2222595071 0.1566177595
vn 0.9623261344 -0.2222595071 0.1566177595
vn 0.9623261344 -0.2222595071 0.1566177595
vn 0.971876081 -0.2206964003 0.08215827478
vn 0.971876081 -0.2206964003 0.08215827478
vn 0.971876081 -0.2206964003 0.08215827478
vn 0.9621727206 -0.2435704821 0.1220535781
vn 0.9621727206 -0.2435704821 0.1220535781
vn 0.9621727206 -0.2435704821 0.1220535781
vn 0.9685786837 -0.2453420862 0.04077492227
vn 0.9685786837 -0.2453420862 0.04077492227
vn 0.9685786837 -0.2453420862 0.04077492227
vn 0.05876317276 0.9726073734 -0.2249039501
vn 0.04845847772 0.9742724708 -0.2201020865
vn 0.04323847823 0.9733518457 -0.2252035045
vn 0.9380654271 -0.2857749228 0.1958722748
vn 0.9380654271 -0.2857749228 0.1958722748
vn 0.9380654271 -0.2857749228 0.1958722748
vn 0.05876316971 0.9726073742 -0.2249039476
vn 0.05397284448 0.978947425 -0.1968473297
vn 0.04845847523 0.9742724714 -0.2201020845
vn 0.04845847638 0.9742724719 -0.2201020821
vn 0.00843751043 0.9931882974 -0.1162145188
vn 0.03053045591 0.9823089594 -0.1847620079
vn 0.05876317276 0.9726073734 -0.2249039501
vn 0.04323847823 0.9733518457 -0.2252035045
vn 0.04345571973 0.9728424891 -0.2273523516
vn 0.05876317657 0.9726073727 -0.2249039522
vn 0.04345572139 0.9728424888 -0.2273523525
vn 0.04291971633 0.9728738255 -0.2273200773
vn 0.920648757 -0.2863978072 0.2652963669
vn 0.920648757 -0.2863978072 0.2652963669
vn 0.920648757 -0.2863978072 0.2652963669
vn 0.9018382851 -0.3039357382 0.3071005936
vn 0.9018382851 -0.3039357382 0.3071005936
vn 0.9018382851 -0.3039357382 0.3071005936
vn 0.920649054 -0.2863972876 0.2652958971
vn 0.920649054 -0.2863972876 0.2652958971
vn 0.920649054 -0.2863972876 0.2652958971
vn 0.8984735793 -0.2856971885 0.333350182
vn 0.8984735793 -0.2856971885 0.333350182
vn 0.8984735793 -0.2856971885 0.333350182
vn 0.901837933 -0.3039345473 0.3071028061
vn 0.901837933 -0.3039345473 0.3071028061
vn 0.901837933 -0.3039345473 0.3071028061
vn 0.9224209876 -0.3041311501 0.2379995067
vn 0.9224209876 -0.3041311501 0.2379995067
vn 0.9224209876 -0.3041311501 0.2379995067
vn 0.04323847823 0.9733518457 -0.2252035045
vn 0.04845847772 0.9742724708 -0.2201020865
vn 0.04271004649 0.9738204124 -0.2232703658
vn 0.04271004649 0.9738204124 -0.2232703658
vn 0.04845847772 0.9742724708 -0.2201020865
vn 0.04256144767 0.9739074578 -0.2229187898
vn 0.9224211386 -0.3041320041 0.23799783
vn 0.9224211386 -0.3041320041 0.23799783
vn 0.9224211386 -0.3041320041 0.23799783
vn 0.042561447 0.9739074583 -0.2229187876
vn 0.04845847638 0.9742724719 -0.2201020821
vn 0.03053045591 0.9823089594 -0.1847620079
vn 0.9380652572 -0.2857751803 0.1958727125
vn 0.9380652572 -0.2857751803 0.1958727125
vn 0.9380652572 -0.2857751803 0.1958727125
vn 0.0280897257 0.9837455762 -0.1773572907
vn 0.03053045591 0.9823089594 -0.1847620079
vn 0.00843751043 0.9931882974 -0.1162145188
vn 0.9499922313 -0.2874357616 0.12204689
vn 0.9499922313 -0.2874357616 0.12204689
vn 0.9499922313 -0.2874357616 0.12204689
vn 0.956398551 -0.2892047714 0.04077268417
vn 0.956398551 -0.2892047714 0.04077268417
vn 0.956398551 -0.2892047714 0.04077268417
vn 0.04845847263 0.9742724724 -0.2201020808
vn 0.004868894106 0.9955364421 -0.09425224881
vn 0.008437512372 0.9931882973 -0.1162145196
vn 0.00486889323 0.9955364423 -0.09425224648
vn -0.002848324332 0.9988513319 -0.04783203817
vn 0.008437511922 0.9931882972 -0.1162145204
vn 0.9379158767 -0.3070757601 0.1613018467
vn 0.9379158767 -0.3070757601 0.1613018467
vn 0.9379158767 -0.3070757601 0.1613018467
vn 0.9379158043 -0.3070758102 0.1613021725
vn 0.9379158043 -0.3070758102 0.1613021725
vn 0.9379158043 -0.3070758102 0.1613021725
vn 0.9468925262 -0.3108567365 0.08223523112
vn 0.9468925262 -0.3108567365 0.08223523112
vn 0.9468925262 -0.3108567365 0.08223523112
vn 0.0280897257 0.9837455762 -0.1773572907
vn 0.00843751043 0.9931882974 -0.1162145188
vn 0.0141333876 0.9905061285 -0.1367401065
vn 0.9220026595 -0.3512666443 0.1628583449
vn 0.9220026595 -0.3512666443 0.1628583449
vn 0.9220026595 -0.3512666443 0.1628583449
vn 0.0141333876 0.9905061285 -0.1367401065
vn 0.00843751043 0.9931882974 -0.1162145188
vn 0.009842605827 0.9921935545 -0.1243184359
vn 0.9219998236 -0.3512749143 0.1628565619
vn 0.9219998236 -0.3512749143 0.1628565619
vn 0.9219998236 -0.3512749143 0.1628565619
vn 0.008437512763 0.9931882973 -0.1162145189
vn 0.009679250792 0.9929836279 -0.1178551098
vn 0.009842605267 0.9921935545 -0.1243184359
vn 0.008437513357 0.9931882972 -0.1162145198
vn 0.008975144265 0.9935143457 -0.1133520695
vn 0.009671614345 0.9930812773 -0.1170300672
vn 0.008437512763 0.9931882973 -0.1162145189
vn 0.00967161414 0.9930812774 -0.1170300664
vn 0.009679250792 0.9929836279 -0.1178551098
vn 0.9188670237 -0.3754883215 0.1212102023
vn 0.9188670237 -0.3754883215 0.1212102023
vn 0.9188670237 -0.3754883215 0.1212102023
vn 0.9188669506 -0.3754865722 0.1212161754
vn 0.9188669506 -0.3754865722 0.1212161754
vn 0.9188669506 -0.3754865722 0.1212161754
vn 0.9309460861 -0.3558402223 0.08195804422
vn 0.9309460861 -0.3558402223 0.08195804422
vn 0.9309460861 -0.3558402223 0.08195804422
vn 0.008437513357 0.9931882972 -0.1162145198
vn -0.002848321632 0.9988513319 -0.04783203713
vn 0.008975144265 0.9935143457 -0.1133520695
vn 0.00486889323 0.9955364423 -0.09425224648
vn -0.007505445649 0.9997814107 -0.01951407617
vn -0.007020165185 0.9997229387 -0.02246693277
vn 0.00486889323 0.9955364423 -0.09425224648
vn -0.007020165185 0.9997229387 -0.02246693277
vn -0.002848324332 0.9988513319 -0.04783203817
vn 0.00486889323 0.9955364423 -0.09425224648
vn -0.01662313587 0.9992111809 0.03606504383
vn -0.007505445649 0.9997814107 -0.01951407617
vn 0.950084502 -0.3119926908 0
vn 0.950084502 -0.3119926908 0
vn 0.950084502 -0.3119926908 0
vn 0.9309438916 -0.3558459102 0.08195827512
vn 0.9309438916 -0.3558459102 0.08195827512
vn 0.9309438916 -0.3558459102 0.08195827512
vn 0.9309452445 -0.3558422593 0.08195876007
vn 0.9309452445 -0.3558422593 0.08195876007
vn 0.9309452445 -0.3558422593 0.08195876007
vn 0.9246319337 -0.37862836 0.04118679668
vn 0.9246319337 -0.37862836 0.04118679668
vn 0.9246319337 -0.37862836 0.04118679668
vn 0.934170882 -0.3568259565 0
vn 0.934170882 -0.3568259565 0
vn 0.934170882 -0.3568259565 0
vn 0.9341738763 -0.3568181173 -2.408587616e-07
vn 0.9341738763 -0.3568181173 -2.408587616e-07
vn 0.9341738763 -0.3568181173 -2.408587616e-07
vn 0.9341379379 -0.3569121923 4.430208173e-06
vn 0.9341379379 -0.3569121923 4.430208173e-06
vn 0.9341379379 -0.3569121923 4.430208173e-06
vn 0.9341913399 -0.3567723931 -2.239047286e-06
vn 0.9341913399 -0.3567723931 -2.239047286e-06
vn 0.9341913399 -0.3567723931 -2.239047286e-06
vn 0.02559124715 0.03568539797 -0.999035355
vn 0.0176988241 0.1390961614 -0.9901207045
vn -0.004875820659 0.02376247105 -0.9997057424
vn 0.02559124872 0.03568540095 -0.9990353548
vn 0.01151842153 0.2089109231 -0.9778668376
vn 0.01769880495 0.1390961761 -0.9901207028
vn 0.0115184294 0.2089108883 -0.977866845
vn -0.04205417246 0.4296925989 -0.9019954085
vn 0.01769881997 0.1390961124 -0.9901207115
vn -0.004875848163 0.02376246389 -0.9997057424
vn 0.0176988606 0.1390961704 -0.9901207026
vn -0.06727116523 0.1007383734 -0.9926360715
vn -0.004875838743 0.023762502 -0.9997057416
vn -0.06727116592 0.1007383823 -0.9926360706
vn -0.06199824465 0.07644484011 -0.9951444137
vn 0.8274017502 -0 0.5616104912
vn 0.8274017502 -0 0.5616104912
vn 0.8274017502 -0 0.5616104912
vn 0.8429293617 -0.04065183158 0.5364862718
vn 0.8429293617 -0.04065183158 0.5364862718
vn 0.8429293617 -0.04065183158 0.5364862718
vn 0.8121416021 0 0.5834603826
vn 0.8121416021 0 0.5834603826
vn 0.8121416021 0 0.5834603826
vn 0.01769887809 0.1390961004 -0.9901207121
vn -0.0475170563 0.4284732392 -0.9023041686
vn -0.06727115314 0.1007383203 -0.9926360777
vn -0.06727117487 0.1007383345 -0.9926360748
vn -0.04751705491 0.4284731698 -0.9023042016
vn -0.1232493274 0.2793031369 -0.9522601331
vn 0.8373356424 -0.06595876799 0.5426955526
vn 0.8373356424 -0.06595876799 0.5426955526
vn 0.8373356424 -0.06595876799 0.5426955526
vn 0.8095095036 -0.08118833992 0.5814660928
vn 0.8095095036 -0.08118833992 0.5814660928
vn 0.8095095036 -0.08118833992 0.5814660928
vn 0.8680534043 -0.02512431585 0.4958347064
vn 0.8680534043 -0.02512431585 0.4958347064
vn 0.8680534043 -0.02512431585 0.4958347064
vn 0.878100254 -0.04076489689 0.476737
vn 0.878100254 -0.04076489689 0.476737
vn 0.878100254 -0.04076489689 0.476737
vn 0.01151841617 0.2089108803 -0.9778668469
vn 0.02657507975 0.4288327365 -0.9029929398
vn -0.04205420534 0.4296926007 -0.9019954062
vn 0.01769881997 0.1390961124 -0.9901207115
vn -0.04205417246 0.4296925989 -0.9019954085
vn -0.04235332656 0.4283785584 -0.90260623
vn 0.03400436461 0.5415890295 -0.8399553716
vn 0.02609976263 0.7609239338 -0.6483159487
vn -0.03286874475 0.5124876114 -0.8580653202
vn -0.03286879009 0.5124876899 -0.8580652716
vn 0.02609974905 0.7609239527 -0.6483159271
vn -0.1015806479 0.6563504503 -0.747586422
vn 0.01769887809 0.1390961004 -0.9901207121
vn -0.04235335737 0.4283785639 -0.9026062259
vn -0.0475170563 0.4284732392 -0.9023041686
vn 0 1 0
vn 0 1 0
vn 0 1 0
vn 0 1 0
vn 0 1 0
vn 0 1 0
vn 0 0 -1
vn 0 0 -1
vn 0 0 -1
vn -0.04751705491 0.4284731698 -0.9023042016
vn -0.0656848655 0.4058276632 -0.9115862034
vn -0.1232493274 0.2793031369 -0.9522601331
vn -0.06568487169 0.405827728 -0.9115861741
vn -0.121003435 0.3521305255 -0.9280960412
vn -0.1232493348 0.27930316 -0.9522601253
vn -0 1 0
vn -0 1 0
vn -0 1 0
vn -0 1 0
vn -0 1 0
vn -0 1 0
vn 0 0 -1
vn 0 0 -1
vn 0 0 -1
vn -0.03286879009 0.5124876899 -0.8580652716
vn -0.1015806479 0.6563504503 -0.747586422
vn -0.07393336504 0.5537651377 -0.8293841268
vn -0.07393334764 0.5537650564 -0.8293841827
vn -0.101580632 0.6563503696 -0.7475864951
vn -0.111944318 0.5296649359 -0.8407874436
vn -0.1119443171 0.5296650194 -0.8407873911
vn -0.101580632 0.6563504559 -0.7475864192
vn -0.1362101753 0.5862188447 -0.7986202191
vn 0 0 -1
vn 0 0 -1
vn 0 0 -1
vn -0.101580648 0.6563504264 -0.7475864429
vn -0.1698045284 0.5955661771 -0.7851543484
vn -0.1362101906 0.5862188109 -0.7986202412
vn 0.8153163469 -0.147003914 0.5600438409
vn 0.8153163469 -0.147003914 0.5600438409
vn 0.8153163469 -0.147003914 0.5600438409
vn 0.8751839586 -0.09075023439 0.4752025184
vn 0.8751839586 -0.09075023439 0.4752025184
vn 0.8751839586 -0.09075023439 0.4752025184
vn 0.8841401991 -0.1067397083 0.4548656319
vn 0.8841401991 -0.1067397083 0.4548656319
vn 0.8841401991 -0.1067397083 0.4548656319
vn 0.850082401 -0.106263853 0.5158177052
vn 0.850082401 -0.106263853 0.5158177052
vn 0.850082401 -0.106263853 0.5158177052
vn 0.878165906 -0.155917261 0.4522327379
vn 0.878165906 -0.155917261 0.4522327379
vn 0.878165906 -0.155917261 0.4522327379
vn 0.8531283195 -0.1713913395 0.4927444361
vn 0.8531283195 -0.1713913395 0.4927444361
vn 0.8531283195 -0.1713913395 0.4927444361
vn 0.8430487611 -0.1321353299 0.5213530866
vn 0.8430487611 -0.1321353299 0.5213530866
vn 0.8430487611 -0.1321353299 0.5213530866
vn -0.06199824059 0.07644483234 -0.9951444145
vn -0.06727115916 0.1007383699 -0.9926360723
vn -0.07163559955 0.05681376134 -0.9958114969
vn -0.06199823726 0.0764448303 -0.9951444149
vn -0.07163560184 0.05681376486 -0.9958114966
vn -0.02280959383 -0.002731787942 -0.9997360951
vn 0.7591651643 -0 0.6508980361
vn 0.7591651643 -0 0.6508980361
vn 0.7591651643 -0 0.6508980361
vn 0.7770791472 -0.04057252327 0.628093838
vn 0.7770791472 -0.04057252327 0.628093838
vn 0.7770791472 -0.04057252327 0.628093838
vn 0.7939957743 -0.04057283685 0.6065678489
vn 0.7939957743 -0.04057283685 0.6065678489
vn 0.7939957743 -0.04057283685 0.6065678489
vn -0.06727115526 0.100738358 -0.9926360737
vn -0.1232493508 0.2793031104 -0.9522601378
vn -0.07163560032 0.05681376367 -0.9958114967
vn -0.07163559889 0.05681376455 -0.9958114968
vn -0.1232493667 0.2793031031 -0.9522601379
vn -0.0635306559 0.2645340091 -0.9622814629
vn 0.75676494 -0.08088827309 0.6486631737
vn 0.75676494 -0.08088827309 0.6486631737
vn 0.75676494 -0.08088827309 0.6486631737
vn -0.02280958665 -0.002731814523 -0.9997360952
vn -0.007927836811 0.009842321775 -0.9999201359
vn -0.01020444035 -0.01407114407 -0.9998489247
vn 0.7407973449 0 0.6717285864
vn 0.7407973449 0 0.6717285864
vn 0.7407973449 0 0.6717285864
vn -0.02280958665 -0.002731814523 -0.9997360952
vn -0.007243493772 0.01522336645 -0.9998578804
vn -0.007927836811 0.009842321775 -0.9999201359
vn 0.7407981392 7.06819386e-07 0.6717277104
vn 0.7407981392 7.06819386e-07 0.6717277104
vn 0.7407981392 7.06819386e-07 0.6717277104
vn -0.02280961304 -0.002731806803 -0.9997360946
vn -0.07163560032 0.05681376302 -0.9958114968
vn -0.007243479099 0.01522336798 -0.9998578804
vn 0.7204774557 -0.04032795347 0.6923047682
vn 0.7204774557 -0.04032795347 0.6923047682
vn 0.7204774557 -0.04032795347 0.6923047682
vn -0.007243479099 0.01522336798 -0.9998578804
vn -0.07163560032 0.05681376302 -0.9958114968
vn -0.02290025991 0.03549810575 -0.9991073329
vn 0.7204836863 -0.04031159424 0.6922992367
vn 0.7204836863 -0.04031159424 0.6922992367
vn 0.7204836863 -0.04031159424 0.6922992367
vn -0.07163559863 0.0568137643 -0.9958114968
vn -0.0635306578 0.2645340141 -0.9622814614
vn -0.02035195052 0.1048759024 -0.9942770455
vn -0.07163559863 0.0568137643 -0.9958114968
vn -0.02035195052 0.1048759024 -0.9942770455
vn -0.02290026187 0.03549809791 -0.9991073331
vn 0.7204838077 -0.04031692173 0.6922988001
vn 0.7204838077 -0.04031692173 0.6922988001
vn 0.7204838077 -0.04031692173 0.6922988001
vn 0.7204909449 -0.04033421345 0.692290365
vn 0.7204909449 -0.04033421345 0.692290365
vn 0.7204909449 -0.04033421345 0.692290365
vn 0.7383297587 -0.08101469435 0.6695564104
vn 0.7383297587 -0.08101469435 0.6695564104
vn 0.7383297587 -0.08101469435 0.6695564104
vn -0.02035192434 0.1048759102 -0.9942770452
vn -0.06353064395 0.2645340182 -0.9622814612
vn -0.02151824317 0.112499952 -0.9934187063
vn 0.7383321189 -0.08101553566 0.669553706
vn 0.7383321189 -0.08101553566 0.669553706
vn 0.7383321189 -0.08101553566 0.669553706
vn -0.02151824317 0.112499952 -0.9934187063
vn -0.06353064395 0.2645340182 -0.9622814612
vn -0.03799204751 0.2277901853 -0.9729687743
vn 0.7383304876 -0.08101533518 0.6695555291
vn 0.7383304876 -0.08101533518 0.6695555291
vn 0.7383304876 -0.08101533518 0.6695555291
vn 0.738297241 -0.08100201314 0.6695938005
vn 0.738297241 -0.08100201314 0.6695938005
vn 0.738297241 -0.08100201314 0.6695938005
vn 0.7567646556 -0.08088837399 0.6486634928
vn 0.7567646556 -0.08088837399 0.6486634928
vn 0.7567646556 -0.08088837399 0.6486634928
vn -0.1232493249 0.2793031093 -0.9522601415
vn -0.1210034434 0.3521305348 -0.9280960366
vn -0.1342614755 0.3617056013 -0.9225740697
vn -0 1 0
vn -0 1 0
vn -0 1 0
vn 0 1 0
vn 0 1 0
vn 0 1 0
vn -0.1232493733 0.2793031416 -0.9522601257
vn -0.1342614593 0.3617055927 -0.9225740755
vn -0.09880058794 0.371792828 -0.9230430851
vn -0 1 0
vn -0 1 0
vn -0 1 0
vn 0 -0 -1
vn 0 -0 -1
vn 0 -0 -1
vn 0 0 -1
vn 0 0 -1
vn 0 0 -1
vn -0.1232493733 0.2793031416 -0.9522601257
vn -0.09880058794 0.371792828 -0.9230430851
vn -0.06353063436 0.2645338939 -0.962281496
vn 0 1 0
vn 0 1 0
vn 0 1 0
vn -0.09880052356 0.3717930112 -0.9230430182
vn -0.09731326028 0.3315319035 -0.9384118106
vn -0.06353060066 0.2645339923 -0.9622814711
vn -0 1 0
vn -0 1 0
vn -0 1 0
vn 0.7567641478 -0.08088485545 0.648664524
vn 0.7567641478 -0.08088485545 0.648664524
vn 0.7567641478 -0.08088485545 0.648664524
vn 0.7722398236 -0.1214004794 0.6236245493
vn 0.7722398236 -0.1214004794 0.6236245493
vn 0.7722398236 -0.1214004794 0.6236245493
vn 0 0 -1
vn 0 0 -1
vn 0 0 -1
vn 0.8024759978 -0.107060638 0.5870011011
vn 0.8024759978 -0.107060638 0.5870011011
vn 0.8024759978 -0.107060638 0.5870011011
vn -0.101580648 0.6563504264 -0.7475864429
vn -0.2104997963 0.7506451324 -0.626276074
vn -0.1698045284 0.5955661771 -0.7851543484
vn -0.1698046254 0.5955663164 -0.7851542217
vn -0.2104997938 0.7506451261 -0.6262760825
vn -0.1804834494 0.5359231798 -0.8247497013
vn -0.1015806859 0.6563504651 -0.7475864038
vn -0.04177893519 0.7797413446 -0.6247062959
vn -0.2104998475 0.7506451608 -0.6262760229
vn 0 0 -1
vn 0 0 -1
vn 0 0 -1
vn 0.7637185053 -0.1474801229 0.6284772534
vn 0.7637185053 -0.1474801229 0.6284772534
vn 0.7637185053 -0.1474801229 0.6284772534
vn 0 0 -1
vn 0 0 -1
vn 0 0 -1
vn 0.7722390423 -0.1214022117 0.6236251795
vn 0.7722390423 -0.1214022117 0.6236251795
vn 0.7722390423 -0.1214022117 0.6236251795
vn -0.1804835612 0.5359232054 -0.8247496602
vn -0.4958341221 0.7189960176 -0.4870248967
vn -0.2631190425 0.5539463754 -0.7898808661
vn -0.1804835612 0.5359232054 -0.8247496602
vn -0.2104997992 0.7506451242 -0.6262760829
vn -0.4958341221 0.7189960176 -0.4870248967
vn -0.2105001611 0.7506451381 -0.6262759446
vn -0.159751711 0.7771954384 -0.6086432792
vn -0.1680779234 0.7771329186 -0.6064769068
vn -0.2105001611 0.7506451381 -0.6262759446
vn -0.4480173259 0.7394329776 -0.5025130319
vn -0.4958345968 0.7189958602 -0.4870246458
vn -0.2105001611 0.7506451381 -0.6262759446
vn -0.1680779234 0.7771329186 -0.6064769068
vn -0.4480173259 0.7394329776 -0.5025130319
vn -0.2631188631 0.5539460011 -0.7898811884
vn -0.4958342319 0.7189961188 -0.4870246355
vn -0.413276478 0.4008323411 -0.8176404999
vn 0.7637164685 -0.1474826857 0.6284791271
vn 0.7637164685 -0.1474826857 0.6284791271
vn 0.7637164685 -0.1474826857 0.6284791271
vn -0.3976397253 -0.1655241238 -0.902487902
vn -0.5229329964 -0.712260552 -0.4682157488
vn -0.2655923136 -0.3157957095 -0.910897246
vn -0.3976388196 -0.1655237876 -0.9024883627
vn -0.7171793154 -0.6845808571 0.1303950905
vn -0.5229328613 -0.7122604483 -0.4682160573
vn -0.6307367118 0.6837128787 0.3670257482
vn -0.6128088065 0.7208211757 0.3238552135
vn -0.5688705922 0.7445633092 0.349301772
vn 0.7766574864 -0.1873824832 0.6014074773
vn 0.7766574864 -0.1873824832 0.6014074773
vn 0.7766574864 -0.1873824832 0.6014074773
vn 0.7766894146 -0.1874863582 0.6013338663
vn 0.7766894146 -0.1874863582 0.6013338663
vn 0.7766894146 -0.1874863582 0.6013338663
vn -0.2104998493 0.7506451587 -0.6262760247
vn -0.1264797454 0.7825849185 -0.6095602672
vn -0.1597515009 0.7771954456 -0.6086433252
vn 0 1 0
vn 0 1 0
vn 0 1 0
vn -0.06353060684 0.2645339639 -0.9622814785
vn -0.09731326256 0.331531892 -0.9384118145
vn -0.08055268265 0.3106738508 -0.9470971565
vn -0.06353060684 0.2645339639 -0.9622814785
vn -0.08055268265 0.3106738508 -0.9470971565
vn -0.03799206283 0.2277902105 -0.9729687678
vn -0.09731326256 0.331531892 -0.9384118145
vn -0.08217165712 0.3137980085 -0.9459273908
vn -0.08055268265 0.3106738508 -0.9470971565
vn 0 0 -1
vn 0 0 -1
vn 0 0 -1
vn 0 0 -1
vn 0 0 -1
vn 0 0 -1
vn 0.7637202471 -0.1474796977 0.6284752365
vn 0.7637202471 -0.1474796977 0.6284752365
vn 0.7637202471 -0.1474796977 0.6284752365
vn -0.3976388196 -0.1655237876 -0.9024883627
vn -0.3952000846 -0.1455250631 -0.9069946798
vn -0.7171793154 -0.6845808571 0.1303950905
vn -0 -0 -1
vn -0 -0 -1
vn -0 -0 -1
vn 0 0 -1
vn 0 0 -1
vn 0 0 -1
vn 0.7637209616 -0.1474776519 0.6284748483
vn 0.7637209616 -0.1474776519 0.6284748483
vn 0.7637209616 -0.1474776519 0.6284748483
vn 0.7637239397 -0.1474731375 0.6284722887
vn 0.7637239397 -0.1474731375 0.6284722887
vn 0.7637239397 -0.1474731375 0.6284722887
vn 0 0 -1
vn 0 0 -1
vn 0 0 -1
vn 0.02609976492 0.7609239318 -0.6483159509
vn 0.02015133777 0.9218731902 -0.386967369
vn -0.006138505876 0.860708255 -0.5090615077
vn -0.1015805987 0.6563504064 -0.7475864673
vn 0.02609978481 0.760923928 -0.6483159547
vn -0.041778866 0.7797413038 -0.6247063514
vn 0.02609976492 0.7609239318 -0.6483159509
vn -0.006138505876 0.860708255 -0.5090615077
vn -0.01133655643 0.8220060343 -0.5693659299
vn 0.02609978481 0.760923928 -0.6483159547
vn -0.02880878399 0.7910325 -0.6110954409
vn -0.041778866 0.7797413038 -0.6247063514
vn 0.8068928545 -0.1730419789 0.5647834938
vn 0.8068928545 -0.1730419789 0.5647834938
vn 0.8068928545 -0.1730419789 0.5647834938
vn 0.8068927645 -0.1730398571 0.5647842725
vn 0.8068927645 -0.1730398571 0.5647842725
vn 0.8068927645 -0.1730398571 0.5647842725
vn 0.02609978481 0.760923928 -0.6483159547
vn -0.01401526101 0.8036970275 -0.5948736508
vn -0.02880878399 0.7910325 -0.6110954409
vn 0.02609976492 0.7609239318 -0.6483159509
vn -0.01133655643 0.8220060343 -0.5693659299
vn -0.01401525508 0.8036970258 -0.5948736532
vn 0.8169728154 -0.2122985766 0.5361760282
vn 0.8169728154 -0.2122985766 0.5361760282
vn 0.8169728154 -0.2122985766 0.5361760282
vn 0.8169738239 -0.2122993731 0.5361741762
vn 0.8169738239 -0.2122993731 0.5361741762
vn 0.8169738239 -0.2122993731 0.5361741762
vn 0.8068932728 -0.1730439433 0.5647822944
vn 0.8068932728 -0.1730439433 0.5647822944
vn 0.8068932728 -0.1730439433 0.5647822944
vn 0.8858119204 -0.1721634321 0.4309257411
vn 0.8858119204 -0.1721634321 0.4309257411
vn 0.8858119204 -0.1721634321 0.4309257411
vn 0.8520077378 -0.2357494962 0.467445173
vn 0.8520077378 -0.2357494962 0.467445173
vn 0.8520077378 -0.2357494962 0.467445173
vn 0.02015133934 0.921873191 -0.386967367
vn 0.01563733726 0.9364282132 -0.3505105921
vn 0.006879386235 0.9292358166 -0.3694231602
vn 0.8414372999 -0.2637510031 0.4716128484
vn 0.8414372999 -0.2637510031 0.4716128484
vn 0.8414372999 -0.2637510031 0.4716128484
vn 0.8770254054 -0.2202877308 0.4269657526
vn 0.8770254054 -0.2202877308 0.4269657526
vn 0.8770254054 -0.2202877308 0.4269657526
vn 0.8837667163 -0.2375962118 0.4031183838
vn 0.8837667163 -0.2375962118 0.4031183838
vn 0.8837667163 -0.2375962118 0.4031183838
vn 0.8447336161 -0.1975520284 0.4973915098
vn 0.8447336161 -0.1975520284 0.4973915098
vn 0.8447336161 -0.1975520284 0.4973915098
vn 0.8169726414 -0.212299691 0.5361758522
vn 0.8169726414 -0.212299691 0.5361758522
vn 0.8169726414 -0.212299691 0.5361758522
vn 0.000911654632 0.8977833407 -0.4404364222
vn 0.02015133909 0.9218731908 -0.3869673675
vn 0.003089152059 0.9082814748 -0.4183482039
vn -0.006138507429 0.8607082543 -0.5090615088
vn 0.02015133909 0.9218731908 -0.3869673675
vn 0.000911654632 0.8977833407 -0.4404364222
vn 0.003089152059 0.9082814748 -0.4183482039
vn 0.02015133909 0.9218731908 -0.3869673675
vn 0.003671036707 0.9113784836 -0.4115528922
vn 0.003671036707 0.9113784836 -0.4115528922
vn 0.02015133909 0.9218731908 -0.3869673675
vn 0.006879387182 0.9292358071 -0.3694231839
vn 0.8414327571 -0.263761491 0.4716150878
vn 0.8414327571 -0.263761491 0.4716150878
vn 0.8414327571 -0.263761491 0.4716150878
vn 0.8064029954 -0.2403028447 0.5403413289
vn 0.8064029954 -0.2403028447 0.5403413289
vn 0.8064029954 -0.2403028447 0.5403413289
vn 0.8146447499 -0.2774978704 0.5092630592
vn 0.8146447499 -0.2774978704 0.5092630592
vn 0.8146447499 -0.2774978704 0.5092630592
vn 0.8414349309 -0.2637578695 0.4716132349
vn 0.8414349309 -0.2637578695 0.4716132349
vn 0.8414349309 -0.2637578695 0.4716132349
vn 0.02015133962 0.9218731882 -0.3869673739
vn 0.02994523455 0.9666411909 -0.2543778507
vn 0.02198276475 0.9509733786 -0.3084905043
vn 0.02015134133 0.921873189 -0.3869673718
vn 0.02189689651 0.9507714392 -0.3091184179
vn 0.01563733727 0.9364282134 -0.3505105917
vn 0.02015134133 0.921873189 -0.3869673718
vn 0.02198276823 0.9509733799 -0.3084905
vn 0.02198203908 0.9509714693 -0.3084964416
vn 0.02015134133 0.921873189 -0.3869673718
vn 0.02198203908 0.9509714693 -0.3084964416
vn 0.02189689651 0.9507714392 -0.3091184179
vn 0.841428816 -0.2637755711 0.4716142446
vn 0.841428816 -0.2637755711 0.4716142446
vn 0.841428816 -0.2637755711 0.4716142446
vn 0.8716710256 -0.2836179264 0.399687997
vn 0.8716710256 -0.2836179264 0.399687997
vn 0.8716710256 -0.2836179264 0.399687997
vn 0.8716527431 -0.283665876 0.3996938406
vn 0.8716527431 -0.283665876 0.3996938406
vn 0.8716527431 -0.283665876 0.3996938406
vn 0.8716711021 -0.2836174413 0.3996881743
vn 0.8716711021 -0.2836174413 0.3996881743
vn 0.8716711021 -0.2836174413 0.3996881743
vn 0.8765831397 -0.3020307057 0.3746724598
vn 0.8765831397 -0.3020307057 0.3746724598
vn 0.8765831397 -0.3020307057 0.3746724598
vn 0.8468277898 -0.2989952332 0.4398687814
vn 0.8468277898 -0.2989952332 0.4398687814
vn 0.8468277898 -0.2989952332 0.4398687814
vn 0.8724613289 -0.2831174771 0.3983161103
vn 0.8724613289 -0.2831174771 0.3983161103
vn 0.8724613289 -0.2831174771 0.3983161103
vn -0.2744944759 -0.7334567958 -0.6218471769
vn -0.2734664162 -0.7352608748 -0.6201673687
vn -0.2776789869 -0.7345240193 -0.6191678652
vn -0.4170976455 0.03429011737 0.9082145903
vn -0.4272027416 0.02948099112 0.9036751013
vn -0.2796457607 0.2349604412 0.9309091468
vn 0 0 -1
vn 0 0 -1
vn 0 0 -1
vn -0.4272027742 0.02948106225 0.9036750836
vn -0.2215913808 0.319883446 0.9211795921
vn -0.2796458217 0.2349605978 0.930909089
vn 0 0 -1
vn 0 0 -1
vn 0 0 -1
vn -0.2655919938 -0.315795195 -0.9108975176
vn -0.2776789939 -0.7345239096 -0.6191679923
vn -0.2723637141 -0.7281730759 -0.6289530815
vn -0.2734664103 -0.7352607713 -0.620167494
vn -0.2723637047 -0.7281731633 -0.6289529844
vn -0.2776789844 -0.7345239733 -0.6191679209
vn 0 0 -1
vn 0 0 -1
vn 0 0 -1
vn -0.4272027742 0.02948106225 0.9036750836
vn -0.3149231592 0.4270327666 0.847623985
vn -0.2215913808 0.319883446 0.9211795921
vn -0.5757288174 0.1610005904 0.8016327954
vn -0.3149231409 0.4270326941 0.8476240284
vn -0.4272028324 0.02948111218 0.9036750545
vn -0.2655928966 -0.3157960472 -0.910896959
vn -0.5229327965 -0.7122605392 -0.4682159914
vn -0.277678834 -0.7345237704 -0.619168229
vn -0.5757287776 0.1610005214 0.8016328378
vn -0.4870623412 0.7085288593 0.5106438399
vn -0.314923101 0.4270323385 0.8476242224
vn -0.6307368627 0.6837123296 0.367026512
vn -0.4870622956 0.7085286289 0.5106442032
vn -0.5757286328 0.1610004298 0.8016329603
vn -0.6307368627 0.6837123296 0.367026512
vn -0.5688706343 0.7445630713 0.3493022104
vn -0.4870622956 0.7085286289 0.5106442032
vn 0 0 -1
vn 0 0 -1
vn 0 0 -1
vn -0.314923101 0.4270323385 0.8476242224
vn -0.4870623412 0.7085288593 0.5106438399
vn -0.3709238537 0.7456347799 0.5535740869
vn -0.3149227654 0.4270331444 0.8476239411
vn -0.2002742927 0.3519074127 0.914358453
vn -0.2215915569 0.3198835495 0.9211795138
vn 0 0 -1
vn 0 0 -1
vn 0 0 -1
vn 0 0 -1
vn 0 0 -1
vn 0 0 -1
vn -0.3149227654 0.4270331444 0.8476239411
vn -0.002952866532 0.7393790761 0.6732828992
vn -0.2002742927 0.3519074127 0.914358453
vn 0.7766581537 -0.1873827431 0.6014065345
vn 0.7766581537 -0.1873827431 0.6014065345
vn 0.7766581537 -0.1873827431 0.6014065345
vn -0.2104998475 0.7506451608 -0.6262760229
vn -0.04177893519 0.7797413446 -0.6247062959
vn -0.1264797786 0.7825849203 -0.609560258
vn 0.7766555634 -0.1873835248 0.6014096362
vn 0.7766555634 -0.1873835248 0.6014096362
vn 0.7766555634 -0.1873835248 0.6014096362
vn 0.7637123152 -0.1474866371 0.6284832467
vn 0.7637123152 -0.1474866371 0.6284832467
vn 0.7637123152 -0.1474866371 0.6284832467
vn 0.7637185553 -0.1474813671 0.6284769006
vn 0.7637185553 -0.1474813671 0.6284769006
vn 0.7637185553 -0.1474813671 0.6284769006
vn 0.7313386214 -0.1611572085 0.6627006677
vn 0.7313386214 -0.1611572085 0.6627006677
vn 0.7313386214 -0.1611572085 0.6627006677
vn -0.3149227005 0.4270324405 0.8476243198
vn -0.3709238608 0.7456347068 0.5535741807
vn -0.188621561 0.7353572489 0.6509006246
vn -0.3149227005 0.4270324405 0.8476243198
vn -0.188621561 0.7353572489 0.6509006246
vn -0.1510413042 0.7316087297 0.6647820628
vn -0.3149227005 0.4270324405 0.8476243198
vn -0.1510413042 0.7316087297 0.6647820628
vn -0.04614002033 0.7178131955 0.6947052
vn -0.3149227654 0.4270331444 0.8476239411
vn -0.04613990704 0.7178142379 0.6947041304
vn -0.002952866532 0.7393790761 0.6732828992
vn 0.7313224556 -0.1611626065 0.6627171948
vn 0.7313224556 -0.1611626065 0.6627171948
vn 0.7313224556 -0.1611626065 0.6627171948
vn 0 0 -1
vn 0 0 -1
vn 0 0 -1
vn 0.7207524789 -0.1891756392 0.6668796306
vn 0.7207524789 -0.1891756392 0.6668796306
vn 0.7207524789 -0.1891756392 0.6668796306
vn 0.7207548538 -0.1891723794 0.6668779885
vn 0.7207548538 -0.1891723794 0.6668779885
vn 0.7207548538 -0.1891723794 0.6668779885
vn 0.7207517261 -0.1891755915 0.6668804577
vn 0.7207517261 -0.1891755915 0.6668804577
vn 0.7207517261 -0.1891755915 0.6668804577
vn -0.2002744117 0.3519073358 0.9143584566
vn -0.002952706195 0.7393791427 0.6732828268
vn 0.03698338702 0.6912676481 0.7216517635
vn 0.0192029463 0.750293908 0.6608254675
vn 0.03698338702 0.6912676481 0.7216517635
vn -0.002952706195 0.7393791427 0.6732828268
vn 0.01920309927 0.7502940654 0.6608252843
vn 0.04659928351 0.7271590094 0.6848855976
vn 0.0369834832 0.6912677577 0.7216516536
vn 0.7207549517 -0.1891732255 0.6668776428
vn 0.7207549517 -0.1891732255 0.6668776428
vn 0.7207549517 -0.1891732255 0.6668776428
vn 0 0 -1
vn 0 0 -1
vn 0 0 -1
vn 0.999094787 -0.02477416379 -0.0345810253
vn 0.999094787 -0.02477416379 -0.0345810253
vn 0.999094787 -0.02477416379 -0.0345810253
vn 0.9943125396 -0.02478614141 -0.1035771246
vn 0.9943125396 -0.02478614141 -0.1035771246
vn 0.9943125396 -0.02478614141 -0.1035771246
vn 0.9847706162 -0.02482462962 -0.1720772244
vn 0.9847706162 -0.02482462962 -0.1720772244
vn 0.9847706162 -0.02482462962 -0.1720772244
vn 0.9962249144 -0.04203536018 -0.07595359423
vn 0.9962249144 -0.04203536018 -0.07595359423
vn 0.9962249144 -0.04203536018 -0.07595359423
vn 0.9885003942 -0.04210737042 -0.1452375298
vn 0.9885003942 -0.04210737042 -0.1452375298
vn 0.9885003942 -0.04210737042 -0.1452375298
vn 0.975966767 -0.04184495874 -0.2138641371
vn 0.975966767 -0.04184495874 -0.2138641371
vn 0.975966767 -0.04184495874 -0.2138641371
vn 0.9929350784 -0.09135405412 -0.07572560245
vn 0.9929350784 -0.09135405412 -0.07572560245
vn 0.9929350784 -0.09135405412 -0.07572560245
vn 0.9927764237 -0.112702633 -0.04114716224
vn 0.9927764237 -0.112702633 -0.04114716224
vn 0.9927764237 -0.112702633 -0.04114716224
vn 0.9852303504 -0.09135017582 -0.1448319789
vn 0.9852303504 -0.09135017582 -0.1448319789
vn 0.9852303504 -0.09135017582 -0.1448319789
vn 0.987122216 -0.1086746367 -0.1173863451
vn 0.987122216 -0.1086746367 -0.1173863451
vn 0.987122216 -0.1086746367 -0.1173863451
vn 0.9764697662 -0.1085480298 -0.1863440929
vn 0.9764697662 -0.1085480298 -0.1863440929
vn 0.9764697662 -0.1085480298 -0.1863440929
vn 0.9871080632 -0.1546758778 -0.04114661991
vn 0.9871080632 -0.1546758778 -0.04114661991
vn 0.9871080632 -0.1546758778 -0.04114661991
vn 0.980653699 -0.1573198224 -0.1164851759
vn 0.980653699 -0.1573198224 -0.1164851759
vn 0.980653699 -0.1573198224 -0.1164851759
vn 0.9705157889 -0.02483840875 -0.239754368
vn 0.9705157889 -0.02483840875 -0.239754368
vn 0.9705157889 -0.02483840875 -0.239754368
vn 0.9516120478 -0.02501727345 -0.3062819722
vn 0.9516120478 -0.02501727345 -0.3062819722
vn 0.9516120478 -0.02501727345 -0.3062819722
vn 0.9583508331 -0.04233212633 -0.2824387928
vn 0.9583508331 -0.04233212633 -0.2824387928
vn 0.9583508331 -0.04233212633 -0.2824387928
vn 0.9358820593 -0.04107804389 -0.3499105107
vn 0.9358820593 -0.04107804389 -0.3499105107
vn 0.9358820593 -0.04107804389 -0.3499105107
vn 0.97273992 -0.09126563361 -0.2131845026
vn 0.97273992 -0.09126563361 -0.2131845026
vn 0.97273992 -0.09126563361 -0.2131845026
vn 0.9605743019 -0.1087565315 -0.2558691606
vn 0.9605743019 -0.1087565315 -0.2558691606
vn 0.9605743019 -0.1087565315 -0.2558691606
vn 0.9551812234 -0.09043624112 -0.281868971
vn 0.9551812234 -0.09043624112 -0.281868971
vn 0.9551812234 -0.09043624112 -0.281868971
vn 0.9327818457 -0.09089278236 -0.3487929621
vn 0.9327818457 -0.09089278236 -0.3487929621
vn 0.9327818457 -0.09089278236 -0.3487929621
vn 0.9395208674 -0.1082044214 -0.3249497544
vn 0.9395208674 -0.1082044214 -0.3249497544
vn 0.9395208674 -0.1082044214 -0.3249497544
vn 0.9700005182 -0.1571931834 -0.1854435165
vn 0.9700005182 -0.1571931834 -0.1854435165
vn 0.9700005182 -0.1571931834 -0.1854435165
vn 0.95426519 -0.1571194361 -0.2543451
vn 0.95426519 -0.1571194361 -0.2543451
vn 0.95426519 -0.1571194361 -0.2543451
vn 0.9332111298 -0.1565677216 -0.3234246987
vn 0.9332111298 -0.1565677216 -0.3234246987
vn 0.9332111298 -0.1565677216 -0.3234246987
vn 0.01587484834 0.1539968543 0.9879438031
vn 0.04036162757 0.3723739577 0.9272047102
vn 0.01698646809 0.3509566047 0.9362376416
vn 0.0158748487 0.1539968559 0.9879438028
vn 0.03596550452 0.1620895663 0.9861204059
vn 0.04036162739 0.3723739573 0.9272047104
vn 0.01698646877 0.3509566293 0.9362376324
vn 0.0507583487 0.671682691 0.739098067
vn 0.02296968203 0.6603238357 0.7506296195
vn 0.01698646908 0.3509566306 0.9362376319
vn 0.04036162768 0.3723739654 0.9272047071
vn 0.05075834703 0.6716826902 0.7390980679
vn 0.02296968216 0.6603238392 0.7506296164
vn 0.05075834909 0.6716827097 0.73909805
vn 0.05064952271 0.8011119744 0.5963675296
vn 0.9281574669 -0.02503770775 -0.371344624
vn 0.9281574669 -0.02503770775 -0.371344624
vn 0.9281574669 -0.02503770775 -0.371344624
vn 0.900259361 -0.02510168016 -0.4346297143
vn 0.900259361 -0.02510168016 -0.4346297143
vn 0.900259361 -0.02510168016 -0.4346297143
vn 0.9092154073 -0.04109166346 -0.414293155
vn 0.9092154073 -0.04109166346 -0.414293155
vn 0.9092154073 -0.04109166346 -0.414293155
vn 0.03596550494 0.1620895676 0.9861204057
vn 0.06153637777 0.386387405 0.9202815044
vn 0.04036162749 0.3723739575 0.9272047103
vn 0.03596550429 0.1620895665 0.9861204059
vn 0.05339244275 0.1749334609 0.9831314924
vn 0.06153637714 0.3863874042 0.9202815048
vn 0.9138387054 -0.1069460805 -0.3917414407
vn 0.9138387054 -0.1069460805 -0.3917414407
vn 0.9138387054 -0.1069460805 -0.3917414407
vn 0.9061698056 -0.09085369503 -0.4130398159
vn 0.9061698056 -0.09085369503 -0.4130398159
vn 0.9061698056 -0.09085369503 -0.4130398159
vn 0.9078656207 -0.15612397 -0.3891083663
vn 0.9078656207 -0.15612397 -0.3891083663
vn 0.9078656207 -0.15612397 -0.3891083663
vn 0.04036162758 0.3723739653 0.9272047072
vn 0.06672190018 0.680120351 0.7300578718
vn 0.05075834636 0.6716826898 0.7390980683
vn 0.04036162766 0.3723739657 0.927204707
vn 0.06153637744 0.3863873963 0.9202815081
vn 0.06672189873 0.680120352 0.730057871
vn 0.05075834997 0.6716827118 0.739098048
vn 0.066721897 0.6801203341 0.7300578878
vn 0.05666152432 0.7995338072 0.597942441
vn 0.9804972846 -0.178644647 -0.08192170068
vn 0.9804972846 -0.178644647 -0.08192170068
vn 0.9804972846 -0.178644647 -0.08192170068
vn -0.008564769847 0.9989176841 0.04571766814
vn -0.01440800058 0.993128254 0.1161407797
vn -0.0169287993 0.999081846 0.03935582236
vn -0.03188452424 0.986965227 0.1577435189
vn -0.05517723167 0.9660979862 0.2522105354
vn -0.01514111205 0.9634525058 0.2674509595
vn -0.01440800162 0.9931282541 0.1161407784
vn -0.04932571578 0.985327831 0.1633892263
vn -0.02715473936 0.994489868 0.1012547411
vn -0.02715474234 0.994489868 0.1012547402
vn -0.04932571709 0.985327831 0.1633892258
vn -0.03188452169 0.9869652263 0.1577435238
vn -0.04932571713 0.9853278307 0.1633892277
vn -0.05517723234 0.9660979863 0.2522105348
vn -0.03188452168 0.9869652267 0.1577435213
vn 0.9718658159 -0.1746837102 -0.1579950543
vn 0.9718658159 -0.1746837102 -0.1579950543
vn 0.9718658159 -0.1746837102 -0.1579950543
vn 0.971876081 -0.2206964003 -0.08215827478
vn 0.971876081 -0.2206964003 -0.08215827478
vn 0.971876081 -0.2206964003 -0.08215827478
vn 0.9685786837 -0.2453420862 -0.04077492227
vn 0.9685786837 -0.2453420862 -0.04077492227
vn 0.9685786837 -0.2453420862 -0.04077492227
vn 0.962326139 -0.2222594998 -0.1566177417
vn 0.962326139 -0.2222594998 -0.1566177417
vn 0.962326139 -0.2222594998 -0.1566177417
vn 0.9621727239 -0.2435704752 -0.122053566
vn 0.9621727239 -0.2435704752 -0.122053566
vn 0.9621727239 -0.2435704752 -0.122053566
vn 0.9578319929 -0.174682273 -0.2281314903
vn 0.9578319929 -0.174682273 -0.2281314903
vn 0.9578319929 -0.174682273 -0.2281314903
vn 0.9386242692 -0.1747018557 -0.297428551
vn 0.9386242692 -0.1747018557 -0.297428551
vn 0.9386242692 -0.1747018557 -0.297428551
vn 0.9484165354 -0.2229912233 -0.2253463772
vn 0.9484165354 -0.2229912233 -0.2253463772
vn 0.9484165354 -0.2229912233 -0.2253463772
vn 0.9501562268 -0.2397470858 -0.1993100086
vn 0.9501562268 -0.2397470858 -0.1993100086
vn 0.9501562268 -0.2397470858 -0.1993100086
vn 0.9327400501 -0.2403739444 -0.2687310287
vn 0.9327400501 -0.2403739444 -0.2687310287
vn 0.9327400501 -0.2403739444 -0.2687310287
vn 0.9291734251 -0.2228102594 -0.2949446293
vn 0.9291734251 -0.2228102594 -0.2949446293
vn 0.9291734251 -0.2228102594 -0.2949446293
vn 0.9105671047 -0.2396767899 -0.3367826957
vn 0.9105671047 -0.2396767899 -0.3367826957
vn 0.9105671047 -0.2396767899 -0.3367826957
vn 0.9563985155 -0.289204889 -0.04077268405
vn 0.9563985155 -0.289204889 -0.04077268405
vn 0.9563985155 -0.289204889 -0.04077268405
vn 0.9499922344 -0.2874357567 -0.1220468779
vn 0.9499922344 -0.2874357567 -0.1220468779
vn 0.9499922344 -0.2874357567 -0.1220468779
vn -0.008564769832 0.9989176841 0.04571766799
vn -0.01683721829 0.9991252919 0.03827739825
vn -0.01662313782 0.9992111807 0.03606504631
vn -0.008564769847 0.9989176841 0.04571766814
vn -0.0169287993 0.999081846 0.03935582236
vn -0.01683721824 0.9991252919 0.03827739774
vn -0.01692880053 0.9990818461 0.03935582048
vn -0.01440800107 0.993128254 0.116140779
vn -0.01863292775 0.9985790751 0.04992639444
vn -0.01863292775 0.9985790751 0.04992639444
vn -0.01440800107 0.993128254 0.116140779
vn -0.01913001407 0.9984124201 0.05297812662
vn -0.01913001407 0.9984124201 0.05297812662
vn -0.01440800107 0.993128254 0.116140779
vn -0.01919050576 0.9983933292 0.05331495782
vn -0.01919050576 0.9983933292 0.05331495782
vn -0.01440800107 0.993128254 0.116140779
vn -0.0204991886 0.9979876271 0.06000399476
vn 0.9500847036 -0.3119920767 -1.332624478e-06
vn 0.9500847036 -0.3119920767 -1.332624478e-06
vn 0.9500847036 -0.3119920767 -1.332624478e-06
vn 0.9468924111 -0.3108569469 -0.08223576045
vn 0.9468924111 -0.3108569469 -0.08223576045
vn 0.9468924111 -0.3108569469 -0.08223576045
vn 0.9564025945 -0.2891941964 -0.04075284005
vn 0.9564025945 -0.2891941964 -0.04075284005
vn 0.9564025945 -0.2891941964 -0.04075284005
vn 0.9468925241 -0.3108567574 -0.0822351755
vn 0.9468925241 -0.3108567574 -0.0822351755
vn 0.9468925241 -0.3108567574 -0.0822351755
vn -0.0204991886 0.9979876271 0.06000399476
vn -0.01440800107 0.993128254 0.116140779
vn -0.02715473888 0.994489868 0.1012547414
vn 0.949991925 -0.2874363581 -0.1220478695
vn 0.949991925 -0.2874363581 -0.1220478695
vn 0.949991925 -0.2874363581 -0.1220478695
vn 0.9379170436 -0.3070740247 -0.1612983657
vn 0.9379170436 -0.3070740247 -0.1612983657
vn 0.9379170436 -0.3070740247 -0.1612983657
vn 0.9379155231 -0.3070761531 -0.1613031549
vn 0.9379155231 -0.3070761531 -0.1613031549
vn 0.9379155231 -0.3070761531 -0.1613031549
vn 0.9379158078 -0.3070758665 -0.1613020448
vn 0.9379158078 -0.3070758665 -0.1613020448
vn 0.9379158078 -0.3070758665 -0.1613020448
vn -0.0251332566 0.9954179206 0.09225769756
vn -0.02471021165 0.9957126384 0.08913892039
vn -0.02715474168 0.9944898679 0.1012547418
vn -0.0251332566 0.9954179206 0.09225769756
vn -0.02715474168 0.9944898679 0.1012547418
vn -0.02532259466 0.9952739079 0.09374761068
vn -0.02532259332 0.995273908 0.09374760922
vn -0.02715474049 0.994489868 0.1012547405
vn -0.02726265803 0.9945523009 0.100610478
vn -0.02049918747 0.9979876271 0.06000399461
vn -0.02715474168 0.9944898679 0.1012547418
vn -0.02471021165 0.9957126384 0.08913892039
vn -0.02715474021 0.9944898681 0.1012547402
vn -0.02941499488 0.9918076592 0.124307382
vn -0.027262658 0.9945523009 0.100610478
vn -0.02715474021 0.9944898681 0.1012547402
vn -0.02971660056 0.9913831554 0.1275788495
vn -0.02941499488 0.9918076592 0.124307382
vn 0.9380653554 -0.2857751399 -0.1958723011
vn 0.9380653554 -0.2857751399 -0.1958723011
vn 0.9380653554 -0.2857751399 -0.1958723011
vn -0.03063044248 0.9900559579 0.1372988572
vn -0.02971660056 0.9913831554 0.1275788495
vn -0.03188452108 0.9869652263 0.1577435238
vn -0.02715474021 0.9944898681 0.1012547402
vn -0.03188452108 0.9869652263 0.1577435238
vn -0.02971660056 0.9913831554 0.1275788495
vn -0.03188452378 0.986965227 0.157743519
vn -0.01514111143 0.9634525058 0.2674509595
vn -0.01102558311 0.978310856 0.2068485087
vn 0.9206487381 -0.2863979312 -0.2652962986
vn 0.9206487381 -0.2863979312 -0.2652962986
vn 0.9206487381 -0.2863979312 -0.2652962986
vn 0.9206487386 -0.2863979086 -0.2652963211
vn 0.9206487386 -0.2863979086 -0.2652963211
vn 0.9206487386 -0.2863979086 -0.2652963211
vn -0.008316819187 0.9765646429 0.2150635458
vn -0.01514111242 0.9634525059 0.2674509593
vn 0.001791236073 0.9696390429 0.2445340836
vn 0.9018383259 -0.3039367487 -0.3070994736
vn 0.9018383259 -0.3039367487 -0.3070994736
vn 0.9018383259 -0.3039367487 -0.3070994736
vn 0.9018381155 -0.3039362336 -0.3071006014
vn 0.9018381155 -0.3039362336 -0.3071006014
vn 0.9018381155 -0.3039362336 -0.3071006014
vn 0.8984736048 -0.2856970994 -0.3333501895
vn 0.8984736048 -0.2856970994 -0.3333501895
vn 0.8984736048 -0.2856970994 -0.3333501895
vn 0.8984733296 -0.2856975547 -0.3333505412
vn 0.8984733296 -0.2856975547 -0.3333505412
vn 0.8984733296 -0.2856975547 -0.3333505412
vn 0.9224213132 -0.3041317232 -0.2379975123
vn 0.9224213132 -0.3041317232 -0.2379975123
vn 0.9224213132 -0.3041317232 -0.2379975123
vn 0.9380662113 -0.2857738574 -0.1958700733
vn 0.9380662113 -0.2857738574 -0.1958700733
vn 0.9380662113 -0.2857738574 -0.1958700733
vn 0.9224210733 -0.3041317327 -0.2379984301
vn 0.9224210733 -0.3041317327 -0.2379984301
vn 0.9224210733 -0.3041317327 -0.2379984301
vn 0.9206486952 -0.2863969283 -0.2652975303
vn 0.9206486952 -0.2863969283 -0.2652975303
vn 0.9206486952 -0.2863969283 -0.2652975303
vn -0.03063045104 0.9900559585 0.1372988509
vn -0.03188452415 0.9869652266 0.1577435216
vn -0.02303781496 0.9871005969 0.1584350674
vn -0.03188452415 0.9869652266 0.1577435216
vn -0.02127186658 0.9863675226 0.1631766466
vn -0.02303781496 0.9871005969 0.1584350674
vn -0.03188452378 0.986965227 0.157743519
vn -0.01934454779 0.9849429101 0.1717942149
vn -0.02127186632 0.9863675236 0.1631766408
vn -0.03188452378 0.986965227 0.157743519
vn -0.01102558311 0.978310856 0.2068485087
vn -0.01934454779 0.9849429101 0.1717942149
vn -0.01102558322 0.978310856 0.2068485086
vn -0.01514111242 0.9634525059 0.2674509593
vn -0.008316819187 0.9765646429 0.2150635458
vn -0.02675358828 0.9107650853 0.4120572836
vn 0.01329812701 0.814489152 0.5800263624
vn 0.01707840431 0.8975024572 0.4406786442
vn 0.02296968395 0.6603238346 0.7506296204
vn 0.05064952105 0.8011119777 0.5963675252
vn 0.01329812881 0.8144891546 0.5800263588
vn 0.01707840338 0.8975024577 0.4406786431
vn 0.01329812782 0.8144891515 0.5800263631
vn 0.05064951853 0.8011119738 0.5963675307
vn -0.02675358845 0.910765086 0.4120572819
vn -0.01514111324 0.9634525072 0.2674509544
vn -0.05517723093 0.9660979854 0.2522105385
vn -0.02675358836 0.910765086 0.412057282
vn 0.01707840414 0.8975024577 0.4406786432
vn -0.01514111355 0.9634525078 0.2674509524
vn 0.01707840158 0.8975024576 0.4406786435
vn 0.05064951893 0.8011119738 0.5963675306
vn 0.03911625533 0.8869211466 0.4602616629
vn 0.9146055816 -0.173433732 -0.3652634266
vn 0.9146055816 -0.173433732 -0.3652634266
vn 0.9146055816 -0.173433732 -0.3652634266
vn 0.9050783233 -0.2216074856 -0.3629371173
vn 0.9050783233 -0.2216074856 -0.3629371173
vn 0.9050783233 -0.2216074856 -0.3629371173
vn 0.05075834638 0.6716827083 0.7390980515
vn 0.05666152644 0.7995338087 0.5979424389
vn 0.05064952328 0.8011119746 0.5963675293
vn 0.03911625924 0.8869211442 0.4602616671
vn 0.05064952144 0.8011119718 0.5963675332
vn 0.05666152301 0.7995338035 0.5979424461
vn 0.01707840325 0.8975024586 0.4406786413
vn 0.01717529745 0.9568942656 0.2899282214
vn -0.01514111325 0.9634525076 0.2674509531
vn -0.01514111242 0.9634525059 0.2674509593
vn 0.01219660328 0.9618686825 0.2732396028
vn 0.001791236073 0.9696390429 0.2445340836
vn -0.01514111242 0.9634525059 0.2674509593
vn 0.01410950006 0.9603819058 0.2783298709
vn 0.01219660328 0.9618686825 0.2732396028
vn -0.01514111325 0.9634525076 0.2674509531
vn 0.01717529745 0.9568942656 0.2899282214
vn 0.01410949963 0.9603819062 0.2783298697
vn 0.01707840153 0.8975024582 0.4406786423
vn 0.0391162569 0.8869211462 0.4602616635
vn 0.01717529595 0.9568942655 0.289928222
vn 0.8680535219 -0.02512423969 -0.4958345043
vn 0.8680535219 -0.02512423969 -0.4958345043
vn 0.8680535219 -0.02512423969 -0.4958345043
vn 0.8781002625 -0.04076466094 -0.4767370044
vn 0.8781002625 -0.04076466094 -0.4767370044
vn 0.8781002625 -0.04076466094 -0.4767370044
vn 0.8429293617 -0.04065183158 -0.5364862718
vn 0.8429293617 -0.04065183158 -0.5364862718
vn 0.8429293617 -0.04065183158 -0.5364862718
vn 0.8274017502 0 -0.5616104912
vn 0.8274017502 0 -0.5616104912
vn 0.8274017502 0 -0.5616104912
vn 0.8121412067 0 -0.583460933
vn 0.8121412067 0 -0.583460933
vn 0.8121412067 0 -0.583460933
vn 0.05339244361 0.1749334613 0.9831314923
vn 0.06134621082 0.1937028003 0.9791403717
vn 0.06432021657 0.4019427515 0.9134029419
vn 0.8373355728 -0.06595906698 -0.5426956238
vn 0.8373355728 -0.06595906698 -0.5426956238
vn 0.8373355728 -0.06595906698 -0.5426956238
vn 0.8095092542 -0.08118874691 -0.5814663832
vn 0.8095092542 -0.08118874691 -0.5814663832
vn 0.8095092542 -0.08118874691 -0.5814663832
vn 0.05339244441 0.1749334599 0.9831314925
vn 0.06432021624 0.4019427531 0.9134029412
vn 0.06153637544 0.3863874054 0.9202815045
vn 0.8751839586 -0.09075023439 -0.4752025184
vn 0.8751839586 -0.09075023439 -0.4752025184
vn 0.8751839586 -0.09075023439 -0.4752025184
vn 0.8841401991 -0.1067397083 -0.4548656319
vn 0.8841401991 -0.1067397083 -0.4548656319
vn 0.8841401991 -0.1067397083 -0.4548656319
vn 0.8500822678 -0.1062639314 -0.5158179087
vn 0.8500822678 -0.1062639314 -0.5158179087
vn 0.8500822678 -0.1062639314 -0.5158179087
vn 0.878165906 -0.155917261 -0.4522327379
vn 0.878165906 -0.155917261 -0.4522327379
vn 0.878165906 -0.155917261 -0.4522327379
vn 0.8531283195 -0.1713913395 -0.4927444361
vn 0.8531283195 -0.1713913395 -0.4927444361
vn 0.8531283195 -0.1713913395 -0.4927444361
vn 0.8430487035 -0.1321351255 -0.5213532317
vn 0.8430487035 -0.1321351255 -0.5213532317
vn 0.8430487035 -0.1321351255 -0.5213532317
vn 0.06672190064 0.6801203363 0.7300578854
vn 0.04805396629 0.7871919349 0.6148330455
vn 0.05666152378 0.7995338069 0.5979424414
vn 0.06153637402 0.3863873946 0.9202815091
vn 0.06060243775 0.6819447757 0.7288886523
vn 0.06672190216 0.6801203532 0.7300578696
vn 0.06153637564 0.3863873966 0.9202815082
vn 0.06432021664 0.4019427055 0.9134029621
vn 0.06060243566 0.6819447724 0.7288886556
vn 0.8153164406 -0.1470036124 -0.5600437836
vn 0.8153164406 -0.1470036124 -0.5600437836
vn 0.8153164406 -0.1470036124 -0.5600437836
vn 0.8068928674 -0.1730419406 -0.5647834872
vn 0.8068928674 -0.1730419406 -0.5647834872
vn 0.8068928674 -0.1730419406 -0.5647834872
vn 0.06672189902 0.6801203329 0.7300578887
vn 0.04846175474 0.7838293429 0.6190824012
vn 0.04805396676 0.7871919354 0.6148330449
vn 0.06672189902 0.6801203329 0.7300578887
vn 0.05068612651 0.7645282289 0.642594354
vn 0.04846175474 0.7838293429 0.6190824012
vn 0.06672189902 0.6801203329 0.7300578887
vn 0.06060243991 0.6819447902 0.7288886385
vn 0.05068612651 0.7645282289 0.642594354
vn 0.7939953463 -0.04057283723 -0.6065684091
vn 0.7939953463 -0.04057283723 -0.6065684091
vn 0.7939953463 -0.04057283723 -0.6065684091
vn 0.7591656499 0 -0.6508974697
vn 0.7591656499 0 -0.6508974697
vn 0.7591656499 0 -0.6508974697
vn 0.7770796002 -0.04057252368 -0.6280932776
vn 0.7770796002 -0.04057252368 -0.6280932776
vn 0.7770796002 -0.04057252368 -0.6280932776
vn 0.06134621645 0.1937028049 0.9791403705
vn 0.05409344104 0.3450200029 0.93703527
vn 0.06432021642 0.4019427513 0.913402942
vn 0.7567656651 -0.08088781874 -0.6486623844
vn 0.7567656651 -0.08088781874 -0.6486623844
vn 0.7567656651 -0.08088781874 -0.6486623844
vn 0.06134621539 0.1937028016 0.9791403712
vn 0.05381938493 0.2032036767 0.9776562482
vn 0.05392462852 0.2180924138 0.9744371881
vn 0.06134621539 0.1937028016 0.9791403712
vn 0.05392462852 0.2180924138 0.9744371881
vn 0.05409344131 0.345020004 0.9370352696
vn 0.7407981588 1.908802341e-06 -0.6717276888
vn 0.7407981588 1.908802341e-06 -0.6717276888
vn 0.7407981588 1.908802341e-06 -0.6717276888
vn 0.7407955764 -2.927043206e-06 -0.6717305368
vn 0.7407955764 -2.927043206e-06 -0.6717305368
vn 0.7407955764 -2.927043206e-06 -0.6717305368
vn 0.7204831884 -0.04031549308 -0.6922995278
vn 0.7204831884 -0.04031549308 -0.6922995278
vn 0.7204831884 -0.04031549308 -0.6922995278
vn 0.05409344104 0.3450200029 0.93703527
vn 0.05496184991 0.4004248021 0.9146798199
vn 0.06432021642 0.4019427513 0.913402942
vn 0.7383306231 -0.08101510167 -0.6695554079
vn 0.7383306231 -0.08101510167 -0.6695554079
vn 0.7383306231 -0.08101510167 -0.6695554079
vn 0.7383301347 -0.08101500463 -0.6695559582
vn 0.7383301347 -0.08101500463 -0.6695559582
vn 0.7383301347 -0.08101500463 -0.6695559582
vn 0.06432021999 0.4019427066 0.9134029614
vn 0.05499418535 0.4034482994 0.9133482957
vn 0.0471801007 0.5524339186 0.8322204057
vn 0.06432021642 0.4019427513 0.913402942
vn 0.05496184991 0.4004248021 0.9146798199
vn 0.05499418778 0.4034482679 0.9133483095
vn 0.720483243 -0.04031608137 -0.6922994367
vn 0.720483243 -0.04031608137 -0.6922994367
vn 0.720483243 -0.04031608137 -0.6922994367
vn 0.7383289453 -0.08101127738 -0.6695577208
vn 0.7383289453 -0.08101127738 -0.6695577208
vn 0.7383289453 -0.08101127738 -0.6695577208
vn 0.8024760075 -0.107060087 -0.5870011884
vn 0.8024760075 -0.107060087 -0.5870011884
vn 0.8024760075 -0.107060087 -0.5870011884
vn 0.7722392588 -0.1214001582 -0.6236253112
vn 0.7722392588 -0.1214001582 -0.6236253112
vn 0.7722392588 -0.1214001582 -0.6236253112
vn 0.7567658842 -0.08088872321 -0.648662016
vn 0.7567658842 -0.08088872321 -0.648662016
vn 0.7567658842 -0.08088872321 -0.648662016
vn 0.06432021626 0.4019427054 0.9134029622
vn 0.04830637306 0.5918571546 0.8045940609
vn 0.04919084009 0.6289335738 0.7759012959
vn 0.06432021626 0.4019427054 0.9134029622
vn 0.04919084009 0.6289335738 0.7759012959
vn 0.04981728788 0.6746663229 0.7364398078
vn 0.06432021626 0.4019427054 0.9134029622
vn 0.04981728788 0.6746663229 0.7364398078
vn 0.06060244901 0.6819447781 0.7288886491
vn 0.7722405956 -0.1214022182 -0.6236232548
vn 0.7722405956 -0.1214022182 -0.6236232548
vn 0.7722405956 -0.1214022182 -0.6236232548
vn 0.0511876054 0.7447514454 0.665375919
vn 0.05068612235 0.7645282291 0.642594354
vn 0.06060244818 0.6819447897 0.7288886383
vn 0.7766561262 -0.1873832666 -0.6014089899
vn 0.7766561262 -0.1873832666 -0.6014089899
vn 0.7766561262 -0.1873832666 -0.6014089899
vn 0.7766584784 -0.1873838068 -0.6014057839
vn 0.7766584784 -0.1873838068 -0.6014057839
vn 0.7766584784 -0.1873838068 -0.6014057839
vn 0.0511876054 0.7447514454 0.665375919
vn 0.06060244818 0.6819447897 0.7288886383
vn 0.05134840303 0.711567621 0.7007387975
vn 0.7637180115 -0.147480303 -0.6284778112
vn 0.7637180115 -0.147480303 -0.6284778112
vn 0.7637180115 -0.147480303 -0.6284778112
vn 0.7637181952 -0.1474793602 -0.6284778092
vn 0.7637181952 -0.1474793602 -0.6284778092
vn 0.7637181952 -0.1474793602 -0.6284778092
vn 0.06060244901 0.6819447781 0.7288886491
vn 0.04981728788 0.6746663229 0.7364398078
vn 0.04988266795 0.6815687036 0.7300519308
vn 0.06060244934 0.6819447908 0.7288886372
vn 0.04988266853 0.6815687229 0.7300519128
vn 0.05134840318 0.7115676211 0.7007387973
vn 0.7637794179 -0.1473814098 -0.6284263846
vn 0.7637794179 -0.1473814098 -0.6284263846
vn 0.7637794179 -0.1473814098 -0.6284263846
vn 0.06432021626 0.4019427054 0.9134029622
vn 0.04718010779 0.5524339193 0.8322204048
vn 0.04830637306 0.5918571546 0.8045940609
vn 0.8858119204 -0.1721634321 -0.4309257411
vn 0.8858119204 -0.1721634321 -0.4309257411
vn 0.8858119204 -0.1721634321 -0.4309257411
vn 0.8770253627 -0.2202879386 -0.4269657332
vn 0.8770253627 -0.2202879386 -0.4269657332
vn 0.8770253627 -0.2202879386 -0.4269657332
vn 0.8837666245 -0.2375962764 -0.4031185469
vn 0.8837666245 -0.2375962764 -0.4031185469
vn 0.8837666245 -0.2375962764 -0.4031185469
vn 0.8520077675 -0.2357496765 -0.4674450279
vn 0.8520077675 -0.2357496765 -0.4674450279
vn 0.8520077675 -0.2357496765 -0.4674450279
vn 0.03911625956 0.8869211453 0.460261665
vn 0.03981491749 0.8863686023 0.4612650791
vn 0.02816210291 0.9288864603 0.3692923502
vn 0.8447336161 -0.1975520284 -0.4973915098
vn 0.8447336161 -0.1975520284 -0.4973915098
vn 0.8447336161 -0.1975520284 -0.4973915098
vn 0.8169728784 -0.2122995013 -0.5361755661
vn 0.8169728784 -0.2122995013 -0.5361755661
vn 0.8169728784 -0.2122995013 -0.5361755661
vn 0.03911626097 0.8869211446 0.4602616661
vn 0.04463015596 0.820977825 0.569213106
vn 0.04090052973 0.8732989738 0.4854647764
vn 0.8169737969 -0.2122991095 -0.5361743218
vn 0.8169737969 -0.2122991095 -0.5361743218
vn 0.8169737969 -0.2122991095 -0.5361743218
vn 0.8414361127 -0.2637542726 -0.4716131379
vn 0.8414361127 -0.2637542726 -0.4716131379
vn 0.8414361127 -0.2637542726 -0.4716131379
vn 0.03911626097 0.8869211446 0.4602616661
vn 0.04068799934 0.8758864837 0.4807986631
vn 0.040578436 0.8772271433 0.4783575333
vn 0.03911626097 0.8869211446 0.4602616661
vn 0.04090052973 0.8732989738 0.4854647764
vn 0.04068799934 0.8758864837 0.4807986631
vn 0.03911626097 0.8869211446 0.4602616661
vn 0.040578436 0.8772271433 0.4783575333
vn 0.03981491814 0.8863686029 0.4612650778
vn 0.8063917773 -0.2403338494 -0.5403442813
vn 0.8063917773 -0.2403338494 -0.5403442813
vn 0.8063917773 -0.2403338494 -0.5403442813
vn 0.8414326587 -0.2637594606 -0.471616399
vn 0.8414326587 -0.2637594606 -0.471616399
vn 0.8414326587 -0.2637594606 -0.471616399
vn 0.8146283353 -0.277506205 -0.5092847744
vn 0.8146283353 -0.277506205 -0.5092847744
vn 0.8146283353 -0.277506205 -0.5092847744
vn 0.0391162615 0.8869211447 0.460261666
vn 0.05666152275 0.7995338034 0.5979424463
vn 0.04463014983 0.8209778246 0.569213107
vn 0.05666152275 0.7995338034 0.5979424463
vn 0.04752246608 0.7962713284 0.6030701342
vn 0.04500687309 0.8180444407 0.5733913798
vn 0.05666152275 0.7995338034 0.5979424463
vn 0.04500687309 0.8180444407 0.5733913798
vn 0.04463014983 0.8209778246 0.569213107
vn 0.05666152378 0.7995338069 0.5979424414
vn 0.04805396629 0.7871919349 0.6148330455
vn 0.047522465 0.7962713242 0.6030701399
vn 0.8068925051 -0.173046843 -0.5647825027
vn 0.8068925051 -0.173046843 -0.5647825027
vn 0.8068925051 -0.173046843 -0.5647825027
vn 0.8068928256 -0.1730406819 -0.5647839325
vn 0.8068928256 -0.1730406819 -0.5647839325
vn 0.8068928256 -0.1730406819 -0.5647839325
vn 0.8068928261 -0.1730408705 -0.564783874
vn 0.8068928261 -0.1730408705 -0.564783874
vn 0.8068928261 -0.1730408705 -0.564783874
vn 0.81697588 -0.2123097161 -0.5361669478
vn 0.81697588 -0.2123097161 -0.5361669478
vn 0.81697588 -0.2123097161 -0.5361669478
vn 0.8716712285 -0.2836165417 -0.3996885371
vn 0.8716712285 -0.2836165417 -0.3996885371
vn 0.8716712285 -0.2836165417 -0.3996885371
vn 0.8716708719 -0.2836181978 -0.3996881396
vn 0.8716708719 -0.2836181978 -0.3996881396
vn 0.8716708719 -0.2836181978 -0.3996881396
vn 0.0391162569 0.8869211462 0.4602616635
vn 0.02207417577 0.9470444825 0.3203427524
vn 0.01717529595 0.9568942655 0.289928222
vn 0.8765838544 -0.302032762 -0.3746691298
vn 0.8765838544 -0.302032762 -0.3746691298
vn 0.8765838544 -0.302032762 -0.3746691298
vn 0.8716713591 -0.283617618 -0.3996874885
vn 0.8716713591 -0.283617618 -0.3996874885
vn 0.8716713591 -0.283617618 -0.3996874885
vn 0.8716711466 -0.2836161485 -0.3996889948
vn 0.8716711466 -0.2836161485 -0.3996889948
vn 0.8716711466 -0.2836161485 -0.3996889948
vn 0.871671165 -0.2836170003 -0.3996883503
vn 0.871671165 -0.2836170003 -0.3996883503
vn 0.871671165 -0.2836170003 -0.3996883503
vn 0.03911625956 0.8869211453 0.460261665
vn 0.02572566468 0.9364737116 0.3497930497
vn 0.02207417493 0.9470444826 0.3203427519
vn 0.8468323006 -0.2989692794 -0.4398777383
vn 0.8468323006 -0.2989692794 -0.4398777383
vn 0.8468323006 -0.2989692794 -0.4398777383
vn 0.03911625956 0.8869211453 0.460261665
vn 0.02816210291 0.9288864603 0.3692923502
vn 0.02572566468 0.9364737116 0.3497930497
vn 0.8414340025 -0.2637602964 -0.471613534
vn 0.8414340025 -0.2637602964 -0.471613534
vn 0.8414340025 -0.2637602964 -0.471613534
vn -0.8984735764 -0.2856976368 -0.3333498056
vn -0.8984735764 -0.2856976368 -0.3333498056
vn -0.8984735764 -0.2856976368 -0.3333498056
vn -0.8984743593 -0.2856947279 -0.3333501883
vn -0.8984743593 -0.2856947279 -0.3333501883
vn -0.8984743593 -0.2856947279 -0.3333501883
vn -0.9105671523 -0.2396769033 -0.3367824866
vn -0.9105671523 -0.2396769033 -0.3367824866
vn -0.9105671523 -0.2396769033 -0.3367824866
vn -0.8984757131 -0.2856914319 -0.3333493643
vn -0.8984757131 -0.2856914319 -0.3333493643
vn -0.8984757131 -0.2856914319 -0.3333493643
vn -0.8765912858 -0.3020229455 -0.3746596564
vn -0.8765912858 -0.3020229455 -0.3746596564
vn -0.8765912858 -0.3020229455 -0.3746596564
vn -0.8716766515 -0.2836007019 -0.3996879497
vn -0.8716766515 -0.2836007019 -0.3996879497
vn -0.8716766515 -0.2836007019 -0.3996879497
vn -0.8837676461 -0.2375953217 -0.40311687
vn -0.8837676461 -0.2375953217 -0.40311687
vn -0.8837676461 -0.2375953217 -0.40311687
vn -0.8837665622 -0.2375960297 -0.4031188289
vn -0.8837665622 -0.2375960297 -0.4031188289
vn -0.8837665622 -0.2375960297 -0.4031188289
vn -0.8447336861 -0.19755068 -0.4973919264
vn -0.8447336861 -0.19755068 -0.4973919264
vn -0.8447336861 -0.19755068 -0.4973919264
vn -0.8447336304 -0.1975513844 -0.4973917412
vn -0.8447336304 -0.1975513844 -0.4973917412
vn -0.8447336304 -0.1975513844 -0.4973917412
vn -0.8531280027 -0.1713917138 -0.4927448543
vn -0.8531280027 -0.1713917138 -0.4927448543
vn -0.8531280027 -0.1713917138 -0.4927448543
vn -0.8837666124 -0.2375960871 -0.4031186849
vn -0.8837666124 -0.2375960871 -0.4031186849
vn -0.8837666124 -0.2375960871 -0.4031186849
vn -0.9050782732 -0.2216072905 -0.3629373613
vn -0.9050782732 -0.2216072905 -0.3629373613
vn -0.9050782732 -0.2216072905 -0.3629373613
vn -0.8858118951 -0.1721636537 -0.4309257047
vn -0.8858118951 -0.1721636537 -0.4309257047
vn -0.8858118951 -0.1721636537 -0.4309257047
vn -0.9146054952 -0.1734336925 -0.3652636615
vn -0.9146054952 -0.1734336925 -0.3652636615
vn -0.9146054952 -0.1734336925 -0.3652636615
vn -0.8520076016 -0.2357496129 -0.4674453624
vn -0.8520076016 -0.2357496129 -0.4674453624
vn -0.8520076016 -0.2357496129 -0.4674453624
vn -0.8770254665 -0.2202877533 -0.4269656155
vn -0.8770254665 -0.2202877533 -0.4269656155
vn -0.8770254665 -0.2202877533 -0.4269656155
vn -0.8770253925 -0.2202878356 -0.4269657251
vn -0.8770253925 -0.2202878356 -0.4269657251
vn -0.8770253925 -0.2202878356 -0.4269657251
vn -0.8520079657 -0.2357498307 -0.4674445889
vn -0.8520079657 -0.2357498307 -0.4674445889
vn -0.8520079657 -0.2357498307 -0.4674445889
vn -0.8447336932 -0.1975515107 -0.4973915843
vn -0.8447336932 -0.1975515107 -0.4973915843
vn -0.8447336932 -0.1975515107 -0.4973915843
vn -0.9224209568 -0.3041322032 -0.2379982804
vn -0.9224209568 -0.3041322032 -0.2379982804
vn -0.9224209568 -0.3041322032 -0.2379982804
vn -0.9206486607 -0.2863979519 -0.2652965448
vn -0.9206486607 -0.2863979519 -0.2652965448
vn -0.9206486607 -0.2863979519 -0.2652965448
vn -0.9379159121 -0.3070755908 -0.1613019632
vn -0.9379159121 -0.3070755908 -0.1613019632
vn -0.9379159121 -0.3070755908 -0.1613019632
vn -0.9380654656 -0.2857749833 -0.195872002
vn -0.9380654656 -0.2857749833 -0.195872002
vn -0.9380654656 -0.2857749833 -0.195872002
vn -0.9224208546 -0.304132312 -0.2379985373
vn -0.9224208546 -0.304132312 -0.2379985373
vn -0.9224208546 -0.304132312 -0.2379985373
vn -0.93806556 -0.2857747876 -0.1958718353
vn -0.93806556 -0.2857747876 -0.1958718353
vn -0.93806556 -0.2857747876 -0.1958718353
vn -0.9224209686 -0.3041322422 -0.2379981849
vn -0.9224209686 -0.3041322422 -0.2379981849
vn -0.9224209686 -0.3041322422 -0.2379981849
vn -0.9206486204 -0.2863981591 -0.2652964608
vn -0.9206486204 -0.2863981591 -0.2652964608
vn -0.9206486204 -0.2863981591 -0.2652964608
vn -0.9327400825 -0.2403735807 -0.2687312415
vn -0.9327400825 -0.2403735807 -0.2687312415
vn -0.9327400825 -0.2403735807 -0.2687312415
vn -0.950156262 -0.2397472225 -0.1993096766
vn -0.950156262 -0.2397472225 -0.1993096766
vn -0.950156262 -0.2397472225 -0.1993096766
vn -0.9621727387 -0.2435703746 -0.1220536497
vn -0.9621727387 -0.2435703746 -0.1220536497
vn -0.9621727387 -0.2435703746 -0.1220536497
vn -0.9685786154 -0.2453423563 -0.04077491939
vn -0.9685786154 -0.2453423563 -0.04077491939
vn -0.9685786154 -0.2453423563 -0.04077491939
vn -0.946892567 -0.3108566302 -0.08223516342
vn -0.946892567 -0.3108566302 -0.08223516342
vn -0.946892567 -0.3108566302 -0.08223516342
vn -0.9499923065 -0.2874353691 -0.1220472297
vn -0.9499923065 -0.2874353691 -0.1220472297
vn -0.9499923065 -0.2874353691 -0.1220472297
vn -0.949992272 -0.2874356362 -0.1220468685
vn -0.949992272 -0.2874356362 -0.1220468685
vn -0.949992272 -0.2874356362 -0.1220468685
vn -0.9499922492 -0.2874356741 -0.1220469573
vn -0.9499922492 -0.2874356741 -0.1220469573
vn -0.9499922492 -0.2874356741 -0.1220469573
vn -0.9468925523 -0.3108566426 -0.08223528556
vn -0.9468925523 -0.3108566426 -0.08223528556
vn -0.9468925523 -0.3108566426 -0.08223528556
vn -0.9563986037 -0.2892046072 -0.04077261322
vn -0.9563986037 -0.2892046072 -0.04077261322
vn -0.9563986037 -0.2892046072 -0.04077261322
vn -0.9500845571 -0.311992523 -1.445190286e-07
vn -0.9500845571 -0.311992523 -1.445190286e-07
vn -0.9500845571 -0.311992523 -1.445190286e-07
vn -0.9563985788 -0.2892046804 -0.04077267933
vn -0.9563985788 -0.2892046804 -0.04077267933
vn -0.9563985788 -0.2892046804 -0.04077267933
vn -0.9623261544 -0.2222596489 -0.1566174351
vn -0.9623261544 -0.2222596489 -0.1566174351
vn -0.9623261544 -0.2222596489 -0.1566174351
vn -0.9291735414 -0.2228103019 -0.294944231
vn -0.9291735414 -0.2228103019 -0.294944231
vn -0.9291735414 -0.2228103019 -0.294944231
vn -0.9484165235 -0.2229909164 -0.2253467311
vn -0.9484165235 -0.2229909164 -0.2253467311
vn -0.9484165235 -0.2229909164 -0.2253467311
vn -0.9386243935 -0.1747018687 -0.2974281509
vn -0.9386243935 -0.1747018687 -0.2974281509
vn -0.9386243935 -0.1747018687 -0.2974281509
vn -0.9578319018 -0.1746823241 -0.2281318335
vn -0.9578319018 -0.1746823241 -0.2281318335
vn -0.9578319018 -0.1746823241 -0.2281318335
vn -0.9718760386 -0.2206964564 -0.08215862552
vn -0.9718760386 -0.2206964564 -0.08215862552
vn -0.9718760386 -0.2206964564 -0.08215862552
vn -0.9751893511 -0.2213723775 0
vn -0.9751893511 -0.2213723775 0
vn -0.9751893511 -0.2213723775 0
vn -0.9804972808 -0.1786445119 -0.08192204006
vn -0.9804972808 -0.1786445119 -0.08192204006
vn -0.9804972808 -0.1786445119 -0.08192204006
vn -0.9718658444 -0.1746838303 -0.1579947463
vn -0.9718658444 -0.1746838303 -0.1579947463
vn -0.9718658444 -0.1746838303 -0.1579947463
vn -0.983765615 -0.1794581142 0
vn -0.983765615 -0.1794581142 0
vn -0.983765615 -0.1794581142 0
vn -0.9206484697 -0.2863983447 -0.2652967835
vn -0.9206484697 -0.2863983447 -0.2652967835
vn -0.9206484697 -0.2863983447 -0.2652967835
vn -0.9018381391 -0.3039363749 -0.3071003922
vn -0.9018381391 -0.3039363749 -0.3071003922
vn -0.9018381391 -0.3039363749 -0.3071003922
vn -0.933211206 -0.156567536 -0.3234245688
vn -0.933211206 -0.156567536 -0.3234245688
vn -0.933211206 -0.156567536 -0.3234245688
vn -0.9327818249 -0.09089256373 -0.3487930747
vn -0.9327818249 -0.09089256373 -0.3487930747
vn -0.9327818249 -0.09089256373 -0.3487930747
vn -0.9358820107 -0.04107827759 -0.349910613
vn -0.9358820107 -0.04107827759 -0.349910613
vn -0.9358820107 -0.04107827759 -0.349910613
vn -0.9281574062 -0.02503791875 -0.3713447614
vn -0.9281574062 -0.02503791875 -0.3713447614
vn -0.9281574062 -0.02503791875 -0.3713447614
vn -0.8430484996 -0.1321359357 -0.5213533561
vn -0.8430484996 -0.1321359357 -0.5213533561
vn -0.8430484996 -0.1321359357 -0.5213533561
vn -0.8500824057 -0.1062634894 -0.5158177724
vn -0.8500824057 -0.1062634894 -0.5158177724
vn -0.8500824057 -0.1062634894 -0.5158177724
vn -0.9078656246 -0.15612417 -0.3891082769
vn -0.9078656246 -0.15612417 -0.3891082769
vn -0.9078656246 -0.15612417 -0.3891082769
vn -0.9061699036 -0.09085349983 -0.4130396438
vn -0.9061699036 -0.09085349983 -0.4130396438
vn -0.9061699036 -0.09085349983 -0.4130396438
vn -0.8841402068 -0.1067395854 -0.4548656457
vn -0.8841402068 -0.1067395854 -0.4548656457
vn -0.8841402068 -0.1067395854 -0.4548656457
vn -0.9138387637 -0.1069457958 -0.3917413825
vn -0.9138387637 -0.1069457958 -0.3917413825
vn -0.9138387637 -0.1069457958 -0.3917413825
vn -0.8781658683 -0.1559174549 -0.4522327444
vn -0.8781658683 -0.1559174549 -0.4522327444
vn -0.8781658683 -0.1559174549 -0.4522327444
vn -0.8751838688 -0.09074993806 -0.4752027405
vn -0.8751838688 -0.09074993806 -0.4752027405
vn -0.8751838688 -0.09074993806 -0.4752027405
vn -0.8680534528 -0.02512436398 -0.495834619
vn -0.8680534528 -0.02512436398 -0.495834619
vn -0.8680534528 -0.02512436398 -0.495834619
vn -0.8429292489 -0.04065198525 -0.5364864374
vn -0.8429292489 -0.04065198525 -0.5364864374
vn -0.8429292489 -0.04065198525 -0.5364864374
vn -0.9092154834 -0.04109177068 -0.4142929775
vn -0.9092154834 -0.04109177068 -0.4142929775
vn -0.9092154834 -0.04109177068 -0.4142929775
vn -0.9002593467 -0.02510163084 -0.4346297469
vn -0.9002593467 -0.02510163084 -0.4346297469
vn -0.9002593467 -0.02510163084 -0.4346297469
vn -0.8781001462 -0.04076469587 -0.4767372156
vn -0.8781001462 -0.04076469587 -0.4767372156
vn -0.8781001462 -0.04076469587 -0.4767372156
vn -0.9700005302 -0.157193097 -0.185443527
vn -0.9700005302 -0.157193097 -0.185443527
vn -0.9700005302 -0.157193097 -0.185443527
vn -0.9605742706 -0.1087565907 -0.2558692529
vn -0.9605742706 -0.1087565907 -0.2558692529
vn -0.9605742706 -0.1087565907 -0.2558692529
vn -0.9764697574 -0.1085480983 -0.1863440988
vn -0.9764697574 -0.1085480983 -0.1863440988
vn -0.9764697574 -0.1085480983 -0.1863440988
vn -0.9727399066 -0.09126567441 -0.2131845465
vn -0.9727399066 -0.09126567441 -0.2131845465
vn -0.9727399066 -0.09126567441 -0.2131845465
vn -0.9542651314 -0.157119664 -0.2543451791
vn -0.9542651314 -0.157119664 -0.2543451791
vn -0.9542651314 -0.157119664 -0.2543451791
vn -0.9551811897 -0.09043630658 -0.2818690643
vn -0.9551811897 -0.09043630658 -0.2818690643
vn -0.9551811897 -0.09043630658 -0.2818690643
vn -0.9395209191 -0.1082043951 -0.3249496138
vn -0.9395209191 -0.1082043951 -0.3249496138
vn -0.9395209191 -0.1082043951 -0.3249496138
vn -0.9806536914 -0.15732 -0.1164849995
vn -0.9806536914 -0.15732 -0.1164849995
vn -0.9806536914 -0.15732 -0.1164849995
vn -0.9871081207 -0.1546755207 -0.04114658349
vn -0.9871081207 -0.1546755207 -0.04114658349
vn -0.9871081207 -0.1546755207 -0.04114658349
vn -0.9871222325 -0.1086746855 -0.1173861613
vn -0.9871222325 -0.1086746855 -0.1173861613
vn -0.9871222325 -0.1086746855 -0.1173861613
vn -0.9852303671 -0.09135018843 -0.1448318574
vn -0.9852303671 -0.09135018843 -0.1448318574
vn -0.9852303671 -0.09135018843 -0.1448318574
vn -0.9929350946 -0.09135408038 -0.07572535888
vn -0.9929350946 -0.09135408038 -0.07572535888
vn -0.9929350946 -0.09135408038 -0.07572535888
vn -0.9927764375 -0.1127025235 -0.0411471307
vn -0.9927764375 -0.1127025235 -0.0411471307
vn -0.9927764375 -0.1127025235 -0.0411471307
vn -0.996157051 -0.08758498622 0
vn -0.996157051 -0.08758498622 0
vn -0.996157051 -0.08758498622 0
vn -0.9759667693 -0.04184466184 -0.2138641846
vn -0.9759667693 -0.04184466184 -0.2138641846
vn -0.9759667693 -0.04184466184 -0.2138641846
vn -0.9705158581 -0.02483832021 -0.2397540971
vn -0.9705158581 -0.02483832021 -0.2397540971
vn -0.9705158581 -0.02483832021 -0.2397540971
vn -0.9847705941 -0.02482438237 -0.1720773869
vn -0.9847705941 -0.02482438237 -0.1720773869
vn -0.9847705941 -0.02482438237 -0.1720773869
vn -0.9583508029 -0.04233219519 -0.2824388852
vn -0.9583508029 -0.04233219519 -0.2824388852
vn -0.9583508029 -0.04233219519 -0.2824388852
vn -0.9516120526 -0.02501743849 -0.3062819438
vn -0.9516120526 -0.02501743849 -0.3062819438
vn -0.9516120526 -0.02501743849 -0.3062819438
vn -0.9885004147 -0.04210730767 -0.1452374087
vn -0.9885004147 -0.04210730767 -0.1452374087
vn -0.9885004147 -0.04210730767 -0.1452374087
vn -0.9962249279 -0.04203547805 -0.07595335162
vn -0.9962249279 -0.04203547805 -0.07595335162
vn -0.9962249279 -0.04203547805 -0.07595335162
vn -0.9989350244 -0.04613910504 0
vn -0.9989350244 -0.04613910504 0
vn -0.9989350244 -0.04613910504 0
vn -0.9943125429 -0.02478612401 -0.1035770974
vn -0.9943125429 -0.02478612401 -0.1035770974
vn -0.9943125429 -0.02478612401 -0.1035770974
vn -0.9990947881 -0.02477432466 -0.03458087935
vn -0.9990947881 -0.02477432466 -0.03458087935
vn -0.9990947881 -0.02477432466 -0.03458087935
vn -0.8169728794 -0.2122987936 -0.5361758448
vn -0.8169728794 -0.2122987936 -0.5361758448
vn -0.8169728794 -0.2122987936 -0.5361758448
vn -0.8169730195 -0.2122988898 -0.5361755933
vn -0.8169730195 -0.2122988898 -0.5361755933
vn -0.8169730195 -0.2122988898 -0.5361755933
vn -0.8068942016 -0.1730472363 -0.5647799584
vn -0.8068942016 -0.1730472363 -0.5647799584
vn -0.8068942016 -0.1730472363 -0.5647799584
vn -0.8068930508 -0.1730418802 -0.5647832436
vn -0.8068930508 -0.1730418802 -0.5647832436
vn -0.8068930508 -0.1730418802 -0.5647832436
vn -0.8068937538 -0.1730391091 -0.5647830883
vn -0.8068937538 -0.1730391091 -0.5647830883
vn -0.8068937538 -0.1730391091 -0.5647830883
vn -0.8153175987 -0.1470086822 -0.5600407669
vn -0.8153175987 -0.1470086822 -0.5600407669
vn -0.8153175987 -0.1470086822 -0.5600407669
vn -0.8024757523 -0.1070604261 -0.5870014754
vn -0.8024757523 -0.1070604261 -0.5870014754
vn -0.8024757523 -0.1070604261 -0.5870014754
vn -0.8153160991 -0.1470045045 -0.5600440467
vn -0.8153160991 -0.1470045045 -0.5600440467
vn -0.8153160991 -0.1470045045 -0.5600440467
vn -0.8024756772 -0.1070601672 -0.5870016253
vn -0.8024756772 -0.1070601672 -0.5870016253
vn -0.8024756772 -0.1070601672 -0.5870016253
vn -0.7722383278 -0.1214005128 -0.623626395
vn -0.7722383278 -0.1214005128 -0.623626395
vn -0.7722383278 -0.1214005128 -0.623626395
vn -0.7722407795 -0.1214002002 -0.6236234199
vn -0.7722407795 -0.1214002002 -0.6236234199
vn -0.7722407795 -0.1214002002 -0.6236234199
vn -0.7567659498 -0.08088652948 -0.648662213
vn -0.7567659498 -0.08088652948 -0.648662213
vn -0.7567659498 -0.08088652948 -0.648662213
vn -0.8095090871 -0.08118821463 -0.5814666902
vn -0.8095090871 -0.08118821463 -0.5814666902
vn -0.8095090871 -0.08118821463 -0.5814666902
vn -0.8373356457 -0.06595840878 -0.5426955912
vn -0.8373356457 -0.06595840878 -0.5426955912
vn -0.8373356457 -0.06595840878 -0.5426955912
vn -0.7939955439 -0.04057326439 -0.6065681218
vn -0.7939955439 -0.04057326439 -0.6065681218
vn -0.7939955439 -0.04057326439 -0.6065681218
vn -0.756765386 -0.08089093686 -0.6486623212
vn -0.756765386 -0.08089093686 -0.6486623212
vn -0.756765386 -0.08089093686 -0.6486623212
vn -0.7567669505 -0.0808867609 -0.6486610166
vn -0.7567669505 -0.0808867609 -0.6486610166
vn -0.7567669505 -0.0808867609 -0.6486610166
vn 0.05015289768 -0.3382445234 -0.9397208784
vn 0.05610812244 -0.3173448936 -0.9466488774
vn 0.05606658866 -0.3175050533 -0.946597633
vn -0.7770798162 -0.04057355694 -0.6280929435
vn -0.7770798162 -0.04057355694 -0.6280929435
vn -0.7770798162 -0.04057355694 -0.6280929435
vn -0.777080323 -0.0405729605 -0.6280923551
vn -0.777080323 -0.0405729605 -0.6280923551
vn -0.777080323 -0.0405729605 -0.6280923551
vn -0.7591658727 6.943543948e-07 -0.6508972098
vn -0.7591658727 6.943543948e-07 -0.6508972098
vn -0.7591658727 6.943543948e-07 -0.6508972098
vn -0.9685786155 -0.2453423558 0.04077491844
vn -0.9685786155 -0.2453423558 0.04077491844
vn -0.9685786155 -0.2453423558 0.04077491844
vn -0.9621727387 -0.2435703746 0.1220536497
vn -0.9621727387 -0.2435703746 0.1220536497
vn -0.9621727387 -0.2435703746 0.1220536497
vn -0.9500845813 -0.3119924492 2.022723031e-07
vn -0.9500845813 -0.3119924492 2.022723031e-07
vn -0.9500845813 -0.3119924492 2.022723031e-07
vn -0.9563986118 -0.2892045487 0.04077283902
vn -0.9563986118 -0.2892045487 0.04077283902
vn -0.9563986118 -0.2892045487 0.04077283902
vn -0.9563985605 -0.2892047409 0.04077267832
vn -0.9563985605 -0.2892047409 0.04077267832
vn -0.9563985605 -0.2892047409 0.04077267832
vn -0.9563986556 -0.2892044807 0.04077229278
vn -0.9563986556 -0.2892044807 0.04077229278
vn -0.9563986556 -0.2892044807 0.04077229278
vn -0.9468925429 -0.3108566765 0.08223526557
vn -0.9468925429 -0.3108566765 0.08223526557
vn -0.9468925429 -0.3108566765 0.08223526557
vn -0.9499922476 -0.2874357131 0.1220468772
vn -0.9499922476 -0.2874357131 0.1220468772
vn -0.9499922476 -0.2874357131 0.1220468772
vn -0.9499919332 -0.2874362895 0.1220479675
vn -0.9499919332 -0.2874362895 0.1220479675
vn -0.9499919332 -0.2874362895 0.1220479675
vn -0.9379160932 -0.3070753778 0.161301316
vn -0.9379160932 -0.3070753778 0.161301316
vn -0.9379160932 -0.3070753778 0.161301316
vn -0.9379159939 -0.3070754182 0.1613018164
vn -0.9379159939 -0.3070754182 0.1613018164
vn -0.9379159939 -0.3070754182 0.1613018164
vn -0.9499922774 -0.2874355805 0.1220469576
vn -0.9499922774 -0.2874355805 0.1220469576
vn -0.9499922774 -0.2874355805 0.1220469576
vn -0.9380652836 -0.2857753561 0.1958723295
vn -0.9380652836 -0.2857753561 0.1958723295
vn -0.9380652836 -0.2857753561 0.1958723295
vn -0.9380655399 -0.2857746958 0.1958720657
vn -0.9380655399 -0.2857746958 0.1958720657
vn -0.9380655399 -0.2857746958 0.1958720657
vn -0.9501562494 -0.2397472388 0.1993097169
vn -0.9501562494 -0.2397472388 0.1993097169
vn -0.9501562494 -0.2397472388 0.1993097169
vn -0.9224215093 -0.3041318533 0.2379965861
vn -0.9224215093 -0.3041318533 0.2379965861
vn -0.9224215093 -0.3041318533 0.2379965861
vn -0.9224209311 -0.3041320566 0.2379985673
vn -0.9224209311 -0.3041320566 0.2379985673
vn -0.9224209311 -0.3041320566 0.2379985673
vn -0.9206487027 -0.2863984263 0.2652958871
vn -0.9206487027 -0.2863984263 0.2652958871
vn -0.9206487027 -0.2863984263 0.2652958871
vn -0.9206488426 -0.2863974468 0.265296459
vn -0.9206488426 -0.2863974468 0.265296459
vn -0.9206488426 -0.2863974468 0.265296459
vn -0.9206398752 -0.2864228321 0.2653001722
vn -0.9206398752 -0.2864228321 0.2653001722
vn -0.9206398752 -0.2864228321 0.2653001722
vn -0.932740699 -0.2403710708 0.2687313468
vn -0.932740699 -0.2403710708 0.2687313468
vn -0.932740699 -0.2403710708 0.2687313468
vn -0.932740057 -0.2403736963 0.2687312265
vn -0.932740057 -0.2403736963 0.2687312265
vn -0.932740057 -0.2403736963 0.2687312265
vn -0.971876039 -0.2206964553 0.08215862362
vn -0.971876039 -0.2206964553 0.08215862362
vn -0.971876039 -0.2206964553 0.08215862362
vn -0.9623261544 -0.2222596489 0.1566174351
vn -0.9623261544 -0.2222596489 0.1566174351
vn -0.9623261544 -0.2222596489 0.1566174351
vn -0.9804972824 -0.178644504 0.0819220381
vn -0.9804972824 -0.178644504 0.0819220381
vn -0.9804972824 -0.178644504 0.0819220381
vn -0.9718658444 -0.1746838303 0.1579947463
vn -0.9718658444 -0.1746838303 0.1579947463
vn -0.9718658444 -0.1746838303 0.1579947463
vn -0.9484165166 -0.2229909977 0.2253466794
vn -0.9484165166 -0.2229909977 0.2253466794
vn -0.9484165166 -0.2229909977 0.2253466794
vn -0.9291734953 -0.2228103406 0.2949443468
vn -0.9291734953 -0.2228103406 0.2949443468
vn -0.9291734953 -0.2228103406 0.2949443468
vn -0.9578319249 -0.1746822543 0.2281317901
vn -0.9578319249 -0.1746822543 0.2281317901
vn -0.9578319249 -0.1746822543 0.2281317901
vn -0.9386243476 -0.1747019163 0.2974282679
vn -0.9386243476 -0.1747019163 0.2974282679
vn -0.9386243476 -0.1747019163 0.2974282679
vn -0.9291735259 -0.2228103091 0.2949442741
vn -0.9291735259 -0.2228103091 0.2949442741
vn -0.9291735259 -0.2228103091 0.2949442741
vn -0.9105672224 -0.2396768321 0.3367823475
vn -0.9105672224 -0.2396768321 0.3367823475
vn -0.9105672224 -0.2396768321 0.3367823475
vn -0.910567148 -0.2396768128 0.3367825626
vn -0.910567148 -0.2396768128 0.3367825626
vn -0.910567148 -0.2396768128 0.3367825626
vn -0.9050783386 -0.2216074274 0.3629371146
vn -0.9050783386 -0.2216074274 0.3629371146
vn -0.9050783386 -0.2216074274 0.3629371146
vn -0.905078369 -0.2216076106 0.3629369267
vn -0.905078369 -0.2216076106 0.3629369267
vn -0.905078369 -0.2216076106 0.3629369267
vn -0.9050783255 -0.2216073126 0.3629372173
vn -0.9050783255 -0.2216073126 0.3629372173
vn -0.9050783255 -0.2216073126 0.3629372173
vn -0.8837664116 -0.2375962605 0.4031190231
vn -0.8837664116 -0.2375962605 0.4031190231
vn -0.8837664116 -0.2375962605 0.4031190231
vn -0.8837665696 -0.237596348 0.403118625
vn -0.8837665696 -0.237596348 0.403118625
vn -0.8837665696 -0.237596348 0.403118625
vn -0.9146055342 -0.1734337987 0.3652635136
vn -0.9146055342 -0.1734337987 0.3652635136
vn -0.9146055342 -0.1734337987 0.3652635136
vn -0.8858119265 -0.1721634567 0.4309257187
vn -0.8858119265 -0.1721634567 0.4309257187
vn -0.8858119265 -0.1721634567 0.4309257187
vn -0.8770254027 -0.2202882385 0.4269654962
vn -0.8770254027 -0.2202882385 0.4269654962
vn -0.8770254027 -0.2202882385 0.4269654962
vn -0.8770253934 -0.2202878314 0.4269657255
vn -0.8770253934 -0.2202878314 0.4269657255
vn -0.8770253934 -0.2202878314 0.4269657255
vn -0.8770227717 -0.2202896895 0.4269701519
vn -0.8770227717 -0.2202896895 0.4269701519
vn -0.8770227717 -0.2202896895 0.4269701519
vn -0.8520078045 -0.2357496829 0.4674449573
vn -0.8520078045 -0.2357496829 0.4674449573
vn -0.8520078045 -0.2357496829 0.4674449573
vn -0.8520083168 -0.2357500878 0.4674438192
vn -0.8520083168 -0.2357500878 0.4674438192
vn -0.8520083168 -0.2357500878 0.4674438192
vn -0.8520076362 -0.2357477977 0.4674462148
vn -0.8520076362 -0.2357477977 0.4674462148
vn -0.8520076362 -0.2357477977 0.4674462148
vn -0.8447335972 -0.1975510944 0.4973919127
vn -0.8447335972 -0.1975510944 0.4973919127
vn -0.8447335972 -0.1975510944 0.4973919127
vn -0.8531280794 -0.1713914643 0.4927448083
vn -0.8531280794 -0.1713914643 0.4927448083
vn -0.8531280794 -0.1713914643 0.4927448083
vn -0.8447334094 -0.1975520453 0.497391854
vn -0.8447334094 -0.1975520453 0.497391854
vn -0.8447334094 -0.1975520453 0.497391854
vn -0.9871081209 -0.154675519 0.04114658634
vn -0.9871081209 -0.154675519 0.04114658634
vn -0.9871081209 -0.154675519 0.04114658634
vn -0.9806536937 -0.1573199947 0.116484987
vn -0.9806536937 -0.1573199947 0.116484987
vn -0.9806536937 -0.1573199947 0.116484987
vn -0.9927764373 -0.1127025241 0.04114713355
vn -0.9927764373 -0.1127025241 0.04114713355
vn -0.9927764373 -0.1127025241 0.04114713355
vn -0.9929350943 -0.09135408726 0.07572535469
vn -0.9929350943 -0.09135408726 0.07572535469
vn -0.9929350943 -0.09135408726 0.07572535469
vn -0.9871222331 -0.1086746936 0.1173861485
vn -0.9871222331 -0.1086746936 0.1173861485
vn -0.9871222331 -0.1086746936 0.1173861485
vn -0.9852303671 -0.09135018843 0.1448318574
vn -0.9852303671 -0.09135018843 0.1448318574
vn -0.9852303671 -0.09135018843 0.1448318574
vn -0.9700005267 -0.1571930711 0.1854435672
vn -0.9700005267 -0.1571930711 0.1854435672
vn -0.9700005267 -0.1571930711 0.1854435672
vn -0.9764697481 -0.1085481147 0.1863441384
vn -0.9764697481 -0.1085481147 0.1863441384
vn -0.9764697481 -0.1085481147 0.1863441384
vn -0.9605742967 -0.1087566066 0.2558691484
vn -0.9605742967 -0.1087566066 0.2558691484
vn -0.9605742967 -0.1087566066 0.2558691484
vn -0.9727399022 -0.09126572295 0.2131845455
vn -0.9727399022 -0.09126572295 0.2131845455
vn -0.9727399022 -0.09126572295 0.2131845455
vn -0.9542651654 -0.1571196223 0.2543450772
vn -0.9542651654 -0.1571196223 0.2543450772
vn -0.9542651654 -0.1571196223 0.2543450772
vn -0.9332111837 -0.1565676805 0.323424563
vn -0.9332111837 -0.1565676805 0.323424563
vn -0.9332111837 -0.1565676805 0.323424563
vn -0.9551811823 -0.09043620164 0.281869123
vn -0.9551811823 -0.09043620164 0.281869123
vn -0.9551811823 -0.09043620164 0.281869123
vn -0.9395209349 -0.1082042476 0.3249496173
vn -0.9395209349 -0.1082042476 0.3249496173
vn -0.9395209349 -0.1082042476 0.3249496173
vn -0.9962249281 -0.04203548064 0.07595334746
vn -0.9962249281 -0.04203548064 0.07595334746
vn -0.9962249281 -0.04203548064 0.07595334746
vn -0.9885004147 -0.04210730767 0.1452374087
vn -0.9885004147 -0.04210730767 0.1452374087
vn -0.9885004147 -0.04210730767 0.1452374087
vn -0.9990947881 -0.02477432623 0.0345808784
vn -0.9990947881 -0.02477432623 0.0345808784
vn -0.9990947881 -0.02477432623 0.0345808784
vn -0.9943125429 -0.02478612401 0.1035770974
vn -0.9943125429 -0.02478612401 0.1035770974
vn -0.9943125429 -0.02478612401 0.1035770974
vn -0.9759667693 -0.04184466184 0.2138641846
vn -0.9759667693 -0.04184466184 0.2138641846
vn -0.9759667693 -0.04184466184 0.2138641846
vn -0.9847705941 -0.02482438237 0.1720773869
vn -0.9847705941 -0.02482438237 0.1720773869
vn -0.9847705941 -0.02482438237 0.1720773869
vn -0.9705158462 -0.0248382863 0.2397541485
vn -0.9705158462 -0.0248382863 0.2397541485
vn -0.9705158462 -0.0248382863 0.2397541485
vn -0.9583507879 -0.04233215399 0.2824389423
vn -0.9583507879 -0.04233215399 0.2824389423
vn -0.9583507879 -0.04233215399 0.2824389423
vn -0.9516120526 -0.02501743849 0.3062819438
vn -0.9516120526 -0.02501743849 0.3062819438
vn -0.9516120526 -0.02501743849 0.3062819438
vn -0.9327818387 -0.09089240352 0.3487930797
vn -0.9327818387 -0.09089240352 0.3487930797
vn -0.9327818387 -0.09089240352 0.3487930797
vn -0.9358820107 -0.04107827759 0.349910613
vn -0.9358820107 -0.04107827759 0.349910613
vn -0.9358820107 -0.04107827759 0.349910613
vn -0.9281574062 -0.02503791875 0.3713447614
vn -0.9281574062 -0.02503791875 0.3713447614
vn -0.9281574062 -0.02503791875 0.3713447614
vn -0.9078655752 -0.1561240499 0.3891084404
vn -0.9078655752 -0.1561240499 0.3891084404
vn -0.9078655752 -0.1561240499 0.3891084404
vn -0.9138387084 -0.1069456744 0.3917415447
vn -0.9138387084 -0.1069456744 0.3917415447
vn -0.9138387084 -0.1069456744 0.3917415447
vn -0.9061699036 -0.09085349983 0.4130396438
vn -0.9061699036 -0.09085349983 0.4130396438
vn -0.9061699036 -0.09085349983 0.4130396438
vn -0.8841402068 -0.1067395854 0.4548656457
vn -0.8841402068 -0.1067395854 0.4548656457
vn -0.8841402068 -0.1067395854 0.4548656457
vn -0.8781658981 -0.1559172474 0.4522327579
vn -0.8781658981 -0.1559172474 0.4522327579
vn -0.8781658981 -0.1559172474 0.4522327579
vn -0.8751838688 -0.09074993806 0.4752027405
vn -0.8751838688 -0.09074993806 0.4752027405
vn -0.8751838688 -0.09074993806 0.4752027405
vn -0.8430485207 -0.1321354822 0.5213534369
vn -0.8430485207 -0.1321354822 0.5213534369
vn -0.8430485207 -0.1321354822 0.5213534369
vn -0.8500822815 -0.1062635624 0.5158179621
vn -0.8500822815 -0.1062635624 0.5158179621
vn -0.8500822815 -0.1062635624 0.5158179621
vn -0.9092154834 -0.04109177068 0.4142929775
vn -0.9092154834 -0.04109177068 0.4142929775
vn -0.9092154834 -0.04109177068 0.4142929775
vn -0.9002593467 -0.02510163084 0.4346297469
vn -0.9002593467 -0.02510163084 0.4346297469
vn -0.9002593467 -0.02510163084 0.4346297469
vn -0.8781001462 -0.04076469587 0.4767372156
vn -0.8781001462 -0.04076469587 0.4767372156
vn -0.8781001462 -0.04076469587 0.4767372156
vn -0.8680535574 -0.02512452212 0.4958344278
vn -0.8680535574 -0.02512452212 0.4958344278
vn -0.8680535574 -0.02512452212 0.4958344278
vn -0.8429290617 -0.0406523385 0.5364867047
vn -0.8429290617 -0.0406523385 0.5364867047
vn -0.8429290617 -0.0406523385 0.5364867047
vn -0.8447407739 -0.1975470093 0.4973813466
vn -0.8447407739 -0.1975470093 0.4973813466
vn -0.8447407739 -0.1975470093 0.4973813466
vn -0.8169734831 -0.2122982756 0.5361751301
vn -0.8169734831 -0.2122982756 0.5361751301
vn -0.8169734831 -0.2122982756 0.5361751301
vn -0.8068931453 -0.1730407087 0.5647834675
vn -0.8068931453 -0.1730407087 0.5647834675
vn -0.8068931453 -0.1730407087 0.5647834675
vn -0.8068930358 -0.1730414812 0.5647833872
vn -0.8068930358 -0.1730414812 0.5647833872
vn -0.8068930358 -0.1730414812 0.5647833872
vn -0.8153163681 -0.147003894 0.5600438153
vn -0.8153163681 -0.147003894 0.5600438153
vn -0.8153163681 -0.147003894 0.5600438153
vn -0.8153166683 -0.1470045281 0.5600432118
vn -0.8153166683 -0.1470045281 0.5600432118
vn -0.8153166683 -0.1470045281 0.5600432118
vn -0.802476983 -0.107063035 0.5869993171
vn -0.802476983 -0.107063035 0.5869993171
vn -0.802476983 -0.107063035 0.5869993171
vn -0.8024754255 -0.1070577521 0.5870024099
vn -0.8024754255 -0.1070577521 0.5870024099
vn -0.8024754255 -0.1070577521 0.5870024099
vn -0.8024760086 -0.1070599637 0.5870012094
vn -0.8024760086 -0.1070599637 0.5870012094
vn -0.8024760086 -0.1070599637 0.5870012094
vn -0.7722399316 -0.1213997447 0.6236245585
vn -0.7722399316 -0.1213997447 0.6236245585
vn -0.7722399316 -0.1213997447 0.6236245585
vn -0.772240281 -0.1213998804 0.6236240995
vn -0.772240281 -0.1213998804 0.6236240995
vn -0.772240281 -0.1213998804 0.6236240995
vn -0.7722401607 -0.1213996938 0.6236242847
vn -0.7722401607 -0.1213996938 0.6236242847
vn -0.7722401607 -0.1213996938 0.6236242847
vn -0.7567658369 -0.08088740833 0.6486622351
vn -0.7567658369 -0.08088740833 0.6486622351
vn -0.7567658369 -0.08088740833 0.6486622351
vn -0.8373355118 -0.0659584854 0.5426957886
vn -0.8373355118 -0.0659584854 0.5426957886
vn -0.8373355118 -0.0659584854 0.5426957886
vn -0.8095093971 -0.08118805203 0.5814662813
vn -0.8095093971 -0.08118805203 0.5814662813
vn -0.8095093971 -0.08118805203 0.5814662813
vn -0.7939957586 -0.04057281005 0.6065678713
vn -0.7939957586 -0.04057281005 0.6065678713
vn -0.7939957586 -0.04057281005 0.6065678713
vn -0.7567654316 -0.08088876935 0.6486625383
vn -0.7567654316 -0.08088876935 0.6486625383
vn -0.7567654316 -0.08088876935 0.6486625383
vn -0.7770796619 -0.04057248962 0.6280932034
vn -0.7770796619 -0.04057248962 0.6280932034
vn -0.7770796619 -0.04057248962 0.6280932034
vn -0.7770865563 -0.04055861467 0.6280855696
vn -0.7770865563 -0.04055861467 0.6280855696
vn -0.7770865563 -0.04055861467 0.6280855696
vn -0.7591669802 -2.74165505e-06 0.6508959181
vn -0.7591669802 -2.74165505e-06 0.6508959181
vn -0.7591669802 -2.74165505e-06 0.6508959181
vn -0.7407781194 0 0.6717497881
vn -0.7407781194 0 0.6717497881
vn -0.7407781194 0 0.6717497881
vn -0.9281574062 0.02503791875 -0.3713447614
vn -0.9281574062 0.02503791875 -0.3713447614
vn -0.9281574062 0.02503791875 -0.3713447614
vn -0.9358820107 0.04107827759 -0.349910613
vn -0.9358820107 0.04107827759 -0.349910613
vn -0.9358820107 0.04107827759 -0.349910613
vn -0.9327818249 0.09089256373 -0.3487930747
vn -0.9327818249 0.09089256373 -0.3487930747
vn -0.9327818249 0.09089256373 -0.3487930747
vn -0.933211206 0.156567536 -0.3234245688
vn -0.933211206 0.156567536 -0.3234245688
vn -0.933211206 0.156567536 -0.3234245688
vn -0.8680534528 0.02512436398 -0.495834619
vn -0.8680534528 0.02512436398 -0.495834619
vn -0.8680534528 0.02512436398 -0.495834619
vn -0.8429292489 0.04065198525 -0.5364864374
vn -0.8429292489 0.04065198525 -0.5364864374
vn -0.8429292489 0.04065198525 -0.5364864374
vn -0.9002593467 0.02510163084 -0.4346297469
vn -0.9002593467 0.02510163084 -0.4346297469
vn -0.9002593467 0.02510163084 -0.4346297469
vn -0.9092154834 0.04109177068 -0.4142929775
vn -0.9092154834 0.04109177068 -0.4142929775
vn -0.9092154834 0.04109177068 -0.4142929775
vn -0.8781001462 0.04076469587 -0.4767372156
vn -0.8781001462 0.04076469587 -0.4767372156
vn -0.8781001462 0.04076469587 -0.4767372156
vn -0.8500824057 0.1062634894 -0.5158177724
vn -0.8500824057 0.1062634894 -0.5158177724
vn -0.8500824057 0.1062634894 -0.5158177724
vn -0.8430484996 0.1321359357 -0.5213533561
vn -0.8430484996 0.1321359357 -0.5213533561
vn -0.8430484996 0.1321359357 -0.5213533561
vn -0.9061699036 0.09085349983 -0.4130396438
vn -0.9061699036 0.09085349983 -0.4130396438
vn -0.9061699036 0.09085349983 -0.4130396438
vn -0.8841402068 0.1067395854 -0.4548656457
vn -0.8841402068 0.1067395854 -0.4548656457
vn -0.8841402068 0.1067395854 -0.4548656457
vn -0.9138387637 0.1069457958 -0.3917413825
vn -0.9138387637 0.1069457958 -0.3917413825
vn -0.9138387637 0.1069457958 -0.3917413825
vn -0.9078656246 0.15612417 -0.3891082769
vn -0.9078656246 0.15612417 -0.3891082769
vn -0.9078656246 0.15612417 -0.3891082769
vn -0.8751838688 0.09074993806 -0.4752027405
vn -0.8751838688 0.09074993806 -0.4752027405
vn -0.8751838688 0.09074993806 -0.4752027405
vn -0.8781658683 0.1559174549 -0.4522327444
vn -0.8781658683 0.1559174549 -0.4522327444
vn -0.8781658683 0.1559174549 -0.4522327444
vn -0.9705158581 0.02483832021 -0.2397540971
vn -0.9705158581 0.02483832021 -0.2397540971
vn -0.9705158581 0.02483832021 -0.2397540971
vn -0.9847705941 0.02482438237 -0.1720773869
vn -0.9847705941 0.02482438237 -0.1720773869
vn -0.9847705941 0.02482438237 -0.1720773869
vn -0.9759667693 0.04184466184 -0.2138641846
vn -0.9759667693 0.04184466184 -0.2138641846
vn -0.9759667693 0.04184466184 -0.2138641846
vn -0.9516120526 0.02501743849 -0.3062819438
vn -0.9516120526 0.02501743849 -0.3062819438
vn -0.9516120526 0.02501743849 -0.3062819438
vn -0.9583508029 0.04233219519 -0.2824388852
vn -0.9583508029 0.04233219519 -0.2824388852
vn -0.9583508029 0.04233219519 -0.2824388852
vn -0.9943125429 0.02478612401 -0.1035770974
vn -0.9943125429 0.02478612401 -0.1035770974
vn -0.9943125429 0.02478612401 -0.1035770974
vn -0.9990947881 0.02477432466 -0.03458087935
vn -0.9990947881 0.02477432466 -0.03458087935
vn -0.9990947881 0.02477432466 -0.03458087935
vn -0.9885004147 0.04210730767 -0.1452374087
vn -0.9885004147 0.04210730767 -0.1452374087
vn -0.9885004147 0.04210730767 -0.1452374087
vn -0.9962249279 0.04203547805 -0.07595335162
vn -0.9962249279 0.04203547805 -0.07595335162
vn -0.9962249279 0.04203547805 -0.07595335162
vn -0.9989350244 0.04613910504 0
vn -0.9989350244 0.04613910504 0
vn -0.9989350244 0.04613910504 0
vn -0.9605742706 0.1087565907 -0.2558692529
vn -0.9605742706 0.1087565907 -0.2558692529
vn -0.9605742706 0.1087565907 -0.2558692529
vn -0.9727399066 0.09126567441 -0.2131845465
vn -0.9727399066 0.09126567441 -0.2131845465
vn -0.9727399066 0.09126567441 -0.2131845465
vn -0.9764697574 0.1085480983 -0.1863440988
vn -0.9764697574 0.1085480983 -0.1863440988
vn -0.9764697574 0.1085480983 -0.1863440988
vn -0.9700005302 0.157193097 -0.185443527
vn -0.9700005302 0.157193097 -0.185443527
vn -0.9700005302 0.157193097 -0.185443527
vn -0.9551811897 0.09043630658 -0.2818690643
vn -0.9551811897 0.09043630658 -0.2818690643
vn -0.9551811897 0.09043630658 -0.2818690643
vn -0.9395209191 0.1082043951 -0.3249496138
vn -0.9395209191 0.1082043951 -0.3249496138
vn -0.9395209191 0.1082043951 -0.3249496138
vn -0.9542651314 0.157119664 -0.2543451791
vn -0.9542651314 0.157119664 -0.2543451791
vn -0.9542651314 0.157119664 -0.2543451791
vn -0.9852303671 0.09135018843 -0.1448318574
vn -0.9852303671 0.09135018843 -0.1448318574
vn -0.9852303671 0.09135018843 -0.1448318574
vn -0.9929350946 0.09135408038 -0.07572535888
vn -0.9929350946 0.09135408038 -0.07572535888
vn -0.9929350946 0.09135408038 -0.07572535888
vn -0.9871222325 0.1086746855 -0.1173861613
vn -0.9871222325 0.1086746855 -0.1173861613
vn -0.9871222325 0.1086746855 -0.1173861613
vn -0.996157051 0.08758498622 0
vn -0.996157051 0.08758498622 0
vn -0.996157051 0.08758498622 0
vn -0.9927764375 0.1127025235 -0.0411471307
vn -0.9927764375 0.1127025235 -0.0411471307
vn -0.9927764375 0.1127025235 -0.0411471307
vn -0.9806536914 0.15732 -0.1164849995
vn -0.9806536914 0.15732 -0.1164849995
vn -0.9806536914 0.15732 -0.1164849995
vn -0.9871081207 0.1546755207 -0.04114658349
vn -0.9871081207 0.1546755207 -0.04114658349
vn -0.9871081207 0.1546755207 -0.04114658349
vn -0.8531280027 0.1713917138 -0.4927448543
vn -0.8531280027 0.1713917138 -0.4927448543
vn -0.8531280027 0.1713917138 -0.4927448543
vn -0.8447336304 0.1975513844 -0.4973917412
vn -0.8447336304 0.1975513844 -0.4973917412
vn -0.8447336304 0.1975513844 -0.4973917412
vn -0.8447336861 0.19755068 -0.4973919264
vn -0.8447336861 0.19755068 -0.4973919264
vn -0.8447336861 0.19755068 -0.4973919264
vn -0.8858118951 0.1721636537 -0.4309257047
vn -0.8858118951 0.1721636537 -0.4309257047
vn -0.8858118951 0.1721636537 -0.4309257047
vn -0.9146054952 0.1734336925 -0.3652636615
vn -0.9146054952 0.1734336925 -0.3652636615
vn -0.9146054952 0.1734336925 -0.3652636615
vn -0.8837666124 0.2375960871 -0.4031186849
vn -0.8837666124 0.2375960871 -0.4031186849
vn -0.8837666124 0.2375960871 -0.4031186849
vn -0.9050782732 0.2216072905 -0.3629373613
vn -0.9050782732 0.2216072905 -0.3629373613
vn -0.9050782732 0.2216072905 -0.3629373613
vn -0.8770253925 0.2202878356 -0.4269657251
vn -0.8770253925 0.2202878356 -0.4269657251
vn -0.8770253925 0.2202878356 -0.4269657251
vn -0.8520076016 0.2357496129 -0.4674453624
vn -0.8520076016 0.2357496129 -0.4674453624
vn -0.8520076016 0.2357496129 -0.4674453624
vn -0.8770254665 0.2202877533 -0.4269656155
vn -0.8770254665 0.2202877533 -0.4269656155
vn -0.8770254665 0.2202877533 -0.4269656155
vn -0.8447336932 0.1975515107 -0.4973915843
vn -0.8447336932 0.1975515107 -0.4973915843
vn -0.8447336932 0.1975515107 -0.4973915843
vn -0.8520079657 0.2357498307 -0.4674445889
vn -0.8520079657 0.2357498307 -0.4674445889
vn -0.8520079657 0.2357498307 -0.4674445889
vn -0.9105671523 0.2396769033 -0.3367824866
vn -0.9105671523 0.2396769033 -0.3367824866
vn -0.9105671523 0.2396769033 -0.3367824866
vn -0.8984743593 0.2856947279 -0.3333501883
vn -0.8984743593 0.2856947279 -0.3333501883
vn -0.8984743593 0.2856947279 -0.3333501883
vn -0.8984735764 0.2856976368 -0.3333498056
vn -0.8984735764 0.2856976368 -0.3333498056
vn -0.8984735764 0.2856976368 -0.3333498056
vn -0.8837676461 0.2375953217 -0.40311687
vn -0.8837676461 0.2375953217 -0.40311687
vn -0.8837676461 0.2375953217 -0.40311687
vn -0.8837665622 0.2375960297 -0.4031188289
vn -0.8837665622 0.2375960297 -0.4031188289
vn -0.8837665622 0.2375960297 -0.4031188289
vn -0.8984757131 0.2856914319 -0.3333493643
vn -0.8984757131 0.2856914319 -0.3333493643
vn -0.8984757131 0.2856914319 -0.3333493643
vn -0.8765912858 0.3020229455 -0.3746596564
vn -0.8765912858 0.3020229455 -0.3746596564
vn -0.8765912858 0.3020229455 -0.3746596564
vn -0.8716766515 0.2836007019 -0.3996879497
vn -0.8716766515 0.2836007019 -0.3996879497
vn -0.8716766515 0.2836007019 -0.3996879497
vn -0.9623261544 0.2222596489 -0.1566174351
vn -0.9623261544 0.2222596489 -0.1566174351
vn -0.9623261544 0.2222596489 -0.1566174351
vn -0.9386243935 0.1747018687 -0.2974281509
vn -0.9386243935 0.1747018687 -0.2974281509
vn -0.9386243935 0.1747018687 -0.2974281509
vn -0.9578319018 0.1746823241 -0.2281318335
vn -0.9578319018 0.1746823241 -0.2281318335
vn -0.9578319018 0.1746823241 -0.2281318335
vn -0.9291735414 0.2228103019 -0.294944231
vn -0.9291735414 0.2228103019 -0.294944231
vn -0.9291735414 0.2228103019 -0.294944231
vn -0.9484165235 0.2229909164 -0.2253467311
vn -0.9484165235 0.2229909164 -0.2253467311
vn -0.9484165235 0.2229909164 -0.2253467311
vn -0.9718658444 0.1746838303 -0.1579947463
vn -0.9718658444 0.1746838303 -0.1579947463
vn -0.9718658444 0.1746838303 -0.1579947463
vn -0.9804972808 0.1786445119 -0.08192204006
vn -0.9804972808 0.1786445119 -0.08192204006
vn -0.9804972808 0.1786445119 -0.08192204006
vn -0.983765615 0.1794581142 0
vn -0.983765615 0.1794581142 0
vn -0.983765615 0.1794581142 0
vn -0.9718760386 0.2206964564 -0.08215862552
vn -0.9718760386 0.2206964564 -0.08215862552
vn -0.9718760386 0.2206964564 -0.08215862552
vn -0.9751893511 0.2213723775 0
vn -0.9751893511 0.2213723775 0
vn -0.9751893511 0.2213723775 0
vn -0.9327400825 0.2403735807 -0.2687312415
vn -0.9327400825 0.2403735807 -0.2687312415
vn -0.9327400825 0.2403735807 -0.2687312415
vn -0.9206486204 0.2863981591 -0.2652964608
vn -0.9206486204 0.2863981591 -0.2652964608
vn -0.9206486204 0.2863981591 -0.2652964608
vn -0.950156262 0.2397472225 -0.1993096766
vn -0.950156262 0.2397472225 -0.1993096766
vn -0.950156262 0.2397472225 -0.1993096766
vn -0.9224209568 0.3041322032 -0.2379982804
vn -0.9224209568 0.3041322032 -0.2379982804
vn -0.9224209568 0.3041322032 -0.2379982804
vn -0.9206486607 0.2863979519 -0.2652965448
vn -0.9206486607 0.2863979519 -0.2652965448
vn -0.9206486607 0.2863979519 -0.2652965448
vn -0.9380654656 0.2857749833 -0.195872002
vn -0.9380654656 0.2857749833 -0.195872002
vn -0.9380654656 0.2857749833 -0.195872002
vn -0.9379159121 0.3070755908 -0.1613019632
vn -0.9379159121 0.3070755908 -0.1613019632
vn -0.9379159121 0.3070755908 -0.1613019632
vn -0.9224208546 0.304132312 -0.2379985373
vn -0.9224208546 0.304132312 -0.2379985373
vn -0.9224208546 0.304132312 -0.2379985373
vn -0.93806556 0.2857747876 -0.1958718353
vn -0.93806556 0.2857747876 -0.1958718353
vn -0.93806556 0.2857747876 -0.1958718353
vn -0.9224209686 0.3041322422 -0.2379981849
vn -0.9224209686 0.3041322422 -0.2379981849
vn -0.9224209686 0.3041322422 -0.2379981849
vn -0.9621727387 0.2435703746 -0.1220536497
vn -0.9621727387 0.2435703746 -0.1220536497
vn -0.9621727387 0.2435703746 -0.1220536497
vn -0.9685786154 0.2453423563 -0.04077491939
vn -0.9685786154 0.2453423563 -0.04077491939
vn -0.9685786154 0.2453423563 -0.04077491939
vn -0.9499922492 0.2874356741 -0.1220469573
vn -0.9499922492 0.2874356741 -0.1220469573
vn -0.9499922492 0.2874356741 -0.1220469573
vn -0.946892567 0.3108566302 -0.08223516342
vn -0.946892567 0.3108566302 -0.08223516342
vn -0.946892567 0.3108566302 -0.08223516342
vn -0.9499923065 0.2874353691 -0.1220472297
vn -0.9499923065 0.2874353691 -0.1220472297
vn -0.9499923065 0.2874353691 -0.1220472297
vn -0.949992272 0.2874356362 -0.1220468685
vn -0.949992272 0.2874356362 -0.1220468685
vn -0.949992272 0.2874356362 -0.1220468685
vn -0.9563985788 0.2892046804 -0.04077267933
vn -0.9563985788 0.2892046804 -0.04077267933
vn -0.9563985788 0.2892046804 -0.04077267933
vn -0.9468925523 0.3108566426 -0.08223528556
vn -0.9468925523 0.3108566426 -0.08223528556
vn -0.9468925523 0.3108566426 -0.08223528556
vn -0.9563986037 0.2892046072 -0.04077261322
vn -0.9563986037 0.2892046072 -0.04077261322
vn -0.9563986037 0.2892046072 -0.04077261322
vn -0.9500845571 0.311992523 -1.445190286e-07
vn -0.9500845571 0.311992523 -1.445190286e-07
vn -0.9500845571 0.311992523 -1.445190286e-07
vn -0.9018381391 0.3039363749 -0.3071003922
vn -0.9018381391 0.3039363749 -0.3071003922
vn -0.9018381391 0.3039363749 -0.3071003922
vn -0.9206484697 0.2863983447 -0.2652967835
vn -0.9206484697 0.2863983447 -0.2652967835
vn -0.9206484697 0.2863983447 -0.2652967835
vn -0.8121415819 0 -0.5834604107
vn -0.8121415819 0 -0.5834604107
vn -0.8121415819 0 -0.5834604107
vn -0.8274015813 0 -0.56161074
vn -0.8274015813 0 -0.56161074
vn -0.8274015813 0 -0.56161074
vn -0.8095090871 0.08118821463 -0.5814666902
vn -0.8095090871 0.08118821463 -0.5814666902
vn -0.8095090871 0.08118821463 -0.5814666902
vn -0.8373356457 0.06595840878 -0.5426955912
vn -0.8373356457 0.06595840878 -0.5426955912
vn -0.8373356457 0.06595840878 -0.5426955912
vn -0.7591658727 -6.943543948e-07 -0.6508972098
vn -0.7591658727 -6.943543948e-07 -0.6508972098
vn -0.7591658727 -6.943543948e-07 -0.6508972098
vn -0.777080323 0.0405729605 -0.6280923551
vn -0.777080323 0.0405729605 -0.6280923551
vn -0.777080323 0.0405729605 -0.6280923551
vn -0.7939955439 0.04057326439 -0.6065681218
vn -0.7939955439 0.04057326439 -0.6065681218
vn -0.7939955439 0.04057326439 -0.6065681218
vn -0.7770798162 0.04057355694 -0.6280929435
vn -0.7770798162 0.04057355694 -0.6280929435
vn -0.7770798162 0.04057355694 -0.6280929435
vn -0.7567669505 0.0808867609 -0.6486610166
vn -0.7567669505 0.0808867609 -0.6486610166
vn -0.7567669505 0.0808867609 -0.6486610166
vn -0.756765386 0.08089093686 -0.6486623212
vn -0.756765386 0.08089093686 -0.6486623212
vn -0.756765386 0.08089093686 -0.6486623212
vn 0.05606658866 0.3175050533 -0.946597633
vn 0.05610812244 0.3173448936 -0.9466488774
vn 0.05015289768 0.3382445234 -0.9397208784
vn -0.8024756772 0.1070601672 -0.5870016253
vn -0.8024756772 0.1070601672 -0.5870016253
vn -0.8024756772 0.1070601672 -0.5870016253
vn -0.8024757523 0.1070604261 -0.5870014754
vn -0.8024757523 0.1070604261 -0.5870014754
vn -0.8024757523 0.1070604261 -0.5870014754
vn -0.8153175987 0.1470086822 -0.5600407669
vn -0.8153175987 0.1470086822 -0.5600407669
vn -0.8153175987 0.1470086822 -0.5600407669
vn -0.8153160991 0.1470045045 -0.5600440467
vn -0.8153160991 0.1470045045 -0.5600440467
vn -0.8153160991 0.1470045045 -0.5600440467
vn -0.7722407795 0.1214002002 -0.6236234199
vn -0.7722407795 0.1214002002 -0.6236234199
vn -0.7722407795 0.1214002002 -0.6236234199
vn -0.7567659498 0.08088652948 -0.648662213
vn -0.7567659498 0.08088652948 -0.648662213
vn -0.7567659498 0.08088652948 -0.648662213
vn -0.7722383278 0.1214005128 -0.623626395
vn -0.7722383278 0.1214005128 -0.623626395
vn -0.7722383278 0.1214005128 -0.623626395
vn -0.8169728794 0.2122987936 -0.5361758448
vn -0.8169728794 0.2122987936 -0.5361758448
vn -0.8169728794 0.2122987936 -0.5361758448
vn -0.8169730195 0.2122988898 -0.5361755933
vn -0.8169730195 0.2122988898 -0.5361755933
vn -0.8169730195 0.2122988898 -0.5361755933
vn -0.8068930508 0.1730418802 -0.5647832436
vn -0.8068930508 0.1730418802 -0.5647832436
vn -0.8068930508 0.1730418802 -0.5647832436
vn -0.8068937538 0.1730391091 -0.5647830883
vn -0.8068937538 0.1730391091 -0.5647830883
vn -0.8068937538 0.1730391091 -0.5647830883
vn -0.8068942016 0.1730472363 -0.5647799584
vn -0.8068942016 0.1730472363 -0.5647799584
vn -0.8068942016 0.1730472363 -0.5647799584
vn -0.9990947881 0.02477432623 0.0345808784
vn -0.9990947881 0.02477432623 0.0345808784
vn -0.9990947881 0.02477432623 0.0345808784
vn -0.9943125429 0.02478612401 0.1035770974
vn -0.9943125429 0.02478612401 0.1035770974
vn -0.9943125429 0.02478612401 0.1035770974
vn -0.9962249281 0.04203548064 0.07595334746
vn -0.9962249281 0.04203548064 0.07595334746
vn -0.9962249281 0.04203548064 0.07595334746
vn -0.9885004147 0.04210730767 0.1452374087
vn -0.9885004147 0.04210730767 0.1452374087
vn -0.9885004147 0.04210730767 0.1452374087
vn -0.9847705941 0.02482438237 0.1720773869
vn -0.9847705941 0.02482438237 0.1720773869
vn -0.9847705941 0.02482438237 0.1720773869
vn -0.9705158462 0.0248382863 0.2397541485
vn -0.9705158462 0.0248382863 0.2397541485
vn -0.9705158462 0.0248382863 0.2397541485
vn -0.9759667693 0.04184466184 0.2138641846
vn -0.9759667693 0.04184466184 0.2138641846
vn -0.9759667693 0.04184466184 0.2138641846
vn -0.9516120526 0.02501743849 0.3062819438
vn -0.9516120526 0.02501743849 0.3062819438
vn -0.9516120526 0.02501743849 0.3062819438
vn -0.9583507879 0.04233215399 0.2824389423
vn -0.9583507879 0.04233215399 0.2824389423
vn -0.9583507879 0.04233215399 0.2824389423
vn -0.9929350943 0.09135408726 0.07572535469
vn -0.9929350943 0.09135408726 0.07572535469
vn -0.9929350943 0.09135408726 0.07572535469
vn -0.9927764373 0.1127025241 0.04114713355
vn -0.9927764373 0.1127025241 0.04114713355
vn -0.9927764373 0.1127025241 0.04114713355
vn -0.9852303671 0.09135018843 0.1448318574
vn -0.9852303671 0.09135018843 0.1448318574
vn -0.9852303671 0.09135018843 0.1448318574
vn -0.9871222331 0.1086746936 0.1173861485
vn -0.9871222331 0.1086746936 0.1173861485
vn -0.9871222331 0.1086746936 0.1173861485
vn -0.9871081209 0.154675519 0.04114658634
vn -0.9871081209 0.154675519 0.04114658634
vn -0.9871081209 0.154675519 0.04114658634
vn -0.9806536937 0.1573199947 0.116484987
vn -0.9806536937 0.1573199947 0.116484987
vn -0.9806536937 0.1573199947 0.116484987
vn -0.9727399022 0.09126572295 0.2131845455
vn -0.9727399022 0.09126572295 0.2131845455
vn -0.9727399022 0.09126572295 0.2131845455
vn -0.9764697481 0.1085481147 0.1863441384
vn -0.9764697481 0.1085481147 0.1863441384
vn -0.9764697481 0.1085481147 0.1863441384
vn -0.9605742967 0.1087566066 0.2558691484
vn -0.9605742967 0.1087566066 0.2558691484
vn -0.9605742967 0.1087566066 0.2558691484
vn -0.9700005267 0.1571930711 0.1854435672
vn -0.9700005267 0.1571930711 0.1854435672
vn -0.9700005267 0.1571930711 0.1854435672
vn -0.9551811823 0.09043620164 0.281869123
vn -0.9551811823 0.09043620164 0.281869123
vn -0.9551811823 0.09043620164 0.281869123
vn -0.9395209349 0.1082042476 0.3249496173
vn -0.9395209349 0.1082042476 0.3249496173
vn -0.9395209349 0.1082042476 0.3249496173
vn -0.9542651654 0.1571196223 0.2543450772
vn -0.9542651654 0.1571196223 0.2543450772
vn -0.9542651654 0.1571196223 0.2543450772
vn -0.9332111837 0.1565676805 0.323424563
vn -0.9332111837 0.1565676805 0.323424563
vn -0.9332111837 0.1565676805 0.323424563
vn -0.9281574062 0.02503791875 0.3713447614
vn -0.9281574062 0.02503791875 0.3713447614
vn -0.9281574062 0.02503791875 0.3713447614
vn -0.9358820107 0.04107827759 0.349910613
vn -0.9358820107 0.04107827759 0.349910613
vn -0.9358820107 0.04107827759 0.349910613
vn -0.9327818387 0.09089240352 0.3487930797
vn -0.9327818387 0.09089240352 0.3487930797
vn -0.9327818387 0.09089240352 0.3487930797
vn -0.9002593467 0.02510163084 0.4346297469
vn -0.9002593467 0.02510163084 0.4346297469
vn -0.9002593467 0.02510163084 0.4346297469
vn -0.9092154834 0.04109177068 0.4142929775
vn -0.9092154834 0.04109177068 0.4142929775
vn -0.9092154834 0.04109177068 0.4142929775
vn -0.8680535574 0.02512452212 0.4958344278
vn -0.8680535574 0.02512452212 0.4958344278
vn -0.8680535574 0.02512452212 0.4958344278
vn -0.8781001462 0.04076469587 0.4767372156
vn -0.8781001462 0.04076469587 0.4767372156
vn -0.8781001462 0.04076469587 0.4767372156
vn -0.8429290617 0.0406523385 0.5364867047
vn -0.8429290617 0.0406523385 0.5364867047
vn -0.8429290617 0.0406523385 0.5364867047
vn -0.9061699036 0.09085349983 0.4130396438
vn -0.9061699036 0.09085349983 0.4130396438
vn -0.9061699036 0.09085349983 0.4130396438
vn -0.9138387084 0.1069456744 0.3917415447
vn -0.9138387084 0.1069456744 0.3917415447
vn -0.9138387084 0.1069456744 0.3917415447
vn -0.8841402068 0.1067395854 0.4548656457
vn -0.8841402068 0.1067395854 0.4548656457
vn -0.8841402068 0.1067395854 0.4548656457
vn -0.9078655752 0.1561240499 0.3891084404
vn -0.9078655752 0.1561240499 0.3891084404
vn -0.9078655752 0.1561240499 0.3891084404
vn -0.8751838688 0.09074993806 0.4752027405
vn -0.8751838688 0.09074993806 0.4752027405
vn -0.8751838688 0.09074993806 0.4752027405
vn -0.8781658981 0.1559172474 0.4522327579
vn -0.8781658981 0.1559172474 0.4522327579
vn -0.8781658981 0.1559172474 0.4522327579
vn -0.8500822815 0.1062635624 0.5158179621
vn -0.8500822815 0.1062635624 0.5158179621
vn -0.8500822815 0.1062635624 0.5158179621
vn -0.8430485207 0.1321354822 0.5213534369
vn -0.8430485207 0.1321354822 0.5213534369
vn -0.8430485207 0.1321354822 0.5213534369
vn -0.9804972824 0.178644504 0.0819220381
vn -0.9804972824 0.178644504 0.0819220381
vn -0.9804972824 0.178644504 0.0819220381
vn -0.9718658444 0.1746838303 0.1579947463
vn -0.9718658444 0.1746838303 0.1579947463
vn -0.9718658444 0.1746838303 0.1579947463
vn -0.971876039 0.2206964553 0.08215862362
vn -0.971876039 0.2206964553 0.08215862362
vn -0.971876039 0.2206964553 0.08215862362
vn -0.9623261544 0.2222596489 0.1566174351
vn -0.9623261544 0.2222596489 0.1566174351
vn -0.9623261544 0.2222596489 0.1566174351
vn -0.9578319249 0.1746822543 0.2281317901
vn -0.9578319249 0.1746822543 0.2281317901
vn -0.9578319249 0.1746822543 0.2281317901
vn -0.9386243476 0.1747019163 0.2974282679
vn -0.9386243476 0.1747019163 0.2974282679
vn -0.9386243476 0.1747019163 0.2974282679
vn -0.9484165166 0.2229909977 0.2253466794
vn -0.9484165166 0.2229909977 0.2253466794
vn -0.9484165166 0.2229909977 0.2253466794
vn -0.9291734953 0.2228103406 0.2949443468
vn -0.9291734953 0.2228103406 0.2949443468
vn -0.9291734953 0.2228103406 0.2949443468
vn -0.9685786155 0.2453423558 0.04077491844
vn -0.9685786155 0.2453423558 0.04077491844
vn -0.9685786155 0.2453423558 0.04077491844
vn -0.9621727387 0.2435703746 0.1220536497
vn -0.9621727387 0.2435703746 0.1220536497
vn -0.9621727387 0.2435703746 0.1220536497
vn -0.9499922774 0.2874355805 0.1220469576
vn -0.9499922774 0.2874355805 0.1220469576
vn -0.9499922774 0.2874355805 0.1220469576
vn -0.9563985605 0.2892047409 0.04077267832
vn -0.9563985605 0.2892047409 0.04077267832
vn -0.9563985605 0.2892047409 0.04077267832
vn -0.9563986118 0.2892045487 0.04077283902
vn -0.9563986118 0.2892045487 0.04077283902
vn -0.9563986118 0.2892045487 0.04077283902
vn -0.9563986556 0.2892044807 0.04077229278
vn -0.9563986556 0.2892044807 0.04077229278
vn -0.9563986556 0.2892044807 0.04077229278
vn -0.9468925429 0.3108566765 0.08223526557
vn -0.9468925429 0.3108566765 0.08223526557
vn -0.9468925429 0.3108566765 0.08223526557
vn -0.9500845813 0.3119924492 2.022723031e-07
vn -0.9500845813 0.3119924492 2.022723031e-07
vn -0.9500845813 0.3119924492 2.022723031e-07
vn -0.9499922476 0.2874357131 0.1220468772
vn -0.9499922476 0.2874357131 0.1220468772
vn -0.9499922476 0.2874357131 0.1220468772
vn -0.9499919332 0.2874362895 0.1220479675
vn -0.9499919332 0.2874362895 0.1220479675
vn -0.9499919332 0.2874362895 0.1220479675
vn -0.9379160932 0.3070753778 0.161301316
vn -0.9379160932 0.3070753778 0.161301316
vn -0.9379160932 0.3070753778 0.161301316
vn -0.9379159939 0.3070754182 0.1613018164
vn -0.9379159939 0.3070754182 0.1613018164
vn -0.9379159939 0.3070754182 0.1613018164
vn -0.9501562494 0.2397472388 0.1993097169
vn -0.9501562494 0.2397472388 0.1993097169
vn -0.9501562494 0.2397472388 0.1993097169
vn -0.9380655399 0.2857746958 0.1958720657
vn -0.9380655399 0.2857746958 0.1958720657
vn -0.9380655399 0.2857746958 0.1958720657
vn -0.9224215093 0.3041318533 0.2379965861
vn -0.9224215093 0.3041318533 0.2379965861
vn -0.9224215093 0.3041318533 0.2379965861
vn -0.9224209311 0.3041320566 0.2379985673
vn -0.9224209311 0.3041320566 0.2379985673
vn -0.9224209311 0.3041320566 0.2379985673
vn -0.9206487027 0.2863984263 0.2652958871
vn -0.9206487027 0.2863984263 0.2652958871
vn -0.9206487027 0.2863984263 0.2652958871
vn -0.932740057 0.2403736963 0.2687312265
vn -0.932740057 0.2403736963 0.2687312265
vn -0.932740057 0.2403736963 0.2687312265
vn -0.932740699 0.2403710708 0.2687313468
vn -0.932740699 0.2403710708 0.2687313468
vn -0.932740699 0.2403710708 0.2687313468
vn -0.9206488426 0.2863974468 0.265296459
vn -0.9206488426 0.2863974468 0.265296459
vn -0.9206488426 0.2863974468 0.265296459
vn -0.9206398752 0.2864228321 0.2653001722
vn -0.9206398752 0.2864228321 0.2653001722
vn -0.9206398752 0.2864228321 0.2653001722
vn -0.9380652836 0.2857753561 0.1958723295
vn -0.9380652836 0.2857753561 0.1958723295
vn -0.9380652836 0.2857753561 0.1958723295
vn -0.9291735259 0.2228103091 0.2949442741
vn -0.9291735259 0.2228103091 0.2949442741
vn -0.9291735259 0.2228103091 0.2949442741
vn -0.9105672224 0.2396768321 0.3367823475
vn -0.9105672224 0.2396768321 0.3367823475
vn -0.9105672224 0.2396768321 0.3367823475
vn -0.9146055342 0.1734337987 0.3652635136
vn -0.9146055342 0.1734337987 0.3652635136
vn -0.9146055342 0.1734337987 0.3652635136
vn -0.8858119265 0.1721634567 0.4309257187
vn -0.8858119265 0.1721634567 0.4309257187
vn -0.8858119265 0.1721634567 0.4309257187
vn -0.9050783255 0.2216073126 0.3629372173
vn -0.9050783255 0.2216073126 0.3629372173
vn -0.9050783255 0.2216073126 0.3629372173
vn -0.910567148 0.2396768128 0.3367825626
vn -0.910567148 0.2396768128 0.3367825626
vn -0.910567148 0.2396768128 0.3367825626
vn -0.9050783386 0.2216074274 0.3629371146
vn -0.9050783386 0.2216074274 0.3629371146
vn -0.9050783386 0.2216074274 0.3629371146
vn -0.905078369 0.2216076106 0.3629369267
vn -0.905078369 0.2216076106 0.3629369267
vn -0.905078369 0.2216076106 0.3629369267
vn -0.8837664116 0.2375962605 0.4031190231
vn -0.8837664116 0.2375962605 0.4031190231
vn -0.8837664116 0.2375962605 0.4031190231
vn -0.8837665696 0.237596348 0.403118625
vn -0.8837665696 0.237596348 0.403118625
vn -0.8837665696 0.237596348 0.403118625
vn -0.8531280794 0.1713914643 0.4927448083
vn -0.8531280794 0.1713914643 0.4927448083
vn -0.8531280794 0.1713914643 0.4927448083
vn -0.8770253934 0.2202878314 0.4269657255
vn -0.8770253934 0.2202878314 0.4269657255
vn -0.8770253934 0.2202878314 0.4269657255
vn -0.8770227717 0.2202896895 0.4269701519
vn -0.8770227717 0.2202896895 0.4269701519
vn -0.8770227717 0.2202896895 0.4269701519
vn -0.8520078045 0.2357496829 0.4674449573
vn -0.8520078045 0.2357496829 0.4674449573
vn -0.8520078045 0.2357496829 0.4674449573
vn -0.8770254027 0.2202882385 0.4269654962
vn -0.8770254027 0.2202882385 0.4269654962
vn -0.8770254027 0.2202882385 0.4269654962
vn -0.8520083168 0.2357500878 0.4674438192
vn -0.8520083168 0.2357500878 0.4674438192
vn -0.8520083168 0.2357500878 0.4674438192
vn -0.8520076362 0.2357477977 0.4674462148
vn -0.8520076362 0.2357477977 0.4674462148
vn -0.8520076362 0.2357477977 0.4674462148
vn -0.8447335972 0.1975510944 0.4973919127
vn -0.8447335972 0.1975510944 0.4973919127
vn -0.8447335972 0.1975510944 0.4973919127
vn -0.8447334094 0.1975520453 0.497391854
vn -0.8447334094 0.1975520453 0.497391854
vn -0.8447334094 0.1975520453 0.497391854
vn -0.8274012387 0 0.5616112447
vn -0.8274012387 0 0.5616112447
vn -0.8274012387 0 0.5616112447
vn -0.8121415819 0 0.5834604107
vn -0.8121415819 0 0.5834604107
vn -0.8121415819 0 0.5834604107
vn -0.8373355118 0.0659584854 0.5426957886
vn -0.8373355118 0.0659584854 0.5426957886
vn -0.8373355118 0.0659584854 0.5426957886
vn -0.8095093971 0.08118805203 0.5814662813
vn -0.8095093971 0.08118805203 0.5814662813
vn -0.8095093971 0.08118805203 0.5814662813
vn -0.7591658997 0 0.6508971783
vn -0.7591658997 0 0.6508971783
vn -0.7591658997 0 0.6508971783
vn -0.7591669802 2.74165505e-06 0.6508959181
vn -0.7591669802 2.74165505e-06 0.6508959181
vn -0.7591669802 2.74165505e-06 0.6508959181
vn -0.7939957586 0.04057281005 0.6065678713
vn -0.7939957586 0.04057281005 0.6065678713
vn -0.7939957586 0.04057281005 0.6065678713
vn -0.7770796619 0.04057248962 0.6280932034
vn -0.7770796619 0.04057248962 0.6280932034
vn -0.7770796619 0.04057248962 0.6280932034
vn -0.7770865563 0.04055861467 0.6280855696
vn -0.7770865563 0.04055861467 0.6280855696
vn -0.7770865563 0.04055861467 0.6280855696
vn -0.7567654316 0.08088876935 0.6486625383
vn -0.7567654316 0.08088876935 0.6486625383
vn -0.7567654316 0.08088876935 0.6486625383
vn -0.8024760086 0.1070599637 0.5870012094
vn -0.8024760086 0.1070599637 0.5870012094
vn -0.8024760086 0.1070599637 0.5870012094
vn -0.8153166683 0.1470045281 0.5600432118
vn -0.8153166683 0.1470045281 0.5600432118
vn -0.8153166683 0.1470045281 0.5600432118
vn -0.8024754255 0.1070577521 0.5870024099
vn -0.8024754255 0.1070577521 0.5870024099
vn -0.8024754255 0.1070577521 0.5870024099
vn -0.802476983 0.107063035 0.5869993171
vn -0.802476983 0.107063035 0.5869993171
vn -0.802476983 0.107063035 0.5869993171
vn -0.8153163681 0.147003894 0.5600438153
vn -0.8153163681 0.147003894 0.5600438153
vn -0.8153163681 0.147003894 0.5600438153
vn -0.7722399316 0.1213997447 0.6236245585
vn -0.7722399316 0.1213997447 0.6236245585
vn -0.7722399316 0.1213997447 0.6236245585
vn -0.7722401607 0.1213996938 0.6236242847
vn -0.7722401607 0.1213996938 0.6236242847
vn -0.7722401607 0.1213996938 0.6236242847
vn -0.7567658369 0.08088740833 0.6486622351
vn -0.7567658369 0.08088740833 0.6486622351
vn -0.7567658369 0.08088740833 0.6486622351
vn -0.772240281 0.1213998804 0.6236240995
vn -0.772240281 0.1213998804 0.6236240995
vn -0.772240281 0.1213998804 0.6236240995
vn -0.7407781194 0 0.6717497881
vn -0.7407781194 0 0.6717497881
vn -0.7407781194 0 0.6717497881
vn -0.7408009525 0 0.6717246079
vn -0.7408009525 0 0.6717246079
vn -0.7408009525 0 0.6717246079
vn -0.8068931453 0.1730407087 0.5647834675
vn -0.8068931453 0.1730407087 0.5647834675
vn -0.8068931453 0.1730407087 0.5647834675
vn -0.8447407739 0.1975470093 0.4973813466
vn -0.8447407739 0.1975470093 0.4973813466
vn -0.8447407739 0.1975470093 0.4973813466
vn -0.8169734831 0.2122982756 0.5361751301
vn -0.8169734831 0.2122982756 0.5361751301
vn -0.8169734831 0.2122982756 0.5361751301
vn -0.8068930358 0.1730414812 0.5647833872
vn -0.8068930358 0.1730414812 0.5647833872
vn -0.8068930358 0.1730414812 0.5647833872
f 63/1/1 7/2/2 8/3/3
f 63/4/4 9/5/5 11/6/6
f 63/7/7 8/8/8 9/9/9
f 63/10/10 55/11/11 7/12/12
f 55/13/13 2/14/14 4/15/15
f 55/16/16 3/17/17 2/18/18
f 55/19/19 4/20/20 7/21/21
f 55/22/22 6/23/23 3/24/24
f 55/25/25 35/26/26 6/27/27
f 63/28/28 11/29/29 12/30/30
f 16/31/31 18/32/32 17/33/33
f 36/34/34 16/35/35 15/36/36
f 38/37/37 18/38/38 16/39/39
f 38/40/40 24/41/41 23/42/42
f 38/43/43 23/44/44 18/45/45
f 38/46/46 25/47/47 24/48/48
f 38/49/49 26/50/50 25/51/51
f 38/52/52 27/53/53 26/54/54
f 38/55/55 115/56/56 27/57/57
f 115/58/58 28/59/59 27/60/60
f 115/61/61 94/62/62 28/63/63
f 36/64/64 14/65/65 34/66/66
f 36/67/67 15/68/68 14/69/69
f 55/70/70 34/71/71 33/72/72
f 55/73/73 33/74/74 35/75/75
f 36/76/76 34/77/77 55/78/78
f 36/79/79 38/80/80 16/81/81
f 36/82/82 67/83/83 38/84/84
f 36/85/85 55/86/86 67/87/87
f 38/88/88 68/89/89 115/90/90
f 67/91/91 68/92/92 38/93/93
f 68/94/94 149/95/95 115/96/96
f 64/97/97 55/98/98 63/99/99
f 64/100/100 65/101/101 55/102/102
f 64/103/103 58/104/104 57/105/105
f 64/106/106 57/107/107 56/108/108
f 64/109/109 56/110/110 61/111/111
f 64/112/112 61/113/113 60/114/114
f 64/115/115 60/116/116 66/117/117
f 66/118/118 62/119/119 84/120/120
f 66/121/121 60/122/122 62/123/123
f 63/124/124 12/125/125 58/126/126
f 64/127/127 63/128/128 58/129/129
f 64/130/130 382/131/131 65/132/132
f 382/133/133 383/134/134 65/135/135
f 64/136/136 66/137/137 384/138/138
f 64/139/139 384/140/140 382/141/141
f 66/142/142 422/143/143 384/144/144
f 67/145/145 55/146/146 65/147/147
f 67/148/148 65/149/149 69/150/150
f 67/151/151 69/152/152 68/153/153
f 69/154/154 70/155/155 68/156/156
f 68/157/157 70/158/158 149/159/159
f 70/160/160 151/161/161 149/162/162
f 69/163/163 65/164/164 383/165/165
f 69/166/166 383/167/167 391/168/168
f 69/169/169 391/170/170 70/171/171
f 70/172/172 392/173/173 151/174/174
f 84/175/175 62/176/176 72/177/177
f 84/178/178 72/179/179 73/180/180
f 84/181/181 73/182/182 74/183/183
f 84/184/184 75/185/185 77/186/186
f 84/187/187 74/188/188 75/189/189
f 84/190/190 77/191/191 78/192/192
f 91/193/193 78/194/194 80/195/195
f 66/196/196 84/197/197 85/198/198
f 84/199/199 87/200/200 86/201/201
f 84/202/202 86/203/203 85/204/204
f 84/205/205 91/206/206 87/207/207
f 84/208/208 78/209/209 91/210/210
f 87/211/211 91/212/212 88/213/213
f 66/214/214 85/215/215 422/216/216
f 85/217/217 86/218/218 90/219/219
f 85/220/220 90/221/221 422/222/222
f 90/223/223 423/224/224 422/225/225
f 86/226/226 87/227/227 90/228/228
f 88/229/229 89/230/230 90/231/231
f 87/232/232 88/233/233 90/234/234
f 90/235/235 89/236/236 424/237/237
f 88/238/238 427/239/239 89/240/240
f 89/241/241 427/242/242 424/243/243
f 91/244/244 80/245/245 81/246/246
f 91/247/247 81/248/248 82/249/249
f 91/250/250 82/251/251 83/252/252
f 91/253/253 258/254/254 427/255/255
f 91/256/256 83/257/257 258/258/258
f 258/259/259 83/260/260 257/261/261
f 88/262/262 91/263/263 427/264/264
f 427/265/265 258/266/266 643/267/267
f 115/268/268 93/269/269 94/270/270
f 115/271/271 95/272/272 93/273/273
f 115/274/274 96/275/275 95/276/276
f 115/277/277 97/278/278 96/279/279
f 115/280/280 101/281/281 97/282/282
f 101/283/283 98/284/284 97/285/285
f 101/286/286 99/287/287 98/288/288
f 101/289/289 100/290/290 99/291/291
f 101/292/292 103/293/293 100/294/294
f 101/295/295 105/296/296 103/297/297
f 105/298/298 104/299/299 103/300/300
f 115/301/301 149/302/302 101/303/303
f 101/304/304 150/305/305 105/306/306
f 101/307/307 149/308/308 150/309/309
f 150/310/310 106/311/311 105/312/312
f 150/313/313 108/314/314 106/315/315
f 120/316/316 109/317/317 108/318/318
f 120/319/319 116/320/320 109/321/321
f 120/322/322 117/323/323 116/324/324
f 120/325/325 118/326/326 117/327/327
f 120/328/328 119/329/329 118/330/330
f 120/331/331 121/332/332 119/333/333
f 150/334/334 120/335/335 108/336/336
f 120/337/337 125/338/338 121/339/339
f 125/340/340 122/341/341 121/342/342
f 122/343/343 124/344/344 123/345/345
f 125/346/346 124/347/347 122/348/348
f 125/349/349 128/350/350 124/351/351
f 124/352/352 128/353/353 127/354/354
f 130/355/355 129/356/356 128/357/357
f 131/358/358 156/359/359 132/360/360
f 149/361/361 151/362/362 150/363/363
f 151/364/364 152/365/365 150/366/366
f 150/367/367 152/368/368 120/369/369
f 153/370/370 125/371/371 120/372/372
f 152/373/373 153/374/374 120/375/375
f 153/376/376 154/377/377 125/378/378
f 151/379/379 543/380/380 152/381/381
f 152/382/382 543/383/383 544/384/384
f 153/385/385 545/386/386 154/387/387
f 152/388/388 544/389/389 153/390/390
f 153/391/391 544/392/392 545/393/393
f 545/394/394 576/395/395 154/396/396
f 125/397/397 154/398/398 128/399/399
f 154/400/400 130/401/401 128/402/402
f 155/403/403 131/404/404 130/405/405
f 155/406/406 156/407/407 131/408/408
f 154/409/409 155/410/410 130/411/411
f 155/412/412 157/413/413 156/414/414
f 155/415/415 158/416/416 157/417/417
f 155/418/418 160/419/419 158/420/420
f 155/421/421 161/422/422 160/423/423
f 161/424/424 164/425/425 160/426/426
f 154/427/427 576/428/428 155/429/429
f 155/430/430 576/431/431 577/432/432
f 155/433/433 577/434/434 161/435/435
f 161/436/436 162/437/437 173/438/438
f 161/439/439 577/440/440 162/441/441
f 161/442/442 165/443/443 164/444/444
f 161/445/445 166/446/446 165/447/447
f 166/448/448 168/449/449 167/450/450
f 170/451/451 174/452/452 171/453/453
f 161/454/454 173/455/455 166/456/456
f 173/457/457 168/458/458 166/459/459
f 173/460/460 170/461/461 168/462/462
f 173/463/463 179/464/464 170/465/465
f 179/466/466 174/467/467 170/468/468
f 179/469/469 175/470/470 174/471/471
f 179/472/472 176/473/473 175/474/474
f 179/475/475 177/476/476 176/477/477
f 179/478/478 178/479/479 177/480/480
f 365/481/481 359/482/482 178/483/483
f 179/484/484 365/485/485 178/486/486
f 274/487/487 209/488/488 208/489/489
f 274/490/490 216/491/491 215/492/492
f 274/493/493 208/494/494 217/495/495
f 274/496/496 217/497/497 216/498/498
f 274/499/499 215/500/500 275/501/501
f 275/502/502 210/503/503 212/504/504
f 275/505/505 212/506/506 213/507/507
f 275/508/508 215/509/509 210/510/510
f 275/511/511 213/512/512 214/513/513
f 275/514/514 214/515/515 240/516/516
f 226/517/517 227/518/518 228/519/519
f 241/520/520 225/521/521 226/522/522
f 242/523/523 226/524/524 228/525/525
f 242/526/526 231/527/527 232/528/528
f 242/529/529 228/530/530 231/531/531
f 242/532/532 232/533/533 233/534/534
f 242/535/535 233/536/536 234/537/537
f 242/538/538 234/539/539 235/540/540
f 242/541/541 235/542/542 329/543/543
f 329/544/544 235/545/545 236/546/546
f 329/547/547 236/548/548 314/549/549
f 241/550/550 239/551/551 224/552/552
f 241/553/553 224/554/554 225/555/555
f 275/556/556 238/557/557 239/558/558
f 275/559/559 240/560/560 238/561/561
f 241/562/562 275/563/563 239/564/564
f 241/565/565 226/566/566 242/567/567
f 241/568/568 242/569/569 279/570/570
f 241/571/571 279/572/572 275/573/573
f 242/574/574 329/575/575 280/576/576
f 279/577/577 242/578/578 280/579/579
f 280/580/580 329/581/581 368/582/582
f 259/583/583 248/584/584 252/585/585
f 260/586/586 252/587/587 251/588/588
f 260/589/589 255/590/590 256/591/591
f 260/592/592 256/593/593 273/594/594
f 260/595/595 251/596/596 253/597/597
f 260/598/598 253/599/599 254/600/600
f 260/601/601 254/602/602 255/603/603
f 258/604/604 257/605/605 245/606/606
f 258/607/607 245/608/608 259/609/609
f 259/610/610 245/611/611 247/612/612
f 259/613/613 247/614/614 246/615/615
f 259/616/616 246/617/617 248/618/618
f 258/619/619 259/620/620 644/621/621
f 258/622/622 644/623/623 643/624/624
f 259/625/625 261/626/626 644/627/627
f 259/628/628 252/629/629 260/630/630
f 259/631/631 260/632/632 264/633/633
f 259/634/634 264/635/635 261/636/636
f 260/637/637 276/638/638 266/639/639
f 264/640/640 260/641/641 265/642/642
f 260/643/643 266/644/644 265/645/645
f 261/646/646 263/647/647 262/648/648
f 261/649/649 264/650/650 263/651/651
f 263/652/652 264/653/653 265/654/654
f 261/655/655 262/656/656 644/657/657
f 263/658/658 645/659/659 262/660/660
f 644/661/661 262/662/662 645/663/663
f 263/664/664 265/665/665 266/666/666
f 263/667/667 266/668/668 646/669/669
f 266/670/670 276/671/671 646/672/672
f 263/673/673 646/674/674 647/675/675
f 277/676/676 270/677/677 271/678/678
f 277/679/679 271/680/680 272/681/681
f 260/682/682 273/683/683 276/684/684
f 276/685/685 273/686/686 268/687/687
f 277/688/688 269/689/689 270/690/690
f 277/691/691 268/692/692 269/693/693
f 276/694/694 268/695/695 277/696/696
f 274/697/697 272/698/698 209/699/699
f 274/700/700 277/701/701 272/702/702
f 274/703/703 275/704/704 277/705/705
f 277/706/706 275/707/707 278/708/708
f 276/709/709 277/710/710 682/711/711
f 646/712/712 276/713/713 682/714/714
f 277/715/715 683/716/716 682/717/717
f 277/718/718 278/719/719 683/720/720
f 683/721/721 278/722/722 684/723/723
f 275/724/724 279/725/725 278/726/726
f 278/727/727 279/728/728 281/729/729
f 279/730/730 280/731/731 281/732/732
f 281/733/733 280/734/734 282/735/735
f 280/736/736 368/737/737 282/738/738
f 282/739/739 368/740/740 370/741/741
f 278/742/742 281/743/743 684/744/744
f 281/745/745 692/746/746 684/747/747
f 281/748/748 282/749/749 692/750/750
f 282/751/751 370/752/752 693/753/753
f 329/754/754 314/755/755 313/756/756
f 329/757/757 313/758/758 315/759/759
f 329/760/760 315/761/761 316/762/762
f 329/763/763 319/764/764 321/765/765
f 329/766/766 316/767/767 319/768/768
f 321/769/769 317/770/770 318/771/771
f 321/772/772 318/773/773 325/774/774
f 321/775/775 319/776/776 320/777/777
f 321/778/778 320/779/779 317/780/780
f 327/781/781 325/782/782 326/783/783
f 321/784/784 325/785/785 327/786/786
f 329/787/787 321/788/788 368/789/789
f 321/790/790 327/791/791 369/792/792
f 321/793/793 369/794/794 368/795/795
f 334/796/796 323/797/797 324/798/798
f 334/799/799 324/800/800 330/801/801
f 334/802/802 330/803/803 331/804/804
f 334/805/805 331/806/806 332/807/807
f 334/808/808 332/809/809 333/810/810
f 334/811/811 333/812/812 343/813/813
f 369/814/814 327/815/815 328/816/816
f 369/817/817 328/818/818 323/819/819
f 334/820/820 343/821/821 347/822/822
f 369/823/823 323/824/824 334/825/825
f 338/826/826 346/827/827 337/828/828
f 338/829/829 339/830/830 341/831/831
f 342/832/832 340/833/833 376/834/834
f 347/835/835 343/836/836 344/837/837
f 346/838/838 344/839/839 345/840/840
f 347/841/841 344/842/842 346/843/843
f 347/844/844 346/845/845 338/846/846
f 364/847/847 353/848/848 352/849/849
f 379/850/850 356/851/851 357/852/852
f 379/853/853 354/854/854 356/855/855
f 357/856/856 355/857/857 358/858/858
f 365/859/859 361/860/860 359/861/861
f 366/862/862 360/863/863 361/864/864
f 366/865/865 362/866/866 360/867/867
f 366/868/868 363/869/869 362/870/870
f 366/871/871 364/872/872 363/873/873
f 366/874/874 353/875/875 364/876/876
f 365/877/877 366/878/878 361/879/879
f 367/880/880 358/881/881 353/882/882
f 367/883/883 357/884/884 358/885/885
f 367/886/886 379/887/887 357/888/888
f 366/889/889 367/890/890 353/891/891
f 368/892/892 369/893/893 370/894/894
f 370/895/895 369/896/896 371/897/897
f 334/898/898 347/899/899 372/900/900
f 369/901/901 334/902/902 371/903/903
f 372/904/904 347/905/905 380/906/906
f 371/907/907 334/908/908 372/909/909
f 370/910/910 371/911/911 844/912/912
f 371/913/913 845/914/914 844/915/915
f 372/916/916 380/917/917 846/918/918
f 846/919/919 380/920/920 877/921/921
f 371/922/922 372/923/923 845/924/924
f 372/925/925 846/926/926 845/927/927
f 380/928/928 338/929/929 341/930/930
f 373/931/931 341/932/932 342/933/933
f 373/934/934 342/935/935 376/936/936
f 373/937/937 380/938/938 341/939/939
f 373/940/940 377/941/941 378/942/942
f 373/943/943 376/944/944 375/945/945
f 373/946/946 375/947/947 377/948/948
f 379/949/949 378/950/950 354/951/951
f 373/952/952 378/953/953 379/954/954
f 347/955/955 338/956/956 380/957/957
f 373/958/958 379/959/959 876/960/960
f 367/961/961 381/962/962 379/963/963
f 379/964/964 381/965/965 876/966/966
f 373/967/967 877/968/968 380/969/969
f 373/970/970 876/971/971 877/972/972
f 382/973/973 389/974/974 383/975/975
f 389/976/976 385/977/977 383/978/978
f 382/979/979 384/980/980 388/981/981
f 382/982/982 388/983/983 389/984/984
f 384/985/985 428/986/986 388/987/987
f 389/988/988 461/989/989 453/990/990
f 385/991/991 386/992/992 403/993/993
f 389/994/994 451/995/995 385/996/996
f 385/997/997 451/998/998 386/999/999
f 386/1000/1000 387/1001/1001 403/1002/1002
f 389/1003/1003 452/1004/1004 451/1005/1005
f 389/1006/1006 453/1007/1007 452/1008/1008
f 451/1009/1009 387/1010/1010 386/1011/1011
f 458/1012/1012 388/1013/1013 428/1014/1014
f 458/1015/1015 461/1016/1016 389/1017/1017
f 458/1018/1018 389/1019/1019 388/1020/1020
f 387/1021/1021 390/1022/1022 420/1023/1023
f 420/1024/1024 390/1025/1025 435/1026/1026
f 391/1027/1027 394/1028/1028 392/1029/1029
f 391/1030/1030 383/1031/1031 385/1032/1032
f 70/1033/1033 391/1034/1034 392/1035/1035
f 392/1036/1036 543/1037/1037 151/1038/1038
f 392/1039/1039 550/1040/1040 543/1041/1041
f 393/1042/1042 546/1043/1043 417/1044/1044
f 421/1045/1045 442/1046/1046 393/1047/1047
f 393/1048/1048 443/1049/1049 546/1050/1050
f 391/1051/1051 385/1052/1052 394/1053/1053
f 394/1054/1054 397/1055/1055 406/1056/1056
f 396/1057/1057 394/1058/1058 385/1059/1059
f 395/1060/1060 416/1061/1061 398/1062/1062
f 396/1063/1063 400/1064/1064 394/1065/1065
f 398/1066/1066 406/1067/1067 397/1068/1068
f 394/1069/1069 399/1070/1070 397/1071/1071
f 394/1072/1072 400/1073/1073 399/1074/1074
f 399/1075/1075 395/1076/1076 397/1077/1077
f 395/1078/1078 398/1079/1079 397/1080/1080
f 396/1081/1081 385/1082/1082 402/1083/1083
f 385/1084/1084 403/1085/1085 402/1086/1086
f 400/1087/1087 401/1088/1088 395/1089/1089
f 396/1090/1090 401/1091/1091 400/1092/1092
f 396/1093/1093 402/1094/1094 401/1095/1095
f 402/1096/1096 403/1097/1097 401/1098/1098
f 401/1099/1099 403/1100/1100 387/1101/1101
f 400/1102/1102 395/1103/1103 399/1104/1104
f 394/1105/1105 406/1106/1106 392/1107/1107
f 392/1108/1108 406/1109/1109 412/1110/1110
f 398/1111/1111 404/1112/1112 406/1113/1113
f 406/1114/1114 405/1115/1115 409/1116/1116
f 404/1117/1117 405/1118/1118 406/1119/1119
f 404/1120/1120 410/1121/1121 405/1122/1122
f 409/1123/1123 405/1124/1124 410/1125/1125
f 406/1126/1126 407/1127/1127 408/1128/1128
f 406/1129/1129 409/1130/1130 407/1131/1131
f 407/1132/1132 409/1133/1133 410/1134/1134
f 407/1135/1135 410/1136/1136 408/1137/1137
f 406/1138/1138 408/1139/1139 412/1140/1140
f 410/1141/1141 412/1142/1142 408/1143/1143
f 404/1144/1144 416/1145/1145 410/1146/1146
f 398/1147/1147 416/1148/1148 404/1149/1149
f 410/1150/1150 415/1151/1151 411/1152/1152
f 392/1153/1153 413/1154/1154 414/1155/1155
f 392/1156/1156 412/1157/1157 413/1158/1158
f 392/1159/1159 414/1160/1160 550/1161/1161
f 410/1162/1162 411/1163/1163 412/1164/1164
f 412/1165/1165 411/1166/1166 413/1167/1167
f 413/1168/1168 411/1169/1169 414/1170/1170
f 411/1171/1171 547/1172/1172 552/1173/1173
f 411/1174/1174 550/1175/1175 414/1176/1176
f 411/1177/1177 551/1178/1178 550/1179/1179
f 411/1180/1180 552/1181/1181 551/1182/1182
f 411/1183/1183 417/1184/1184 547/1185/1185
f 410/1186/1186 416/1187/1187 415/1188/1188
f 411/1189/1189 415/1190/1190 417/1191/1191
f 401/1192/1192 418/1193/1193 395/1194/1194
f 395/1195/1195 419/1196/1196 416/1197/1197
f 395/1198/1198 418/1199/1199 419/1200/1200
f 420/1201/1201 447/1202/1202 418/1203/1203
f 418/1204/1204 448/1205/1205 419/1206/1206
f 401/1207/1207 387/1208/1208 420/1209/1209
f 401/1210/1210 420/1211/1211 418/1212/1212
f 416/1213/1213 421/1214/1214 415/1215/1215
f 416/1216/1216 419/1217/1217 421/1218/1218
f 415/1219/1219 421/1220/1220 393/1221/1221
f 415/1222/1222 393/1223/1223 417/1224/1224
f 419/1225/1225 441/1226/1226 421/1227/1227
f 384/1228/1228 422/1229/1229 423/1230/1230
f 384/1231/1231 423/1232/1232 428/1233/1233
f 90/1234/1234 425/1235/1235 423/1236/1236
f 90/1237/1237 424/1238/1238 426/1239/1239
f 424/1240/1240 427/1241/1241 426/1242/1242
f 90/1243/1243 426/1244/1244 431/1245/1245
f 423/1246/1246 425/1247/1247 428/1248/1248
f 90/1249/1249 429/1250/1250 425/1251/1251
f 90/1252/1252 430/1253/1253 429/1254/1254
f 90/1255/1255 431/1256/1256 432/1257/1257
f 90/1258/1258 433/1259/1259 430/1260/1260
f 426/1261/1261 437/1262/1262 431/1263/1263
f 90/1264/1264 432/1265/1265 434/1266/1266
f 427/1267/1267 643/1268/1268 437/1269/1269
f 426/1270/1270 427/1271/1271 437/1272/1272
f 437/1273/1273 643/1274/1274 650/1275/1275
f 425/1276/1276 429/1277/1277 428/1278/1278
f 428/1279/1279 429/1280/1280 430/1281/1281
f 428/1282/1282 430/1283/1283 433/1284/1284
f 431/1285/1285 437/1286/1286 432/1287/1287
f 90/1288/1288 495/1289/1289 433/1290/1290
f 458/1291/1291 428/1292/1292 433/1293/1293
f 432/1294/1294 438/1295/1295 434/1296/1296
f 90/1297/1297 434/1298/1298 530/1299/1299
f 90/1300/1300 530/1301/1301 495/1302/1302
f 435/1303/1303 440/1304/1304 449/1305/1305
f 390/1306/1306 436/1307/1307 435/1308/1308
f 436/1309/1309 440/1310/1310 435/1311/1311
f 436/1312/1312 439/1313/1313 440/1314/1314
f 432/1315/1315 437/1316/1316 438/1317/1317
f 437/1318/1318 650/1319/1319 438/1320/1320
f 438/1321/1321 650/1322/1322 652/1323/1323
f 439/1324/1324 654/1325/1325 440/1326/1326
f 439/1327/1327 726/1328/1328 654/1329/1329
f 440/1330/1330 654/1331/1331 677/1332/1332
f 448/1333/1333 444/1334/1334 441/1335/1335
f 421/1336/1336 441/1337/1337 442/1338/1338
f 393/1339/1339 442/1340/1340 443/1341/1341
f 441/1342/1342 445/1343/1343 442/1344/1344
f 441/1345/1345 444/1346/1346 445/1347/1347
f 442/1348/1348 446/1349/1349 443/1350/1350
f 442/1351/1351 445/1352/1352 446/1353/1353
f 446/1354/1354 585/1355/1355 443/1356/1356
f 450/1357/1357 666/1358/1358 444/1359/1359
f 444/1360/1360 666/1361/1361 668/1362/1362
f 444/1363/1363 668/1364/1364 445/1365/1365
f 446/1366/1366 445/1367/1367 669/1368/1368
f 446/1369/1369 670/1370/1370 585/1371/1371
f 445/1372/1372 668/1373/1373 669/1374/1374
f 446/1375/1375 669/1376/1376 670/1377/1377
f 420/1378/1378 435/1379/1379 447/1380/1380
f 418/1381/1381 447/1382/1382 448/1383/1383
f 419/1384/1384 448/1385/1385 441/1386/1386
f 447/1387/1387 449/1388/1388 450/1389/1389
f 435/1390/1390 449/1391/1391 447/1392/1392
f 447/1393/1393 450/1394/1394 448/1395/1395
f 448/1396/1396 450/1397/1397 444/1398/1398
f 449/1399/1399 676/1400/1400 450/1401/1401
f 440/1402/1402 677/1403/1403 449/1404/1404
f 449/1405/1405 677/1406/1406 676/1407/1407
f 450/1408/1408 676/1409/1409 666/1410/1410
f 454/1411/1411 453/1412/1412 461/1413/1413
f 457/1414/1414 461/1415/1415 462/1416/1416
f 454/1417/1417 461/1418/1418 455/1419/1419
f 457/1420/1420 455/1421/1421 461/1422/1422
f 457/1423/1423 462/1424/1424 456/1425/1425
f 456/1426/1426 387/1427/1427 453/1428/1428
f 454/1429/1429 456/1430/1430 453/1431/1431
f 452/1432/1432 453/1433/1433 387/1434/1434
f 452/1435/1435 387/1436/1436 451/1437/1437
f 457/1438/1438 456/1439/1439 455/1440/1440
f 454/1441/1441 455/1442/1442 456/1443/1443
f 458/1444/1444 459/1445/1445 461/1446/1446
f 458/1447/1447 481/1448/1448 459/1449/1449
f 458/1450/1450 497/1451/1451 482/1452/1452
f 458/1453/1453 479/1454/1454 481/1455/1455
f 458/1456/1456 480/1457/1457 479/1458/1458
f 468/1459/1459 459/1460/1460 460/1461/1461
f 459/1462/1462 481/1463/1463 460/1464/1464
f 460/1465/1465 481/1466/1466 479/1467/1467
f 458/1468/1468 482/1469/1469 480/1470/1470
f 460/1471/1471 479/1472/1472 480/1473/1473
f 460/1474/1474 480/1475/1475 517/1476/1476
f 461/1477/1477 464/1478/1478 462/1479/1479
f 456/1480/1480 462/1481/1481 466/1482/1482
f 456/1483/1483 466/1484/1484 463/1485/1485
f 456/1486/1486 390/1487/1487 387/1488/1488
f 456/1489/1489 463/1490/1490 390/1491/1491
f 463/1492/1492 436/1493/1493 390/1494/1494
f 465/1495/1495 464/1496/1496 461/1497/1497
f 466/1498/1498 462/1499/1499 464/1500/1500
f 467/1501/1501 461/1502/1502 468/1503/1503
f 468/1504/1504 461/1505/1505 459/1506/1506
f 465/1507/1507 461/1508/1508 467/1509/1509
f 465/1510/1510 467/1511/1511 466/1512/1512
f 467/1513/1513 468/1514/1514 466/1515/1515
f 465/1516/1516 466/1517/1517 464/1518/1518
f 466/1519/1519 468/1520/1520 460/1521/1521
f 466/1522/1522 460/1523/1523 463/1524/1524
f 470/1525/1525 472/1526/1526 471/1527/1527
f 470/1528/1528 471/1529/1529 474/1530/1530
f 471/1531/1531 472/1532/1532 474/1533/1533
f 469/1534/1534 470/1535/1535 473/1536/1536
f 469/1537/1537 476/1538/1538 470/1539/1539
f 473/1540/1540 470/1541/1541 474/1542/1542
f 469/1543/1543 473/1544/1544 476/1545/1545
f 473/1546/1546 484/1547/1547 476/1548/1548
f 473/1549/1549 477/1550/1550 484/1551/1551
f 470/1552/1552 476/1553/1553 472/1554/1554
f 474/1555/1555 472/1556/1556 475/1557/1557
f 474/1558/1558 475/1559/1559 477/1560/1560
f 472/1561/1561 490/1562/1562 475/1563/1563
f 473/1564/1564 474/1565/1565 477/1566/1566
f 476/1567/1567 490/1568/1568 472/1569/1569
f 476/1570/1570 488/1571/1571 490/1572/1572
f 477/1573/1573 475/1574/1574 523/1575/1575
f 475/1576/1576 514/1577/1577 523/1578/1578
f 475/1579/1579 478/1580/1580 514/1581/1581
f 475/1582/1582 491/1583/1583 478/1584/1584
f 475/1585/1585 490/1586/1586 491/1587/1587
f 478/1588/1588 515/1589/1589 514/1590/1590
f 478/1591/1591 491/1592/1592 515/1593/1593
f 483/1594/1594 517/1595/1595 482/1596/1596
f 483/1597/1597 482/1598/1598 510/1599/1599
f 480/1600/1600 482/1601/1601 517/1602/1602
f 484/1603/1603 492/1604/1604 476/1605/1605
f 484/1606/1606 494/1607/1607 485/1608/1608
f 484/1609/1609 485/1610/1610 492/1611/1611
f 485/1612/1612 494/1613/1613 493/1614/1614
f 476/1615/1615 486/1616/1616 489/1617/1617
f 476/1618/1618 487/1619/1619 486/1620/1620
f 484/1621/1621 477/1622/1622 523/1623/1623
f 476/1624/1624 492/1625/1625 487/1626/1626
f 476/1627/1627 489/1628/1628 488/1629/1629
f 488/1630/1630 526/1631/1631 490/1632/1632
f 489/1633/1633 526/1634/1634 488/1635/1635
f 486/1636/1636 526/1637/1637 489/1638/1638
f 484/1639/1639 523/1640/1640 494/1641/1641
f 487/1642/1642 493/1643/1643 486/1644/1644
f 485/1645/1645 493/1646/1646 492/1647/1647
f 492/1648/1648 493/1649/1649 487/1650/1650
f 494/1651/1651 523/1652/1652 493/1653/1653
f 493/1654/1654 526/1655/1655 486/1656/1656
f 458/1657/1657 433/1658/1658 495/1659/1659
f 458/1660/1660 495/1661/1661 497/1662/1662
f 434/1663/1663 438/1664/1664 496/1665/1665
f 496/1666/1666 507/1667/1667 500/1668/1668
f 497/1669/1669 495/1670/1670 499/1671/1671
f 497/1672/1672 499/1673/1673 503/1674/1674
f 497/1675/1675 503/1676/1676 498/1677/1677
f 497/1678/1678 498/1679/1679 511/1680/1680
f 498/1681/1681 503/1682/1682 511/1683/1683
f 460/1684/1684 517/1685/1685 505/1686/1686
f 495/1687/1687 503/1688/1688 499/1689/1689
f 500/1690/1690 507/1691/1691 501/1692/1692
f 501/1693/1693 502/1694/1694 504/1695/1695
f 434/1696/1696 496/1697/1697 530/1698/1698
f 495/1699/1699 527/1700/1700 503/1701/1701
f 501/1702/1702 519/1703/1703 502/1704/1704
f 496/1705/1705 500/1706/1706 530/1707/1707
f 500/1708/1708 501/1709/1709 530/1710/1710
f 502/1711/1711 519/1712/1712 504/1713/1713
f 463/1714/1714 506/1715/1715 436/1716/1716
f 460/1717/1717 506/1718/1718 463/1719/1719
f 506/1720/1720 439/1721/1721 436/1722/1722
f 506/1723/1723 509/1724/1724 439/1725/1725
f 506/1726/1726 505/1727/1727 509/1728/1728
f 460/1729/1729 505/1730/1730 506/1731/1731
f 496/1732/1732 438/1733/1733 507/1734/1734
f 438/1735/1735 652/1736/1736 507/1737/1737
f 507/1738/1738 652/1739/1739 722/1740/1740
f 501/1741/1741 507/1742/1742 535/1743/1743
f 501/1744/1744 535/1745/1745 519/1746/1746
f 505/1747/1747 508/1748/1748 509/1749/1749
f 505/1750/1750 534/1751/1751 508/1752/1752
f 507/1753/1753 722/1754/1754 535/1755/1755
f 535/1756/1756 722/1757/1757 740/1758/1758
f 509/1759/1759 508/1760/1760 723/1761/1761
f 509/1762/1762 726/1763/1763 439/1764/1764
f 509/1765/1765 723/1766/1766 726/1767/1767
f 482/1768/1768 497/1769/1769 510/1770/1770
f 497/1771/1771 511/1772/1772 510/1773/1773
f 510/1774/1774 511/1775/1775 516/1776/1776
f 511/1777/1777 503/1778/1778 527/1779/1779
f 512/1780/1780 510/1781/1781 513/1782/1782
f 515/1783/1783 510/1784/1784 514/1785/1785
f 515/1786/1786 513/1787/1787 510/1788/1788
f 526/1789/1789 517/1790/1790 513/1791/1791
f 524/1792/1792 514/1793/1793 510/1794/1794
f 526/1795/1795 513/1796/1796 515/1797/1797
f 524/1798/1798 510/1799/1799 516/1800/1800
f 511/1801/1801 527/1802/1802 516/1803/1803
f 526/1804/1804 527/1805/1805 517/1806/1806
f 517/1807/1807 527/1808/1808 528/1809/1809
f 483/1810/1810 512/1811/1811 517/1812/1812
f 483/1813/1813 510/1814/1814 512/1815/1815
f 512/1816/1816 513/1817/1817 517/1818/1818
f 495/1819/1819 528/1820/1820 527/1821/1821
f 495/1822/1822 530/1823/1823 528/1824/1824
f 501/1825/1825 504/1826/1826 530/1827/1827
f 504/1828/1828 519/1829/1829 518/1830/1830
f 504/1831/1831 518/1832/1832 520/1833/1833
f 518/1834/1834 519/1835/1835 520/1836/1836
f 517/1837/1837 528/1838/1838 534/1839/1839
f 504/1840/1840 520/1841/1841 529/1842/1842
f 520/1843/1843 519/1844/1844 522/1845/1845
f 504/1846/1846 529/1847/1847 530/1848/1848
f 520/1849/1849 521/1850/1850 529/1851/1851
f 520/1852/1852 522/1853/1853 521/1854/1854
f 528/1855/1855 530/1856/1856 534/1857/1857
f 517/1858/1858 534/1859/1859 505/1860/1860
f 490/1861/1861 526/1862/1862 491/1863/1863
f 523/1864/1864 514/1865/1865 525/1866/1866
f 493/1867/1867 523/1868/1868 525/1869/1869
f 491/1870/1870 526/1871/1871 515/1872/1872
f 525/1873/1873 514/1874/1874 524/1875/1875
f 525/1876/1876 524/1877/1877 526/1878/1878
f 493/1879/1879 525/1880/1880 526/1881/1881
f 524/1882/1882 516/1883/1883 526/1884/1884
f 526/1885/1885 516/1886/1886 527/1887/1887
f 521/1888/1888 522/1889/1889 532/1890/1890
f 521/1891/1891 531/1892/1892 529/1893/1893
f 521/1894/1894 532/1895/1895 531/1896/1896
f 531/1897/1897 532/1898/1898 529/1899/1899
f 532/1900/1900 522/1901/1901 533/1902/1902
f 519/1903/1903 535/1904/1904 536/1905/1905
f 519/1906/1906 536/1907/1907 522/1908/1908
f 530/1909/1909 540/1910/1910 534/1911/1911
f 535/1912/1912 740/1913/1913 536/1914/1914
f 534/1915/1915 540/1916/1916 741/1917/1917
f 536/1918/1918 740/1919/1919 744/1920/1920
f 534/1921/1921 741/1922/1922 508/1923/1923
f 532/1924/1924 540/1925/1925 529/1926/1926
f 522/1927/1927 537/1928/1928 533/1929/1929
f 532/1930/1930 533/1931/1931 540/1932/1932
f 522/1933/1933 538/1934/1934 537/1935/1935
f 530/1936/1936 529/1937/1937 540/1938/1938
f 522/1939/1939 536/1940/1940 538/1941/1941
f 533/1942/1942 537/1943/1943 540/1944/1944
f 538/1945/1945 536/1946/1946 539/1947/1947
f 537/1948/1948 538/1949/1949 540/1950/1950
f 538/1951/1951 539/1952/1952 540/1953/1953
f 536/1954/1954 744/1955/1955 541/1956/1956
f 536/1957/1957 541/1958/1958 539/1959/1959
f 539/1960/1960 541/1961/1961 540/1962/1962
f 540/1963/1963 541/1964/1964 542/1965/1965
f 541/1966/1966 744/1967/1967 542/1968/1968
f 540/1969/1969 542/1970/1970 746/1971/1971
f 542/1972/1972 744/1973/1973 746/1974/1974
f 543/1975/1975 552/1976/1976 544/1977/1977
f 544/1978/1978 557/1979/1979 545/1980/1980
f 557/1981/1981 561/1982/1982 545/1983/1983
f 545/1984/1984 561/1985/1985 576/1986/1986
f 561/1987/1987 578/1988/1988 576/1989/1989
f 546/1990/1990 583/1991/1991 572/1992/1992
f 543/1993/1993 550/1994/1994 551/1995/1995
f 543/1996/1996 551/1997/1997 552/1998/1998
f 552/1999/1999 547/2000/2000 544/2001/2001
f 547/2002/2002 548/2003/2003 544/2004/2004
f 548/2005/2005 549/2006/2006 544/2007/2007
f 549/2008/2008 553/2009/2009 544/2010/2010
f 547/2011/2011 417/2012/2012 548/2013/2013
f 548/2014/2014 559/2015/2015 549/2016/2016
f 549/2017/2017 559/2018/2018 553/2019/2019
f 553/2020/2020 559/2021/2021 554/2022/2022
f 553/2023/2023 557/2024/2024 544/2025/2025
f 553/2026/2026 554/2027/2027 557/2028/2028
f 554/2029/2029 555/2030/2030 557/2031/2031
f 555/2032/2032 556/2033/2033 557/2034/2034
f 556/2035/2035 558/2036/2036 557/2037/2037
f 557/2038/2038 558/2039/2039 563/2040/2040
f 557/2041/2041 563/2042/2042 564/2043/2043
f 554/2044/2044 560/2045/2045 555/2046/2046
f 555/2047/2047 560/2048/2048 556/2049/2049
f 556/2050/2050 560/2051/2051 558/2052/2052
f 558/2053/2053 560/2054/2054 563/2055/2055
f 548/2056/2056 417/2057/2057 559/2058/2058
f 554/2059/2059 559/2060/2060 560/2061/2061
f 557/2062/2062 564/2063/2063 561/2064/2064
f 564/2065/2065 565/2066/2066 561/2067/2067
f 561/2068/2068 569/2069/2069 578/2070/2070
f 563/2071/2071 560/2072/2072 562/2073/2073
f 563/2074/2074 562/2075/2075 564/2076/2076
f 564/2077/2077 562/2078/2078 565/2079/2079
f 565/2080/2080 566/2081/2081 561/2082/2082
f 561/2083/2083 566/2084/2084 567/2085/2085
f 565/2086/2086 562/2087/2087 566/2088/2088
f 566/2089/2089 562/2090/2090 567/2091/2091
f 561/2092/2092 567/2093/2093 568/2094/2094
f 561/2095/2095 568/2096/2096 569/2097/2097
f 569/2098/2098 570/2099/2099 578/2100/2100
f 568/2101/2101 562/2102/2102 571/2103/2103
f 567/2104/2104 562/2105/2105 568/2106/2106
f 570/2107/2107 598/2108/2108 578/2109/2109
f 568/2110/2110 571/2111/2111 569/2112/2112
f 571/2113/2113 570/2114/2114 569/2115/2115
f 571/2116/2116 579/2117/2117 570/2118/2118
f 570/2119/2119 579/2120/2120 598/2121/2121
f 417/2122/2122 546/2123/2123 559/2124/2124
f 559/2125/2125 546/2126/2126 572/2127/2127
f 559/2128/2128 572/2129/2129 560/2130/2130
f 560/2131/2131 572/2132/2132 573/2133/2133
f 572/2134/2134 584/2135/2135 573/2136/2136
f 560/2137/2137 573/2138/2138 562/2139/2139
f 562/2140/2140 574/2141/2141 571/2142/2142
f 562/2143/2143 573/2144/2144 574/2145/2145
f 573/2146/2146 588/2147/2147 574/2148/2148
f 574/2149/2149 589/2150/2150 575/2151/2151
f 571/2152/2152 575/2153/2153 579/2154/2154
f 571/2155/2155 574/2156/2156 575/2157/2157
f 576/2158/2158 578/2159/2159 577/2160/2160
f 578/2161/2161 580/2162/2162 577/2163/2163
f 577/2164/2164 580/2165/2165 162/2166/2166
f 162/2167/2167 582/2168/2168 173/2169/2169
f 580/2170/2170 582/2171/2171 162/2172/2172
f 578/2173/2173 601/2174/2174 580/2175/2175
f 578/2176/2176 598/2177/2177 599/2178/2178
f 578/2179/2179 599/2180/2180 600/2181/2181
f 578/2182/2182 600/2183/2183 601/2184/2184
f 601/2185/2185 606/2186/2186 580/2187/2187
f 580/2188/2188 606/2189/2189 582/2190/2190
f 575/2191/2191 581/2192/2192 579/2193/2193
f 575/2194/2194 590/2195/2195 581/2196/2196
f 582/2197/2197 614/2198/2198 594/2199/2199
f 606/2200/2200 614/2201/2201 582/2202/2202
f 546/2203/2203 443/2204/2204 583/2205/2205
f 572/2206/2206 583/2207/2207 584/2208/2208
f 443/2209/2209 585/2210/2210 583/2211/2211
f 583/2212/2212 585/2213/2213 586/2214/2214
f 583/2215/2215 586/2216/2216 584/2217/2217
f 584/2218/2218 587/2219/2219 588/2220/2220
f 584/2221/2221 586/2222/2222 587/2223/2223
f 585/2224/2224 821/2225/2225 586/2226/2226
f 586/2227/2227 822/2228/2228 587/2229/2229
f 585/2230/2230 670/2231/2231 821/2232/2232
f 586/2233/2233 821/2234/2234 822/2235/2235
f 587/2236/2236 822/2237/2237 826/2238/2238
f 587/2239/2239 826/2240/2240 591/2241/2241
f 573/2242/2242 584/2243/2243 588/2244/2244
f 574/2245/2245 588/2246/2246 589/2247/2247
f 575/2248/2248 589/2249/2249 590/2250/2250
f 588/2251/2251 591/2252/2252 589/2253/2253
f 588/2254/2254 587/2255/2255 591/2256/2256
f 589/2257/2257 591/2258/2258 592/2259/2259
f 589/2260/2260 592/2261/2261 590/2262/2262
f 592/2263/2263 595/2264/2264 590/2265/2265
f 591/2266/2266 829/2267/2267 592/2268/2268
f 592/2269/2269 830/2270/2270 595/2271/2271
f 591/2272/2272 826/2273/2273 829/2274/2274
f 592/2275/2275 829/2276/2276 830/2277/2277
f 173/2278/2278 594/2279/2279 179/2280/2280
f 582/2281/2281 594/2282/2282 173/2283/2283
f 594/2284/2284 597/2285/2285 179/2286/2286
f 179/2287/2287 597/2288/2288 365/2289/2289
f 597/2290/2290 839/2291/2291 365/2292/2292
f 581/2293/2293 590/2294/2294 593/2295/2295
f 590/2296/2296 595/2297/2297 593/2298/2298
f 593/2299/2299 595/2300/2300 596/2301/2301
f 594/2302/2302 622/2303/2303 597/2304/2304
f 614/2305/2305 622/2306/2306 594/2307/2307
f 622/2308/2308 625/2309/2309 597/2310/2310
f 595/2311/2311 836/2312/2312 596/2313/2313
f 595/2314/2314 830/2315/2315 836/2316/2316
f 596/2317/2317 836/2318/2318 883/2319/2319
f 597/2320/2320 625/2321/2321 839/2322/2322
f 625/2323/2323 886/2324/2324 839/2325/2325
f 598/2326/2326 579/2327/2327 599/2328/2328
f 599/2329/2329 579/2330/2330 600/2331/2331
f 600/2332/2332 579/2333/2333 601/2334/2334
f 601/2335/2335 579/2336/2336 602/2337/2337
f 602/2338/2338 579/2339/2339 603/2340/2340
f 579/2341/2341 605/2342/2342 603/2343/2343
f 601/2344/2344 602/2345/2345 606/2346/2346
f 602/2347/2347 603/2348/2348 606/2349/2349
f 603/2350/2350 605/2351/2351 604/2352/2352
f 603/2353/2353 604/2354/2354 606/2355/2355
f 605/2356/2356 608/2357/2357 604/2358/2358
f 579/2359/2359 581/2360/2360 605/2361/2361
f 605/2362/2362 581/2363/2363 607/2364/2364
f 604/2365/2365 608/2366/2366 606/2367/2367
f 605/2368/2368 607/2369/2369 610/2370/2370
f 581/2371/2371 593/2372/2372 607/2373/2373
f 605/2374/2374 610/2375/2375 608/2376/2376
f 606/2377/2377 608/2378/2378 609/2379/2379
f 606/2380/2380 609/2381/2381 611/2382/2382
f 606/2383/2383 611/2384/2384 612/2385/2385
f 608/2386/2386 610/2387/2387 609/2388/2388
f 609/2389/2389 610/2390/2390 611/2391/2391
f 611/2392/2392 610/2393/2393 612/2394/2394
f 606/2395/2395 612/2396/2396 615/2397/2397
f 610/2398/2398 613/2399/2399 612/2400/2400
f 610/2401/2401 607/2402/2402 613/2403/2403
f 612/2404/2404 613/2405/2405 615/2406/2406
f 606/2407/2407 615/2408/2408 614/2409/2409
f 614/2410/2410 615/2411/2411 616/2412/2412
f 614/2413/2413 616/2414/2414 617/2415/2415
f 613/2416/2416 616/2417/2417 615/2418/2418
f 614/2419/2419 617/2420/2420 618/2421/2421
f 613/2422/2422 617/2423/2423 616/2424/2424
f 613/2425/2425 618/2426/2426 617/2427/2427
f 613/2428/2428 619/2429/2429 618/2430/2430
f 607/2431/2431 593/2432/2432 621/2433/2433
f 607/2434/2434 621/2435/2435 613/2436/2436
f 593/2437/2437 596/2438/2438 621/2439/2439
f 621/2440/2440 596/2441/2441 624/2442/2442
f 621/2443/2443 624/2444/2444 623/2445/2445
f 613/2446/2446 621/2447/2447 623/2448/2448
f 614/2449/2449 618/2450/2450 622/2451/2451
f 613/2452/2452 627/2453/2453 619/2454/2454
f 618/2455/2455 619/2456/2456 622/2457/2457
f 619/2458/2458 620/2459/2459 622/2460/2460
f 613/2461/2461 623/2462/2462 627/2463/2463
f 620/2464/2464 630/2465/2465 622/2466/2466
f 622/2467/2467 630/2468/2468 625/2469/2469
f 630/2470/2470 637/2471/2471 625/2472/2472
f 596/2473/2473 883/2474/2474 624/2475/2475
f 624/2476/2476 883/2477/2477 884/2478/2478
f 624/2479/2479 884/2480/2480 626/2481/2481
f 623/2482/2482 624/2483/2483 626/2484/2484
f 623/2485/2485 626/2486/2486 636/2487/2487
f 625/2488/2488 637/2489/2489 886/2490/2490
f 637/2491/2491 893/2492/2492 886/2493/2493
f 619/2494/2494 627/2495/2495 620/2496/2496
f 620/2497/2497 627/2498/2498 628/2499/2499
f 620/2500/2500 628/2501/2501 630/2502/2502
f 628/2503/2503 627/2504/2504 629/2505/2505
f 628/2506/2506 629/2507/2507 630/2508/2508
f 627/2509/2509 632/2510/2510 629/2511/2511
f 629/2512/2512 631/2513/2513 630/2514/2514
f 630/2515/2515 631/2516/2516 632/2517/2517
f 629/2518/2518 632/2519/2519 631/2520/2520
f 627/2521/2521 623/2522/2522 636/2523/2523
f 627/2524/2524 636/2525/2525 632/2526/2526
f 630/2527/2527 632/2528/2528 637/2529/2529
f 632/2530/2530 636/2531/2531 633/2532/2532
f 633/2533/2533 636/2534/2534 634/2535/2535
f 632/2536/2536 633/2537/2537 637/2538/2538
f 633/2539/2539 634/2540/2540 637/2541/2541
f 634/2542/2542 635/2543/2543 637/2544/2544
f 634/2545/2545 636/2546/2546 641/2547/2547
f 636/2548/2548 626/2549/2549 892/2550/2550
f 636/2551/2551 892/2552/2552 641/2553/2553
f 637/2554/2554 640/2555/2555 893/2556/2556
f 634/2557/2557 641/2558/2558 635/2559/2559
f 635/2560/2560 641/2561/2561 638/2562/2562
f 635/2563/2563 638/2564/2564 637/2565/2565
f 637/2566/2566 638/2567/2567 639/2568/2568
f 637/2569/2569 639/2570/2570 640/2571/2571
f 638/2572/2572 641/2573/2573 639/2574/2574
f 639/2575/2575 641/2576/2576 640/2577/2577
f 640/2578/2578 642/2579/2579 893/2580/2580
f 641/2581/2581 896/2582/2582 642/2583/2583
f 642/2584/2584 897/2585/2585 893/2586/2586
f 640/2587/2587 641/2588/2588 642/2589/2589
f 643/2590/2590 644/2591/2591 651/2592/2592
f 643/2593/2593 651/2594/2594 650/2595/2595
f 644/2596/2596 648/2597/2597 651/2598/2598
f 263/2599/2599 648/2600/2600 645/2601/2601
f 263/2602/2602 647/2603/2603 649/2604/2604
f 644/2605/2605 645/2606/2606 648/2607/2607
f 263/2608/2608 657/2609/2609 648/2610/2610
f 646/2611/2611 682/2612/2612 647/2613/2613
f 647/2614/2614 682/2615/2615 649/2616/2616
f 263/2617/2617 661/2618/2618 657/2619/2619
f 263/2620/2620 649/2621/2621 658/2622/2622
f 263/2623/2623 658/2624/2624 660/2625/2625
f 651/2626/2626 648/2627/2627 657/2628/2628
f 263/2629/2629 662/2630/2630 661/2631/2631
f 263/2632/2632 660/2633/2633 663/2634/2634
f 649/2635/2635 682/2636/2636 659/2637/2637
f 650/2638/2638 651/2639/2639 653/2640/2640
f 653/2641/2641 651/2642/2642 661/2643/2643
f 650/2644/2644 653/2645/2645 652/2646/2646
f 654/2647/2647 726/2648/2648 655/2649/2649
f 654/2650/2650 656/2651/2651 677/2652/2652
f 654/2653/2653 655/2654/2654 656/2655/2655
f 651/2656/2656 657/2657/2657 661/2658/2658
f 263/2659/2659 663/2660/2660 729/2661/2661
f 649/2662/2662 659/2663/2663 658/2664/2664
f 660/2665/2665 658/2666/2666 659/2667/2667
f 660/2668/2668 659/2669/2669 663/2670/2670
f 653/2671/2671 661/2672/2672 662/2673/2673
f 263/2674/2674 768/2675/2675 662/2676/2676
f 263/2677/2677 729/2678/2678 768/2679/2679
f 659/2680/2680 778/2681/2681 663/2682/2682
f 656/2683/2683 664/2684/2684 678/2685/2685
f 665/2686/2686 664/2687/2687 656/2688/2688
f 655/2689/2689 665/2690/2690 656/2691/2691
f 665/2692/2692 687/2693/2693 664/2694/2694
f 666/2695/2695 667/2696/2696 668/2697/2697
f 679/2698/2698 667/2699/2699 666/2700/2700
f 668/2701/2701 671/2702/2702 669/2703/2703
f 669/2704/2704 672/2705/2705 670/2706/2706
f 668/2707/2707 667/2708/2708 671/2709/2709
f 669/2710/2710 671/2711/2711 672/2712/2712
f 672/2713/2713 823/2714/2714 670/2715/2715
f 667/2716/2716 681/2717/2717 673/2718/2718
f 667/2719/2719 673/2720/2720 671/2721/2721
f 671/2722/2722 673/2723/2723 674/2724/2724
f 672/2725/2725 671/2726/2726 674/2727/2727
f 672/2728/2728 675/2729/2729 823/2730/2730
f 672/2731/2731 674/2732/2732 675/2733/2733
f 673/2734/2734 697/2735/2735 674/2736/2736
f 674/2737/2737 691/2738/2738 675/2739/2739
f 677/2740/2740 678/2741/2741 676/2742/2742
f 676/2743/2743 679/2744/2744 666/2745/2745
f 676/2746/2746 678/2747/2747 679/2748/2748
f 677/2749/2749 656/2750/2750 678/2751/2751
f 678/2752/2752 680/2753/2753 679/2754/2754
f 678/2755/2755 664/2756/2756 680/2757/2757
f 679/2758/2758 681/2759/2759 667/2760/2760
f 679/2761/2761 680/2762/2762 681/2763/2763
f 664/2764/2764 696/2765/2765 680/2766/2766
f 680/2767/2767 694/2768/2768 681/2769/2769
f 681/2770/2770 695/2771/2771 673/2772/2772
f 682/2773/2773 683/2774/2774 685/2775/2775
f 659/2776/2776 682/2777/2777 685/2778/2778
f 685/2779/2779 683/2780/2780 686/2781/2781
f 686/2782/2782 683/2783/2783 684/2784/2784
f 686/2785/2785 684/2786/2786 688/2787/2787
f 659/2788/2788 685/2789/2789 778/2790/2790
f 778/2791/2791 685/2792/2792 686/2793/2793
f 778/2794/2794 686/2795/2795 782/2796/2796
f 664/2797/2797 687/2798/2798 696/2799/2799
f 696/2800/2800 687/2801/2801 689/2802/2802
f 686/2803/2803 789/2804/2804 782/2805/2805
f 686/2806/2806 688/2807/2807 790/2808/2808
f 688/2809/2809 701/2810/2810 690/2811/2811
f 686/2812/2812 790/2813/2813 791/2814/2814
f 686/2815/2815 791/2816/2816 789/2817/2817
f 689/2818/2818 790/2819/2819 690/2820/2820
f 688/2821/2821 690/2822/2822 790/2823/2823
f 689/2824/2824 690/2825/2825 701/2826/2826
f 674/2827/2827 697/2828/2828 691/2829/2829
f 691/2830/2830 843/2831/2831 675/2832/2832
f 691/2833/2833 710/2834/2834 843/2835/2835
f 684/2836/2836 692/2837/2837 688/2838/2838
f 692/2839/2839 693/2840/2840 699/2841/2841
f 282/2842/2842 693/2843/2843 692/2844/2844
f 693/2845/2845 370/2846/2846 844/2847/2847
f 693/2848/2848 844/2849/2849 856/2850/2850
f 680/2851/2851 696/2852/2852 694/2853/2853
f 681/2854/2854 694/2855/2855 695/2856/2856
f 694/2857/2857 700/2858/2858 698/2859/2859
f 694/2860/2860 698/2861/2861 695/2862/2862
f 695/2863/2863 698/2864/2864 709/2865/2865
f 696/2866/2866 700/2867/2867 694/2868/2868
f 696/2869/2869 689/2870/2870 700/2871/2871
f 673/2872/2872 695/2873/2873 697/2874/2874
f 695/2875/2875 709/2876/2876 697/2877/2877
f 697/2878/2878 708/2879/2879 691/2880/2880
f 697/2881/2881 709/2882/2882 708/2883/2883
f 691/2884/2884 708/2885/2885 710/2886/2886
f 688/2887/2887 699/2888/2888 703/2889/2889
f 698/2890/2890 707/2891/2891 709/2892/2892
f 688/2893/2893 692/2894/2894 699/2895/2895
f 699/2896/2896 713/2897/2897 706/2898/2898
f 688/2899/2899 703/2900/2900 702/2901/2901
f 688/2902/2902 702/2903/2903 701/2904/2904
f 700/2905/2905 705/2906/2906 698/2907/2907
f 702/2908/2908 703/2909/2909 700/2910/2910
f 700/2911/2911 703/2912/2912 705/2913/2913
f 700/2914/2914 689/2915/2915 701/2916/2916
f 702/2917/2917 700/2918/2918 701/2919/2919
f 698/2920/2920 705/2921/2921 704/2922/2922
f 703/2923/2923 699/2924/2924 705/2925/2925
f 705/2926/2926 699/2927/2927 704/2928/2928
f 698/2929/2929 704/2930/2930 706/2931/2931
f 704/2932/2932 699/2933/2933 706/2934/2934
f 698/2935/2935 706/2936/2936 707/2937/2937
f 707/2938/2938 706/2939/2939 713/2940/2940
f 709/2941/2941 714/2942/2942 708/2943/2943
f 708/2944/2944 718/2945/2945 710/2946/2946
f 699/2947/2947 693/2948/2948 713/2949/2949
f 693/2950/2950 719/2951/2951 713/2952/2952
f 709/2953/2953 707/2954/2954 711/2955/2955
f 709/2956/2956 711/2957/2957 714/2958/2958
f 708/2959/2959 714/2960/2960 718/2961/2961
f 707/2962/2962 713/2963/2963 711/2964/2964
f 711/2965/2965 712/2966/2966 714/2967/2967
f 711/2968/2968 713/2969/2969 712/2970/2970
f 712/2971/2971 715/2972/2972 714/2973/2973
f 713/2974/2974 715/2975/2975 712/2976/2976
f 713/2977/2977 717/2978/2978 716/2979/2979
f 713/2980/2980 716/2981/2981 715/2982/2982
f 714/2983/2983 715/2984/2984 716/2985/2985
f 714/2986/2986 716/2987/2987 717/2988/2988
f 714/2989/2989 717/2990/2990 719/2991/2991
f 713/2992/2992 719/2993/2993 717/2994/2994
f 693/2995/2995 721/2996/2996 720/2997/2997
f 693/2998/2998 720/2999/2999 719/3000/3000
f 693/3001/3001 856/3002/3002 721/3003/3003
f 718/3004/3004 853/3005/3005 710/3006/3006
f 714/3007/3007 719/3008/3008 718/3009/3009
f 719/3010/3010 720/3011/3011 718/3012/3012
f 718/3013/3013 720/3014/3014 721/3015/3015
f 718/3016/3016 858/3017/3017 853/3018/3018
f 718/3019/3019 721/3020/3020 856/3021/3021
f 718/3022/3022 856/3023/3023 857/3024/3024
f 718/3025/3025 857/3026/3026 858/3027/3027
f 652/3028/3028 724/3029/3029 722/3030/3030
f 652/3031/3031 653/3032/3032 724/3033/3033
f 653/3034/3034 728/3035/3035 724/3036/3036
f 722/3037/3037 724/3038/3038 742/3039/3039
f 722/3040/3040 742/3041/3041 740/3042/3042
f 508/3043/3043 725/3044/3044 723/3045/3045
f 723/3046/3046 725/3047/3047 727/3048/3048
f 508/3049/3049 741/3050/3050 725/3051/3051
f 724/3052/3052 731/3053/3053 742/3054/3054
f 742/3055/3055 731/3056/3056 753/3057/3057
f 725/3058/3058 736/3059/3059 727/3060/3060
f 743/3061/3061 736/3062/3062 725/3063/3063
f 723/3064/3064 727/3065/3065 726/3066/3066
f 726/3067/3067 727/3068/3068 655/3069/3069
f 653/3070/3070 662/3071/3071 728/3072/3072
f 724/3073/3073 728/3074/3074 730/3075/3075
f 663/3076/3076 778/3077/3077 729/3078/3078
f 729/3079/3079 778/3080/3080 737/3081/3081
f 724/3082/3082 730/3083/3083 731/3084/3084
f 662/3085/3085 767/3086/3086 728/3087/3087
f 731/3088/3088 734/3089/3089 732/3090/3090
f 729/3091/3091 733/3092/3092 735/3093/3093
f 731/3094/3094 732/3095/3095 753/3096/3096
f 732/3097/3097 734/3098/3098 753/3099/3099
f 728/3100/3100 767/3101/3101 730/3102/3102
f 730/3103/3103 767/3104/3104 731/3105/3105
f 729/3106/3106 735/3107/3107 769/3108/3108
f 729/3109/3109 737/3110/3110 733/3111/3111
f 733/3112/3112 737/3113/3113 735/3114/3114
f 735/3115/3115 737/3116/3116 738/3117/3117
f 735/3118/3118 738/3119/3119 758/3120/3120
f 737/3121/3121 758/3122/3122 738/3123/3123
f 766/3124/3124 779/3125/3125 736/3126/3126
f 727/3127/3127 739/3128/3128 655/3129/3129
f 655/3130/3130 739/3131/3131 665/3132/3132
f 727/3133/3133 736/3134/3134 739/3135/3135
f 739/3136/3136 781/3137/3137 665/3138/3138
f 739/3139/3139 779/3140/3140 781/3141/3141
f 736/3142/3142 779/3143/3143 739/3144/3144
f 740/3145/3145 742/3146/3146 749/3147/3147
f 740/3148/3148 749/3149/3149 744/3150/3150
f 540/3151/3151 745/3152/3152 741/3153/3153
f 741/3154/3154 745/3155/3155 743/3156/3156
f 741/3157/3157 743/3158/3158 725/3159/3159
f 742/3160/3160 753/3161/3161 749/3162/3162
f 749/3163/3163 753/3164/3164 756/3165/3165
f 745/3166/3166 768/3167/3167 743/3168/3168
f 744/3169/3169 747/3170/3170 746/3171/3171
f 540/3172/3172 746/3173/3173 745/3174/3174
f 744/3175/3175 748/3176/3176 747/3177/3177
f 746/3178/3178 747/3179/3179 745/3180/3180
f 744/3181/3181 749/3182/3182 748/3183/3183
f 747/3184/3184 748/3185/3185 745/3186/3186
f 748/3187/3187 749/3188/3188 750/3189/3189
f 748/3190/3190 750/3191/3191 745/3192/3192
f 749/3193/3193 756/3194/3194 751/3195/3195
f 749/3196/3196 751/3197/3197 750/3198/3198
f 745/3199/3199 750/3200/3200 751/3201/3201
f 745/3202/3202 751/3203/3203 752/3204/3204
f 745/3205/3205 752/3206/3206 771/3207/3207
f 751/3208/3208 756/3209/3209 752/3210/3210
f 745/3211/3211 773/3212/3212 767/3213/3213
f 752/3214/3214 756/3215/3215 771/3216/3216
f 745/3217/3217 771/3218/3218 772/3219/3219
f 745/3220/3220 772/3221/3221 773/3222/3222
f 745/3223/3223 767/3224/3224 768/3225/3225
f 753/3226/3226 734/3227/3227 754/3228/3228
f 731/3229/3229 767/3230/3230 734/3231/3231
f 734/3232/3232 755/3233/3233 754/3234/3234
f 753/3235/3235 754/3236/3236 755/3237/3237
f 662/3238/3238 768/3239/3239 767/3240/3240
f 729/3241/3241 769/3242/3242 768/3243/3243
f 735/3244/3244 758/3245/3245 769/3246/3246
f 753/3247/3247 755/3248/3248 756/3249/3249
f 734/3250/3250 773/3251/3251 755/3252/3252
f 755/3253/3253 757/3254/3254 756/3255/3255
f 734/3256/3256 767/3257/3257 773/3258/3258
f 743/3259/3259 768/3260/3260 769/3261/3261
f 743/3262/3262 769/3263/3263 766/3264/3264
f 769/3265/3265 758/3266/3266 770/3267/3267
f 743/3268/3268 766/3269/3269 736/3270/3270
f 737/3271/3271 759/3272/3272 758/3273/3273
f 758/3274/3274 759/3275/3275 760/3276/3276
f 737/3277/3277 807/3278/3278 759/3279/3279
f 770/3280/3280 758/3281/3281 760/3282/3282
f 770/3283/3283 763/3284/3284 766/3285/3285
f 770/3286/3286 760/3287/3287 761/3288/3288
f 769/3289/3289 770/3290/3290 766/3291/3291
f 760/3292/3292 764/3293/3293 761/3294/3294
f 760/3295/3295 759/3296/3296 764/3297/3297
f 759/3298/3298 762/3299/3299 763/3300/3300
f 759/3301/3301 765/3302/3302 764/3303/3303
f 759/3304/3304 763/3305/3305 765/3306/3306
f 761/3307/3307 764/3308/3308 775/3309/3309
f 770/3310/3310 765/3311/3311 763/3312/3312
f 774/3313/3313 801/3314/3314 776/3315/3315
f 774/3316/3316 764/3317/3317 801/3318/3318
f 764/3319/3319 765/3320/3320 803/3321/3321
f 766/3322/3322 762/3323/3323 806/3324/3324
f 766/3325/3325 763/3326/3326 762/3327/3327
f 759/3328/3328 806/3329/3329 762/3330/3330
f 755/3331/3331 773/3332/3332 757/3333/3333
f 756/3334/3334 757/3335/3335 772/3336/3336
f 756/3337/3337 772/3338/3338 771/3339/3339
f 757/3340/3340 773/3341/3341 772/3342/3342
f 770/3343/3343 761/3344/3344 775/3345/3345
f 770/3346/3346 775/3347/3347 777/3348/3348
f 770/3349/3349 777/3350/3350 765/3351/3351
f 774/3352/3352 775/3353/3353 764/3354/3354
f 774/3355/3355 777/3356/3356 775/3357/3357
f 774/3358/3358 776/3359/3359 777/3360/3360
f 777/3361/3361 811/3362/3362 803/3363/3363
f 777/3364/3364 803/3365/3365 765/3366/3366
f 777/3367/3367 776/3368/3368 816/3369/3369
f 778/3370/3370 782/3371/3371 780/3372/3372
f 737/3373/3373 778/3374/3374 807/3375/3375
f 778/3376/3376 780/3377/3377 810/3378/3378
f 778/3379/3379 808/3380/3380 807/3381/3381
f 766/3382/3382 808/3383/3383 779/3384/3384
f 779/3385/3385 808/3386/3386 809/3387/3387
f 778/3388/3388 809/3389/3389 808/3390/3390
f 778/3391/3391 810/3392/3392 809/3393/3393
f 779/3394/3394 810/3395/3395 780/3396/3396
f 779/3397/3397 780/3398/3398 788/3399/3399
f 779/3400/3400 809/3401/3401 810/3402/3402
f 665/3403/3403 781/3404/3404 687/3405/3405
f 781/3406/3406 785/3407/3407 792/3408/3408
f 782/3409/3409 783/3410/3410 784/3411/3411
f 785/3412/3412 783/3413/3413 792/3414/3414
f 781/3415/3415 792/3416/3416 687/3417/3417
f 792/3418/3418 689/3419/3419 687/3420/3420
f 779/3421/3421 785/3422/3422 781/3423/3423
f 779/3424/3424 788/3425/3425 785/3426/3426
f 788/3427/3427 782/3428/3428 786/3429/3429
f 780/3430/3430 782/3431/3431 788/3432/3432
f 786/3433/3433 782/3434/3434 787/3435/3435
f 787/3436/3436 782/3437/3437 784/3438/3438
f 785/3439/3439 784/3440/3440 783/3441/3441
f 788/3442/3442 786/3443/3443 785/3444/3444
f 785/3445/3445 786/3446/3446 787/3447/3447
f 785/3448/3448 787/3449/3449 784/3450/3450
f 782/3451/3451 789/3452/3452 793/3453/3453
f 782/3454/3454 795/3455/3455 783/3456/3456
f 782/3457/3457 793/3458/3458 794/3459/3459
f 782/3460/3460 794/3461/3461 795/3462/3462
f 783/3463/3463 795/3464/3464 792/3465/3465
f 792/3466/3466 789/3467/3467 689/3468/3468
f 792/3469/3469 793/3470/3470 789/3471/3471
f 689/3472/3472 789/3473/3473 791/3474/3474
f 689/3475/3475 791/3476/3476 790/3477/3477
f 795/3478/3478 794/3479/3479 792/3480/3480
f 792/3481/3481 794/3482/3482 793/3483/3483
f 796/3484/3484 798/3485/3485 797/3486/3486
f 796/3487/3487 797/3488/3488 799/3489/3489
f 796/3490/3490 799/3491/3491 798/3492/3492
f 797/3493/3493 800/3494/3494 799/3495/3495
f 799/3496/3496 800/3497/3497 805/3498/3498
f 776/3499/3499 797/3500/3500 802/3501/3501
f 798/3502/3502 802/3503/3503 797/3504/3504
f 798/3505/3505 799/3506/3506 802/3507/3507
f 797/3508/3508 804/3509/3509 800/3510/3510
f 801/3511/3511 804/3512/3512 797/3513/3513
f 776/3514/3514 801/3515/3515 797/3516/3516
f 801/3517/3517 811/3518/3518 804/3519/3519
f 764/3520/3520 811/3521/3521 801/3522/3522
f 764/3523/3523 803/3524/3524 811/3525/3525
f 776/3526/3526 802/3527/3527 817/3528/3528
f 804/3529/3529 811/3530/3530 814/3531/3531
f 804/3532/3532 805/3533/3533 800/3534/3534
f 802/3535/3535 799/3536/3536 817/3537/3537
f 799/3538/3538 805/3539/3539 817/3540/3540
f 804/3541/3541 818/3542/3542 805/3543/3543
f 766/3544/3544 806/3545/3545 807/3546/3546
f 759/3547/3547 807/3548/3548 806/3549/3549
f 766/3550/3550 807/3551/3551 808/3552/3552
f 777/3553/3553 814/3554/3554 811/3555/3555
f 777/3556/3556 812/3557/3557 814/3558/3558
f 777/3559/3559 813/3560/3560 812/3561/3561
f 804/3562/3562 814/3563/3563 812/3564/3564
f 804/3565/3565 812/3566/3566 813/3567/3567
f 804/3568/3568 813/3569/3569 815/3570/3570
f 804/3571/3571 815/3572/3572 818/3573/3573
f 777/3574/3574 816/3575/3575 813/3576/3576
f 776/3577/3577 817/3578/3578 816/3579/3579
f 816/3580/3580 815/3581/3581 813/3582/3582
f 816/3583/3583 818/3584/3584 815/3585/3585
f 816/3586/3586 819/3587/3587 818/3588/3588
f 805/3589/3589 818/3590/3590 817/3591/3591
f 819/3592/3592 817/3593/3593 818/3594/3594
f 819/3595/3595 820/3596/3596 817/3597/3597
f 816/3598/3598 820/3599/3599 819/3600/3600
f 816/3601/3601 817/3602/3602 820/3603/3603
f 670/3604/3604 823/3605/3605 821/3606/3606
f 821/3607/3607 824/3608/3608 822/3609/3609
f 822/3610/3610 825/3611/3611 826/3612/3612
f 821/3613/3613 823/3614/3614 824/3615/3615
f 822/3616/3616 824/3617/3617 825/3618/3618
f 826/3619/3619 825/3620/3620 831/3621/3621
f 823/3622/3622 827/3623/3623 824/3624/3624
f 823/3625/3625 675/3626/3626 827/3627/3627
f 824/3628/3628 828/3629/3629 825/3630/3630
f 824/3631/3631 827/3632/3632 828/3633/3633
f 825/3634/3634 828/3635/3635 833/3636/3636
f 675/3637/3637 843/3638/3638 827/3639/3639
f 827/3640/3640 847/3641/3641 828/3642/3642
f 826/3643/3643 831/3644/3644 829/3645/3645
f 829/3646/3646 832/3647/3647 830/3648/3648
f 829/3649/3649 831/3650/3650 832/3651/3651
f 830/3652/3652 832/3653/3653 837/3654/3654
f 825/3655/3655 833/3656/3656 831/3657/3657
f 831/3658/3658 833/3659/3659 834/3660/3660
f 831/3661/3661 834/3662/3662 832/3663/3663
f 832/3664/3664 835/3665/3665 837/3666/3666
f 832/3667/3667 834/3668/3668 835/3669/3669
f 828/3670/3670 848/3671/3671 833/3672/3672
f 833/3673/3673 849/3674/3674 834/3675/3675
f 834/3676/3676 850/3677/3677 835/3678/3678
f 365/3679/3679 840/3680/3680 366/3681/3681
f 365/3682/3682 839/3683/3683 840/3684/3684
f 366/3685/3685 842/3686/3686 367/3687/3687
f 366/3688/3688 840/3689/3689 842/3690/3690
f 367/3691/3691 842/3692/3692 880/3693/3693
f 830/3694/3694 837/3695/3695 836/3696/3696
f 836/3697/3697 838/3698/3698 883/3699/3699
f 836/3700/3700 837/3701/3701 838/3702/3702
f 839/3703/3703 887/3704/3704 840/3705/3705
f 839/3706/3706 886/3707/3707 887/3708/3708
f 837/3709/3709 835/3710/3710 841/3711/3711
f 837/3712/3712 841/3713/3713 838/3714/3714
f 835/3715/3715 879/3716/3716 841/3717/3717
f 840/3718/3718 890/3719/3719 842/3720/3720
f 840/3721/3721 887/3722/3722 890/3723/3723
f 842/3724/3724 890/3725/3725 920/3726/3726
f 827/3727/3727 843/3728/3728 847/3729/3729
f 844/3730/3730 845/3731/3731 858/3732/3732
f 866/3733/3733 877/3734/3734 881/3735/3735
f 845/3736/3736 846/3737/3737 863/3738/3738
f 863/3739/3739 846/3740/3740 866/3741/3741
f 846/3742/3742 877/3743/3743 866/3744/3744
f 828/3745/3745 847/3746/3746 848/3747/3747
f 843/3748/3748 851/3749/3749 847/3750/3750
f 843/3751/3751 710/3752/3752 851/3753/3753
f 847/3754/3754 852/3755/3755 848/3756/3756
f 847/3757/3757 851/3758/3758 852/3759/3759
f 833/3760/3760 848/3761/3761 849/3762/3762
f 834/3763/3763 849/3764/3764 850/3765/3765
f 848/3766/3766 865/3767/3767 849/3768/3768
f 848/3769/3769 852/3770/3770 865/3771/3771
f 849/3772/3772 865/3773/3773 867/3774/3774
f 849/3775/3775 867/3776/3776 850/3777/3777
f 850/3778/3778 867/3779/3779 882/3780/3780
f 710/3781/3781 854/3782/3782 851/3783/3783
f 851/3784/3784 862/3785/3785 852/3786/3786
f 844/3787/3787 857/3788/3788 856/3789/3789
f 844/3790/3790 858/3791/3791 857/3792/3792
f 858/3793/3793 845/3794/3794 853/3795/3795
f 853/3796/3796 845/3797/3797 854/3798/3798
f 854/3799/3799 845/3800/3800 855/3801/3801
f 855/3802/3802 845/3803/3803 859/3804/3804
f 710/3805/3805 853/3806/3806 854/3807/3807
f 851/3808/3808 855/3809/3809 859/3810/3810
f 851/3811/3811 854/3812/3812 855/3813/3813
f 851/3814/3814 859/3815/3815 862/3816/3816
f 859/3817/3817 845/3818/3818 863/3819/3819
f 860/3820/3820 852/3821/3821 862/3822/3822
f 860/3823/3823 861/3824/3824 852/3825/3825
f 861/3826/3826 864/3827/3827 852/3828/3828
f 864/3829/3829 872/3830/3830 852/3831/3831
f 860/3832/3832 862/3833/3833 863/3834/3834
f 860/3835/3835 863/3836/3836 861/3837/3837
f 861/3838/3838 863/3839/3839 864/3840/3840
f 859/3841/3841 863/3842/3842 862/3843/3843
f 863/3844/3844 872/3845/3845 864/3846/3846
f 863/3847/3847 871/3848/3848 872/3849/3849
f 852/3850/3850 872/3851/3851 865/3852/3852
f 868/3853/3853 871/3854/3854 866/3855/3855
f 863/3856/3856 866/3857/3857 871/3858/3858
f 866/3859/3859 881/3860/3860 873/3861/3861
f 865/3862/3862 874/3863/3863 867/3864/3864
f 865/3865/3865 870/3866/3866 874/3867/3867
f 875/3868/3868 881/3869/3869 911/3870/3870
f 867/3871/3871 873/3872/3872 875/3873/3873
f 867/3874/3874 874/3875/3875 873/3876/3876
f 867/3877/3877 875/3878/3878 882/3879/3879
f 875/3880/3880 911/3881/3881 882/3882/3882
f 865/3883/3883 871/3884/3884 868/3885/3885
f 865/3886/3886 872/3887/3887 871/3888/3888
f 865/3889/3889 868/3890/3890 869/3891/3891
f 865/3892/3892 869/3893/3893 870/3894/3894
f 868/3895/3895 866/3896/3896 869/3897/3897
f 866/3898/3898 870/3899/3899 869/3900/3900
f 866/3901/3901 874/3902/3902 870/3903/3903
f 866/3904/3904 873/3905/3905 874/3906/3906
f 873/3907/3907 881/3908/3908 875/3909/3909
f 876/3910/3910 381/3911/3911 878/3912/3912
f 367/3913/3913 880/3914/3914 381/3915/3915
f 878/3916/3916 381/3917/3917 880/3918/3918
f 876/3919/3919 881/3920/3920 877/3921/3921
f 876/3922/3922 878/3923/3923 881/3924/3924
f 878/3925/3925 880/3926/3926 913/3927/3927
f 835/3928/3928 850/3929/3929 879/3930/3930
f 850/3931/3931 882/3932/3932 879/3933/3933
f 842/3934/3934 920/3935/3935 880/3936/3936
f 913/3937/3937 880/3938/3938 920/3939/3939
f 878/3940/3940 924/3941/3941 881/3942/3942
f 881/3943/3943 923/3944/3944 911/3945/3945
f 881/3946/3946 925/3947/3947 923/3948/3948
f 881/3949/3949 924/3950/3950 925/3951/3951
f 878/3952/3952 913/3953/3953 924/3954/3954
f 883/3955/3955 885/3956/3956 884/3957/3957
f 883/3958/3958 838/3959/3959 885/3960/3960
f 884/3961/3961 885/3962/3962 888/3963/3963
f 626/3964/3964 884/3965/3965 888/3966/3966
f 626/3967/3967 888/3968/3968 892/3969/3969
f 886/3970/3970 893/3971/3971 895/3972/3972
f 885/3973/3973 891/3974/3974 888/3975/3975
f 888/3976/3976 891/3977/3977 894/3978/3978
f 886/3979/3979 895/3980/3980 887/3981/3981
f 838/3982/3982 889/3983/3983 885/3984/3984
f 838/3985/3985 841/3986/3986 889/3987/3987
f 885/3988/3988 889/3989/3989 891/3990/3990
f 841/3991/3991 912/3992/3992 889/3993/3993
f 889/3994/3994 912/3995/3995 914/3996/3996
f 889/3997/3997 914/3998/3998 891/3999/3999
f 890/4000/4000 930/4001/4001 920/4002/4002
f 887/4003/4003 905/4004/4004 890/4005/4005
f 887/4006/4006 895/4007/4007 905/4008/4008
f 891/4009/4009 914/4010/4010 902/4011/4011
f 902/4012/4012 914/4013/4013 932/4014/4014
f 890/4015/4015 932/4016/4016 930/4017/4017
f 890/4018/4018 933/4019/4019 932/4020/4020
f 890/4021/4021 905/4022/4022 933/4023/4023
f 888/4024/4024 894/4025/4025 892/4026/4026
f 641/4027/4027 892/4028/4028 896/4029/4029
f 892/4030/4030 894/4031/4031 896/4032/4032
f 893/4033/4033 899/4034/4034 895/4035/4035
f 896/4036/4036 894/4037/4037 908/4038/4038
f 893/4039/4039 897/4040/4040 898/4041/4041
f 893/4042/4042 898/4043/4043 899/4044/4044
f 642/4045/4045 896/4046/4046 897/4047/4047
f 897/4048/4048 896/4049/4049 898/4050/4050
f 898/4051/4051 896/4052/4052 899/4053/4053
f 899/4054/4054 900/4055/4055 895/4056/4056
f 896/4057/4057 906/4058/4058 901/4059/4059
f 896/4060/4060 908/4061/4061 906/4062/4062
f 895/4063/4063 901/4064/4064 906/4065/4065
f 895/4066/4066 900/4067/4067 901/4068/4068
f 896/4069/4069 900/4070/4070 899/4071/4071
f 896/4072/4072 901/4073/4073 900/4074/4074
f 894/4075/4075 891/4076/4076 902/4077/4077
f 894/4078/4078 902/4079/4079 910/4080/4080
f 894/4081/4081 907/4082/4082 908/4083/4083
f 895/4084/4084 908/4085/4085 907/4086/4086
f 895/4087/4087 907/4088/4088 910/4089/4089
f 895/4090/4090 910/4091/4091 905/4092/4092
f 894/4093/4093 910/4094/4094 907/4095/4095
f 904/4096/4096 933/4097/4097 905/4098/4098
f 902/4099/4099 932/4100/4100 933/4101/4101
f 902/4102/4102 933/4103/4103 904/4104/4104
f 904/4105/4105 905/4106/4106 903/4107/4107
f 902/4108/4108 903/4109/4109 910/4110/4110
f 902/4111/4111 904/4112/4112 903/4113/4113
f 905/4114/4114 910/4115/4115 909/4116/4116
f 905/4117/4117 909/4118/4118 903/4119/4119
f 903/4120/4120 909/4121/4121 910/4122/4122
f 895/4123/4123 906/4124/4124 908/4125/4125
f 841/4126/4126 879/4127/4127 912/4128/4128
f 879/4129/4129 927/4130/4130 912/4131/4131
f 879/4132/4132 882/4133/4133 927/4134/4134
f 912/4135/4135 927/4136/4136 917/4137/4137
f 913/4138/4138 915/4139/4139 929/4140/4140
f 914/4141/4141 912/4142/4142 917/4143/4143
f 914/4144/4144 916/4145/4145 922/4146/4146
f 913/4147/4147 922/4148/4148 916/4149/4149
f 914/4150/4150 917/4151/4151 916/4152/4152
f 917/4153/4153 927/4154/4154 915/4155/4155
f 913/4156/4156 918/4157/4157 919/4158/4158
f 913/4159/4159 916/4160/4160 918/4161/4161
f 913/4162/4162 919/4163/4163 915/4164/4164
f 917/4165/4165 918/4166/4166 916/4167/4167
f 917/4168/4168 915/4169/4169 919/4170/4170
f 917/4171/4171 919/4172/4172 918/4173/4173
f 913/4174/4174 920/4175/4175 922/4176/4176
f 920/4177/4177 931/4178/4178 921/4179/4179
f 920/4180/4180 921/4181/4181 922/4182/4182
f 920/4183/4183 930/4184/4184 931/4185/4185
f 914/4186/4186 930/4187/4187 932/4188/4188
f 914/4189/4189 921/4190/4190 931/4191/4191
f 914/4192/4192 931/4193/4193 930/4194/4194
f 914/4195/4195 922/4196/4196 921/4197/4197
f 882/4198/4198 926/4199/4199 928/4200/4200
f 882/4201/4201 928/4202/4202 927/4203/4203
f 913/4204/4204 926/4205/4205 924/4206/4206
f 882/4207/4207 911/4208/4208 923/4209/4209
f 882/4210/4210 923/4211/4211 925/4212/4212
f 882/4213/4213 925/4214/4214 924/4215/4215
f 882/4216/4216 924/4217/4217 926/4218/4218
f 913/4219/4219 928/4220/4220 926/4221/4221
f 927/4222/4222 928/4223/4223 929/4224/4224
f 913/4225/4225 929/4226/4226 928/4227/4227
f 915/4228/4228 927/4229/4229 929/4230/4230
f 37/4231/4231 6/4232/4232 35/4233/4233
f 5/4234/4234 6/4235/4235 37/4236/4236
f 1/4237/4237 5/4238/4238 37/4239/4239
f 5/4240/4240 3/4241/4241 6/4242/4242
f 5/4243/4243 2/4244/4244 3/4245/4245
f 5/4246/4246 4/4247/4247 2/4248/4248
f 5/4249/4249 10/4250/4250 4/4251/4251
f 10/4252/4252 7/4253/4253 4/4254/4254
f 13/4255/4255 57/4256/4256 58/4257/4257
f 59/4258/4258 57/4259/4259 13/4260/4260
f 59/4261/4261 13/4262/4262 42/4263/4263
f 10/4264/4264 8/4265/4265 7/4266/4266
f 1/4267/4267 10/4268/4268 5/4269/4269
f 10/4270/4270 41/4271/4271 13/4272/4272
f 1/4273/4273 39/4274/4274 10/4275/4275
f 13/4276/4276 11/4277/4277 9/4278/4278
f 13/4279/4279 9/4280/4280 8/4281/4281
f 10/4282/4282 13/4283/4283 8/4284/4284
f 13/4285/4285 12/4286/4286 11/4287/4287
f 13/4288/4288 58/4289/4289 12/4290/4290
f 20/4291/4291 14/4292/4292 15/4293/4293
f 20/4294/4294 34/4295/4295 14/4296/4296
f 19/4297/4297 18/4298/4298 23/4299/4299
f 20/4300/4300 18/4301/4301 19/4302/4302
f 20/4303/4303 16/4304/4304 17/4305/4305
f 20/4306/4306 17/4307/4307 18/4308/4308
f 20/4309/4309 15/4310/4310 16/4311/4311
f 37/4312/4312 34/4313/4313 20/4314/4314
f 37/4315/4315 20/4316/4316 30/4317/4317
f 29/4318/4318 20/4319/4319 19/4320/4320
f 19/4321/4321 21/4322/4322 31/4323/4323
f 21/4324/4324 22/4325/4325 32/4326/4326
f 21/4327/4327 25/4328/4328 26/4329/4329
f 21/4330/4330 23/4331/4331 24/4332/4332
f 21/4333/4333 24/4334/4334 25/4335/4335
f 19/4336/4336 23/4337/4337 21/4338/4338
f 21/4339/4339 26/4340/4340 27/4341/4341
f 21/4342/4342 27/4343/4343 28/4344/4344
f 22/4345/4345 28/4346/4346 94/4347/4347
f 21/4348/4348 28/4349/4349 22/4350/4350
f 29/4351/4351 19/4352/4352 31/4353/4353
f 1/4354/4354 37/4355/4355 30/4356/4356
f 29/4357/4357 30/4358/4358 20/4359/4359
f 1/4360/4360 30/4361/4361 46/4362/4362
f 29/4363/4363 45/4364/4364 30/4365/4365
f 21/4366/4366 32/4367/4367 31/4368/4368
f 32/4369/4369 22/4370/4370 110/4371/4371
f 31/4372/4372 32/4373/4373 47/4374/4374
f 29/4375/4375 31/4376/4376 48/4377/4377
f 32/4378/4378 110/4379/4379 49/4380/4380
f 37/4381/4381 33/4382/4382 34/4383/4383
f 37/4384/4384 35/4385/4385 33/4386/4386
f 1/4387/4387 46/4388/4388 39/4389/4389
f 39/4390/4390 52/4391/4391 40/4392/4392
f 52/4393/4393 180/4394/4394 40/4395/4395
f 40/4396/4396 180/4397/4397 186/4398/4398
f 59/4399/4399 42/4400/4400 71/4401/4401
f 42/4402/4402 43/4403/4403 71/4404/4404
f 39/4405/4405 41/4406/4406 10/4407/4407
f 40/4408/4408 44/4409/4409 41/4410/4410
f 42/4411/4411 41/4412/4412 44/4413/4413
f 39/4414/4414 40/4415/4415 41/4416/4416
f 13/4417/4417 41/4418/4418 42/4419/4419
f 42/4420/4420 44/4421/4421 43/4422/4422
f 43/4423/4423 185/4424/4424 183/4425/4425
f 43/4426/4426 183/4427/4427 79/4428/4428
f 40/4429/4429 186/4430/4430 44/4431/4431
f 44/4432/4432 186/4433/4433 185/4434/4434
f 43/4435/4435 44/4436/4436 185/4437/4437
f 29/4438/4438 48/4439/4439 45/4440/4440
f 45/4441/4441 50/4442/4442 46/4443/4443
f 45/4444/4444 48/4445/4445 51/4446/4446
f 45/4447/4447 51/4448/4448 50/4449/4449
f 30/4450/4450 45/4451/4451 46/4452/4452
f 52/4453/4453 46/4454/4454 50/4455/4455
f 39/4456/4456 46/4457/4457 52/4458/4458
f 31/4459/4459 47/4460/4460 48/4461/4461
f 32/4462/4462 49/4463/4463 47/4464/4464
f 48/4465/4465 47/4466/4466 53/4467/4467
f 51/4468/4468 48/4469/4469 53/4470/4470
f 47/4471/4471 54/4472/4472 53/4473/4473
f 47/4474/4474 49/4475/4475 54/4476/4476
f 54/4477/4477 49/4478/4478 138/4479/4479
f 50/4480/4480 51/4481/4481 191/4482/4482
f 50/4483/4483 191/4484/4484 190/4485/4485
f 51/4486/4486 195/4487/4487 191/4488/4488
f 52/4489/4489 50/4490/4490 190/4491/4491
f 52/4492/4492 190/4493/4493 180/4494/4494
f 51/4495/4495 53/4496/4496 195/4497/4497
f 53/4498/4498 54/4499/4499 196/4500/4500
f 54/4501/4501 138/4502/4502 197/4503/4503
f 53/4504/4504 196/4505/4505 195/4506/4506
f 54/4507/4507 197/4508/4508 196/4509/4509
f 59/4510/4510 61/4511/4511 56/4512/4512
f 59/4513/4513 56/4514/4514 57/4515/4515
f 59/4516/4516 60/4517/4517 61/4518/4518
f 59/4519/4519 62/4520/4520 60/4521/4521
f 59/4522/4522 72/4523/4523 62/4524/4524
f 71/4525/4525 73/4526/4526 72/4527/4527
f 71/4528/4528 74/4529/4529 73/4530/4530
f 59/4531/4531 71/4532/4532 72/4533/4533
f 71/4534/4534 76/4535/4535 74/4536/4536
f 76/4537/4537 75/4538/4538 74/4539/4539
f 76/4540/4540 77/4541/4541 75/4542/4542
f 76/4543/4543 78/4544/4544 77/4545/4545
f 71/4546/4546 79/4547/4547 76/4548/4548
f 43/4549/4549 79/4550/4550 71/4551/4551
f 79/4552/4552 244/4553/4553 76/4554/4554
f 76/4555/4555 80/4556/4556 78/4557/4557
f 76/4558/4558 82/4559/4559 80/4560/4560
f 80/4561/4561 82/4562/4562 81/4563/4563
f 76/4564/4564 83/4565/4565 82/4566/4566
f 76/4567/4567 244/4568/4568 83/4569/4569
f 244/4570/4570 257/4571/4571 83/4572/4572
f 22/4573/4573 92/4574/4574 110/4575/4575
f 92/4576/4576 102/4577/4577 111/4578/4578
f 22/4579/4579 94/4580/4580 93/4581/4581
f 22/4582/4582 93/4583/4583 95/4584/4584
f 22/4585/4585 95/4586/4586 92/4587/4587
f 92/4588/4588 95/4589/4589 96/4590/4590
f 92/4591/4591 96/4592/4592 97/4593/4593
f 92/4594/4594 97/4595/4595 98/4596/4596
f 102/4597/4597 98/4598/4598 99/4599/4599
f 102/4600/4600 99/4601/4601 100/4602/4602
f 102/4603/4603 100/4604/4604 103/4605/4605
f 92/4606/4606 98/4607/4607 102/4608/4608
f 107/4609/4609 103/4610/4610 104/4611/4611
f 102/4612/4612 103/4613/4613 107/4614/4614
f 102/4615/4615 107/4616/4616 112/4617/4617
f 107/4618/4618 104/4619/4619 105/4620/4620
f 107/4621/4621 105/4622/4622 106/4623/4623
f 107/4624/4624 106/4625/4625 108/4626/4626
f 107/4627/4627 108/4628/4628 116/4629/4629
f 108/4630/4630 109/4631/4631 116/4632/4632
f 107/4633/4633 116/4634/4634 117/4635/4635
f 107/4636/4636 117/4637/4637 113/4638/4638
f 92/4639/4639 111/4640/4640 110/4641/4641
f 111/4642/4642 102/4643/4643 112/4644/4644
f 110/4645/4645 111/4646/4646 134/4647/4647
f 111/4648/4648 112/4649/4649 135/4650/4650
f 112/4651/4651 107/4652/4652 113/4653/4653
f 113/4654/4654 117/4655/4655 114/4656/4656
f 112/4657/4657 113/4658/4658 136/4659/4659
f 113/4660/4660 114/4661/4661 137/4662/4662
f 114/4663/4663 117/4664/4664 118/4665/4665
f 114/4666/4666 118/4667/4667 119/4668/4668
f 114/4669/4669 119/4670/4670 121/4671/4671
f 114/4672/4672 121/4673/4673 122/4674/4674
f 114/4675/4675 122/4676/4676 123/4677/4677
f 114/4678/4678 123/4679/4679 126/4680/4680
f 126/4681/4681 123/4682/4682 124/4683/4683
f 126/4684/4684 124/4685/4685 127/4686/4686
f 114/4687/4687 126/4688/4688 143/4689/4689
f 126/4690/4690 133/4691/4691 145/4692/4692
f 126/4693/4693 127/4694/4694 128/4695/4695
f 126/4696/4696 128/4697/4697 133/4698/4698
f 133/4699/4699 128/4700/4700 129/4701/4701
f 133/4702/4702 129/4703/4703 130/4704/4704
f 133/4705/4705 130/4706/4706 131/4707/4707
f 133/4708/4708 131/4709/4709 132/4710/4710
f 133/4711/4711 132/4712/4712 156/4713/4713
f 133/4714/4714 159/4715/4715 146/4716/4716
f 133/4717/4717 156/4718/4718 159/4719/4719
f 110/4720/4720 134/4721/4721 49/4722/4722
f 111/4723/4723 135/4724/4724 134/4725/4725
f 49/4726/4726 134/4727/4727 138/4728/4728
f 134/4729/4729 139/4730/4730 138/4731/4731
f 134/4732/4732 135/4733/4733 139/4734/4734
f 139/4735/4735 135/4736/4736 140/4737/4737
f 112/4738/4738 136/4739/4739 135/4740/4740
f 135/4741/4741 136/4742/4742 140/4743/4743
f 136/4744/4744 137/4745/4745 141/4746/4746
f 136/4747/4747 141/4748/4748 140/4749/4749
f 113/4750/4750 137/4751/4751 136/4752/4752
f 137/4753/4753 114/4754/4754 143/4755/4755
f 141/4756/4756 137/4757/4757 142/4758/4758
f 137/4759/4759 143/4760/4760 142/4761/4761
f 138/4762/4762 139/4763/4763 283/4764/4764
f 139/4765/4765 140/4766/4766 284/4767/4767
f 138/4768/4768 283/4769/4769 197/4770/4770
f 139/4771/4771 284/4772/4772 283/4773/4773
f 140/4774/4774 141/4775/4775 287/4776/4776
f 140/4777/4777 287/4778/4778 284/4779/4779
f 141/4780/4780 288/4781/4781 287/4782/4782
f 141/4783/4783 142/4784/4784 288/4785/4785
f 142/4786/4786 296/4787/4787 288/4788/4788
f 143/4789/4789 144/4790/4790 142/4791/4791
f 142/4792/4792 144/4793/4793 296/4794/4794
f 144/4795/4795 299/4796/4796 296/4797/4797
f 143/4798/4798 126/4799/4799 145/4800/4800
f 143/4801/4801 145/4802/4802 144/4803/4803
f 144/4804/4804 145/4805/4805 147/4806/4806
f 145/4807/4807 146/4808/4808 147/4809/4809
f 133/4810/4810 146/4811/4811 145/4812/4812
f 147/4813/4813 146/4814/4814 148/4815/4815
f 159/4816/4816 163/4817/4817 146/4818/4818
f 146/4819/4819 163/4820/4820 148/4821/4821
f 144/4822/4822 147/4823/4823 299/4824/4824
f 147/4825/4825 300/4826/4826 299/4827/4827
f 147/4828/4828 148/4829/4829 300/4830/4830
f 148/4831/4831 302/4832/4832 300/4833/4833
f 148/4834/4834 172/4835/4835 302/4836/4836
f 159/4837/4837 156/4838/4838 157/4839/4839
f 159/4840/4840 157/4841/4841 158/4842/4842
f 159/4843/4843 158/4844/4844 160/4845/4845
f 159/4846/4846 160/4847/4847 164/4848/4848
f 159/4849/4849 164/4850/4850 163/4851/4851
f 163/4852/4852 164/4853/4853 165/4854/4854
f 163/4855/4855 165/4856/4856 166/4857/4857
f 163/4858/4858 166/4859/4859 167/4860/4860
f 163/4861/4861 167/4862/4862 169/4863/4863
f 169/4864/4864 167/4865/4865 168/4866/4866
f 169/4867/4867 168/4868/4868 170/4869/4869
f 169/4870/4870 170/4871/4871 171/4872/4872
f 169/4873/4873 171/4874/4874 174/4875/4875
f 148/4876/4876 163/4877/4877 172/4878/4878
f 163/4879/4879 169/4880/4880 172/4881/4881
f 172/4882/4882 169/4883/4883 349/4884/4884
f 169/4885/4885 174/4886/4886 175/4887/4887
f 169/4888/4888 176/4889/4889 349/4890/4890
f 169/4891/4891 175/4892/4892 176/4893/4893
f 349/4894/4894 176/4895/4895 177/4896/4896
f 178/4897/4897 361/4898/4898 177/4899/4899
f 186/4900/4900 180/4901/4901 181/4902/4902
f 180/4903/4903 194/4904/4904 181/4905/4905
f 194/4906/4906 182/4907/4907 181/4908/4908
f 182/4909/4909 201/4910/4910 205/4911/4911
f 183/4912/4912 185/4913/4913 184/4914/4914
f 183/4915/4915 184/4916/4916 243/4917/4917
f 186/4918/4918 187/4919/4919 185/4920/4920
f 186/4921/4921 181/4922/4922 187/4923/4923
f 184/4924/4924 185/4925/4925 187/4926/4926
f 184/4927/4927 189/4928/4928 249/4929/4929
f 189/4930/4930 267/4931/4931 249/4932/4932
f 181/4933/4933 188/4934/4934 187/4935/4935
f 189/4936/4936 187/4937/4937 188/4938/4938
f 181/4939/4939 182/4940/4940 188/4941/4941
f 182/4942/4942 206/4943/4943 188/4944/4944
f 184/4945/4945 187/4946/4946 189/4947/4947
f 189/4948/4948 188/4949/4949 207/4950/4950
f 190/4951/4951 191/4952/4952 192/4953/4953
f 191/4954/4954 195/4955/4955 193/4956/4956
f 192/4957/4957 191/4958/4958 193/4959/4959
f 180/4960/4960 190/4961/4961 194/4962/4962
f 194/4963/4963 190/4964/4964 192/4965/4965
f 195/4966/4966 196/4967/4967 198/4968/4968
f 196/4969/4969 197/4970/4970 199/4971/4971
f 193/4972/4972 195/4973/4973 198/4974/4974
f 198/4975/4975 196/4976/4976 199/4977/4977
f 199/4978/4978 197/4979/4979 285/4980/4980
f 192/4981/4981 200/4982/4982 201/4983/4983
f 192/4984/4984 193/4985/4985 200/4986/4986
f 193/4987/4987 203/4988/4988 200/4989/4989
f 200/4990/4990 203/4991/4991 218/4992/4992
f 194/4993/4993 192/4994/4994 201/4995/4995
f 194/4996/4996 201/4997/4997 182/4998/4998
f 200/4999/4999 219/5000/5000 201/5001/5001
f 193/5002/5002 198/5003/5003 203/5004/5004
f 198/5005/5005 199/5006/5006 202/5007/5007
f 198/5008/5008 202/5009/5009 203/5010/5010
f 199/5011/5011 285/5012/5012 204/5013/5013
f 199/5014/5014 204/5015/5015 202/5016/5016
f 203/5017/5017 202/5018/5018 220/5019/5019
f 202/5020/5020 204/5021/5021 221/5022/5022
f 189/5023/5023 207/5024/5024 267/5025/5025
f 267/5026/5026 207/5027/5027 271/5028/5028
f 207/5029/5029 272/5030/5030 271/5031/5031
f 188/5032/5032 206/5033/5033 207/5034/5034
f 182/5035/5035 205/5036/5036 206/5037/5037
f 206/5038/5038 215/5039/5039 216/5040/5040
f 205/5041/5041 211/5042/5042 206/5043/5043
f 206/5044/5044 216/5045/5045 207/5046/5046
f 207/5047/5047 217/5048/5048 208/5049/5049
f 207/5050/5050 216/5051/5051 217/5052/5052
f 207/5053/5053 209/5054/5054 272/5055/5055
f 207/5056/5056 208/5057/5057 209/5058/5058
f 205/5059/5059 237/5060/5060 211/5061/5061
f 211/5062/5062 237/5063/5063 214/5064/5064
f 237/5065/5065 240/5066/5066 214/5067/5067
f 206/5068/5068 211/5069/5069 210/5070/5070
f 206/5071/5071 210/5072/5072 215/5073/5073
f 211/5074/5074 214/5075/5075 213/5076/5076
f 211/5077/5077 213/5078/5078 212/5079/5079
f 211/5080/5080 212/5081/5081 210/5082/5082
f 218/5083/5083 220/5084/5084 222/5085/5085
f 205/5086/5086 201/5087/5087 219/5088/5088
f 200/5089/5089 218/5090/5090 219/5091/5091
f 205/5092/5092 219/5093/5093 237/5094/5094
f 218/5095/5095 223/5096/5096 219/5097/5097
f 203/5098/5098 220/5099/5099 218/5100/5100
f 202/5101/5101 221/5102/5102 220/5103/5103
f 221/5104/5104 204/5105/5105 306/5106/5106
f 220/5107/5107 221/5108/5108 229/5109/5109
f 221/5110/5110 306/5111/5111 230/5112/5112
f 219/5113/5113 223/5114/5114 237/5115/5115
f 237/5116/5116 223/5117/5117 239/5118/5118
f 218/5119/5119 222/5120/5120 223/5121/5121
f 223/5122/5122 225/5123/5123 224/5124/5124
f 223/5125/5125 224/5126/5126 239/5127/5127
f 223/5128/5128 222/5129/5129 228/5130/5130
f 222/5131/5131 231/5132/5132 228/5133/5133
f 223/5134/5134 227/5135/5135 226/5136/5136
f 223/5137/5137 228/5138/5138 227/5139/5139
f 223/5140/5140 226/5141/5141 225/5142/5142
f 220/5143/5143 229/5144/5144 222/5145/5145
f 221/5146/5146 230/5147/5147 229/5148/5148
f 222/5149/5149 229/5150/5150 231/5151/5151
f 229/5152/5152 234/5153/5153 233/5154/5154
f 229/5155/5155 232/5156/5156 231/5157/5157
f 229/5158/5158 233/5159/5159 232/5160/5160
f 229/5161/5161 230/5162/5162 236/5163/5163
f 229/5164/5164 235/5165/5165 234/5166/5166
f 229/5167/5167 236/5168/5168 235/5169/5169
f 230/5170/5170 314/5171/5171 236/5172/5172
f 237/5173/5173 238/5174/5174 240/5175/5175
f 237/5176/5176 239/5177/5177 238/5178/5178
f 79/5179/5179 243/5180/5180 244/5181/5181
f 79/5182/5182 183/5183/5183 243/5184/5184
f 243/5185/5185 249/5186/5186 250/5187/5187
f 184/5188/5188 249/5189/5189 243/5190/5190
f 244/5191/5191 245/5192/5192 257/5193/5193
f 244/5194/5194 250/5195/5195 245/5196/5196
f 243/5197/5197 250/5198/5198 244/5199/5199
f 250/5200/5200 247/5201/5201 245/5202/5202
f 250/5203/5203 248/5204/5204 247/5205/5205
f 250/5206/5206 252/5207/5207 248/5208/5208
f 246/5209/5209 247/5210/5210 248/5211/5211
f 249/5212/5212 254/5213/5213 250/5214/5214
f 249/5215/5215 255/5216/5216 254/5217/5217
f 249/5218/5218 256/5219/5219 255/5220/5220
f 249/5221/5221 267/5222/5222 256/5223/5223
f 250/5224/5224 253/5225/5225 251/5226/5226
f 250/5227/5227 251/5228/5228 252/5229/5229
f 250/5230/5230 254/5231/5231 253/5232/5232
f 267/5233/5233 270/5234/5234 269/5235/5235
f 267/5236/5236 271/5237/5237 270/5238/5238
f 267/5239/5239 268/5240/5240 273/5241/5241
f 267/5242/5242 273/5243/5243 256/5244/5244
f 267/5245/5245 269/5246/5246 268/5247/5247
f 197/5248/5248 283/5249/5249 285/5250/5250
f 283/5251/5251 284/5252/5252 286/5253/5253
f 285/5254/5254 283/5255/5255 286/5256/5256
f 284/5257/5257 289/5258/5258 286/5259/5259
f 284/5260/5260 287/5261/5261 289/5262/5262
f 287/5263/5263 288/5264/5264 290/5265/5265
f 287/5266/5266 290/5267/5267 289/5268/5268
f 288/5269/5269 296/5270/5270 291/5271/5271
f 288/5272/5272 291/5273/5273 290/5274/5274
f 285/5275/5275 286/5276/5276 292/5277/5277
f 285/5278/5278 292/5279/5279 204/5280/5280
f 286/5281/5281 289/5282/5282 293/5283/5283
f 286/5284/5284 293/5285/5285 292/5286/5286
f 204/5287/5287 292/5288/5288 306/5289/5289
f 292/5290/5290 293/5291/5291 307/5292/5292
f 289/5293/5293 290/5294/5294 294/5295/5295
f 289/5296/5296 294/5297/5297 293/5298/5298
f 290/5299/5299 295/5300/5300 294/5301/5301
f 293/5302/5302 294/5303/5303 308/5304/5304
f 290/5305/5305 291/5306/5306 295/5307/5307
f 295/5308/5308 291/5309/5309 298/5310/5310
f 294/5311/5311 295/5312/5312 309/5313/5313
f 295/5314/5314 298/5315/5315 310/5316/5316
f 296/5317/5317 299/5318/5318 297/5319/5319
f 296/5320/5320 297/5321/5321 291/5322/5322
f 291/5323/5323 297/5324/5324 298/5325/5325
f 299/5326/5326 300/5327/5327 301/5328/5328
f 299/5329/5329 301/5330/5330 297/5331/5331
f 300/5332/5332 302/5333/5333 303/5334/5334
f 301/5335/5335 300/5336/5336 303/5337/5337
f 303/5338/5338 302/5339/5339 348/5340/5340
f 297/5341/5341 301/5342/5342 304/5343/5343
f 297/5344/5344 304/5345/5345 298/5346/5346
f 301/5347/5347 305/5348/5348 304/5349/5349
f 298/5350/5350 304/5351/5351 335/5352/5352
f 301/5353/5353 303/5354/5354 305/5355/5355
f 304/5356/5356 305/5357/5357 336/5358/5358
f 303/5359/5359 350/5360/5360 305/5361/5361
f 305/5362/5362 350/5363/5363 374/5364/5364
f 292/5365/5365 307/5366/5366 306/5367/5367
f 293/5368/5368 308/5369/5369 307/5370/5370
f 306/5371/5371 307/5372/5372 311/5373/5373
f 307/5374/5374 308/5375/5375 312/5376/5376
f 294/5377/5377 309/5378/5378 308/5379/5379
f 295/5380/5380 310/5381/5381 309/5382/5382
f 308/5383/5383 309/5384/5384 322/5385/5385
f 309/5386/5386 310/5387/5387 331/5388/5388
f 306/5389/5389 311/5390/5390 230/5391/5391
f 307/5392/5392 312/5393/5393 311/5394/5394
f 311/5395/5395 312/5396/5396 320/5397/5397
f 230/5398/5398 311/5399/5399 315/5400/5400
f 230/5401/5401 315/5402/5402 313/5403/5403
f 311/5404/5404 316/5405/5405 315/5406/5406
f 311/5407/5407 319/5408/5408 316/5409/5409
f 230/5410/5410 313/5411/5411 314/5412/5412
f 311/5413/5413 320/5414/5414 319/5415/5415
f 312/5416/5416 317/5417/5417 320/5418/5418
f 312/5419/5419 318/5420/5420 317/5421/5421
f 312/5422/5422 325/5423/5423 318/5424/5424
f 308/5425/5425 322/5426/5426 312/5427/5427
f 312/5428/5428 322/5429/5429 325/5430/5430
f 322/5431/5431 327/5432/5432 326/5433/5433
f 322/5434/5434 328/5435/5435 327/5436/5436
f 322/5437/5437 323/5438/5438 328/5439/5439
f 309/5440/5440 331/5441/5441 322/5442/5442
f 322/5443/5443 331/5444/5444 330/5445/5445
f 322/5446/5446 330/5447/5447 323/5448/5448
f 323/5449/5449 330/5450/5450 324/5451/5451
f 322/5452/5452 326/5453/5453 325/5454/5454
f 310/5455/5455 332/5456/5456 331/5457/5457
f 310/5458/5458 333/5459/5459 332/5460/5460
f 298/5461/5461 335/5462/5462 310/5463/5463
f 304/5464/5464 336/5465/5465 335/5466/5466
f 310/5467/5467 335/5468/5468 345/5469/5469
f 310/5470/5470 343/5471/5471 333/5472/5472
f 310/5473/5473 344/5474/5474 343/5475/5475
f 310/5476/5476 345/5477/5477 344/5478/5478
f 335/5479/5479 346/5480/5480 345/5481/5481
f 335/5482/5482 337/5483/5483 346/5484/5484
f 305/5485/5485 374/5486/5486 336/5487/5487
f 335/5488/5488 336/5489/5489 338/5490/5490
f 336/5491/5491 339/5492/5492 338/5493/5493
f 336/5494/5494 341/5495/5495 339/5496/5496
f 335/5497/5497 338/5498/5498 337/5499/5499
f 336/5500/5500 342/5501/5501 341/5502/5502
f 336/5503/5503 340/5504/5504 342/5505/5505
f 336/5506/5506 376/5507/5507 340/5508/5508
f 336/5509/5509 374/5510/5510 376/5511/5511
f 172/5512/5512 348/5513/5513 302/5514/5514
f 172/5515/5515 349/5516/5516 348/5517/5517
f 303/5518/5518 348/5519/5519 350/5520/5520
f 348/5521/5521 351/5522/5522 350/5523/5523
f 349/5524/5524 177/5525/5525 360/5526/5526
f 349/5527/5527 360/5528/5528 362/5529/5529
f 348/5530/5530 349/5531/5531 351/5532/5532
f 349/5533/5533 362/5534/5534 351/5535/5535
f 351/5536/5536 362/5537/5537 363/5538/5538
f 351/5539/5539 363/5540/5540 364/5541/5541
f 350/5542/5542 351/5543/5543 355/5544/5544
f 350/5545/5545 356/5546/5546 354/5547/5547
f 350/5548/5548 355/5549/5549 357/5550/5550
f 350/5551/5551 357/5552/5552 356/5553/5553
f 350/5554/5554 354/5555/5555 374/5556/5556
f 351/5557/5557 358/5558/5558 355/5559/5559
f 351/5560/5560 352/5561/5561 353/5562/5562
f 351/5563/5563 364/5564/5564 352/5565/5565
f 351/5566/5566 353/5567/5567 358/5568/5568
f 361/5569/5569 360/5570/5570 177/5571/5571
f 178/5572/5572 359/5573/5573 361/5574/5574
f 374/5575/5575 378/5576/5576 377/5577/5577
f 374/5578/5578 375/5579/5579 376/5580/5580
f 374/5581/5581 377/5582/5582 375/5583/5583
f 374/5584/5584 354/5585/5585 378/5586/5586
