# meters; x anterior, y left, z dorsal
mtllib fish.mtl
usemtl fish
v -0.03351602215 -0.001124394592 -0.005597089356
v -0.03331699106 -0.001135899336 -0.005595938707
v -0.0337047528 -0.001364713535 -0.00437951501
v -0.03360300767 -0.001364713535 -0.004386492013
v -0.03360939655 -0.001233862946 -0.005066477167
v -0.03354952368 -0.001166903647 -0.005418771351
v -0.03353375825 -0.001144525362 -0.005512220724
v -0.03380110744 -0.001424257644 -0.003706451444
v -0.03382234904 -0.001442742418 -0.003498101546
v -0.03384562093 -0.001471281867 -0.003177073258
v -0.03385203588 -0.001479662722 -0.003088280032
v -0.03375827405 -0.001479120692 -0.00309532572
v -0.03222194943 -0.001675247215 -0.004590790192
v -0.03235269967 -0.001781482366 -0.00323424878
v -0.03347451124 -0.001029930892 -0.005805011312
v -0.03337858129 -0.0008405261906 -0.006279847058
v -0.03333327058 -0.0007029696135 -0.006501048742
v -0.03326989967 -0.0005624047481 -0.006772138583
v -0.03334966558 -0.0007467478281 -0.00643015088
v -0.03322280827 -0.0004655396333 -0.006972801811
v -0.03315967578 -0.0002840669476 -0.007247158731
v -0.03315357003 -0.0002665211505 -0.007273685592
v -0.03314131382 -0.0002286965464 -0.007327208235
v -0.0328593615 -0.0008498815005 -0.006396788577
v -0.03265774506 -0.0003023886238 -0.007466234206
v -0.03291383642 -0.000264633476 -0.0073926085
v -0.03253191593 -0.000304525136 -0.007502410966
v -0.03227596241 -0.0002734115405 -0.007575997091
v -0.03260603058 -0.0005066601443 -0.007091403412
v -0.0319767918 -0.00127482228 -0.005849268692
v -0.03056304786 -0.001233962597 -0.006086254897
v -0.03075099993 -0.001683419105 -0.004795088837
v -0.0309062663 -0.001822342048 -0.003389515387
v -0.03098798799 -0.001609871746 -0.002024801853
v -0.0316826019 -0.0006700988743 -0.006772697842
v -0.03152035806 -0.0002942495048 -0.007793233669
v -0.03152733552 -0.0003105336218 -0.007532687797
v -0.03044319782 -0.0004724506289 -0.008102917051
v -0.03036691877 -0.0003677372006 -0.007075059167
v -0.03393430892 -0.001638107817 -0.00112695497
v -0.03392846021 -0.001704611233 -0.0007615876939
v -0.03392681736 -0.001723332447 -0.0006428596071
v -0.03393022972 -0.001684515737 -0.0004946166855
v -0.03393430892 -0.001638107817 -0.0003420775147
v -0.03379096347 -0.001740622683 -0.0006519164281
v -0.03393568727 -0.001523655374 -0.001963662621
v -0.03393549356 -0.001523430343 -0.001969431466
v -0.03394009057 -0.00151290826 -0.00184412667
v -0.03394016135 -0.001511390903 -0.001826604302
v -0.03378279018 -0.001528152381 -0.001836847453
v -0.0339395653 -0.001524296706 3.296920022e-05
v -0.03393590334 -0.001483709435 0.0001678360813
v -0.03391874465 -0.001403167029 0.0004374661394
v -0.03369289893 -0.00143008912 0.0003940916094
v -0.03388089943 -0.001259086537 0.001013601318
v -0.03387662652 -0.00116682204 0.001120687989
v -0.03349677357 -0.001250306494 0.001154081782
v -0.03246710706 -0.001814170158 -0.000733635793
v -0.03248345363 -0.001781482366 0.0004349512919
v -0.03240173194 -0.00160169974 -0.001934910598
v -0.03248345363 -0.001372885541 0.00131752057
v -0.03386276472 -0.000990339322 0.001400205251
v -0.03386006761 -0.0009714802145 0.001430595122
v -0.0338413443 -0.0008917544037 0.001629404202
v -0.03351311642 -0.0008662253967 0.001742461292
v -0.03381716716 -0.0005215554847 0.001950103734
v -0.03380827117 -0.0004080234503 0.002062673858
v -0.03379720706 -0.0002874260827 0.002197757424
v -0.03365203994 -0.0003677372006 0.00212654233
v -0.03379249457 -0.000236061358 0.002255292205
v -0.03377785045 -0.0001406765659 0.002418687628
v -0.0337646592 -7.91647326e-05 0.002526318483
v -0.03376114252 -6.697730714e-05 0.002548185704
v -0.0334712218 -9.650892753e-05 0.00267502625
v -0.03325161222 -0.0001062351876 0.002657718319
v -0.03323189425 -9.021313599e-05 0.002779732286
v -0.03331439826 -6.327644223e-05 0.002743635853
v -0.03254882875 -0.0009152570274 0.002012135289
v -0.03270539525 -0.0001784089545 0.003010074203
v -0.03274648893 -0.0001631506893 0.002992096884
v -0.03267006832 -0.0001753993565 0.003025530433
v -0.03262237343 -0.0003105336218 0.002445248017
v -0.03132303688 -0.00127482228 0.001415583832
v -0.03111873823 -0.00192040531 -0.0007418077412
v -0.03120862949 -0.001634387532 0.0004267793583
v -0.0314619604 -0.0008008498698 0.002208261812
v -0.03203826281 -0.0003105336218 0.003301945576
v -0.03184359777 -0.0003018733114 0.003387110834
v -0.0316826019 -0.0002696739393 0.002878360511
v -0.03128054249 -0.0002157391427 0.003633447751
v -0.03062024969 -0.0002778458875 0.003319645361
v -0.03085933137 -0.0002180759184 0.003817728316
v -0.03314761701 0 -0.007325396812
v -0.03315357003 0.0002665211505 -0.007273685592
v -0.03314131382 0.0002286965464 -0.007327208235
v -0.03348301607 0 -0.005967710106
v -0.03315967578 0.0002840669476 -0.007247158731
v -0.03322280827 0.0004655396333 -0.006972801811
v -0.03333327058 0.0007029696135 -0.006501048742
v -0.03326989967 0.0005624047481 -0.006772138583
v -0.03334966558 0.0007467478281 -0.00643015088
v -0.03337858129 0.0008405261906 -0.006279847058
v -0.03347451124 0.001029930892 -0.005805011312
v -0.03291383642 0.000264633476 -0.0073926085
v -0.03265774506 0.0003023886238 -0.007466234206
v -0.03253191593 0.000304525136 -0.007502410966
v -0.03227596241 0.0002734115405 -0.007575997091
v -0.03260603058 0.0005066601443 -0.007091403412
v -0.0328593615 0.0008498815005 -0.006396788577
v -0.03377530235 0 -0.004295017509
v -0.03395123291 0 -0.002606118968
v -0.03351602215 0.001124394592 -0.005597089356
v -0.03331699106 0.001135899336 -0.005595938707
v -0.03360939655 0.001233862946 -0.005066477167
v -0.0337047528 0.001364713535 -0.00437951501
v -0.03360300767 0.001364713535 -0.004386492013
v -0.03353375825 0.001144525362 -0.005512220724
v -0.03354952368 0.001166903647 -0.005418771351
v -0.03380110744 0.001424257644 -0.003706451444
v -0.03382234904 0.001442742418 -0.003498101546
v -0.03384562093 0.001471281867 -0.003177073258
v -0.03385203588 0.001479662722 -0.003088280032
v -0.03375827405 0.001479120692 -0.00309532572
v -0.03222194943 0.001675247215 -0.004590790192
v -0.03235269967 0.001781482366 -0.00323424878
v -0.03152035806 0.0002942495048 -0.007793233669
v -0.03152733552 0.0003105336218 -0.007532687797
v -0.0316826019 0.0006700988743 -0.006772697842
v -0.03044319782 0.0004724506289 -0.008102917051
v -0.03036691877 0.0003677372006 -0.007075059167
v -0.0319767918 0.00127482228 -0.005849268692
v -0.03056304786 0.001233962597 -0.006086254897
v -0.03098798799 0.001609871746 -0.002024801853
v -0.03075099993 0.001683419105 -0.004795088837
v -0.0309062663 0.001822342048 -0.003389515387
v -0.03400996956 0 -0.0009090980138
v -0.03395123291 0 0.0007879229988
v -0.03385973978 0.001024187542 0.001421132069
v -0.03379249457 0.000236061358 0.002255292205
v -0.03377530235 0 0.002476821482
v -0.03377743694 0.0001178421662 0.002428124021
v -0.03376297164 0 0.002547385698
v -0.03376204777 3.782624481e-05 0.002547211773
v -0.03376194346 3.763165296e-05 0.002547834828
v -0.0337672669 5.974811575e-05 0.00251417846
v -0.0338032681 0.0003319202515 0.002128930125
v -0.03380827117 0.0004080234503 0.002062673858
v -0.03365203994 0.0003677372006 0.00212654233
v -0.03331439826 6.327644223e-05 0.002743635853
v -0.03325161222 0.0001062351876 0.002657718319
v -0.03383454192 0.0008296999149 0.001709588399
v -0.0338413443 0.0008917544037 0.001629404202
v -0.03351311642 0.0008662253967 0.001742461292
v -0.03274648893 0.0001631506893 0.002992096884
v -0.03267006832 0.0001753993565 0.003025530433
v -0.03262237343 0.0003105336218 0.002445248017
v -0.03254882875 0.0009152570274 0.002012135289
v -0.03393568727 0.001523655374 -0.001963662621
v -0.03393549356 0.001523430343 -0.001969431466
v -0.03394009057 0.00151290826 -0.00184412667
v -0.03394016135 0.001511390903 -0.001826604302
v -0.03378279018 0.001528152381 -0.001836847453
v -0.03390594456 0.001296538161 0.000664373164
v -0.03387662652 0.00116682204 0.001120687989
v -0.03386480618 0.001090291771 0.001318096826
v -0.03393590334 0.001483709435 0.0001678360813
v -0.03391874465 0.001403167029 0.0004374661394
v -0.0339395653 0.001524296706 3.296920022e-05
v -0.03369289893 0.00143008912 0.0003940916094
v -0.03349677357 0.001250306494 0.001154081782
v -0.03393430892 0.001638107817 -0.00112695497
v -0.03392846021 0.001704611233 -0.0007615876939
v -0.03393022972 0.001684515737 -0.0004946166855
v -0.03393430892 0.001638107817 -0.0003420775147
v -0.03392681736 0.001723332447 -0.0006428596071
v -0.03379096347 0.001740622683 -0.0006519164281
v -0.03240173194 0.00160169974 -0.001934910598
v -0.03248345363 0.001372885541 0.00131752057
v -0.03246710706 0.001814170158 -0.000733635793
v -0.03248345363 0.001781482366 0.0004349512919
v -0.03203826281 0.0003105336218 0.003301945576
v -0.03184359777 0.0003018733114 0.003387110834
v -0.0316826019 0.0002696739393 0.002878360511
v -0.03128054249 0.0002157391427 0.003633447751
v -0.0314619604 0.0008008498698 0.002208261812
v -0.03062024969 0.0002778458875 0.003319645361
v -0.03085933137 0.0002180759184 0.003817728316
v -0.03042457136 0.0001766386122 0.004007934654
v -0.03132303688 0.00127482228 0.001415583832
v -0.03111873823 0.00192040531 -0.0007418077412
v -0.03120862949 0.001634387532 0.0004267793583
v -0.02909209836 -0.001144071226 -0.006323241102
v -0.02943532053 -0.002034812467 -0.003544782227
v -0.02955789748 -0.001928577316 -0.002098349328
v -0.02927188086 -0.001797826262 -0.005032075042
v -0.03032673779 -0.0005055142683 -0.008136399029
v -0.03027259442 -0.0004935072502 -0.008151966086
v -0.0290577698 -0.0004116192576 -0.008501226953
v -0.02890834469 -0.0004100444494 -0.008544187001
v -0.0287619147 -0.0004063812667 -0.008586286506
v -0.02894500154 -0.0003513933043 -0.007459140322
v -0.02756394702 -0.001135899336 -0.006592914867
v -0.02741497266 -0.001167352893 -0.006541087231
v -0.02739697206 -0.001130761579 -0.006617747186
v -0.02772738296 -0.001797826262 -0.005220029442
v -0.0276755977 -0.001801872044 -0.005227581537
v -0.02766620252 -0.001773069496 -0.005276088076
v -0.02771171066 -0.001843609265 -0.005047021373
v -0.02770473692 -0.001833911985 -0.005088330651
v -0.02773285913 -0.001880478929 -0.004892391557
v -0.02807060513 -0.002124703722 -0.00213103712
v -0.02790716547 -0.002165563405 -0.003691877178
v -0.02787913266 -0.002161633456 -0.003720042235
v -0.02788247424 -0.002168006962 -0.003693291857
v -0.02794371802 -0.002155498834 -0.003284566509
v -0.02797794971 -0.002147677355 -0.003003944116
v -0.02804446104 -0.002127663232 -0.002155946507
v -0.02804670367 -0.002123948885 -0.00213103712
v -0.02799373004 -0.001883173361 -0.00311611447
v -0.02719677868 -0.0005903826677 -0.007484111408
v -0.02735470492 -0.001031788765 -0.006799094784
v -0.02746327105 -0.0004341083986 -0.008959646276
v -0.02744953963 -0.0003105336218 -0.007826877697
v -0.02667059633 -0.0003897786955 -0.009187539978
v -0.02689474332 -0.0003345248988 -0.008495634361
v -0.02707880619 -0.0003085926 -0.007925869836
v -0.02708061296 -0.0003123265051 -0.007919953144
v -0.02972951043 -0.002018468687 -0.0007172918968
v -0.02989294636 -0.00176513847 0.0005657023021
v -0.03008090216 -0.00127482228 0.001652570037
v -0.02874887618 -0.00111138355 0.001840524553
v -0.03033423308 -0.000572035613 0.002437075894
v -0.03021628666 -0.0001923003001 0.004099060609
v -0.02948434907 -0.0001716106926 0.003801789661
v -0.0297435883 -0.0001476071047 0.004305865211
v -0.02905940893 -0.0003105336218 0.002706749891
v -0.02911842871 -0.0002215090935 0.004579373231
v -0.02810994419 -0.002118006116 -0.001308999778
v -0.02812213334 -0.002115613315 -0.001021410278
v -0.02812234941 -0.002113158349 -0.0007665354615
v -0.02826673049 -0.002116531832 -0.0006437444799
v -0.02812150377 -0.002122778213 -0.000630471096
v -0.02814249206 -0.001884074183 -0.001164421844
v -0.02814249206 -0.001884074183 0.0002050468183
v -0.02814603108 -0.001807452645 0.0004740161557
v -0.02848737571 -0.001716106897 0.0007127971648
v -0.02815128002 -0.001693824306 0.0007555055226
v -0.028155579 -0.001600688323 0.0009892797707
v -0.02815198037 -0.001542545855 0.001134972673
v -0.02814715984 -0.001432256657 0.001353250062
v -0.02811189252 -0.00111138355 0.001993400339
v -0.02809554222 -0.0007434503641 0.002411475233
v -0.02807529899 -0.0005296563613 0.002656983738
v -0.02804437163 -0.0002150004439 0.003029174465
v -0.02801978099 -0.0001782078471 0.003274016842
v -0.02849053475 -0.0002503298456 0.004854077069
v -0.02818501252 -0.0002288142568 0.004324793411
v -0.02796336147 -0.0002072141506 0.003808694487
v -0.02796230721 -0.0002076042292 0.003815752748
v -0.02793155494 -0.0002086277818 0.004024766679
v -0.02785285819 -0.0002100485435 0.00447491935
v -0.02774244058 -0.0001926037221 0.005109354915
v -0.02772885072 -0.0001913166925 0.005187313599
v -0.03032673779 0.0005055142683 -0.008136399029
v -0.03027259442 0.0004935072502 -0.008151966086
v -0.0290577698 0.0004116192576 -0.008501226953
v -0.0287619147 0.0004063812667 -0.008586286506
v -0.02890834469 0.0004100444494 -0.008544187001
v -0.02894500154 0.0003513933043 -0.007459140322
v -0.02909209836 0.001144071226 -0.006323241102
v -0.02943532053 0.002034812467 -0.003544782227
v -0.02955789748 0.001928577316 -0.002098349328
v -0.02927188086 0.001797826262 -0.005032075042
v -0.02762343618 0 -0.005818176488
v -0.02715505171 0 -0.007714181146
v -0.02746327105 0.0004341083986 -0.008959646276
v -0.02744953963 0.0003105336218 -0.007826877697
v -0.02668188769 0 -0.009184293388
v -0.02667059633 0.0003897786955 -0.009187539978
v -0.02689474332 0.0003345248988 -0.008495634361
v -0.02707880619 0.0003085926 -0.007925869836
v -0.02708061296 0.0003123265051 -0.007919953144
v -0.02719677868 0.0005903826677 -0.007484111408
v -0.02735470492 0.001031788765 -0.006799094784
v -0.02795960638 0 -0.003894324353
v -0.02756394702 0.001135899336 -0.006592914867
v -0.02739697206 0.001130761579 -0.006617747186
v -0.02741497266 0.001167352893 -0.006541087231
v -0.02772738296 0.001797826262 -0.005220029442
v -0.02766620252 0.001773069496 -0.005276088076
v -0.0276755977 0.001801872044 -0.005227581537
v -0.02770473692 0.001833911985 -0.005088330651
v -0.02771171066 0.001843609265 -0.005047021373
v -0.02773285913 0.001880478929 -0.004892391557
v -0.02807060513 0.002124703722 -0.00213103712
v -0.02799373004 0.001883173361 -0.00311611447
v -0.02790716547 0.002165563405 -0.003691877178
v -0.02787913266 0.002161633456 -0.003720042235
v -0.02788247424 0.002168006962 -0.003693291857
v -0.02794371802 0.002155498834 -0.003284566509
v -0.02797794971 0.002147677355 -0.003003944116
v -0.02804670367 0.002123948885 -0.00213103712
v -0.02804446104 0.002127663232 -0.002155946507
v -0.02948434907 0.0001716106926 0.003801789661
v -0.0297435883 0.0001476071047 0.004305865211
v -0.03033423308 0.000572035613 0.002437075894
v -0.02905940893 0.0003105336218 0.002706749891
v -0.02923733252 0.0001695286774 0.004527352811
v -0.02972951043 0.002018468687 -0.0007172918968
v -0.02989294636 0.00176513847 0.0005657023021
v -0.03008090216 0.00127482228 0.001652570037
v -0.02874887618 0.00111138355 0.001840524553
v -0.0281619567 0 -0.001951833195
v -0.02822951111 0 2.724460577e-12
v -0.0281619567 0 0.001951833317
v -0.02804437163 0.0002150004439 0.003029174465
v -0.02849053475 0.0002503298456 0.004854077069
v -0.02818501252 0.0002288142568 0.004324793411
v -0.02795960638 0 0.003894324475
v -0.02796336892 0.0002077012468 0.003808493321
v -0.02796230721 0.0002076042292 0.003815752748
v -0.02793063852 0.0002154459362 0.004029029808
v -0.02789452556 0.0002229576785 0.00423460227
v -0.02785285819 0.0002100485435 0.00447491935
v -0.02773406985 0 0.005185029065
v -0.02778952453 0.0002106600441 0.005160769043
v -0.02773474413 0.0002073466458 0.005151270484
v -0.02772845212 0.000205864606 0.005187488222
v -0.02809463325 0.0007536169142 0.002417760729
v -0.0280946705 0.0007544043474 0.002416875274
v -0.02814110252 0.001288294327 0.001512383521
v -0.02814794216 0.001356608351 0.001384865786
v -0.02815669659 0.001576548326 0.0009743604487
v -0.02814249206 0.001884074183 -0.001164421844
v -0.02810994419 0.002118006116 -0.001308999778
v -0.02812213334 0.002115613315 -0.001021410278
v -0.02812234941 0.002113158349 -0.0007665354615
v -0.02826673049 0.002116531832 -0.0006437444799
v -0.02812150377 0.002122778213 -0.000630471096
v -0.02814249206 0.001884074183 0.0002050468183
v -0.02814603108 0.001807452645 0.0004740161557
v -0.02848737571 0.001716106897 0.0007127971648
v -0.02815128002 0.001693824306 0.0007555055226
v -0.02811189252 0.00111138355 0.001993400339
vt 0.9489999909 0.06618182248
vt 0.9478737277 0.0667278884
vt 0.9475981176 0.06550212455
vt 0.9489999899 0.0661818224
vt 0.9489999964 0.06036363758
vt 0.9569999994 0.06133333367
vt 0.9509999972 0.07393939433
vt 0.9519052451 0.07837453957
vt 0.9504308298 0.07428434576
vt 0.9509999972 0.07393939433
vt 0.9524114629 0.07961489481
vt 0.9519052451 0.07837453957
vt 0.9509999972 0.07393939433
vt 0.9504308297 0.07428434574
vt 0.9489055473 0.07007931154
vt 0.9509999972 0.07393939392
vt 0.9590000027 0.07006060595
vt 0.9540000003 0.08169696971
vt 0.9489999905 0.0661818226
vt 0.9509999972 0.07393939433
vt 0.9489055473 0.07007931154
vt 0.9489999905 0.0661818226
vt 0.9489055473 0.07007931154
vt 0.948186989 0.06788994283
vt 0.9481869894 0.06788994248
vt 0.9480127135 0.06728593297
vt 0.9478737275 0.06672788806
vt 0.9489999909 0.06618182233
vt 0.9481869894 0.06788994248
vt 0.9478737275 0.06672788806
vt 0.9540000003 0.08169696966
vt 0.9532463148 0.08149764878
vt 0.9524114629 0.07961489481
vt 0.9540000003 0.08169696966
vt 0.9534694276 0.08201852893
vt 0.9532463148 0.08149764878
vt 0.9509999972 0.07393939433
vt 0.9540000003 0.08169696966
vt 0.9524114629 0.07961489481
vt 0.9540000003 0.08169696967
vt 0.9557893486 0.08913437107
vt 0.9534694275 0.08201852893
vt 0.9557893486 0.08913437107
vt 0.9557760722 0.08909856884
vt 0.9534694275 0.08201852893
vt 0.9540000003 0.08169696967
vt 0.9569999981 0.08945454568
vt 0.9557893486 0.08913437107
vt 0.9540000002 0.08169696971
vt 0.9620000062 0.07781817872
vt 0.9569999982 0.08945454541
vt 0.9540000002 0.08169696969
vt 0.9590000026 0.07006060583
vt 0.9620000062 0.07781817865
vt 0.956999998 0.08945454578
vt 0.9620000067 0.0778181777
vt 0.9650000031 0.08460605904
vt 0.9489999896 0.066181822
vt 0.9569999994 0.06133333364
vt 0.950999997 0.07393939417
vt 0.9509999974 0.07393939394
vt 0.9569999995 0.06133333361
vt 0.9590000025 0.07006060588
vt 0.948999992 0.06618182299
vt 0.9475981184 0.065502125
vt 0.9467103785 0.06258387494
vt 0.948999992 0.06618182299
vt 0.9467103785 0.06258387494
vt 0.9489999972 0.06036363779
vt 0.948999997 0.06036363763
vt 0.946100384 0.06092598579
vt 0.9458993267 0.05912320422
vt 0.9467103785 0.06258387493
vt 0.9462860194 0.06146243964
vt 0.9461003839 0.06092598582
vt 0.9489999972 0.06036363775
vt 0.9467103785 0.06258387493
vt 0.9461003839 0.06092598582
vt 0.948999997 0.06036363763
vt 0.9458993267 0.05912320422
vt 0.9490000014 0.05551514965
vt 0.9489999967 0.06036363772
vt 0.9490000014 0.05551514963
vt 0.9549999999 0.05454545344
vt 0.1640625 0.02272727273
vt 0.1640625 0.02272727273
vt 0.1640625 0.02272727273
vt 0.1640625 0.02272727273
vt 0.1640625 0.02272727273
vt 0.1640625 0.02272727273
vt 0.1640625 0.02272727273
vt 0.1640625 0.02272727273
vt 0.1640625 0.02272727273
vt 0.9490000014 0.0555151496
vt 0.9458993262 0.05912320357
vt 0.9455640793 0.05754160686
vt 0.9475118839 0.0528196954
vt 0.9455640797 0.05754160795
vt 0.9449850189 0.05541542351
vt 0.9460840096 0.05386588114
vt 0.9449850189 0.05541542351
vt 0.944929041 0.05520984426
vt 0.9475118839 0.0528196954
vt 0.9449850189 0.05541542351
vt 0.9460840096 0.05386588114
vt 0.9475118845 0.05281969673
vt 0.9490000014 0.0555151496
vt 0.9455640793 0.05754160686
vt 0.9460840097 0.05386588103
vt 0.944929041 0.05520984417
vt 0.9447880844 0.05482651908
vt 0.1640625 0.02272727273
vt 0.1640625 0.02272727273
vt 0.1640625 0.02272727273
vt 0.9475118845 0.05281969673
vt 0.9481754844 0.05231706055
vt 0.9490000014 0.0555151496
vt 0.9481754844 0.05231706071
vt 0.9494573785 0.05116528995
vt 0.9490000013 0.05551514958
vt 0.5350000008 0.9776969671
vt 0.5339999996 0.9679999925
vt 0.5430000009 0.9689696866
vt 0.5350000009 0.9776969671
vt 0.5430000016 0.9689696865
vt 0.5430000001 0.9786666589
vt 0.5429999998 0.9786666587
vt 0.552 0.969939399
vt 0.5520000003 0.9796363601
vt 0.5430000002 0.9786666589
vt 0.5430000018 0.9689696865
vt 0.5519999998 0.9699393989
vt 0.526 0.9757575764
vt 0.5339999996 0.9679999925
vt 0.5350000009 0.9776969671
vt 0.5430000009 0.9689696879
vt 0.5420000003 0.9602424324
vt 0.5520000003 0.9699393982
vt 0.526 0.9757575764
vt 0.5249999994 0.9670303114
vt 0.5339999998 0.967999993
vt 0.9569999994 0.06133333371
vt 0.9489999964 0.06036363772
vt 0.9549999997 0.05454545347
vt 0.5260000001 0.9757575764
vt 0.5189999989 0.9738181816
vt 0.5160000005 0.966060599
vt 0.9494573785 0.05116528995
vt 0.9539999978 0.04969697086
vt 0.9490000013 0.05551514958
vt 0.9494573786 0.05116529031
vt 0.95343065 0.04831675768
vt 0.9539999978 0.04969697078
vt 0.1640625 0.02272727273
vt 0.1640625 0.02272727273
vt 0.1640625 0.02272727273
vt 0.9549999999 0.05454545344
vt 0.9490000013 0.05551514963
vt 0.9539999979 0.04969697106
vt 0.5260000001 0.9757575764
vt 0.5160000012 0.9660605986
vt 0.5249999997 0.9670303114
vt 0.5189999987 0.9738181814
vt 0.5130000004 0.972848487
vt 0.5094094174 0.965448218
vt 0.5112919821 0.9728484959
vt 0.5095541256 0.9661655908
vt 0.5130000002 0.9728484872
vt 0.1640625 0.02272727273
vt 0.1640625 0.02272727273
vt 0.1640625 0.02272727273
vt 0.5130000004 0.972848487
vt 0.509554127 0.9661655892
vt 0.5094094174 0.965448218
vt 0.1640625 0.02272727273
vt 0.1640625 0.02272727273
vt 0.1640625 0.02272727273
vt 0.1640625 0.02272727273
vt 0.1640625 0.02272727273
vt 0.1640625 0.02272727273
vt 0.5189999987 0.9738181814
vt 0.5094094171 0.9654482181
vt 0.5159999997 0.9660605995
vt 0.9609999903 0.09624242821
vt 0.9585144501 0.0938784561
vt 0.9569999981 0.08945454564
vt 0.9609999903 0.09624242821
vt 0.9597981661 0.09595107072
vt 0.9585144501 0.0938784561
vt 0.9609999901 0.09624242828
vt 0.9601939567 0.09663323192
vt 0.9597981661 0.09595107073
vt 0.9609999899 0.09624242785
vt 0.9606321736 0.09755020193
vt 0.9601939561 0.09663323091
vt 0.9609999912 0.09624242856
vt 0.9609719316 0.09845032101
vt 0.9606321757 0.097550203
vt 0.960999991 0.09624242824
vt 0.9680000048 0.09236363401
vt 0.9639999981 0.1020606069
vt 0.9557893487 0.08913437131
vt 0.9560884001 0.08989653283
vt 0.9560471867 0.08980032238
vt 0.9569999981 0.08945454564
vt 0.9585144501 0.0938784561
vt 0.9560884001 0.08989653287
vt 0.9569999981 0.08945454553
vt 0.9560884001 0.08989653283
vt 0.9557893487 0.08913437131
vt 0.9609999901 0.09624242925
vt 0.956999998 0.08945454582
vt 0.965000003 0.08460605898
vt 0.9609999912 0.09624242856
vt 0.9639999982 0.1020606069
vt 0.9609719316 0.09845032101
vt 0.9639999982 0.1020606069
vt 0.9618326674 0.1006500191
vt 0.9609719316 0.09845032101
vt 0.9639999982 0.1020606069
vt 0.9621717115 0.1014254274
vt 0.9618326674 0.1006500191
vt 0.9639999982 0.1020606069
vt 0.96290185 0.1029480009
vt 0.9621717115 0.1014254274
vt 0.9639999981 0.1020606069
vt 0.9653139635 0.1061998602
vt 0.9629018501 0.1029480009
vt 0.9639999981 0.1020606069
vt 0.9679999915 0.1059393978
vt 0.9653139635 0.1061998602
vt 0.9679999904 0.1059393968
vt 0.9654460007 0.1069300357
vt 0.9653139627 0.1061998594
vt 0.9679999904 0.105939397
vt 0.9660628925 0.1087039368
vt 0.9654460007 0.1069300358
vt 0.9639999981 0.1020606069
vt 0.97099999 0.09818182306
vt 0.9679999917 0.1059393977
vt 0.9609999911 0.09624242832
vt 0.9650000028 0.08460605927
vt 0.9680000048 0.09236363397
vt 0.9639999983 0.1020606071
vt 0.9680000047 0.09236363352
vt 0.9709999905 0.09818182375
vt 0.9679999918 0.1059393973
vt 0.9709999902 0.09818182259
vt 0.9739999902 0.1040000044
vt 0.9679999917 0.105939397
vt 0.9739999901 0.104000004
vt 0.9759999923 0.1088484882
vt 0.9679999904 0.105939397
vt 0.9661377668 0.1088930178
vt 0.9660628925 0.1087039368
vt 0.9679999904 0.105939397
vt 0.968999997 0.1098181827
vt 0.9661377668 0.1088930178
vt 0.9689999972 0.1098181834
vt 0.9667685927 0.1102509348
vt 0.9661377671 0.1088930185
vt 0.9689999973 0.109818183
vt 0.9683391707 0.112891718
vt 0.9667685922 0.1102509365
vt 0.9689999973 0.109818183
vt 0.9699999939 0.1136969724
vt 0.9683391707 0.112891718
vt 0.9679999901 0.1059393968
vt 0.9759999906 0.1088484879
vt 0.9689999969 0.1098181827
vt 0.968999997 0.1098181825
vt 0.975999991 0.1088484874
vt 0.9699999931 0.1136969713
vt 0.9699999943 0.113696972
vt 0.9689178411 0.11369697
vt 0.9683391706 0.1128917181
vt 0.9699999939 0.1136969722
vt 0.9694256397 0.1146709966
vt 0.9689178411 0.11369697
vt 0.9699999939 0.1136969722
vt 0.9696419215 0.1150858534
vt 0.9694256397 0.1146709966
vt 0.9699999938 0.1136969711
vt 0.9702955091 0.1162690009
vt 0.9696419217 0.1150858521
vt 0.9699999938 0.1136969711
vt 0.9729502304 0.1172730216
vt 0.9702955091 0.1162690009
vt 0.9729502304 0.1172730216
vt 0.9707463991 0.1170377032
vt 0.9702955091 0.1162690009
vt 0.9729502304 0.1172730216
vt 0.9708428116 0.1171913708
vt 0.9707463991 0.1170377032
vt 0.1640625 0.02272727273
vt 0.1640625 0.02272727273
vt 0.1640625 0.02272727273
vt 0.1640625 0.02272727273
vt 0.1640625 0.02272727273
vt 0.1640625 0.02272727273
vt 0.9699999946 0.113696972
vt 0.9740000089 0.1166060564
vt 0.9729502315 0.1172730231
vt 0.9729502315 0.1172730231
vt 0.9740000089 0.1166060564
vt 0.9740000081 0.1173902975
vt 0.1640625 0.02272727273
vt 0.1640625 0.02272727273
vt 0.1640625 0.02272727273
vt 0.9699999952 0.1136969714
vt 0.9777227098 0.1165052194
vt 0.9740000077 0.1166060574
vt 0.974000006 0.1173902954
vt 0.9740000066 0.116606054
vt 0.974452451 0.1171910455
vt 0.1640625 0.02272727273
vt 0.1640625 0.02272727273
vt 0.1640625 0.02272727273
vt 0.9699999936 0.113696971
vt 0.9759999914 0.1088484869
vt 0.9770000083 0.1136969682
vt 0.9699999935 0.113696971
vt 0.9770000083 0.1136969681
vt 0.977722714 0.1165052205
vt 0.9740000077 0.1166060574
vt 0.9777227098 0.1165052194
vt 0.9774823748 0.1166060607
vt 0.9740000085 0.1166060551
vt 0.9774823747 0.1166060608
vt 0.9744524513 0.1171910456
vt 0.1640625 0.02272727273
vt 0.1640625 0.02272727273
vt 0.1640625 0.02272727273
vt 0.9770000083 0.1136969681
vt 0.9779727338 0.1165267236
vt 0.977722714 0.1165052205
vt 0.1640625 0.02272727273
vt 0.1640625 0.02272727273
vt 0.1640625 0.02272727273
vt 0.1640625 0.02272727273
vt 0.1640625 0.02272727273
vt 0.1640625 0.02272727273
vt 0.5789999982 0.9815757657
vt 0.5859999996 0.9767272726
vt 0.5830000021 0.9825454468
vt 0.5830000022 0.9825454473
vt 0.5893535811 0.9786947997
vt 0.5868909145 0.9825454497
vt 0.1640625 0.02272727273
vt 0.1640625 0.02272727273
vt 0.1640625 0.02272727273
vt 0.5520000001 0.969939399
vt 0.5600000003 0.9796363575
vt 0.5520000002 0.9796363601
vt 0.56 0.9796363579
vt 0.5599999999 0.9709090908
vt 0.5669999999 0.9806060722
vt 0.5520000005 0.9699393987
vt 0.5599999998 0.9709090908
vt 0.5599999999 0.9796363579
vt 0.5669999989 0.9806060715
vt 0.5599999999 0.9709090908
vt 0.568 0.9728484844
vt 0.5669999991 0.9806060714
vt 0.568 0.9728484844
vt 0.5729999991 0.9806060715
vt 0.5729999984 0.9806060713
vt 0.5749999999 0.9738181829
vt 0.578999999 0.981575766
vt 0.5729999983 0.9806060712
vt 0.568 0.9728484844
vt 0.575 0.9738181829
vt 0.5520000005 0.9699393982
vt 0.5520000002 0.9612121171
vt 0.5599999998 0.9709090908
vt 0.5599999999 0.9709090908
vt 0.5609999988 0.9621818279
vt 0.568 0.9728484844
vt 0.568 0.9728484843
vt 0.5690000005 0.9641212039
vt 0.5750000001 0.973818183
vt 0.5750000001 0.973818183
vt 0.5690000007 0.9641212042
vt 0.5770000002 0.9660606059
vt 0.575 0.973818183
vt 0.5770000002 0.9660606059
vt 0.581 0.9747878836
vt 0.575 0.973818183
vt 0.581 0.9747878836
vt 0.5789999995 0.9815757665
vt 0.5789999993 0.9815757667
vt 0.5809999999 0.9747878838
vt 0.5859999995 0.9767272724
vt 0.5830000002 0.9825454465
vt 0.5859999991 0.9767272725
vt 0.5893535813 0.9786947997
vt 0.5893535813 0.9786947997
vt 0.5859999991 0.9767272725
vt 0.5899402378 0.9774914337
vt 0.1640625 0.02272727273
vt 0.1640625 0.02272727273
vt 0.1640625 0.02272727273
vt 0.5899402374 0.9774914344
vt 0.5859999991 0.9767272725
vt 0.5914000006 0.9743999993
vt 0.1640625 0.02272727273
vt 0.1640625 0.02272727273
vt 0.1640625 0.02272727273
vt 0.5859999995 0.9767272724
vt 0.5810000003 0.9747878836
vt 0.5829999995 0.9680000051
vt 0.5770000001 0.9660606059
vt 0.5829999995 0.968000005
vt 0.5810000002 0.9747878836
vt 0.5859999992 0.9767272724
vt 0.5829999987 0.9680000053
vt 0.590000001 0.9699393916
vt 0.5859999993 0.9767272724
vt 0.5900000011 0.9699393915
vt 0.5914000008 0.9743999992
vt 0.5900000011 0.9699393915
vt 0.5930475197 0.9717125066
vt 0.5914000008 0.9743999992
vt 0.1640625 0.02272727273
vt 0.1640625 0.02272727273
vt 0.1640625 0.02272727273
vt 0.5900000009 0.9699393916
vt 0.5952341056 0.9676836294
vt 0.5930475203 0.9717125065
vt 0.1640625 0.02272727273
vt 0.1640625 0.02272727273
vt 0.1640625 0.02272727273
vt 0.8979999999 0.7343030334
vt 0.900519465 0.7369413889
vt 0.8985799236 0.7371147791
vt 0.8968551897 0.7376333885
vt 0.8985799235 0.737114779
vt 0.8980262444 0.7372925538
vt 0.8979999998 0.7343030336
vt 0.8985799235 0.737114779
vt 0.8968551897 0.7376333885
vt 0.891999999 0.7362424349
vt 0.8968551897 0.7376333887
vt 0.8934018744 0.7376018269
vt 0.891999999 0.7362424349
vt 0.8979999999 0.734303034
vt 0.8968551897 0.7376333887
vt 0.1640625 0.02272727273
vt 0.1640625 0.02272727273
vt 0.1640625 0.02272727273
vt 0.1640625 0.02272727273
vt 0.1640625 0.02272727273
vt 0.1640625 0.02272727273
vt 0.1640625 0.02272727273
vt 0.1640625 0.02272727273
vt 0.1640625 0.02272727273
vt 0.1640625 0.02272727273
vt 0.1640625 0.02272727273
vt 0.1640625 0.02272727273
vt 0.1640625 0.02272727273
vt 0.1640625 0.02272727273
vt 0.1640625 0.02272727273
vt 0.9054672063 0.7349647391
vt 0.9049949184 0.7364503819
vt 0.9045432318 0.7365326963
vt 0.9054672063 0.7349647388
vt 0.9045432318 0.7365326961
vt 0.9043303122 0.7365295873
vt 0.9060237488 0.73319196
vt 0.9043303122 0.7365295873
vt 0.9021281756 0.7364973147
vt 0.9054672063 0.7349647388
vt 0.9043303122 0.7365295873
vt 0.9060237488 0.73319196
vt 0.9030000014 0.7333333316
vt 0.9021281768 0.7364973119
vt 0.9005194655 0.7369413881
vt 0.9060237473 0.7331919632
vt 0.9021281768 0.7364973119
vt 0.9030000014 0.7333333316
vt 0.9060237473 0.7331919632
vt 0.9030000014 0.7333333316
vt 0.9062980337 0.7325338158
vt 0.9062980335 0.732533817
vt 0.9030000014 0.7333333314
vt 0.9070000018 0.73095042
vt 0.9030000014 0.7333333316
vt 0.900519465 0.7369413889
vt 0.8979999999 0.7343030334
vt 0.9030000012 0.7333333316
vt 0.8980000002 0.7343030336
vt 0.9010000012 0.7275151514
vt 0.8920000001 0.7362424352
vt 0.8934018753 0.7376018271
vt 0.8920000012 0.7376076025
vt 0.8919999994 0.7362424334
vt 0.8939999999 0.728484849
vt 0.8980000001 0.7343030335
vt 0.8840000008 0.7381818206
vt 0.8884560722 0.7381099024
vt 0.8839288536 0.7388027312
vt 0.8840000008 0.7381818208
vt 0.8839288536 0.7388027312
vt 0.8797543204 0.738897595
vt 0.8840000008 0.7381818208
vt 0.8797543204 0.738897595
vt 0.87846445 0.7388741315
vt 0.8920000015 0.7376076025
vt 0.8914195224 0.7376580358
vt 0.8907805019 0.7376877697
vt 0.8920000003 0.7362424352
vt 0.8920000015 0.7376076025
vt 0.8907805019 0.7376877697
vt 0.892 0.736242434
vt 0.8907805016 0.7376877681
vt 0.8884560722 0.7381099024
vt 0.892 0.736242434
vt 0.8884560722 0.7381099024
vt 0.8840000008 0.7381818206
vt 0.8840000006 0.738181821
vt 0.8759999999 0.7381818179
vt 0.8859999995 0.7284848457
vt 0.8759999999 0.7381818179
vt 0.87846445 0.7388741315
vt 0.8764796172 0.7387797836
vt 0.8759999999 0.7381818179
vt 0.8764796171 0.7387797836
vt 0.8758673567 0.7387606245
vt 0.8840000008 0.7381818208
vt 0.87846445 0.7388741315
vt 0.8759999999 0.7381818179
vt 0.8759999999 0.7381818179
vt 0.8758673567 0.7387606245
vt 0.8677704167 0.7382793616
vt 0.8758673567 0.7387606245
vt 0.867811744 0.7382832991
vt 0.8677704167 0.7382793616
vt 0.8759999999 0.7381818179
vt 0.8677704167 0.7382793616
vt 0.8670000005 0.7372121231
vt 0.8759999999 0.7381818179
vt 0.8670000007 0.7372121231
vt 0.8770000008 0.7284848409
vt 0.8919999997 0.7362424332
vt 0.8840000008 0.7381818204
vt 0.8939999999 0.728484849
vt 0.8840000005 0.738181821
vt 0.8859999997 0.7284848458
vt 0.8939999998 0.7284848491
vt 0.8759999999 0.7381818179
vt 0.8770000009 0.7284848409
vt 0.8859999993 0.7284848458
vt 0.8670000004 0.737212123
vt 0.8690000005 0.7284848452
vt 0.8770000017 0.7284848412
vt 0.1640625 0.02272727273
vt 0.1640625 0.02272727273
vt 0.1640625 0.02272727273
vt 0.9070000018 0.73095042
vt 0.9030000014 0.7333333314
vt 0.9069999996 0.7265454569
vt 0.9070000016 0.7309504203
vt 0.9069999996 0.7265454568
vt 0.9087080168 0.7265454653
vt 0.9030000014 0.7333333314
vt 0.9010000013 0.7275151512
vt 0.9069999996 0.726545457
vt 0.8980000002 0.7343030336
vt 0.8939999999 0.7284848491
vt 0.9010000011 0.7275151513
vt 0.1899999987 0.06715151526
vt 0.1980000001 0.06618181756
vt 0.1870000011 0.07490909853
vt 0.1640625 0.02272727273
vt 0.1640625 0.02272727273
vt 0.1640625 0.02272727273
vt 0.1832919836 0.06715150408
vt 0.1850000005 0.06715151277
vt 0.1806926588 0.07383440925
vt 0.1899999989 0.06715151541
vt 0.1804094172 0.07459148318
vt 0.1850000008 0.06715151287
vt 0.1640625 0.02272727273
vt 0.1640625 0.02272727273
vt 0.1640625 0.02272727273
vt 0.1850000008 0.06715151287
vt 0.1804094172 0.07459148318
vt 0.180692661 0.07383440994
vt 0.1899999987 0.06715151536
vt 0.1869999997 0.07490909783
vt 0.1804094171 0.074591483
vt 0.1870000003 0.07490909863
vt 0.1980000001 0.06618181757
vt 0.1960000006 0.07490908244
vt 0.1980000001 0.06618181758
vt 0.2060000005 0.06521212361
vt 0.2039999988 0.07393940068
vt 0.2060000007 0.06521212368
vt 0.2140000001 0.07393940348
vt 0.2039999989 0.07393940071
vt 0.2060000008 0.06521212369
vt 0.2149999993 0.0652121282
vt 0.2140000006 0.07393940357
vt 0.214999999 0.06521212836
vt 0.2239999999 0.06521212439
vt 0.2230000006 0.07393938935
vt 0.2149999994 0.06521212821
vt 0.2230000003 0.07393938945
vt 0.2140000007 0.07393940354
vt 0.1980000001 0.06618181756
vt 0.2039999989 0.07393940095
vt 0.1960000006 0.07490908251
vt 0.2230000007 0.07393938915
vt 0.2120000012 0.08363635446
vt 0.2139999998 0.07393940426
vt 0.8430000003 0.7333333363
vt 0.8480000008 0.7333333429
vt 0.8456574716 0.7356550178
vt 0.8390000009 0.7343030376
vt 0.8365735033 0.7352456205
vt 0.8356439362 0.7351404763
vt 0.8390000009 0.7343030376
vt 0.8379257887 0.7353446998
vt 0.8365735033 0.7352456205
vt 0.8390000009 0.7343030376
vt 0.8356439362 0.7351404763
vt 0.8349999989 0.7313939273
vt 0.8356439362 0.7351404763
vt 0.8365735033 0.7352456205
vt 0.8359013659 0.7351766318
vt 0.834595625 0.7317860487
vt 0.8356439366 0.7351404763
vt 0.8356408868 0.7351392961
vt 0.8389999998 0.7343030365
vt 0.8388052029 0.7352475102
vt 0.8379257874 0.7353446984
vt 0.8390000002 0.7343030369
vt 0.8394809592 0.7353523966
vt 0.8388052038 0.735247511
vt 0.8390000002 0.734303037
vt 0.8350000001 0.7313939283
vt 0.8369999996 0.727515143
vt 0.1640625 0.02272727273
vt 0.1640625 0.02272727273
vt 0.1640625 0.02272727273
vt 0.834595625 0.7317860487
vt 0.8349999991 0.7313939273
vt 0.8356439366 0.7351404763
vt 0.1640625 0.02272727273
vt 0.1640625 0.02272727273
vt 0.1640625 0.02272727273
vt 0.8345956249 0.7317860501
vt 0.8332588125 0.7280170912
vt 0.834999999 0.7313939288
vt 0.8390000004 0.7343030372
vt 0.8430000002 0.7333333364
vt 0.8394809592 0.7353523967
vt 0.8430000002 0.7333333364
vt 0.8430000002 0.7355004347
vt 0.8394809592 0.7353523967
vt 0.8430000001 0.7333333363
vt 0.8438925677 0.7354971206
vt 0.8429999997 0.7355004347
vt 0.8430000003 0.7333333363
vt 0.8456574716 0.7356550178
vt 0.8438925669 0.7354971209
vt 0.8390000003 0.7343030363
vt 0.8420000001 0.7275151596
vt 0.8430000002 0.733333336
vt 0.8429999999 0.733333336
vt 0.8419999992 0.7275151597
vt 0.8479999997 0.7333333419
vt 0.8350000009 0.7313939289
vt 0.8332588125 0.7280170912
vt 0.8370000002 0.7275151435
vt 0.1640625 0.02272727273
vt 0.1640625 0.02272727273
vt 0.1640625 0.02272727273
vt 0.8332588125 0.7280170912
vt 0.8331090871 0.7275151461
vt 0.8370000002 0.7275151435
vt 0.8390000006 0.7343030368
vt 0.8369999991 0.7275151432
vt 0.8420000004 0.7275151602
vt 0.1640625 0.02272727273
vt 0.1640625 0.02272727273
vt 0.1640625 0.02272727273
vt 0.2588909135 0.06424243008
vt 0.2605593836 0.06886321008
vt 0.2550000007 0.064242433
vt 0.2550000021 0.0642424332
vt 0.2579999996 0.07103030317
vt 0.2509999982 0.06521211186
vt 0.8668860505 0.7382065937
vt 0.8677704164 0.7382793615
vt 0.8669989604 0.7382190882
vt 0.8670000006 0.7372121231
vt 0.8677704164 0.7382793615
vt 0.8668860505 0.7382065937
vt 0.8670000004 0.737212123
vt 0.8668860504 0.7382065936
vt 0.8627564872 0.7375659564
vt 0.8670000002 0.7372121231
vt 0.8599999984 0.7362424346
vt 0.8690000006 0.7284848452
vt 0.8480000008 0.7333333429
vt 0.8465314255 0.7357067896
vt 0.8456574716 0.7356550178
vt 0.8479999983 0.7333333425
vt 0.8474892004 0.7358099386
vt 0.8465314249 0.7357067895
vt 0.8479999981 0.7333333425
vt 0.8506653389 0.7364046869
vt 0.8474892004 0.7358099386
vt 0.8479999981 0.7333333425
vt 0.8529999996 0.7352727293
vt 0.8506653389 0.7364046869
vt 0.8529999997 0.7352727294
vt 0.855177112 0.7369589468
vt 0.8542644575 0.7368909574
vt 0.8529999998 0.7352727295
vt 0.852450924 0.7366925579
vt 0.8506653392 0.736404687
vt 0.8529999997 0.7352727294
vt 0.8542644575 0.7368909574
vt 0.8524509241 0.7366925579
vt 0.8529999997 0.7352727294
vt 0.8577324626 0.7370499671
vt 0.855177112 0.7369589468
vt 0.8529999997 0.7352727294
vt 0.8599999985 0.7362424346
vt 0.8577324626 0.7370499671
vt 0.8479999996 0.7333333422
vt 0.8539999992 0.7275151623
vt 0.8529999999 0.7352727293
vt 0.8670000004 0.737212123
vt 0.8627564872 0.7375659564
vt 0.8599999994 0.7362424345
vt 0.8599999994 0.7362424345
vt 0.8627564872 0.7375659564
vt 0.8606009168 0.7372136032
vt 0.8599999983 0.7362424347
vt 0.8606009168 0.7372136032
vt 0.8597984904 0.7371217437
vt 0.8599999985 0.7362424346
vt 0.8587739613 0.7370746587
vt 0.8577324626 0.7370499671
vt 0.8599999988 0.7362424348
vt 0.8597984915 0.7371217439
vt 0.8587739617 0.737074659
vt 0.853 0.7352727293
vt 0.8610000004 0.7284848432
vt 0.8599999997 0.7362424339
vt 0.8479999996 0.7333333415
vt 0.8419999991 0.7275151593
vt 0.8479999991 0.7275151614
vt 0.8479999994 0.7333333416
vt 0.8479999989 0.7275151615
vt 0.8539999989 0.7275151616
vt 0.8599999995 0.7362424338
vt 0.8610000004 0.7284848433
vt 0.8690000002 0.7284848455
vt 0.8529999997 0.7352727292
vt 0.8539999984 0.7275151622
vt 0.8610000009 0.7284848432
vt 0.1640625 0.02272727273
vt 0.1640625 0.02272727273
vt 0.1640625 0.02272727273
vt 0.2550000009 0.06424243348
vt 0.2605593836 0.06886321007
vt 0.2579999993 0.07103030327
vt 0.2579999993 0.07103030327
vt 0.2605593836 0.06886321007
vt 0.2611521909 0.07026614304
vt 0.2579999993 0.07103030326
vt 0.2611521907 0.07026614226
vt 0.2628000006 0.07393939476
vt 0.1640625 0.02272727273
vt 0.1640625 0.02272727273
vt 0.1640625 0.02272727273
vt 0.2579999994 0.07103030326
vt 0.2520000008 0.07199999527
vt 0.2510000009 0.06521211248
vt 0.2510000008 0.06521211229
vt 0.2520000007 0.07199999514
vt 0.2460000002 0.0729696958
vt 0.2579999992 0.07103030324
vt 0.2628000005 0.07393939475
vt 0.2600000004 0.07781818417
vt 0.2579999993 0.07103030331
vt 0.2600000004 0.0778181842
vt 0.2539999999 0.07975757048
vt 0.1640625 0.02272727273
vt 0.1640625 0.02272727273
vt 0.1640625 0.02272727273
vt 0.2600000004 0.07781818417
vt 0.2628000005 0.07393939475
vt 0.2636570268 0.07663610416
vt 0.1640625 0.02272727273
vt 0.1640625 0.02272727273
vt 0.1640625 0.02272727273
vt 0.2600000006 0.07781818402
vt 0.2636570261 0.07663610465
vt 0.2648458021 0.07923646398
vt 0.2579999994 0.0710303033
vt 0.2539999997 0.07975757018
vt 0.2520000006 0.07199999484
vt 0.2520000005 0.07199999486
vt 0.2539999997 0.07975757018
vt 0.2470000001 0.08072727289
vt 0.2510000002 0.06521211179
vt 0.2460000001 0.07296969573
vt 0.245 0.06521210926
vt 0.2450000005 0.06521211033
vt 0.2389999999 0.07296969742
vt 0.2390000005 0.06521211037
vt 0.2449999998 0.06521210931
vt 0.2460000001 0.07296969574
vt 0.239 0.07296969747
vt 0.2230000007 0.07393938936
vt 0.2239999998 0.06521212438
vt 0.2319999997 0.06521212675
vt 0.2319999993 0.06521212697
vt 0.2390000012 0.06521210959
vt 0.2309999998 0.07393939405
vt 0.223000001 0.07393938922
vt 0.2319999992 0.06521212696
vt 0.2309999998 0.07393939404
vt 0.2390000003 0.06521211037
vt 0.239 0.07296969742
vt 0.2309999999 0.07393939408
vt 0.2460000002 0.0729696958
vt 0.2389999996 0.08169697781
vt 0.2389999999 0.07296969748
vt 0.2460000002 0.07296969583
vt 0.2470000002 0.08072727289
vt 0.2389999997 0.08169697744
vt 0.2230000009 0.07393938971
vt 0.2309999998 0.07393939402
vt 0.2219999997 0.0826666708
vt 0.2309999999 0.07393939405
vt 0.239 0.07296969746
vt 0.2309999999 0.08266665697
vt 0.2520000006 0.0719999952
vt 0.2470000002 0.08072727289
vt 0.2460000002 0.07296969583
vt 0.5250000003 0.967030312
vt 0.5229999999 0.9573333374
vt 0.5339999991 0.9679999925
vt 0.523 0.9573333373
vt 0.5210000014 0.9476363738
vt 0.5319999996 0.9583030335
vt 0.533999999 0.9679999926
vt 0.5319999995 0.9583030336
vt 0.543 0.9689696868
vt 0.5430000004 0.968969688
vt 0.5319999994 0.9583030331
vt 0.5420000007 0.9602424324
vt 0.5520000001 0.9699393982
vt 0.5419999999 0.9602424324
vt 0.5520000004 0.9612121171
vt 0.5339999986 0.9679999927
vt 0.5230000002 0.9573333373
vt 0.5319999998 0.9583030335
vt 0.5319999992 0.9583030334
vt 0.5310000006 0.9486060532
vt 0.5420000003 0.960242433
vt 0.5419999995 0.960242434
vt 0.5420000009 0.9495757484
vt 0.5520000006 0.9612121163
vt 0.5520000003 0.9612121167
vt 0.5420000002 0.9495757492
vt 0.5519999999 0.9515151489
vt 0.525 0.9670303111
vt 0.5160000009 0.9660605988
vt 0.5140000003 0.9573333255
vt 0.5250000004 0.9670303121
vt 0.514 0.9573333245
vt 0.5229999999 0.9573333375
vt 0.5094094171 0.9654482181
vt 0.5092666623 0.96512786
vt 0.5159999997 0.9660605995
vt 0.5092666604 0.9651278616
vt 0.5070502495 0.9573820512
vt 0.5160000009 0.9660605985
vt 0.5160000015 0.9660605988
vt 0.5070502502 0.9573820516
vt 0.514000001 0.9573333255
vt 0.1640625 0.02272727273
vt 0.1640625 0.02272727273
vt 0.1640625 0.02272727273
vt 0.5070502502 0.9573820516
vt 0.5068228571 0.9564633694
vt 0.514000001 0.9573333255
vt 0.1640625 0.02272727273
vt 0.1640625 0.02272727273
vt 0.1640625 0.02272727273
vt 0.5068228569 0.956463369
vt 0.5065866679 0.9555103003
vt 0.5140000009 0.957333325
vt 0.1640625 0.02272727273
vt 0.1640625 0.02272727273
vt 0.1640625 0.02272727273
vt 0.5210000008 0.9476363737
vt 0.5310000004 0.9486060531
vt 0.5319999993 0.9583030334
vt 0.5210000014 0.9476363734
vt 0.5305821387 0.9482346225
vt 0.531 0.9486060533
vt 0.5210000014 0.9476363734
vt 0.5213503721 0.9467284674
vt 0.5305821387 0.9482346225
vt 0.5210000014 0.9476363734
vt 0.5207904339 0.9466202938
vt 0.5213503721 0.9467284674
vt 0.5210000014 0.9476363735
vt 0.5195011757 0.9464252003
vt 0.520790434 0.9466202939
vt 0.5419999998 0.960242434
vt 0.531000001 0.9486060523
vt 0.5420000006 0.9495757485
vt 0.5333722909 0.9486091243
vt 0.5420000354 0.9494229726
vt 0.541807634 0.9494047651
vt 0.5310000007 0.9486060532
vt 0.541807634 0.9494047651
vt 0.5420000002 0.9495757495
vt 0.1640625 0.02272727273
vt 0.1640625 0.02272727273
vt 0.1640625 0.02272727273
vt 0.5310000007 0.9486060532
vt 0.5333722909 0.9486091243
vt 0.541807634 0.9494047651
vt 0.5310000007 0.9486060532
vt 0.5309669952 0.9482860046
vt 0.531964003 0.9484533829
vt 0.5310000002 0.9486060533
vt 0.530582139 0.9482346225
vt 0.530966995 0.9482860046
vt 0.5310000007 0.9486060532
vt 0.53226047 0.948492689
vt 0.5333722909 0.9486091243
vt 0.5310000007 0.9486060532
vt 0.531964003 0.9484533829
vt 0.53226047 0.948492689
vt 0.1640625 0.02272727273
vt 0.1640625 0.02272727273
vt 0.1640625 0.02272727273
vt 0.5519999999 0.9515151489
vt 0.5518340109 0.9513395475
vt 0.552 0.9513658757
vt 0.1640625 0.02272727273
vt 0.1640625 0.02272727273
vt 0.1640625 0.02272727273
vt 0.1640625 0.02272727273
vt 0.1640625 0.02272727273
vt 0.1640625 0.02272727273
vt 0.5419999994 0.9495757495
vt 0.541807634 0.9494047651
vt 0.5419842623 0.9494231502
vt 0.5419999997 0.9495757496
vt 0.5419842624 0.9494231502
vt 0.5446079021 0.9500443692
vt 0.5419999997 0.9495757496
vt 0.5446079021 0.9500443692
vt 0.5464071134 0.9504228421
vt 0.5419999997 0.9495757496
vt 0.5464071134 0.9504228421
vt 0.5519999998 0.951515149
vt 0.1640625 0.02272727273
vt 0.1640625 0.02272727273
vt 0.1640625 0.02272727273
vt 0.1640625 0.02272727273
vt 0.1640625 0.02272727273
vt 0.1640625 0.02272727273
vt 0.5464071134 0.9504228421
vt 0.5518340104 0.9513395479
vt 0.5519999998 0.951515149
vt 0.1640625 0.02272727273
vt 0.1640625 0.02272727273
vt 0.1640625 0.02272727273
vt 0.1640625 0.02272727273
vt 0.1640625 0.02272727273
vt 0.1640625 0.02272727273
vt 0.1640625 0.02272727273
vt 0.1640625 0.02272727273
vt 0.1640625 0.02272727273
vt 0.1640625 0.02272727273
vt 0.1640625 0.02272727273
vt 0.1640625 0.02272727273
vt 0.1640625 0.02272727273
vt 0.1640625 0.02272727273
vt 0.1640625 0.02272727273
vt 0.5229999997 0.9573333374
vt 0.5140000004 0.9573333247
vt 0.5119999993 0.9476363725
vt 0.523 0.9573333373
vt 0.512 0.9476363722
vt 0.5210000014 0.9476363739
vt 0.5065866679 0.9555103003
vt 0.5119999989 0.9476363721
vt 0.5140000009 0.957333325
vt 0.1640625 0.02272727273
vt 0.1640625 0.02272727273
vt 0.1640625 0.02272727273
vt 0.5065866679 0.9555103004
vt 0.5044390774 0.9476363771
vt 0.5119999989 0.9476363718
vt 0.5210000017 0.9476363736
vt 0.5120000002 0.947636372
vt 0.519501176 0.9464252004
vt 0.1640625 0.02272727273
vt 0.1640625 0.02272727273
vt 0.1640625 0.02272727273
vt 0.5145074202 0.9458237434
vt 0.519501176 0.9464252004
vt 0.5120000002 0.947636372
vt 0.1640625 0.02272727273
vt 0.1640625 0.02272727273
vt 0.1640625 0.02272727273
vt 0.1640625 0.02272727273
vt 0.1640625 0.02272727273
vt 0.1640625 0.02272727273
vt 0.5044390778 0.9476363777
vt 0.5075962815 0.9440778238
vt 0.5119999992 0.9476363721
vt 0.5075962823 0.9440778234
vt 0.5112874313 0.9453331307
vt 0.5119999996 0.9476363719
vt 0.5120000002 0.947636372
vt 0.5112874325 0.9453331309
vt 0.5113305537 0.945341146
vt 0.5145074202 0.9458237434
vt 0.5120000002 0.947636372
vt 0.5113305537 0.945341146
vt 0.1640625 0.02272727273
vt 0.1640625 0.02272727273
vt 0.1640625 0.02272727273
vt 0.1640625 0.02272727273
vt 0.1640625 0.02272727273
vt 0.1640625 0.02272727273
vt 0.5044390778 0.9476363777
vt 0.5030028069 0.9426077956
vt 0.5075962815 0.9440778238
vt 0.1640625 0.02272727273
vt 0.1640625 0.02272727273
vt 0.1640625 0.02272727273
vt 0.1640625 0.02272727273
vt 0.1640625 0.02272727273
vt 0.1640625 0.02272727273
vt 0.1640625 0.02272727273
vt 0.1640625 0.02272727273
vt 0.1640625 0.02272727273
vt 0.1640625 0.02272727273
vt 0.1640625 0.02272727273
vt 0.1640625 0.02272727273
vt 0.1640625 0.02272727273
vt 0.1640625 0.02272727273
vt 0.1640625 0.02272727273
vt 0.1640625 0.02272727273
vt 0.1640625 0.02272727273
vt 0.1640625 0.02272727273
vt 0.1640625 0.02272727273
vt 0.1640625 0.02272727273
vt 0.1640625 0.02272727273
vt 0.1640625 0.02272727273
vt 0.1640625 0.02272727273
vt 0.1640625 0.02272727273
vt 0.5520000006 0.9612121168
vt 0.5609999992 0.9621818279
vt 0.5599999998 0.9709090908
vt 0.568 0.9728484843
vt 0.5609999996 0.9621818284
vt 0.5690000004 0.9641212039
vt 0.5770000002 0.9660606059
vt 0.5690000001 0.9641212043
vt 0.57 0.9553939479
vt 0.5520000002 0.9612121167
vt 0.5519999999 0.9515151489
vt 0.561 0.9621818281
vt 0.5610000003 0.9621818274
vt 0.5609999996 0.9534545362
vt 0.5689999998 0.9641212047
vt 0.5519999998 0.9515151491
vt 0.5609999994 0.9534545362
vt 0.5610000005 0.9621818274
vt 0.5690000001 0.9641212043
vt 0.5609999999 0.9534545357
vt 0.5699999999 0.9553939478
vt 0.5770000002 0.9660606059
vt 0.5699999997 0.9553939483
vt 0.5789999999 0.9573333322
vt 0.5770000001 0.9660606059
vt 0.5789999999 0.9573333322
vt 0.5829999993 0.9680000055
vt 0.5829999998 0.968000005
vt 0.5929999997 0.9631515051
vt 0.5900000005 0.9699393917
vt 0.5829999988 0.9680000049
vt 0.5860000005 0.9602424179
vt 0.5930000018 0.9631515052
vt 0.5900000006 0.9699393917
vt 0.5930000001 0.9631515051
vt 0.5952341073 0.9676836286
vt 0.1640625 0.02272727273
vt 0.1640625 0.02272727273
vt 0.1640625 0.02272727273
vt 0.5952341073 0.9676836286
vt 0.5930000001 0.9631515051
vt 0.5965247845 0.9648604936
vt 0.5929999998 0.9631515053
vt 0.5980883909 0.9611778344
vt 0.5965247843 0.9648604938
vt 0.5829999991 0.9680000052
vt 0.5789999999 0.9573333322
vt 0.5860000004 0.9602424176
vt 0.579 0.9573333322
vt 0.5858688186 0.9537002477
vt 0.5860000008 0.9602424175
vt 0.5860000005 0.9602424176
vt 0.5905781172 0.9537575417
vt 0.5930000018 0.9631515046
vt 0.1640625 0.02272727273
vt 0.1640625 0.02272727273
vt 0.1640625 0.02272727273
vt 0.5930000015 0.963151505
vt 0.5969999991 0.9553939384
vt 0.5980883912 0.9611778343
vt 0.5930000015 0.9631515049
vt 0.5939719495 0.953716058
vt 0.5969999991 0.9553939384
vt 0.5980883912 0.9611778343
vt 0.5969999991 0.9553939384
vt 0.6001594348 0.9574364069
vt 0.1640625 0.02272727273
vt 0.1640625 0.02272727273
vt 0.1640625 0.02272727273
vt 0.5519999999 0.9515151489
vt 0.5519999999 0.9513658757
vt 0.5569743647 0.9521557523
vt 0.1640625 0.02272727273
vt 0.1640625 0.02272727273
vt 0.1640625 0.02272727273
vt 0.5519999999 0.9515151489
vt 0.5569743647 0.9521557523
vt 0.5609999999 0.9534545357
vt 0.1640625 0.02272727273
vt 0.1640625 0.02272727273
vt 0.1640625 0.02272727273
vt 0.1640625 0.02272727273
vt 0.1640625 0.02272727273
vt 0.1640625 0.02272727273
vt 0.5569743647 0.9521557523
vt 0.5587146446 0.9523700394
vt 0.5609999999 0.9534545357
vt 0.5587146446 0.9523700394
vt 0.5602569593 0.9524938338
vt 0.5609999999 0.9534545357
vt 0.5602569606 0.9524938335
vt 0.5611910911 0.9525280373
vt 0.5610000009 0.9534545355
vt 0.1640625 0.02272727273
vt 0.1640625 0.02272727273
vt 0.1640625 0.02272727273
vt 0.5610000012 0.9534545355
vt 0.5611910911 0.9525280373
vt 0.5668146751 0.9529854049
vt 0.1640625 0.02272727273
vt 0.1640625 0.02272727273
vt 0.1640625 0.02272727273
vt 0.1640625 0.02272727273
vt 0.1640625 0.02272727273
vt 0.1640625 0.02272727273
vt 0.5699999988 0.955393948
vt 0.5610000012 0.9534545355
vt 0.5668146751 0.9529854049
vt 0.5699999988 0.955393948
vt 0.5668146751 0.9529854049
vt 0.5686272644 0.9531120002
vt 0.5699999993 0.9553939483
vt 0.5686272649 0.9531120004
vt 0.570454453 0.953190538
vt 0.5699999994 0.9553939484
vt 0.5704544532 0.9531905381
vt 0.5721177138 0.9533734519
vt 0.1640625 0.02272727273
vt 0.1640625 0.02272727273
vt 0.1640625 0.02272727273
vt 0.5700000001 0.9553939476
vt 0.5731570988 0.9534457633
vt 0.5789999998 0.9573333322
vt 0.5731570988 0.9534457633
vt 0.5748719541 0.953479002
vt 0.5789999998 0.9573333322
vt 0.5699999994 0.9553939484
vt 0.5721177138 0.9533734519
vt 0.5731570983 0.9534457638
vt 0.1640625 0.02272727273
vt 0.1640625 0.02272727273
vt 0.1640625 0.02272727273
vt 0.1640625 0.02272727273
vt 0.1640625 0.02272727273
vt 0.1640625 0.02272727273
vt 0.1640625 0.02272727273
vt 0.1640625 0.02272727273
vt 0.1640625 0.02272727273
vt 0.5748719541 0.953479002
vt 0.5798908288 0.9534460708
vt 0.5789999998 0.9573333322
vt 0.1640625 0.02272727273
vt 0.1640625 0.02272727273
vt 0.1640625 0.02272727273
vt 0.1640625 0.02272727273
vt 0.1640625 0.02272727273
vt 0.1640625 0.02272727273
vt 0.1640625 0.02272727273
vt 0.1640625 0.02272727273
vt 0.1640625 0.02272727273
vt 0.1640625 0.02272727273
vt 0.1640625 0.02272727273
vt 0.1640625 0.02272727273
vt 0.5789999998 0.9573333322
vt 0.5798908291 0.9534460708
vt 0.583662309 0.9536482978
vt 0.1640625 0.02272727273
vt 0.1640625 0.02272727273
vt 0.1640625 0.02272727273
vt 0.5789999998 0.9573333322
vt 0.583662309 0.9536482978
vt 0.5858688197 0.9537002472
vt 0.1640625 0.02272727273
vt 0.1640625 0.02272727273
vt 0.1640625 0.02272727273
vt 0.1640625 0.02272727273
vt 0.1640625 0.02272727273
vt 0.1640625 0.02272727273
vt 0.5860000008 0.9602424175
vt 0.5858688186 0.9537002477
vt 0.5889225974 0.9538658558
vt 0.5860000005 0.9602424176
vt 0.5889225979 0.9538658557
vt 0.5905781172 0.9537575417
vt 0.1640625 0.02272727273
vt 0.1640625 0.02272727273
vt 0.1640625 0.02272727273
vt 0.1640625 0.02272727273
vt 0.1640625 0.02272727273
vt 0.1640625 0.02272727273
vt 0.1640625 0.02272727273
vt 0.1640625 0.02272727273
vt 0.1640625 0.02272727273
vt 0.5930000015 0.9631515049
vt 0.5905781172 0.9537575418
vt 0.5939275537 0.9537184936
vt 0.5930000015 0.9631515049
vt 0.5939275537 0.9537184936
vt 0.5939719495 0.953716058
vt 0.6001594346 0.9574364072
vt 0.5969999991 0.9553939384
vt 0.6024157658 0.9525294081
vt 0.5939719495 0.9537160579
vt 0.5952936482 0.9535690487
vt 0.5969999991 0.9553939383
vt 0.5939272895 0.953720976
vt 0.5952936482 0.9535690487
vt 0.5939719495 0.9537160579
vt 0.5952936482 0.9535690487
vt 0.5981481815 0.9531671565
vt 0.5969999991 0.9553939383
vt 0.1640625 0.02272727273
vt 0.1640625 0.02272727273
vt 0.1640625 0.02272727273
vt 0.1640625 0.02272727273
vt 0.1640625 0.02272727273
vt 0.1640625 0.02272727273
vt 0.1640625 0.02272727273
vt 0.1640625 0.02272727273
vt 0.1640625 0.02272727273
vt 0.596999999 0.9553939384
vt 0.5981481812 0.9531671566
vt 0.6024157661 0.9525294083
vt 0.6001594346 0.9574364072
vt 0.6024157658 0.9525294081
vt 0.6029290511 0.9524447172
vt 0.1640625 0.02272727273
vt 0.1640625 0.02272727273
vt 0.1640625 0.02272727273
vt 0.1640625 0.02272727273
vt 0.1640625 0.02272727273
vt 0.1640625 0.02272727273
vt 0.1640625 0.02272727273
vt 0.1640625 0.02272727273
vt 0.1640625 0.02272727273
vt 0.1640625 0.02272727273
vt 0.1640625 0.02272727273
vt 0.1640625 0.02272727273
vt 0.1640625 0.02272727273
vt 0.1640625 0.02272727273
vt 0.1640625 0.02272727273
vt 0.1804094171 0.074591483
vt 0.1869999997 0.07490909783
vt 0.1802666623 0.07490907964
vt 0.1802666619 0.07490907923
vt 0.1869999999 0.07490909807
vt 0.1771552734 0.08185193597
vt 0.1640625 0.02272727273
vt 0.1640625 0.02272727273
vt 0.1640625 0.02272727273
vt 0.1870000007 0.07490909892
vt 0.184 0.08363637216
vt 0.1771552741 0.08185193685
vt 0.187 0.07490909844
vt 0.196000001 0.0749090826
vt 0.1839999994 0.08363637172
vt 0.1960000013 0.07490908273
vt 0.1930000003 0.08363635988
vt 0.1839999991 0.0836363716
vt 0.1771552741 0.08185193685
vt 0.184 0.08363637216
vt 0.1768228562 0.08276641452
vt 0.1640625 0.02272727273
vt 0.1640625 0.02272727273
vt 0.1640625 0.02272727273
vt 0.1640625 0.02272727273
vt 0.1640625 0.02272727273
vt 0.1640625 0.02272727273
vt 0.1763911117 0.08361481767
vt 0.1768228553 0.08276641412
vt 0.1839999991 0.08363637171
vt 0.1960000014 0.07490908283
vt 0.2039999983 0.07393940068
vt 0.1930000004 0.08363635995
vt 0.1930000004 0.08363635961
vt 0.2019999999 0.08363636035
vt 0.1900000024 0.09333332305
vt 0.2039999986 0.07393940126
vt 0.2019999998 0.08363636033
vt 0.1930000002 0.08363635956
vt 0.203999999 0.07393940136
vt 0.2140000002 0.07393940439
vt 0.2019999994 0.08363636025
vt 0.2139999993 0.07393940416
vt 0.2120000017 0.08363635454
vt 0.2019999997 0.08363636032
vt 0.2230000006 0.07393938967
vt 0.222 0.0826666708
vt 0.2120000009 0.08363635544
vt 0.2019999996 0.08363636037
vt 0.2120000012 0.08363635471
vt 0.1999999998 0.09333334104
vt 0.2120000004 0.08363635475
vt 0.2220000002 0.08266667109
vt 0.2110000001 0.09333334162
vt 0.2219999998 0.08266667119
vt 0.2209999997 0.09236363896
vt 0.2109999993 0.09333334176
vt 0.1763911117 0.08361481767
vt 0.1839999991 0.08363637171
vt 0.1800000007 0.09236362808
vt 0.1640625 0.02272727273
vt 0.1640625 0.02272727273
vt 0.1640625 0.02272727273
vt 0.1763911118 0.08361481769
vt 0.1800000003 0.09236362782
vt 0.1732791819 0.09154897749
vt 0.1839999987 0.08363637139
vt 0.1930000005 0.08363635996
vt 0.1800000011 0.09236362842
vt 0.1800000007 0.0923636276
vt 0.1930000003 0.08363635958
vt 0.1900000024 0.09333332304
vt 0.1732791822 0.09154897705
vt 0.1800000005 0.09236362757
vt 0.1755962843 0.09556631949
vt 0.1755962823 0.09556631999
vt 0.1799999996 0.09236362779
vt 0.1792874313 0.09466686861
vt 0.1799999999 0.09236362778
vt 0.1793350689 0.09466323235
vt 0.179287432 0.09466686861
vt 0.1640625 0.02272727273
vt 0.1640625 0.02272727273
vt 0.1640625 0.02272727273
vt 0.1799999999 0.09236362778
vt 0.1828483313 0.094506837
vt 0.1793350689 0.09466323235
vt 0.1640625 0.02272727273
vt 0.1640625 0.02272727273
vt 0.1640625 0.02272727273
vt 0.1640625 0.02272727273
vt 0.1640625 0.02272727273
vt 0.1640625 0.02272727273
vt 0.1640625 0.02272727273
vt 0.1640625 0.02272727273
vt 0.1640625 0.02272727273
vt 0.1640625 0.02272727273
vt 0.1640625 0.02272727273
vt 0.1640625 0.02272727273
vt 0.1640625 0.02272727273
vt 0.1640625 0.02272727273
vt 0.1640625 0.02272727273
vt 0.1640625 0.02272727273
vt 0.1640625 0.02272727273
vt 0.1640625 0.02272727273
vt 0.1732791822 0.09154897705
vt 0.1755962843 0.09556631949
vt 0.1713110669 0.09659042879
vt 0.1640625 0.02272727273
vt 0.1640625 0.02272727273
vt 0.1640625 0.02272727273
vt 0.1640625 0.02272727273
vt 0.1640625 0.02272727273
vt 0.1640625 0.02272727273
vt 0.1799999999 0.09236362778
vt 0.1883762737 0.09442337925
vt 0.1828483313 0.094506837
vt 0.1640625 0.02272727273
vt 0.1640625 0.02272727273
vt 0.1640625 0.02272727273
vt 0.1640625 0.02272727273
vt 0.1640625 0.02272727273
vt 0.1640625 0.02272727273
vt 0.1799999999 0.09236362778
vt 0.1900000015 0.09333332322
vt 0.1883762737 0.09442337925
vt 0.1640625 0.02272727273
vt 0.1640625 0.02272727273
vt 0.1640625 0.02272727273
vt 0.1640625 0.02272727273
vt 0.1640625 0.02272727273
vt 0.1640625 0.02272727273
vt 0.1640625 0.02272727273
vt 0.1640625 0.02272727273
vt 0.1640625 0.02272727273
vt 0.1900000018 0.09333332321
vt 0.2019999997 0.08363636041
vt 0.1999999996 0.09333334099
vt 0.1900000024 0.09333332347
vt 0.1999999992 0.0933333408
vt 0.1995473163 0.09367100496
vt 0.1883762745 0.09442337941
vt 0.1900000024 0.09333332345
vt 0.1896856518 0.09434940292
vt 0.1900000024 0.09333332347
vt 0.1902512593 0.0942944269
vt 0.1896856517 0.09434940298
vt 0.1900000024 0.09333332347
vt 0.1995473163 0.09367100496
vt 0.1902512593 0.0942944269
vt 0.1640625 0.02272727273
vt 0.1640625 0.02272727273
vt 0.1640625 0.02272727273
vt 0.1640625 0.02272727273
vt 0.1640625 0.02272727273
vt 0.1640625 0.02272727273
vt 0.1640625 0.02272727273
vt 0.1640625 0.02272727273
vt 0.1640625 0.02272727273
vt 0.1640625 0.02272727273
vt 0.1640625 0.02272727273
vt 0.1640625 0.02272727273
vt 0.1640625 0.02272727273
vt 0.1640625 0.02272727273
vt 0.1640625 0.02272727273
vt 0.2120000007 0.08363635475
vt 0.2109999997 0.09333334165
vt 0.2000000002 0.09333334099
vt 0.1999999995 0.09333334071
vt 0.1999339892 0.09365338936
vt 0.1995473166 0.09367100494
vt 0.1999999999 0.09333334082
vt 0.2009392696 0.0935731724
vt 0.1999339894 0.09365338943
vt 0.1999999999 0.09333334082
vt 0.2012371073 0.09355988029
vt 0.2009392696 0.0935731724
vt 0.1999999999 0.09333334082
vt 0.2023508456 0.09354128771
vt 0.2012371073 0.09355988029
vt 0.1640625 0.02272727273
vt 0.1640625 0.02272727273
vt 0.1640625 0.02272727273
vt 0.1640625 0.02272727273
vt 0.1640625 0.02272727273
vt 0.1640625 0.02272727273
vt 0.1999999999 0.09333334082
vt 0.2109999994 0.09333334147
vt 0.2107916034 0.0934887811
vt 0.2023508456 0.09354128771
vt 0.2107916034 0.0934887811
vt 0.2109841346 0.09348752316
vt 0.1999999999 0.09333334082
vt 0.2107916034 0.0934887811
vt 0.2023508456 0.09354128771
vt 0.1640625 0.02272727273
vt 0.1640625 0.02272727273
vt 0.1640625 0.02272727273
vt 0.2209999996 0.09236363894
vt 0.2209846059 0.09251291216
vt 0.2208189197 0.09252460773
vt 0.1640625 0.02272727273
vt 0.1640625 0.02272727273
vt 0.1640625 0.02272727273
vt 0.2109999985 0.09333334139
vt 0.2109685247 0.09348594073
vt 0.2107916034 0.09348878109
vt 0.2109999988 0.0933333414
vt 0.2136039914 0.09311798843
vt 0.2109685247 0.09348594073
vt 0.1640625 0.02272727273
vt 0.1640625 0.02272727273
vt 0.1640625 0.02272727273
vt 0.2109999988 0.0933333414
vt 0.2154063107 0.09291368313
vt 0.2136039914 0.09311798843
vt 0.2109999988 0.0933333414
vt 0.2209999995 0.09236363886
vt 0.2154063107 0.09291368313
vt 0.1640625 0.02272727273
vt 0.1640625 0.02272727273
vt 0.1640625 0.02272727273
vt 0.2154063107 0.09291368313
vt 0.2209999995 0.09236363886
vt 0.2208189192 0.09252460744
vt 0.2600000006 0.07781818402
vt 0.2559999996 0.08751515792
vt 0.2539999995 0.0797575708
vt 0.2600000006 0.07781818406
vt 0.2630000004 0.08460607074
vt 0.2559999996 0.08751515795
vt 0.1640625 0.02272727273
vt 0.1640625 0.02272727273
vt 0.1640625 0.02272727273
vt 0.2600000006 0.07781818402
vt 0.2648458021 0.07923646398
vt 0.2629999999 0.0846060703
vt 0.2648458019 0.07923646416
vt 0.2665247843 0.08346674407
vt 0.2629999998 0.08460607047
vt 0.2629999999 0.08460607121
vt 0.2665247844 0.08346674465
vt 0.2678136956 0.08688463824
vt 0.1640625 0.02272727273
vt 0.1640625 0.02272727273
vt 0.1640625 0.02272727273
vt 0.2539999999 0.07975757081
vt 0.2559999994 0.08751515775
vt 0.2470000001 0.08072727287
vt 0.2629999999 0.08460607121
vt 0.2678136956 0.08688463824
vt 0.2659999988 0.0933333341
vt 0.1640625 0.02272727273
vt 0.1640625 0.02272727273
vt 0.1640625 0.02272727273
vt 0.2559999995 0.08751515856
vt 0.2630000003 0.08460607176
vt 0.2659999989 0.09333333432
vt 0.2678136956 0.08688463824
vt 0.269686008 0.09180148149
vt 0.2659999988 0.09333333414
vt 0.2470000001 0.08072727288
vt 0.2559999993 0.0875151584
vt 0.2479999997 0.08945454659
vt 0.2559999999 0.08751515777
vt 0.2526745029 0.09342714757
vt 0.2479999998 0.08945454652
vt 0.2470000002 0.08072727288
vt 0.24 0.09042423407
vt 0.2390000001 0.08169697747
vt 0.2220000001 0.08266667107
vt 0.2309999998 0.07393939403
vt 0.2310000003 0.082666657
vt 0.239 0.07296969749
vt 0.2389999995 0.08169697787
vt 0.2310000007 0.08266665655
vt 0.2470000002 0.08072727288
vt 0.2479999998 0.08945454656
vt 0.2400000005 0.09042423373
vt 0.2219999998 0.08266667122
vt 0.231000001 0.08266665676
vt 0.2209999996 0.09236363895
vt 0.2310000003 0.08266665746
vt 0.2389999998 0.08169697713
vt 0.2309999996 0.09139394862
vt 0.2209999997 0.09236363879
vt 0.2310000006 0.08266665746
vt 0.2309999994 0.09139394862
vt 0.2390000001 0.08169697746
vt 0.2399999999 0.09042423408
vt 0.2309999999 0.091393949
vt 0.1640625 0.02272727273
vt 0.1640625 0.02272727273
vt 0.1640625 0.02272727273
vt 0.1640625 0.02272727273
vt 0.1640625 0.02272727273
vt 0.1640625 0.02272727273
vt 0.1640625 0.02272727273
vt 0.1640625 0.02272727273
vt 0.1640625 0.02272727273
vt 0.255999999 0.08751515799
vt 0.2624926969 0.09458339551
vt 0.2574613008 0.09389172038
vt 0.1640625 0.02272727273
vt 0.1640625 0.02272727273
vt 0.1640625 0.02272727273
vt 0.1640625 0.02272727273
vt 0.1640625 0.02272727273
vt 0.1640625 0.02272727273
vt 0.1640625 0.02272727273
vt 0.1640625 0.02272727273
vt 0.1640625 0.02272727273
vt 0.2559999995 0.08751515791
vt 0.2574613002 0.09389172048
vt 0.2526814656 0.09342759898
vt 0.255999999 0.08751515799
vt 0.2659999988 0.0933333342
vt 0.2624926969 0.09458339551
vt 0.1640625 0.02272727273
vt 0.1640625 0.02272727273
vt 0.1640625 0.02272727273
vt 0.2696860079 0.09180148142
vt 0.2715556963 0.09649324157
vt 0.2659999988 0.09333333414
vt 0.1640625 0.02272727273
vt 0.1640625 0.02272727273
vt 0.1640625 0.02272727273
vt 0.1640625 0.02272727273
vt 0.1640625 0.02272727273
vt 0.1640625 0.02272727273
vt 0.1640625 0.02272727273
vt 0.1640625 0.02272727273
vt 0.1640625 0.02272727273
vt 0.2624926969 0.09458339551
vt 0.2659999988 0.0933333342
vt 0.2625393707 0.09459174451
vt 0.2625393707 0.09459174453
vt 0.2659999989 0.09333333422
vt 0.263937761 0.09485306931
vt 0.263937761 0.09485306931
vt 0.2659999989 0.09333333422
vt 0.2652833302 0.09514021434
vt 0.1640625 0.02272727273
vt 0.1640625 0.02272727273
vt 0.1640625 0.02272727273
vt 0.1640625 0.02272727273
vt 0.1640625 0.02272727273
vt 0.1640625 0.02272727273
vt 0.2652833302 0.09514021442
vt 0.2659999988 0.09333333417
vt 0.2669185441 0.09556011572
vt 0.2659999988 0.09333333414
vt 0.2715556963 0.09649324157
vt 0.2669185442 0.09556011563
vt 0.1640625 0.02272727273
vt 0.1640625 0.02272727273
vt 0.1640625 0.02272727273
vt 0.1640625 0.02272727273
vt 0.1640625 0.02272727273
vt 0.1640625 0.02272727273
vt 0.1640625 0.02272727273
vt 0.1640625 0.02272727273
vt 0.1640625 0.02272727273
vt 0.1640625 0.02272727273
vt 0.1640625 0.02272727273
vt 0.1640625 0.02272727273
vt 0.1640625 0.02272727273
vt 0.1640625 0.02272727273
vt 0.1640625 0.02272727273
vt 0.2669185442 0.09556011563
vt 0.2715556963 0.09649324157
vt 0.2714746035 0.09683398502
vt 0.2715556961 0.09649324131
vt 0.2716944621 0.09685222942
vt 0.2714746036 0.09683398523
vt 0.1640625 0.02272727273
vt 0.1640625 0.02272727273
vt 0.1640625 0.02272727273
vt 0.1640625 0.02272727273
vt 0.1640625 0.02272727273
vt 0.1640625 0.02272727273
vt 0.2559999995 0.08751515791
vt 0.2526814656 0.09342759898
vt 0.2526745028 0.09342714759
vt 0.2526745029 0.09342714757
vt 0.2488908291 0.09334180782
vt 0.2479999998 0.08945454652
vt 0.1640625 0.02272727273
vt 0.1640625 0.02272727273
vt 0.1640625 0.02272727273
vt 0.1640625 0.02272727273
vt 0.1640625 0.02272727273
vt 0.1640625 0.02272727273
vt 0.1640625 0.02272727273
vt 0.1640625 0.02272727273
vt 0.1640625 0.02272727273
vt 0.1640625 0.02272727273
vt 0.1640625 0.02272727273
vt 0.1640625 0.02272727273
vt 0.1640625 0.02272727273
vt 0.1640625 0.02272727273
vt 0.1640625 0.02272727273
vt 0.2455558059 0.09317902903
vt 0.2446591762 0.09305295154
vt 0.2479999998 0.08945454657
vt 0.2446591762 0.09305295154
vt 0.2417698417 0.09273295733
vt 0.2479999998 0.08945454657
vt 0.2400000002 0.09042423368
vt 0.2479999998 0.08945454657
vt 0.2417698417 0.09273295733
vt 0.1640625 0.02272727273
vt 0.1640625 0.02272727273
vt 0.1640625 0.02272727273
vt 0.2209999996 0.09236363894
vt 0.2264825924 0.09225899407
vt 0.2209846058 0.09251291216
vt 0.1640625 0.02272727273
vt 0.1640625 0.02272727273
vt 0.1640625 0.02272727273
vt 0.1640625 0.02272727273
vt 0.1640625 0.02272727273
vt 0.1640625 0.02272727273
vt 0.2209999996 0.09236363894
vt 0.2309999989 0.09139394909
vt 0.2264825924 0.09225899407
vt 0.1640625 0.02272727273
vt 0.1640625 0.02272727273
vt 0.1640625 0.02272727273
vt 0.2264825924 0.09225899407
vt 0.2309999989 0.09139394909
vt 0.2283996622 0.09223221185
vt 0.2283996622 0.09223221185
vt 0.2309999989 0.09139394909
vt 0.2300918378 0.09227459278
vt 0.2300918378 0.09227459295
vt 0.2309999989 0.09139394925
vt 0.2309999988 0.09232044745
vt 0.1640625 0.02272727273
vt 0.1640625 0.02272727273
vt 0.1640625 0.02272727273
vt 0.2309999992 0.09139394923
vt 0.2364745993 0.09245293574
vt 0.2309999989 0.09232044743
vt 0.1640625 0.02272727273
vt 0.1640625 0.02272727273
vt 0.1640625 0.02272727273
vt 0.2400000003 0.09042423366
vt 0.2402272274 0.09262764395
vt 0.2382350561 0.09251601915
vt 0.2400000006 0.09042423388
vt 0.2382350564 0.09251601937
vt 0.2364745993 0.09245293574
vt 0.2400000002 0.09042423368
vt 0.2417698417 0.09273295733
vt 0.2402272273 0.09262764398
vt 0.2400000006 0.09042423388
vt 0.2364745993 0.09245293574
vt 0.2309999992 0.09139394923
vt 0.2455558059 0.0931790292
vt 0.2479999999 0.08945454653
vt 0.2488908288 0.09334180795
vt 0.1640625 0.02272727273
vt 0.1640625 0.02272727273
vt 0.1640625 0.02272727273
vt 0.1640625 0.02272727273
vt 0.1640625 0.02272727273
vt 0.1640625 0.02272727273
vt 0.1640625 0.02272727273
vt 0.1640625 0.02272727273
vt 0.1640625 0.02272727273
vt 0.1640625 0.02272727273
vt 0.1640625 0.02272727273
vt 0.1640625 0.02272727273
vt 0.1640625 0.02272727273
vt 0.1640625 0.02272727273
vt 0.1640625 0.02272727273
vt 0.1640625 0.02272727273
vt 0.1640625 0.02272727273
vt 0.1640625 0.02272727273
vt 0.1640625 0.02272727273
vt 0.1640625 0.02272727273
vt 0.1640625 0.02272727273
vt 0.1640625 0.02272727273
vt 0.1640625 0.02272727273
vt 0.1640625 0.02272727273
vt 0.1640625 0.02272727273
vt 0.1640625 0.02272727273
vt 0.1640625 0.02272727273
vt 0.1640625 0.02272727273
vt 0.1640625 0.02272727273
vt 0.1640625 0.02272727273
vt 0.1640625 0.02272727273
vt 0.1640625 0.02272727273
vt 0.1640625 0.02272727273
vt 0.1640625 0.02272727273
vt 0.1640625 0.02272727273
vt 0.1640625 0.02272727273
vt 0.1640625 0.02272727273
vt 0.1640625 0.02272727273
vt 0.1640625 0.02272727273
vt 0.1640625 0.02272727273
vt 0.1640625 0.02272727273
vt 0.1640625 0.02272727273
vt 0.1640625 0.02272727273
vt 0.1640625 0.02272727273
vt 0.1640625 0.02272727273
vt 0.1640625 0.02272727273
vt 0.1640625 0.02272727273
vt 0.1640625 0.02272727273
vt 0.1640625 0.02272727273
vt 0.1640625 0.02272727273
vt 0.1640625 0.02272727273
vt 0.1640625 0.02272727273
vt 0.1640625 0.02272727273
vt 0.1640625 0.02272727273
vt 0.1640625 0.02272727273
vt 0.1640625 0.02272727273
vt 0.1640625 0.02272727273
vt 0.1640625 0.02272727273
vt 0.1640625 0.02272727273
vt 0.1640625 0.02272727273
vt 0.1640625 0.02272727273
vt 0.1640625 0.02272727273
vt 0.1640625 0.02272727273
vt 0.1640625 0.02272727273
vt 0.1640625 0.02272727273
vt 0.1640625 0.02272727273
vt 0.1640625 0.02272727273
vt 0.1640625 0.02272727273
vt 0.1640625 0.02272727273
vt 0.1640625 0.02272727273
vt 0.1640625 0.02272727273
vt 0.1640625 0.02272727273
vt 0.1640625 0.02272727273
vt 0.1640625 0.02272727273
vt 0.1640625 0.02272727273
vt 0.1640625 0.02272727273
vt 0.1640625 0.02272727273
vt 0.1640625 0.02272727273
vt 0.1640625 0.02272727273
vt 0.1640625 0.02272727273
vt 0.1640625 0.02272727273
vt 0.1640625 0.02272727273
vt 0.1640625 0.02272727273
vt 0.1640625 0.02272727273
vt 0.1640625 0.02272727273
vt 0.1640625 0.02272727273
vt 0.1640625 0.02272727273
vt 0.1640625 0.02272727273
vt 0.1640625 0.02272727273
vt 0.1640625 0.02272727273
vt 0.1640625 0.02272727273
vt 0.1640625 0.02272727273
vt 0.1640625 0.02272727273
vt 0.1640625 0.02272727273
vt 0.1640625 0.02272727273
vt 0.1640625 0.02272727273
vt 0.1640625 0.02272727273
vt 0.1640625 0.02272727273
vt 0.1640625 0.02272727273
vt 0.1640625 0.02272727273
vt 0.1640625 0.02272727273
vt 0.1640625 0.02272727273
vt 0.1640625 0.02272727273
vt 0.1640625 0.02272727273
vt 0.1640625 0.02272727273
vt 0.1640625 0.02272727273
vt 0.1640625 0.02272727273
vt 0.1640625 0.02272727273
vt 0.1640625 0.02272727273
vt 0.1640625 0.02272727273
vt 0.1640625 0.02272727273
vt 0.1640625 0.02272727273
vt 0.1640625 0.02272727273
vt 0.1640625 0.02272727273
vt 0.1640625 0.02272727273
vt 0.1640625 0.02272727273
vt 0.1640625 0.02272727273
vt 0.1640625 0.02272727273
vt 0.1640625 0.02272727273
vt 0.1640625 0.02272727273
vt 0.1640625 0.02272727273
vt 0.1640625 0.02272727273
vt 0.1640625 0.02272727273
vt 0.1640625 0.02272727273
vt 0.1640625 0.02272727273
vt 0.1640625 0.02272727273
vt 0.1640625 0.02272727273
vt 0.1640625 0.02272727273
vt 0.1640625 0.02272727273
vt 0.1640625 0.02272727273
vt 0.1640625 0.02272727273
vt 0.1640625 0.02272727273
vt 0.1640625 0.02272727273
vt 0.1640625 0.02272727273
vt 0.1640625 0.02272727273
vt 0.1640625 0.02272727273
vt 0.1640625 0.02272727273
vt 0.1640625 0.02272727273
vt 0.1640625 0.02272727273
vt 0.1640625 0.02272727273
vt 0.1640625 0.02272727273
vt 0.1640625 0.02272727273
vt 0.1640625 0.02272727273
vt 0.1640625 0.02272727273
vt 0.1640625 0.02272727273
vt 0.1640625 0.02272727273
vt 0.1640625 0.02272727273
vt 0.1640625 0.02272727273
vt 0.1640625 0.02272727273
vt 0.1640625 0.02272727273
vt 0.1640625 0.02272727273
vt 0.1640625 0.02272727273
vt 0.1640625 0.02272727273
vt 0.1640625 0.02272727273
vt 0.1640625 0.02272727273
vt 0.1640625 0.02272727273
vt 0.1640625 0.02272727273
vt 0.1640625 0.02272727273
vt 0.1640625 0.02272727273
vt 0.1640625 0.02272727273
vt 0.1640625 0.02272727273
vt 0.1640625 0.02272727273
vt 0.1640625 0.02272727273
vt 0.1640625 0.02272727273
vt 0.1640625 0.02272727273
vt 0.1640625 0.02272727273
vt 0.1640625 0.02272727273
vt 0.1640625 0.02272727273
vt 0.1640625 0.02272727273
vt 0.1640625 0.02272727273
vt 0.1640625 0.02272727273
vt 0.1640625 0.02272727273
vt 0.1640625 0.02272727273
vt 0.1640625 0.02272727273
vt 0.1640625 0.02272727273
vt 0.1640625 0.02272727273
vt 0.1640625 0.02272727273
vt 0.1640625 0.02272727273
vt 0.1640625 0.02272727273
vt 0.1640625 0.02272727273
vt 0.1640625 0.02272727273
vt 0.1640625 0.02272727273
vt 0.1640625 0.02272727273
vt 0.1640625 0.02272727273
vt 0.1640625 0.02272727273
vt 0.1640625 0.02272727273
vt 0.1640625 0.02272727273
vt 0.1640625 0.02272727273
vt 0.1640625 0.02272727273
vt 0.1640625 0.02272727273
vt 0.1640625 0.02272727273
vt 0.1640625 0.02272727273
vt 0.1640625 0.02272727273
vt 0.1640625 0.02272727273
vt 0.1640625 0.02272727273
vt 0.1640625 0.02272727273
vt 0.1640625 0.02272727273
vt 0.1640625 0.02272727273
vt 0.1640625 0.02272727273
vt 0.1640625 0.02272727273
vt 0.1640625 0.02272727273
vt 0.1640625 0.02272727273
vt 0.1640625 0.02272727273
vt 0.1640625 0.02272727273
vt 0.1640625 0.02272727273
vt 0.1640625 0.02272727273
vt 0.1640625 0.02272727273
vt 0.1640625 0.02272727273
vt 0.1640625 0.02272727273
vt 0.1640625 0.02272727273
vt 0.1640625 0.02272727273
vt 0.1640625 0.02272727273
vt 0.1640625 0.02272727273
vt 0.1640625 0.02272727273
vt 0.1640625 0.02272727273
vt 0.1640625 0.02272727273
vt 0.1640625 0.02272727273
vt 0.1640625 0.02272727273
vt 0.1640625 0.02272727273
vt 0.1640625 0.02272727273
vt 0.1640625 0.02272727273
vt 0.1640625 0.02272727273
vt 0.1640625 0.02272727273
vt 0.1640625 0.02272727273
vt 0.1640625 0.02272727273
vt 0.1640625 0.02272727273
vt 0.1640625 0.02272727273
vt 0.1640625 0.02272727273
vt 0.1640625 0.02272727273
vt 0.1640625 0.02272727273
vt 0.1640625 0.02272727273
vt 0.1640625 0.02272727273
vt 0.1640625 0.02272727273
vt 0.1640625 0.02272727273
vt 0.1640625 0.02272727273
vt 0.1640625 0.02272727273
vt 0.1640625 0.02272727273
vt 0.1640625 0.02272727273
vt 0.1640625 0.02272727273
vt 0.1640625 0.02272727273
vt 0.1640625 0.02272727273
vt 0.1640625 0.02272727273
vt 0.1640625 0.02272727273
vt 0.1640625 0.02272727273
vt 0.1640625 0.02272727273
vt 0.1640625 0.02272727273
vt 0.1640625 0.02272727273
vt 0.1640625 0.02272727273
vt 0.1640625 0.02272727273
vt 0.1640625 0.02272727273
vt 0.1640625 0.02272727273
vt 0.1640625 0.02272727273
vt 0.1640625 0.02272727273
vt 0.1640625 0.02272727273
vt 0.1640625 0.02272727273
vt 0.1640625 0.02272727273
vt 0.1640625 0.02272727273
vt 0.1640625 0.02272727273
vt 0.1640625 0.02272727273
vt 0.1640625 0.02272727273
vt 0.1640625 0.02272727273
vt 0.1640625 0.02272727273
vt 0.1640625 0.02272727273
vt 0.1640625 0.02272727273
vt 0.1640625 0.02272727273
vt 0.1640625 0.02272727273
vt 0.1640625 0.02272727273
vt 0.1640625 0.02272727273
vt 0.1640625 0.02272727273
vt 0.1640625 0.02272727273
vt 0.1640625 0.02272727273
vt 0.1640625 0.02272727273
vt 0.1640625 0.02272727273
vt 0.1640625 0.02272727273
vt 0.1640625 0.02272727273
vt 0.1640625 0.02272727273
vt 0.1640625 0.02272727273
vt 0.1640625 0.02272727273
vt 0.1640625 0.02272727273
vt 0.1640625 0.02272727273
vt 0.1640625 0.02272727273
vt 0.1640625 0.02272727273
vt 0.1640625 0.02272727273
vt 0.1640625 0.02272727273
vt 0.1640625 0.02272727273
vt 0.1640625 0.02272727273
vt 0.1640625 0.02272727273
vt 0.1640625 0.02272727273
vt 0.1640625 0.02272727273
vt 0.1640625 0.02272727273
vt 0.1640625 0.02272727273
vn -0.1028744033 -0.9457037449 -0.3083200999
vn -0.09613609352 -0.9454165419 -0.311360585
vn -0.09295933565 -0.9260235926 -0.3658399485
vn -0.1028744114 -0.9457037834 -0.3083199792
vn -0.1137247581 -0.8764305842 -0.4679060916
vn -0.1417165946 -0.8957308262 -0.4214056166
vn -0.1126238954 -0.9799111212 -0.1645905609
vn -0.1070446968 -0.9875638631 -0.1151479445
vn -0.1099133628 -0.9802315877 -0.1645147017
vn -0.1126238954 -0.9799111212 -0.1645905609
vn -0.1063302391 -0.9893142362 -0.09975581325
vn -0.1070446968 -0.9875638631 -0.1151479445
vn -0.112623893 -0.9799111201 -0.1645905692
vn -0.109913363 -0.9802315878 -0.1645147012
vn -0.1027957057 -0.9634637938 -0.2473268303
vn -0.1126238677 -0.9799111279 -0.1645905399
vn -0.2435596592 -0.9396664345 -0.2402200746
vn -0.107674886 -0.9917529029 -0.06951473546
vn -0.1028744122 -0.9457037468 -0.3083200913
vn -0.112623893 -0.9799111201 -0.1645905692
vn -0.1027957057 -0.9634637938 -0.2473268303
vn -0.1028744122 -0.9457037468 -0.3083200913
vn -0.1027957057 -0.9634637938 -0.2473268303
vn -0.09915810277 -0.9521559614 -0.2890790478
vn -0.09915809078 -0.952155959 -0.2890790598
vn -0.09751974398 -0.948685223 -0.3008093202
vn -0.09613609219 -0.9454165489 -0.3113605639
vn -0.1028744027 -0.9457037447 -0.3083201008
vn -0.09915809078 -0.952155959 -0.2890790598
vn -0.09613609219 -0.9454165489 -0.3113605639
vn -0.1076748836 -0.9917529033 -0.06951473356
vn -0.1054320518 -0.991520179 -0.07597247602
vn -0.1063302391 -0.9893142362 -0.09975581325
vn -0.1076748835 -0.9917529033 -0.06951473384
vn -0.1053659629 -0.9920951792 -0.06815547811
vn -0.1054320521 -0.9915201791 -0.07597247393
vn -0.1126238954 -0.9799111212 -0.1645905609
vn -0.1076748836 -0.9917529033 -0.06951473356
vn -0.1063302391 -0.9893142362 -0.09975581325
vn -0.1076748832 -0.9917529032 -0.06951473541
vn -0.08701262701 -0.993637111 -0.07151289645
vn -0.1053659626 -0.9920951791 -0.06815548025
vn -0.08701262701 -0.993637111 -0.07151289645
vn -0.08710129937 -0.993630828 -0.0714922466
vn -0.1053659626 -0.9920951791 -0.06815548025
vn -0.1076748832 -0.9917529032 -0.06951473541
vn -0.08876852286 -0.9932774128 -0.07429758093
vn -0.08701262701 -0.993637111 -0.07151289645
vn -0.107674884 -0.9917529033 -0.06951473388
vn -0.1771779891 -0.9837069565 -0.03047267565
vn -0.08876851698 -0.9932774125 -0.07429759228
vn -0.1076748835 -0.9917529035 -0.06951473113
vn -0.2435596357 -0.9396664514 -0.2402200325
vn -0.1771779901 -0.9837069562 -0.03047267946
vn -0.08876854769 -0.9932774091 -0.07429760109
vn -0.1771779076 -0.9837069719 -0.03047265252
vn -0.05400538938 -0.9984949467 -0.009552972538
vn -0.1028744059 -0.9457037876 -0.3083199681
vn -0.1417165944 -0.895730826 -0.4214056171
vn -0.1126238907 -0.979911126 -0.1645905356
vn -0.1126238545 -0.9799111277 -0.1645905499
vn -0.1417165892 -0.8957308259 -0.4214056192
vn -0.243559669 -0.939666434 -0.2402200665
vn -0.1028743839 -0.9457037286 -0.3083201563
vn -0.09295931952 -0.9260235769 -0.3658399922
vn -0.0908035387 -0.8787889748 -0.4684918944
vn -0.1028743839 -0.9457037286 -0.3083201563
vn -0.0908035387 -0.8787889748 -0.4684918944
vn -0.1137247471 -0.8764305546 -0.4679061496
vn -0.1137247793 -0.8764305436 -0.4679061623
vn -0.1144160848 -0.8515648794 -0.5116113913
vn -0.1006651226 -0.8546313543 -0.509383727
vn -0.09080354373 -0.8787889757 -0.4684918918
vn -0.1068414808 -0.8605447593 -0.4980437885
vn -0.1144160918 -0.8515648735 -0.5116113995
vn -0.113724763 -0.8764305568 -0.4679061416
vn -0.09080354373 -0.8787889757 -0.4684918918
vn -0.1144160918 -0.8515648735 -0.5116113995
vn -0.1137247793 -0.8764305436 -0.4679061623
vn -0.1006651226 -0.8546313543 -0.509383727
vn -0.07730558716 -0.8879395221 -0.4534173038
vn -0.1137248088 -0.8764305708 -0.4679061043
vn -0.07730557411 -0.8879395093 -0.453417331
vn -0.02295969537 -0.879600086 -0.4751594901
vn -0.2763054879 0 -0.9610698608
vn -0.2763054879 0 -0.9610698608
vn -0.2763054879 0 -0.9610698608
vn -0.2763136666 0 -0.9610675094
vn -0.2763136666 0 -0.9610675094
vn -0.2763136666 0 -0.9610675094
vn -0.2763056484 0 -0.9610698147
vn -0.2763056484 0 -0.9610698147
vn -0.2763056484 0 -0.9610698147
vn -0.077305595 -0.8879395224 -0.4534173018
vn -0.1006652525 -0.8546313588 -0.5093836938
vn -0.144337102 -0.8578885568 -0.4931470623
vn -0.1804475462 -0.8851431725 -0.4289058723
vn -0.1443371049 -0.8578883818 -0.4931473659
vn -0.2147731228 -0.8203884696 -0.5299389254
vn -0.2098736331 -0.8467332218 -0.4888720785
vn -0.2147731228 -0.8203884696 -0.5299389254
vn -0.2215193145 -0.8164129483 -0.5332908129
vn -0.1804475462 -0.8851431725 -0.4289058723
vn -0.2147731228 -0.8203884696 -0.5299389254
vn -0.2098736331 -0.8467332218 -0.4888720785
vn -0.1804475508 -0.8851429956 -0.4289062354
vn -0.077305595 -0.8879395224 -0.4534173018
vn -0.144337102 -0.8578885568 -0.4931470623
vn -0.2098736478 -0.8467332044 -0.4888721024
vn -0.221519325 -0.8164129343 -0.53329083
vn -0.2303118558 -0.8150968095 -0.531576561
vn -0.2763098914 -3.204612349e-06 -0.9610685948
vn -0.2763098914 -3.204612349e-06 -0.9610685948
vn -0.2763098914 -3.204612349e-06 -0.9610685948
vn -0.1804475508 -0.8851429956 -0.4289062354
vn -0.1698173793 -0.8914627089 -0.4200670141
vn -0.077305595 -0.8879395224 -0.4534173018
vn -0.1698173817 -0.891462649 -0.4200671402
vn -0.151616021 -0.914651192 -0.374734278
vn -0.07730559599 -0.8879395366 -0.4534172737
vn -0.03689544808 -0.9825017079 -0.1825626467
vn -0.05726424224 -0.9711915453 -0.2313175065
vn -0.07386732095 -0.9971049396 0.01803769197
vn -0.03689545373 -0.9825017081 -0.1825626443
vn -0.07386735148 -0.9971049371 0.01803770366
vn -0.01876151809 -0.9988222671 0.04474465558
vn -0.01876156148 -0.9988222662 0.04474465727
vn -0.1139517206 -0.992041995 -0.05355077562
vn -0.007684369958 -0.9995207182 -0.02998806988
vn -0.0187615191 -0.9988222672 0.044744652
vn -0.0738673632 -0.9971049373 0.0180376452
vn -0.1139517473 -0.9920419921 -0.05355077238
vn -0.02964086795 -0.9005895627 -0.433658689
vn -0.05726424164 -0.9711915452 -0.2313175073
vn -0.03689544684 -0.9825017084 -0.1825626441
vn -0.07386735223 -0.997104939 0.01803759736
vn -0.1195214011 -0.9913837049 -0.05360022766
vn -0.1139517527 -0.9920419927 -0.0535507502
vn -0.02964086756 -0.9005895632 -0.4336586879
vn -0.05410524577 -0.8651329404 -0.4986157015
vn -0.05726424639 -0.9711915427 -0.2313175165
vn -0.1417166029 -0.8957308212 -0.4214056246
vn -0.1137247911 -0.876430563 -0.4679061233
vn -0.0229596844 -0.8796000801 -0.4751595016
vn -0.02964086965 -0.9005895566 -0.4336587015
vn 0.01876852096 -0.9047437256 -0.4255426342
vn 0.03413922657 -0.955681357 -0.2924169233
vn -0.151616021 -0.914651192 -0.374734278
vn -0.03084651281 -0.9680168099 -0.2489818236
vn -0.07730559599 -0.8879395366 -0.4534172737
vn -0.1516160335 -0.9146511745 -0.3747343158
vn -0.1027922301 -0.9553333871 -0.2770773845
vn -0.03084650935 -0.9680168124 -0.248981814
vn -0.2763078078 0 -0.9610691938
vn -0.2763078078 0 -0.9610691938
vn -0.2763078078 0 -0.9610691938
vn -0.02295970433 -0.8796001094 -0.4751594464
vn -0.07730558771 -0.8879395417 -0.4534172652
vn -0.03084648264 -0.968016819 -0.2489817917
vn -0.02964086769 -0.9005895638 -0.4336586867
vn 0.0341391946 -0.9556812818 -0.2924171731
vn -0.05410523443 -0.8651329813 -0.4986156318
vn 0.0187684597 -0.9047437379 -0.425542611
vn -0.3086716533 -0.8906107264 -0.3339675799
vn -0.009038492888 -0.9999271566 -0.007999191833
vn -0.3032569741 -0.9069024019 -0.2925119504
vn -0.05222620332 -0.997901447 -0.03827696025
vn -0.3086716116 -0.8906107434 -0.3339675732
vn -0.2763072714 0 -0.9610693481
vn -0.2763072714 0 -0.9610693481
vn -0.2763072714 0 -0.9610693481
vn -0.3086716533 -0.8906107264 -0.3339675799
vn -0.05222649963 -0.997901429 -0.03827702712
vn -0.009038492888 -0.9999271566 -0.007999191833
vn -0.2763052952 0 -0.9610699162
vn -0.2763052952 0 -0.9610699162
vn -0.2763052952 0 -0.9610699162
vn -0.2763207588 -1.993674957e-06 -0.9610654703
vn -0.2763207588 -1.993674957e-06 -0.9610654703
vn -0.2763207588 -1.993674957e-06 -0.9610654703
vn 0.01876850641 -0.9047437485 -0.4255425862
vn -0.009038551383 -0.9999271559 -0.007999214544
vn 0.03413926441 -0.9556813201 -0.2924170395
vn -0.07936362463 -0.9953480217 0.05462353607
vn -0.07838104619 -0.9969045178 0.006147687074
vn -0.08876851963 -0.9932774125 -0.07429758877
vn -0.07936362463 -0.9953480217 0.05462353607
vn -0.07564739467 -0.9960856774 0.04572521127
vn -0.07838104619 -0.9969045178 0.006147687074
vn -0.07936366019 -0.9953480213 0.05462349315
vn -0.07794804252 -0.9954588054 0.05464310935
vn -0.07564739552 -0.9960856774 0.04572521024
vn -0.07936365969 -0.9953480234 0.05462345493
vn -0.07985436102 -0.9923060807 0.09461460374
vn -0.07794804094 -0.9954588097 0.05464303308
vn -0.07936359555 -0.9953480204 0.05462360282
vn -0.08683113504 -0.9884146692 0.1244861266
vn -0.07985426184 -0.9923060668 0.09461483286
vn -0.07936362535 -0.9953480197 0.05462357244
vn -0.11702378 -0.9928165625 -0.02491401319
vn -0.1323697137 -0.9595963557 0.2483004087
vn -0.08701263107 -0.9936371102 -0.07151290264
vn -0.08344843568 -0.9940668974 -0.06976648234
vn -0.08388809925 -0.9940151785 -0.06997579395
vn -0.08876851963 -0.9932774125 -0.07429758877
vn -0.07838104619 -0.9969045178 0.006147687074
vn -0.08344843451 -0.9940668971 -0.06976648763
vn -0.08876852193 -0.993277413 -0.0742975791
vn -0.08344843568 -0.9940668974 -0.06976648234
vn -0.08701263107 -0.9936371102 -0.07151290264
vn -0.07936372147 -0.9953480209 0.05462341101
vn -0.08876853586 -0.9932774095 -0.07429761016
vn -0.05400539355 -0.9984949465 -0.009552970261
vn -0.07936359555 -0.9953480204 0.05462360282
vn -0.1323697079 -0.9595963545 0.2483004164
vn -0.08683113504 -0.9884146692 0.1244861266
vn -0.1323697079 -0.9595963545 0.2483004164
vn -0.1039082391 -0.9748324969 0.1972426951
vn -0.08683113504 -0.9884146692 0.1244861266
vn -0.1323697079 -0.9595963545 0.2483004164
vn -0.1101770591 -0.968638692 0.222710799
vn -0.1039082391 -0.9748324969 0.1972426951
vn -0.1323697079 -0.9595963545 0.2483004164
vn -0.1228904409 -0.9543777364 0.2721416467
vn -0.1101770591 -0.968638692 0.222710799
vn -0.1323697056 -0.9595963565 0.2483004101
vn -0.1658463813 -0.8910194491 0.4225864634
vn -0.1228904446 -0.9543777329 0.2721416571
vn -0.1323697056 -0.9595963565 0.2483004101
vn -0.1970974752 -0.8768696269 0.4384657828
vn -0.1658463813 -0.8910194491 0.4225864634
vn -0.1970974275 -0.8768696278 0.4384658024
vn -0.1577330339 -0.8654449793 0.4755263166
vn -0.1658463485 -0.8910194514 0.4225864714
vn -0.1970974167 -0.876869617 0.4384658289
vn -0.1649561228 -0.8049161931 0.5699994733
vn -0.157733029 -0.8654449764 0.4755263235
vn -0.1323696931 -0.9595963602 0.2483004023
vn -0.2534339009 -0.9482393338 0.1913463449
vn -0.1970974191 -0.8768696538 0.4384657543
vn -0.07936362625 -0.9953480181 0.05462359975
vn -0.05400542245 -0.9984949444 -0.009553028289
vn -0.1170237794 -0.9928165624 -0.02491402226
vn -0.1323696961 -0.9595963575 0.2483004112
vn -0.1170238306 -0.9928165566 -0.02491401402
vn -0.2534339117 -0.9482393248 0.191346375
vn -0.1970975779 -0.876869646 0.4384656984
vn -0.2534340832 -0.9482392994 0.1913462741
vn -0.1806659104 -0.8619919384 0.4736345921
vn -0.1970975886 -0.8768696498 0.438465686
vn -0.1806659291 -0.861991943 0.4736345767
vn -0.20709531 -0.7192192927 0.6632006797
vn -0.1970974167 -0.876869617 0.4384658289
vn -0.1657430064 -0.7977761583 0.5797261914
vn -0.1649561228 -0.8049161931 0.5699994733
vn -0.1970974167 -0.876869617 0.4384658289
vn -0.2064080805 -0.7413454731 0.6385942326
vn -0.1657430064 -0.7977761583 0.5797261914
vn -0.2064080657 -0.7413455328 0.638594168
vn -0.1637918101 -0.781962885 0.601420227
vn -0.165742987 -0.7977762231 0.5797261078
vn -0.2064080708 -0.741345537 0.6385941615
vn -0.1654642842 -0.7635264241 0.6242186879
vn -0.1637917867 -0.7819628656 0.6014202586
vn -0.2064080708 -0.741345537 0.6385941615
vn -0.1862199777 -0.7366823866 0.6500932096
vn -0.1654642842 -0.7635264241 0.6242186879
vn -0.1970975652 -0.8768696199 0.4384657562
vn -0.2070952822 -0.7192192486 0.6632007362
vn -0.2064081274 -0.7413454775 0.6385942122
vn -0.2064081258 -0.7413454931 0.6385941947
vn -0.2070952752 -0.7192193168 0.6632006645
vn -0.1862201036 -0.7366822874 0.6500932859
vn -0.186220102 -0.7366822094 0.6500933748
vn -0.1794724 -0.739030215 0.6493258035
vn -0.1654642595 -0.7635264572 0.624218654
vn -0.1862200818 -0.7366822928 0.650093286
vn -0.1871963753 -0.7430236541 0.6425522286
vn -0.1794723975 -0.7390302249 0.6493257928
vn -0.1862200818 -0.7366822928 0.650093286
vn -0.1904792078 -0.7446970918 0.6396435827
vn -0.1871963753 -0.7430236541 0.6425522286
vn -0.1862200113 -0.7366820602 0.6500935698
vn -0.210412574 -0.7849213887 0.5827735086
vn -0.1904791238 -0.7446968108 0.6396439348
vn -0.1862200113 -0.7366820602 0.6500935698
vn -0.2584009108 -0.8736236699 0.4123234807
vn -0.210412574 -0.7849213887 0.5827735086
vn -0.2584009108 -0.8736236699 0.4123234807
vn -0.2233631813 -0.8099895031 0.5422415459
vn -0.210412574 -0.7849213887 0.5827735086
vn -0.2584009108 -0.8736236699 0.4123234807
vn -0.2259985816 -0.8149786457 0.5336051426
vn -0.2233631813 -0.8099895031 0.5422415459
vn -0.4008197263 -3.213834403e-06 0.9161569445
vn -0.4008197263 -3.213834403e-06 0.9161569445
vn -0.4008197263 -3.213834403e-06 0.9161569445
vn -0.4008141548 1.685278212e-05 0.9161593819
vn -0.4008141548 1.685278212e-05 0.9161593819
vn -0.4008141548 1.685278212e-05 0.9161593819
vn -0.186219891 -0.7366825274 0.6500930748
vn -0.3039347592 -0.8188962535 0.4868599266
vn -0.258400647 -0.8736242518 0.412322413
vn -0.258400647 -0.8736242518 0.412322413
vn -0.3039347592 -0.8188962535 0.4868599266
vn -0.2951722586 -0.8576327983 0.4211167546
vn -0.400815409 0 0.9161588333
vn -0.400815409 0 0.9161588333
vn -0.400815409 0 0.9161588333
vn -0.1862203712 -0.7366819846 0.6500935525
vn -0.1837317054 -0.9468651256 0.2639869208
vn -0.3039339587 -0.8188971115 0.4868589833
vn -0.2951720151 -0.8576328361 0.4211168484
vn -0.3039344927 -0.8188962867 0.4868600372
vn -0.2989750314 -0.8457177958 0.4420128283
vn -0.4008275143 0 0.9161535372
vn -0.4008275143 0 0.9161535372
vn -0.4008275143 0 0.9161535372
vn -0.1862201531 -0.7366821779 0.6500933959
vn -0.207095335 -0.7192191781 0.6632007962
vn -0.1093511515 -0.8551172445 0.5067709777
vn -0.1862202213 -0.7366822056 0.650093345
vn -0.1093510741 -0.8551172146 0.5067710448
vn -0.1837321356 -0.9468648399 0.2639876461
vn -0.3039339587 -0.8188971115 0.4868589833
vn -0.1837317054 -0.9468651256 0.2639869208
vn -0.1996341699 -0.9386123834 0.2813414154
vn -0.303934108 -0.8188969448 0.4868591704
vn -0.1996341647 -0.9386123864 0.2813414089
vn -0.2989749688 -0.8457178903 0.44201269
vn -0.4008184652 0 0.9161574963
vn -0.4008184652 0 0.9161574963
vn -0.4008184652 0 0.9161574963
vn -0.1093510741 -0.8551172146 0.5067710448
vn -0.1811703026 -0.9494192094 0.2564770678
vn -0.1837321356 -0.9468648399 0.2639876461
vn -0.4007983716 -4.242881219e-06 0.9161662869
vn -0.4007983716 -4.242881219e-06 0.9161662869
vn -0.4007983716 -4.242881219e-06 0.9161662869
vn -0.4008340381 0 0.916150683
vn -0.4008340381 0 0.916150683
vn -0.4008340381 0 0.916150683
vn -0.08345912784 -0.7796473575 0.6206323967
vn -0.01121259015 -0.9543566007 0.2984589697
vn -0.2671970202 -0.8094861577 0.5228172843
vn -0.2671970757 -0.8094858552 0.5228177244
vn -0.09536799557 -0.972699365 0.2115676977
vn -0.2654176507 -0.9449951021 0.191148444
vn -0.4008191174 0 0.9161572109
vn -0.4008191174 0 0.9161572109
vn -0.4008191174 0 0.9161572109
vn -0.1139517218 -0.9920419948 -0.05355077633
vn -0.06301856228 -0.9940884467 -0.08841278691
vn -0.007684371636 -0.9995207182 -0.02998806912
vn -0.06301849952 -0.9940884566 -0.08841272048
vn -0.0715730281 -0.9973896504 -0.009549180013
vn 0.05880178435 -0.9595195353 0.2754353127
vn -0.113951769 -0.9920419866 -0.05355082738
vn -0.07157302654 -0.9973896506 -0.009549173476
vn -0.06301849941 -0.9940884568 -0.0884127189
vn 0.05880186932 -0.9595195042 0.2754354029
vn -0.07157302757 -0.9973896505 -0.009549178205
vn -0.009200967129 -0.9570569575 0.2897538994
vn 0.05880186722 -0.9595195024 0.2754354097
vn -0.00920096691 -0.9570569578 0.2897538985
vn 0.05456215282 -0.8822253 0.4676553128
vn 0.05456216283 -0.8822252501 0.4676554057
vn -0.03614287794 -0.8997631156 0.4348793261
vn -0.08345862196 -0.7796475205 0.6206322601
vn 0.05456219125 -0.8822252565 0.4676553902
vn -0.009200968503 -0.9570569587 0.2897538955
vn -0.03614287307 -0.8997631165 0.4348793245
vn -0.1139517553 -0.99204199 -0.05355079407
vn -0.1518995688 -0.9877911466 -0.03457125406
vn -0.07157302679 -0.9973896506 -0.009549174193
vn -0.07157302665 -0.9973896506 -0.009549177547
vn -0.0846573273 -0.9941852406 0.06654956295
vn -0.009200963817 -0.9570569565 0.289753903
vn -0.00920096605 -0.9570569577 0.2897538988
vn -0.06540630796 -0.9523407392 0.2979414896
vn -0.03614287966 -0.8997631199 0.434879317
vn -0.03614288625 -0.8997631234 0.4348793092
vn -0.06540625332 -0.9523407227 0.2979415544
vn -0.02425402882 -0.8462038338 0.5323070672
vn -0.03614288685 -0.8997631244 0.434879307
vn -0.02425402919 -0.8462038346 0.5323070659
vn -0.01229864074 -0.8110533219 0.5848429297
vn -0.03614289679 -0.8997631133 0.4348793292
vn -0.01229868131 -0.8110532607 0.5848430137
vn -0.08345878161 -0.7796474897 0.6206322773
vn -0.08345878984 -0.7796475956 0.6206321431
vn -0.01229868539 -0.8110533302 0.5848429173
vn -0.01121260855 -0.9543565927 0.2984589945
vn -0.2671970602 -0.8094861075 0.5228173417
vn -0.01121260054 -0.954356594 0.2984589906
vn -0.0953679974 -0.9726993589 0.2115677252
vn -0.0953679974 -0.9726993589 0.2115677252
vn -0.01121260054 -0.954356594 0.2984589906
vn -0.04069002528 -0.9858302758 0.1627359492
vn -0.4008160748 0 0.9161585421
vn -0.4008160748 0 0.9161585421
vn -0.4008160748 0 0.9161585421
vn -0.04069026205 -0.985830218 0.1627362403
vn -0.01121260263 -0.9543565932 0.2984589931
vn -0.02562900948 -0.9798245898 0.1982093013
vn -0.400819152 0 0.9161571958
vn -0.400819152 0 0.9161571958
vn -0.400819152 0 0.9161571958
vn -0.01121260951 -0.9543565928 0.2984589942
vn -0.01229864851 -0.8110533301 0.5848429182
vn 0.004096582469 -0.8563501757 0.5163793128
vn -0.02425402939 -0.8462038396 0.5323070579
vn 0.004096586527 -0.8563501473 0.5163793597
vn -0.0122986417 -0.8110532764 0.5848429928
vn -0.01121260379 -0.9543565907 0.2984590009
vn 0.004096607639 -0.8563501771 0.5163793101
vn -0.04656693838 -0.9793382997 0.196794347
vn -0.01121261096 -0.9543565999 0.2984589713
vn -0.04656694095 -0.9793383019 0.1967943356
vn -0.0256290152 -0.9798245928 0.1982092858
vn -0.04656694095 -0.9793383019 0.1967943356
vn -0.03959060905 -0.9869193774 0.1562777211
vn -0.0256290152 -0.9798245928 0.1982092858
vn -0.4008201092 0 0.916156777
vn -0.4008201092 0 0.916156777
vn -0.4008201092 0 0.916156777
vn -0.0465669361 -0.9793382985 0.1967943536
vn -0.051852241 -0.9908345541 0.1247326404
vn -0.03959062545 -0.9869193864 0.1562776604
vn -0.4008192204 3.209128967e-06 0.9161571659
vn -0.4008192204 3.209128967e-06 0.9161571659
vn -0.4008192204 3.209128967e-06 0.9161571659
vn -0.1137247793 0.8764305436 -0.4679061623
vn -0.1006651226 0.8546313543 -0.509383727
vn -0.1144160848 0.8515648794 -0.5116113913
vn -0.09080354373 0.8787889757 -0.4684918918
vn -0.1144160918 0.8515648735 -0.5116113995
vn -0.1068414808 0.8605447593 -0.4980437885
vn -0.113724763 0.8764305568 -0.4679061416
vn -0.1144160918 0.8515648735 -0.5116113995
vn -0.09080354373 0.8787889757 -0.4684918918
vn -0.1028743839 0.9457037286 -0.3083201563
vn -0.0908035387 0.8787889748 -0.4684918944
vn -0.09295931952 0.9260235769 -0.3658399922
vn -0.1028743839 0.9457037286 -0.3083201563
vn -0.1137247471 0.8764305546 -0.4679061496
vn -0.0908035387 0.8787889748 -0.4684918944
vn -0.2763054879 0 -0.9610698608
vn -0.2763054879 0 -0.9610698608
vn -0.2763054879 0 -0.9610698608
vn -0.2763136666 0 -0.9610675094
vn -0.2763136666 0 -0.9610675094
vn -0.2763136666 0 -0.9610675094
vn -0.2763056484 0 -0.9610698147
vn -0.2763056484 0 -0.9610698147
vn -0.2763056484 0 -0.9610698147
vn -0.2763065408 0 -0.9610695581
vn -0.2763065408 0 -0.9610695581
vn -0.2763065408 0 -0.9610695581
vn -0.2763098914 3.204612349e-06 -0.9610685948
vn -0.2763098914 3.204612349e-06 -0.9610685948
vn -0.2763098914 3.204612349e-06 -0.9610685948
vn -0.2098736478 0.8467332044 -0.4888721024
vn -0.2303118558 0.8150968095 -0.531576561
vn -0.221519325 0.8164129343 -0.53329083
vn -0.2098736331 0.8467332218 -0.4888720785
vn -0.2215193145 0.8164129483 -0.5332908129
vn -0.2147731228 0.8203884696 -0.5299389254
vn -0.1804475462 0.8851431725 -0.4289058723
vn -0.2147731228 0.8203884696 -0.5299389254
vn -0.1443371049 0.8578883818 -0.4931473659
vn -0.2098736331 0.8467332218 -0.4888720785
vn -0.2147731228 0.8203884696 -0.5299389254
vn -0.1804475462 0.8851431725 -0.4289058723
vn -0.077305595 0.8879395224 -0.4534173018
vn -0.144337102 0.8578885568 -0.4931470623
vn -0.1006652525 0.8546313588 -0.5093836938
vn -0.1804475508 0.8851429956 -0.4289062354
vn -0.144337102 0.8578885568 -0.4931470623
vn -0.077305595 0.8879395224 -0.4534173018
vn -0.1804475508 0.8851429956 -0.4289062354
vn -0.077305595 0.8879395224 -0.4534173018
vn -0.1698173793 0.8914627089 -0.4200670141
vn -0.1698173817 0.891462649 -0.4200671402
vn -0.07730559599 0.8879395366 -0.4534172737
vn -0.151616021 0.914651192 -0.374734278
vn -0.07730558716 0.8879395221 -0.4534173038
vn -0.1006651226 0.8546313543 -0.509383727
vn -0.1137247793 0.8764305436 -0.4679061623
vn -0.07730557411 0.8879395093 -0.453417331
vn -0.1137248088 0.8764305708 -0.4679061043
vn -0.02295969537 0.879600086 -0.4751594901
vn -0.1028744033 0.9457037449 -0.3083200999
vn -0.09295933565 0.9260235926 -0.3658399485
vn -0.09613609352 0.9454165419 -0.311360585
vn -0.1028744114 0.9457037834 -0.3083199792
vn -0.1417165946 0.8957308262 -0.4214056166
vn -0.1137247581 0.8764305842 -0.4679060916
vn -0.112623893 0.9799111201 -0.1645905692
vn -0.1027957057 0.9634637938 -0.2473268303
vn -0.109913363 0.9802315878 -0.1645147012
vn -0.1126238954 0.9799111212 -0.1645905609
vn -0.1099133628 0.9802315877 -0.1645147017
vn -0.1070446968 0.9875638631 -0.1151479445
vn -0.1126238954 0.9799111212 -0.1645905609
vn -0.1070446968 0.9875638631 -0.1151479445
vn -0.1063302391 0.9893142362 -0.09975581325
vn -0.09613609219 0.9454165489 -0.3113605639
vn -0.09751974398 0.948685223 -0.3008093202
vn -0.09915809078 0.952155959 -0.2890790598
vn -0.1028744027 0.9457037447 -0.3083201008
vn -0.09613609219 0.9454165489 -0.3113605639
vn -0.09915809078 0.952155959 -0.2890790598
vn -0.1028744122 0.9457037468 -0.3083200913
vn -0.09915810277 0.9521559614 -0.2890790478
vn -0.1027957057 0.9634637938 -0.2473268303
vn -0.1028744122 0.9457037468 -0.3083200913
vn -0.1027957057 0.9634637938 -0.2473268303
vn -0.112623893 0.9799111201 -0.1645905692
vn -0.1126238677 0.9799111279 -0.1645905399
vn -0.107674886 0.9917529029 -0.06951473546
vn -0.2435596592 0.9396664345 -0.2402200746
vn -0.1076748836 0.9917529033 -0.06951473356
vn -0.1063302391 0.9893142362 -0.09975581325
vn -0.1054320518 0.991520179 -0.07597247602
vn -0.1076748835 0.9917529033 -0.06951473384
vn -0.1054320521 0.9915201791 -0.07597247393
vn -0.1053659629 0.9920951792 -0.06815547811
vn -0.1126238954 0.9799111212 -0.1645905609
vn -0.1063302391 0.9893142362 -0.09975581325
vn -0.1076748836 0.9917529033 -0.06951473356
vn -0.1076748832 0.9917529032 -0.06951473541
vn -0.1053659626 0.9920951791 -0.06815548025
vn -0.08701262701 0.993637111 -0.07151289645
vn -0.1053659626 0.9920951791 -0.06815548025
vn -0.08710129937 0.993630828 -0.0714922466
vn -0.08701262701 0.993637111 -0.07151289645
vn -0.1076748832 0.9917529032 -0.06951473541
vn -0.08701262701 0.993637111 -0.07151289645
vn -0.08876852286 0.9932774128 -0.07429758093
vn -0.107674884 0.9917529033 -0.06951473388
vn -0.08876851698 0.9932774125 -0.07429759228
vn -0.1771779891 0.9837069565 -0.03047267565
vn -0.1028744059 0.9457037876 -0.3083199681
vn -0.1126238907 0.979911126 -0.1645905356
vn -0.1417165944 0.895730826 -0.4214056171
vn -0.1126238545 0.9799111277 -0.1645905499
vn -0.243559669 0.939666434 -0.2402200665
vn -0.1417165892 0.8957308259 -0.4214056192
vn -0.1076748835 0.9917529035 -0.06951473113
vn -0.1771779901 0.9837069562 -0.03047267946
vn -0.2435596357 0.9396664514 -0.2402200325
vn -0.08876854769 0.9932774091 -0.07429760109
vn -0.05400538938 0.9984949467 -0.009552972538
vn -0.1771779076 0.9837069719 -0.03047265252
vn -0.2763078078 0 -0.9610691938
vn -0.2763078078 0 -0.9610691938
vn -0.2763078078 0 -0.9610691938
vn -0.151616021 0.914651192 -0.374734278
vn -0.07730559599 0.8879395366 -0.4534172737
vn -0.03084651281 0.9680168099 -0.2489818236
vn -0.1516160335 0.9146511745 -0.3747343158
vn -0.03084650935 0.9680168124 -0.248981814
vn -0.1027922301 0.9553333871 -0.2770773845
vn -0.07730558771 0.8879395417 -0.4534172652
vn -0.02295970433 0.8796001094 -0.4751594464
vn -0.03084648264 0.968016819 -0.2489817917
vn -0.1137247911 0.876430563 -0.4679061233
vn -0.1417166029 0.8957308212 -0.4214056246
vn -0.0229596844 0.8796000801 -0.4751595016
vn 0.01876852096 0.9047437256 -0.4255426342
vn -0.02964086965 0.9005895566 -0.4336587015
vn 0.03413922657 0.955681357 -0.2924169233
vn -0.2763072714 0 -0.9610693481
vn -0.2763072714 0 -0.9610693481
vn -0.2763072714 0 -0.9610693481
vn -0.3032569741 0.9069024019 -0.2925119504
vn -0.3086716116 0.8906107434 -0.3339675732
vn -0.05222620332 0.997901447 -0.03827696025
vn 0.0187684597 0.9047437379 -0.425542611
vn -0.009038492888 0.9999271566 -0.007999191833
vn -0.3086716533 0.8906107264 -0.3339675799
vn -0.2763055357 9.171955418e-07 -0.9610698471
vn -0.2763055357 9.171955418e-07 -0.9610698471
vn -0.2763055357 9.171955418e-07 -0.9610698471
vn -0.3086716533 0.8906107264 -0.3339675799
vn -0.009038492888 0.9999271566 -0.007999191833
vn -0.05222649963 0.997901429 -0.03827702712
vn 0.01876850641 0.9047437485 -0.4255425862
vn 0.03413926441 0.9556813201 -0.2924170395
vn -0.009038551383 0.9999271559 -0.007999214544
vn 0.0341391946 0.9556812818 -0.2924171731
vn -0.02964086769 0.9005895638 -0.4336586867
vn -0.05410523443 0.8651329813 -0.4986156318
vn -0.02964086795 0.9005895627 -0.433658689
vn -0.03689544684 0.9825017084 -0.1825626441
vn -0.05726424164 0.9711915452 -0.2313175073
vn -0.03689544808 0.9825017079 -0.1825626467
vn -0.07386732095 0.9971049396 0.01803769197
vn -0.05726424224 0.9711915453 -0.2313175065
vn -0.03689545373 0.9825017081 -0.1825626443
vn -0.01876151809 0.9988222671 0.04474465558
vn -0.07386735148 0.9971049371 0.01803770366
vn -0.01876156148 0.9988222662 0.04474465727
vn -0.007684369958 0.9995207182 -0.02998806988
vn -0.1139517206 0.992041995 -0.05355077562
vn -0.0187615191 0.9988222672 0.044744652
vn -0.1139517473 0.9920419921 -0.05355077238
vn -0.0738673632 0.9971049373 0.0180376452
vn -0.02964086756 0.9005895632 -0.4336586879
vn -0.05726424639 0.9711915427 -0.2313175165
vn -0.05410524577 0.8651329404 -0.4986157015
vn -0.1139517527 0.9920419927 -0.0535507502
vn -0.1195214011 0.9913837049 -0.05360022766
vn -0.07386735223 0.997104939 0.01803759736
vn -0.1806044618 0.7407280738 0.6470733723
vn -0.2056939358 0.8880697736 0.4111229523
vn -0.1918700041 0.8470638718 0.4956497741
vn -0.1846113279 0.7108063132 0.6787289906
vn -0.1951778138 0.8053263081 0.5597813488
vn -0.1988929652 0.8424966175 0.5006406275
vn -0.1846113279 0.7108063132 0.6787289906
vn -0.1882306436 0.7452363805 0.6396811409
vn -0.1951778138 0.8053263081 0.5597813488
vn -0.1846113279 0.7108063132 0.6787289906
vn -0.1988929652 0.8424966175 0.5006406275
vn -0.2057966476 0.9033893719 0.3762118853
vn -0.1988929652 0.8424966175 0.5006406275
vn -0.1951778138 0.8053263081 0.5597813488
vn -0.1979493133 0.8325380024 0.517393993
vn -0.2178048529 0.9193715598 0.327592706
vn -0.1988929478 0.8424965873 0.5006406853
vn -0.1989841415 0.8427013874 0.5002596157
vn -0.1846113042 0.7108063896 0.6787289171
vn -0.1789500977 0.7060778096 0.6851503407
vn -0.1882306126 0.7452364711 0.6396810444
vn -0.1846113112 0.7108064621 0.6787288392
vn -0.1770598564 0.7165515474 0.6746878442
vn -0.1789501104 0.7060779431 0.6851501997
vn -0.18461134 0.7108064736 0.6787288193
vn -0.2057966548 0.9033892073 0.3762122766
vn -0.2083428058 0.8083125125 0.5506579313
vn -0.4008190381 4.243579179e-06 0.9161572456
vn -0.4008190381 4.243579179e-06 0.9161572456
vn -0.4008190381 4.243579179e-06 0.9161572456
vn -0.2178048529 0.9193715598 0.327592706
vn -0.205796617 0.9033893427 0.376211972
vn -0.1988929478 0.8424965873 0.5006406853
vn -0.4008204478 4.525448326e-06 0.9161566289
vn -0.4008204478 4.525448326e-06 0.9161566289
vn -0.4008204478 4.525448326e-06 0.9161566289
vn -0.2178048787 0.9193714766 0.3275929225
vn -0.2456675751 0.947393517 0.2051657049
vn -0.2057966413 0.9033892386 0.3762122088
vn -0.1846113106 0.7108064855 0.6787288149
vn -0.1806044445 0.7407280385 0.6470734175
vn -0.1770598564 0.7165515503 0.6746878412
vn -0.1806044445 0.7407280385 0.6470734175
vn -0.1673911897 0.7444446908 0.6463608063
vn -0.1770598564 0.7165515503 0.6746878412
vn -0.1806044474 0.7407280443 0.64707341
vn -0.1831263883 0.7929560857 0.5811070228
vn -0.1673911855 0.7444446746 0.6463608261
vn -0.1806044618 0.7407280738 0.6470733723
vn -0.1918700041 0.8470638718 0.4956497741
vn -0.1831263209 0.7929559546 0.5811072231
vn -0.1846113276 0.710806487 0.6787288087
vn -0.2070952484 0.719219308 0.6632006823
vn -0.180604452 0.740728039 0.6470734148
vn -0.180604448 0.7407280231 0.6470734342
vn -0.2070952301 0.7192192402 0.6632007616
vn -0.2056939057 0.8880696713 0.4111231885
vn -0.2057966985 0.9033891837 0.3762123093
vn -0.2456675733 0.947393518 0.2051657022
vn -0.2083428434 0.8083124843 0.5506579585
vn -0.4008141484 0 0.9161593849
vn -0.4008141484 0 0.9161593849
vn -0.4008141484 0 0.9161593849
vn -0.2456675733 0.947393518 0.2051657022
vn -0.2502790402 0.9494068687 0.1897023975
vn -0.2083428434 0.8083124843 0.5506579585
vn -0.1846113293 0.7108063935 0.6787289062
vn -0.2083428146 0.8083125919 0.5506578115
vn -0.2070952507 0.7192191949 0.6632008043
vn -0.4008191174 0 0.9161572109
vn -0.4008191174 0 0.9161572109
vn -0.4008191174 0 0.9161572109
vn -0.2654176507 0.9449951021 0.191148444
vn -0.09536799557 0.972699365 0.2115676977
vn -0.2671970757 0.8094858552 0.5228177244
vn -0.2671970202 0.8094861577 0.5228172843
vn -0.01121259015 0.9543566007 0.2984589697
vn -0.08345912784 0.7796473575 0.6206323967
vn -0.08344843568 0.9940668974 -0.06976648234
vn -0.08701263107 0.9936371102 -0.07151290264
vn -0.08388809925 0.9940151785 -0.06997579395
vn -0.08876852193 0.993277413 -0.0742975791
vn -0.08701263107 0.9936371102 -0.07151290264
vn -0.08344843568 0.9940668974 -0.06976648234
vn -0.08876851963 0.9932774125 -0.07429758877
vn -0.08344843451 0.9940668971 -0.06976648763
vn -0.07838104619 0.9969045178 0.006147687074
vn -0.08876853586 0.9932774095 -0.07429761016
vn -0.07936372147 0.9953480209 0.05462341101
vn -0.05400539355 0.9984949465 -0.009552970261
vn -0.2056939358 0.8880697736 0.4111229523
vn -0.1955073262 0.8703516936 0.4519566514
vn -0.1918700041 0.8470638718 0.4956497741
vn -0.20569385 0.8880697254 0.4111230995
vn -0.1783350827 0.8962989582 0.4060108074
vn -0.1955073054 0.8703516812 0.4519566845
vn -0.2056938526 0.8880697214 0.4111231068
vn -0.1514040559 0.9336836202 0.3245176561
vn -0.1783350843 0.8962989564 0.4060108108
vn -0.2056938526 0.8880697214 0.4111231068
vn -0.1504983134 0.9496516164 0.2747945872
vn -0.1514040559 0.9336836202 0.3245176561
vn -0.1504983088 0.9496516111 0.274794608
vn -0.1096505435 0.9711661559 0.2116909445
vn -0.1179759936 0.963473886 0.2404157564
vn -0.1504983074 0.9496516096 0.274794614
vn -0.1349458664 0.9455506493 0.296181672
vn -0.1514040489 0.9336836075 0.3245176961
vn -0.1504983088 0.9496516111 0.274794608
vn -0.1179759936 0.963473886 0.2404157564
vn -0.134945866 0.9455506461 0.2961816823
vn -0.1504983088 0.9496516111 0.274794608
vn -0.08716473012 0.9876994042 0.1298160108
vn -0.1096505435 0.9711661559 0.2116909445
vn -0.1504983088 0.9496516111 0.274794608
vn -0.07936354588 0.9953480258 0.05462357584
vn -0.08716473012 0.9876994042 0.1298160108
vn -0.2056938291 0.8880696868 0.4111231933
vn -0.2534339268 0.9482393184 0.1913463871
vn -0.1504983089 0.9496516112 0.2747946077
vn -0.08876851963 0.9932774125 -0.07429758877
vn -0.07838104619 0.9969045178 0.006147687074
vn -0.07936362463 0.9953480217 0.05462353607
vn -0.07936362463 0.9953480217 0.05462353607
vn -0.07838104619 0.9969045178 0.006147687074
vn -0.07564739467 0.9960856774 0.04572521127
vn -0.07936366019 0.9953480213 0.05462349315
vn -0.07564739552 0.9960856774 0.04572521024
vn -0.07794804252 0.9954588054 0.05464310935
vn -0.07936354588 0.9953480258 0.05462357584
vn -0.07801810822 0.9922960073 0.09623829159
vn -0.08716473012 0.9876994042 0.1298160108
vn -0.07936366179 0.9953480233 0.05462345309
vn -0.07794804499 0.9954588096 0.05464302953
vn -0.078018287 0.9922960117 0.09623810108
vn -0.1504983241 0.9496516096 0.2747946047
vn -0.1170237808 0.9928165625 -0.02491401205
vn -0.07936362295 0.9953480201 0.05462356897
vn -0.2056939901 0.8880697153 0.4111230511
vn -0.2070953238 0.7192193157 0.6632006505
vn -0.1806659443 0.8619919646 0.4736345316
vn -0.2056939795 0.888069712 0.4111230636
vn -0.1806659257 0.8619919603 0.4736345465
vn -0.2534340948 0.9482393063 0.1913462243
vn -0.07936362625 0.9953480181 0.05462359975
vn -0.1170237794 0.9928165624 -0.02491402226
vn -0.05400542245 0.9984949444 -0.009553028289
vn -0.1504983116 0.9496516087 0.2747946147
vn -0.2534339367 0.9482393108 0.1913464115
vn -0.1170238175 0.9928165576 -0.02491403203
vn -0.4008160748 0 0.9161585421
vn -0.4008160748 0 0.9161585421
vn -0.4008160748 0 0.9161585421
vn -0.2671970602 0.8094861075 0.5228173417
vn -0.0953679974 0.9726993589 0.2115677252
vn -0.01121260054 0.954356594 0.2984589906
vn -0.01121260054 0.954356594 0.2984589906
vn -0.0953679974 0.9726993589 0.2115677252
vn -0.04069002528 0.9858302758 0.1627359492
vn -0.01121260253 0.9543565932 0.2984589932
vn -0.04069025008 0.9858302177 0.1627362448
vn -0.01832408481 0.9794340274 0.2009308682
vn -0.400819152 0 0.9161571958
vn -0.400819152 0 0.9161571958
vn -0.400819152 0 0.9161571958
vn -0.01121260855 0.9543565927 0.2984589945
vn -0.01229868539 0.8110533302 0.5848429173
vn -0.08345878984 0.7796475956 0.6206321431
vn -0.08345878161 0.7796474897 0.6206322773
vn -0.01229868131 0.8110532607 0.5848430137
vn -0.03614289679 0.8997631133 0.4348793292
vn -0.01121260799 0.9543566003 0.2984589702
vn -0.01832408853 0.9794340307 0.200930852
vn -0.01057077948 0.9812369274 0.1925158459
vn -0.01121260575 0.9543565896 0.2984590043
vn -0.01057077862 0.9812369248 0.192515859
vn 0.02210462786 0.8424363625 0.5383422337
vn -0.4008201092 0 0.916156777
vn -0.4008201092 0 0.916156777
vn -0.4008201092 0 0.916156777
vn -0.01057077948 0.9812369274 0.1925158459
vn -0.01832408853 0.9794340307 0.200930852
vn -0.01813063128 0.9873701189 0.1573897347
vn -0.4008167749 0 0.9161582357
vn -0.4008167749 0 0.9161582357
vn -0.4008167749 0 0.9161582357
vn -0.01057078261 0.9812369267 0.1925158492
vn -0.01813062047 0.9873701206 0.1573897248
vn -0.02192656409 0.9930663984 0.1154917925
vn -0.01121260913 0.9543565926 0.2984589947
vn 0.02210461215 0.8424363688 0.5383422245
vn -0.01229865982 0.8110533395 0.5848429049
vn -0.01229864899 0.8110532825 0.5848429843
vn 0.02210461855 0.8424363373 0.5383422735
vn -0.02273832832 0.8450289488 0.5342368802
vn -0.08345862196 0.7796475205 0.6206322601
vn -0.03614287794 0.8997631156 0.4348793261
vn 0.05456216283 0.8822252501 0.4676554057
vn 0.05456215282 0.8822253 0.4676553128
vn -0.00920096691 0.9570569578 0.2897538985
vn 0.05880186722 0.9595195024 0.2754354097
vn 0.05456219125 0.8822252565 0.4676553902
vn -0.03614287307 0.8997631165 0.4348793245
vn -0.009200968503 0.9570569587 0.2897538955
vn -0.1139517218 0.9920419948 -0.05355077633
vn -0.007684371636 0.9995207182 -0.02998806912
vn -0.06301856228 0.9940884467 -0.08841278691
vn -0.06301849952 0.9940884566 -0.08841272048
vn 0.05880178435 0.9595195353 0.2754353127
vn -0.0715730281 0.9973896504 -0.009549180013
vn -0.113951769 0.9920419866 -0.05355082738
vn -0.06301849941 0.9940884568 -0.0884127189
vn -0.07157302654 0.9973896506 -0.009549173476
vn 0.05880186932 0.9595195042 0.2754354029
vn -0.009200967129 0.9570569575 0.2897538994
vn -0.07157302757 0.9973896505 -0.009549178205
vn -0.03614287966 0.8997631199 0.434879317
vn -0.06540630796 0.9523407392 0.2979414896
vn -0.00920096605 0.9570569577 0.2897538988
vn -0.0361428864 0.8997631235 0.434879309
vn -0.0227383283 0.8450289434 0.5342368888
vn -0.06540625211 0.9523407223 0.2979415562
vn -0.1139517553 0.99204199 -0.05355079407
vn -0.07157302679 0.9973896506 -0.009549174193
vn -0.1518995688 0.9877911466 -0.03457125406
vn -0.07157302665 0.9973896506 -0.009549177547
vn -0.009200963817 0.9570569565 0.289753903
vn -0.0846573273 0.9941852406 0.06654956295
vn -0.01229864164 0.8110533227 0.5848429286
vn -0.02273832871 0.8450289442 0.5342368875
vn -0.03614288707 0.8997631245 0.4348793068
vn -0.05410525203 -0.8651329077 -0.4986157576
vn -0.07267463541 -0.8592314325 -0.5063987981
vn -0.05726424034 -0.9711915551 -0.2313174659
vn -0.07267464281 -0.8592314319 -0.5063987981
vn -0.07180673695 -0.8662783523 -0.4943739565
vn -0.08843519059 -0.9468230593 -0.3093627505
vn -0.05726425068 -0.97119154 -0.231317527
vn -0.08843517839 -0.946823069 -0.3093627245
vn -0.07386733347 -0.9971049392 0.01803766474
vn -0.07386734694 -0.9971049384 0.01803765007
vn -0.08843517368 -0.9468230702 -0.3093627222
vn -0.1195214039 -0.9913837039 -0.05360023938
vn -0.1139517579 -0.9920419896 -0.05355079648
vn -0.1195214109 -0.9913836988 -0.05360031863
vn -0.1518995714 -0.9877911462 -0.03457125416
vn -0.05726424956 -0.9711915378 -0.2313175364
vn -0.07267463041 -0.8592314553 -0.5063987602
vn -0.08843518 -0.9468230717 -0.3093627157
vn -0.08843519067 -0.9468230641 -0.3093627359
vn -0.08080004155 -0.934896577 -0.345600555
vn -0.1195214511 -0.9913836958 -0.05360028315
vn -0.1195214582 -0.9913836969 -0.05360024779
vn -0.1054230051 -0.9881124957 -0.1118914018
vn -0.1518995476 -0.9877911486 -0.03457128991
vn -0.1518995061 -0.9877911569 -0.0345712367
vn -0.1054229305 -0.9881125145 -0.1118913065
vn -0.05622148883 -0.9982746671 0.0169361485
vn -0.05410517954 -0.8651329521 -0.4986156883
vn 0.03413914467 -0.9556813001 -0.2924171189
vn -0.04281001346 -0.9571306353 -0.2864755657
vn -0.05410524852 -0.8651329526 -0.49861568
vn -0.04280994402 -0.9571306359 -0.2864755741
vn -0.0726746332 -0.8592314612 -0.5063987498
vn -0.009038551383 -0.9999271559 -0.007999214544
vn -0.00851492035 -0.99996237 -0.001659733858
vn 0.03413926441 -0.9556813201 -0.2924170395
vn -0.008514962669 -0.9999623699 -0.00165956668
vn 0.02601226972 -0.9986404886 0.04517229664
vn 0.03413929152 -0.9556812858 -0.2924171486
vn 0.03413914054 -0.9556812753 -0.2924172004
vn 0.02601210953 -0.9986404956 0.04517223465
vn -0.04281001574 -0.9571306132 -0.2864756392
vn -0.2763065402 0 -0.9610695583
vn -0.2763065402 0 -0.9610695583
vn -0.2763065402 0 -0.9610695583
vn 0.02601210953 -0.9986404956 0.04517223465
vn 0.01802078451 -0.9987508718 0.0466041574
vn -0.04281001574 -0.9571306132 -0.2864756392
vn -0.2763093613 0 -0.9610687472
vn -0.2763093613 0 -0.9610687472
vn -0.2763093613 0 -0.9610687472
vn 0.01802084611 -0.9987508693 0.04660418542
vn 0.01766079 -0.9985240216 0.0513602444
vn -0.04280994818 -0.9571306251 -0.2864756095
vn -0.2763127885 0 -0.9610677619
vn -0.2763127885 0 -0.9610677619
vn -0.2763127885 0 -0.9610677619
vn -0.07180674571 -0.8662783853 -0.4943738974
vn -0.0808000378 -0.9348965721 -0.3456005691
vn -0.08843519368 -0.9468230675 -0.3093627244
vn -0.07180667554 -0.866278373 -0.4943739292
vn -0.08262599017 -0.9326379288 -0.3512256247
vn -0.08080009061 -0.9348965775 -0.3456005422
vn -0.07180667554 -0.866278373 -0.4943739292
vn -0.07832541387 -0.8696899956 -0.4873442737
vn -0.08262599017 -0.9326379288 -0.3512256247
vn -0.07180667554 -0.866278373 -0.4943739292
vn -0.07811816595 -0.8652551258 -0.4952081576
vn -0.07832541387 -0.8696899956 -0.4873442737
vn -0.07180667311 -0.8662783873 -0.4943739044
vn -0.07252270422 -0.8832041603 -0.46334746
vn -0.07811815964 -0.8652551636 -0.4952080927
vn -0.1195214593 -0.9913836966 -0.05360025113
vn -0.08080003325 -0.9348965683 -0.3456005804
vn -0.1054230032 -0.9881124972 -0.1118913908
vn -0.08775475876 -0.950814747 -0.2970697211
vn -0.106328508 -0.9879825289 -0.1121818653
vn -0.105957936 -0.9875424622 -0.1163305687
vn -0.08080008814 -0.9348965709 -0.3456005606
vn -0.105957936 -0.9875424622 -0.1163305687
vn -0.1054230625 -0.9881124938 -0.1118913645
vn 0.9852306415 0.09134488864 0.1448333328
vn 0.9852306415 0.09134488864 0.1448333328
vn 0.9852306415 0.09134488864 0.1448333328
vn -0.08080008814 -0.9348965709 -0.3456005606
vn -0.08775475876 -0.950814747 -0.2970697211
vn -0.105957936 -0.9875424622 -0.1163305687
vn -0.08080008814 -0.9348965709 -0.3456005606
vn -0.08258179573 -0.9342588881 -0.3469013938
vn -0.08455132531 -0.9414599864 -0.3263497624
vn -0.0808000841 -0.9348965647 -0.3456005782
vn -0.0826259853 -0.9326379187 -0.3512256528
vn -0.08258179295 -0.934258884 -0.3469014055
vn -0.08080008814 -0.9348965709 -0.3456005606
vn -0.08519262162 -0.9435079256 -0.3202108859
vn -0.08775475876 -0.950814747 -0.2970697211
vn -0.08080008814 -0.9348965709 -0.3456005606
vn -0.08455132531 -0.9414599864 -0.3263497624
vn -0.08519262162 -0.9435079256 -0.3202108859
vn 0.9884996348 0.0421209452 0.145238762
vn 0.9884996348 0.0421209452 0.145238762
vn 0.9884996348 0.0421209452 0.145238762
vn -0.0562215088 -0.9982746661 0.01693614421
vn -0.05700986527 -0.9982520512 0.015579394
vn -0.05586963141 -0.998284616 0.017504561
vn 0.9929344483 0.09136084619 0.07572566994
vn 0.9929344483 0.09136084619 0.07572566994
vn 0.9929344483 0.09136084619 0.07572566994
vn 0.9852306036 0.09134682231 0.1448323712
vn 0.9852306036 0.09134682231 0.1448323712
vn 0.9852306036 0.09134682231 0.1448323712
vn -0.1054230162 -0.9881125043 -0.111891316
vn -0.1059579332 -0.9875424628 -0.1163305658
vn -0.1054673748 -0.9881766269 -0.1112815662
vn -0.1054230143 -0.9881125046 -0.1118913146
vn -0.1054673747 -0.988176627 -0.1112815647
vn -0.09275430002 -0.9926105448 -0.07823647557
vn -0.1054230143 -0.9881125046 -0.1118913146
vn -0.09275430002 -0.9926105448 -0.07823647557
vn -0.08393554276 -0.9949408581 -0.05520428901
vn -0.1054230143 -0.9881125046 -0.1118913146
vn -0.08393554276 -0.9949408581 -0.05520428901
vn -0.05622151471 -0.9982746657 0.01693614593
vn 0.9871226177 0.1086722854 0.1173851436
vn 0.9871226177 0.1086722854 0.1173851436
vn 0.9871226177 0.1086722854 0.1173851436
vn 0.9929355195 0.09135119448 0.0757232689
vn 0.9929355195 0.09135119448 0.0757232689
vn 0.9929355195 0.09135119448 0.0757232689
vn -0.08393554276 -0.9949408581 -0.05520428901
vn -0.05700989353 -0.9982520494 0.01557940492
vn -0.05622151471 -0.9982746657 0.01693614593
vn 0.984771134 0.02482405202 0.1720743446
vn 0.984771134 0.02482405202 0.1720743446
vn 0.984771134 0.02482405202 0.1720743446
vn 0.9759687546 0.04184206567 0.2138556328
vn 0.9759687546 0.04184206567 0.2138556328
vn 0.9759687546 0.04184206567 0.2138556328
vn 0.9759621272 0.04185156125 0.2138840179
vn 0.9759621272 0.04185156125 0.2138840179
vn 0.9759621272 0.04185156125 0.2138840179
vn 0.9885002561 0.04210703309 0.1452385676
vn 0.9885002561 0.04210703309 0.1452385676
vn 0.9885002561 0.04210703309 0.1452385676
vn 0.9962249004 0.04203548547 0.07595370837
vn 0.9962249004 0.04203548547 0.07595370837
vn 0.9962249004 0.04203548547 0.07595370837
vn -0.07267463742 -0.8592314551 -0.5063987595
vn -0.04280993456 -0.9571306434 -0.2864755503
vn -0.04976415613 -0.9651854952 -0.2567888015
vn -0.07267464274 -0.8592314544 -0.50639876
vn -0.04976416748 -0.9651854948 -0.2567888008
vn -0.07180673692 -0.8662783707 -0.4943739243
vn 0.01766079 -0.9985240216 0.0513602444
vn -0.04976414141 -0.9651855134 -0.256788736
vn -0.04280994818 -0.9571306251 -0.2864756095
vn -0.2763072339 0 -0.9610693588
vn -0.2763072339 0 -0.9610693588
vn -0.2763072339 0 -0.9610693588
vn 0.01766079146 -0.998524022 0.05136023755
vn 0.03629874801 -0.9990907964 0.02236026438
vn -0.04976415433 -0.9651855239 -0.2567886942
vn -0.071806708 -0.8662783765 -0.4943739184
vn -0.04976414334 -0.9651854972 -0.2567887965
vn -0.07252273602 -0.8832041503 -0.4633474739
vn 0.9759666538 0.04184549935 0.2138645477
vn 0.9759666538 0.04184549935 0.2138645477
vn 0.9759666538 0.04184549935 0.2138645477
vn -0.06249182397 -0.9400069761 -0.335382851
vn -0.07252273602 -0.8832041503 -0.4633474739
vn -0.04976414334 -0.9651854972 -0.2567887965
vn 0.9705175024 0.02484418679 0.239746833
vn 0.9705175024 0.02484418679 0.239746833
vn 0.9705175024 0.02484418679 0.239746833
vn 0.9705154521 0.02483741106 0.2397558346
vn 0.9705154521 0.02483741106 0.2397558346
vn 0.9705154521 0.02483741106 0.2397558346
vn 0.03629887028 -0.9990907925 0.02236023909
vn -0.03490535211 -0.9893704311 -0.1411657408
vn -0.04976408175 -0.9651855233 -0.2567887103
vn -0.03490546088 -0.989370407 -0.1411658831
vn -0.05575650856 -0.9665509414 -0.2503407466
vn -0.04976412858 -0.9651855052 -0.2567887694
vn -0.04976414334 -0.9651854972 -0.2567887965
vn -0.05575653838 -0.9665509252 -0.2503408026
vn -0.0558440024 -0.9662512102 -0.2514757368
vn -0.06249182397 -0.9400069761 -0.335382851
vn -0.04976414334 -0.9651854972 -0.2567887965
vn -0.0558440024 -0.9662512102 -0.2514757368
vn 0.9583514654 0.0423303061 0.2824369204
vn 0.9583514654 0.0423303061 0.2824369204
vn 0.9583514654 0.0423303061 0.2824369204
vn -0.276307112 0 -0.9610693939
vn -0.276307112 0 -0.9610693939
vn -0.276307112 0 -0.9610693939
vn 0.03629887028 -0.9990907925 0.02236023909
vn 0.003335765101 -0.9999282727 0.01150313872
vn -0.03490535211 -0.9893704311 -0.1411657408
vn 0.95161219 0.02501374466 0.3062818187
vn 0.95161219 0.02501374466 0.3062818187
vn 0.95161219 0.02501374466 0.3062818187
vn 0.9516118542 0.02501576609 0.3062826969
vn 0.9516118542 0.02501576609 0.3062826969
vn 0.9516118542 0.02501576609 0.3062826969
vn 0.9515935504 0.02496922414 0.3063433574
vn 0.9515935504 0.02496922414 0.3063433574
vn 0.9515935504 0.02496922414 0.3063433574
vn 0.9516125186 0.0250170084 0.3062805311
vn 0.9516125186 0.0250170084 0.3062805311
vn 0.9516125186 0.0250170084 0.3062805311
vn 0.9705161167 0.02484044011 0.2397528306
vn 0.9705161167 0.02484044011 0.2397528306
vn 0.9705161167 0.02484044011 0.2397528306
vn 0.9705159258 0.02483716438 0.2397539426
vn 0.9705159258 0.02483716438 0.2397539426
vn 0.9705159258 0.02483716438 0.2397539426
vn 0.9847706567 0.02482515114 0.1720769176
vn 0.9847706567 0.02482515114 0.1720769176
vn 0.9847706567 0.02482515114 0.1720769176
vn 0.994312453 0.02478575899 0.1035780475
vn 0.994312453 0.02478575899 0.1035780475
vn 0.994312453 0.02478575899 0.1035780475
vn -0.1518995582 -0.9877911493 -0.0345712249
vn -0.08465732404 -0.9941852403 0.06654957132
vn -0.07157302695 -0.9973896506 -0.009549174554
vn -0.009200966406 -0.9570569578 0.2897538987
vn -0.08465727465 -0.9941852384 0.06654966332
vn -0.06540631094 -0.9523407412 0.2979414828
vn -0.02425402802 -0.8462038343 0.5323070664
vn -0.06540621621 -0.9523407329 0.29794153
vn -0.01430634256 -0.9301716226 0.3668461272
vn -0.1518995057 -0.9877911569 -0.03457123739
vn -0.0562214895 -0.9982746671 0.01693614787
vn -0.08465743896 -0.9941852286 0.06654959947
vn -0.08465738252 -0.9941852331 0.06654960465
vn -0.0441329542 -0.9919589207 0.1186161119
vn -0.06540622286 -0.9523407333 0.2979415273
vn -0.0562215035 -0.9982746663 0.0169361471
vn -0.04413295398 -0.9919589199 0.1186161184
vn -0.08465738232 -0.9941852332 0.06654960279
vn -0.06540621513 -0.9523407322 0.2979415325
vn -0.04413294482 -0.9919589208 0.1186161146
vn -0.01430634431 -0.9301716243 0.3668461228
vn -0.02425403156 -0.8462038355 0.5323070643
vn -0.01430627613 -0.93017161 0.3668461618
vn -0.0549559115 -0.8204385716 0.5690873378
vn -0.02425403032 -0.8462038382 0.5323070602
vn -0.0549559146 -0.8204385657 0.569087346
vn 0.004096614586 -0.8563501902 0.5163792884
vn 0.004096537516 -0.8563501827 0.5163793015
vn 0.01844130592 -0.9964405109 0.08225707514
vn -0.04656690556 -0.9793383005 0.196794351
vn 0.004096586032 -0.8563501621 0.5163793353
vn 0.01702090435 -0.8997856658 0.436000051
vn 0.01844120349 -0.9964405171 0.08225702284
vn -0.04656690516 -0.9793383042 0.1967943325
vn 0.01844131287 -0.9964405258 0.08225689293
vn -0.05185242438 -0.9908345286 0.1247327661
vn -0.400817319 0 0.9161579977
vn -0.400817319 0 0.9161579977
vn -0.400817319 0 0.9161579977
vn -0.05185242438 -0.9908345286 0.1247327661
vn 0.01844131287 -0.9964405258 0.08225689293
vn -0.02500360447 -0.9967514062 0.07656013331
vn 0.01844125275 -0.9964405163 0.08225702157
vn -0.01624903719 -0.9973741022 0.07057527221
vn -0.0250036518 -0.9967513973 0.0765602338
vn 0.004096595865 -0.8563501577 0.5163793424
vn -0.05495591236 -0.8204385701 0.5690873398
vn 0.01702088627 -0.8997856882 0.4360000054
vn -0.05495592617 -0.8204385687 0.5690873406
vn -0.0786305785 -0.895802675 0.4374411955
vn 0.01702080226 -0.8997856852 0.4360000148
vn 0.01702082291 -0.899785653 0.4360000805
vn -0.0711998208 -0.9502627693 0.3032016736
vn 0.01844107024 -0.9964405158 0.08225706931
vn -0.4008196152 7.863870795e-07 0.9161569932
vn -0.4008196152 7.863870795e-07 0.9161569932
vn -0.4008196152 7.863870795e-07 0.9161569932
vn 0.01844122698 -0.9964405291 0.08225687278
vn 0.02218095174 -0.9994031822 -0.02648178213
vn -0.0162490421 -0.9973741041 0.07057524372
vn 0.01844114556 -0.9964405144 0.08225706949
vn -0.027759281 -0.9896730504 0.1406295688
vn 0.02218092076 -0.9994031849 -0.02648170763
vn -0.0162490421 -0.9973741041 0.07057524372
vn 0.02218095174 -0.9994031822 -0.02648178213
vn -0.01570118582 -0.9997024042 0.01867018717
vn -0.4008191192 0 0.9161572102
vn -0.4008191192 0 0.9161572102
vn -0.4008191192 0 0.9161572102
vn -0.05622150837 -0.9982746661 0.01693614396
vn -0.05586963136 -0.9982846161 0.01750456015
vn -0.04858144104 -0.9960091932 0.07487009212
vn 0.9929689762 0.0908844164 0.07584612874
vn 0.9929689762 0.0908844164 0.07584612874
vn 0.9929689762 0.0908844164 0.07584612874
vn -0.05622150837 -0.9982746661 0.01693614396
vn -0.04858144104 -0.9960091932 0.07487009212
vn -0.04413297297 -0.9919589206 0.1186161058
vn 0.9929354166 0.09134874169 0.0757275764
vn 0.9929354166 0.09134874169 0.0757275764
vn 0.9929354166 0.09134874169 0.0757275764
vn 0.9927766829 0.1127029701 0.04113998602
vn 0.9927766829 0.1127029701 0.04113998602
vn 0.9927766829 0.1127029701 0.04113998602
vn -0.04858144104 -0.9960091932 0.07487009212
vn -0.0458436327 -0.9944084392 0.09513263029
vn -0.04413297297 -0.9919589206 0.1186161058
vn -0.0458436327 -0.9944084392 0.09513263029
vn -0.04324664502 -0.9926206344 0.1132872626
vn -0.04413297297 -0.9919589206 0.1186161058
vn -0.04324665509 -0.9926206359 0.1132872456
vn -0.04263673913 -0.9916520143 0.1216897322
vn -0.04413298058 -0.9919589217 0.1186160933
vn 0.9961565847 0.0875902896 8.050734771e-07
vn 0.9961565847 0.0875902896 8.050734771e-07
vn 0.9961565847 0.0875902896 8.050734771e-07
vn -0.04413298276 -0.9919589233 0.1186160793
vn -0.04263674216 -0.9916520168 0.1216897115
vn -0.02348999995 -0.9605704721 0.2770425742
vn 0.9961571302 0.08758408461 1.144654428e-06
vn 0.9961571302 0.08758408461 1.144654428e-06
vn 0.9961571302 0.08758408461 1.144654428e-06
vn 0.9961567067 0.08758890203 -0
vn 0.9961567067 0.08758890203 -0
vn 0.9961567067 0.08758890203 -0
vn -0.01430631075 -0.9301716127 0.3668461535
vn -0.04413298276 -0.9919589233 0.1186160793
vn -0.02348999995 -0.9605704721 0.2770425742
vn -0.01430631075 -0.9301716127 0.3668461535
vn -0.02348999995 -0.9605704721 0.2770425742
vn -0.01714767058 -0.9452986293 0.3257552132
vn -0.01430627433 -0.9301715958 0.3668461978
vn -0.01714763306 -0.9452986138 0.32575526
vn -0.02103409945 -0.9311820816 0.3639471082
vn -0.01430628301 -0.9301715964 0.3668461961
vn -0.02103411112 -0.9311820822 0.3639471059
vn -0.03621629636 -0.9189491283 0.392709663
vn 0.9989351006 0.0461374559 0
vn 0.9989351006 0.0461374559 0
vn 0.9989351006 0.0461374559 0
vn -0.0143062464 -0.9301715716 0.3668462604
vn -0.04576768137 -0.9107949678 0.4103143258
vn -0.05495591554 -0.8204385792 0.5690873265
vn -0.04576768137 -0.9107949678 0.4103143258
vn -0.05582436009 -0.8932841111 0.446012486
vn -0.05495591554 -0.8204385792 0.5690873265
vn -0.01430628301 -0.9301715964 0.3668461961
vn -0.03621629636 -0.9189491283 0.392709663
vn -0.0457677084 -0.9107949878 0.4103142783
vn 0.9989350981 0.04613750847 4.841012869e-07
vn 0.9989350981 0.04613750847 4.841012869e-07
vn 0.9989350981 0.04613750847 4.841012869e-07
vn 0.9989350718 0.0461380799 2.667624659e-06
vn 0.9989350718 0.0461380799 2.667624659e-06
vn 0.9989350718 0.0461380799 2.667624659e-06
vn 0.9989353205 0.04613269304 -9.435340626e-06
vn 0.9989353205 0.04613269304 -9.435340626e-06
vn 0.9989353205 0.04613269304 -9.435340626e-06
vn -0.05582436009 -0.8932841111 0.446012486
vn -0.08547981174 -0.8344130853 0.5444703894
vn -0.05495591554 -0.8204385792 0.5690873265
vn 0.999094857 0.02477357578 0.03457942408
vn 0.999094857 0.02477357578 0.03457942408
vn 0.999094857 0.02477357578 0.03457942408
vn 0.9990950581 0.02478193841 -0.03456762047
vn 0.9990950581 0.02478193841 -0.03456762047
vn 0.9990950581 0.02478193841 -0.03456762047
vn 0.9990948392 0.02477207059 -0.03458101691
vn 0.9990948392 0.02477207059 -0.03458101691
vn 0.9990948392 0.02477207059 -0.03458101691
vn 0.999094857 0.02477357853 -0.03457942202
vn 0.999094857 0.02477357853 -0.03457942202
vn 0.999094857 0.02477357853 -0.03457942202
vn -0.05495591827 -0.8204385689 0.569087341
vn -0.08547982554 -0.8344130349 0.5444704644
vn -0.0809769173 -0.8745883493 0.4780564382
vn 0.9962248161 0.04203586434 -0.07595460447
vn 0.9962248161 0.04203586434 -0.07595460447
vn 0.9962248161 0.04203586434 -0.07595460447
vn -0.05495591827 -0.8204385689 0.569087341
vn -0.0809769173 -0.8745883493 0.4780564382
vn -0.07863063727 -0.8958026724 0.4374411903
vn 0.9962247732 0.04203584088 -0.07595518001
vn 0.9962247732 0.04203584088 -0.07595518001
vn 0.9962247732 0.04203584088 -0.07595518001
vn 0.9943128584 0.02479011875 -0.1035731128
vn 0.9943128584 0.02479011875 -0.1035731128
vn 0.9943128584 0.02479011875 -0.1035731128
vn 0.01702080226 -0.8997856852 0.4360000148
vn -0.0786305785 -0.895802675 0.4374411955
vn -0.06274092258 -0.9243673511 0.3763091506
vn 0.01702082291 -0.899785653 0.4360000805
vn -0.06274095746 -0.9243673918 0.3763090447
vn -0.0711998208 -0.9502627693 0.3032016736
vn 0.9943126032 0.02478527042 -0.1035767232
vn 0.9943126032 0.02478527042 -0.1035767232
vn 0.9943126032 0.02478527042 -0.1035767232
vn 0.9943127329 0.02475342573 -0.1035830925
vn 0.9943127329 0.02475342573 -0.1035830925
vn 0.9943127329 0.02475342573 -0.1035830925
vn 0.9943123329 0.02479062975 -0.103578035
vn 0.9943123329 0.02479062975 -0.103578035
vn 0.9943123329 0.02479062975 -0.103578035
vn 0.01844114556 -0.9964405144 0.08225706949
vn -0.07119980462 -0.9502627699 0.3032016752
vn -0.02832853569 -0.989347431 0.1427905979
vn 0.01844114556 -0.9964405144 0.08225706949
vn -0.02832853569 -0.989347431 0.1427905979
vn -0.027759281 -0.9896730504 0.1406295688
vn -0.01570119699 -0.9997024047 0.01867014701
vn 0.02218095255 -0.9994031823 -0.02648177916
vn 0.003199079001 -0.9999852934 0.004379366086
vn -0.02775928276 -0.9896730491 0.1406295775
vn -0.01333597607 -0.9959991574 0.08836192781
vn 0.0221809193 -0.9994031851 -0.02648170045
vn -0.02824730809 -0.989406675 0.1423956497
vn -0.01333597607 -0.9959991574 0.08836192781
vn -0.02775928276 -0.9896730491 0.1406295775
vn -0.01333597607 -0.9959991574 0.08836192781
vn 0.01660201144 -0.9996393323 -0.02110873243
vn 0.0221809193 -0.9994031851 -0.02648170045
vn 0.9885008933 0.04210410254 -0.1452350803
vn 0.9885008933 0.04210410254 -0.1452350803
vn 0.9885008933 0.04210410254 -0.1452350803
vn 0.9847700588 0.02481703406 -0.1720815103
vn 0.9847700588 0.02481703406 -0.1720815103
vn 0.9847700588 0.02481703406 -0.1720815103
vn 0.9943127244 0.02478342071 -0.1035760019
vn 0.9943127244 0.02478342071 -0.1035760019
vn 0.9943127244 0.02478342071 -0.1035760019
vn 0.02218094078 -0.9994031828 -0.02648177009
vn 0.01660206208 -0.999639328 -0.02110889616
vn 0.003199126997 -0.9999852934 0.00437932907
vn -0.01570119699 -0.9997024047 0.01867014701
vn 0.003199079001 -0.9999852934 0.004379366086
vn 5.050293987e-05 -0.9999624004 0.008671513135
vn 0.9847704359 0.02482727547 -0.1720778745
vn 0.9847704359 0.02482727547 -0.1720778745
vn 0.9847704359 0.02482727547 -0.1720778745
vn -0.4008185676 -4.82735833e-07 0.9161574515
vn -0.4008185676 -4.82735833e-07 0.9161574515
vn -0.4008185676 -4.82735833e-07 0.9161574515
vn 0.984771848 0.02480837355 -0.1720725195
vn 0.984771848 0.02480837355 -0.1720725195
vn 0.984771848 0.02480837355 -0.1720725195
vn 0.984771172 0.02480983997 -0.172076177
vn 0.984771172 0.02480983997 -0.172076177
vn 0.984771172 0.02480983997 -0.172076177
vn -0.2763211672 0 -0.9610653529
vn -0.2763211672 0 -0.9610653529
vn -0.2763211672 0 -0.9610653529
vn -0.009038551383 0.9999271559 -0.007999214544
vn 0.03413926441 0.9556813201 -0.2924170395
vn -0.00851492035 0.99996237 -0.001659733858
vn -0.008514962669 0.9999623699 -0.00165956668
vn 0.03413929152 0.9556812858 -0.2924171486
vn 0.02601226972 0.9986404886 0.04517229664
vn -0.2763065402 0 -0.9610695583
vn -0.2763065402 0 -0.9610695583
vn -0.2763065402 0 -0.9610695583
vn 0.03413914054 0.9556812753 -0.2924172004
vn -0.04281001574 0.9571306132 -0.2864756392
vn 0.02601210953 0.9986404956 0.04517223465
vn 0.03413914467 0.9556813001 -0.2924171189
vn -0.05410517954 0.8651329521 -0.4986156883
vn -0.04281001346 0.9571306353 -0.2864755657
vn -0.05410524852 0.8651329526 -0.49861568
vn -0.0726746332 0.8592314612 -0.5063987498
vn -0.04280994402 0.9571306359 -0.2864755741
vn 0.02601210953 0.9986404956 0.04517223465
vn -0.04281001574 0.9571306132 -0.2864756392
vn 0.01802078451 0.9987508718 0.0466041574
vn -0.2763093613 0 -0.9610687472
vn -0.2763093613 0 -0.9610687472
vn -0.2763093613 0 -0.9610687472
vn -0.2763127885 0 -0.9610677619
vn -0.2763127885 0 -0.9610677619
vn -0.2763127885 0 -0.9610677619
vn 0.01766079 0.9985240216 0.0513602444
vn 0.01802084611 0.9987508693 0.04660418542
vn -0.04280994818 0.9571306251 -0.2864756095
vn -0.05410525203 0.8651329077 -0.4986157576
vn -0.05726424034 0.9711915551 -0.2313174659
vn -0.07267463541 0.8592314325 -0.5063987981
vn -0.07267464281 0.8592314319 -0.5063987981
vn -0.08843519059 0.9468230593 -0.3093627505
vn -0.07180673695 0.8662783523 -0.4943739565
vn -0.05726424956 0.9711915378 -0.2313175364
vn -0.08843518 0.9468230717 -0.3093627157
vn -0.07267463041 0.8592314553 -0.5063987602
vn -0.05726425068 0.97119154 -0.231317527
vn -0.07386733347 0.9971049392 0.01803766474
vn -0.08843517839 0.946823069 -0.3093627245
vn -0.07386734694 0.9971049384 0.01803765007
vn -0.1195214039 0.9913837039 -0.05360023938
vn -0.08843517368 0.9468230702 -0.3093627222
vn -0.1139517579 0.9920419896 -0.05355079648
vn -0.1518995714 0.9877911462 -0.03457125416
vn -0.1195214109 0.9913836988 -0.05360031863
vn -0.08843519067 0.9468230641 -0.3093627359
vn -0.1195214511 0.9913836958 -0.05360028315
vn -0.08080004155 0.934896577 -0.345600555
vn -0.1195214582 0.9913836969 -0.05360024779
vn -0.1518995476 0.9877911486 -0.03457128991
vn -0.1054230051 0.9881124957 -0.1118914018
vn -0.1518995061 0.9877911569 -0.0345712367
vn -0.05622148883 0.9982746671 0.0169361485
vn -0.1054229305 0.9881125145 -0.1118913065
vn 0.01766079 0.9985240216 0.0513602444
vn -0.04280994818 0.9571306251 -0.2864756095
vn -0.04976414141 0.9651855134 -0.256788736
vn -0.2763072339 0 -0.9610693588
vn -0.2763072339 0 -0.9610693588
vn -0.2763072339 0 -0.9610693588
vn 0.01766079146 0.998524022 0.05136023755
vn -0.04976415433 0.9651855239 -0.2567886942
vn 0.03629874801 0.9990907964 0.02236026438
vn -0.04280993456 0.9571306434 -0.2864755503
vn -0.07267463742 0.8592314551 -0.5063987595
vn -0.04976415613 0.9651854952 -0.2567888015
vn -0.04976416748 0.9651854948 -0.2567888008
vn -0.07267464274 0.8592314544 -0.50639876
vn -0.07180673692 0.8662783707 -0.4943739243
vn 0.03629887028 0.9990907925 0.02236023909
vn -0.04976408175 0.9651855233 -0.2567887103
vn -0.03490535211 0.9893704311 -0.1411657408
vn -0.03490546088 0.989370407 -0.1411658831
vn -0.04976412858 0.9651855052 -0.2567887694
vn -0.05575650856 0.9665509414 -0.2503407466
vn -0.04976414334 0.9651854972 -0.2567887965
vn -0.0558440024 0.9662512102 -0.2514757368
vn -0.05575653838 0.9665509252 -0.2503408026
vn 0.9583514654 -0.0423303061 0.2824369204
vn 0.9583514654 -0.0423303061 0.2824369204
vn 0.9583514654 -0.0423303061 0.2824369204
vn -0.04976414334 0.9651854972 -0.2567887965
vn -0.06249182397 0.9400069761 -0.335382851
vn -0.0558440024 0.9662512102 -0.2514757368
vn -0.2763063067 8.387887924e-07 -0.9610696254
vn -0.2763063067 8.387887924e-07 -0.9610696254
vn -0.2763063067 8.387887924e-07 -0.9610696254
vn 0.95161219 -0.02501374466 0.3062818187
vn 0.95161219 -0.02501374466 0.3062818187
vn 0.95161219 -0.02501374466 0.3062818187
vn 0.9516118542 -0.02501576609 0.3062826969
vn 0.9516118542 -0.02501576609 0.3062826969
vn 0.9516118542 -0.02501576609 0.3062826969
vn 0.9515935504 -0.02496922414 0.3063433574
vn 0.9515935504 -0.02496922414 0.3063433574
vn 0.9515935504 -0.02496922414 0.3063433574
vn 0.9516125186 -0.0250170084 0.3062805311
vn 0.9516125186 -0.0250170084 0.3062805311
vn 0.9516125186 -0.0250170084 0.3062805311
vn -0.2763071539 -8.122174124e-07 -0.9610693818
vn -0.2763071539 -8.122174124e-07 -0.9610693818
vn -0.2763071539 -8.122174124e-07 -0.9610693818
vn 0.03629887028 0.9990907925 0.02236023909
vn -0.03490535211 0.9893704311 -0.1411657408
vn 0.003335765101 0.9999282727 0.01150313872
vn 0.9705159258 -0.02483716438 0.2397539426
vn 0.9705159258 -0.02483716438 0.2397539426
vn 0.9705159258 -0.02483716438 0.2397539426
vn 0.9705161167 -0.02484044011 0.2397528306
vn 0.9705161167 -0.02484044011 0.2397528306
vn 0.9705161167 -0.02484044011 0.2397528306
vn -0.04976414334 0.9651854972 -0.2567887965
vn -0.07252273602 0.8832041503 -0.4633474739
vn -0.06249182397 0.9400069761 -0.335382851
vn 0.9705175024 -0.02484418679 0.239746833
vn 0.9705175024 -0.02484418679 0.239746833
vn 0.9705175024 -0.02484418679 0.239746833
vn 0.9705154521 -0.02483741106 0.2397558346
vn 0.9705154521 -0.02483741106 0.2397558346
vn 0.9705154521 -0.02483741106 0.2397558346
vn -0.04976414334 0.9651854972 -0.2567887965
vn -0.071806708 0.8662783765 -0.4943739184
vn -0.07252273602 0.8832041503 -0.4633474739
vn 0.9759666538 -0.04184549935 0.2138645477
vn 0.9759666538 -0.04184549935 0.2138645477
vn 0.9759666538 -0.04184549935 0.2138645477
vn 0.9847706567 -0.02482515114 0.1720769176
vn 0.9847706567 -0.02482515114 0.1720769176
vn 0.9847706567 -0.02482515114 0.1720769176
vn 0.994312453 -0.02478575899 0.1035780475
vn 0.994312453 -0.02478575899 0.1035780475
vn 0.994312453 -0.02478575899 0.1035780475
vn -0.07180674571 0.8662783853 -0.4943738974
vn -0.08843519368 0.9468230675 -0.3093627244
vn -0.0808000378 0.9348965721 -0.3456005691
vn -0.07180667554 0.866278373 -0.4943739292
vn -0.08080009061 0.9348965775 -0.3456005422
vn -0.08262599017 0.9326379288 -0.3512256247
vn -0.07252270422 0.8832041603 -0.46334746
vn -0.07180667311 0.8662783873 -0.4943739044
vn -0.07811815964 0.8652551636 -0.4952080927
vn -0.07180667554 0.866278373 -0.4943739292
vn -0.07832541387 0.8696899956 -0.4873442737
vn -0.07811816595 0.8652551258 -0.4952081576
vn -0.07180667554 0.866278373 -0.4943739292
vn -0.08262599017 0.9326379288 -0.3512256247
vn -0.07832541387 0.8696899956 -0.4873442737
vn 0.9759621272 -0.04185156125 0.2138840179
vn 0.9759621272 -0.04185156125 0.2138840179
vn 0.9759621272 -0.04185156125 0.2138840179
vn 0.9759687546 -0.04184206567 0.2138556328
vn 0.9759687546 -0.04184206567 0.2138556328
vn 0.9759687546 -0.04184206567 0.2138556328
vn 0.984771134 -0.02482405202 0.1720743446
vn 0.984771134 -0.02482405202 0.1720743446
vn 0.984771134 -0.02482405202 0.1720743446
vn 0.9885002561 -0.04210703309 0.1452385676
vn 0.9885002561 -0.04210703309 0.1452385676
vn 0.9885002561 -0.04210703309 0.1452385676
vn 0.9962249004 -0.04203548547 0.07595370837
vn 0.9962249004 -0.04203548547 0.07595370837
vn 0.9962249004 -0.04203548547 0.07595370837
vn -0.1195214593 0.9913836966 -0.05360025113
vn -0.1054230032 0.9881124972 -0.1118913908
vn -0.08080003325 0.9348965683 -0.3456005804
vn -0.0808000841 0.9348965647 -0.3456005782
vn -0.08258179295 0.934258884 -0.3469014055
vn -0.0826259853 0.9326379187 -0.3512256528
vn -0.08080008814 0.9348965709 -0.3456005606
vn -0.08455132531 0.9414599864 -0.3263497624
vn -0.08258179573 0.9342588881 -0.3469013938
vn -0.08080008814 0.9348965709 -0.3456005606
vn -0.08519262162 0.9435079256 -0.3202108859
vn -0.08455132531 0.9414599864 -0.3263497624
vn -0.08080008814 0.9348965709 -0.3456005606
vn -0.08775475876 0.950814747 -0.2970697211
vn -0.08519262162 0.9435079256 -0.3202108859
vn 0.9884996348 -0.0421209452 0.145238762
vn 0.9884996348 -0.0421209452 0.145238762
vn 0.9884996348 -0.0421209452 0.145238762
vn 0.9852306415 -0.09134488864 0.1448333328
vn 0.9852306415 -0.09134488864 0.1448333328
vn 0.9852306415 -0.09134488864 0.1448333328
vn -0.08080008814 0.9348965709 -0.3456005606
vn -0.1054230625 0.9881124938 -0.1118913645
vn -0.105957936 0.9875424622 -0.1163305687
vn -0.08775475876 0.950814747 -0.2970697211
vn -0.105957936 0.9875424622 -0.1163305687
vn -0.106328508 0.9879825289 -0.1121818653
vn -0.08080008814 0.9348965709 -0.3456005606
vn -0.105957936 0.9875424622 -0.1163305687
vn -0.08775475876 0.950814747 -0.2970697211
vn 0.9929344483 -0.09136084619 0.07572566994
vn 0.9929344483 -0.09136084619 0.07572566994
vn 0.9929344483 -0.09136084619 0.07572566994
vn -0.0562215088 0.9982746661 0.01693614421
vn -0.05586963141 0.998284616 0.017504561
vn -0.05700986527 0.9982520512 0.015579394
vn 0.9852306036 -0.09134682231 0.1448323712
vn 0.9852306036 -0.09134682231 0.1448323712
vn 0.9852306036 -0.09134682231 0.1448323712
vn -0.1054230162 0.9881125043 -0.111891316
vn -0.1054673748 0.9881766269 -0.1112815662
vn -0.1059579332 0.9875424628 -0.1163305658
vn -0.1054230143 0.9881125046 -0.1118913146
vn -0.09275430002 0.9926105448 -0.07823647557
vn -0.1054673747 0.988176627 -0.1112815647
vn 0.9871226177 -0.1086722854 0.1173851436
vn 0.9871226177 -0.1086722854 0.1173851436
vn 0.9871226177 -0.1086722854 0.1173851436
vn -0.1054230143 0.9881125046 -0.1118913146
vn -0.08393554276 0.9949408581 -0.05520428901
vn -0.09275430002 0.9926105448 -0.07823647557
vn -0.1054230143 0.9881125046 -0.1118913146
vn -0.05622151471 0.9982746657 0.01693614593
vn -0.08393554276 0.9949408581 -0.05520428901
vn 0.9929355195 -0.09135119448 0.0757232689
vn 0.9929355195 -0.09135119448 0.0757232689
vn 0.9929355195 -0.09135119448 0.0757232689
vn -0.08393554276 0.9949408581 -0.05520428901
vn -0.05622151471 0.9982746657 0.01693614593
vn -0.05700989353 0.9982520494 0.01557940492
vn -0.01057079278 0.9812369276 0.192515844
vn -0.02232681652 0.9062621112 0.4221261648
vn 0.02210465868 0.8424363398 0.5383422679
vn -0.01057078345 0.9812369245 0.1925158606
vn -0.02025440167 0.9962122562 0.0845629936
vn -0.02232680255 0.906262098 0.4221261939
vn -0.4008192456 3.192172412e-06 0.9161571548
vn -0.4008192456 3.192172412e-06 0.9161571548
vn -0.4008192456 3.192172412e-06 0.9161571548
vn -0.01057078261 0.9812369267 0.1925158492
vn -0.02192656409 0.9930663984 0.1154917925
vn -0.02025439186 0.9962122672 0.08456286621
vn -0.02192657792 0.9930663968 0.1154918036
vn -0.04137756775 0.9972562175 0.06138349501
vn -0.02025440576 0.9962122659 0.08456287731
vn -0.02025433383 0.996212266 0.08456289406
vn -0.04137751158 0.9972562191 0.06138350807
vn -0.02968247067 0.9991907728 0.02714314831
vn -0.400819895 0 0.9161568707
vn -0.400819895 0 0.9161568707
vn -0.400819895 0 0.9161568707
vn 0.02210467015 0.8424363134 0.5383423087
vn -0.02232684157 0.9062621628 0.4221260529
vn -0.02273833001 0.8450289495 0.534236879
vn -0.02025433383 0.996212266 0.08456289406
vn -0.02968247067 0.9991907728 0.02714314831
vn 0.01089757686 0.9999405689 -0.0003186241939
vn -0.4008189023 -1.887957713e-06 0.916157305
vn -0.4008189023 -1.887957713e-06 0.916157305
vn -0.4008189023 -1.887957713e-06 0.916157305
vn -0.02232677354 0.906262091 0.4221262106
vn -0.02025435415 0.9962122547 0.0845630218
vn 0.01089756939 0.999940569 -0.0003185751476
vn -0.02968247085 0.9991907727 0.02714315046
vn -0.01437312374 0.9992209226 0.0367554237
vn 0.01089757744 0.9999405689 -0.0003186415293
vn -0.02273832982 0.8450289489 0.53423688
vn -0.0223268125 0.9062620986 0.4221261921
vn -0.04222595326 0.8283878338 0.5585611566
vn -0.02232686053 0.9062621222 0.422126139
vn -0.08501766789 0.8771554275 0.4726207275
vn -0.0422259613 0.8283878388 0.5585611486
vn -0.02273832729 0.8450289437 0.5342368883
vn -0.002059660654 0.9238331173 0.3827899282
vn -0.06540620569 0.9523407292 0.2979415444
vn -0.1518995582 0.9877911493 -0.0345712249
vn -0.07157302695 0.9973896506 -0.009549174554
vn -0.08465732404 0.9941852403 0.06654957132
vn -0.009200966406 0.9570569578 0.2897538987
vn -0.06540631094 0.9523407412 0.2979414828
vn -0.08465727465 0.9941852384 0.06654966332
vn -0.02273833088 0.8450289456 0.5342368851
vn -0.04222595076 0.8283878427 0.5585611436
vn -0.002059593823 0.9238330938 0.3827899854
vn -0.1518995057 0.9877911569 -0.03457123739
vn -0.08465743896 0.9941852286 0.06654959947
vn -0.0562214895 0.9982746671 0.01693614787
vn -0.08465738252 0.9941852331 0.06654960465
vn -0.06540622286 0.9523407333 0.2979415273
vn -0.0441329542 0.9919589207 0.1186161119
vn -0.0562215035 0.9982746663 0.0169361471
vn -0.08465738232 0.9941852332 0.06654960279
vn -0.04413295398 0.9919589199 0.1186161184
vn -0.06540620546 0.9523407287 0.2979415457
vn -0.002059661438 0.9238331186 0.3827899251
vn -0.04413293331 0.9919589194 0.1186161304
vn 0.9990948719 -0.02477297746 -0.03457942254
vn 0.9990948719 -0.02477297746 -0.03457942254
vn 0.9990948719 -0.02477297746 -0.03457942254
vn 0.999094857 -0.02477357578 0.03457942408
vn 0.999094857 -0.02477357578 0.03457942408
vn 0.999094857 -0.02477357578 0.03457942408
vn 0.9990948649 -0.02477306513 -0.03457956397
vn 0.9990948649 -0.02477306513 -0.03457956397
vn 0.9990948649 -0.02477306513 -0.03457956397
vn -0.02232684202 0.906262106 0.4221261748
vn -0.02223643027 0.988645221 0.1486141584
vn -0.05303968582 0.9320998644 0.3582968524
vn 0.9943126306 -0.02477855681 -0.103578066
vn 0.9943126306 -0.02477855681 -0.103578066
vn 0.9943126306 -0.02477855681 -0.103578066
vn 0.9943125863 -0.02478938341 -0.1035759005
vn 0.9943125863 -0.02478938341 -0.1035759005
vn 0.9943125863 -0.02478938341 -0.1035759005
vn 0.9961142319 -0.04069940902 -0.07810246605
vn 0.9961142319 -0.04069940902 -0.07810246605
vn 0.9961142319 -0.04069940902 -0.07810246605
vn -0.02232683936 0.9062621268 0.4221261302
vn -0.05303968819 0.9320998371 0.3582969232
vn -0.08497064994 0.877246026 0.4724610021
vn -0.02232684202 0.906262106 0.4221261748
vn 0.01089755419 0.9999405691 -0.000318580872
vn -0.02223643027 0.988645221 0.1486141584
vn -0.400818834 0 0.9161573349
vn -0.400818834 0 0.9161573349
vn -0.400818834 0 0.9161573349
vn -0.01437311733 0.9992209225 0.03675542791
vn -0.007753969351 0.9991579312 0.04029025177
vn 0.01089757695 0.9999405689 -0.0003186418655
vn 0.9943119449 -0.02479218761 -0.1035813862
vn 0.9943119449 -0.02479218761 -0.1035813862
vn 0.9943119449 -0.02479218761 -0.1035813862
vn 0.988517073 -0.04206895998 -0.1451351058
vn 0.988517073 -0.04206895998 -0.1451351058
vn 0.988517073 -0.04206895998 -0.1451351058
vn 0.9885014875 -0.04210533415 -0.1452306788
vn 0.9885014875 -0.04210533415 -0.1452306788
vn 0.9885014875 -0.04210533415 -0.1452306788
vn -0.02223643027 0.988645221 0.1486141584
vn 0.01089755419 0.9999405691 -0.000318580872
vn -0.02195408023 0.9889512991 0.1466060923
vn -0.02195407942 0.9889512983 0.1466060982
vn 0.01089755491 0.9999405691 -0.0003185762
vn -0.01246410101 0.995321922 0.09580666903
vn -0.01246410101 0.995321922 0.09580666903
vn 0.01089755491 0.9999405691 -0.0003185762
vn -0.003548441858 0.9988668996 0.04745867064
vn 0.9847690703 -0.02481122727 -0.1720880039
vn 0.9847690703 -0.02481122727 -0.1720880039
vn 0.9847690703 -0.02481122727 -0.1720880039
vn 0.9847704406 -0.02482708553 -0.1720778753
vn 0.9847704406 -0.02482708553 -0.1720778753
vn 0.9847704406 -0.02482708553 -0.1720778753
vn -0.003548434721 0.9988668991 0.04745868138
vn 0.01089755154 0.9999405692 -0.0003185807992
vn 0.01386911775 0.999902484 0.001634017586
vn 0.01089757695 0.9999405689 -0.0003186418655
vn -0.007753969351 0.9991579312 0.04029025177
vn 0.0138691776 0.9999024834 0.001633873418
vn 0.9847703816 -0.02482800249 -0.1720780804
vn 0.9847703816 -0.02482800249 -0.1720780804
vn 0.9847703816 -0.02482800249 -0.1720780804
vn -0.4007773916 6.92181803e-06 0.9161754648
vn -0.4007773916 6.92181803e-06 0.9161754648
vn -0.4007773916 6.92181803e-06 0.9161754648
vn 0.9847714772 -0.02481333707 -0.1720739257
vn 0.9847714772 -0.02481333707 -0.1720739257
vn 0.9847714772 -0.02481333707 -0.1720739257
vn -0.4008192429 -6.203690333e-06 0.916157156
vn -0.4008192429 -6.203690333e-06 0.916157156
vn -0.4008192429 -6.203690333e-06 0.916157156
vn 0.9847674121 -0.02481705064 -0.1720966534
vn 0.9847674121 -0.02481705064 -0.1720966534
vn 0.9847674121 -0.02481705064 -0.1720966534
vn 0.0138691776 0.9999024834 0.001633873418
vn -0.007753969351 0.9991579312 0.04029025177
vn -0.006106133656 0.9992354237 0.03861713474
vn -0.007753969531 0.9991579315 0.04029024481
vn -0.00720210398 0.9992034668 0.03924998774
vn -0.006106133671 0.9992354235 0.03861714029
vn 0.9962251454 -0.04203604444 -0.0759501858
vn 0.9962251454 -0.04203604444 -0.0759501858
vn 0.9962251454 -0.04203604444 -0.0759501858
vn 0.9962246818 -0.04203579092 -0.07595640583
vn 0.9962246818 -0.04203579092 -0.07595640583
vn 0.9962246818 -0.04203579092 -0.07595640583
vn -0.02232683936 0.9062621268 0.4221261302
vn -0.08497064994 0.877246026 0.4724610021
vn -0.08501766355 0.8771554287 0.4726207262
vn -0.08501766789 0.8771554275 0.4726207275
vn -0.08365907606 0.8387803755 0.5380043129
vn -0.0422259613 0.8283878388 0.5585611486
vn 0.9962249784 -0.0420346789 -0.07595313174
vn 0.9962249784 -0.0420346789 -0.07595313174
vn 0.9962249784 -0.0420346789 -0.07595313174
vn 0.9989351006 -0.0461374559 0
vn 0.9989351006 -0.0461374559 0
vn 0.9989351006 -0.0461374559 0
vn 0.9989351224 -0.04613698257 2.021857991e-07
vn 0.9989351224 -0.04613698257 2.021857991e-07
vn 0.9989351224 -0.04613698257 2.021857991e-07
vn 0.9989350718 -0.0461380799 2.667624659e-06
vn 0.9989350718 -0.0461380799 2.667624659e-06
vn 0.9989350718 -0.0461380799 2.667624659e-06
vn 0.9989350981 -0.04613750847 4.841012869e-07
vn 0.9989350981 -0.04613750847 4.841012869e-07
vn 0.9989350981 -0.04613750847 4.841012869e-07
vn -0.05030777186 0.8702576063 0.4900212513
vn -0.04440798147 0.8807242481 0.4715429249
vn -0.04222595559 0.8283878458 0.5585611386
vn -0.04440798147 0.8807242481 0.4715429249
vn -0.02579963597 0.911662346 0.4101294254
vn -0.04222595559 0.8283878458 0.5585611386
vn -0.002059555883 0.9238330757 0.3827900293
vn -0.04222595559 0.8283878458 0.5585611386
vn -0.02579963597 0.911662346 0.4101294254
vn 0.9929689762 -0.0908844164 0.07584612874
vn 0.9929689762 -0.0908844164 0.07584612874
vn 0.9929689762 -0.0908844164 0.07584612874
vn -0.05622150837 0.9982746661 0.01693614396
vn -0.04858144104 0.9960091932 0.07487009212
vn -0.05586963136 0.9982846161 0.01750456015
vn 0.9929354166 -0.09134874169 0.0757275764
vn 0.9929354166 -0.09134874169 0.0757275764
vn 0.9929354166 -0.09134874169 0.0757275764
vn 0.9927766829 -0.1127029701 0.04113998602
vn 0.9927766829 -0.1127029701 0.04113998602
vn 0.9927766829 -0.1127029701 0.04113998602
vn -0.05622150837 0.9982746661 0.01693614396
vn -0.04413297297 0.9919589206 0.1186161058
vn -0.04858144104 0.9960091932 0.07487009212
vn 0.9961567067 -0.08758890203 0
vn 0.9961567067 -0.08758890203 0
vn 0.9961567067 -0.08758890203 0
vn -0.04858144104 0.9960091932 0.07487009212
vn -0.04413297297 0.9919589206 0.1186161058
vn -0.0458436327 0.9944084392 0.09513263029
vn -0.0458436327 0.9944084392 0.09513263029
vn -0.04413297297 0.9919589206 0.1186161058
vn -0.04324664502 0.9926206344 0.1132872626
vn -0.04324665509 0.9926206359 0.1132872456
vn -0.04413298058 0.9919589217 0.1186160933
vn -0.04263673913 0.9916520143 0.1216897322
vn 0.9961565847 -0.0875902896 8.050734771e-07
vn 0.9961565847 -0.0875902896 8.050734771e-07
vn 0.9961565847 -0.0875902896 8.050734771e-07
vn -0.04413298388 0.9919589235 0.1186160777
vn -0.01600492673 0.95775747 0.2871314524
vn -0.04263674365 0.9916520169 0.1216897095
vn 0.9961571302 -0.08758408461 1.144654428e-06
vn 0.9961571302 -0.08758408461 1.144654428e-06
vn 0.9961571302 -0.08758408461 1.144654428e-06
vn -0.002059554293 0.9238330768 0.3827900266
vn -0.01625332016 0.9263371184 0.3763447525
vn -0.007268162403 0.9408122505 0.338850237
vn -0.002059616641 0.9238331001 0.38278997
vn -0.007268226737 0.9408122716 0.3388501769
vn -0.01600492673 0.95775747 0.2871314524
vn -0.002059555883 0.9238330757 0.3827900293
vn -0.02579963597 0.911662346 0.4101294254
vn -0.01625332232 0.926337117 0.3763447558
vn -0.002059616641 0.9238331001 0.38278997
vn -0.01600492673 0.95775747 0.2871314524
vn -0.04413298388 0.9919589235 0.1186160777
vn -0.05030776595 0.8702576023 0.490021259
vn -0.04222595797 0.8283878471 0.5585611365
vn -0.08365905749 0.8387804181 0.5380042493
vn -0.9759615197 -0.04185202669 -0.2138866988
vn -0.9759615197 -0.04185202669 -0.2138866988
vn -0.9759615197 -0.04185202669 -0.2138866988
vn -0.9759680464 -0.04184262439 -0.2138587552
vn -0.9759680464 -0.04184262439 -0.2138587552
vn -0.9759680464 -0.04184262439 -0.2138587552
vn -0.9759670914 -0.04184328454 -0.2138629841
vn -0.9759670914 -0.04184328454 -0.2138629841
vn -0.9759670914 -0.04184328454 -0.2138629841
vn -0.9705165901 -0.02484078384 -0.2397508788
vn -0.9705165901 -0.02484078384 -0.2397508788
vn -0.9705165901 -0.02484078384 -0.2397508788
vn -0.9705139877 -0.02483114292 -0.2397624118
vn -0.9705139877 -0.02483114292 -0.2397624118
vn -0.9705139877 -0.02483114292 -0.2397624118
vn -0.97596673 -0.04184257568 -0.213864772
vn -0.97596673 -0.04184257568 -0.213864772
vn -0.97596673 -0.04184257568 -0.213864772
vn -0.9705164908 -0.02484006463 -0.2397513553
vn -0.9705164908 -0.02484006463 -0.2397513553
vn -0.9705164908 -0.02484006463 -0.2397513553
vn -0.970516117 -0.02483511787 -0.2397533807
vn -0.970516117 -0.02483511787 -0.2397533807
vn -0.970516117 -0.02483511787 -0.2397533807
vn -0.9705142604 -0.02476778242 -0.2397678615
vn -0.9705142604 -0.02476778242 -0.2397678615
vn -0.9705142604 -0.02476778242 -0.2397678615
vn -0.9705149124 -0.02479562017 -0.2397623449
vn -0.9705149124 -0.02479562017 -0.2397623449
vn -0.9705149124 -0.02479562017 -0.2397623449
vn -0.9705157268 -0.02484974742 -0.2397534442
vn -0.9705157268 -0.02484974742 -0.2397534442
vn -0.9705157268 -0.02484974742 -0.2397534442
vn -0.9943132409 -0.02478475395 -0.1035707247
vn -0.9943132409 -0.02478475395 -0.1035707247
vn -0.9943132409 -0.02478475395 -0.1035707247
vn -0.9885009692 -0.04210880333 -0.1452332008
vn -0.9885009692 -0.04210880333 -0.1452332008
vn -0.9885009692 -0.04210880333 -0.1452332008
vn -0.988500385 -0.04210852191 -0.1452372582
vn -0.988500385 -0.04210852191 -0.1452372582
vn -0.988500385 -0.04210852191 -0.1452372582
vn -0.9847701084 -0.02482107238 -0.1720806438
vn -0.9847701084 -0.02482107238 -0.1720806438
vn -0.9847701084 -0.02482107238 -0.1720806438
vn -0.9847701749 -0.02482151318 -0.1720801994
vn -0.9847701749 -0.02482151318 -0.1720801994
vn -0.9847701749 -0.02482151318 -0.1720801994
vn -0.9962256051 -0.04204110598 -0.07594135393
vn -0.9962256051 -0.04204110598 -0.07594135393
vn -0.9962256051 -0.04204110598 -0.07594135393
vn -0.9962247896 -0.04203574513 -0.07595501736
vn -0.9962247896 -0.04203574513 -0.07595501736
vn -0.9962247896 -0.04203574513 -0.07595501736
vn -0.9962247381 -0.04203651399 -0.07595526754
vn -0.9962247381 -0.04203651399 -0.07595526754
vn -0.9962247381 -0.04203651399 -0.07595526754
vn -0.9990977618 -0.02474687369 -0.0345145575
vn -0.9990977618 -0.02474687369 -0.0345145575
vn -0.9990977618 -0.02474687369 -0.0345145575
vn -0.9990949969 -0.02477274456 -0.03457597998
vn -0.9990949969 -0.02477274456 -0.03457597998
vn -0.9990949969 -0.02477274456 -0.03457597998
vn -0.9847703866 -0.02482308749 -0.1720787611
vn -0.9847703866 -0.02482308749 -0.1720787611
vn -0.9847703866 -0.02482308749 -0.1720787611
vn -0.9943125754 -0.02478788989 -0.1035763627
vn -0.9943125754 -0.02478788989 -0.1035763627
vn -0.9943125754 -0.02478788989 -0.1035763627
vn -0.9961550452 -0.08760779587 -0
vn -0.9961550452 -0.08760779587 -0
vn -0.9961550452 -0.08760779587 -0
vn -0.9961632929 -0.08751396231 -1.530979393e-05
vn -0.9961632929 -0.08751396231 -1.530979393e-05
vn -0.9961632929 -0.08751396231 -1.530979393e-05
vn -0.9961636277 -0.0875101515 -1.559886152e-05
vn -0.9961636277 -0.0875101515 -1.559886152e-05
vn -0.9961636277 -0.0875101515 -1.559886152e-05
vn -0.9989350458 -0.04613864244 0
vn -0.9989350458 -0.04613864244 0
vn -0.9989350458 -0.04613864244 0
vn -0.9989350487 -0.04613857801 -4.855297201e-07
vn -0.9989350487 -0.04613857801 -4.855297201e-07
vn -0.9989350487 -0.04613857801 -4.855297201e-07
vn -0.998936207 -0.0461134761 -4.192355881e-05
vn -0.998936207 -0.0461134761 -4.192355881e-05
vn -0.998936207 -0.0461134761 -4.192355881e-05
vn -0.9989350575 -0.04613838962 7.31967655e-07
vn -0.9989350575 -0.04613838962 7.31967655e-07
vn -0.9989350575 -0.04613838962 7.31967655e-07
vn -0.9990946283 -0.02477629812 0.03458408177
vn -0.9990946283 -0.02477629812 0.03458408177
vn -0.9990946283 -0.02477629812 0.03458408177
vn -0.9962247848 -0.04203663049 0.07595459086
vn -0.9962247848 -0.04203663049 0.07595459086
vn -0.9962247848 -0.04203663049 0.07595459086
vn -0.9962249607 -0.04203612784 0.07595256206
vn -0.9962249607 -0.04203612784 0.07595256206
vn -0.9962249607 -0.04203612784 0.07595256206
vn -0.9962240163 -0.04203360469 0.07596634467
vn -0.9962240163 -0.04203360469 0.07596634467
vn -0.9962240163 -0.04203360469 0.07596634467
vn -0.9962252212 -0.0420390478 0.07594752889
vn -0.9962252212 -0.0420390478 0.07594752889
vn -0.9962252212 -0.0420390478 0.07594752889
vn -0.9943093735 -0.02476365396 0.103612891
vn -0.9943093735 -0.02476365396 0.103612891
vn -0.9943093735 -0.02476365396 0.103612891
vn -0.9943121724 -0.02478507685 0.1035809046
vn -0.9943121724 -0.02478507685 0.1035809046
vn -0.9943121724 -0.02478507685 0.1035809046
vn -0.9990947937 -0.02477491581 -0.03458029389
vn -0.9990947937 -0.02477491581 -0.03458029389
vn -0.9990947937 -0.02477491581 -0.03458029389
vn -0.999094806 -0.02477442304 0.03458029313
vn -0.999094806 -0.02477442304 0.03458029313
vn -0.999094806 -0.02477442304 0.03458029313
vn -0.9943125675 -0.02478976276 0.1035759904
vn -0.9943125675 -0.02478976276 0.1035759904
vn -0.9943125675 -0.02478976276 0.1035759904
vn -0.9943125323 -0.02478812813 0.1035767199
vn -0.9943125323 -0.02478812813 0.1035767199
vn -0.9943125323 -0.02478812813 0.1035767199
vn -0.9943125802 -0.02479389313 0.10357488
vn -0.9943125802 -0.02479389313 0.10357488
vn -0.9943125802 -0.02479389313 0.10357488
vn -0.9943125839 -0.02479288158 0.1035750866
vn -0.9943125839 -0.02479288158 0.1035750866
vn -0.9943125839 -0.02479288158 0.1035750866
vn -0.9943127165 -0.024776466 0.1035777418
vn -0.9943127165 -0.024776466 0.1035777418
vn -0.9943127165 -0.024776466 0.1035777418
vn -0.9943124679 -0.02479223506 0.1035763551
vn -0.9943124679 -0.02479223506 0.1035763551
vn -0.9943124679 -0.02479223506 0.1035763551
vn -0.9885040099 -0.04210394665 0.1452139116
vn -0.9885040099 -0.04210394665 0.1452139116
vn -0.9885040099 -0.04210394665 0.1452139116
vn -0.9847473689 -0.02483603551 0.1722085675
vn -0.9847473689 -0.02483603551 0.1722085675
vn -0.9847473689 -0.02483603551 0.1722085675
vn -0.9847701381 -0.02480218664 0.1720831967
vn -0.9847701381 -0.02480218664 0.1720831967
vn -0.9847701381 -0.02480218664 0.1720831967
vn -0.9705157268 0.02484974742 -0.2397534442
vn -0.9705157268 0.02484974742 -0.2397534442
vn -0.9705157268 0.02484974742 -0.2397534442
vn -0.9705142604 0.02476778242 -0.2397678615
vn -0.9705142604 0.02476778242 -0.2397678615
vn -0.9705142604 0.02476778242 -0.2397678615
vn -0.9705149124 0.02479562017 -0.2397623449
vn -0.9705149124 0.02479562017 -0.2397623449
vn -0.9705149124 0.02479562017 -0.2397623449
vn -0.970516117 0.02483511787 -0.2397533807
vn -0.970516117 0.02483511787 -0.2397533807
vn -0.970516117 0.02483511787 -0.2397533807
vn -0.9705165901 0.02484078384 -0.2397508788
vn -0.9705165901 0.02484078384 -0.2397508788
vn -0.9705165901 0.02484078384 -0.2397508788
vn -0.9705164908 0.02484006463 -0.2397513553
vn -0.9705164908 0.02484006463 -0.2397513553
vn -0.9705164908 0.02484006463 -0.2397513553
vn -0.9705139877 0.02483114292 -0.2397624118
vn -0.9705139877 0.02483114292 -0.2397624118
vn -0.9705139877 0.02483114292 -0.2397624118
vn -0.97596673 0.04184257568 -0.213864772
vn -0.97596673 0.04184257568 -0.213864772
vn -0.97596673 0.04184257568 -0.213864772
vn -0.9759670914 0.04184328454 -0.2138629841
vn -0.9759670914 0.04184328454 -0.2138629841
vn -0.9759670914 0.04184328454 -0.2138629841
vn -0.9759680464 0.04184262439 -0.2138587552
vn -0.9759680464 0.04184262439 -0.2138587552
vn -0.9759680464 0.04184262439 -0.2138587552
vn -0.9759615197 0.04185202669 -0.2138866988
vn -0.9759615197 0.04185202669 -0.2138866988
vn -0.9759615197 0.04185202669 -0.2138866988
vn -0.9847703866 0.02482308749 -0.1720787611
vn -0.9847703866 0.02482308749 -0.1720787611
vn -0.9847703866 0.02482308749 -0.1720787611
vn -0.9943125754 0.02478788989 -0.1035763627
vn -0.9943125754 0.02478788989 -0.1035763627
vn -0.9943125754 0.02478788989 -0.1035763627
vn -0.9847701749 0.02482151318 -0.1720801994
vn -0.9847701749 0.02482151318 -0.1720801994
vn -0.9847701749 0.02482151318 -0.1720801994
vn -0.9847701084 0.02482107238 -0.1720806438
vn -0.9847701084 0.02482107238 -0.1720806438
vn -0.9847701084 0.02482107238 -0.1720806438
vn -0.9943132409 0.02478475395 -0.1035707247
vn -0.9943132409 0.02478475395 -0.1035707247
vn -0.9943132409 0.02478475395 -0.1035707247
vn -0.9885009692 0.04210880333 -0.1452332008
vn -0.9885009692 0.04210880333 -0.1452332008
vn -0.9885009692 0.04210880333 -0.1452332008
vn -0.988500385 0.04210852191 -0.1452372582
vn -0.988500385 0.04210852191 -0.1452372582
vn -0.988500385 0.04210852191 -0.1452372582
vn -0.9962247896 0.04203574513 -0.07595501736
vn -0.9962247896 0.04203574513 -0.07595501736
vn -0.9962247896 0.04203574513 -0.07595501736
vn -0.9962256051 0.04204110598 -0.07594135393
vn -0.9962256051 0.04204110598 -0.07594135393
vn -0.9962256051 0.04204110598 -0.07594135393
vn -0.9962247381 0.04203651399 -0.07595526754
vn -0.9962247381 0.04203651399 -0.07595526754
vn -0.9962247381 0.04203651399 -0.07595526754
vn -0.9990977618 0.02474687369 -0.0345145575
vn -0.9990977618 0.02474687369 -0.0345145575
vn -0.9990977618 0.02474687369 -0.0345145575
vn -0.9990949969 0.02477274456 -0.03457597998
vn -0.9990949969 0.02477274456 -0.03457597998
vn -0.9990949969 0.02477274456 -0.03457597998
vn -0.9990947937 0.02477491581 -0.03458029389
vn -0.9990947937 0.02477491581 -0.03458029389
vn -0.9990947937 0.02477491581 -0.03458029389
vn -0.999094806 0.02477442304 0.03458029313
vn -0.999094806 0.02477442304 0.03458029313
vn -0.999094806 0.02477442304 0.03458029313
vn -0.9943124938 0.02478350827 0.1035781943
vn -0.9943124938 0.02478350827 0.1035781943
vn -0.9943124938 0.02478350827 0.1035781943
vn -0.998936207 0.0461134761 -4.192355881e-05
vn -0.998936207 0.0461134761 -4.192355881e-05
vn -0.998936207 0.0461134761 -4.192355881e-05
vn -0.9989350487 0.04613857801 -4.855297201e-07
vn -0.9989350487 0.04613857801 -4.855297201e-07
vn -0.9989350487 0.04613857801 -4.855297201e-07
vn -0.9989350575 0.04613838962 7.31967655e-07
vn -0.9989350575 0.04613838962 7.31967655e-07
vn -0.9989350575 0.04613838962 7.31967655e-07
vn -0.9943143769 0.02481122857 0.1035534784
vn -0.9943143769 0.02481122857 0.1035534784
vn -0.9943143769 0.02481122857 0.1035534784
vn -0.9943121239 0.02478450158 0.1035815079
vn -0.9943121239 0.02478450158 0.1035815079
vn -0.9943121239 0.02478450158 0.1035815079
vn -0.9962251418 0.0420386891 0.07594876883
vn -0.9962251418 0.0420386891 0.07594876883
vn -0.9962251418 0.0420386891 0.07594876883
vn -0.9962248124 0.04203577899 0.07595469972
vn -0.9962248124 0.04203577899 0.07595469972
vn -0.9962248124 0.04203577899 0.07595469972
vn -0.996225016 0.04203596985 0.07595192437
vn -0.996225016 0.04203596985 0.07595192437
vn -0.996225016 0.04203596985 0.07595192437
vn -0.9962247848 0.04203663049 0.07595459086
vn -0.9962247848 0.04203663049 0.07595459086
vn -0.9962247848 0.04203663049 0.07595459086
vn -0.9990946283 0.02477629812 0.03458408177
vn -0.9990946283 0.02477629812 0.03458408177
vn -0.9990946283 0.02477629812 0.03458408177
vn -0.9962246367 0.04203640749 0.07595665594
vn -0.9962246367 0.04203640749 0.07595665594
vn -0.9962246367 0.04203640749 0.07595665594
vn -0.9943124921 0.02479125117 0.1035763576
vn -0.9943124921 0.02479125117 0.1035763576
vn -0.9943124921 0.02479125117 0.1035763576
vn -0.9943126894 0.02477981463 0.1035772002
vn -0.9943126894 0.02477981463 0.1035772002
vn -0.9943126894 0.02477981463 0.1035772002
vn -0.9943126479 0.02478495822 0.1035763682
vn -0.9943126479 0.02478495822 0.1035763682
vn -0.9943126479 0.02478495822 0.1035763682
vn -0.9943126638 0.02480396592 0.1035716653
vn -0.9943126638 0.02480396592 0.1035716653
vn -0.9943126638 0.02480396592 0.1035716653
vn -0.9884969179 0.04212093691 0.1452572546
vn -0.9884969179 0.04212093691 0.1452572546
vn -0.9884969179 0.04212093691 0.1452572546
vn -0.9847691316 0.02484333504 0.1720830208
vn -0.9847691316 0.02484333504 0.1720830208
vn -0.9847691316 0.02484333504 0.1720830208
vn -0.9847695012 0.02484889331 0.1720801035
vn -0.9847695012 0.02484889331 0.1720801035
vn -0.9847695012 0.02484889331 0.1720801035
vn -0.9846772621 0.02484350463 0.1726079075
vn -0.9846772621 0.02484350463 0.1726079075
vn -0.9846772621 0.02484350463 0.1726079075
vn -0.9989350458 0.04613864244 0
vn -0.9989350458 0.04613864244 0
vn -0.9989350458 0.04613864244 0
vn -0.9961550452 0.08760779587 0
vn -0.9961550452 0.08760779587 0
vn -0.9961550452 0.08760779587 0
vn -0.9961636277 0.0875101515 -1.559886152e-05
vn -0.9961636277 0.0875101515 -1.559886152e-05
vn -0.9961636277 0.0875101515 -1.559886152e-05
vn -0.9961632929 0.08751396231 -1.530979393e-05
vn -0.9961632929 0.08751396231 -1.530979393e-05
vn -0.9961632929 0.08751396231 -1.530979393e-05
f 2/1/1 1/2/2 15/3/3
f 2/4/4 24/5/5 30/6/6
f 4/7/7 8/8/8 3/9/9
f 4/10/10 9/11/11 8/12/12
f 4/13/13 3/14/14 5/15/15
f 4/16/16 13/17/17 12/18/18
f 2/19/19 4/20/20 5/21/21
f 2/22/22 5/23/23 6/24/24
f 6/25/25 7/26/26 1/27/27
f 2/28/28 6/29/29 1/30/30
f 12/31/31 10/32/32 9/33/33
f 12/34/34 11/35/35 10/36/36
f 4/37/37 12/38/38 9/39/39
f 12/40/40 46/41/41 11/42/42
f 46/43/43 47/44/44 11/45/45
f 12/46/46 50/47/47 46/48/48
f 12/49/49 14/50/50 50/51/51
f 12/52/52 13/53/53 14/54/54
f 50/55/55 14/56/56 60/57/57
f 2/58/58 30/59/59 4/60/60
f 4/61/61 30/62/62 13/63/63
f 2/64/64 15/65/65 16/66/66
f 2/67/67 16/68/68 24/69/69
f 24/70/70 17/71/71 18/72/72
f 16/73/73 19/74/74 17/75/75
f 24/76/76 16/77/77 17/78/78
f 24/79/79 18/80/80 29/81/81
f 24/82/82 29/83/83 35/84/84
f 25/85/85 26/86/86 104/87/87
f 25/88/88 105/89/89 27/90/90
f 27/91/91 106/92/92 28/93/93
f 29/94/94 18/95/95 20/96/96
f 25/97/97 20/98/98 21/99/99
f 26/100/100 21/101/101 22/102/102
f 25/103/103 21/104/104 26/105/105
f 25/106/106 29/107/107 20/108/108
f 26/109/109 22/110/110 23/111/111
f 26/112/112 23/113/113 93/114/114
f 25/115/115 27/116/116 29/117/117
f 27/118/118 28/119/119 29/120/120
f 13/121/121 32/122/122 33/123/123
f 13/124/124 33/125/125 14/126/126
f 14/127/127 34/128/128 60/129/129
f 14/130/130 33/131/131 34/132/132
f 30/133/133 32/134/134 13/135/135
f 33/136/136 193/137/137 34/138/138
f 30/139/139 31/140/140 32/141/141
f 30/142/142 24/143/143 35/144/144
f 30/145/145 35/146/146 39/147/147
f 28/148/148 37/149/149 29/150/150
f 28/151/151 36/152/152 37/153/153
f 28/154/154 107/155/155 36/156/156
f 35/157/157 29/158/158 37/159/159
f 30/160/160 39/161/161 31/162/162
f 35/163/163 37/164/164 196/165/165
f 36/166/166 38/167/167 37/168/168
f 36/169/169 126/170/170 38/171/171
f 37/172/172 38/173/173 196/174/174
f 38/175/175 129/176/176 196/177/177
f 196/178/178 129/179/179 197/180/180
f 35/181/181 196/182/182 39/183/183
f 45/184/184 40/185/185 50/186/186
f 45/187/187 41/188/188 40/189/189
f 45/190/190 42/191/191 41/192/192
f 45/193/193 43/194/194 42/195/195
f 45/196/196 44/197/197 43/198/198
f 45/199/199 58/200/200 54/201/201
f 46/202/202 49/203/203 48/204/204
f 50/205/205 40/206/206 49/207/207
f 50/208/208 49/209/209 46/210/210
f 45/211/211 50/212/212 60/213/213
f 45/214/214 54/215/215 44/216/216
f 54/217/217 51/218/218 44/219/219
f 54/220/220 52/221/221 51/222/222
f 54/223/223 53/224/224 52/225/225
f 54/226/226 55/227/227 53/228/228
f 54/229/229 57/230/230 55/231/231
f 57/232/232 56/233/233 55/234/234
f 57/235/235 62/236/236 56/237/237
f 54/238/238 59/239/239 57/240/240
f 45/241/241 60/242/242 58/243/243
f 54/244/244 58/245/245 59/246/246
f 57/247/247 59/248/248 61/249/249
f 57/250/250 61/251/251 78/252/252
f 57/253/253 63/254/254 62/255/255
f 57/256/256 65/257/257 63/258/258
f 65/259/259 64/260/260 63/261/261
f 65/262/262 66/263/263 64/264/264
f 65/265/265 69/266/266 66/267/267
f 57/268/268 78/269/269 65/270/270
f 65/271/271 78/272/272 69/273/273
f 69/274/274 67/275/275 66/276/276
f 69/277/277 68/278/278 67/279/279
f 69/280/280 70/281/281 68/282/282
f 69/283/283 71/284/284 70/285/285
f 69/286/286 74/287/287 71/288/288
f 74/289/289 72/290/290 71/291/291
f 74/292/292 73/293/293 72/294/294
f 74/295/295 142/296/296 73/297/297
f 74/298/298 144/299/299 142/300/300
f 69/301/301 75/302/302 74/303/303
f 74/304/304 75/305/305 77/306/306
f 74/307/307 77/308/308 149/309/309
f 69/310/310 79/311/311 75/312/312
f 77/313/313 75/314/314 76/315/315
f 77/316/316 76/317/317 149/318/318
f 69/319/319 78/320/320 82/321/321
f 69/322/322 82/323/323 79/324/324
f 75/325/325 79/326/326 80/327/327
f 75/328/328 80/329/329 76/330/330
f 76/331/331 80/332/332 154/333/333
f 82/334/334 81/335/335 79/336/336
f 80/337/337 79/338/338 155/339/339
f 79/340/340 81/341/341 155/342/342
f 78/343/343 89/344/344 82/345/345
f 82/346/346 87/347/347 81/348/348
f 81/349/349 87/350/350 181/351/351
f 34/352/352 58/353/353 60/354/354
f 58/355/355 84/356/356 59/357/357
f 34/358/358 84/359/359 58/360/360
f 59/361/361 84/362/362 85/363/363
f 59/364/364 85/365/365 61/366/366
f 61/367/367 83/368/368 78/369/369
f 61/370/370 85/371/371 83/372/372
f 34/373/373 194/374/374 84/375/375
f 84/376/376 228/377/377 85/378/378
f 85/379/379 229/380/380 83/381/381
f 83/382/382 229/383/383 230/384/384
f 83/385/385 230/386/386 86/387/387
f 83/388/388 86/389/389 78/390/390
f 78/391/391 86/392/392 89/393/393
f 82/394/394 89/395/395 87/396/396
f 87/397/397 89/398/398 88/399/399
f 87/400/400 88/401/401 182/402/402
f 88/403/403 89/404/404 90/405/405
f 88/406/406 90/407/407 184/408/408
f 89/409/409 86/410/410 232/411/411
f 230/412/412 232/413/413 86/414/414
f 89/415/415 232/416/416 91/417/417
f 89/418/418 91/419/419 90/420/420
f 91/421/421 92/422/422 90/423/423
f 90/424/424 92/425/425 187/426/426
f 91/427/427 233/428/428 92/429/429
f 92/430/430 233/431/431 188/432/432
f 109/433/433 100/434/434 99/435/435
f 102/436/436 99/437/437 101/438/438
f 109/439/439 99/440/440 102/441/441
f 113/442/442 102/443/443 103/444/444
f 113/445/445 109/446/446 102/447/447
f 25/448/448 104/449/449 105/450/450
f 27/451/451 105/452/452 106/453/453
f 28/454/454 106/455/455 107/456/456
f 26/457/457 93/458/458 104/459/459
f 104/460/460 93/461/461 95/462/462
f 104/463/463 95/464/464 94/465/465
f 104/466/466 94/467/467 97/468/468
f 105/469/469 97/470/470 98/471/471
f 104/472/472 97/473/473 105/474/474
f 108/475/475 98/476/476 100/477/477
f 105/478/478 98/479/479 108/480/480
f 105/481/481 108/482/482 106/483/483
f 106/484/484 108/485/485 107/486/486
f 108/487/487 100/488/488 109/489/489
f 108/490/490 109/491/491 128/492/492
f 113/493/493 103/494/494 112/495/495
f 113/496/496 131/497/497 109/498/498
f 116/499/499 114/500/500 115/501/501
f 116/502/502 115/503/503 119/504/504
f 116/505/505 119/506/506 120/507/507
f 112/508/508 117/509/509 118/510/510
f 113/511/511 112/512/512 118/513/513
f 113/514/514 118/515/515 114/516/516
f 113/517/517 114/518/518 116/519/519
f 116/520/520 123/521/521 124/522/522
f 123/523/523 120/524/524 121/525/525
f 123/526/526 121/527/527 122/528/528
f 116/529/529 120/530/530 123/531/531
f 123/532/532 122/533/533 158/534/534
f 122/535/535 159/536/536 158/537/537
f 123/538/538 158/539/539 162/540/540
f 123/541/541 162/542/542 125/543/543
f 113/544/544 116/545/545 131/546/546
f 116/547/547 124/548/548 131/549/549
f 123/550/550 125/551/551 124/552/552
f 162/553/553 177/554/554 125/555/555
f 36/556/556 107/557/557 126/558/558
f 107/559/559 108/560/560 127/561/561
f 107/562/562 127/563/563 126/564/564
f 108/565/565 128/566/566 127/567/567
f 109/568/568 131/569/569 128/570/570
f 128/571/571 131/572/572 130/573/573
f 38/574/574 126/575/575 129/576/576
f 126/577/577 127/578/578 129/579/579
f 128/580/580 264/581/581 127/582/582
f 197/583/583 129/584/584 264/585/585
f 127/586/586 264/587/587 129/588/588
f 128/589/589 130/590/590 264/591/591
f 130/592/592 131/593/593 132/594/594
f 131/595/595 124/596/596 134/597/597
f 124/598/598 135/599/599 134/600/600
f 124/601/601 125/602/602 135/603/603
f 125/604/604 177/605/605 133/606/606
f 125/607/607 133/608/608 135/609/609
f 131/610/610 134/611/611 132/612/612
f 133/613/613 271/614/614 135/615/615
f 153/616/616 170/617/617 138/618/618
f 148/619/619 141/620/620 143/621/621
f 148/622/622 139/623/623 141/624/624
f 148/625/625 143/626/626 150/627/627
f 143/628/628 141/629/629 145/630/630
f 149/631/631 143/632/632 144/633/633
f 148/634/634 146/635/635 139/636/636
f 148/637/637 147/638/638 146/639/639
f 148/640/640 150/641/641 156/642/642
f 74/643/643 149/644/644 144/645/645
f 149/646/646 150/647/647 143/648/648
f 149/649/649 76/650/650 154/651/651
f 149/652/652 154/653/653 150/654/654
f 148/655/655 153/656/656 147/657/657
f 153/658/658 151/659/659 147/660/660
f 153/661/661 152/662/662 151/663/663
f 153/664/664 138/665/665 152/666/666
f 148/667/667 157/668/668 153/669/669
f 153/670/670 157/671/671 170/672/672
f 150/673/673 154/674/674 156/675/675
f 80/676/676 155/677/677 154/678/678
f 154/679/679 155/680/680 156/681/681
f 148/682/682 156/683/683 157/684/684
f 81/685/685 181/686/686 155/687/687
f 155/688/688 181/689/689 156/690/690
f 156/691/691 183/692/692 157/693/693
f 161/694/694 158/695/695 160/696/696
f 162/697/697 158/698/698 161/699/699
f 162/700/700 161/701/701 171/702/702
f 162/703/703 176/704/704 177/705/705
f 170/706/706 165/707/707 138/708/708
f 170/709/709 164/710/710 165/711/711
f 170/712/712 163/713/713 164/714/714
f 170/715/715 169/716/716 163/717/717
f 169/718/718 168/719/719 166/720/720
f 169/721/721 167/722/722 163/723/723
f 169/724/724 166/725/725 167/726/726
f 169/727/727 174/728/728 168/729/729
f 169/730/730 176/731/731 174/732/732
f 170/733/733 180/734/734 169/735/735
f 162/736/736 171/737/737 176/738/738
f 176/739/739 171/740/740 172/741/741
f 176/742/742 172/743/743 175/744/744
f 176/745/745 173/746/746 174/747/747
f 176/748/748 175/749/749 173/750/750
f 169/751/751 179/752/752 176/753/753
f 170/754/754 157/755/755 178/756/756
f 170/757/757 178/758/758 180/759/759
f 176/760/760 179/761/761 177/762/762
f 169/763/763 180/764/764 179/765/765
f 87/766/766 182/767/767 181/768/768
f 156/769/769 181/770/770 183/771/771
f 183/772/772 181/773/773 182/774/774
f 183/775/775 182/776/776 184/777/777
f 88/778/778 184/779/779 182/780/780
f 183/781/781 185/782/782 157/783/783
f 157/784/784 185/785/785 189/786/786
f 183/787/787 184/788/788 186/789/789
f 183/790/790 186/791/791 306/792/792
f 90/793/793 187/794/794 184/795/795
f 186/796/796 184/797/797 187/798/798
f 92/799/799 188/800/800 187/801/801
f 186/802/802 187/803/803 188/804/804
f 183/805/805 306/806/806 185/807/807
f 185/808/808 306/809/809 311/810/810
f 157/811/811 189/812/812 178/813/813
f 178/814/814 191/815/815 180/816/816
f 178/817/817 189/818/818 191/819/819
f 133/820/820 177/821/821 179/822/822
f 179/823/823 180/824/824 190/825/825
f 133/826/826 179/827/827 190/828/828
f 180/829/829 191/830/830 190/831/831
f 189/832/832 310/833/833 191/834/834
f 189/835/835 311/836/836 310/837/837
f 133/838/838 190/839/839 272/840/840
f 190/841/841 191/842/842 309/843/843
f 185/844/844 311/845/845 189/846/846
f 31/847/847 192/848/848 32/849/849
f 192/850/850 202/851/851 195/852/852
f 32/853/853 195/854/854 33/855/855
f 33/856/856 195/857/857 193/858/858
f 34/859/859 193/860/860 194/861/861
f 32/862/862 192/863/863 195/864/864
f 195/865/865 205/866/866 193/867/867
f 193/868/868 212/869/869 194/870/870
f 194/871/871 212/872/872 211/873/873
f 31/874/874 39/875/875 201/876/876
f 31/877/877 201/878/878 192/879/879
f 196/880/880 197/881/881 39/882/882
f 197/883/883 198/884/884 39/885/885
f 39/886/886 198/887/887 201/888/888
f 197/889/889 265/890/890 198/891/891
f 198/892/892 199/893/893 201/894/894
f 198/895/895 266/896/896 199/897/897
f 199/898/898 200/899/899 201/900/900
f 199/901/901 268/902/902 200/903/903
f 202/904/904 205/905/905 195/906/906
f 202/907/907 207/908/908 205/909/909
f 202/910/910 203/911/911 207/912/912
f 202/913/913 204/914/914 203/915/915
f 202/916/916 221/917/917 204/918/918
f 193/919/919 205/920/920 212/921/921
f 210/922/922 214/923/923 213/924/924
f 205/925/925 213/926/926 212/927/927
f 210/928/928 219/929/929 214/930/930
f 205/931/931 210/932/932 213/933/933
f 205/934/934 206/935/935 209/936/936
f 205/937/937 207/938/938 206/939/939
f 205/940/940 208/941/941 210/942/942
f 205/943/943 209/944/944 208/945/945
f 208/946/946 219/947/947 210/948/948
f 211/949/949 217/950/950 218/951/951
f 217/952/952 219/953/953 243/954/954
f 215/955/955 214/956/956 219/957/957
f 212/958/958 213/959/959 214/960/960
f 212/961/961 214/962/962 215/963/963
f 212/964/964 215/965/965 216/966/966
f 212/967/967 216/968/968 211/969/969
f 215/970/970 219/971/971 216/972/972
f 216/973/973 219/974/974 217/975/975
f 216/976/976 217/977/977 211/978/978
f 208/979/979 209/980/980 274/981/981
f 206/982/982 274/983/983 209/984/984
f 206/985/985 207/986/986 274/987/987
f 208/988/988 285/989/989 219/990/990
f 219/991/991 313/992/992 243/993/993
f 192/994/994 201/995/995 223/996/996
f 192/997/997 223/998/998 202/999/999
f 200/1000/1000 223/1001/1001 201/1002/1002
f 200/1003/1003 267/1004/1004 222/1005/1005
f 200/1006/1006 222/1007/1007 223/1008/1008
f 202/1009/1009 223/1010/1010 221/1011/1011
f 203/1012/1012 274/1013/1013 207/1014/1014
f 220/1015/1015 221/1016/1016 223/1017/1017
f 203/1018/1018 204/1019/1019 274/1020/1020
f 204/1021/1021 221/1022/1022 274/1023/1023
f 222/1024/1024 225/1025/1025 223/1026/1026
f 225/1027/1027 226/1028/1028 223/1029/1029
f 223/1030/1030 226/1031/1031 227/1032/1032
f 220/1033/1033 223/1034/1034 227/1035/1035
f 220/1036/1036 227/1037/1037 275/1038/1038
f 222/1039/1039 276/1040/1040 224/1041/1041
f 222/1042/1042 224/1043/1043 225/1044/1044
f 225/1045/1045 278/1046/1046 275/1047/1047
f 224/1048/1048 278/1049/1049 225/1050/1050
f 226/1051/1051 275/1052/1052 227/1053/1053
f 225/1054/1054 275/1055/1055 226/1056/1056
f 220/1057/1057 274/1058/1058 221/1059/1059
f 220/1060/1060 275/1061/1061 274/1062/1062
f 208/1063/1063 274/1064/1064 285/1065/1065
f 219/1066/1066 285/1067/1067 313/1068/1068
f 194/1069/1069 228/1070/1070 84/1071/1071
f 85/1072/1072 228/1073/1073 229/1074/1074
f 230/1075/1075 229/1076/1076 246/1077/1077
f 194/1078/1078 211/1079/1079 228/1080/1080
f 228/1081/1081 241/1082/1082 229/1083/1083
f 211/1084/1084 241/1085/1085 228/1086/1086
f 229/1087/1087 241/1088/1088 246/1089/1089
f 230/1090/1090 246/1091/1091 231/1092/1092
f 230/1093/1093 231/1094/1094 232/1095/1095
f 232/1096/1096 234/1097/1097 91/1098/1098
f 232/1099/1099 236/1100/1100 234/1101/1101
f 91/1102/1102 234/1103/1103 233/1104/1104
f 233/1105/1105 235/1106/1106 305/1107/1107
f 233/1108/1108 234/1109/1109 235/1110/1110
f 234/1111/1111 237/1112/1112 235/1113/1113
f 232/1114/1114 231/1115/1115 236/1116/1116
f 231/1117/1117 253/1118/1118 236/1119/1119
f 236/1120/1120 255/1121/1121 234/1122/1122
f 235/1123/1123 237/1124/1124 317/1125/1125
f 234/1126/1126 257/1127/1127 237/1128/1128
f 234/1129/1129 259/1130/1130 257/1131/1131
f 237/1132/1132 257/1133/1133 256/1134/1134
f 237/1135/1135 256/1136/1136 317/1137/1137
f 211/1138/1138 218/1139/1139 238/1140/1140
f 217/1141/1141 243/1142/1142 218/1143/1143
f 211/1144/1144 238/1145/1145 241/1146/1146
f 218/1147/1147 243/1148/1148 238/1149/1149
f 238/1150/1150 243/1151/1151 239/1152/1152
f 238/1153/1153 239/1154/1154 241/1155/1155
f 239/1156/1156 240/1157/1157 241/1158/1158
f 240/1159/1159 242/1160/1160 241/1161/1161
f 239/1162/1162 243/1163/1163 240/1164/1164
f 241/1165/1165 242/1166/1166 244/1167/1167
f 240/1168/1168 244/1169/1169 242/1170/1170
f 240/1171/1171 243/1172/1172 244/1173/1173
f 246/1174/1174 241/1175/1175 244/1176/1176
f 246/1177/1177 244/1178/1178 245/1179/1179
f 246/1180/1180 245/1181/1181 247/1182/1182
f 246/1183/1183 247/1184/1184 248/1185/1185
f 243/1186/1186 314/1187/1187 244/1188/1188
f 246/1189/1189 249/1190/1190 231/1191/1191
f 249/1192/1192 250/1193/1193 231/1194/1194
f 246/1195/1195 248/1196/1196 249/1197/1197
f 244/1198/1198 314/1199/1199 245/1200/1200
f 245/1201/1201 314/1202/1202 247/1203/1203
f 247/1204/1204 314/1205/1205 248/1206/1206
f 250/1207/1207 251/1208/1208 231/1209/1209
f 243/1210/1210 313/1211/1211 314/1212/1212
f 248/1213/1213 314/1214/1214 249/1215/1215
f 249/1216/1216 314/1217/1217 250/1218/1218
f 250/1219/1219 314/1220/1220 315/1221/1221
f 231/1222/1222 251/1223/1223 252/1224/1224
f 250/1225/1225 315/1226/1226 251/1227/1227
f 231/1228/1228 252/1229/1229 253/1230/1230
f 251/1231/1231 315/1232/1232 252/1233/1233
f 252/1234/1234 315/1235/1235 253/1236/1236
f 236/1237/1237 253/1238/1238 254/1239/1239
f 236/1240/1240 254/1241/1241 255/1242/1242
f 253/1243/1243 315/1244/1244 254/1245/1245
f 254/1246/1246 315/1247/1247 255/1248/1248
f 255/1249/1249 315/1250/1250 319/1251/1251
f 234/1252/1252 255/1253/1253 258/1254/1254
f 234/1255/1255 258/1256/1256 259/1257/1257
f 256/1258/1258 257/1259/1259 262/1260/1260
f 259/1261/1261 260/1262/1262 257/1263/1263
f 258/1264/1264 260/1265/1265 259/1266/1266
f 260/1267/1267 261/1268/1268 257/1269/1269
f 258/1270/1270 319/1271/1271 260/1272/1272
f 260/1273/1273 319/1274/1274 261/1275/1275
f 255/1276/1276 319/1277/1277 258/1278/1278
f 257/1279/1279 261/1280/1280 262/1281/1281
f 256/1282/1282 262/1283/1283 263/1284/1284
f 261/1285/1285 319/1286/1286 325/1287/1287
f 256/1288/1288 263/1289/1289 326/1290/1290
f 261/1291/1291 325/1292/1292 262/1293/1293
f 262/1294/1294 325/1295/1295 263/1296/1296
f 197/1297/1297 264/1298/1298 265/1299/1299
f 264/1300/1300 130/1301/1301 265/1302/1302
f 265/1303/1303 130/1304/1304 266/1305/1305
f 198/1306/1306 265/1307/1307 266/1308/1308
f 130/1309/1309 269/1310/1310 266/1311/1311
f 130/1312/1312 132/1313/1313 269/1314/1314
f 132/1315/1315 270/1316/1316 269/1317/1317
f 266/1318/1318 269/1319/1319 268/1320/1320
f 199/1321/1321 266/1322/1322 268/1323/1323
f 200/1324/1324 268/1325/1325 267/1326/1326
f 267/1327/1327 268/1328/1328 269/1329/1329
f 132/1330/1330 134/1331/1331 270/1332/1332
f 270/1333/1333 273/1334/1334 286/1335/1335
f 134/1336/1336 273/1337/1337 270/1338/1338
f 134/1339/1339 135/1340/1340 273/1341/1341
f 135/1342/1342 271/1343/1343 273/1344/1344
f 133/1345/1345 272/1346/1346 271/1347/1347
f 273/1348/1348 271/1349/1349 289/1350/1350
f 271/1351/1351 272/1352/1352 297/1353/1353
f 272/1354/1354 295/1355/1355 297/1356/1356
f 267/1357/1357 269/1358/1358 277/1359/1359
f 222/1360/1360 267/1361/1361 276/1362/1362
f 267/1363/1363 277/1364/1364 276/1365/1365
f 269/1366/1366 270/1367/1367 277/1368/1368
f 277/1369/1369 270/1370/1370 286/1371/1371
f 276/1372/1372 277/1373/1373 280/1374/1374
f 280/1375/1375 277/1376/1376 281/1377/1377
f 277/1378/1378 282/1379/1379 281/1380/1380
f 275/1381/1381 282/1382/1382 283/1383/1383
f 277/1384/1384 283/1385/1385 282/1386/1386
f 224/1387/1387 276/1388/1388 278/1389/1389
f 278/1390/1390 280/1391/1391 275/1392/1392
f 278/1393/1393 279/1394/1394 280/1395/1395
f 275/1396/1396 281/1397/1397 282/1398/1398
f 275/1399/1399 280/1400/1400 281/1401/1401
f 278/1402/1402 276/1403/1403 279/1404/1404
f 276/1405/1405 280/1406/1406 279/1407/1407
f 275/1408/1408 283/1409/1409 274/1410/1410
f 274/1411/1411 283/1412/1412 284/1413/1413
f 277/1414/1414 284/1415/1415 283/1416/1416
f 274/1417/1417 287/1418/1418 288/1419/1419
f 274/1420/1420 284/1421/1421 287/1422/1422
f 277/1423/1423 286/1424/1424 284/1425/1425
f 274/1426/1426 288/1427/1427 290/1428/1428
f 274/1429/1429 293/1430/1430 285/1431/1431
f 285/1432/1432 296/1433/1433 313/1434/1434
f 286/1435/1435 273/1436/1436 289/1437/1437
f 286/1438/1438 289/1439/1439 290/1440/1440
f 284/1441/1441 286/1442/1442 287/1443/1443
f 286/1444/1444 288/1445/1445 287/1446/1446
f 286/1447/1447 290/1448/1448 288/1449/1449
f 274/1450/1450 290/1451/1451 291/1452/1452
f 274/1453/1453 291/1454/1454 292/1455/1455
f 274/1456/1456 292/1457/1457 293/1458/1458
f 285/1459/1459 293/1460/1460 296/1461/1461
f 296/1462/1462 334/1463/1463 313/1464/1464
f 271/1465/1465 297/1466/1466 289/1467/1467
f 289/1468/1468 291/1469/1469 290/1470/1470
f 289/1471/1471 292/1472/1472 291/1473/1473
f 289/1474/1474 293/1475/1475 292/1476/1476
f 289/1477/1477 294/1478/1478 293/1479/1479
f 293/1480/1480 294/1481/1481 296/1482/1482
f 294/1483/1483 299/1484/1484 296/1485/1485
f 289/1486/1486 297/1487/1487 298/1488/1488
f 294/1489/1489 298/1490/1490 299/1491/1491
f 289/1492/1492 298/1493/1493 294/1494/1494
f 296/1495/1495 303/1496/1496 334/1497/1497
f 295/1498/1498 302/1499/1499 303/1500/1500
f 296/1501/1501 299/1502/1502 300/1503/1503
f 297/1504/1504 299/1505/1505 298/1506/1506
f 297/1507/1507 300/1508/1508 299/1509/1509
f 296/1510/1510 300/1511/1511 301/1512/1512
f 297/1513/1513 301/1514/1514 300/1515/1515
f 297/1516/1516 295/1517/1517 301/1518/1518
f 296/1519/1519 301/1520/1520 303/1521/1521
f 301/1522/1522 295/1523/1523 303/1524/1524
f 186/1525/1525 307/1526/1526 306/1527/1527
f 186/1528/1528 304/1529/1529 307/1530/1530
f 233/1531/1531 305/1532/1532 188/1533/1533
f 186/1534/1534 188/1535/1535 304/1536/1536
f 188/1537/1537 305/1538/1538 304/1539/1539
f 304/1540/1540 305/1541/1541 308/1542/1542
f 235/1543/1543 308/1544/1544 305/1545/1545
f 306/1546/1546 307/1547/1547 311/1548/1548
f 304/1549/1549 308/1550/1550 318/1551/1551
f 235/1552/1552 317/1553/1553 308/1554/1554
f 307/1555/1555 304/1556/1556 318/1557/1557
f 308/1558/1558 317/1559/1559 318/1560/1560
f 311/1561/1561 307/1562/1562 312/1563/1563
f 307/1564/1564 330/1565/1565 312/1566/1566
f 311/1567/1567 342/1568/1568 310/1569/1569
f 272/1570/1570 190/1571/1571 309/1572/1572
f 191/1573/1573 310/1574/1574 309/1575/1575
f 311/1576/1576 312/1577/1577 342/1578/1578
f 272/1579/1579 309/1580/1580 295/1581/1581
f 309/1582/1582 310/1583/1583 338/1584/1584
f 295/1585/1585 309/1586/1586 338/1587/1587
f 310/1588/1588 342/1589/1589 338/1590/1590
f 314/1591/1591 333/1592/1592 315/1593/1593
f 313/1594/1594 334/1595/1595 314/1596/1596
f 315/1597/1597 333/1598/1598 332/1599/1599
f 307/1600/1600 320/1601/1601 316/1602/1602
f 315/1603/1603 316/1604/1604 319/1605/1605
f 315/1606/1606 329/1607/1607 316/1608/1608
f 315/1609/1609 330/1610/1610 329/1611/1611
f 307/1612/1612 316/1613/1613 329/1614/1614
f 307/1615/1615 318/1616/1616 320/1617/1617
f 256/1618/1618 326/1619/1619 317/1620/1620
f 317/1621/1621 326/1622/1622 318/1623/1623
f 316/1624/1624 320/1625/1625 319/1626/1626
f 319/1627/1627 320/1628/1628 321/1629/1629
f 319/1630/1630 321/1631/1631 322/1632/1632
f 320/1633/1633 318/1634/1634 321/1635/1635
f 321/1636/1636 318/1637/1637 322/1638/1638
f 322/1639/1639 318/1640/1640 323/1641/1641
f 319/1642/1642 322/1643/1643 323/1644/1644
f 319/1645/1645 323/1646/1646 325/1647/1647
f 323/1648/1648 318/1649/1649 324/1650/1650
f 318/1651/1651 326/1652/1652 324/1653/1653
f 323/1654/1654 324/1655/1655 325/1656/1656
f 263/1657/1657 325/1658/1658 326/1659/1659
f 325/1660/1660 324/1661/1661 327/1662/1662
f 325/1663/1663 328/1664/1664 326/1665/1665
f 325/1666/1666 327/1667/1667 328/1668/1668
f 324/1669/1669 326/1670/1670 327/1671/1671
f 326/1672/1672 328/1673/1673 327/1674/1674
f 315/1675/1675 344/1676/1676 330/1677/1677
f 315/1678/1678 331/1679/1679 344/1680/1680
f 307/1681/1681 329/1682/1682 330/1683/1683
f 330/1684/1684 344/1685/1685 312/1686/1686
f 315/1687/1687 332/1688/1688 331/1689/1689
f 314/1690/1690 334/1691/1691 340/1692/1692
f 314/1693/1693 343/1694/1694 333/1695/1695
f 314/1696/1696 341/1697/1697 343/1698/1698
f 314/1699/1699 340/1700/1700 341/1701/1701
f 331/1702/1702 332/1703/1703 312/1704/1704
f 332/1705/1705 333/1706/1706 312/1707/1707
f 342/1708/1708 312/1709/1709 333/1710/1710
f 302/1711/1711 334/1712/1712 303/1713/1713
f 295/1714/1714 335/1715/1715 302/1716/1716
f 302/1717/1717 335/1718/1718 334/1719/1719
f 334/1720/1720 335/1721/1721 336/1722/1722
f 295/1723/1723 338/1724/1724 335/1725/1725
f 334/1726/1726 337/1727/1727 340/1728/1728
f 335/1729/1729 338/1730/1730 336/1731/1731
f 336/1732/1732 338/1733/1733 337/1734/1734
f 337/1735/1735 338/1736/1736 339/1737/1737
f 334/1738/1738 336/1739/1739 337/1740/1740
f 338/1741/1741 340/1742/1742 339/1743/1743
f 337/1744/1744 339/1745/1745 340/1746/1746
f 342/1747/1747 343/1748/1748 341/1749/1749
f 342/1750/1750 341/1751/1751 340/1752/1752
f 342/1753/1753 333/1754/1754 343/1755/1755
f 342/1756/1756 340/1757/1757 338/1758/1758
f 331/1759/1759 312/1760/1760 344/1761/1761
f 96/1762/1762 1/1763/1763 7/1764/1764
f 96/1765/1765 15/1766/1766 1/1767/1767
f 96/1768/1768 16/1769/1769 15/1770/1770
f 96/1771/1771 20/1772/1772 18/1773/1773
f 96/1774/1774 17/1775/1775 19/1776/1776
f 96/1777/1777 19/1778/1778 16/1779/1779
f 96/1780/1780 18/1781/1781 17/1782/1782
f 96/1783/1783 21/1784/1784 20/1785/1785
f 96/1786/1786 22/1787/1787 21/1788/1788
f 96/1789/1789 23/1790/1790 22/1791/1791
f 96/1792/1792 93/1793/1793 23/1794/1794
f 110/1795/1795 8/1796/1796 9/1797/1797
f 110/1798/1798 5/1799/1799 3/1800/1800
f 110/1801/1801 3/1802/1802 8/1803/1803
f 110/1804/1804 6/1805/1805 5/1806/1806
f 110/1807/1807 7/1808/1808 6/1809/1809
f 111/1810/1810 10/1811/1811 11/1812/1812
f 111/1813/1813 9/1814/1814 10/1815/1815
f 111/1816/1816 11/1817/1817 47/1818/1818
f 111/1819/1819 47/1820/1820 46/1821/1821
f 111/1822/1822 46/1823/1823 48/1824/1824
f 96/1825/1825 7/1826/1826 110/1827/1827
f 110/1828/1828 9/1829/1829 111/1830/1830
f 41/1831/1831 44/1832/1832 40/1833/1833
f 41/1834/1834 42/1835/1835 43/1836/1836
f 41/1837/1837 43/1838/1838 44/1839/1839
f 136/1840/1840 40/1841/1841 44/1842/1842
f 136/1843/1843 49/1844/1844 40/1845/1845
f 136/1846/1846 48/1847/1847 49/1848/1848
f 136/1849/1849 44/1850/1850 51/1851/1851
f 137/1852/1852 51/1853/1853 52/1854/1854
f 137/1855/1855 52/1856/1856 53/1857/1857
f 137/1858/1858 53/1859/1859 55/1860/1860
f 137/1861/1861 55/1862/1862 56/1863/1863
f 137/1864/1864 56/1865/1865 62/1866/1866
f 137/1867/1867 62/1868/1868 63/1869/1869
f 137/1870/1870 63/1871/1871 64/1872/1872
f 111/1873/1873 48/1874/1874 136/1875/1875
f 136/1876/1876 51/1877/1877 137/1878/1878
f 137/1879/1879 64/1880/1880 66/1881/1881
f 137/1882/1882 66/1883/1883 67/1884/1884
f 137/1885/1885 67/1886/1886 68/1887/1887
f 137/1888/1888 68/1889/1889 70/1890/1890
f 137/1891/1891 70/1892/1892 71/1893/1893
f 137/1894/1894 71/1895/1895 140/1896/1896
f 140/1897/1897 71/1898/1898 72/1899/1899
f 73/1900/1900 142/1901/1901 72/1902/1902
f 140/1903/1903 72/1904/1904 142/1905/1905
f 96/1906/1906 95/1907/1907 93/1908/1908
f 96/1909/1909 97/1910/1910 94/1911/1911
f 96/1912/1912 94/1913/1913 95/1914/1914
f 96/1915/1915 98/1916/1916 97/1917/1917
f 96/1918/1918 100/1919/1919 98/1920/1920
f 96/1921/1921 99/1922/1922 100/1923/1923
f 96/1924/1924 101/1925/1925 99/1926/1926
f 96/1927/1927 102/1928/1928 101/1929/1929
f 96/1930/1930 103/1931/1931 102/1932/1932
f 96/1933/1933 112/1934/1934 103/1935/1935
f 96/1936/1936 117/1937/1937 112/1938/1938
f 96/1939/1939 110/1940/1940 117/1941/1941
f 110/1942/1942 111/1943/1943 120/1944/1944
f 110/1945/1945 118/1946/1946 117/1947/1947
f 110/1948/1948 114/1949/1949 118/1950/1950
f 110/1951/1951 120/1952/1952 119/1953/1953
f 110/1954/1954 115/1955/1955 114/1956/1956
f 110/1957/1957 119/1958/1958 115/1959/1959
f 111/1960/1960 121/1961/1961 120/1962/1962
f 111/1963/1963 122/1964/1964 121/1965/1965
f 111/1966/1966 159/1967/1967 122/1968/1968
f 111/1969/1969 158/1970/1970 159/1971/1971
f 111/1972/1972 160/1973/1973 158/1974/1974
f 111/1975/1975 136/1976/1976 160/1977/1977
f 136/1978/1978 137/1979/1979 168/1980/1980
f 137/1981/1981 147/1982/1982 151/1983/1983
f 136/1984/1984 161/1985/1985 160/1986/1986
f 136/1987/1987 171/1988/1988 161/1989/1989
f 136/1990/1990 168/1991/1991 174/1992/1992
f 137/1993/1993 151/1994/1994 152/1995/1995
f 137/1996/1996 152/1997/1997 138/1998/1998
f 137/1999/1999 165/2000/2000 164/2001/2001
f 137/2002/2002 138/2003/2003 165/2004/2004
f 137/2005/2005 163/2006/2006 167/2007/2007
f 137/2008/2008 167/2009/2009 166/2010/2010
f 137/2011/2011 166/2012/2012 168/2013/2013
f 137/2014/2014 164/2015/2015 163/2016/2016
f 137/2017/2017 140/2018/2018 141/2019/2019
f 137/2020/2020 141/2021/2021 139/2022/2022
f 137/2023/2023 139/2024/2024 146/2025/2025
f 137/2026/2026 146/2027/2027 147/2028/2028
f 140/2029/2029 145/2030/2030 141/2031/2031
f 140/2032/2032 142/2033/2033 143/2034/2034
f 140/2035/2035 143/2036/2036 145/2037/2037
f 142/2038/2038 144/2039/2039 143/2040/2040
f 136/2041/2041 174/2042/2042 171/2043/2043
f 172/2044/2044 171/2045/2045 174/2046/2046
f 172/2047/2047 174/2048/2048 173/2049/2049
f 172/2050/2050 173/2051/2051 175/2052/2052
