# meters; x anterior, y left, z dorsal
mtllib fish.mtl
usemtl fish
v -0.02605592801 -0.0009251632146 -0.004872459824
v -0.02612574368 -0.001083574491 -0.004522845055
v -0.02643591135 -0.00130702625 -0.002590690645
v -0.02643735304 -0.001307658968 -0.002571057201
v -0.02649788528 -0.001416569925 -0.001645937701
v -0.02647363736 -0.001362466719 -0.002029137592
v -0.02641634613 -0.001302320859 -0.002759572723
v -0.02626927539 -0.001151076518 -0.003852156362
v -0.02627127587 -0.001154062687 -0.003839935548
v -0.02626433193 -0.001145036891 -0.003877300209
v -0.02627169683 -0.001140462584 -0.003845658525
v -0.02625412836 -0.001140418113 -0.003925847261
v -0.02633825659 -0.001288878848 -0.00329928277
v -0.02644574239 -0.001142260269 -0.002660564286
v -0.02653597637 -0.001142806723 -0.001476742699
v -0.02594155043 -0.0007603252307 -0.005320294666
v -0.02591218396 -0.0006653878954 -0.005434169805
v -0.02588771253 -0.0005972267245 -0.005527418478
v -0.02589212327 -0.0006095126155 -0.0055106109
v -0.02583323761 -0.0004454894515 -0.005735004227
v -0.0258327943 -0.000437365612 -0.005737725551
v -0.02602306723 -0.0008622327587 -0.00501199616
v -0.02599526166 -0.0008238508599 -0.005128522775
v -0.02526490732 -0.001054179971 -0.004695012606
v -0.02556727051 -0.001364713535 -0.00337933041
v -0.02570619031 -0.001487292582 -0.002079992461
v -0.0255264078 -0.000727302453 -0.005365111305
v -0.0258170028 -0.0002459581883 -0.005802424996
v -0.02541200041 -0.0004167688021 -0.005790052376
v -0.02539631694 -1.680844798e-05 -0.005923372133
v -0.02534471049 -1.050819355e-05 -0.005938209499
v -0.02650506019 -0.001459586201 -0.001355007197
v -0.02650864019 -0.001453744597 -0.001284690014
v -0.02651214942 -0.001413809718 -0.0008144634998
v -0.02650667324 -0.001476116129 -0.0002700264089
v -0.02648029073 -0.001543016406 0.0001831872283
v -0.02646540075 -0.001569012064 0.0003470728767
v -0.02650076493 -0.001488401089 -0.0001611261618
v -0.02643770694 -0.001403070753 0.0009103999106
v -0.02643178373 -0.001376198139 0.00102045769
v -0.02653597637 -0.001142806723 -6.415592396e-05
v -0.02641223713 -0.001324709621 0.001232523005
v -0.02644574239 -0.001142260269 0.001119665536
v -0.0263836269 -0.0012692241 0.001462145541
v -0.02636384561 -0.001141414396 0.00167731793
v -0.0263335441 -0.0009940172313 0.001926285949
v -0.02630870386 -0.0008652480319 0.002132684669
v -0.02627004652 -0.000714495487 0.002375666845
v -0.02624396949 -0.0005150305224 0.002553664242
v -0.02623922347 -0.0004841022019 0.002581369925
v -0.02623451098 -0.0004533869796 0.002608884802
v -0.02623798668 -0.0003800963168 0.002607364302
v -0.02616034418 -0.000429049076 0.002641333245
v -0.02569802075 -0.001381057431 -0.0008378579736
v -0.02567350461 -0.001569012064 0.0003470728767
v -0.02546103268 -0.00128299417 0.001540175792
v -0.02548554882 -0.0007027866086 0.00250446445
v -0.02564977824 -0.0002471864864 0.002864706424
v -0.02622113719 0 -0.004299530665
v -0.02593703537 0 -0.005449573881
v -0.0258327943 0.000437365612 -0.005737725551
v -0.02583323761 0.0004454894515 -0.005735004227
v -0.02588771253 0.0005972267245 -0.005527418478
v -0.02589212327 0.0006095126155 -0.0055106109
v -0.02594155043 0.0007603252307 -0.005320294666
v -0.02591218396 0.0006653878954 -0.005434169805
v -0.02602306723 0.0008622327587 -0.00501199616
v -0.02599526166 0.0008238508599 -0.005128522775
v -0.0264250484 0 -0.003132596518
v -0.02654778182 0 -0.001954356114
v -0.02605592801 0.0009251632146 -0.004872459824
v -0.02612574368 0.001083574491 -0.004522845055
v -0.02641634613 0.001302320859 -0.002759572723
v -0.02627169683 0.001140462584 -0.003845658525
v -0.02626927539 0.001151076518 -0.003852156362
v -0.02627127587 0.001154062687 -0.003839935548
v -0.02626433193 0.001145036891 -0.003877300209
v -0.02625412836 0.001140418113 -0.003925847261
v -0.02633825659 0.001288878848 -0.00329928277
v -0.02644574239 0.001142260269 -0.002660564286
v -0.02653597637 0.001142806723 -0.001476742699
v -0.02643591135 0.00130702625 -0.002590690645
v -0.02643735304 0.001307658968 -0.002571057201
v -0.02649788528 0.001416569925 -0.001645937701
v -0.02647363736 0.001362466719 -0.002029137592
v -0.02582412928 0 -0.005800376552
v -0.0258170028 0.0002459581883 -0.005802424996
v -0.0255264078 0.000727302453 -0.005365111305
v -0.02539631694 1.680844798e-05 -0.005923372133
v -0.02534471049 1.050819355e-05 -0.005938209499
v -0.02541200041 0.0004167688021 -0.005790052376
v -0.02526490732 0.001054179971 -0.004695012606
v -0.02556727051 0.001364713535 -0.00337933041
v -0.02570619031 0.001487292582 -0.002079992461
v -0.02658876001 0 -0.0007704493113
v -0.02654778182 0 0.0004134574334
v -0.0264250484 0 0.001591697721
v -0.02624836161 0 0.002602825152
v -0.02623798668 0.0003800963168 0.002607364302
v -0.0263095197 0.0008591645164 0.002128881031
v -0.02623922347 0.0004841022019 0.002581369925
v -0.02624396949 0.0005150305224 0.002553664242
v -0.02623451098 0.0004533869796 0.002608884802
v -0.02627004652 0.000714495487 0.002375666845
v -0.02616034418 0.000429049076 0.002641333245
v -0.02653597637 0.001142806723 -6.415592396e-05
v -0.02650506019 0.001459586201 -0.001355007197
v -0.02650864019 0.001453744597 -0.001284690014
v -0.02651214942 0.001413809718 -0.0008144634998
v -0.02650667324 0.001476116129 -0.0002700264089
v -0.02650076493 0.001488401089 -0.0001611261618
v -0.02643178373 0.001376198139 0.00102045769
v -0.02643770694 0.001403070753 0.0009103999106
v -0.02648029073 0.001543016406 0.0001831872283
v -0.02646540075 0.001569012064 0.0003470728767
v -0.02644574239 0.001142260269 0.001119665536
v -0.0263367851 0.0009910771623 0.001905072051
v -0.0263836269 0.0012692241 0.001462145541
v -0.02636561512 0.001141432673 0.00166526388
v -0.02641223713 0.001324709621 0.001232523005
v -0.02564977824 0.0002471864864 0.002864706424
v -0.02548554882 0.0007027866086 0.00250446445
v -0.02522170141 0.0001224899752 0.003051990155
v -0.02569802075 0.001381057431 -0.0008378579736
v -0.02567350461 0.001569012064 0.0003470728767
v -0.02546103268 0.00128299417 0.001540175792
v -0.02430298894 -0.001500202925 -0.00164511674
v -0.02393839105 -0.001147529576 -0.004620382002
v -0.02392441376 -0.001131665194 -0.004687264002
v -0.02402143522 -0.001238206984 -0.00414316533
v -0.02394837483 -0.001156497281 -0.004573065228
v -0.02390913635 -0.001096899039 -0.004763787052
v -0.02413717999 -0.001364713535 -0.003477394021
v -0.02411311089 -0.001370125334 -0.003480954467
v -0.02421380921 -0.001428413205 -0.002778706978
v -0.02408069714 -0.001319528557 -0.003716229367
v -0.02411038771 -0.001363232499 -0.00350149339
v -0.02423374697 -0.001446633833 -0.002582924346
v -0.02429244637 -0.001479120692 -0.002186227728
v -0.02426004379 -0.001483257278 -0.002217769296
v -0.02426211878 -0.001485644723 -0.00218922519
v -0.02430061965 -0.0008335376042 -0.00528339194
v -0.0242107284 -0.0005965514574 -0.005667473095
v -0.02408814772 -0.0002696739393 -0.006165961175
v -0.02398935302 -0.000179112496 -0.006327873933
v -0.02378049462 -0.0008429092122 -0.005400536953
v -0.02375901832 -0.0007732551312 -0.005512175522
v -0.02374671369 -0.0007403959753 -0.005565389897
v -0.02366105437 -0.0005503956927 -0.005931820161
v -0.02359740033 -0.0004194643116 -0.006203053425
v -0.02355209707 -0.000289241143 -0.006399929429
v -0.02354380085 -0.0002653877309 -0.006435992568
v -0.0235389021 -0.0002502741409 -0.006457378528
v -0.02435047894 -0.001527166576 -0.0009555489745
v -0.02435093715 -0.001526052016 -0.0009431519069
v -0.02435100793 -0.001524526393 -0.0009255336121
v -0.02434723794 -0.001523410436 -0.001051856576
v -0.02434613898 -0.0016299173 -0.0003436324408
v -0.02433666929 -0.001737601473 0.0002479807368
v -0.02433653145 -0.001739172149 0.0002579414064
v -0.0243368183 -0.001735915663 0.0002703781134
v -0.02434613898 -0.0016299173 0.0006187860632
v -0.02435072481 -0.001530627604 0.0009459798672
v -0.02477459206 -0.001086867647 0.001997804305
v -0.02478276163 -0.0009234289173 0.002398229182
v -0.02434753223 -0.001495218836 0.001063638825
v -0.0243310143 -0.001417698339 0.001323152486
v -0.02469196513 -8.793782035e-05 0.003283749662
v -0.02453282817 -4.278420238e-05 0.00335337231
v -0.02428859442 -0.001256195595 0.001968954202
v -0.02428572967 -0.001194310258 0.002040781291
v -0.02427195355 -0.00101895642 0.002318510647
v -0.02425931736 -0.0009305484127 0.0024609725
v -0.02424787699 -0.0008818265633 0.002582468187
v -0.02421611889 -0.0003955946886 0.003003686179
v -0.02421450584 -0.000375033298 0.003024073412
v -0.02421164855 -0.0003438899585 0.003058957612
v -0.0241918151 -0.0002146967745 0.003280267679
v -0.02417167991 -0.0001208191825 0.003444530863
v -0.02416012778 -8.074773359e-05 0.003516428732
v -0.02416164397 -2.516529457e-05 0.003515764699
v -0.02436297729 0 -0.001688535929
v -0.02430298894 0.001500202925 -0.00164511674
v -0.02398935302 0.000179112496 -0.006327873933
v -0.02408814772 0.0002696739393 -0.006165961175
v -0.0242107284 0.0005965514574 -0.005667473095
v -0.02430061965 0.0008335376042 -0.00528339194
v -0.02354579761 0 -0.006455396208
v -0.0235389021 0.0002502741409 -0.006457378528
v -0.02354380085 0.0002653877309 -0.006435992568
v -0.02355209707 0.000289241143 -0.006399929429
v -0.02359740033 0.0004194643116 -0.006203053425
v -0.02389710366 0 -0.005033319256
v -0.02374671369 0.0007403959753 -0.005565389897
v -0.02378049462 0.0008429092122 -0.005400536953
v -0.02375901832 0.0007732551312 -0.005512175522
v -0.02366105437 0.0005503956927 -0.005931820161
v -0.0241879259 0 -0.003368989936
v -0.02392441376 0.001131665194 -0.004687264002
v -0.02393839105 0.001147529576 -0.004620382002
v -0.02402143522 0.001238206984 -0.00414316533
v -0.02394837483 0.001156497281 -0.004573065228
v -0.02390913635 0.001096899039 -0.004763787052
v -0.02413717999 0.001364713535 -0.003477394021
v -0.02411311089 0.001370125334 -0.003480954467
v -0.02421380921 0.001428413205 -0.002778706978
v -0.02408069714 0.001319528557 -0.003716229367
v -0.02411038771 0.001363232499 -0.00350149339
v -0.02423374697 0.001446633833 -0.002582924346
v -0.02429244637 0.001479120692 -0.002186227728
v -0.02426004379 0.001483257278 -0.002217769296
v -0.02426211878 0.001485644723 -0.00218922519
v -0.02442142337 0 -2.218139496e-11
v -0.02436297729 0 0.001688535885
v -0.02453282817 4.278420238e-05 0.00335337231
v -0.02435047894 0.001527166576 -0.0009555489745
v -0.02435100793 0.001524526393 -0.0009255336121
v -0.02435093715 0.001526052016 -0.0009431519069
v -0.02434723794 0.001523410436 -0.001051856576
v -0.02434613898 0.0016299173 -0.0003436324408
v -0.02433666929 0.001737601473 0.0002479807368
v -0.02433653145 0.001739172149 0.0002579414064
v -0.0243368183 0.001735915663 0.0002703781134
v -0.02434613898 0.0016299173 0.0006187860632
v -0.02435072481 0.001530627604 0.0009459798672
v -0.02477459206 0.001086867647 0.001997804305
v -0.02478276163 0.0009234289173 0.002398229182
v -0.02432512461 0.001368622994 0.001427585179
v -0.0243310143 0.001417698339 0.001323152486
v -0.02434753223 0.001495218836 0.001063638825
v -0.02429883524 3.747590745e-05 0.003455743754
v -0.0241879259 0 0.003368989892
v -0.02416232943 0 0.003515464115
v -0.02416109263 4.536865526e-05 0.003516005912
v -0.02416636392 5.522989522e-05 0.003484423134
v -0.02417539775 9.317429067e-05 0.003427246214
v -0.02419125631 0.0001837689488 0.003293048452
v -0.0242069435 0.0003069434606 0.00311297211
v -0.0242136006 0.0003612505388 0.003036072805
v -0.02421450584 0.000375033298 0.003024073412
v -0.02421164855 0.0003438899585 0.003058957612
v -0.02424371584 0.0008439040976 0.002631470073
v -0.02428572967 0.001194310258 0.002040781291
v -0.02427779853 0.001142978435 0.002173190914
v -0.02424787699 0.0008818265633 0.002582468187
v -0.02426998287 0.00104100164 0.002332140204
vt 0.9363752917 0.07354860294
vt 0.9371086506 0.07760747629
vt 0.93705222 0.07730287449
vt 0.9409999979 0.07006060692
vt 0.9371086506 0.07760747629
vt 0.9363752917 0.07354860294
vt 0.9400909175 0.0861222689
vt 0.9400364353 0.08599510585
vt 0.9396133211 0.08488272939
vt 0.941474104 0.08928842226
vt 0.9431746388 0.0931208472
vt 0.9424019008 0.09148739231
vt 0.9460000077 0.08654545084
vt 0.9431746388 0.0931208472
vt 0.941474104 0.08928842226
vt 0.9429999891 0.07878788493
vt 0.9400909175 0.0861222689
vt 0.9396133211 0.08488272939
vt 0.9429999891 0.07878788493
vt 0.9396133211 0.08488272939
vt 0.9383600429 0.08128751849
vt 0.9460000078 0.08654545091
vt 0.941474104 0.08928842235
vt 0.9400909183 0.08612227003
vt 0.9429999897 0.07878788594
vt 0.9460000078 0.08654545091
vt 0.9400909183 0.08612227003
vt 0.9429999892 0.07878788508
vt 0.937175845 0.07785102862
vt 0.9371521553 0.07777207828
vt 0.9429999892 0.07878788508
vt 0.9371521553 0.07777207828
vt 0.937108651 0.07760747649
vt 0.9429999892 0.07878788508
vt 0.9383600431 0.08128751871
vt 0.937175845 0.07785102862
vt 0.9370000075 0.06715151282
vt 0.9352434659 0.0705581257
vt 0.9346908714 0.06855099016
vt 0.9346908714 0.06855099016
vt 0.9352434659 0.0705581257
vt 0.9350167988 0.06980774908
vt 0.9409999978 0.07006060688
vt 0.9429999892 0.07878788508
vt 0.937108651 0.07760747649
vt 0.9409999979 0.07006060704
vt 0.936375292 0.07354860292
vt 0.9355445826 0.07142174194
vt 0.9409999979 0.07006060704
vt 0.9355445826 0.07142174194
vt 0.9352434659 0.07055812578
vt 0.9409999979 0.07006060704
vt 0.9352434659 0.07055812578
vt 0.9370000075 0.06715151225
vt 0.9429999898 0.07878788553
vt 0.9540000003 0.08169696966
vt 0.9460000079 0.08654545115
vt 0.9370000075 0.06715151261
vt 0.9346908714 0.06855098992
vt 0.9343773733 0.06771666074
vt 0.9370000075 0.0671515124
vt 0.9343773733 0.06771666092
vt 0.9341943261 0.06702045654
vt 0.9370000075 0.0671515124
vt 0.9341540771 0.06686737718
vt 0.9336569722 0.06497674852
vt 0.9370000075 0.0671515124
vt 0.9341943261 0.06702045654
vt 0.9341540771 0.06686737718
vt 0.9370000075 0.0671515124
vt 0.9336569722 0.06497674852
vt 0.9360000083 0.0632727219
vt 0.9360000082 0.06327272181
vt 0.9336569719 0.06497674804
vt 0.9336381956 0.0649384785
vt 0.9360000082 0.06327272181
vt 0.9336381956 0.0649384785
vt 0.9332264982 0.06401681146
vt 0.1796875 0.02272727273
vt 0.1796875 0.02272727273
vt 0.1796875 0.02272727273
vt 0.9360000082 0.06327272181
vt 0.9332264982 0.06401681146
vt 0.9350403315 0.06141154949
vt 0.9360000079 0.063272722
vt 0.9350403314 0.0614115496
vt 0.935311723 0.06118219611
vt 0.1796875 0.02272727273
vt 0.1796875 0.02272727273
vt 0.1796875 0.02272727273
vt 0.9444195376 0.09610937116
vt 0.9467155328 0.09942523104
vt 0.9463098707 0.09888561783
vt 0.948999994 0.09333333726
vt 0.9433214478 0.09351825608
vt 0.9431746387 0.09312084718
vt 0.948999994 0.09333333726
vt 0.9444195377 0.09610937125
vt 0.9433214478 0.09351825608
vt 0.948999994 0.09333333718
vt 0.9467155328 0.09942523104
vt 0.9444195376 0.09610937116
vt 0.9529999957 0.1001212141
vt 0.9479525233 0.1013614202
vt 0.9467155329 0.09942523039
vt 0.9460000076 0.08654545085
vt 0.948999994 0.09333333726
vt 0.9431746387 0.09312084718
vt 0.9529999957 0.1001212141
vt 0.9485700835 0.1022690503
vt 0.9479525233 0.1013614202
vt 0.9529999956 0.1001212139
vt 0.9503281281 0.1058212074
vt 0.9485700834 0.1022690502
vt 0.9489999942 0.09333333665
vt 0.9529999957 0.1001212141
vt 0.9467155329 0.09942523039
vt 0.9529999955 0.100121214
vt 0.9580000047 0.1069090887
vt 0.9503281282 0.1058212074
vt 0.9580000047 0.1069090887
vt 0.9507097405 0.1064868259
vt 0.9503281282 0.1058212074
vt 0.9580000047 0.1069090887
vt 0.9514923988 0.1077459014
vt 0.9507097405 0.1064868259
vt 0.9580000047 0.1069090887
vt 0.9523831963 0.1090877303
vt 0.9514923988 0.1077459014
vt 0.9580000047 0.1069090888
vt 0.9531993937 0.1105278807
vt 0.9523831963 0.1090877303
vt 0.9580000047 0.1069090888
vt 0.9541868751 0.1121723533
vt 0.9531993937 0.1105278807
vt 0.9541868752 0.1121723533
vt 0.9557463285 0.1150863732
vt 0.954876003 0.113523303
vt 0.9557463286 0.1150863727
vt 0.9567738374 0.1168175459
vt 0.9566318623 0.1165862991
vt 0.9574944725 0.1170962694
vt 0.9569148293 0.1170472017
vt 0.9567738374 0.1168175459
vt 0.1796875 0.02272727273
vt 0.1796875 0.02272727273
vt 0.1796875 0.02272727273
vt 0.9610000031 0.1136969687
vt 0.9557463285 0.1150863732
vt 0.9541868752 0.1121723533
vt 0.9610000031 0.1136969688
vt 0.9567738374 0.1168175459
vt 0.9557463286 0.1150863727
vt 0.9574944725 0.1170962694
vt 0.9567738374 0.1168175459
vt 0.9610000031 0.1136969688
vt 0.1796875 0.02272727273
vt 0.1796875 0.02272727273
vt 0.1796875 0.02272727273
vt 0.9460000079 0.08654545201
vt 0.9567346116 0.08938435788
vt 0.9489999938 0.09333333631
vt 0.9489999937 0.0933333365
vt 0.9608991739 0.09621798048
vt 0.9529999955 0.1001212139
vt 0.9529999952 0.1001212136
vt 0.9609691392 0.09635213999
vt 0.9580000049 0.1069090892
vt 0.9580000047 0.1069090888
vt 0.9610000029 0.1136969686
vt 0.9541868751 0.1121723533
vt 0.9580000039 0.1069090892
vt 0.9640000049 0.1107878762
vt 0.9610000024 0.1136969688
vt 0.9574944725 0.1170962694
vt 0.9610000028 0.1136969687
vt 0.9609999942 0.1174687635
vt 0.1796875 0.02272727273
vt 0.1796875 0.02272727273
vt 0.1796875 0.02272727273
vt 0.961000003 0.1136969686
vt 0.967998983 0.117090415
vt 0.9609999939 0.1174687637
vt 0.1796875 0.02272727273
vt 0.1796875 0.02272727273
vt 0.1796875 0.02272727273
vt 0.8959999996 0.7478787805
vt 0.8954227147 0.7503978384
vt 0.8931895465 0.7506040768
vt 0.8954227147 0.7503978384
vt 0.8940317272 0.7505446725
vt 0.8931895465 0.7506040768
vt 0.8858850121 0.7513300106
vt 0.8899445728 0.750922245
vt 0.886190046 0.7513006393
vt 0.8919999998 0.745939396
vt 0.8899445728 0.750922245
vt 0.8858850121 0.7513300106
vt 0.8771818565 0.7519867528
vt 0.8784179904 0.7518641603
vt 0.8773101013 0.7519783395
vt 0.8689143434 0.7512926834
vt 0.8734342626 0.7518464322
vt 0.8708631023 0.7515732219
vt 0.874 0.7469090827
vt 0.8734342626 0.7518464322
vt 0.8689143434 0.7512926834
vt 0.8829999971 0.7469091015
vt 0.8858850117 0.7513300108
vt 0.8857135502 0.7513436164
vt 0.8829999971 0.7469091015
vt 0.8857135502 0.7513436164
vt 0.8856304721 0.751347856
vt 0.8829999971 0.7469091015
vt 0.8856304721 0.751347856
vt 0.8819688986 0.751408443
vt 0.8829999973 0.7469091016
vt 0.8784179904 0.7518641603
vt 0.8771818565 0.7519867528
vt 0.8829999973 0.7469091016
vt 0.8819688989 0.7514084431
vt 0.8784179904 0.7518641603
vt 0.8739999999 0.7469090828
vt 0.877181857 0.7519867537
vt 0.8734342625 0.7518464322
vt 0.8829999978 0.7469091024
vt 0.877181857 0.7519867537
vt 0.8739999999 0.7469090828
vt 0.1796875 0.02272727273
vt 0.1796875 0.02272727273
vt 0.1796875 0.02272727273
vt 0.9000000024 0.746909081
vt 0.9005710876 0.7501551832
vt 0.8991800406 0.7497671637
vt 0.9000000024 0.746909081
vt 0.8991800406 0.7497671637
vt 0.899121364 0.749749125
vt 0.1796875 0.02272727273
vt 0.1796875 0.02272727273
vt 0.1796875 0.02272727273
vt 0.9028790087 0.7478396783
vt 0.9005710876 0.7501551832
vt 0.9000000024 0.746909081
vt 0.8960000002 0.7478787801
vt 0.8991213636 0.7497491251
vt 0.8971685968 0.7502133861
vt 0.8960000002 0.7478787801
vt 0.8971685968 0.7502133861
vt 0.8970104864 0.7502509764
vt 0.896 0.7478787803
vt 0.8962914026 0.7504219412
vt 0.8954227152 0.7503978382
vt 0.8960000002 0.7478787801
vt 0.8970104864 0.7502509764
vt 0.8962914024 0.7504219413
vt 0.9000000025 0.7469090812
vt 0.8991213636 0.7497491251
vt 0.8960000002 0.7478787801
vt 0.1796875 0.02272727273
vt 0.1796875 0.02272727273
vt 0.1796875 0.02272727273
vt 0.9028790086 0.7478396786
vt 0.9000000018 0.7469090822
vt 0.9029999985 0.7475387265
vt 0.8919999997 0.745939396
vt 0.8931895464 0.7506040767
vt 0.892259923 0.7507159297
vt 0.8919999997 0.745939396
vt 0.892259923 0.7507159297
vt 0.8899445727 0.750922245
vt 0.8919999999 0.7459393959
vt 0.8858850117 0.7513300108
vt 0.8829999971 0.7469091015
vt 0.8960000006 0.7478787809
vt 0.8931895464 0.7506040767
vt 0.8919999997 0.745939396
vt 0.8829999969 0.7469091022
vt 0.8740000006 0.7469090828
vt 0.8759999999 0.7381818179
vt 0.1796875 0.02272727273
vt 0.1796875 0.02272727273
vt 0.1796875 0.02272727273
vt 0.1796875 0.02272727273
vt 0.1796875 0.02272727273
vt 0.1796875 0.02272727273
vt 0.1796875 0.02272727273
vt 0.1796875 0.02272727273
vt 0.1796875 0.02272727273
vt 0.8410524844 0.7471850024
vt 0.8415481927 0.7476182113
vt 0.8412906775 0.7476088547
vt 0.8415481927 0.7476182113
vt 0.8434776044 0.7476616397
vt 0.841807494 0.7476276377
vt 0.1796875 0.02272727273
vt 0.1796875 0.02272727273
vt 0.1796875 0.02272727273
vt 0.8429999999 0.7430303003
vt 0.8452425194 0.7479305902
vt 0.8434776039 0.7476616396
vt 0.8410524844 0.7471850024
vt 0.8429999998 0.7430303003
vt 0.8415481927 0.7476182113
vt 0.8429999998 0.7430303003
vt 0.8434776044 0.7476616397
vt 0.8415481927 0.7476182113
vt 0.8608599641 0.7503698697
vt 0.8654274422 0.750936262
vt 0.8616192712 0.7504889817
vt 0.8659999989 0.7459394005
vt 0.8689143435 0.7512926835
vt 0.8684593692 0.7512626872
vt 0.8659999989 0.7459394005
vt 0.8684593692 0.7512626872
vt 0.8654274421 0.750936262
vt 0.865999999 0.7459394005
vt 0.8654274422 0.750936262
vt 0.8608599641 0.7503698697
vt 0.8579999996 0.7449697016
vt 0.8608599638 0.7503698697
vt 0.8585446851 0.7500066256
vt 0.8740000001 0.7469090829
vt 0.8689143435 0.7512926835
vt 0.8659999989 0.7459394005
vt 0.8579999997 0.7449697016
vt 0.8574462607 0.7498023331
vt 0.8537250032 0.7496333287
vt 0.8579999996 0.7449697016
vt 0.8585446851 0.7500066256
vt 0.8574462606 0.7498023331
vt 0.8659999988 0.7459394005
vt 0.8608599638 0.7503698697
vt 0.8579999996 0.7449697016
vt 0.8579999999 0.7449697019
vt 0.8537250032 0.7496333286
vt 0.8500000003 0.7430302979
vt 0.8468480687 0.7481243367
vt 0.8499999996 0.7490215604
vt 0.8485524727 0.7486322407
vt 0.8500000001 0.7430302984
vt 0.8468480687 0.7481243364
vt 0.8452425194 0.7479305902
vt 0.8500000002 0.7430302979
vt 0.8499999996 0.7490215604
vt 0.8468480687 0.7481243367
vt 0.8500000003 0.7430302979
vt 0.8515467375 0.7493155526
vt 0.8499999996 0.7490215604
vt 0.8500000003 0.7430302979
vt 0.8537250032 0.7496333286
vt 0.8529791685 0.7495426901
vt 0.8500000003 0.7430302979
vt 0.8529791685 0.7495426901
vt 0.8515467375 0.7493155526
vt 0.1796875 0.02272727273
vt 0.1796875 0.02272727273
vt 0.1796875 0.02272727273
vt 0.8391103401 0.7436589411
vt 0.8376661822 0.7407700382
vt 0.8429999998 0.7430303
vt 0.8410524844 0.7471850024
vt 0.8391103402 0.7436589412
vt 0.8429999997 0.7430303
vt 0.8739999997 0.7469090827
vt 0.8659999993 0.7459394007
vt 0.8671688858 0.7374460718
vt 0.8659999983 0.7459394008
vt 0.8579999992 0.7449697018
vt 0.8600504142 0.7363238995
vt 0.8579999996 0.7449697018
vt 0.8500000006 0.7430302979
vt 0.8598971423 0.7363122463
vt 0.8429999999 0.7430303003
vt 0.8500000001 0.7430302984
vt 0.8452425194 0.7479305902
vt 0.8429999998 0.7430302998
vt 0.8469999996 0.7381818274
vt 0.85 0.7430302976
vt 0.940999998 0.07006060691
vt 0.9486950167 0.06682257061
vt 0.9429999902 0.07878788523
vt 0.9409999978 0.07006060696
vt 0.9370000077 0.06715151251
vt 0.9449999922 0.06424242855
vt 0.9429999899 0.0787878855
vt 0.9487802582 0.067122451
vt 0.949657115 0.0697941036
vt 0.940999998 0.07006060698
vt 0.9449999929 0.06424242859
vt 0.9485854871 0.06638279466
vt 0.940999998 0.07006060691
vt 0.9485854872 0.06638279467
vt 0.9486950167 0.06682257061
vt 0.9429999899 0.0787878855
vt 0.9486950162 0.06682257099
vt 0.9487802582 0.067122451
vt 0.9460000078 0.08654545126
vt 0.955289909 0.08503251754
vt 0.9565130101 0.08878663884
vt 0.9460000078 0.08654545126
vt 0.9540000003 0.08169696967
vt 0.955289909 0.08503251754
vt 0.9429999899 0.0787878855
vt 0.9506050564 0.07240746355
vt 0.9509999972 0.07393939433
vt 0.9429999899 0.0787878855
vt 0.949657115 0.0697941036
vt 0.9506050564 0.07240746355
vt 0.9429999899 0.07878788553
vt 0.9509999972 0.07393939433
vt 0.9540000003 0.08169696966
vt 0.1796875 0.02272727273
vt 0.1796875 0.02272727273
vt 0.1796875 0.02272727273
vt 0.9370000075 0.06715151277
vt 0.9360000084 0.06327272232
vt 0.9439999918 0.06133333746
vt 0.9360000079 0.063272722
vt 0.935311723 0.06118219611
vt 0.9430000013 0.05745454497
vt 0.1796875 0.02272727273
vt 0.1796875 0.02272727273
vt 0.1796875 0.02272727273
vt 0.9370000077 0.06715151244
vt 0.9439999917 0.0613333377
vt 0.9449999923 0.06424242876
vt 0.9360000085 0.06327272263
vt 0.9430000019 0.05745454564
vt 0.9439999917 0.06133333721
vt 0.9353117229 0.0611821955
vt 0.9430000042 0.0561519772
vt 0.9430000017 0.05745454559
vt 0.9484840515 0.06593166822
vt 0.9485854871 0.06638279466
vt 0.9449999929 0.06424242859
vt 0.9484840523 0.06593166865
vt 0.9449999939 0.0642424291
vt 0.9472936053 0.06201832289
vt 0.9510988491 0.07373170737
vt 0.9511394213 0.07387179447
vt 0.9509999974 0.07393939394
vt 0.9509999972 0.07393939392
vt 0.9526695535 0.07812279649
vt 0.9540000003 0.08169696971
vt 0.9509999972 0.07393939392
vt 0.9511394212 0.07387179469
vt 0.9526695535 0.07812279649
vt 0.950605057 0.07240746393
vt 0.951098849 0.07373170755
vt 0.950999997 0.07393939417
vt 0.9526695535 0.07812279649
vt 0.9531469763 0.07929204868
vt 0.9540000003 0.08169696971
vt 0.9531469763 0.07929204868
vt 0.9541054531 0.08145154309
vt 0.9540000003 0.08169696971
vt 0.9540000002 0.08169696969
vt 0.9541054532 0.08145154326
vt 0.9541726138 0.08161327856
vt 0.9540000002 0.08169696971
vt 0.9541726138 0.08161327857
vt 0.9552899093 0.08503251634
vt 0.1796875 0.02272727273
vt 0.1796875 0.02272727273
vt 0.1796875 0.02272727273
vt 0.1796875 0.02272727273
vt 0.1796875 0.02272727273
vt 0.1796875 0.02272727273
vt 0.1796875 0.02272727273
vt 0.1796875 0.02272727273
vt 0.1796875 0.02272727273
vt 0.1796875 0.02272727273
vt 0.1796875 0.02272727273
vt 0.1796875 0.02272727273
vt 0.1796875 0.02272727273
vt 0.1796875 0.02272727273
vt 0.1796875 0.02272727273
vt 0.1796875 0.02272727273
vt 0.1796875 0.02272727273
vt 0.1796875 0.02272727273
vt 0.9449999939 0.06424242905
vt 0.9439999935 0.06133333799
vt 0.9472936052 0.0620183229
vt 0.1796875 0.02272727273
vt 0.1796875 0.02272727273
vt 0.1796875 0.02272727273
vt 0.1796875 0.02272727273
vt 0.1796875 0.02272727273
vt 0.1796875 0.02272727273
vt 0.9439999925 0.06133333775
vt 0.9430000016 0.05745454557
vt 0.9461141646 0.05620809409
vt 0.1796875 0.02272727273
vt 0.1796875 0.02272727273
vt 0.1796875 0.02272727273
vt 0.9439999935 0.06133333799
vt 0.946978407 0.06118537689
vt 0.9472936052 0.0620183229
vt 0.9439999935 0.06133333799
vt 0.9468390673 0.06078272939
vt 0.946978407 0.06118537689
vt 0.9439999922 0.06133333685
vt 0.946114165 0.05620809472
vt 0.9465673057 0.05834591773
vt 0.9439999927 0.06133333762
vt 0.9465673063 0.05834591847
vt 0.9468390666 0.06078272906
vt 0.1796875 0.02272727273
vt 0.1796875 0.02272727273
vt 0.1796875 0.02272727273
vt 0.1796875 0.02272727273
vt 0.1796875 0.02272727273
vt 0.1796875 0.02272727273
vt 0.1796875 0.02272727273
vt 0.1796875 0.02272727273
vt 0.1796875 0.02272727273
vt 0.1796875 0.02272727273
vt 0.1796875 0.02272727273
vt 0.1796875 0.02272727273
vt 0.1796875 0.02272727273
vt 0.1796875 0.02272727273
vt 0.1796875 0.02272727273
vt 0.9430000016 0.05745454542
vt 0.943000004 0.05615197677
vt 0.9456225089 0.05440289371
vt 0.9430000016 0.05745454557
vt 0.9456986356 0.05468236371
vt 0.9461141646 0.05620809409
vt 0.1796875 0.02272727273
vt 0.1796875 0.02272727273
vt 0.1796875 0.02272727273
vt 0.1796875 0.02272727273
vt 0.1796875 0.02272727273
vt 0.1796875 0.02272727273
vt 0.9430000016 0.05745454557
vt 0.945622509 0.0544028933
vt 0.9456986356 0.05468236371
vt 0.943000004 0.05615197677
vt 0.9455661956 0.05424972381
vt 0.9456225089 0.05440289371
vt 0.1796875 0.02272727273
vt 0.1796875 0.02272727273
vt 0.1796875 0.02272727273
vt 0.1796875 0.02272727273
vt 0.1796875 0.02272727273
vt 0.1796875 0.02272727273
vt 0.1796875 0.02272727273
vt 0.1796875 0.02272727273
vt 0.1796875 0.02272727273
vt 0.1796875 0.02272727273
vt 0.1796875 0.02272727273
vt 0.1796875 0.02272727273
vt 0.1796875 0.02272727273
vt 0.1796875 0.02272727273
vt 0.1796875 0.02272727273
vt 0.1796875 0.02272727273
vt 0.1796875 0.02272727273
vt 0.1796875 0.02272727273
vt 0.1796875 0.02272727273
vt 0.1796875 0.02272727273
vt 0.1796875 0.02272727273
vt 0.1796875 0.02272727273
vt 0.1796875 0.02272727273
vt 0.1796875 0.02272727273
vt 0.9489999939 0.09333333645
vt 0.9588205482 0.09286194168
vt 0.9608991739 0.09621798048
vt 0.9460000078 0.08654545126
vt 0.9565130101 0.08878663884
vt 0.9567346115 0.08938435761
vt 0.9489999938 0.09333333631
vt 0.9567346116 0.08938435788
vt 0.9567613428 0.0894534273
vt 0.9489999938 0.09333333631
vt 0.9567613428 0.0894534273
vt 0.9568027842 0.0895501635
vt 0.9489999939 0.09333333645
vt 0.9568027842 0.0895501638
vt 0.9588205482 0.09286194168
vt 0.9529999955 0.1001212139
vt 0.9608991739 0.09621798048
vt 0.9609323788 0.09627521027
vt 0.9529999952 0.1001212136
vt 0.9609323788 0.09627521024
vt 0.9609691392 0.09635213999
vt 0.9580000043 0.1069090888
vt 0.9609691396 0.09635214024
vt 0.9617451421 0.09840806966
vt 0.9588205482 0.09286194168
vt 0.9609337366 0.09627436718
vt 0.9608991739 0.09621798048
vt 0.1796875 0.02272727273
vt 0.1796875 0.02272727273
vt 0.1796875 0.02272727273
vt 0.1796875 0.02272727273
vt 0.1796875 0.02272727273
vt 0.1796875 0.02272727273
vt 0.1796875 0.02272727273
vt 0.1796875 0.02272727273
vt 0.1796875 0.02272727273
vt 0.1796875 0.02272727273
vt 0.1796875 0.02272727273
vt 0.1796875 0.02272727273
vt 0.1796875 0.02272727273
vt 0.1796875 0.02272727273
vt 0.1796875 0.02272727273
vt 0.1796875 0.02272727273
vt 0.1796875 0.02272727273
vt 0.1796875 0.02272727273
vt 0.1796875 0.02272727273
vt 0.1796875 0.02272727273
vt 0.1796875 0.02272727273
vt 0.1796875 0.02272727273
vt 0.1796875 0.02272727273
vt 0.1796875 0.02272727273
vt 0.1796875 0.02272727273
vt 0.1796875 0.02272727273
vt 0.1796875 0.02272727273
vt 0.9580000043 0.1069090888
vt 0.9617451421 0.09840806966
vt 0.9624960543 0.1003271044
vt 0.9580000043 0.1069090888
vt 0.9624960543 0.1003271044
vt 0.9627918277 0.1010035829
vt 0.9580000043 0.1069090888
vt 0.9627918277 0.1010035829
vt 0.9634945879 0.1024690219
vt 0.9580000045 0.1069090888
vt 0.9634945883 0.1024690219
vt 0.9661983665 0.1061141018
vt 0.9580000044 0.1069090883
vt 0.9629999927 0.1078787927
vt 0.9640000056 0.110787875
vt 0.9580000051 0.1069090894
vt 0.9661983649 0.1061141006
vt 0.9629999913 0.1078787909
vt 0.9629999913 0.1078787909
vt 0.9661983649 0.1061141006
vt 0.9662869197 0.1066038603
vt 0.9629999914 0.1078787911
vt 0.9662869197 0.1066038606
vt 0.9668998849 0.1083664084
vt 0.1796875 0.02272727273
vt 0.1796875 0.02272727273
vt 0.1796875 0.02272727273
vt 0.1796875 0.02272727273
vt 0.1796875 0.02272727273
vt 0.1796875 0.02272727273
vt 0.9629999914 0.1078787911
vt 0.9668998849 0.1083664084
vt 0.9672508338 0.1092528003
vt 0.1796875 0.02272727273
vt 0.1796875 0.02272727273
vt 0.1796875 0.02272727273
vt 0.9629999921 0.107878793
vt 0.9672508345 0.1092528021
vt 0.964000006 0.1107878748
vt 0.964000006 0.1107878748
vt 0.9672508345 0.1092528021
vt 0.9676363325 0.1100826548
vt 0.1796875 0.02272727273
vt 0.1796875 0.02272727273
vt 0.1796875 0.02272727273
vt 0.1796875 0.02272727273
vt 0.1796875 0.02272727273
vt 0.1796875 0.02272727273
vt 0.9610000026 0.1136969687
vt 0.9640000054 0.1107878762
vt 0.9698040144 0.1136969698
vt 0.9610000028 0.1136969687
vt 0.9698040144 0.1136969698
vt 0.9679989829 0.117090415
vt 0.1796875 0.02272727273
vt 0.1796875 0.02272727273
vt 0.1796875 0.02272727273
vt 0.1796875 0.02272727273
vt 0.1796875 0.02272727273
vt 0.1796875 0.02272727273
vt 0.9640000058 0.1107878759
vt 0.9676363329 0.1100826535
vt 0.9696992023 0.1135511385
vt 0.9640000054 0.1107878762
vt 0.9696992031 0.1135511379
vt 0.9698040144 0.1136969698
vt 0.1796875 0.02272727273
vt 0.1796875 0.02272727273
vt 0.1796875 0.02272727273
vt 0.9679989829 0.117090415
vt 0.9698040144 0.1136969698
vt 0.9699351497 0.1139485041
vt 0.9679989829 0.117090415
vt 0.9699351497 0.1139485041
vt 0.9691163423 0.1171244836
vt 0.9691163425 0.1171244833
vt 0.9699351497 0.1139485038
vt 0.9708203908 0.1155510144
vt 0.1796875 0.02272727273
vt 0.1796875 0.02272727273
vt 0.1796875 0.02272727273
vt 0.1796875 0.02272727273
vt 0.1796875 0.02272727273
vt 0.1796875 0.02272727273
vt 0.1796875 0.02272727273
vt 0.1796875 0.02272727273
vt 0.1796875 0.02272727273
vt 0.1796875 0.02272727273
vt 0.1796875 0.02272727273
vt 0.1796875 0.02272727273
vt 0.1796875 0.02272727273
vt 0.1796875 0.02272727273
vt 0.1796875 0.02272727273
vt 0.1796875 0.02272727273
vt 0.1796875 0.02272727273
vt 0.1796875 0.02272727273
vt 0.1796875 0.02272727273
vt 0.1796875 0.02272727273
vt 0.1796875 0.02272727273
vt 0.1796875 0.02272727273
vt 0.1796875 0.02272727273
vt 0.1796875 0.02272727273
vt 0.9691163425 0.1171244833
vt 0.9708203908 0.1155510144
vt 0.9715085442 0.1167241812
vt 0.9691163425 0.1171244833
vt 0.9715085442 0.1167241812
vt 0.9718254814 0.1172294463
vt 0.1796875 0.02272727273
vt 0.1796875 0.02272727273
vt 0.1796875 0.02272727273
vt 0.1796875 0.02272727273
vt 0.1796875 0.02272727273
vt 0.1796875 0.02272727273
vt 0.1796875 0.02272727273
vt 0.1796875 0.02272727273
vt 0.1796875 0.02272727273
vt 0.1796875 0.02272727273
vt 0.1796875 0.02272727273
vt 0.1796875 0.02272727273
vt 0.1796875 0.02272727273
vt 0.1796875 0.02272727273
vt 0.1796875 0.02272727273
vt 0.9029999985 0.7475387265
vt 0.9000000018 0.7469090822
vt 0.9029999998 0.7391515138
vt 0.9000000017 0.7469090814
vt 0.8959999996 0.7478787803
vt 0.898999999 0.7391515241
vt 0.9000000014 0.7469090821
vt 0.8989999993 0.7391515236
vt 0.9029999992 0.7391515135
vt 0.1796875 0.02272727273
vt 0.1796875 0.02272727273
vt 0.1796875 0.02272727273
vt 0.9029999994 0.7475387268
vt 0.902999999 0.7391515138
vt 0.9043432714 0.7385002275
vt 0.8959999999 0.7478787805
vt 0.8959999984 0.7401212206
vt 0.8989999988 0.739151524
vt 0.8959999998 0.7478787805
vt 0.8919999999 0.7459393961
vt 0.8959999986 0.7401212203
vt 0.8920000001 0.7459393963
vt 0.8829999984 0.7469091034
vt 0.8915425441 0.7367846096
vt 0.892 0.7459393963
vt 0.8919999994 0.7367448642
vt 0.8959999991 0.7401212209
vt 0.8829999982 0.7469091022
vt 0.8883933938 0.7373682506
vt 0.8912298638 0.7368531359
vt 0.8920000001 0.7459393963
vt 0.8915425441 0.7367846096
vt 0.8919999995 0.7367448643
vt 0.8829999982 0.7469091022
vt 0.8912298638 0.7368531359
vt 0.8915425438 0.7367846079
vt 0.8740000005 0.7469090827
vt 0.8678588284 0.7375117628
vt 0.8721302469 0.737764884
vt 0.8740000005 0.7469090827
vt 0.8721302469 0.737764884
vt 0.8759999999 0.7381818179
vt 0.1796875 0.02272727273
vt 0.1796875 0.02272727273
vt 0.1796875 0.02272727273
vt 0.8829999982 0.7469091022
vt 0.8840000008 0.7381818206
vt 0.8855798001 0.7377988298
vt 0.8829999982 0.7469091022
vt 0.8855798001 0.7377988298
vt 0.8883933938 0.7373682506
vt 0.8829999982 0.7469091021
vt 0.8759999999 0.7381818179
vt 0.8840000008 0.7381818208
vt 0.9029999994 0.7391515135
vt 0.8989999981 0.7391515241
vt 0.9032283213 0.7355638441
vt 0.1796875 0.02272727273
vt 0.1796875 0.02272727273
vt 0.1796875 0.02272727273
vt 0.8989999982 0.7391515236
vt 0.895999998 0.7401212203
vt 0.897146802 0.7367850595
vt 0.1796875 0.02272727273
vt 0.1796875 0.02272727273
vt 0.1796875 0.02272727273
vt 0.1796875 0.02272727273
vt 0.1796875 0.02272727273
vt 0.1796875 0.02272727273
vt 0.9043432723 0.7385002277
vt 0.9029999994 0.7391515139
vt 0.9050980123 0.7355912582
vt 0.9029999994 0.7391515135
vt 0.9032283213 0.7355638441
vt 0.9048085544 0.735587003
vt 0.1796875 0.02272727273
vt 0.1796875 0.02272727273
vt 0.1796875 0.02272727273
vt 0.1796875 0.02272727273
vt 0.1796875 0.02272727273
vt 0.1796875 0.02272727273
vt 0.1796875 0.02272727273
vt 0.1796875 0.02272727273
vt 0.1796875 0.02272727273
vt 0.1796875 0.02272727273
vt 0.1796875 0.02272727273
vt 0.1796875 0.02272727273
vt 0.1796875 0.02272727273
vt 0.1796875 0.02272727273
vt 0.1796875 0.02272727273
vt 0.9043432723 0.7385002277
vt 0.9050980123 0.7355912582
vt 0.9052784941 0.7355583587
vt 0.9029999994 0.7391515135
vt 0.9048085544 0.735587003
vt 0.9050980123 0.7355912591
vt 0.1796875 0.02272727273
vt 0.1796875 0.02272727273
vt 0.1796875 0.02272727273
vt 0.1796875 0.02272727273
vt 0.1796875 0.02272727273
vt 0.1796875 0.02272727273
vt 0.9032283206 0.7355638454
vt 0.8989999991 0.7391515219
vt 0.9010538496 0.7361641026
vt 0.8989999985 0.7391515228
vt 0.898432184 0.7363984814
vt 0.9010538491 0.7361641034
vt 0.1796875 0.02272727273
vt 0.1796875 0.02272727273
vt 0.1796875 0.02272727273
vt 0.1796875 0.02272727273
vt 0.1796875 0.02272727273
vt 0.1796875 0.02272727273
vt 0.8989999982 0.7391515236
vt 0.898016605 0.7365319092
vt 0.8984321838 0.7363984821
vt 0.8989999982 0.7391515236
vt 0.897146802 0.7367850595
vt 0.898016605 0.7365319092
vt 0.1796875 0.02272727273
vt 0.1796875 0.02272727273
vt 0.1796875 0.02272727273
vt 0.1796875 0.02272727273
vt 0.1796875 0.02272727273
vt 0.1796875 0.02272727273
vt 0.1796875 0.02272727273
vt 0.1796875 0.02272727273
vt 0.1796875 0.02272727273
vt 0.1796875 0.02272727273
vt 0.1796875 0.02272727273
vt 0.1796875 0.02272727273
vt 0.1796875 0.02272727273
vt 0.1796875 0.02272727273
vt 0.1796875 0.02272727273
vt 0.8959999991 0.7401212209
vt 0.8919999994 0.7367448642
vt 0.8925159414 0.7367427397
vt 0.8959999981 0.7401212207
vt 0.8925159405 0.7367427394
vt 0.8971468019 0.7367850593
vt 0.1796875 0.02272727273
vt 0.1796875 0.02272727273
vt 0.1796875 0.02272727273
vt 0.1796875 0.02272727273
vt 0.1796875 0.02272727273
vt 0.1796875 0.02272727273
vt 0.1796875 0.02272727273
vt 0.1796875 0.02272727273
vt 0.1796875 0.02272727273
vt 0.1796875 0.02272727273
vt 0.1796875 0.02272727273
vt 0.1796875 0.02272727273
vt 0.1796875 0.02272727273
vt 0.1796875 0.02272727273
vt 0.1796875 0.02272727273
vt 0.1796875 0.02272727273
vt 0.1796875 0.02272727273
vt 0.1796875 0.02272727273
vt 0.8841647517 0.7380220611
vt 0.8840000005 0.738181821
vt 0.8840348564 0.7380128224
vt 0.8840000006 0.738181821
vt 0.8759999999 0.7381818179
vt 0.8796749707 0.7381289918
vt 0.8840000006 0.738181821
vt 0.8796749707 0.7381289918
vt 0.8840348563 0.7380128223
vt 0.8855798003 0.7377988302
vt 0.8840000008 0.7381818204
vt 0.8841647518 0.7380220607
vt 0.8796749707 0.7381289918
vt 0.8759999999 0.7381818179
vt 0.8784638634 0.7381032173
vt 0.8784638634 0.7381032173
vt 0.8759999999 0.7381818179
vt 0.8762109143 0.7379772997
vt 0.8759999999 0.7381818179
vt 0.8760215763 0.7379725895
vt 0.8762109146 0.7379772997
vt 0.8759999999 0.7381818179
vt 0.8721302481 0.7377648846
vt 0.8760215763 0.7379725895
vt 0.1796875 0.02272727273
vt 0.1796875 0.02272727273
vt 0.1796875 0.02272727273
vt 0.1796875 0.02272727273
vt 0.1796875 0.02272727273
vt 0.1796875 0.02272727273
vt 0.8429999998 0.7430303
vt 0.8376661822 0.7407700382
vt 0.8390871046 0.734493077
vt 0.1796875 0.02272727273
vt 0.1796875 0.02272727273
vt 0.1796875 0.02272727273
vt 0.8429999997 0.7430302999
vt 0.8430000004 0.7346576772
vt 0.8450000003 0.7381818114
vt 0.8376661815 0.7407700374
vt 0.8363490327 0.7368736671
vt 0.8389647208 0.7344740864
vt 0.8376661822 0.7407700382
vt 0.8389647212 0.7344740868
vt 0.8390871046 0.734493077
vt 0.1796875 0.02272727273
vt 0.1796875 0.02272727273
vt 0.1796875 0.02272727273
vt 0.836349033 0.7368736674
vt 0.8356472351 0.735159671
vt 0.8383828308 0.7344607236
vt 0.836349033 0.7368736674
vt 0.8383828308 0.7344607236
vt 0.8388054547 0.7344916827
vt 0.8363490327 0.7368736671
vt 0.8388054544 0.7344916823
vt 0.8389647208 0.7344740864
vt 0.1796875 0.02272727273
vt 0.1796875 0.02272727273
vt 0.1796875 0.02272727273
vt 0.1796875 0.02272727273
vt 0.1796875 0.02272727273
vt 0.1796875 0.02272727273
vt 0.1796875 0.02272727273
vt 0.1796875 0.02272727273
vt 0.1796875 0.02272727273
vt 0.8429999997 0.7430302999
vt 0.8390871046 0.734493077
vt 0.8430000003 0.7346576772
vt 0.8740000005 0.7469090827
vt 0.8671688861 0.7374460719
vt 0.8678588284 0.7375117628
vt 0.8659999993 0.7459394007
vt 0.8670888778 0.7374398306
vt 0.8671688858 0.7374460718
vt 0.8659999993 0.7459394007
vt 0.8669753498 0.7374272653
vt 0.8670888778 0.7374398306
vt 0.8659999991 0.7459394007
vt 0.8635407756 0.7368944355
vt 0.8669753493 0.7374272652
vt 0.8659999991 0.7459394007
vt 0.860050414 0.7363238995
vt 0.8635407756 0.7368944355
vt 0.8579999996 0.7449697018
vt 0.8598971423 0.7363122463
vt 0.8599830947 0.7363161928
vt 0.8579999992 0.7449697018
vt 0.8599830947 0.7363161928
vt 0.8600504142 0.7363238995
vt 0.8500000007 0.743030298
vt 0.8575182975 0.7362558719
vt 0.8598971422 0.7363122463
vt 0.1796875 0.02272727273
vt 0.1796875 0.02272727273
vt 0.1796875 0.02272727273
vt 0.1796875 0.02272727273
vt 0.1796875 0.02272727273
vt 0.1796875 0.02272727273
vt 0.1796875 0.02272727273
vt 0.1796875 0.02272727273
vt 0.1796875 0.02272727273
vt 0.1796875 0.02272727273
vt 0.1796875 0.02272727273
vt 0.1796875 0.02272727273
vt 0.1796875 0.02272727273
vt 0.1796875 0.02272727273
vt 0.1796875 0.02272727273
vt 0.1796875 0.02272727273
vt 0.1796875 0.02272727273
vt 0.1796875 0.02272727273
vt 0.1796875 0.02272727273
vt 0.1796875 0.02272727273
vt 0.1796875 0.02272727273
vt 0.1796875 0.02272727273
vt 0.1796875 0.02272727273
vt 0.1796875 0.02272727273
vt 0.8635407756 0.7368944355
vt 0.860050414 0.7363238995
vt 0.8599918759 0.7363146397
vt 0.1796875 0.02272727273
vt 0.1796875 0.02272727273
vt 0.1796875 0.02272727273
vt 0.8500000005 0.7430302979
vt 0.8469999987 0.7381818268
vt 0.8527472916 0.7359261899
vt 0.8430000006 0.7430302999
vt 0.8450000018 0.7381818115
vt 0.8469999977 0.7381818271
vt 0.8500000007 0.743030298
vt 0.8527472918 0.7359261901
vt 0.8544927792 0.7361171649
vt 0.8500000007 0.743030298
vt 0.8544927792 0.7361171649
vt 0.8552889888 0.7361764658
vt 0.8500000007 0.743030298
vt 0.8552889888 0.7361764658
vt 0.8575182975 0.7362558719
vt 0.8469999981 0.7381818265
vt 0.8450000015 0.7381818119
vt 0.8470149711 0.7349252986
vt 0.1796875 0.02272727273
vt 0.1796875 0.02272727273
vt 0.1796875 0.02272727273
vt 0.1796875 0.02272727273
vt 0.1796875 0.02272727273
vt 0.1796875 0.02272727273
vt 0.1796875 0.02272727273
vt 0.1796875 0.02272727273
vt 0.1796875 0.02272727273
vt 0.8469999987 0.7381818268
vt 0.8519254849 0.7357937086
vt 0.8527472916 0.7359261899
vt 0.8469999981 0.7381818265
vt 0.8470149711 0.7349252986
vt 0.8476573841 0.7349945018
vt 0.8469999979 0.7381818265
vt 0.8476573838 0.7349945018
vt 0.8519254845 0.7357937084
vt 0.8430000004 0.7346576772
vt 0.8435454628 0.734655679
vt 0.8450000003 0.7381818114
vt 0.8449999998 0.7381818116
vt 0.8435454636 0.7346556788
vt 0.8456667497 0.7348454325
vt 0.8449999998 0.7381818116
vt 0.8456667497 0.7348454325
vt 0.8470149708 0.7349252985
vt 0.1796875 0.02272727273
vt 0.1796875 0.02272727273
vt 0.1796875 0.02272727273
vt 0.1796875 0.02272727273
vt 0.1796875 0.02272727273
vt 0.1796875 0.02272727273
vt 0.1796875 0.02272727273
vt 0.1796875 0.02272727273
vt 0.1796875 0.02272727273
vt 0.1796875 0.02272727273
vt 0.1796875 0.02272727273
vt 0.1796875 0.02272727273
vt 0.1796875 0.02272727273
vt 0.1796875 0.02272727273
vt 0.1796875 0.02272727273
vt 0.8356472353 0.735159671
vt 0.8353255322 0.7341276301
vt 0.8354801166 0.7341873437
vt 0.8356472351 0.735159671
vt 0.8354801166 0.7341873437
vt 0.8359256987 0.7342499253
vt 0.8356472351 0.735159671
vt 0.8359256987 0.7342499253
vt 0.8369738631 0.7343575023
vt 0.8356472351 0.735159671
vt 0.8369738631 0.7343575023
vt 0.8383828308 0.7344607236
vt 0.1796875 0.02272727273
vt 0.1796875 0.02272727273
vt 0.1796875 0.02272727273
vt 0.1796875 0.02272727273
vt 0.1796875 0.02272727273
vt 0.1796875 0.02272727273
vt 0.1796875 0.02272727273
vt 0.1796875 0.02272727273
vt 0.1796875 0.02272727273
vt 0.1796875 0.02272727273
vt 0.1796875 0.02272727273
vt 0.1796875 0.02272727273
vt 0.1796875 0.02272727273
vt 0.1796875 0.02272727273
vt 0.1796875 0.02272727273
vt 0.1796875 0.02272727273
vt 0.1796875 0.02272727273
vt 0.1796875 0.02272727273
vt 0.1796875 0.02272727273
vt 0.1796875 0.02272727273
vt 0.1796875 0.02272727273
vt 0.1796875 0.02272727273
vt 0.1796875 0.02272727273
vt 0.1796875 0.02272727273
vt 0.1796875 0.02272727273
vt 0.1796875 0.02272727273
vt 0.1796875 0.02272727273
vt 0.1796875 0.02272727273
vt 0.1796875 0.02272727273
vt 0.1796875 0.02272727273
vt 0.1796875 0.02272727273
vt 0.1796875 0.02272727273
vt 0.1796875 0.02272727273
vt 0.1796875 0.02272727273
vt 0.1796875 0.02272727273
vt 0.1796875 0.02272727273
vt 0.1796875 0.02272727273
vt 0.1796875 0.02272727273
vt 0.1796875 0.02272727273
vt 0.1796875 0.02272727273
vt 0.1796875 0.02272727273
vt 0.1796875 0.02272727273
vt 0.1796875 0.02272727273
vt 0.1796875 0.02272727273
vt 0.1796875 0.02272727273
vt 0.1796875 0.02272727273
vt 0.1796875 0.02272727273
vt 0.1796875 0.02272727273
vt 0.1796875 0.02272727273
vt 0.1796875 0.02272727273
vt 0.1796875 0.02272727273
vt 0.1796875 0.02272727273
vt 0.1796875 0.02272727273
vt 0.1796875 0.02272727273
vt 0.1796875 0.02272727273
vt 0.1796875 0.02272727273
vt 0.1796875 0.02272727273
vt 0.1796875 0.02272727273
vt 0.1796875 0.02272727273
vt 0.1796875 0.02272727273
vt 0.1796875 0.02272727273
vt 0.1796875 0.02272727273
vt 0.1796875 0.02272727273
vt 0.1796875 0.02272727273
vt 0.1796875 0.02272727273
vt 0.1796875 0.02272727273
vt 0.1796875 0.02272727273
vt 0.1796875 0.02272727273
vt 0.1796875 0.02272727273
vt 0.1796875 0.02272727273
vt 0.1796875 0.02272727273
vt 0.1796875 0.02272727273
vt 0.1796875 0.02272727273
vt 0.1796875 0.02272727273
vt 0.1796875 0.02272727273
vt 0.1796875 0.02272727273
vt 0.1796875 0.02272727273
vt 0.1796875 0.02272727273
vt 0.1796875 0.02272727273
vt 0.1796875 0.02272727273
vt 0.1796875 0.02272727273
vt 0.1796875 0.02272727273
vt 0.1796875 0.02272727273
vt 0.1796875 0.02272727273
vt 0.1796875 0.02272727273
vt 0.1796875 0.02272727273
vt 0.1796875 0.02272727273
vt 0.1796875 0.02272727273
vt 0.1796875 0.02272727273
vt 0.1796875 0.02272727273
vt 0.1796875 0.02272727273
vt 0.1796875 0.02272727273
vt 0.1796875 0.02272727273
vt 0.1796875 0.02272727273
vt 0.1796875 0.02272727273
vt 0.1796875 0.02272727273
vt 0.1796875 0.02272727273
vt 0.1796875 0.02272727273
vt 0.1796875 0.02272727273
vt 0.1796875 0.02272727273
vt 0.1796875 0.02272727273
vt 0.1796875 0.02272727273
vt 0.1796875 0.02272727273
vt 0.1796875 0.02272727273
vt 0.1796875 0.02272727273
vt 0.1796875 0.02272727273
vt 0.1796875 0.02272727273
vt 0.1796875 0.02272727273
vt 0.1796875 0.02272727273
vt 0.1796875 0.02272727273
vt 0.1796875 0.02272727273
vt 0.1796875 0.02272727273
vt 0.1796875 0.02272727273
vt 0.1796875 0.02272727273
vt 0.1796875 0.02272727273
vt 0.1796875 0.02272727273
vt 0.1796875 0.02272727273
vt 0.1796875 0.02272727273
vt 0.1796875 0.02272727273
vt 0.1796875 0.02272727273
vt 0.1796875 0.02272727273
vt 0.1796875 0.02272727273
vt 0.1796875 0.02272727273
vt 0.1796875 0.02272727273
vt 0.1796875 0.02272727273
vt 0.1796875 0.02272727273
vt 0.1796875 0.02272727273
vt 0.1796875 0.02272727273
vt 0.1796875 0.02272727273
vt 0.1796875 0.02272727273
vt 0.1796875 0.02272727273
vt 0.1796875 0.02272727273
vt 0.1796875 0.02272727273
vt 0.1796875 0.02272727273
vt 0.1796875 0.02272727273
vt 0.1796875 0.02272727273
vt 0.1796875 0.02272727273
vt 0.1796875 0.02272727273
vt 0.1796875 0.02272727273
vt 0.1796875 0.02272727273
vt 0.1796875 0.02272727273
vt 0.1796875 0.02272727273
vt 0.1796875 0.02272727273
vt 0.1796875 0.02272727273
vt 0.1796875 0.02272727273
vt 0.1796875 0.02272727273
vt 0.1796875 0.02272727273
vt 0.1796875 0.02272727273
vt 0.1796875 0.02272727273
vt 0.1796875 0.02272727273
vt 0.1796875 0.02272727273
vt 0.1796875 0.02272727273
vt 0.1796875 0.02272727273
vt 0.1796875 0.02272727273
vt 0.1796875 0.02272727273
vt 0.1796875 0.02272727273
vt 0.1796875 0.02272727273
vt 0.1796875 0.02272727273
vt 0.1796875 0.02272727273
vt 0.1796875 0.02272727273
vt 0.1796875 0.02272727273
vt 0.1796875 0.02272727273
vt 0.1796875 0.02272727273
vt 0.1796875 0.02272727273
vt 0.1796875 0.02272727273
vt 0.1796875 0.02272727273
vt 0.1796875 0.02272727273
vt 0.1796875 0.02272727273
vt 0.1796875 0.02272727273
vt 0.1796875 0.02272727273
vt 0.1796875 0.02272727273
vt 0.1796875 0.02272727273
vt 0.1796875 0.02272727273
vt 0.1796875 0.02272727273
vt 0.1796875 0.02272727273
vt 0.1796875 0.02272727273
vt 0.1796875 0.02272727273
vt 0.1796875 0.02272727273
vt 0.1796875 0.02272727273
vt 0.1796875 0.02272727273
vt 0.1796875 0.02272727273
vt 0.1796875 0.02272727273
vt 0.1796875 0.02272727273
vt 0.1796875 0.02272727273
vt 0.1796875 0.02272727273
vt 0.1796875 0.02272727273
vt 0.1796875 0.02272727273
vt 0.1796875 0.02272727273
vt 0.1796875 0.02272727273
vt 0.1796875 0.02272727273
vt 0.1796875 0.02272727273
vt 0.1796875 0.02272727273
vt 0.1796875 0.02272727273
vt 0.1796875 0.02272727273
vt 0.1796875 0.02272727273
vt 0.1796875 0.02272727273
vt 0.1796875 0.02272727273
vt 0.1796875 0.02272727273
vt 0.1796875 0.02272727273
vt 0.1796875 0.02272727273
vt 0.1796875 0.02272727273
vt 0.1796875 0.02272727273
vt 0.1796875 0.02272727273
vt 0.1796875 0.02272727273
vt 0.1796875 0.02272727273
vt 0.1796875 0.02272727273
vt 0.1796875 0.02272727273
vt 0.1796875 0.02272727273
vt 0.1796875 0.02272727273
vt 0.1796875 0.02272727273
vt 0.1796875 0.02272727273
vt 0.1796875 0.02272727273
vt 0.1796875 0.02272727273
vt 0.1796875 0.02272727273
vt 0.1796875 0.02272727273
vt 0.1796875 0.02272727273
vt 0.1796875 0.02272727273
vt 0.1796875 0.02272727273
vt 0.1796875 0.02272727273
vt 0.1796875 0.02272727273
vt 0.1796875 0.02272727273
vt 0.1796875 0.02272727273
vt 0.1796875 0.02272727273
vt 0.1796875 0.02272727273
vt 0.1796875 0.02272727273
vt 0.1796875 0.02272727273
vt 0.1796875 0.02272727273
vt 0.1796875 0.02272727273
vt 0.1796875 0.02272727273
vt 0.1796875 0.02272727273
vt 0.1796875 0.02272727273
vt 0.1796875 0.02272727273
vt 0.1796875 0.02272727273
vt 0.1796875 0.02272727273
vt 0.1796875 0.02272727273
vt 0.1796875 0.02272727273
vt 0.1796875 0.02272727273
vt 0.1796875 0.02272727273
vt 0.1796875 0.02272727273
vt 0.1796875 0.02272727273
vt 0.1796875 0.02272727273
vt 0.1796875 0.02272727273
vt 0.1796875 0.02272727273
vt 0.1796875 0.02272727273
vt 0.1796875 0.02272727273
vt 0.1796875 0.02272727273
vt 0.1796875 0.02272727273
vt 0.1796875 0.02272727273
vt 0.1796875 0.02272727273
vt 0.1796875 0.02272727273
vt 0.1796875 0.02272727273
vt 0.1796875 0.02272727273
vt 0.1796875 0.02272727273
vt 0.1796875 0.02272727273
vt 0.1796875 0.02272727273
vt 0.1796875 0.02272727273
vt 0.1796875 0.02272727273
vt 0.1796875 0.02272727273
vt 0.1796875 0.02272727273
vt 0.1796875 0.02272727273
vt 0.1796875 0.02272727273
vt 0.1796875 0.02272727273
vt 0.1796875 0.02272727273
vt 0.1796875 0.02272727273
vt 0.1796875 0.02272727273
vt 0.1796875 0.02272727273
vt 0.1796875 0.02272727273
vt 0.1796875 0.02272727273
vt 0.1796875 0.02272727273
vt 0.1796875 0.02272727273
vt 0.1796875 0.02272727273
vt 0.1796875 0.02272727273
vt 0.1796875 0.02272727273
vt 0.1796875 0.02272727273
vt 0.1796875 0.02272727273
vt 0.1796875 0.02272727273
vt 0.1796875 0.02272727273
vt 0.1796875 0.02272727273
vt 0.1796875 0.02272727273
vt 0.1796875 0.02272727273
vt 0.1796875 0.02272727273
vt 0.1796875 0.02272727273
vt 0.1796875 0.02272727273
vt 0.1796875 0.02272727273
vt 0.1796875 0.02272727273
vt 0.1796875 0.02272727273
vt 0.1796875 0.02272727273
vt 0.1796875 0.02272727273
vt 0.1796875 0.02272727273
vt 0.1796875 0.02272727273
vt 0.1796875 0.02272727273
vt 0.1796875 0.02272727273
vt 0.1796875 0.02272727273
vt 0.1796875 0.02272727273
vt 0.1796875 0.02272727273
vt 0.1796875 0.02272727273
vt 0.1796875 0.02272727273
vt 0.1796875 0.02272727273
vt 0.1796875 0.02272727273
vt 0.1796875 0.02272727273
vt 0.1796875 0.02272727273
vt 0.1796875 0.02272727273
vt 0.1796875 0.02272727273
vt 0.1796875 0.02272727273
vt 0.1796875 0.02272727273
vt 0.1796875 0.02272727273
vt 0.1796875 0.02272727273
vt 0.1796875 0.02272727273
vt 0.1796875 0.02272727273
vt 0.1796875 0.02272727273
vt 0.1796875 0.02272727273
vt 0.1796875 0.02272727273
vt 0.1796875 0.02272727273
vt 0.1796875 0.02272727273
vt 0.1796875 0.02272727273
vt 0.1796875 0.02272727273
vt 0.1796875 0.02272727273
vt 0.1796875 0.02272727273
vt 0.1796875 0.02272727273
vt 0.1796875 0.02272727273
vt 0.1796875 0.02272727273
vt 0.1796875 0.02272727273
vt 0.1796875 0.02272727273
vt 0.1796875 0.02272727273
vt 0.1796875 0.02272727273
vt 0.1796875 0.02272727273
vt 0.1796875 0.02272727273
vt 0.1796875 0.02272727273
vt 0.1796875 0.02272727273
vt 0.1796875 0.02272727273
vt 0.1796875 0.02272727273
vt 0.1796875 0.02272727273
vt 0.1796875 0.02272727273
vt 0.1796875 0.02272727273
vt 0.1796875 0.02272727273
vt 0.1796875 0.02272727273
vt 0.1796875 0.02272727273
vt 0.1796875 0.02272727273
vt 0.1796875 0.02272727273
vt 0.1796875 0.02272727273
vt 0.1796875 0.02272727273
vt 0.1796875 0.02272727273
vt 0.1796875 0.02272727273
vt 0.1796875 0.02272727273
vt 0.1796875 0.02272727273
vt 0.1796875 0.02272727273
vt 0.1796875 0.02272727273
vt 0.1796875 0.02272727273
vt 0.1796875 0.02272727273
vt 0.1796875 0.02272727273
vt 0.1796875 0.02272727273
vt 0.1796875 0.02272727273
vt 0.1796875 0.02272727273
vt 0.1796875 0.02272727273
vt 0.1796875 0.02272727273
vt 0.1796875 0.02272727273
vt 0.1796875 0.02272727273
vt 0.1796875 0.02272727273
vt 0.1796875 0.02272727273
vt 0.1796875 0.02272727273
vt 0.1796875 0.02272727273
vt 0.1796875 0.02272727273
vt 0.1796875 0.02272727273
vt 0.1796875 0.02272727273
vt 0.1796875 0.02272727273
vt 0.1796875 0.02272727273
vt 0.1796875 0.02272727273
vt 0.1796875 0.02272727273
vt 0.1796875 0.02272727273
vn -0.03311239049 -0.9635316928 -0.2655376556
vn -0.05531871154 -0.9795174887 -0.1936112844
vn -0.05364371 -0.9785145004 -0.1990771832
vn -0.05489722938 -0.9425417499 -0.3295471801
vn -0.05531871154 -0.9795174887 -0.1936112844
vn -0.03311239049 -0.9635316928 -0.2655376556
vn -0.08814834665 -0.9881783415 -0.1254329875
vn -0.08748871739 -0.9882583328 -0.1252644884
vn -0.08193191947 -0.9888674615 -0.1242107248
vn -0.08702610008 -0.9932459057 -0.0767400071
vn -0.05683130737 -0.9953063218 -0.07832961324
vn -0.07000834409 -0.9945014106 -0.07788309276
vn -0.07277922513 -0.99614528 -0.04896698443
vn -0.05683130737 -0.9953063218 -0.07832961324
vn -0.08702610008 -0.9932459057 -0.0767400071
vn -0.07445050711 -0.9837447306 -0.1634118327
vn -0.08814834665 -0.9881783415 -0.1254329875
vn -0.08193191947 -0.9888674615 -0.1242107248
vn -0.07445050711 -0.9837447306 -0.1634118327
vn -0.08193191947 -0.9888674615 -0.1242107248
vn -0.06441141419 -0.9904770625 -0.1216813804
vn -0.07277923073 -0.9961452802 -0.04896697072
vn -0.08702610247 -0.993245906 -0.07674000011
vn -0.08814840856 -0.9881783145 -0.1254331571
vn -0.0744505622 -0.9837447013 -0.1634119836
vn -0.07277923073 -0.9961452802 -0.04896697072
vn -0.08814840856 -0.9881783145 -0.1254331571
vn -0.07445050703 -0.9837447318 -0.1634118251
vn -0.05588733005 -0.9804102118 -0.1888714454
vn -0.05569750213 -0.9801232484 -0.1904106252
vn -0.07445050703 -0.9837447318 -0.1634118251
vn -0.05569750213 -0.9801232484 -0.1904106252
vn -0.05531868587 -0.9795174932 -0.1936112692
vn -0.07445050703 -0.9837447318 -0.1634118251
vn -0.06441141593 -0.9904770619 -0.1216813843
vn -0.05588733005 -0.9804102118 -0.1888714454
vn -0.03493313285 -0.8604986781 -0.5082535796
vn -0.02733553699 -0.9133408377 -0.4062773469
vn -0.02861631307 -0.8675540794 -0.496518908
vn -0.02861631307 -0.8675540794 -0.496518908
vn -0.02733553699 -0.9133408377 -0.4062773469
vn -0.02781066167 -0.896986241 -0.441182786
vn -0.05489723708 -0.9425417479 -0.3295471845
vn -0.07445050703 -0.9837447318 -0.1634118251
vn -0.05531868587 -0.9795174932 -0.1936112692
vn -0.05489723224 -0.9425417454 -0.3295471925
vn -0.03311238599 -0.9635317032 -0.2655376183
vn -0.02895787176 -0.9299185881 -0.3666235961
vn -0.05489723224 -0.9425417454 -0.3295471925
vn -0.02895787176 -0.9299185881 -0.3666235961
vn -0.02733553576 -0.9133408403 -0.4062773412
vn -0.05489723224 -0.9425417454 -0.3295471925
vn -0.02733553576 -0.9133408403 -0.4062773412
vn -0.03493315022 -0.8604986567 -0.5082536147
vn -0.07445048436 -0.9837447214 -0.163411898
vn -0.1076748835 -0.9917529033 -0.06951473384
vn -0.07277928667 -0.9961452731 -0.04896703209
vn -0.03493313207 -0.8604987431 -0.5082534697
vn -0.02861631236 -0.8675541725 -0.4965187454
vn -0.02908136977 -0.8045408317 -0.5931848987
vn -0.03493315169 -0.8604987476 -0.5082534607
vn -0.02908135889 -0.8045408338 -0.5931848964
vn -0.04214725722 -0.7595346143 -0.6490999756
vn -0.03493315169 -0.8604987476 -0.5082534607
vn -0.04500476146 -0.749042118 -0.6609920399
vn -0.07877628261 -0.6059048762 -0.7916271713
vn -0.03493315169 -0.8604987476 -0.5082534607
vn -0.04214725722 -0.7595346143 -0.6490999756
vn -0.04500476146 -0.749042118 -0.6609920399
vn -0.03493315169 -0.8604987476 -0.5082534607
vn -0.07877628261 -0.6059048762 -0.7916271713
vn -0.1056566541 -0.5936125279 -0.7977849573
vn -0.1056566482 -0.5936125259 -0.7977849596
vn -0.07877628662 -0.6059048326 -0.7916272043
vn -0.08008411358 -0.6020450753 -0.7944358137
vn -0.1056566482 -0.5936125259 -0.7977849596
vn -0.08008411358 -0.6020450753 -0.7944358137
vn -0.1109349037 -0.5057722806 -0.8555044403
vn -0.276306517 -1.609115612e-06 -0.9610695649
vn -0.276306517 -1.609115612e-06 -0.9610695649
vn -0.276306517 -1.609115612e-06 -0.9610695649
vn -0.1056566482 -0.5936125259 -0.7977849596
vn -0.1109349037 -0.5057722806 -0.8555044403
vn -0.1669916551 -0.3826922084 -0.9086586052
vn -0.1056566848 -0.5936128279 -0.7977847301
vn -0.1669916595 -0.3826922408 -0.9086585907
vn -0.1728879333 -0.3902462824 -0.904332683
vn -0.2763162358 0 -0.9610667707
vn -0.2763162358 0 -0.9610667707
vn -0.2763162358 0 -0.9610667707
vn -0.04343679483 -0.9964218003 -0.07250407376
vn -0.03926871585 -0.998772695 0.03018396356
vn -0.0400020811 -0.9991168771 0.01285688538
vn -0.04193963721 -0.9985272235 -0.03441585109
vn -0.05509635454 -0.9954533828 -0.07769784038
vn -0.05683131855 -0.9953063217 -0.07832960588
vn -0.04193963721 -0.9985272235 -0.03441585109
vn -0.04343679438 -0.9964218003 -0.07250407406
vn -0.05509635454 -0.9954533828 -0.07769784038
vn -0.04193963813 -0.9985272236 -0.03441584646
vn -0.03926871585 -0.998772695 0.03018396356
vn -0.04343679483 -0.9964218003 -0.07250407376
vn -0.06530649654 -0.9963586482 0.05481337036
vn -0.04629625663 -0.9973632014 0.05588650196
vn -0.03926868867 -0.9987726935 0.03018404818
vn -0.07277924882 -0.9961452791 -0.04896696744
vn -0.04193963721 -0.9985272235 -0.03441585109
vn -0.05683131855 -0.9953063217 -0.07832960588
vn -0.06530649654 -0.9963586482 0.05481337036
vn -0.04972628406 -0.9964450854 0.06800359177
vn -0.04629625663 -0.9973632014 0.05588650196
vn -0.06530649594 -0.9963586489 0.05481335999
vn -0.0629822294 -0.9671569269 0.2462533605
vn -0.04972628351 -0.9964450861 0.06800358137
vn -0.0419396164 -0.9985272269 -0.03441577812
vn -0.06530649654 -0.9963586482 0.05481337036
vn -0.03926868867 -0.9987726935 0.03018404818
vn -0.06530650293 -0.9963586474 0.05481337887
vn -0.07954742937 -0.9230841828 0.3762815407
vn -0.06298222765 -0.9671569282 0.2462533558
vn -0.07954742937 -0.9230841828 0.3762815407
vn -0.06407057211 -0.9588454184 0.2766051796
vn -0.06298222765 -0.9671569282 0.2462533558
vn -0.07954742937 -0.9230841828 0.3762815407
vn -0.06607315874 -0.940395689 0.333601987
vn -0.06407057211 -0.9588454184 0.2766051796
vn -0.07954742937 -0.9230841828 0.3762815407
vn -0.06803659333 -0.9171105937 0.3927838857
vn -0.06607315874 -0.940395689 0.333601987
vn -0.07954742806 -0.9230841811 0.3762815453
vn -0.08008060792 -0.8870230356 0.4547276443
vn -0.06803659594 -0.9171105926 0.3927838879
vn -0.07954742806 -0.9230841811 0.3762815453
vn -0.09373111725 -0.8465139693 0.524050167
vn -0.08008060792 -0.8870230356 0.4547276443
vn -0.09373112211 -0.846513969 0.5240501665
vn -0.1050735607 -0.758759507 0.642840227
vn -0.09911850451 -0.8080635972 0.5806967754
vn -0.1050735566 -0.7587595489 0.6428401781
vn -0.1076064008 -0.7258754276 0.6793568474
vn -0.1072615976 -0.7304036234 0.6745409525
vn -0.1104312803 -0.7175601707 0.6876862176
vn -0.1079442483 -0.721345435 0.6841116888
vn -0.1076064008 -0.7258754276 0.6793568474
vn -0.4008231934 -1.701533824e-06 0.9161554277
vn -0.4008231934 -1.701533824e-06 0.9161554277
vn -0.4008231934 -1.701533824e-06 0.9161554277
vn -0.1298192575 -0.7550478523 0.6426894282
vn -0.1050735607 -0.758759507 0.642840227
vn -0.09373112211 -0.846513969 0.5240501665
vn -0.1298192578 -0.7550478485 0.6426894326
vn -0.1076064008 -0.7258754276 0.6793568474
vn -0.1050735566 -0.7587595489 0.6428401781
vn -0.1104312803 -0.7175601707 0.6876862176
vn -0.1076064008 -0.7258754276 0.6793568474
vn -0.1298192578 -0.7550478485 0.6426894326
vn -0.4008222929 0 0.9161558216
vn -0.4008222929 0 0.9161558216
vn -0.4008222929 0 0.9161558216
vn -0.07277929295 -0.9961452711 -0.04896706404
vn -0.08838372235 -0.9933571901 -0.07368724825
vn -0.04193960007 -0.9985272278 -0.03441577019
vn -0.04193962555 -0.9985272257 -0.03441579958
vn -0.07905230897 -0.9954134576 0.0538774618
vn -0.0653065031 -0.9963586486 0.05481335528
vn -0.06530650263 -0.99635865 0.05481333066
vn -0.07940950399 -0.995155415 0.05796404688
vn -0.0795474285 -0.9230841633 0.3762815888
vn -0.07954742806 -0.9230841811 0.3762815453
vn -0.1298192496 -0.7550478525 0.6426894296
vn -0.09373111725 -0.8465139693 0.524050167
vn -0.0795474069 -0.9230841946 0.3762815166
vn -0.1098118121 -0.827086988 0.5512426691
vn -0.1298192373 -0.7550478681 0.6426894137
vn -0.1104312817 -0.7175601705 0.6876862175
vn -0.1298192664 -0.755047847 0.6426894326
vn -0.1454628072 -0.6863937558 0.7125336369
vn -0.4008197107 0 0.9161569514
vn -0.4008197107 0 0.9161569514
vn -0.4008197107 0 0.9161569514
vn -0.1298192583 -0.7550478943 0.6426893787
vn -0.1895426924 -0.7584643123 0.6235426647
vn -0.1454628219 -0.6863936498 0.712533736
vn -0.4008187842 -3.572985033e-07 0.9161573567
vn -0.4008187842 -3.572985033e-07 0.9161573567
vn -0.4008187842 -3.572985033e-07 0.9161573567
vn -0.03493313285 0.8604986781 -0.5082535796
vn -0.02861631307 0.8675540794 -0.496518908
vn -0.02733553699 0.9133408377 -0.4062773469
vn -0.02861631307 0.8675540794 -0.496518908
vn -0.02781066167 0.896986241 -0.441182786
vn -0.02733553699 0.9133408377 -0.4062773469
vn -0.05531871154 0.9795174887 -0.1936112844
vn -0.03311239049 0.9635316928 -0.2655376556
vn -0.05364371 0.9785145004 -0.1990771832
vn -0.05489722938 0.9425417499 -0.3295471801
vn -0.03311239049 0.9635316928 -0.2655376556
vn -0.05531871154 0.9795174887 -0.1936112844
vn -0.08814834665 0.9881783415 -0.1254329875
vn -0.08193191947 0.9888674615 -0.1242107248
vn -0.08748871739 0.9882583328 -0.1252644884
vn -0.05683130737 0.9953063218 -0.07832961324
vn -0.08702610008 0.9932459057 -0.0767400071
vn -0.07000834409 0.9945014106 -0.07788309276
vn -0.07277922513 0.99614528 -0.04896698443
vn -0.08702610008 0.9932459057 -0.0767400071
vn -0.05683130737 0.9953063218 -0.07832961324
vn -0.07445050703 0.9837447318 -0.1634118251
vn -0.05531868587 0.9795174932 -0.1936112692
vn -0.05569750213 0.9801232484 -0.1904106252
vn -0.07445050703 0.9837447318 -0.1634118251
vn -0.05569750213 0.9801232484 -0.1904106252
vn -0.05588733005 0.9804102118 -0.1888714454
vn -0.07445050703 0.9837447318 -0.1634118251
vn -0.05588733005 0.9804102118 -0.1888714454
vn -0.06441141593 0.9904770619 -0.1216813843
vn -0.07445050711 0.9837447306 -0.1634118327
vn -0.08193191947 0.9888674615 -0.1242107248
vn -0.08814834665 0.9881783415 -0.1254329875
vn -0.07445050711 0.9837447306 -0.1634118327
vn -0.06441141419 0.9904770625 -0.1216813804
vn -0.08193191947 0.9888674615 -0.1242107248
vn -0.07277923073 0.9961452802 -0.04896697072
vn -0.08814840856 0.9881783145 -0.1254331571
vn -0.08702610247 0.993245906 -0.07674000011
vn -0.0744505622 0.9837447013 -0.1634119836
vn -0.08814840856 0.9881783145 -0.1254331571
vn -0.07277923073 0.9961452802 -0.04896697072
vn -0.2763064004 1.605456256e-06 -0.9610695985
vn -0.2763064004 1.605456256e-06 -0.9610695985
vn -0.2763064004 1.605456256e-06 -0.9610695985
vn -0.1056566482 0.5936125259 -0.7977849596
vn -0.1109349037 0.5057722806 -0.8555044403
vn -0.08008411358 0.6020450753 -0.7944358137
vn -0.1056566482 0.5936125259 -0.7977849596
vn -0.08008411358 0.6020450753 -0.7944358137
vn -0.07877628662 0.6059048326 -0.7916272043
vn -0.2763073266 0 -0.9610693322
vn -0.2763073266 0 -0.9610693322
vn -0.2763073266 0 -0.9610693322
vn -0.1669916551 0.3826922084 -0.9086586052
vn -0.1109349037 0.5057722806 -0.8555044403
vn -0.1056566482 0.5936125259 -0.7977849596
vn -0.03493315169 0.8604987476 -0.5082534607
vn -0.07877628261 0.6059048762 -0.7916271713
vn -0.04500476146 0.749042118 -0.6609920399
vn -0.03493315169 0.8604987476 -0.5082534607
vn -0.04500476146 0.749042118 -0.6609920399
vn -0.04214725722 0.7595346143 -0.6490999756
vn -0.03493313207 0.8604987431 -0.5082534697
vn -0.02908136977 0.8045408317 -0.5931848987
vn -0.02861631236 0.8675541725 -0.4965187454
vn -0.03493315169 0.8604987476 -0.5082534607
vn -0.04214725722 0.7595346143 -0.6490999756
vn -0.02908135889 0.8045408338 -0.5931848964
vn -0.1056566541 0.5936125279 -0.7977849573
vn -0.07877628261 0.6059048762 -0.7916271713
vn -0.03493315169 0.8604987476 -0.5082534607
vn -0.2763162358 0 -0.9610667707
vn -0.2763162358 0 -0.9610667707
vn -0.2763162358 0 -0.9610667707
vn -0.1669916595 0.3826922408 -0.9086585907
vn -0.1056566848 0.5936128279 -0.7977847301
vn -0.1728879333 0.3902462824 -0.904332683
vn -0.05489723224 0.9425417454 -0.3295471925
vn -0.02733553576 0.9133408403 -0.4062773412
vn -0.02895787176 0.9299185881 -0.3666235961
vn -0.05489723224 0.9425417454 -0.3295471925
vn -0.02895787176 0.9299185881 -0.3666235961
vn -0.03311238599 0.9635317032 -0.2655376183
vn -0.05489723708 0.9425417479 -0.3295471845
vn -0.05531868587 0.9795174932 -0.1936112692
vn -0.07445050703 0.9837447318 -0.1634118251
vn -0.03493315022 0.8604986567 -0.5082536147
vn -0.02733553576 0.9133408403 -0.4062773412
vn -0.05489723224 0.9425417454 -0.3295471925
vn -0.07445048436 0.9837447214 -0.163411898
vn -0.07277928667 0.9961452731 -0.04896703209
vn -0.1076748835 0.9917529033 -0.06951473384
vn -0.4008234378 1.308833126e-07 0.9161553207
vn -0.4008234378 1.308833126e-07 0.9161553207
vn -0.4008234378 1.308833126e-07 0.9161553207
vn -0.4008222024 -1.710580967e-07 0.9161558612
vn -0.4008222024 -1.710580967e-07 0.9161558612
vn -0.4008222024 -1.710580967e-07 0.9161558612
vn -0.4008231934 1.701533824e-06 0.9161554277
vn -0.4008231934 1.701533824e-06 0.9161554277
vn -0.4008231934 1.701533824e-06 0.9161554277
vn -0.1038239622 0.7174001008 0.6888814704
vn -0.1001634537 0.7256739 0.6807089492
vn -0.1008874732 0.7211070378 0.6854388068
vn -0.1001634537 0.7256739 0.6807089492
vn -0.09475948146 0.7588278396 0.6443608853
vn -0.09943020672 0.7302388092 0.6759178319
vn -0.4008197107 0 0.9161569514
vn -0.4008197107 0 0.9161569514
vn -0.4008197107 0 0.9161569514
vn -0.1212340858 0.7562649783 0.6429351282
vn -0.0797660868 0.8061340143 0.5863320922
vn -0.09475949626 0.7588278002 0.6443609295
vn -0.1038239622 0.7174001008 0.6888814704
vn -0.121234087 0.7562649746 0.6429351324
vn -0.1001634537 0.7256739 0.6807089492
vn -0.121234087 0.7562649746 0.6429351324
vn -0.09475948146 0.7588278396 0.6443608853
vn -0.1001634537 0.7256739 0.6807089492
vn -0.03926871585 0.998772695 0.03018396356
vn -0.04343679483 0.9964218003 -0.07250407376
vn -0.0400020811 0.9991168771 0.01285688538
vn -0.04193963721 0.9985272235 -0.03441585109
vn -0.05683131855 0.9953063217 -0.07832960588
vn -0.05509635454 0.9954533828 -0.07769784038
vn -0.04193963721 0.9985272235 -0.03441585109
vn -0.05509635454 0.9954533828 -0.07769784038
vn -0.04343679438 0.9964218003 -0.07250407406
vn -0.04193963813 0.9985272236 -0.03441584646
vn -0.04343679483 0.9964218003 -0.07250407376
vn -0.03926871585 0.998772695 0.03018396356
vn -0.06530649654 0.9963586482 0.05481337036
vn -0.03926868867 0.9987726935 0.03018404818
vn -0.04629625663 0.9973632014 0.05588650196
vn -0.07277924882 0.9961452791 -0.04896696744
vn -0.05683131855 0.9953063217 -0.07832960588
vn -0.04193963721 0.9985272235 -0.03441585109
vn -0.06530649633 0.9963586488 0.05481336013
vn -0.0497262839 0.9964450861 0.06800358151
vn -0.05699790909 0.9680557195 0.2441707648
vn -0.06530649654 0.9963586482 0.05481337036
vn -0.04629625663 0.9973632014 0.05588650196
vn -0.04972628406 0.9964450854 0.06800359177
vn -0.0419396164 0.9985272269 -0.03441577812
vn -0.03926868867 0.9987726935 0.03018404818
vn -0.06530649654 0.9963586482 0.05481337036
vn -0.06530650444 0.9963586477 0.05481337135
vn -0.05699790701 0.9680557202 0.2441707622
vn -0.06434207816 0.9189651374 0.3890542034
vn -0.06581691973 0.8456033132 0.5297387751
vn -0.0551960651 0.9164730906 0.3962707013
vn -0.06018026545 0.8866426121 0.4585228609
vn -0.06434209146 0.9189651387 0.3890541981
vn -0.06581690979 0.8456033099 0.5297387816
vn -0.0797660868 0.8061340143 0.5863320922
vn -0.0643420772 0.9189651354 0.3890542084
vn -0.0551960651 0.9164730906 0.3962707013
vn -0.06581691973 0.8456033132 0.5297387751
vn -0.06434207816 0.9189651374 0.3890542034
vn -0.05605131921 0.9406195576 0.3348030726
vn -0.05519606354 0.9164730917 0.3962706987
vn -0.06434207816 0.9189651374 0.3890542034
vn -0.05699790701 0.9680557202 0.2441707622
vn -0.05670188201 0.9595890338 0.275633421
vn -0.06434207816 0.9189651374 0.3890542034
vn -0.05670188201 0.9595890338 0.275633421
vn -0.05605131921 0.9406195576 0.3348030726
vn -0.4008190431 0 0.9161572434
vn -0.4008190431 0 0.9161572434
vn -0.4008190431 0 0.9161572434
vn -0.1243833879 0.6947581048 0.7084066267
vn -0.1454672062 0.6770425595 0.7214240532
vn -0.1212340912 0.7562649763 0.6429351296
vn -0.1038239622 0.7174001012 0.6888814699
vn -0.124383396 0.6947581041 0.7084066258
vn -0.1212340871 0.7562649765 0.64293513
vn -0.07277929295 0.9961452711 -0.04896706404
vn -0.04193960007 0.9985272278 -0.03441577019
vn -0.08838372235 0.9933571901 -0.07368724825
vn -0.04193962555 0.9985272257 -0.03441579958
vn -0.0653065031 0.9963586486 0.05481335528
vn -0.07905230897 0.9954134576 0.0538774618
vn -0.06530650394 0.99635865 0.05481332952
vn -0.0643420777 0.91896512 0.3890542445
vn -0.07925674288 0.9951597686 0.058098224
vn -0.1212340858 0.7562649783 0.6429351282
vn -0.06434209146 0.9189651387 0.3890541981
vn -0.0797660868 0.8061340143 0.5863320922
vn -0.1212341166 0.7562650125 0.6429350821
vn -0.1519921766 0.9034723682 0.400794284
vn -0.06434214061 0.9189651736 0.3890541075
vn -0.05489723011 -0.9425417417 -0.3295472033
vn -0.1014865805 -0.9481693128 -0.3011236094
vn -0.07445047237 -0.9837447172 -0.1634119288
vn -0.05489723167 -0.9425417415 -0.3295472039
vn -0.03493315225 -0.8604986758 -0.5082535822
vn -0.07364954608 -0.8802461074 -0.4687670367
vn -0.0744504814 -0.9837447181 -0.1634119193
vn -0.1019392883 -0.949858143 -0.295597513
vn -0.1063929759 -0.9637466236 -0.2446895588
vn -0.05489723034 -0.9425417419 -0.3295472028
vn -0.07364954195 -0.8802461099 -0.4687670328
vn -0.1003953743 -0.9456040874 -0.309440913
vn -0.05489723011 -0.9425417417 -0.3295472033
vn -0.1003953744 -0.9456040834 -0.3094409254
vn -0.1014865805 -0.9481693128 -0.3011236094
vn -0.0744504814 -0.9837447181 -0.1634119193
vn -0.1014865936 -0.9481693157 -0.301123596
vn -0.1019392883 -0.949858143 -0.295597513
vn -0.07277928372 -0.9961452725 -0.04896704909
vn -0.09955030662 -0.9924549452 -0.07157456428
vn -0.08986399655 -0.9932498899 -0.073342473
vn -0.07277928372 -0.9961452725 -0.04896704909
vn -0.1076748832 -0.9917529032 -0.06951473541
vn -0.09955030662 -0.9924549452 -0.07157456428
vn -0.0744504814 -0.9837447181 -0.1634119193
vn -0.1108914714 -0.9748509974 -0.1933096335
vn -0.112623893 -0.9799111201 -0.1645905692
vn -0.0744504814 -0.9837447181 -0.1634119193
vn -0.1063929759 -0.9637466236 -0.2446895588
vn -0.1108914714 -0.9748509974 -0.1933096335
vn -0.07445048026 -0.9837447176 -0.1634119227
vn -0.1126238954 -0.9799111212 -0.1645905609
vn -0.1076748836 -0.9917529033 -0.06951473356
vn 0.9962248497 0.04203417579 0.07595509837
vn 0.9962248497 0.04203417579 0.07595509837
vn 0.9962248497 0.04203417579 0.07595509837
vn -0.03493313075 -0.8604987917 -0.5082533875
vn -0.1056566315 -0.5936126169 -0.7977848941
vn -0.1147361225 -0.832208121 -0.542462225
vn -0.1056566848 -0.5936128279 -0.7977847301
vn -0.1728879333 -0.3902462824 -0.904332683
vn -0.2393600795 -0.7606503072 -0.6034217949
vn -0.2763068759 0 -0.9610694618
vn -0.2763068759 0 -0.9610694618
vn -0.2763068759 0 -0.9610694618
vn -0.03493315071 -0.8604986735 -0.5082535861
vn -0.114736106 -0.8322082105 -0.5424620912
vn -0.07364952177 -0.8802461015 -0.4687670517
vn -0.1056566643 -0.5936127888 -0.7977847619
vn -0.2393600593 -0.7606503136 -0.6034217947
vn -0.1147361053 -0.8322080342 -0.5424623617
vn -0.1728879589 -0.3902461839 -0.9043327206
vn -0.2571271789 -0.7674097641 -0.5873396528
vn -0.239360073 -0.7606503112 -0.6034217923
vn -0.09927720702 -0.9388908421 -0.3295876557
vn -0.1003953743 -0.9456040874 -0.309440913
vn -0.07364954195 -0.8802461099 -0.4687670328
vn -0.09927719132 -0.9388908283 -0.3295876998
vn -0.07364952344 -0.8802460868 -0.468767079
vn -0.09664791559 -0.8782324476 -0.4683662545
vn -0.1131709455 -0.9791105336 -0.1689227636
vn -0.1149298959 -0.9794150823 -0.165943411
vn -0.1126238545 -0.9799111277 -0.1645905499
vn -0.1126238677 -0.9799111279 -0.1645905399
vn -0.1107916044 -0.9873284185 -0.1136125627
vn -0.107674886 -0.9917529029 -0.06951473546
vn -0.1126238677 -0.9799111279 -0.1645905399
vn -0.11492991 -0.9794150828 -0.1659433981
vn -0.1107916044 -0.9873284185 -0.1136125627
vn -0.1108914773 -0.97485098 -0.1933097181
vn -0.1131709693 -0.9791105325 -0.1689227539
vn -0.1126238907 -0.979911126 -0.1645905356
vn -0.1107916044 -0.9873284185 -0.1136125627
vn -0.1103743542 -0.9889142403 -0.09932838121
vn -0.107674886 -0.9917529029 -0.06951473546
vn -0.1103743542 -0.9889142403 -0.09932838121
vn -0.1105982895 -0.991169328 -0.07315313806
vn -0.107674886 -0.9917529029 -0.06951473546
vn -0.1076748835 -0.9917529035 -0.06951473113
vn -0.1105983249 -0.9911693195 -0.07315319916
vn -0.1091819255 -0.9916464992 -0.06867698128
vn -0.107674884 -0.9917529033 -0.06951473388
vn -0.1091819274 -0.9916464984 -0.06867699062
vn -0.09955027441 -0.9924549442 -0.07157462199
vn 0.9884993346 0.04210652945 0.1452449847
vn 0.9884993346 0.04210652945 0.1452449847
vn 0.9884993346 0.04210652945 0.1452449847
vn 0.988506395 0.04211174939 0.1451954121
vn 0.988506395 0.04211174939 0.1451954121
vn 0.988506395 0.04211174939 0.1451954121
vn 0.9943141459 0.0247795853 0.1035632729
vn 0.9943141459 0.0247795853 0.1035632729
vn 0.9943141459 0.0247795853 0.1035632729
vn 0.9884999674 0.0421077277 0.1452403311
vn 0.9884999674 0.0421077277 0.1452403311
vn 0.9884999674 0.0421077277 0.1452403311
vn 0.9962246112 0.04203229164 0.07595926929
vn 0.9962246112 0.04203229164 0.07595926929
vn 0.9962246112 0.04203229164 0.07595926929
vn 0.9962260297 0.04204068764 0.07593601413
vn 0.9962260297 0.04204068764 0.07593601413
vn 0.9962260297 0.04204068764 0.07593601413
vn -0.07364953677 -0.880246089 -0.4687670727
vn -0.1147361215 -0.8322081952 -0.5424621113
vn -0.09664790718 -0.8782324459 -0.4683662594
vn 0.9759682212 0.04184188012 0.2138581033
vn 0.9759682212 0.04184188012 0.2138581033
vn 0.9759682212 0.04184188012 0.2138581033
vn 0.9847705822 0.02482411325 0.1720774939
vn 0.9847705822 0.02482411325 0.1720774939
vn 0.9847705822 0.02482411325 0.1720774939
vn -0.1147363373 -0.8322079857 -0.5424623871
vn -0.2393600203 -0.7606503224 -0.6034217992
vn -0.1546441456 -0.8661374236 -0.4752800772
vn 0.9847706309 0.02482392696 0.1720772416
vn 0.9847706309 0.02482392696 0.1720772416
vn 0.9847706309 0.02482392696 0.1720772416
vn -0.1147361215 -0.8322081952 -0.5424621113
vn -0.108568265 -0.8647406287 -0.4903433255
vn -0.09664790718 -0.8782324459 -0.4683662594
vn -0.1147361215 -0.8322081952 -0.5424621113
vn -0.1142672603 -0.8581099491 -0.5005899604
vn -0.108568265 -0.8647406287 -0.4903433255
vn -0.1147363399 -0.8322081385 -0.5424621521
vn -0.1546441405 -0.8661373426 -0.4752802264
vn -0.09566585585 -0.8621643912 -0.4975144284
vn -0.1147361873 -0.832208134 -0.5424621913
vn -0.09566571049 -0.862164386 -0.4975144655
vn -0.1142673199 -0.8581098977 -0.5005900349
vn 0.9705169276 0.0248412479 0.2397494643
vn 0.9705169276 0.0248412479 0.2397494643
vn 0.9705169276 0.0248412479 0.2397494643
vn 0.9759675994 0.04184734459 0.2138598716
vn 0.9759675994 0.04184734459 0.2138598716
vn 0.9759675994 0.04184734459 0.2138598716
vn 0.9759683594 0.04184330258 0.2138571942
vn 0.9759683594 0.04184330258 0.2138571942
vn 0.9759683594 0.04184330258 0.2138571942
vn 0.975961179 0.04185292009 0.2138880786
vn 0.975961179 0.04185292009 0.2138880786
vn 0.975961179 0.04185292009 0.2138880786
vn 0.9759666535 0.04184514564 0.2138646187
vn 0.9759666535 0.04184514564 0.2138646187
vn 0.9759666535 0.04184514564 0.2138646187
vn -0.2393600383 -0.7606502943 -0.6034218275
vn -0.2571270947 -0.7674097253 -0.5873397404
vn -0.2146050132 -0.8349213448 -0.5068047319
vn -0.2393600203 -0.7606503224 -0.6034217992
vn -0.2053670358 -0.8400765176 -0.502091451
vn -0.1546441456 -0.8661374236 -0.4752800772
vn 0.9705159815 0.02483806657 0.2397536238
vn 0.9705159815 0.02483806657 0.2397536238
vn 0.9705159815 0.02483806657 0.2397536238
vn -0.2763073331 0 -0.9610693303
vn -0.2763073331 0 -0.9610693303
vn -0.2763073331 0 -0.9610693303
vn -0.2393600203 -0.7606503224 -0.6034217992
vn -0.2146050663 -0.8349212788 -0.5068048182
vn -0.2053670358 -0.8400765176 -0.502091451
vn -0.2571270947 -0.7674097253 -0.5873397404
vn -0.2181265899 -0.834414411 -0.5061357343
vn -0.2146050132 -0.8349213448 -0.5068047319
vn 0.9705158686 0.02483677517 0.2397542144
vn 0.9705158686 0.02483677517 0.2397542144
vn 0.9705158686 0.02483677517 0.2397542144
vn 0.9705159086 0.02483744904 0.239753983
vn 0.9705159086 0.02483744904 0.239753983
vn 0.9705159086 0.02483744904 0.239753983
vn 0.9705176492 0.02490774002 0.2397396443
vn 0.9705176492 0.02490774002 0.2397396443
vn 0.9705176492 0.02490774002 0.2397396443
vn 0.9705137842 0.02471386447 0.2397753523
vn 0.9705137842 0.02471386447 0.2397753523
vn 0.9705137842 0.02471386447 0.2397753523
vn -0.2763078157 -5.481088982e-07 -0.9610691916
vn -0.2763078157 -5.481088982e-07 -0.9610691916
vn -0.2763078157 -5.481088982e-07 -0.9610691916
vn 0.970515917 0.02484050497 0.2397536321
vn 0.970515917 0.02484050497 0.2397536321
vn 0.970515917 0.02484050497 0.2397536321
vn 0.9885010419 0.04210998989 0.1452323621
vn 0.9885010419 0.04210998989 0.1452323621
vn 0.9885010419 0.04210998989 0.1452323621
vn 0.9943125699 0.02478690468 0.1035766513
vn 0.9943125699 0.02478690468 0.1035766513
vn 0.9943125699 0.02478690468 0.1035766513
vn -0.04193959981 -0.9985272279 -0.03441576814
vn -0.08346541883 -0.9964582844 -0.01021818681
vn -0.07905231494 -0.9954134575 0.05387745448
vn -0.07277928372 -0.9961452725 -0.04896704909
vn -0.08986399655 -0.9932498899 -0.073342473
vn -0.08838371763 -0.993357191 -0.07368724106
vn -0.04193960007 -0.9985272278 -0.03441577019
vn -0.08838372235 -0.9933571901 -0.07368724825
vn -0.08805981674 -0.9933977601 -0.0735279465
vn -0.04193960007 -0.9985272278 -0.03441577019
vn -0.08805981674 -0.9933977601 -0.0735279465
vn -0.08761812799 -0.9934523471 -0.07331778617
vn -0.04193959981 -0.9985272279 -0.03441576814
vn -0.08761812315 -0.9934523461 -0.07331780456
vn -0.08346541883 -0.9964582844 -0.01021818681
vn -0.0653065031 -0.9963586486 0.05481335528
vn -0.07905230897 -0.9954134576 0.0538774618
vn -0.07924492453 -0.9953573905 0.05462515074
vn -0.06530650263 -0.99635865 0.05481333066
vn -0.07924492446 -0.9953573906 0.05462514945
vn -0.07940950399 -0.995155415 0.05796404688
vn -0.07954746178 -0.9230841887 0.3762815194
vn -0.07940948075 -0.9951554137 0.05796410031
vn -0.09540373565 -0.9874347554 0.1259790896
vn -0.08346541883 -0.9964582844 -0.01021818681
vn -0.0789740884 -0.9953610899 0.05494901329
vn -0.07905231494 -0.9954134575 0.05387745448
vn 0.9961482322 0.08768522821 1.582277823e-05
vn 0.9961482322 0.08768522821 1.582277823e-05
vn 0.9961482322 0.08768522821 1.582277823e-05
vn 0.9961562341 0.08759427615 -0
vn 0.9961562341 0.08759427615 -0
vn 0.9961562341 0.08759427615 -0
vn 0.9990944355 0.02477788679 0.03458851411
vn 0.9990944355 0.02477788679 0.03458851411
vn 0.9990944355 0.02477788679 0.03458851411
vn 0.9990894615 0.02482909884 0.03469529842
vn 0.9990894615 0.02482909884 0.03469529842
vn 0.9990894615 0.02482909884 0.03469529842
vn 0.9962253263 0.04203401646 0.07594893489
vn 0.9962253263 0.04203401646 0.07594893489
vn 0.9962253263 0.04203401646 0.07594893489
vn 0.9989355458 0.04612781211 1.88174578e-05
vn 0.9989355458 0.04612781211 1.88174578e-05
vn 0.9989355458 0.04612781211 1.88174578e-05
vn 0.9989349711 0.04614025826 -1.727378988e-06
vn 0.9989349711 0.04614025826 -1.727378988e-06
vn 0.9989349711 0.04614025826 -1.727378988e-06
vn 0.9989349879 0.04613989485 0
vn 0.9989349879 0.04613989485 0
vn 0.9989349879 0.04613989485 0
vn 0.9989350008 0.04613961685 -7.338503717e-07
vn 0.9989350008 0.04613961685 -7.338503717e-07
vn 0.9989350008 0.04613961685 -7.338503717e-07
vn -0.07954746178 -0.9230841887 0.3762815194
vn -0.09540373565 -0.9874347554 0.1259790896
vn -0.1102851981 -0.975697003 0.1893476525
vn -0.07954746178 -0.9230841887 0.3762815194
vn -0.1102851981 -0.975697003 0.1893476525
vn -0.1157587897 -0.9704815918 0.2115783131
vn -0.07954746178 -0.9230841887 0.3762815194
vn -0.1157587897 -0.9704815918 0.2115783131
vn -0.1280215031 -0.9572780184 0.2592861164
vn -0.0795474666 -0.9230841821 0.3762815347
vn -0.1280215113 -0.9572780111 0.2592861393
vn -0.1761774271 -0.8864943324 0.4278893699
vn -0.07954747847 -0.9230841265 0.3762816686
vn -0.1195814533 -0.8520261353 0.5096584551
vn -0.1098119042 -0.8270868532 0.551242853
vn -0.07954749361 -0.9230841832 0.3762815262
vn -0.1761773619 -0.886494332 0.4278893975
vn -0.1195814183 -0.8520259934 0.5096587005
vn -0.1195814183 -0.8520259934 0.5096587005
vn -0.1761773619 -0.886494332 0.4278893975
vn -0.1707643865 -0.8695037194 0.4634682365
vn -0.1195814147 -0.8520259851 0.5096587152
vn -0.1707643716 -0.8695037016 0.4634682754
vn -0.1782220836 -0.810462692 0.558020711
vn 0.9990956567 0.02476498492 -0.03456247011
vn 0.9990956567 0.02476498492 -0.03456247011
vn 0.9990956567 0.02476498492 -0.03456247011
vn 0.9962237121 0.04203954114 -0.07596704828
vn 0.9962237121 0.04203954114 -0.07596704828
vn 0.9962237121 0.04203954114 -0.07596704828
vn -0.1195814147 -0.8520259851 0.5096587152
vn -0.1782220836 -0.810462692 0.558020711
vn -0.1817806211 -0.776537331 0.6032790229
vn 0.9962252088 0.04203514313 -0.07594985294
vn 0.9962252088 0.04203514313 -0.07594985294
vn 0.9962252088 0.04203514313 -0.07594985294
vn -0.1195813603 -0.8520261346 0.509658478
vn -0.1817805753 -0.776537497 0.6032788229
vn -0.109811975 -0.8270868542 0.5512428374
vn -0.109811975 -0.8270868542 0.5512428374
vn -0.1817805753 -0.776537497 0.6032788229
vn -0.1804987882 -0.7665806597 0.6162582897
vn 0.9990947561 0.02477386564 0.03458213194
vn 0.9990947561 0.02477386564 0.03458213194
vn 0.9990947561 0.02477386564 0.03458213194
vn 0.99909474 0.02477451589 -0.03458213139
vn 0.99909474 0.02477451589 -0.03458213139
vn 0.99909474 0.02477451589 -0.03458213139
vn -0.1298192473 -0.7550478709 0.6426894084
vn -0.1098118295 -0.8270869893 0.5512426636
vn -0.1849989545 -0.737110249 0.6499568198
vn -0.1298192559 -0.7550478379 0.6426894454
vn -0.1849989538 -0.7371102522 0.6499568164
vn -0.1895426918 -0.7584642897 0.6235426924
vn 0.9962251805 0.04203504667 -0.07595027753
vn 0.9962251805 0.04203504667 -0.07595027753
vn 0.9962251805 0.04203504667 -0.07595027753
vn 0.996224891 0.04203368598 -0.07595482756
vn 0.996224891 0.04203368598 -0.07595482756
vn 0.996224891 0.04203368598 -0.07595482756
vn -0.1098119611 -0.8270868433 0.5512428564
vn -0.1804988075 -0.7665806764 0.6162582633
vn -0.1824928055 -0.7416346312 0.6455032531
vn -0.1098118295 -0.8270869893 0.5512426636
vn -0.182493029 -0.741634316 0.645503552
vn -0.1849989545 -0.737110249 0.6499568198
vn -0.4008199591 0 0.9161568427
vn -0.4008199591 0 0.9161568427
vn -0.4008199591 0 0.9161568427
vn -0.1895426918 -0.7584642897 0.6235426924
vn -0.1849989538 -0.7371102522 0.6499568164
vn -0.1869939998 -0.7381440762 0.6482102798
vn -0.1895426918 -0.7584642897 0.6235426924
vn -0.1869939998 -0.7381440762 0.6482102798
vn -0.1966652701 -0.7562038485 0.6240821349
vn -0.1966652517 -0.7562037837 0.6240822192
vn -0.1869939787 -0.7381440078 0.6482103637
vn -0.2140049177 -0.792602227 0.5709497394
vn -0.4008184836 4.098370707e-06 0.9161574882
vn -0.4008184836 4.098370707e-06 0.9161574882
vn -0.4008184836 4.098370707e-06 0.9161574882
vn 0.9943126772 0.02478605104 -0.1035758253
vn 0.9943126772 0.02478605104 -0.1035758253
vn 0.9943126772 0.02478605104 -0.1035758253
vn 0.9943132339 0.02479166398 -0.1035691382
vn 0.9943132339 0.02479166398 -0.1035691382
vn 0.9943132339 0.02479166398 -0.1035691382
vn 0.9943126526 0.02478409553 -0.1035765293
vn 0.9943126526 0.02478409553 -0.1035765293
vn 0.9943126526 0.02478409553 -0.1035765293
vn 0.994312215 0.02471540484 -0.1035971424
vn 0.994312215 0.02471540484 -0.1035971424
vn 0.994312215 0.02471540484 -0.1035971424
vn 0.9943125452 0.02479204553 -0.1035756576
vn 0.9943125452 0.02479204553 -0.1035756576
vn 0.9943125452 0.02479204553 -0.1035756576
vn 0.994312537 0.02478516334 -0.1035773837
vn 0.994312537 0.02478516334 -0.1035773837
vn 0.994312537 0.02478516334 -0.1035773837
vn 0.9943124783 0.02479061764 -0.1035766417
vn 0.9943124783 0.02479061764 -0.1035766417
vn 0.9943124783 0.02479061764 -0.1035766417
vn -0.1966652517 -0.7562037837 0.6240822192
vn -0.2140049177 -0.792602227 0.5709497394
vn -0.233402723 -0.8293589546 0.5076286963
vn -0.1966652517 -0.7562037837 0.6240822192
vn -0.233402723 -0.8293589546 0.5076286963
vn -0.2416847563 -0.8443423127 0.4781992656
vn -0.4008130445 1.170132933e-05 0.9161598677
vn -0.4008130445 1.170132933e-05 0.9161598677
vn -0.4008130445 1.170132933e-05 0.9161598677
vn 0.9885004004 0.04211151226 -0.1452362866
vn 0.9885004004 0.04211151226 -0.1452362866
vn 0.9885004004 0.04211151226 -0.1452362866
vn 0.984771966 0.02483379942 -0.1720681767
vn 0.984771966 0.02483379942 -0.1720681767
vn 0.984771966 0.02483379942 -0.1720681767
vn 0.9847701367 0.02480699472 -0.1720825119
vn 0.9847701367 0.02480699472 -0.1720825119
vn 0.9847701367 0.02480699472 -0.1720825119
vn 0.9847699542 0.02476770535 -0.1720892156
vn 0.9847699542 0.02476770535 -0.1720892156
vn 0.9847699542 0.02476770535 -0.1720892156
vn -0.1728879333 0.3902462824 -0.904332683
vn -0.1056566848 0.5936128279 -0.7977847301
vn -0.2393600795 0.7606503072 -0.6034217949
vn -0.1056566315 0.5936126169 -0.7977848941
vn -0.03493313075 0.8604987917 -0.5082533875
vn -0.1147361225 0.832208121 -0.542462225
vn -0.1056566643 0.5936127888 -0.7977847619
vn -0.1147361053 0.8322080342 -0.5424623617
vn -0.2393600593 0.7606503136 -0.6034217947
vn -0.2763068759 0 -0.9610694618
vn -0.2763068759 0 -0.9610694618
vn -0.2763068759 0 -0.9610694618
vn -0.1728879589 0.3902461839 -0.9043327206
vn -0.239360073 0.7606503112 -0.6034217923
vn -0.2571271789 0.7674097641 -0.5873396528
vn -0.03493315071 0.8604986735 -0.5082535861
vn -0.07364952177 0.8802461015 -0.4687670517
vn -0.114736106 0.8322082105 -0.5424620912
vn -0.03493315225 0.8604986758 -0.5082535822
vn -0.05489723167 0.9425417415 -0.3295472039
vn -0.07364954608 0.8802461074 -0.4687670367
vn -0.05489723011 0.9425417417 -0.3295472033
vn -0.07445047237 0.9837447172 -0.1634119288
vn -0.1014865805 0.9481693128 -0.3011236094
vn -0.05489723034 0.9425417419 -0.3295472028
vn -0.1003953743 0.9456040874 -0.309440913
vn -0.07364954195 0.8802461099 -0.4687670328
vn -0.0744504814 0.9837447181 -0.1634119193
vn -0.1063929759 0.9637466236 -0.2446895588
vn -0.1019392883 0.949858143 -0.295597513
vn -0.05489723011 0.9425417417 -0.3295472033
vn -0.1014865805 0.9481693128 -0.3011236094
vn -0.1003953744 0.9456040834 -0.3094409254
vn -0.0744504814 0.9837447181 -0.1634119193
vn -0.1019392883 0.949858143 -0.295597513
vn -0.1014865936 0.9481693157 -0.301123596
vn -0.07277928372 0.9961452725 -0.04896704909
vn -0.08986399655 0.9932498899 -0.073342473
vn -0.09955030662 0.9924549452 -0.07157456428
vn -0.07277928372 0.9961452725 -0.04896704909
vn -0.09955030662 0.9924549452 -0.07157456428
vn -0.1076748832 0.9917529032 -0.06951473541
vn 0.9962248497 -0.04203417579 0.07595509837
vn 0.9962248497 -0.04203417579 0.07595509837
vn 0.9962248497 -0.04203417579 0.07595509837
vn -0.0744504814 0.9837447181 -0.1634119193
vn -0.112623893 0.9799111201 -0.1645905692
vn -0.1108914714 0.9748509974 -0.1933096335
vn -0.0744504814 0.9837447181 -0.1634119193
vn -0.1108914714 0.9748509974 -0.1933096335
vn -0.1063929759 0.9637466236 -0.2446895588
vn -0.07445048026 0.9837447176 -0.1634119227
vn -0.1076748836 0.9917529033 -0.06951473356
vn -0.1126238954 0.9799111212 -0.1645905609
vn -0.2393600203 0.7606503224 -0.6034217992
vn -0.1147363373 0.8322079857 -0.5424623871
vn -0.1546441456 0.8661374236 -0.4752800772
vn 0.9847706309 -0.02482392696 0.1720772416
vn 0.9847706309 -0.02482392696 0.1720772416
vn 0.9847706309 -0.02482392696 0.1720772416
vn -0.1147361215 0.8322081952 -0.5424621113
vn -0.07364953677 0.880246089 -0.4687670727
vn -0.09664790718 0.8782324459 -0.4683662594
vn 0.9759682212 -0.04184188012 0.2138581033
vn 0.9759682212 -0.04184188012 0.2138581033
vn 0.9759682212 -0.04184188012 0.2138581033
vn 0.9847705822 -0.02482411325 0.1720774939
vn 0.9847705822 -0.02482411325 0.1720774939
vn 0.9847705822 -0.02482411325 0.1720774939
vn -0.2571270947 0.7674097253 -0.5873397404
vn -0.2393600383 0.7606502943 -0.6034218275
vn -0.2146050132 0.8349213448 -0.5068047319
vn -0.2393600203 0.7606503224 -0.6034217992
vn -0.1546441456 0.8661374236 -0.4752800772
vn -0.2053670358 0.8400765176 -0.502091451
vn 0.9705159815 -0.02483806657 0.2397536238
vn 0.9705159815 -0.02483806657 0.2397536238
vn 0.9705159815 -0.02483806657 0.2397536238
vn 0.970516134 -0.0248315088 0.2397536857
vn 0.970516134 -0.0248315088 0.2397536857
vn 0.970516134 -0.0248315088 0.2397536857
vn -0.2763074113 5.360469374e-07 -0.9610693078
vn -0.2763074113 5.360469374e-07 -0.9610693078
vn -0.2763074113 5.360469374e-07 -0.9610693078
vn 0.9705176492 -0.02490774002 0.2397396443
vn 0.9705176492 -0.02490774002 0.2397396443
vn 0.9705176492 -0.02490774002 0.2397396443
vn 0.9704900856 -0.02483896398 0.2398583324
vn 0.9704900856 -0.02483896398 0.2398583324
vn 0.9704900856 -0.02483896398 0.2398583324
vn -0.2571270947 0.7674097253 -0.5873397404
vn -0.2146050132 0.8349213448 -0.5068047319
vn -0.2181265899 0.834414411 -0.5061357343
vn -0.2393600203 0.7606503224 -0.6034217992
vn -0.2053670358 0.8400765176 -0.502091451
vn -0.2146050663 0.8349212788 -0.5068048182
vn 0.9705158686 -0.02483677517 0.2397542144
vn 0.9705158686 -0.02483677517 0.2397542144
vn 0.9705158686 -0.02483677517 0.2397542144
vn 0.9705159086 -0.02483744904 0.239753983
vn 0.9705159086 -0.02483744904 0.239753983
vn 0.9705159086 -0.02483744904 0.239753983
vn -0.1546441405 0.8661373426 -0.4752802264
vn -0.1147363399 0.8322081385 -0.5424621521
vn -0.09566585585 0.8621643912 -0.4975144284
vn -0.1147361873 0.832208134 -0.5424621913
vn -0.1142673199 0.8581098977 -0.5005900349
vn -0.09566571049 0.862164386 -0.4975144655
vn 0.9705169276 -0.0248412479 0.2397494643
vn 0.9705169276 -0.0248412479 0.2397494643
vn 0.9705169276 -0.0248412479 0.2397494643
vn 0.9759675994 -0.04184734459 0.2138598716
vn 0.9759675994 -0.04184734459 0.2138598716
vn 0.9759675994 -0.04184734459 0.2138598716
vn -0.1147361215 0.8322081952 -0.5424621113
vn -0.108568265 0.8647406287 -0.4903433255
vn -0.1142672603 0.8581099491 -0.5005899604
vn -0.1147361215 0.8322081952 -0.5424621113
vn -0.09664790718 0.8782324459 -0.4683662594
vn -0.108568265 0.8647406287 -0.4903433255
vn 0.9759666535 -0.04184514564 0.2138646187
vn 0.9759666535 -0.04184514564 0.2138646187
vn 0.9759666535 -0.04184514564 0.2138646187
vn 0.9759683594 -0.04184330258 0.2138571942
vn 0.9759683594 -0.04184330258 0.2138571942
vn 0.9759683594 -0.04184330258 0.2138571942
vn 0.975961179 -0.04185292009 0.2138880786
vn 0.975961179 -0.04185292009 0.2138880786
vn 0.975961179 -0.04185292009 0.2138880786
vn 0.9885010419 -0.04210998989 0.1452323621
vn 0.9885010419 -0.04210998989 0.1452323621
vn 0.9885010419 -0.04210998989 0.1452323621
vn 0.9943125699 -0.02478690468 0.1035766513
vn 0.9943125699 -0.02478690468 0.1035766513
vn 0.9943125699 -0.02478690468 0.1035766513
vn -0.07364954195 0.8802461099 -0.4687670328
vn -0.1003953743 0.9456040874 -0.309440913
vn -0.09927720702 0.9388908421 -0.3295876557
vn -0.07364952344 0.8802460868 -0.468767079
vn -0.09927719132 0.9388908283 -0.3295876998
vn -0.09664791559 0.8782324476 -0.4683662545
vn 0.9884993346 -0.04210652945 0.1452449847
vn 0.9884993346 -0.04210652945 0.1452449847
vn 0.9884993346 -0.04210652945 0.1452449847
vn 0.988506395 -0.04211174939 0.1451954121
vn 0.988506395 -0.04211174939 0.1451954121
vn 0.988506395 -0.04211174939 0.1451954121
vn 0.9943141459 -0.0247795853 0.1035632729
vn 0.9943141459 -0.0247795853 0.1035632729
vn 0.9943141459 -0.0247795853 0.1035632729
vn 0.9884999674 -0.0421077277 0.1452403311
vn 0.9884999674 -0.0421077277 0.1452403311
vn 0.9884999674 -0.0421077277 0.1452403311
vn 0.9962246112 -0.04203229164 0.07595926929
vn 0.9962246112 -0.04203229164 0.07595926929
vn 0.9962246112 -0.04203229164 0.07595926929
vn 0.9962260297 -0.04204068764 0.07593601413
vn 0.9962260297 -0.04204068764 0.07593601413
vn 0.9962260297 -0.04204068764 0.07593601413
vn -0.1131709455 0.9791105336 -0.1689227636
vn -0.1126238545 0.9799111277 -0.1645905499
vn -0.1149298959 0.9794150823 -0.165943411
vn -0.1126238677 0.9799111279 -0.1645905399
vn -0.107674886 0.9917529029 -0.06951473546
vn -0.1107916044 0.9873284185 -0.1136125627
vn -0.1126238677 0.9799111279 -0.1645905399
vn -0.1107916044 0.9873284185 -0.1136125627
vn -0.11492991 0.9794150828 -0.1659433981
vn -0.1108914773 0.97485098 -0.1933097181
vn -0.1126238907 0.979911126 -0.1645905356
vn -0.1131709693 0.9791105325 -0.1689227539
vn -0.1107916044 0.9873284185 -0.1136125627
vn -0.107674886 0.9917529029 -0.06951473546
vn -0.1103743542 0.9889142403 -0.09932838121
vn -0.1103743542 0.9889142403 -0.09932838121
vn -0.107674886 0.9917529029 -0.06951473546
vn -0.1105982895 0.991169328 -0.07315313806
vn -0.1076748835 0.9917529035 -0.06951473113
vn -0.1091819255 0.9916464992 -0.06867698128
vn -0.1105983249 0.9911693195 -0.07315319916
vn -0.107674884 0.9917529033 -0.06951473388
vn -0.09955027441 0.9924549442 -0.07157462199
vn -0.1091819274 0.9916464984 -0.06867699062
vn 0.9990947561 -0.02477386564 0.03458213194
vn 0.9990947561 -0.02477386564 0.03458213194
vn 0.9990947561 -0.02477386564 0.03458213194
vn 0.99909474 -0.02477451589 -0.03458213139
vn 0.99909474 -0.02477451589 -0.03458213139
vn 0.99909474 -0.02477451589 -0.03458213139
vn -0.1212340912 0.7562649763 0.6429351296
vn -0.1454672062 0.6770425595 0.7214240532
vn -0.1832456124 0.7118522194 0.678002554
vn -0.4008190868 -1.265103742e-06 0.9161572243
vn -0.4008190868 -1.265103742e-06 0.9161572243
vn -0.4008190868 -1.265103742e-06 0.9161572243
vn -0.1212340855 0.7562649533 0.6429351577
vn -0.1725345726 0.7430157449 0.6466524755
vn -0.1844505944 0.8499424224 0.4935340483
vn -0.1454671942 0.6770424366 0.7214241709
vn -0.1926185247 0.7921452553 0.5791407415
vn -0.1835877017 0.7099553676 0.6798962655
vn -0.1454672062 0.6770425595 0.7214240532
vn -0.1835877085 0.7099554416 0.6798961864
vn -0.1832456124 0.7118522194 0.678002554
vn -0.4008173037 0 0.9161580044
vn -0.4008173037 0 0.9161580044
vn -0.4008173037 0 0.9161580044
vn -0.192618533 0.7921452354 0.5791407659
vn -0.198847504 0.842141042 0.5012565566
vn -0.187910251 0.7375848174 0.6485818181
vn -0.192618533 0.7921452354 0.5791407659
vn -0.187910251 0.7375848174 0.6485818181
vn -0.1853028772 0.7171740303 0.6718067088
vn -0.1926185247 0.7921452553 0.5791407415
vn -0.1853028704 0.7171740529 0.6718066866
vn -0.1835877017 0.7099553676 0.6798962655
vn 0.9962248847 -0.04203560373 -0.07595384806
vn 0.9962248847 -0.04203560373 -0.07595384806
vn 0.9962248847 -0.04203560373 -0.07595384806
vn 0.996225079 -0.0420345697 -0.07595187247
vn 0.996225079 -0.0420345697 -0.07595187247
vn 0.996225079 -0.0420345697 -0.07595187247
vn 0.9962241538 -0.04203022124 -0.07596641329
vn 0.9962241538 -0.04203022124 -0.07596641329
vn 0.9962241538 -0.04203022124 -0.07596641329
vn -0.1212340915 0.7562649674 0.6429351399
vn -0.1832456124 0.7118522202 0.6780025532
vn -0.1725345637 0.7430157224 0.6466525037
vn -0.07277928372 0.9961452725 -0.04896704909
vn -0.08838371763 0.993357191 -0.07368724106
vn -0.08986399655 0.9932498899 -0.073342473
vn -0.04193960007 0.9985272278 -0.03441577019
vn -0.08805981674 0.9933977601 -0.0735279465
vn -0.08838372235 0.9933571901 -0.07368724825
vn -0.04193960007 0.9985272278 -0.03441577019
vn -0.08761812799 0.9934523471 -0.07331778617
vn -0.08805981674 0.9933977601 -0.0735279465
vn -0.04193959981 0.9985272279 -0.03441576814
vn -0.08346541883 0.9964582844 -0.01021818681
vn -0.08761812315 0.9934523461 -0.07331780456
vn -0.04193959981 0.9985272279 -0.03441576814
vn -0.07905231494 0.9954134575 0.05387745448
vn -0.08346541883 0.9964582844 -0.01021818681
vn -0.06530650394 0.99635865 0.05481332952
vn -0.07925674288 0.9951597686 0.058098224
vn -0.07924492452 0.9953573906 0.05462514939
vn -0.0653065031 0.9963586486 0.05481335528
vn -0.07924492453 0.9953573905 0.05462515074
vn -0.07905230897 0.9954134576 0.0538774618
vn -0.06434213598 0.9189651402 0.3890541872
vn -0.1002133268 0.9858292954 0.1345283965
vn -0.07925670091 0.9951597694 0.05809826833
vn 0.9990944355 -0.02477788679 0.03458851411
vn 0.9990944355 -0.02477788679 0.03458851411
vn 0.9990944355 -0.02477788679 0.03458851411
vn 0.9990894615 -0.02482909884 0.03469529842
vn 0.9990894615 -0.02482909884 0.03469529842
vn 0.9990894615 -0.02482909884 0.03469529842
vn 0.9962253263 -0.04203401646 0.07594893489
vn 0.9962253263 -0.04203401646 0.07594893489
vn 0.9962253263 -0.04203401646 0.07594893489
vn 0.9989355458 -0.04612781211 1.88174578e-05
vn 0.9989355458 -0.04612781211 1.88174578e-05
vn 0.9989355458 -0.04612781211 1.88174578e-05
vn 0.9989349711 -0.04614025826 -1.727378988e-06
vn 0.9989349711 -0.04614025826 -1.727378988e-06
vn 0.9989349711 -0.04614025826 -1.727378988e-06
vn 0.9989349879 -0.04613989485 0
vn 0.9989349879 -0.04613989485 0
vn 0.9989349879 -0.04613989485 0
vn 0.9989350008 -0.04613961685 -7.338503717e-07
vn 0.9989350008 -0.04613961685 -7.338503717e-07
vn 0.9989350008 -0.04613961685 -7.338503717e-07
vn 0.9961482322 -0.08768522821 1.582277823e-05
vn 0.9961482322 -0.08768522821 1.582277823e-05
vn 0.9961482322 -0.08768522821 1.582277823e-05
vn -0.08346541883 0.9964582844 -0.01021818681
vn -0.07905231494 0.9954134575 0.05387745448
vn -0.0789740884 0.9953610899 0.05494901329
vn 0.9961562341 -0.08759427615 0
vn 0.9961562341 -0.08759427615 0
vn 0.9961562341 -0.08759427615 0
vn -0.06434213783 0.9189651456 0.3890541741
vn -0.1519921781 0.9034724222 0.4007941617
vn -0.1433594291 0.9478501095 0.2846546048
vn -0.1212341237 0.7562650177 0.6429350746
vn -0.1844506474 0.849942501 0.493533893
vn -0.1519921592 0.9034723631 0.4007943021
vn -0.06434213598 0.9189651402 0.3890541872
vn -0.1433594264 0.9478501032 0.284654627
vn -0.1270354132 0.96465802 0.2308612317
vn -0.06434213598 0.9189651402 0.3890541872
vn -0.1270354132 0.96465802 0.2308612317
vn -0.1197823695 0.9712348542 0.205803406
vn -0.06434213598 0.9189651402 0.3890541872
vn -0.1197823695 0.9712348542 0.205803406
vn -0.1002133268 0.9858292954 0.1345283965
vn -0.1519921981 0.9034724652 0.4007940574
vn -0.1844506156 0.8499424038 0.4935340725
vn -0.1989096732 0.8763916743 0.4386029813
vn 0.9962264397 -0.04203152533 -0.0759357081
vn 0.9962264397 -0.04203152533 -0.0759357081
vn 0.9962264397 -0.04203152533 -0.0759357081
vn 0.9962237121 -0.04203954114 -0.07596704828
vn 0.9962237121 -0.04203954114 -0.07596704828
vn 0.9962237121 -0.04203954114 -0.07596704828
vn 0.9990956567 -0.02476498492 -0.03456247011
vn 0.9990956567 -0.02476498492 -0.03456247011
vn 0.9990956567 -0.02476498492 -0.03456247011
vn -0.1519921781 0.9034724222 0.4007941617
vn -0.1509658203 0.9426303565 0.2977538113
vn -0.1433594291 0.9478501095 0.2846546048
vn -0.1519921981 0.9034724652 0.4007940574
vn -0.1989096732 0.8763916743 0.4386029813
vn -0.1873630203 0.8936718311 0.4077324576
vn -0.1519921984 0.9034724641 0.4007940597
vn -0.1873630236 0.8936718258 0.4077324676
vn -0.1509658302 0.942630373 0.297753754
vn -0.1725345726 0.7430157449 0.6466524755
vn -0.1822965923 0.7732427079 0.6073414748
vn -0.1844505944 0.8499424224 0.4935340483
vn -0.1844505595 0.8499423621 0.4935341652
vn -0.1822966524 0.7732428283 0.6073413035
vn -0.1933274414 0.8405225745 0.5061089825
vn -0.1844505595 0.8499423621 0.4935341652
vn -0.1933274414 0.8405225745 0.5061089825
vn -0.1989096647 0.8763916666 0.4386030005
vn 0.9943126734 -0.0247827093 -0.103576662
vn 0.9943126734 -0.0247827093 -0.103576662
vn 0.9943126734 -0.0247827093 -0.103576662
vn 0.9943125725 -0.02479055852 -0.1035757522
vn 0.9943125725 -0.02479055852 -0.1035757522
vn 0.9943125725 -0.02479055852 -0.1035757522
vn 0.9943125529 -0.02479849911 -0.103574039
vn 0.9943125529 -0.02479849911 -0.103574039
vn 0.9943125529 -0.02479849911 -0.103574039
vn -0.4008076441 2.579226982e-05 0.91616223
vn -0.4008076441 2.579226982e-05 0.91616223
vn -0.4008076441 2.579226982e-05 0.91616223
vn -0.4008168527 -1.416944369e-05 0.9161582016
vn -0.4008168527 -1.416944369e-05 0.9161582016
vn -0.4008168527 -1.416944369e-05 0.9161582016
vn -0.1988474987 0.8421410296 0.5012565795
vn -0.205458335 0.8691980159 0.4497573587
vn -0.2010243369 0.8596234863 0.4697197865
vn -0.198847504 0.842141042 0.5012565566
vn -0.2010243434 0.8596234933 0.4697197708
vn -0.1995838521 0.8432032591 0.4991738674
vn -0.198847504 0.842141042 0.5012565566
vn -0.1995838521 0.8432032591 0.4991738674
vn -0.1953596411 0.8011049084 0.5657433486
vn -0.198847504 0.842141042 0.5012565566
vn -0.1953596411 0.8011049084 0.5657433486
vn -0.187910251 0.7375848174 0.6485818181
vn 0.9847695758 -0.02478320255 -0.1720891494
vn 0.9847695758 -0.02478320255 -0.1720891494
vn 0.9847695758 -0.02478320255 -0.1720891494
vn 0.9847720951 -0.02482773553 -0.1720683129
vn 0.9847720951 -0.02482773553 -0.1720683129
vn 0.9847720951 -0.02482773553 -0.1720683129
vn 0.9847671734 -0.02479051276 -0.1721018439
vn 0.9847671734 -0.02479051276 -0.1721018439
vn 0.9847671734 -0.02479051276 -0.1721018439
vn 0.9885004392 -0.04210438359 -0.1452380891
vn 0.9885004392 -0.04210438359 -0.1452380891
vn 0.9885004392 -0.04210438359 -0.1452380891
vn 0.9943124902 -0.02474680304 -0.1035870046
vn 0.9943124902 -0.02474680304 -0.1035870046
vn 0.9943124902 -0.02474680304 -0.1035870046
vn 0.9943128034 -0.02485298928 -0.1035585727
vn 0.9943128034 -0.02485298928 -0.1035585727
vn 0.9943128034 -0.02485298928 -0.1035585727
vn 0.9943125158 -0.02478515866 -0.1035775883
vn 0.9943125158 -0.02478515866 -0.1035775883
vn 0.9943125158 -0.02478515866 -0.1035775883
vn 0.9943132105 -0.02479135985 -0.1035694352
vn 0.9943132105 -0.02479135985 -0.1035694352
vn 0.9943132105 -0.02479135985 -0.1035694352
vn 0.9943109465 -0.02476188721 -0.1035982172
vn 0.9943109465 -0.02476188721 -0.1035982172
vn 0.9943109465 -0.02476188721 -0.1035982172
vn -0.9929349557 -0.09135310544 -0.07572835617
vn -0.9929349557 -0.09135310544 -0.07572835617
vn -0.9929349557 -0.09135310544 -0.07572835617
vn -0.9927763549 -0.1127030146 -0.04114777919
vn -0.9927763549 -0.1127030146 -0.04114777919
vn -0.9927763549 -0.1127030146 -0.04114777919
vn -0.9852303103 -0.09135954073 -0.1448263443
vn -0.9852303103 -0.09135954073 -0.1448263443
vn -0.9852303103 -0.09135954073 -0.1448263443
vn -0.9727247342 -0.0913955628 -0.21319813
vn -0.9727247342 -0.0913955628 -0.21319813
vn -0.9727247342 -0.0913955628 -0.21319813
vn -0.976448891 -0.1086571689 -0.186389868
vn -0.976448891 -0.1086571689 -0.186389868
vn -0.976448891 -0.1086571689 -0.186389868
vn -0.9727108343 -0.09162969384 -0.2131610473
vn -0.9727108343 -0.09162969384 -0.2131610473
vn -0.9727108343 -0.09162969384 -0.2131610473
vn -0.9852164071 -0.09145333765 -0.1448617207
vn -0.9852164071 -0.09145333765 -0.1448617207
vn -0.9852164071 -0.09145333765 -0.1448617207
vn -0.9852316342 -0.0913365358 -0.1448318479
vn -0.9852316342 -0.0913365358 -0.1448318479
vn -0.9852316342 -0.0913365358 -0.1448318479
vn -0.992936755 -0.09134039593 -0.07572009465
vn -0.992936755 -0.09134039593 -0.07572009465
vn -0.992936755 -0.09134039593 -0.07572009465
vn -0.9871215264 -0.1086797167 -0.1173874413
vn -0.9871215264 -0.1086797167 -0.1173874413
vn -0.9871215264 -0.1086797167 -0.1173874413
vn -0.992919668 -0.09141318296 -0.07585619815
vn -0.992919668 -0.09141318296 -0.07585619815
vn -0.992919668 -0.09141318296 -0.07585619815
vn -0.9929346372 -0.09135831283 -0.07572624951
vn -0.9929346372 -0.09135831283 -0.07572624951
vn -0.9929346372 -0.09135831283 -0.07572624951
vn -0.9759706793 -0.04183807188 -0.2138476303
vn -0.9759706793 -0.04183807188 -0.2138476303
vn -0.9759706793 -0.04183807188 -0.2138476303
vn -0.9583514562 -0.04233212871 -0.2824366784
vn -0.9583514562 -0.04233212871 -0.2824366784
vn -0.9583514562 -0.04233212871 -0.2824366784
vn -0.9583520914 -0.04233176764 -0.282434577
vn -0.9583520914 -0.04233176764 -0.282434577
vn -0.9583520914 -0.04233176764 -0.282434577
vn -0.975968662 -0.04184682161 -0.2138551246
vn -0.975968662 -0.04184682161 -0.2138551246
vn -0.975968662 -0.04184682161 -0.2138551246
vn -0.9759663219 -0.04184431363 -0.2138662943
vn -0.9759663219 -0.04184431363 -0.2138662943
vn -0.9759663219 -0.04184431363 -0.2138662943
vn -0.9705141836 -0.02482809921 -0.239761934
vn -0.9705141836 -0.02482809921 -0.239761934
vn -0.9705141836 -0.02482809921 -0.239761934
vn -0.9705155162 -0.02483330833 -0.2397560003
vn -0.9705155162 -0.02483330833 -0.2397560003
vn -0.9705155162 -0.02483330833 -0.2397560003
vn -0.9583516549 -0.04233320998 -0.282435842
vn -0.9583516549 -0.04233320998 -0.282435842
vn -0.9583516549 -0.04233320998 -0.282435842
vn -0.9583488609 -0.04233190029 -0.2824455186
vn -0.9583488609 -0.04233190029 -0.2824455186
vn -0.9583488609 -0.04233190029 -0.2824455186
vn -0.9583504706 -0.04233257598 -0.2824399556
vn -0.9583504706 -0.04233257598 -0.2824399556
vn -0.9583504706 -0.04233257598 -0.2824399556
vn -0.9583468686 -0.04232046578 -0.2824539921
vn -0.9583468686 -0.04232046578 -0.2824539921
vn -0.9583468686 -0.04232046578 -0.2824539921
vn -0.9516134243 -0.0250198831 -0.3062774822
vn -0.9516134243 -0.0250198831 -0.3062774822
vn -0.9516134243 -0.0250198831 -0.3062774822
vn -0.9705163123 -0.02483843044 -0.2397522468
vn -0.9705163123 -0.02483843044 -0.2397522468
vn -0.9705163123 -0.02483843044 -0.2397522468
vn -0.9885003252 -0.04211004993 -0.1452372227
vn -0.9885003252 -0.04211004993 -0.1452372227
vn -0.9885003252 -0.04211004993 -0.1452372227
vn -0.996224886 -0.0420348051 -0.0759542731
vn -0.996224886 -0.0420348051 -0.0759542731
vn -0.996224886 -0.0420348051 -0.0759542731
vn -0.9847701613 -0.02482550347 -0.1720797018
vn -0.9847701613 -0.02482550347 -0.1720797018
vn -0.9847701613 -0.02482550347 -0.1720797018
vn -0.9943127947 -0.02478778588 -0.1035742822
vn -0.9943127947 -0.02478778588 -0.1035742822
vn -0.9943127947 -0.02478778588 -0.1035742822
vn -0.9516101263 -0.02502139852 -0.3062876052
vn -0.9516101263 -0.02502139852 -0.3062876052
vn -0.9516101263 -0.02502139852 -0.3062876052
vn -0.992773603 -0.1127153119 -0.04118047781
vn -0.992773603 -0.1127153119 -0.04118047781
vn -0.992773603 -0.1127153119 -0.04118047781
vn -0.9961578935 -0.08757540247 3.344058049e-06
vn -0.9961578935 -0.08757540247 3.344058049e-06
vn -0.9961578935 -0.08757540247 3.344058049e-06
vn -0.9961578145 -0.08757630165 -2.624439012e-06
vn -0.9961578145 -0.08757630165 -2.624439012e-06
vn -0.9961578145 -0.08757630165 -2.624439012e-06
vn -0.9929348546 -0.09135896717 0.07572260958
vn -0.9929348546 -0.09135896717 0.07572260958
vn -0.9929348546 -0.09135896717 0.07572260958
vn -0.9927770067 -0.1126967477 0.0411492154
vn -0.9927770067 -0.1126967477 0.0411492154
vn -0.9927770067 -0.1126967477 0.0411492154
vn -0.9927763807 -0.1126991078 0.04115785388
vn -0.9927763807 -0.1126991078 0.04115785388
vn -0.9927763807 -0.1126991078 0.04115785388
vn -0.992934885 -0.09135659468 0.07572507368
vn -0.992934885 -0.09135659468 0.07572507368
vn -0.992934885 -0.09135659468 0.07572507368
vn -0.9929319119 -0.09136966814 0.07574828159
vn -0.9929319119 -0.09136966814 0.07574828159
vn -0.9929319119 -0.09136966814 0.07574828159
vn -0.9961571806 -0.08758351202 0
vn -0.9961571806 -0.08758351202 0
vn -0.9961571806 -0.08758351202 0
vn -0.9929352023 -0.09135213052 0.07572629788
vn -0.9929352023 -0.09135213052 0.07572629788
vn -0.9929352023 -0.09135213052 0.07572629788
vn -0.9871239973 -0.10867457 0.117371427
vn -0.9871239973 -0.10867457 0.117371427
vn -0.9871239973 -0.10867457 0.117371427
vn -0.9852315241 -0.09134289061 0.1448285893
vn -0.9852315241 -0.09134289061 0.1448285893
vn -0.9852315241 -0.09134289061 0.1448285893
vn -0.9852316217 -0.0913402684 0.1448295791
vn -0.9852316217 -0.0913402684 0.1448295791
vn -0.9852316217 -0.0913402684 0.1448295791
vn -0.9989350508 -0.04613853357 0
vn -0.9989350508 -0.04613853357 0
vn -0.9989350508 -0.04613853357 0
vn -0.9962248854 -0.04203480462 0.07595428122
vn -0.9962248854 -0.04203480462 0.07595428122
vn -0.9962248854 -0.04203480462 0.07595428122
vn -0.9990947931 -0.02477346023 -0.0345813534
vn -0.9990947931 -0.02477346023 -0.0345813534
vn -0.9990947931 -0.02477346023 -0.0345813534
vn -0.9990947931 -0.02477345918 0.0345813551
vn -0.9990947931 -0.02477345918 0.0345813551
vn -0.9990947931 -0.02477345918 0.0345813551
vn -0.9885006917 -0.04210911804 0.1452349983
vn -0.9885006917 -0.04210911804 0.1452349983
vn -0.9885006917 -0.04210911804 0.1452349983
vn -0.9885001734 -0.04210881913 0.1452386126
vn -0.9885001734 -0.04210881913 0.1452386126
vn -0.9885001734 -0.04210881913 0.1452386126
vn -0.9885002602 -0.0421090485 0.145237955
vn -0.9885002602 -0.0421090485 0.145237955
vn -0.9885002602 -0.0421090485 0.145237955
vn -0.9847707594 -0.02482736226 0.1720760109
vn -0.9847707594 -0.02482736226 0.1720760109
vn -0.9847707594 -0.02482736226 0.1720760109
vn -0.9759566425 -0.04185673168 0.2139080318
vn -0.9759566425 -0.04185673168 0.2139080318
vn -0.9759566425 -0.04185673168 0.2139080318
vn -0.9759657639 -0.04184671095 0.2138683719
vn -0.9759657639 -0.04184671095 0.2138683719
vn -0.9759657639 -0.04184671095 0.2138683719
vn -0.9943127937 -0.02478778579 0.1035742923
vn -0.9943127937 -0.02478778579 0.1035742923
vn -0.9943127937 -0.02478778579 0.1035742923
vn -0.9847696792 -0.02481902521 0.1720833955
vn -0.9847696792 -0.02481902521 0.1720833955
vn -0.9847696792 -0.02481902521 0.1720833955
vn -0.9847697833 -0.02482059882 0.1720825726
vn -0.9847697833 -0.02482059882 0.1720825726
vn -0.9847697833 -0.02482059882 0.1720825726
vn -0.9847699475 -0.02482481606 0.1720810246
vn -0.9847699475 -0.02482481606 0.1720810246
vn -0.9847699475 -0.02482481606 0.1720810246
vn -0.9759706793 0.04183807188 -0.2138476303
vn -0.9759706793 0.04183807188 -0.2138476303
vn -0.9759706793 0.04183807188 -0.2138476303
vn -0.9516133839 0.02502157733 -0.3062774693
vn -0.9516133839 0.02502157733 -0.3062774693
vn -0.9516133839 0.02502157733 -0.3062774693
vn -0.9516128217 0.0250184275 -0.3062794736
vn -0.9516128217 0.0250184275 -0.3062794736
vn -0.9516128217 0.0250184275 -0.3062794736
vn -0.9583468686 0.04232046578 -0.2824539921
vn -0.9583468686 0.04232046578 -0.2824539921
vn -0.9583468686 0.04232046578 -0.2824539921
vn -0.9583516549 0.04233320998 -0.282435842
vn -0.9583516549 0.04233320998 -0.282435842
vn -0.9583516549 0.04233320998 -0.282435842
vn -0.9583504706 0.04233257598 -0.2824399556
vn -0.9583504706 0.04233257598 -0.2824399556
vn -0.9583504706 0.04233257598 -0.2824399556
vn -0.9583488609 0.04233190029 -0.2824455186
vn -0.9583488609 0.04233190029 -0.2824455186
vn -0.9583488609 0.04233190029 -0.2824455186
vn -0.9705163123 0.02483843044 -0.2397522468
vn -0.9705163123 0.02483843044 -0.2397522468
vn -0.9705163123 0.02483843044 -0.2397522468
vn -0.9583520914 0.04233176764 -0.282434577
vn -0.9583520914 0.04233176764 -0.282434577
vn -0.9583520914 0.04233176764 -0.282434577
vn -0.9583514562 0.04233212871 -0.2824366784
vn -0.9583514562 0.04233212871 -0.2824366784
vn -0.9583514562 0.04233212871 -0.2824366784
vn -0.9705141836 0.02482809921 -0.239761934
vn -0.9705141836 0.02482809921 -0.239761934
vn -0.9705141836 0.02482809921 -0.239761934
vn -0.9705155162 0.02483330833 -0.2397560003
vn -0.9705155162 0.02483330833 -0.2397560003
vn -0.9705155162 0.02483330833 -0.2397560003
vn -0.975968662 0.04184682161 -0.2138551246
vn -0.975968662 0.04184682161 -0.2138551246
vn -0.975968662 0.04184682161 -0.2138551246
vn -0.9759663219 0.04184431363 -0.2138662943
vn -0.9759663219 0.04184431363 -0.2138662943
vn -0.9759663219 0.04184431363 -0.2138662943
vn -0.9847701613 0.02482550347 -0.1720797018
vn -0.9847701613 0.02482550347 -0.1720797018
vn -0.9847701613 0.02482550347 -0.1720797018
vn -0.9943127947 0.02478778588 -0.1035742822
vn -0.9943127947 0.02478778588 -0.1035742822
vn -0.9943127947 0.02478778588 -0.1035742822
vn -0.9885003252 0.04211004993 -0.1452372227
vn -0.9885003252 0.04211004993 -0.1452372227
vn -0.9885003252 0.04211004993 -0.1452372227
vn -0.996224886 0.0420348051 -0.0759542731
vn -0.996224886 0.0420348051 -0.0759542731
vn -0.996224886 0.0420348051 -0.0759542731
vn -0.9852303103 0.09135954073 -0.1448263443
vn -0.9852303103 0.09135954073 -0.1448263443
vn -0.9852303103 0.09135954073 -0.1448263443
vn -0.9727247342 0.0913955628 -0.21319813
vn -0.9727247342 0.0913955628 -0.21319813
vn -0.9727247342 0.0913955628 -0.21319813
vn -0.976448891 0.1086571689 -0.186389868
vn -0.976448891 0.1086571689 -0.186389868
vn -0.976448891 0.1086571689 -0.186389868
vn -0.9727108343 0.09162969384 -0.2131610473
vn -0.9727108343 0.09162969384 -0.2131610473
vn -0.9727108343 0.09162969384 -0.2131610473
vn -0.9852164071 0.09145333765 -0.1448617207
vn -0.9852164071 0.09145333765 -0.1448617207
vn -0.9852164071 0.09145333765 -0.1448617207
vn -0.9852316342 0.0913365358 -0.1448318479
vn -0.9852316342 0.0913365358 -0.1448318479
vn -0.9852316342 0.0913365358 -0.1448318479
vn -0.992936755 0.09134039593 -0.07572009465
vn -0.992936755 0.09134039593 -0.07572009465
vn -0.992936755 0.09134039593 -0.07572009465
vn -0.9871215264 0.1086797167 -0.1173874413
vn -0.9871215264 0.1086797167 -0.1173874413
vn -0.9871215264 0.1086797167 -0.1173874413
vn -0.992919668 0.09141318296 -0.07585619815
vn -0.992919668 0.09141318296 -0.07585619815
vn -0.992919668 0.09141318296 -0.07585619815
vn -0.9929346372 0.09135831283 -0.07572624951
vn -0.9929346372 0.09135831283 -0.07572624951
vn -0.9929346372 0.09135831283 -0.07572624951
vn -0.9929349557 0.09135310544 -0.07572835617
vn -0.9929349557 0.09135310544 -0.07572835617
vn -0.9929349557 0.09135310544 -0.07572835617
vn -0.9927763549 0.1127030146 -0.04114777919
vn -0.9927763549 0.1127030146 -0.04114777919
vn -0.9927763549 0.1127030146 -0.04114777919
vn -0.9990947931 0.02477346023 -0.0345813534
vn -0.9990947931 0.02477346023 -0.0345813534
vn -0.9990947931 0.02477346023 -0.0345813534
vn -0.9990947931 0.02477345918 0.0345813551
vn -0.9990947931 0.02477345918 0.0345813551
vn -0.9990947931 0.02477345918 0.0345813551
vn -0.9989350508 0.04613853357 0
vn -0.9989350508 0.04613853357 0
vn -0.9989350508 0.04613853357 0
vn -0.9962248854 0.04203480462 0.07595428122
vn -0.9962248854 0.04203480462 0.07595428122
vn -0.9962248854 0.04203480462 0.07595428122
vn -0.9943127937 0.02478778579 0.1035742923
vn -0.9943127937 0.02478778579 0.1035742923
vn -0.9943127937 0.02478778579 0.1035742923
vn -0.9847699475 0.02482481606 0.1720810246
vn -0.9847699475 0.02482481606 0.1720810246
vn -0.9847699475 0.02482481606 0.1720810246
vn -0.9847696792 0.02481902521 0.1720833955
vn -0.9847696792 0.02481902521 0.1720833955
vn -0.9847696792 0.02481902521 0.1720833955
vn -0.9847697833 0.02482059882 0.1720825726
vn -0.9847697833 0.02482059882 0.1720825726
vn -0.9847697833 0.02482059882 0.1720825726
vn -0.9885004748 0.04210966628 0.1452363155
vn -0.9885004748 0.04210966628 0.1452363155
vn -0.9885004748 0.04210966628 0.1452363155
vn -0.9847715115 0.02483316741 0.1720708688
vn -0.9847715115 0.02483316741 0.1720708688
vn -0.9847715115 0.02483316741 0.1720708688
vn -0.9884996413 0.04210878203 0.1452422448
vn -0.9884996413 0.04210878203 0.1452422448
vn -0.9884996413 0.04210878203 0.1452422448
vn -0.9884998789 0.04210936828 0.1452404576
vn -0.9884998789 0.04210936828 0.1452404576
vn -0.9884998789 0.04210936828 0.1452404576
vn -0.9759566425 0.04185673168 0.2139080318
vn -0.9759566425 0.04185673168 0.2139080318
vn -0.9759566425 0.04185673168 0.2139080318
vn -0.9759657639 0.04184671095 0.2138683719
vn -0.9759657639 0.04184671095 0.2138683719
vn -0.9759657639 0.04184671095 0.2138683719
vn -0.9961571806 0.08758351202 0
vn -0.9961571806 0.08758351202 0
vn -0.9961571806 0.08758351202 0
vn -0.9929352023 0.09135213052 0.07572629788
vn -0.9929352023 0.09135213052 0.07572629788
vn -0.9929352023 0.09135213052 0.07572629788
vn -0.992773603 0.1127153119 -0.04118047781
vn -0.992773603 0.1127153119 -0.04118047781
vn -0.992773603 0.1127153119 -0.04118047781
vn -0.9961578935 0.08757540247 3.344058049e-06
vn -0.9961578935 0.08757540247 3.344058049e-06
vn -0.9961578935 0.08757540247 3.344058049e-06
vn -0.9961578145 0.08757630165 -2.624439012e-06
vn -0.9961578145 0.08757630165 -2.624439012e-06
vn -0.9961578145 0.08757630165 -2.624439012e-06
vn -0.9927770067 0.1126967477 0.0411492154
vn -0.9927770067 0.1126967477 0.0411492154
vn -0.9927770067 0.1126967477 0.0411492154
vn -0.9927763807 0.1126991078 0.04115785388
vn -0.9927763807 0.1126991078 0.04115785388
vn -0.9927763807 0.1126991078 0.04115785388
vn -0.9929348546 0.09135896717 0.07572260958
vn -0.9929348546 0.09135896717 0.07572260958
vn -0.9929348546 0.09135896717 0.07572260958
vn -0.992934885 0.09135659468 0.07572507368
vn -0.992934885 0.09135659468 0.07572507368
vn -0.992934885 0.09135659468 0.07572507368
vn -0.9929319119 0.09136966814 0.07574828159
vn -0.9929319119 0.09136966814 0.07574828159
vn -0.9929319119 0.09136966814 0.07574828159
vn -0.9852317556 0.09133666929 0.1448309377
vn -0.9852317556 0.09133666929 0.1448309377
vn -0.9852317556 0.09133666929 0.1448309377
vn -0.9852315241 0.09134289061 0.1448285893
vn -0.9852315241 0.09134289061 0.1448285893
vn -0.9852315241 0.09134289061 0.1448285893
vn -0.9871239973 0.10867457 0.117371427
vn -0.9871239973 0.10867457 0.117371427
vn -0.9871239973 0.10867457 0.117371427
f 2/1/1 10/2/2 12/3/3
f 24/4/4 10/5/5 2/6/6
f 4/7/7 3/8/8 7/9/9
f 6/10/10 32/11/11 5/12/12
f 26/13/13 32/14/14 6/15/15
f 25/16/16 4/17/17 7/18/18
f 25/19/19 7/20/20 13/21/21
f 26/22/22 6/23/23 4/24/24
f 25/25/25 26/26/26 4/27/27
f 25/28/28 9/29/29 8/30/30
f 25/31/31 8/32/32 10/33/33
f 25/34/34 13/35/35 9/36/36
f 27/37/37 22/38/38 16/39/39
f 16/40/40 22/41/41 23/42/42
f 24/43/43 25/44/44 10/45/45
f 24/46/46 2/47/47 1/48/48
f 24/49/49 1/50/50 22/51/51
f 24/52/52 22/53/53 27/54/54
f 25/55/55 139/56/56 26/57/57
f 27/58/58 16/59/59 17/60/60
f 27/61/61 17/62/62 19/63/63
f 27/64/64 18/65/65 20/66/66
f 27/67/67 19/68/68 18/69/69
f 27/70/70 20/71/71 29/72/72
f 29/73/73 20/74/74 21/75/75
f 29/76/76 21/77/77 28/78/78
f 30/79/79 28/80/80 86/81/81
f 29/82/82 28/83/83 30/84/84
f 29/85/85 30/86/86 31/87/87
f 30/88/88 89/89/89 31/90/90
f 34/91/91 38/92/92 35/93/93
f 54/94/94 33/95/95 32/96/96
f 54/97/97 34/98/98 33/99/99
f 54/100/100 38/101/101 34/102/102
f 55/103/103 36/104/104 38/105/105
f 26/106/106 54/107/107 32/108/108
f 55/109/109 37/110/110 36/111/111
f 55/112/112 39/113/113 37/114/114
f 54/115/115 55/116/116 38/117/117
f 55/118/118 56/119/119 39/120/120
f 56/121/121 40/122/122 39/123/123
f 56/124/124 42/125/125 40/126/126
f 56/127/127 44/128/128 42/129/129
f 56/130/130 45/131/131 44/132/132
f 56/133/133 46/134/134 45/135/135
f 46/136/136 48/137/137 47/138/138
f 48/139/139 50/140/140 49/141/141
f 53/142/142 51/143/143 50/144/144
f 53/145/145 52/146/146 51/147/147
f 57/148/148 48/149/149 46/150/150
f 57/151/151 50/152/152 48/153/153
f 53/154/154 50/155/155 57/156/156
f 53/157/157 105/158/158 52/159/159
f 26/160/160 154/161/161 54/162/162
f 54/163/163 159/164/164 55/165/165
f 55/166/166 161/167/167 56/168/168
f 56/169/169 57/170/170 46/171/171
f 56/172/172 165/173/173 57/174/174
f 53/175/175 57/176/176 58/177/177
f 53/178/178 58/179/179 121/180/180
f 57/181/181 168/182/182 58/183/183
f 58/184/184 168/185/185 123/186/186
f 88/187/187 65/188/188 67/189/189
f 65/190/190 68/191/191 67/192/192
f 77/193/193 72/194/194 78/195/195
f 92/196/196 72/197/197 77/198/198
f 83/199/199 73/200/200 82/201/201
f 107/202/202 85/203/203 84/204/204
f 94/205/205 85/206/206 107/207/207
f 93/208/208 77/209/209 75/210/210
f 93/211/211 75/212/212 76/213/213
f 93/214/214 76/215/215 79/216/216
f 93/217/217 73/218/218 83/219/219
f 93/220/220 79/221/221 73/222/222
f 94/223/223 83/224/224 85/225/225
f 93/226/226 83/227/227 94/228/228
f 30/229/229 86/230/230 87/231/231
f 91/232/232 87/233/233 61/234/234
f 91/235/235 61/236/236 62/237/237
f 30/238/238 87/239/239 89/240/240
f 89/241/241 87/242/242 91/243/243
f 88/244/244 62/245/245 63/246/246
f 88/247/247 63/248/248 64/249/249
f 88/250/250 66/251/251 65/252/252
f 88/253/253 64/254/254 66/255/255
f 91/256/256 62/257/257 88/258/258
f 31/259/259 89/260/260 90/261/261
f 89/262/262 91/263/263 90/264/264
f 92/265/265 67/266/266 71/267/267
f 92/268/268 71/269/269 72/270/270
f 92/271/271 77/272/272 93/273/273
f 88/274/274 67/275/275 92/276/276
f 93/277/277 94/278/278 210/279/279
f 105/280/280 98/281/281 52/282/282
f 105/283/283 99/284/284 98/285/285
f 105/286/286 103/287/287 99/288/288
f 105/289/289 101/290/290 103/291/291
f 101/292/292 104/293/293 102/294/294
f 53/295/295 121/296/296 105/297/297
f 122/298/298 100/299/299 104/300/300
f 105/301/301 122/302/302 101/303/303
f 122/304/304 104/305/305 101/306/306
f 111/307/307 109/308/308 110/309/309
f 124/310/310 107/311/311 108/312/312
f 124/313/313 108/314/314 109/315/315
f 124/316/316 109/317/317 111/318/318
f 125/319/319 111/320/320 114/321/321
f 94/322/322 107/323/323 124/324/324
f 125/325/325 115/326/326 113/327/327
f 125/328/328 114/329/329 115/330/330
f 124/331/331 111/332/332 125/333/333
f 125/334/334 113/335/335 126/336/336
f 117/337/337 118/338/338 119/339/339
f 126/340/340 117/341/341 100/342/342
f 126/343/343 118/344/344 117/345/345
f 126/346/346 120/347/347 118/348/348
f 126/349/349 113/350/350 112/351/351
f 126/352/352 112/353/353 120/354/354
f 58/355/355 123/356/356 121/357/357
f 121/358/358 123/359/359 122/360/360
f 105/361/361 121/362/362 122/363/363
f 94/364/364 124/365/365 216/366/366
f 124/367/367 125/368/368 221/369/369
f 125/370/370 126/371/371 223/372/372
f 122/373/373 126/374/374 100/375/375
f 122/376/376 226/377/377 126/378/378
f 24/379/379 128/380/380 25/381/381
f 24/382/382 27/383/383 142/384/384
f 25/385/385 131/386/386 130/387/387
f 24/388/388 142/389/389 129/390/390
f 24/391/391 129/392/392 128/393/393
f 25/394/394 128/395/395 131/396/396
f 26/397/397 127/398/398 157/399/399
f 26/400/400 139/401/401 127/402/402
f 25/403/403 136/404/404 133/405/405
f 25/406/406 130/407/407 136/408/408
f 25/409/409 133/410/410 139/411/411
f 141/412/412 182/413/413 127/414/414
f 27/415/415 29/416/416 143/417/417
f 29/418/418 31/419/419 144/420/420
f 31/421/421 90/422/422 145/423/423
f 27/424/424 143/425/425 142/426/426
f 29/427/427 144/428/428 143/429/429
f 31/430/430 145/431/431 144/432/432
f 132/433/433 129/434/434 142/435/435
f 132/436/436 142/437/437 146/438/438
f 137/439/439 134/440/440 133/441/441
f 133/442/442 135/443/443 139/444/444
f 133/445/445 134/446/446 135/447/447
f 136/448/448 137/449/449 133/450/450
f 135/451/451 138/452/452 139/453/453
f 138/454/454 140/455/455 139/456/456
f 139/457/457 140/458/458 141/459/459
f 139/460/460 141/461/461 127/462/462
f 136/463/463 198/464/464 137/465/465
f 137/466/466 198/467/467 134/468/468
f 135/469/469 198/470/470 138/471/471
f 134/472/472 198/473/473 135/474/474
f 138/475/475 182/476/476 140/477/477
f 140/478/478 182/479/479 141/480/480
f 142/481/481 143/482/482 146/483/483
f 128/484/484 193/485/485 131/486/486
f 130/487/487 131/488/488 193/489/489
f 143/490/490 144/491/491 150/492/492
f 130/493/493 193/494/494 198/495/495
f 143/496/496 147/497/497 146/498/498
f 143/499/499 148/500/500 147/501/501
f 143/502/502 150/503/503 149/504/504
f 143/505/505 149/506/506 148/507/507
f 147/508/508 148/509/509 193/510/510
f 146/511/511 147/512/512 193/513/513
f 132/514/514 193/515/515 129/516/516
f 128/517/517 129/518/518 193/519/519
f 132/520/520 146/521/521 193/522/522
f 144/523/523 145/524/524 152/525/525
f 144/526/526 151/527/527 150/528/528
f 148/529/529 149/530/530 193/531/531
f 145/532/532 184/533/533 153/534/534
f 144/535/535 152/536/536 151/537/537
f 145/538/538 153/539/539 152/540/540
f 150/541/541 151/542/542 193/543/543
f 149/544/544 150/545/545 193/546/546
f 151/547/547 152/548/548 193/549/549
f 152/550/550 153/551/551 193/552/552
f 153/553/553 184/554/554 188/555/555
f 153/556/556 188/557/557 193/558/558
f 130/559/559 198/560/560 136/561/561
f 138/562/562 198/563/563 182/564/564
f 54/565/565 158/566/566 159/567/567
f 26/568/568 157/569/569 154/570/570
f 54/571/571 154/572/572 155/573/573
f 54/574/574 155/575/575 156/576/576
f 54/577/577 156/578/578 158/579/579
f 55/580/580 159/581/581 160/582/582
f 55/583/583 160/584/584 161/585/585
f 56/586/586 161/587/587 162/588/588
f 158/589/589 160/590/590 159/591/591
f 158/592/592 161/593/593 160/594/594
f 158/595/595 162/596/596 161/597/597
f 157/598/598 182/599/599 154/600/600
f 154/601/601 182/602/602 155/603/603
f 127/604/604 182/605/605 157/606/606
f 155/607/607 213/608/608 156/609/609
f 156/610/610 213/611/611 158/612/612
f 158/613/613 213/614/614 162/615/615
f 162/616/616 213/617/617 163/618/618
f 56/619/619 162/620/620 163/621/621
f 56/622/622 163/623/623 166/624/624
f 56/625/625 166/626/626 167/627/627
f 56/628/628 167/629/629 170/630/630
f 56/631/631 164/632/632 165/633/633
f 56/634/634 170/635/635 164/636/636
f 164/637/637 170/638/638 171/639/639
f 164/640/640 171/641/641 172/642/642
f 163/643/643 214/644/644 166/645/645
f 166/646/646 214/647/647 167/648/648
f 164/649/649 172/650/650 173/651/651
f 167/652/652 214/653/653 170/654/654
f 164/655/655 173/656/656 165/657/657
f 165/658/658 173/659/659 174/660/660
f 155/661/661 182/662/662 213/663/663
f 163/664/664 213/665/665 214/666/666
f 57/667/667 165/668/668 176/669/669
f 57/670/670 176/671/671 168/672/672
f 170/673/673 214/674/674 171/675/675
f 171/676/676 214/677/677 172/678/678
f 165/679/679 174/680/680 175/681/681
f 165/682/682 175/683/683 176/684/684
f 168/685/685 169/686/686 215/687/687
f 168/688/688 176/689/689 177/690/690
f 168/691/691 177/692/692 169/693/693
f 169/694/694 177/695/695 178/696/696
f 169/697/697 180/698/698 231/699/699
f 172/700/700 214/701/701 173/702/702
f 173/703/703 214/704/704 174/705/705
f 174/706/706 214/707/707 175/708/708
f 175/709/709 214/710/710 176/711/711
f 176/712/712 214/713/713 177/714/714
f 177/715/715 214/716/716 178/717/717
f 178/718/718 214/719/719 232/720/720
f 169/721/721 178/722/722 179/723/723
f 169/724/724 179/725/725 180/726/726
f 180/727/727 181/728/728 231/729/729
f 178/730/730 232/731/731 179/732/732
f 179/733/733 232/734/734 180/735/735
f 180/736/736 232/737/737 181/738/738
f 181/739/739 232/740/740 233/741/741
f 90/742/742 91/743/743 185/744/744
f 91/745/745 88/746/746 186/747/747
f 91/748/748 186/749/749 185/750/750
f 145/751/751 90/752/752 184/753/753
f 90/754/754 185/755/755 184/756/756
f 88/757/757 187/758/758 186/759/759
f 88/760/760 92/761/761 187/762/762
f 92/763/763 93/764/764 200/765/765
f 92/766/766 199/767/767 187/768/768
f 93/769/769 201/770/770 202/771/771
f 92/772/772 200/773/773 199/774/774
f 93/775/775 202/776/776 200/777/777
f 94/778/778 219/779/779 183/780/780
f 94/781/781 183/782/782 210/783/783
f 182/784/784 212/785/785 183/786/786
f 93/787/787 204/788/788 207/789/789
f 93/790/790 207/791/791 201/792/792
f 93/793/793 210/794/794 204/795/795
f 185/796/796 186/797/797 192/798/798
f 193/799/799 201/800/800 198/801/801
f 186/802/802 187/803/803 195/804/804
f 193/805/805 200/806/806 202/807/807
f 193/808/808 202/809/809 201/810/810
f 184/811/811 185/812/812 190/813/813
f 185/814/814 192/815/815 191/816/816
f 193/817/817 197/818/818 194/819/819
f 188/820/820 190/821/821 193/822/822
f 184/823/823 189/824/824 188/825/825
f 190/826/826 191/827/827 193/828/828
f 188/829/829 189/830/830 190/831/831
f 184/832/832 190/833/833 189/834/834
f 185/835/835 191/836/836 190/837/837
f 191/838/838 192/839/839 193/840/840
f 192/841/841 197/842/842 193/843/843
f 192/844/844 186/845/845 197/846/846
f 186/847/847 194/848/848 197/849/849
f 193/850/850 194/851/851 196/852/852
f 193/853/853 196/854/854 195/855/855
f 186/856/856 196/857/857 194/858/858
f 186/859/859 195/860/860 196/861/861
f 193/862/862 195/863/863 203/864/864
f 193/865/865 203/866/866 199/867/867
f 193/868/868 199/869/869 200/870/870
f 198/871/871 201/872/872 207/873/873
f 198/874/874 209/875/875 182/876/876
f 187/877/877 199/878/878 203/879/879
f 187/880/880 203/881/881 195/882/882
f 198/883/883 207/884/884 208/885/885
f 198/886/886 208/887/887 205/888/888
f 198/889/889 206/890/890 209/891/891
f 198/892/892 205/893/893 206/894/894
f 182/895/895 209/896/896 211/897/897
f 182/898/898 211/899/899 212/900/900
f 208/901/901 204/902/902 205/903/903
f 204/904/904 210/905/905 206/906/906
f 204/907/907 206/908/908 205/909/909
f 207/910/910 204/911/911 208/912/912
f 206/913/913 210/914/914 209/915/915
f 209/916/916 210/917/917 211/918/918
f 210/919/919 212/920/920 211/921/921
f 210/922/922 183/923/923 212/924/924
f 182/925/925 218/926/926 213/927/927
f 213/928/928 225/929/929 214/930/930
f 122/931/931 123/932/932 240/933/933
f 168/934/934 215/935/935 123/936/936
f 122/937/937 242/938/938 227/939/939
f 123/940/940 215/941/941 239/942/942
f 123/943/943 239/944/944 240/945/945
f 169/946/946 231/947/947 215/948/948
f 215/949/949 231/950/950 238/951/951
f 215/952/952 238/953/953 241/954/954
f 215/955/955 241/956/956 239/957/957
f 214/958/958 244/959/959 246/960/960
f 214/961/961 228/962/962 243/963/963
f 214/964/964 243/965/965 244/966/966
f 122/967/967 240/968/968 242/969/969
f 94/970/970 216/971/971 219/972/972
f 124/973/973 218/974/974 216/975/975
f 124/976/976 217/977/977 218/978/978
f 124/979/979 220/980/980 217/981/981
f 124/982/982 221/983/983 220/984/984
f 125/985/985 223/986/986 222/987/987
f 125/988/988 222/989/989 221/990/990
f 126/991/991 224/992/992 223/993/993
f 182/994/994 219/995/995 216/996/996
f 182/997/997 216/998/998 218/999/999
f 182/1000/1000 183/1001/1001 219/1002/1002
f 213/1003/1003 218/1004/1004 217/1005/1005
f 213/1006/1006 217/1007/1007 220/1008/1008
f 213/1009/1009 220/1010/1010 224/1011/1011
f 213/1012/1012 224/1013/1013 225/1014/1014
f 220/1015/1015 222/1016/1016 223/1017/1017
f 220/1018/1018 221/1019/1019 222/1020/1020
f 220/1021/1021 223/1022/1022 224/1023/1023
f 126/1024/1024 226/1025/1025 229/1026/1026
f 122/1027/1027 227/1028/1028 226/1029/1029
f 126/1030/1030 229/1031/1031 230/1032/1032
f 126/1033/1033 230/1034/1034 225/1035/1035
f 126/1036/1036 225/1037/1037 224/1038/1038
f 226/1039/1039 227/1040/1040 244/1041/1041
f 214/1042/1042 229/1043/1043 228/1044/1044
f 214/1045/1045 230/1046/1046 229/1047/1047
f 214/1048/1048 225/1049/1049 230/1050/1050
f 226/1051/1051 228/1052/1052 229/1053/1053
f 226/1054/1054 244/1055/1055 243/1056/1056
f 226/1057/1057 243/1058/1058 228/1059/1059
f 242/1060/1060 245/1061/1061 227/1062/1062
f 227/1063/1063 245/1064/1064 246/1065/1065
f 227/1066/1066 246/1067/1067 244/1068/1068
f 214/1069/1069 237/1070/1070 232/1071/1071
f 214/1072/1072 238/1073/1073 237/1074/1074
f 214/1075/1075 241/1076/1076 238/1077/1077
f 181/1078/1078 233/1079/1079 231/1080/1080
f 231/1081/1081 233/1082/1082 234/1083/1083
f 231/1084/1084 234/1085/1085 235/1086/1086
f 231/1087/1087 235/1088/1088 236/1089/1089
f 231/1090/1090 236/1091/1091 237/1092/1092
f 231/1093/1093 237/1094/1094 238/1095/1095
f 232/1096/1096 235/1097/1097 233/1098/1098
f 232/1099/1099 236/1100/1100 235/1101/1101
f 233/1102/1102 235/1103/1103 234/1104/1104
f 232/1105/1105 237/1106/1106 236/1107/1107
f 214/1108/1108 239/1109/1109 241/1110/1110
f 214/1111/1111 240/1112/1112 239/1113/1113
f 214/1114/1114 242/1115/1115 240/1116/1116
f 214/1117/1117 246/1118/1118 245/1119/1119
f 214/1120/1120 245/1121/1121 242/1122/1122
f 15/1123/1123 6/1124/1124 5/1125/1125
f 15/1126/1126 5/1127/1127 32/1128/1128
f 14/1129/1129 13/1130/1130 7/1131/1131
f 11/1132/1132 10/1133/1133 8/1134/1134
f 11/1135/1135 8/1136/1136 9/1137/1137
f 11/1138/1138 12/1139/1139 10/1140/1140
f 11/1141/1141 9/1142/1142 13/1143/1143
f 11/1144/1144 13/1145/1145 14/1146/1146
f 14/1147/1147 4/1148/1148 6/1149/1149
f 14/1150/1150 7/1151/1151 3/1152/1152
f 14/1153/1153 3/1154/1154 4/1155/1155
f 14/1156/1156 6/1157/1157 15/1158/1158
f 11/1159/1159 59/1160/1160 12/1161/1161
f 60/1162/1162 16/1163/1163 23/1164/1164
f 60/1165/1165 17/1166/1166 16/1167/1167
f 59/1168/1168 1/1169/1169 2/1170/1170
f 59/1171/1171 2/1172/1172 12/1173/1173
f 59/1174/1174 23/1175/1175 22/1176/1176
f 59/1177/1177 22/1178/1178 1/1179/1179
f 60/1180/1180 20/1181/1181 18/1182/1182
f 60/1183/1183 19/1184/1184 17/1185/1185
f 60/1186/1186 18/1187/1187 19/1188/1188
f 60/1189/1189 21/1190/1190 20/1191/1191
f 60/1192/1192 86/1193/1193 21/1194/1194
f 60/1195/1195 23/1196/1196 59/1197/1197
f 11/1198/1198 14/1199/1199 69/1200/1200
f 14/1201/1201 15/1202/1202 70/1203/1203
f 11/1204/1204 69/1205/1205 59/1206/1206
f 14/1207/1207 70/1208/1208 69/1209/1209
f 28/1210/1210 21/1211/1211 86/1212/1212
f 15/1213/1213 32/1214/1214 33/1215/1215
f 15/1216/1216 33/1217/1217 34/1218/1218
f 41/1219/1219 34/1220/1220 35/1221/1221
f 41/1222/1222 36/1223/1223 37/1224/1224
f 41/1225/1225 35/1226/1226 38/1227/1227
f 41/1228/1228 38/1229/1229 36/1230/1230
f 41/1231/1231 37/1232/1232 39/1233/1233
f 43/1234/1234 39/1235/1235 40/1236/1236
f 15/1237/1237 34/1238/1238 41/1239/1239
f 41/1240/1240 39/1241/1241 43/1242/1242
f 43/1243/1243 40/1244/1244 42/1245/1245
f 43/1246/1246 42/1247/1247 44/1248/1248
f 43/1249/1249 44/1250/1250 45/1251/1251
f 15/1252/1252 41/1253/1253 95/1254/1254
f 41/1255/1255 43/1256/1256 96/1257/1257
f 15/1258/1258 95/1259/1259 70/1260/1260
f 41/1261/1261 96/1262/1262 95/1263/1263
f 43/1264/1264 45/1265/1265 97/1266/1266
f 97/1267/1267 45/1268/1268 46/1269/1269
f 97/1270/1270 46/1271/1271 47/1272/1272
f 97/1273/1273 47/1274/1274 48/1275/1275
f 52/1276/1276 49/1277/1277 50/1278/1278
f 51/1279/1279 52/1280/1280 50/1281/1281
f 43/1282/1282 97/1283/1283 96/1284/1284
f 97/1285/1285 48/1286/1286 49/1287/1287
f 97/1288/1288 49/1289/1289 52/1290/1290
f 97/1291/1291 52/1292/1292 98/1293/1293
f 59/1294/1294 74/1295/1295 78/1296/1296
f 60/1297/1297 87/1298/1298 86/1299/1299
f 60/1300/1300 61/1301/1301 87/1302/1302
f 60/1303/1303 62/1304/1304 61/1305/1305
f 60/1306/1306 63/1307/1307 62/1308/1308
f 60/1309/1309 64/1310/1310 63/1311/1311
f 60/1312/1312 66/1313/1313 64/1314/1314
f 60/1315/1315 59/1316/1316 68/1317/1317
f 60/1318/1318 65/1319/1319 66/1320/1320
f 60/1321/1321 68/1322/1322 65/1323/1323
f 59/1324/1324 67/1325/1325 68/1326/1326
f 59/1327/1327 71/1328/1328 67/1329/1329
f 59/1330/1330 72/1331/1331 71/1332/1332
f 59/1333/1333 78/1334/1334 72/1335/1335
f 59/1336/1336 69/1337/1337 74/1338/1338
f 69/1339/1339 70/1340/1340 80/1341/1341
f 74/1342/1342 69/1343/1343 80/1344/1344
f 80/1345/1345 70/1346/1346 81/1347/1347
f 80/1348/1348 73/1349/1349 79/1350/1350
f 74/1351/1351 75/1352/1352 77/1353/1353
f 74/1354/1354 76/1355/1355 75/1356/1356
f 74/1357/1357 77/1358/1358 78/1359/1359
f 74/1360/1360 79/1361/1361 76/1362/1362
f 74/1363/1363 80/1364/1364 79/1365/1365
f 80/1366/1366 85/1367/1367 83/1368/1368
f 80/1369/1369 82/1370/1370 73/1371/1371
f 80/1372/1372 83/1373/1373 82/1374/1374
f 80/1375/1375 81/1376/1376 85/1377/1377
f 81/1378/1378 84/1379/1379 85/1380/1380
f 81/1381/1381 107/1382/1382 84/1383/1383
f 70/1384/1384 95/1385/1385 81/1386/1386
f 95/1387/1387 96/1388/1388 106/1389/1389
f 81/1390/1390 95/1391/1391 106/1392/1392
f 106/1393/1393 96/1394/1394 116/1395/1395
f 96/1396/1396 97/1397/1397 116/1398/1398
f 97/1399/1399 98/1400/1400 99/1401/1401
f 97/1402/1402 102/1403/1403 104/1404/1404
f 97/1405/1405 99/1406/1406 102/1407/1407
f 116/1408/1408 97/1409/1409 119/1410/1410
f 97/1411/1411 104/1412/1412 100/1413/1413
f 97/1414/1414 100/1415/1415 117/1416/1416
f 97/1417/1417 117/1418/1418 119/1419/1419
f 101/1420/1420 102/1421/1421 99/1422/1422
f 103/1423/1423 101/1424/1424 99/1425/1425
f 81/1426/1426 106/1427/1427 109/1428/1428
f 106/1429/1429 116/1430/1430 113/1431/1431
f 81/1432/1432 108/1433/1433 107/1434/1434
f 81/1435/1435 109/1436/1436 108/1437/1437
f 106/1438/1438 110/1439/1439 109/1440/1440
f 106/1441/1441 111/1442/1442 110/1443/1443
f 106/1444/1444 114/1445/1445 111/1446/1446
f 106/1447/1447 115/1448/1448 114/1449/1449
f 106/1450/1450 113/1451/1451 115/1452/1452
f 116/1453/1453 112/1454/1454 113/1455/1455
f 116/1456/1456 119/1457/1457 118/1458/1458
f 116/1459/1459 118/1460/1460 120/1461/1461
f 116/1462/1462 120/1463/1463 112/1464/1464
