# meters; x anterior, y left, z dorsal
mtllib fish.mtl
usemtl fish
v -0.007763340604 -0.002451581179 -0.0006350608066
v -0.007556405385 -0.002451581179 -0.0006174196944
v -0.007763340604 -0.00228563626 -0.000555272539
v -0.007763340604 -0.002451581179 6.064822498e-10
v -0.006484415849 -0.002451581179 -0.0005763371929
v -0.007763340604 -0.00129939173 -0.0001387888089
v -0.007763340604 -0.001151012486 6.064822498e-10
v -0.006521205884 -0.001315681959 -9.806393533e-05
v -0.006668542047 -0.001203744902 6.064822498e-10
v -0.00651759049 -0.001214002023 6.064822498e-10
v -0.005280049984 -0.002451581179 -0.0004708481476
v -0.004183403683 -0.002451581179 -0.0003819850728
v -0.00434117159 -0.001504266165 6.064822498e-10
v -0.00416001631 -0.001539491812 6.064822498e-10
v -0.002865835559 -0.002451581179 -0.0003199627146
v -0.003626327497 -0.001599652224 6.064822498e-10
v -0.002098240425 -0.002451581179 -0.0002794110671
v -0.002026640345 -0.001838685941 -2.451552897e-05
v -0.002013704275 -0.001811829159 6.064822498e-10
v -0.000587670599 -0.002451581179 -0.0004034762725
v -0.000469308813 -0.002451581179 -0.0004007940635
v -0.0004576281653 -0.002361689924 -0.0003759091243
v -0.0003934842543 -0.002451581179 -0.0003980429366
v -0.0005927686588 -0.001923646542 6.064822498e-10
v -0.0001511801974 -0.002451581179 -0.0004514989898
v -0.0001856931494 -0.001805823526 6.064822498e-10
v -9.806314568e-05 0.0008253657759 -0.0005311754987
v -0.001152243 0.001691591231 -0.001413745199
v -0.0004249406056 0.00127482205 -0.001184930418
v -0.001446432901 0.001650731316 -0.000923428078
v -0.001430089121 0.001781482486 -0.0008008492634
v -0.000686442946 0.001225790711 -0.0007191312954
v 0.0001389230593 0.0009397727006 -0.0009316013649
v -4.903087477e-05 0.001013320176 -0.0004576289549
v -0.0006619268105 0.001389229441 -0.000604723905
v -0.000212470536 0.001797826266 -0.0007599902794
v -0.001454605256 0.00410231273 -0.004494565864
v -0.0008580531002 0.00369371544 -0.004175859828
v -0.001103211661 0.005009397635 -0.005687668313
v -0.0006374106751 0.005695840114 -0.006635613133
v -0.001421916765 0.00529541518 -0.005712184449
v -0.0003350493507 0.00540982257 -0.006594754149
v -0.0006946143703 0.005908311115 -0.006472175334
v -0.0003268779264 0.00585110742 -0.006333251809
v -0.002165563871 0.00482144277 -0.00478058434
v -0.002255455126 0.00513197645 -0.004772411053
v -0.001887717751 0.004453706326 -0.004682519798
v -0.001904061531 0.00505025755 -0.004347470914
v 0.0001144069238 0.004322955155 -0.005311758582
v -0.0005556908445 0.004682520175 -0.005597777058
v -0.0005393479959 0.00518100872 -0.005238212039
v 0.0001879553302 0.004878646465 -0.004894989868
v -0.001405572985 0.00473972387 -0.004028764878
v -0.001577184071 0.00558960508 -0.005605948482
v -0.001127727796 0.005483370045 -0.005360790853
v -0.002492441331 0.002615020381 -0.002067500119
v -0.00317888381 0.003750919135 -0.002941898395
v -0.00317888381 0.00385715417 -0.002843833853
v -0.002320830245 0.00346490159 -0.003366838534
v -0.001846857835 0.0030563043 -0.002982757379
v -0.002696739045 0.003865326525 -0.003611996163
v -0.00231265789 0.004094140375 -0.002868349989
v -0.002966413741 0.00338318176 -0.002778458734
v -0.003162540031 0.00336683798 -0.002435236563
v -0.003276947421 0.003105336571 -0.002132875238
v -0.00321157137 0.003244259165 -0.002002124999
v -0.00321157137 0.00349758915 -0.002320831035
v -0.002835662571 0.00348124537 -0.002067500119
v -0.002974585165 0.00367737166 -0.002435236563
v -0.00275394274 0.0030563043 -0.00241072229
v -0.001193102916 0.002590504246 -0.002565988664
v -0.0004249406056 0.002108359946 -0.002190078934
v -0.0001552668409 0.003195227826 -0.003742748265
v -1.634331505e-05 0.003865326525 -0.003187056024
v -0.00103783561 0.003227915385 -0.002051155408
v -0.001732450445 0.00369371544 -0.002459752698
v -0.002876522486 0.002443409295 -0.00143008991
v -0.003162540031 0.002794802891 -0.001814171065
v -0.003170711455 0.002933725485 -0.001618043844
v -0.002892866266 0.00256598811 -0.001217617978
v -0.001895889175 0.002149219395 -0.001707935099
v -0.002222766635 0.00205115625 -0.001111383875
v -0.002230938991 0.00220642309 -0.0009724603489
v -0.00180599792 0.002672223145 -0.001217617978
v -0.00244340906 0.003121680351 -0.001585356285
v -0.001013320406 0.002198251201 -0.0009969764844
v -0.0002288133846 0.002762115331 -0.001658902828
v -0.00291738147 0.004233063901 -0.003726403554
v -0.002966413741 0.00442919019 -0.003636512299
v -0.002647707705 0.004388330275 -0.003236086433
v -0.0008090217606 0.00429843902 -0.003644683723
v 0.0006473246022 -0.002451581179 -0.0004852259055
v 0.0008049360468 -0.002451581179 -0.0005434335664
v 0.0003435960962 -0.001773746681 6.064822498e-10
v 0.0005987021132 -0.00160255958 6.064822498e-10
v 0.0008907406582 -0.001822342161 -0.0002288141742
v 0.0009644902303 -0.001576507926 6.064822498e-10
v 0.001525137107 -0.002451581179 -0.0005743814155
v 0.00187306432 -0.002451581179 -0.0005962693587
v 0.00169661967 -0.001455023183 6.064822498e-10
v 0.00182234263 -0.001634387529 -0.0001961266145
v 0.001805288251 -0.001348723887 6.064822498e-10
v 0.002071052323 -0.0009742362856 6.064822498e-10
v 0.002051151822 -0.0009533881641 6.064822498e-10
v 0.002075671683 -0.000980632609 -8.172680433e-06
v 0.002075671683 -0.0005311758689 6.064822498e-10
v 0.002598419319 -0.002451581179 -0.0006278505072
v 0.003020736854 -0.002451581179 -0.0006968242571
v 0.002982757519 -0.001936749319 -0.0004984879389
v 0.003588325809 -0.002451581179 -0.0007204686746
v 0.004163400735 -0.002451581179 -0.0006898579642
v 0.004102313425 -0.001985780891 -0.0005638630584
v 0.002990928943 -0.001201275034 -0.0002042980388
v 0.002811146434 -0.0005638638943 -0.0001470943436
v 0.003840811084 -0.001233962594 -0.0003023625806
v 0.003628341015 -0.0005475196487 -0.0003268768534
v 0.001650731544 0.001511808255 -0.002124703814
v 0.002786630298 0.001291166296 -0.002124703814
v 0.002476097549 0.001871373741 -0.002713083614
v 0.003546621184 0.001005148286 -0.001928576593
v 0.003399526234 0.001479120696 -0.002467925985
v 0.003930702339 0.001634387536 -0.002574160089
v 0.001577183138 0.0006292390206 -0.001005147909
v 0.002190079074 0.0006864427158 -0.001299337809
v 0.0008008494033 0.0001389228308 -0.0001797819033
v 0.0007027867242 0.0006128952407 -0.0007191312954
v 0.0004331129595 0.0004331127309 -0.0003432215646
v 0.0005965507581 0.0006700989359 -0.0002451588854
v 0.001389229204 0.000269674001 -0.0005720363453
v 0.001200368161 -0.0001274223871 6.064822498e-10
v 0.001297704409 -0.0001574468299 6.064822498e-10
v 0.001365456264 -0.0001805254689 6.064822498e-10
v 0.00125614507 0.000208960151 6.064822498e-10
v 0.001781481783 -0.0001389228239 -0.0002288141742
v 0.001271457876 0.0003475465381 6.064822498e-10
v 0.001242134254 0.0003677371458 -1.63441047e-05
v 0.001333288382 0.0003469919355 6.064822498e-10
v 0.002158892806 0.0003902509377 6.064822498e-10
v 0.001879546325 0.0006946146057 -0.0002042980388
v 0.0007599904193 0.001184930796 -0.001519981165
v 0.0002778465851 0.001609871866 -0.001846858625
v 0.00113590015 0.001805998156 -0.001046008755
v 0.002002125139 0.001070523871 -0.001699763675
v 0.001233962829 0.0008498814457 -0.001225791265
v 0.001095039304 0.001037835845 -0.0004167681083
v 0.0004412843837 0.001446433136 -0.0005883791938
v 0.002108359243 0.001095039541 -0.0006374114647
v 0.00167524768 0.001405573221 -0.0008008492634
v 0.003938873763 0.0007926777505 -0.001683418964
v 0.0032115723 0.0004412846209 -0.001233962689
v 0.002549644093 -9.806337422e-05 -0.0004739718035
v 0.002271798904 0.0003268776962 -0.0008743976697
v 0.002587062772 0.0002993501292 6.064822498e-10
v 0.002933725248 0.000735474521 -0.0004249413952
v 0.003375010098 -1.634400925e-05 -0.0007191312954
v 0.004118656273 0.0001470947207 -0.0009397727892
v 0.003234114031 0.0001933069468 6.064822498e-10
v 0.003467233385 0.0001681076863 6.064822498e-10
v 0.003963389899 0.000261502111 -0.0001225782081
v 0.004015169571 0.0001928156742 6.064822498e-10
v 0.002982757519 0.0008335376658 -0.001626215269
v 0.002508785109 0.001691591231 -0.001233962689
v 0.003881670068 0.001536324391 -0.001487291743
v 0.003522105048 0.001421917001 -0.001152242859
v 0.002802975009 0.001250306381 -0.0008335368231
v 0.003734575118 0.0009234289207 -0.0007191312954
v 0.004760361741 -0.002451581179 -0.0006086596742
v 0.005497334058 -0.002451581179 -0.000586578016
v 0.006080677266 -0.002451581179 -0.0005108354136
v 0.005344446282 -0.001863201844 -0.0003595644131
v 0.004772411193 -0.001111383314 -0.00022064275
v 0.005142643581 -0.001006671457 6.064822498e-10
v 0.004282095934 -0.0004576283938 -0.0003677377
v 0.004919506143 -0.0003105334437 -0.0003105340049
v 0.005278838332 -0.0006210685208 6.064822498e-10
v 0.005214733536 -0.0003542706802 6.064822498e-10
v 0.00686412258 -0.001476498783 6.064822498e-10
v 0.007037240545 -0.00153007358 6.064822498e-10
v 0.007370179053 -0.002451581179 -0.0005055995181
v 0.008171937893 -0.002451581179 -0.0004293670401
v 0.008171937893 -0.002451581179 6.064822498e-10
v 0.008171937893 -0.001918548482 -0.0001271435514
v 0.007199752609 -0.001531272657 6.064822498e-10
v 0.007540320511 -0.001588385083 6.064822498e-10
v 0.008171937893 -0.001738327086 6.064822498e-10
v 0.006574330385 -0.001325897636 6.064822498e-10
v 0.004388330038 0.001732450681 -0.002729426463
v 0.004568112548 0.0002369859756 -0.0009316013649
v 0.004418475087 0.00019493583 6.064822498e-10
v 0.004638481419 7.687672386e-05 6.064822498e-10
v 0.004855809267 -2.821045583e-05 6.064822498e-10
v 0.004946747328 -0.0002288140788 6.064822498e-10
v 0.004940051119 -7.912306702e-05 6.064822498e-10
v 0.004845959599 0.000424940841 -0.0007191312954
v 0.004445533733 0.000424940841 -0.000408596684
v 0.004510908852 0.0009070851409 -0.00178965493
v 0.004731552209 0.00111138332 -0.001601699133
v 0.004265751223 0.001201275041 -0.00128299496
v 0.00084171025 0.003783606695 -0.004862302308
v 0.001552668865 0.003178884046 -0.004192204539
v 0.00288469484 0.002933725485 -0.004151343693
v 0.00241072243 0.003669200236 -0.005091117088
v 0.004036936442 0.00366102788 -0.004984881122
v 0.003611996303 0.003399526471 -0.004698864509
v 0.003824466373 0.003816295186 -0.00445370688
v 0.0002696732982 0.00518100872 -0.006586580862
v 0.0009969766243 0.00480509899 -0.006398626928
v 0.001765138934 0.004290267596 -0.005891966958
v 0.0009152567937 0.005638637351 -0.007289368053
v 0.0004004253997 0.005793903725 -0.007207648222
v 0.0003759092643 0.006006373794 -0.007313884188
v 0.0002941894337 0.00619432866 -0.007223992933
v 0.0004004253997 0.006169812524 -0.006962490593
v 0.00102149276 0.006055406065 -0.007085069408
v 0.002124703954 0.00573670003 -0.007493666698
v 0.001773310359 0.00540982257 -0.007076897983
v 0.001299337949 0.006055406065 -0.007550870393
v 0.001299337949 0.006300563695 -0.007559041817
v 0.001830514054 0.00581841986 -0.006897115473
v 0.0003350502803 0.005712183894 -0.006243360554
v 0.001111384015 0.005434338705 -0.005998202924
v 0.003138023893 0.00415134407 -0.005712184449
v 0.002484268974 0.004854131261 -0.006553893302
v 0.003562964032 0.004470050106 -0.006030890484
v 0.003693716134 0.004600801276 -0.005990029638
v 0.002901037688 0.005221867704 -0.006888944049
v 0.002982757519 0.005401651146 -0.006856256489
v 0.002222766633 0.005973686235 -0.007436463003
v 0.002582331653 0.005254556196 -0.006325080384
v 0.001904060598 0.004927678736 -0.005467026819
v 0.0009888052001 0.004380158851 -0.004429190744
v 0.003301463555 0.004600801276 -0.005458853532
v 0.002598676364 0.00429843902 -0.004666176949
v 0.004282095934 0.00269673928 -0.003840810944
v 0.004568112548 0.00289286557 -0.003799950097
v 0.004200376104 0.00380812283 -0.004927677427
v 0.0005475203498 0.002623191805 -0.003170711313
v 0.002108359243 0.002525129126 -0.003424042229
v 0.001184930558 0.002026640581 -0.002639535208
v 0.001454604323 0.00269673928 -0.00214921995
v 0.001756965648 0.00380812283 -0.003759091114
v 0.0007845065548 0.00331780664 -0.002664051343
v 0.003170711453 0.002173735531 -0.003252431144
v 0.003799950237 0.002508784415 -0.003571137179
v 0.004085968713 0.002917381705 -0.003342322399
v 0.002827491145 0.00253330055 -0.002255454053
v 0.003767262678 0.00206750003 -0.002051155408
v 0.003489417489 0.002802974315 -0.002827491005
v 0.003162540029 0.003562965201 -0.003742748265
v 0.002369861583 0.00317071169 -0.002982757379
v 0.0005556917741 0.002263626786 -0.001332025369
v 0.002067500259 0.002165563641 -0.001683418964
v 0.003227915148 0.001953093106 -0.001634386693
v 0.004723380785 0.001936749326 -0.00262319236
v 0.004241235088 0.002026640581 -0.002304486324
vt 0.07145418693 0.4852029448
vt 0.07151504404 0.4837990272
vt 0.0726677347 0.4839477217
vt 0.07899999813 0.4918787895
vt 0.07145418669 0.4852029443
vt 0.07266773437 0.4839477209
vt 0.07899999813 0.4918787895
vt 0.07112145666 0.4918787882
vt 0.07145418669 0.4852029443
vt 0.07899999813 0.4918787895
vt 0.07266773437 0.4839477209
vt 0.07949836061 0.4841466474
vt 0.07899999815 0.4918787894
vt 0.07094980903 0.4996850347
vt 0.07112145666 0.491878788
vt 0.07949836101 0.4841466474
vt 0.08083986501 0.484235262
vt 0.08005366907 0.4910273359
vt 0.07899999673 0.4918787894
vt 0.07949836101 0.4841466474
vt 0.08005366907 0.4910273359
vt 0.07899999675 0.4918787893
vt 0.08005366916 0.4910273358
vt 0.07988480144 0.4919860391
vt 0.07899999681 0.4918787892
vt 0.07988480153 0.491986039
vt 0.07715383555 0.5062005522
vt 0.07899999817 0.4918787894
vt 0.07715383563 0.5062005522
vt 0.07094980899 0.4996850347
vt 0.07094980899 0.4996850347
vt 0.07715383563 0.5062005522
vt 0.0706666688 0.5069215216
vt 0.07715383563 0.5062005522
vt 0.07686735503 0.5073840465
vt 0.0706666688 0.5069215216
vt 0.07066666871 0.5069215215
vt 0.07686735511 0.5073840465
vt 0.07650002891 0.5107876866
vt 0.07076923147 0.515375292
vt 0.07066666871 0.5069215215
vt 0.07650002891 0.5107876866
vt 0.07500000074 0.5209696982
vt 0.07076923147 0.515375292
vt 0.07650002891 0.5107876866
vt 0.07500000071 0.5209696982
vt 0.07044392701 0.5202900031
vt 0.07076923149 0.515375292
vt 0.07500000118 0.5209696982
vt 0.07650002911 0.5107876866
vt 0.07522613432 0.5210574133
vt 0.07500000077 0.520969698
vt 0.06941333231 0.5298133377
vt 0.07044392707 0.5202900028
vt 0.07500000077 0.520969698
vt 0.07000000007 0.5306666688
vt 0.06941333231 0.5298133377
vt 0.07500000115 0.5209696981
vt 0.07380165766 0.5299293811
vt 0.06999999997 0.5306666688
vt 0.07500000115 0.5209696981
vt 0.07522613408 0.5210574132
vt 0.07380165766 0.5299293811
vt 0.07000000011 0.5306666688
vt 0.06937853191 0.5305461424
vt 0.06941333286 0.5298133374
vt 0.07000000001 0.5306666689
vt 0.06933668399 0.5310418807
vt 0.06937853177 0.5305461426
vt 0.0699999998 0.5306666688
vt 0.06900000026 0.5326060639
vt 0.06933668334 0.5310418801
vt 0.07000000018 0.5306666688
vt 0.07380165818 0.529929381
vt 0.07440426194 0.532564804
vt 0.06999999998 0.5306666688
vt 0.07440426149 0.5325648041
vt 0.06900000229 0.5326060648
vt 0.06900000229 0.5326060648
vt 0.07440426149 0.5325648041
vt 0.07423664578 0.5359666927
vt 0.416999998 0.1175757567
vt 0.4180000017 0.1224242413
vt 0.4149999973 0.1224242423
vt 0.4149999993 0.1321212116
vt 0.4190000053 0.1321212092
vt 0.4199999966 0.1379393927
vt 0.4179999958 0.1272727301
vt 0.4190000052 0.1321212097
vt 0.4149999992 0.1321212117
vt 0.4150000024 0.1263030287
vt 0.4149999974 0.1224242418
vt 0.4179999966 0.1272727289
vt 0.4150000027 0.1263030281
vt 0.4089999956 0.1214545456
vt 0.4149999974 0.1224242425
vt 0.4150000029 0.1263030276
vt 0.4149999988 0.1321212116
vt 0.4079999932 0.1253333319
vt 0.4149999989 0.1321212116
vt 0.4080000007 0.1311515139
vt 0.4079999938 0.1253333316
vt 0.4150000026 0.1263030283
vt 0.4179999963 0.1272727294
vt 0.4149999994 0.1321212114
vt 0.4899999957 0.08460605911
vt 0.4889999969 0.08363636145
vt 0.4919999992 0.07878787843
vt 0.4899999954 0.08460605928
vt 0.485000002 0.08848484986
vt 0.4889999968 0.08363636151
vt 0.4860000044 0.08945454532
vt 0.4850000016 0.0884848493
vt 0.489999996 0.08460606012
vt 0.4890000007 0.08363636443
vt 0.4849999984 0.08848484749
vt 0.4850000009 0.08266666596
vt 0.4819999983 0.09236363988
vt 0.4850000016 0.08848484932
vt 0.4860000044 0.08945454546
vt 0.4180000019 0.1224242413
vt 0.4179999962 0.1272727301
vt 0.4149999973 0.1224242423
vt 0.4829999977 0.09333333307
vt 0.4819999975 0.09236363895
vt 0.4860000036 0.08945454464
vt 0.4819999953 0.09236363813
vt 0.4780000013 0.09139393832
vt 0.4849999988 0.08848484767
vt 0.4829999978 0.09333333309
vt 0.4790000057 0.09624242203
vt 0.4819999978 0.09236363914
vt 0.4850000009 0.08266666601
vt 0.4849999987 0.08848484738
vt 0.481000001 0.08751515083
vt 0.4849999986 0.08848484751
vt 0.4780000013 0.09139393846
vt 0.4810000009 0.08751515088
vt 0.4059999986 0.1476363643
vt 0.4049999998 0.1515151496
vt 0.3960000016 0.1524848498
vt 0.4059999986 0.1476363643
vt 0.3960000018 0.1524848498
vt 0.3960000004 0.1486060631
vt 0.4069999998 0.1437575748
vt 0.3960000004 0.1486060631
vt 0.3960000006 0.1437575724
vt 0.386000004 0.1427878786
vt 0.3969999956 0.1369697
vt 0.396000001 0.143757572
vt 0.3859999971 0.1486060555
vt 0.3789999974 0.1515151516
vt 0.3770000057 0.1476363666
vt 0.3870000016 0.1524848482
vt 0.3789999974 0.1515151515
vt 0.3859999974 0.1486060558
vt 0.3860000043 0.1427878785
vt 0.3859999978 0.1486060546
vt 0.3770000054 0.1476363664
vt 0.3789999977 0.1515151509
vt 0.3710000001 0.1515151498
vt 0.372000001 0.1505454526
vt 0.3789999978 0.151515151
vt 0.3790000002 0.1544242383
vt 0.3710000003 0.1515151494
vt 0.454999999 0.04290908865
vt 0.4629999984 0.04387878605
vt 0.463999995 0.04581818039
vt 0.4549999987 0.04290908785
vt 0.4639999953 0.04581818158
vt 0.4560000011 0.04484848493
vt 0.4560000016 0.04484848401
vt 0.4639999959 0.0458181798
vt 0.4559999982 0.04581818323
vt 0.4719999982 0.04581817894
vt 0.4639999939 0.04581818003
vt 0.4629999993 0.04387878586
vt 0.3870000017 0.1524848483
vt 0.3869999995 0.155393936
vt 0.3790000005 0.1544242383
vt 0.4720000009 0.04581817768
vt 0.4710000038 0.04872727324
vt 0.4639999951 0.04581818064
vt 0.4700000027 0.05163636363
vt 0.4620000011 0.04775757317
vt 0.4710000035 0.04872727667
vt 0.471000002 0.04872727662
vt 0.4620000022 0.04775757321
vt 0.4639999966 0.0458181779
vt 0.3870000017 0.1524848483
vt 0.3790000004 0.1544242382
vt 0.3789999974 0.1515151511
vt 0.4700000029 0.05163636359
vt 0.4589999952 0.05066666929
vt 0.4620000014 0.04775757306
vt 0.4559999978 0.0458181851
vt 0.4639999963 0.04581817805
vt 0.4620000022 0.0477575732
vt 0.3960000013 0.1524848504
vt 0.3949999984 0.15539394
vt 0.3869999998 0.1553939363
vt 0.4710000039 0.04872727414
vt 0.4789999993 0.04969696693
vt 0.4780000043 0.0516363648
vt 0.405 0.1515151502
vt 0.3949999984 0.1553939401
vt 0.3960000012 0.1524848503
vt 0.4049999994 0.1515151502
vt 0.4049999983 0.1544242427
vt 0.3949999983 0.1553939398
vt 0.486999998 0.0555151514
vt 0.4860000002 0.05648484922
vt 0.4780000038 0.05163636574
vt 0.4869999984 0.0555151513
vt 0.478000004 0.05163636604
vt 0.4789999992 0.04969696612
vt 0.4860000021 0.05648484645
vt 0.4769999999 0.0555151503
vt 0.4780000038 0.05163636557
vt 0.4850000019 0.06036364081
vt 0.4749999991 0.05939394136
vt 0.477 0.05551515028
vt 0.3960000004 0.1486060629
vt 0.3870000016 0.1524848481
vt 0.3859999973 0.1486060559
vt 0.3960000003 0.1486060631
vt 0.3960000018 0.1524848499
vt 0.3870000016 0.1524848482
vt 0.3960000004 0.1486060631
vt 0.3859999973 0.1486060557
vt 0.3960000006 0.1437575724
vt 0.3960000015 0.1524848506
vt 0.3869999995 0.155393936
vt 0.3870000017 0.1524848482
vt 0.386000004 0.1427878785
vt 0.396000001 0.143757572
vt 0.3859999979 0.1486060546
vt 0.4749999993 0.05939394148
vt 0.4670000005 0.05454545294
vt 0.4770000001 0.05551515025
vt 0.4609999936 0.06521211954
vt 0.4639999979 0.05939394547
vt 0.4740000011 0.06424242675
vt 0.4749999998 0.05939394127
vt 0.4740000014 0.06424242675
vt 0.4639999993 0.05939394551
vt 0.4749999994 0.05939394171
vt 0.4639999978 0.05939394622
vt 0.4670000004 0.05454545297
vt 0.472000001 0.04581817756
vt 0.4790000001 0.04969696599
vt 0.4710000036 0.04872727447
vt 0.4700000027 0.05163636336
vt 0.4710000034 0.04872727618
vt 0.4780000041 0.05163636563
vt 0.4700000028 0.0516363634
vt 0.4780000035 0.05163636573
vt 0.477 0.0555151503
vt 0.4700000028 0.0516363637
vt 0.4770000001 0.05551515034
vt 0.4670000005 0.05454545295
vt 0.4700000029 0.05163636368
vt 0.4670000004 0.05454545291
vt 0.4589999945 0.05066666935
vt 0.4179999953 0.1466666703
vt 0.4129999965 0.1466666651
vt 0.4150000008 0.1427878822
vt 0.4159999986 0.1379393923
vt 0.4150000008 0.1427878813
vt 0.4069999998 0.1437575748
vt 0.4129999968 0.1466666659
vt 0.4110000023 0.1495757583
vt 0.4050000001 0.1515151494
vt 0.4109999956 0.1524848483
vt 0.4049999986 0.1544242427
vt 0.4049999998 0.1515151502
vt 0.4110000022 0.1495757573
vt 0.4109999957 0.1524848485
vt 0.4049999997 0.1515151501
vt 0.4910000026 0.06133333053
vt 0.490000003 0.06133333679
vt 0.4869999975 0.05551515003
vt 0.4900000012 0.06521212742
vt 0.4850000013 0.06036364235
vt 0.4900000022 0.06133333621
vt 0.4059999986 0.1476363643
vt 0.3960000003 0.1486060627
vt 0.4069999999 0.143757575
vt 0.4059999985 0.1476363642
vt 0.4129999964 0.1466666652
vt 0.4050000002 0.1515151496
vt 0.4900000012 0.06521212539
vt 0.4839999979 0.06327272948
vt 0.4850000014 0.06036364037
vt 0.4160000054 0.1486060659
vt 0.4140000057 0.1505454532
vt 0.4110000013 0.1495757548
vt 0.4110000018 0.1495757574
vt 0.414000006 0.1505454542
vt 0.4109999948 0.1524848475
vt 0.4930000008 0.06424242968
vt 0.4920000016 0.06521211586
vt 0.4910000019 0.06133332744
vt 0.4929999976 0.06715151051
vt 0.4900000017 0.06133333661
vt 0.4919999945 0.06521211056
vt 0.4179999951 0.1466666696
vt 0.4160000033 0.1486060623
vt 0.4110000022 0.1495757575
vt 0.4939999989 0.06715151724
vt 0.4930000005 0.06715151361
vt 0.4930000005 0.06424243027
vt 0.4179999953 0.1466666704
vt 0.4110000024 0.1495757583
vt 0.4129999965 0.1466666659
vt 0.4950000004 0.07006060083
vt 0.4930000006 0.06715151428
vt 0.4939999982 0.06715151507
vt 0.4939999983 0.07006060621
vt 0.4900000015 0.06715151503
vt 0.4929999994 0.06715151409
vt 0.4930000002 0.06424242991
vt 0.4930000009 0.06715151296
vt 0.492000002 0.06521211574
vt 0.4929999995 0.06715151432
vt 0.4900000015 0.06715151511
vt 0.4900000005 0.06521212489
vt 0.4920000022 0.06521211825
vt 0.4900000022 0.06133333677
vt 0.4910000031 0.06133333029
vt 0.4929999994 0.06715151392
vt 0.4900000011 0.06521212725
vt 0.4900000021 0.06133333587
vt 0.4150000007 0.1427878823
vt 0.4129999964 0.1466666649
vt 0.4059999985 0.1476363642
vt 0.415000001 0.142787881
vt 0.4059999985 0.1476363643
vt 0.4069999998 0.143757575
vt 0.4899999972 0.07199999828
vt 0.4830000004 0.06812121679
vt 0.4900000015 0.06715151491
vt 0.4900000009 0.06521212499
vt 0.4900000018 0.06715151533
vt 0.483999998 0.06327272878
vt 0.4830000005 0.06812121637
vt 0.4839999987 0.06327273025
vt 0.4900000015 0.06715151491
vt 0.4079999988 0.1379393947
vt 0.3969999957 0.1369696994
vt 0.3980000002 0.1311515114
vt 0.4159999984 0.1379393919
vt 0.4079999987 0.1379393949
vt 0.4080000009 0.1311515136
vt 0.4159999985 0.137939392
vt 0.4069999999 0.1437575748
vt 0.4079999987 0.1379393949
vt 0.4079999987 0.1379393951
vt 0.3980000005 0.1311515105
vt 0.4080000009 0.1311515136
vt 0.4079999987 0.1379393949
vt 0.4069999999 0.1437575748
vt 0.396000001 0.1437575723
vt 0.4830000005 0.06812121634
vt 0.4740000013 0.06424242664
vt 0.4839999986 0.06327273024
vt 0.4829999998 0.06812121634
vt 0.4709999957 0.07006060613
vt 0.4740000009 0.06424242666
vt 0.4079999987 0.1379393949
vt 0.396000001 0.143757572
vt 0.3969999953 0.1369697001
vt 0.4899999972 0.07199999833
vt 0.4799999993 0.07393939914
vt 0.4829999995 0.06812121669
vt 0.4799999994 0.07393939912
vt 0.4709999958 0.07006060612
vt 0.4829999994 0.06812121663
vt 0.4799999995 0.07393939909
vt 0.4679999976 0.07684848791
vt 0.4709999958 0.07006060607
vt 0.4799999999 0.0739393989
vt 0.4769999961 0.07975757886
vt 0.4679999978 0.07684848782
vt 0.4199999966 0.1427878832
vt 0.4179999949 0.1466666708
vt 0.4150000009 0.1427878821
vt 0.4950000023 0.07393938996
vt 0.4939999983 0.07393939629
vt 0.495000002 0.07006060136
vt 0.4950000001 0.07006060149
vt 0.494000001 0.07006060602
vt 0.4930000007 0.0671515144
vt 0.4939999985 0.07393939657
vt 0.4940000011 0.0700606068
vt 0.495000002 0.07006060124
vt 0.4940000032 0.07393939663
vt 0.4899999978 0.0719999986
vt 0.4939999985 0.07006060667
vt 0.4159999985 0.1379393921
vt 0.4199999968 0.1427878824
vt 0.415000001 0.1427878814
vt 0.4950000045 0.07393939003
vt 0.4919999991 0.07878787919
vt 0.4939999978 0.07393939426
vt 0.4159999984 0.1379393921
vt 0.4199999971 0.1379393927
vt 0.4199999972 0.1427878827
vt 0.495000005 0.07393938951
vt 0.493000001 0.07878787974
vt 0.4919999992 0.07878787936
vt 0.4899999957 0.08460606319
vt 0.4919999992 0.07878787923
vt 0.4930000005 0.07878788029
vt 0.4940000038 0.07393939665
vt 0.4920000007 0.07878787968
vt 0.4880000009 0.07684849046
vt 0.4940000034 0.07393939614
vt 0.4880000003 0.07684848964
vt 0.4899999977 0.07199999883
vt 0.4939999984 0.07006060655
vt 0.4899999974 0.07199999836
vt 0.4900000014 0.06715151487
vt 0.4149999989 0.1321212116
vt 0.4159999984 0.1379393919
vt 0.4080000006 0.1311515139
vt 0.4149999993 0.1321212116
vt 0.419999997 0.1379393926
vt 0.4159999982 0.137939392
vt 0.4880000006 0.07684849022
vt 0.4920000007 0.07878787958
vt 0.4850000007 0.08266666594
vt 0.4880000012 0.07684848992
vt 0.4800000001 0.07393939845
vt 0.4899999968 0.07199999859
vt 0.4880000015 0.07684849051
vt 0.4850000005 0.0826666658
vt 0.4800000005 0.07393939869
vt 0.4850000007 0.08266666591
vt 0.4810000008 0.08751515076
vt 0.4769999948 0.07975757801
vt 0.474000001 0.08557575896
vt 0.4769999953 0.07975757823
vt 0.4810000007 0.08751515072
vt 0.4850000007 0.08266666587
vt 0.476999995 0.07975757835
vt 0.4799999996 0.07393939877
vt 0.4890000009 0.08363636427
vt 0.4850000007 0.08266666602
vt 0.4920000007 0.07878787936
vt 0.4869999987 0.05551515114
vt 0.4900000024 0.06133333578
vt 0.4859999997 0.05648484893
vt 0.4860000018 0.05648484629
vt 0.4900000022 0.06133333603
vt 0.4850000013 0.06036364221
vt 0.4860000021 0.05648484632
vt 0.4850000017 0.06036364224
vt 0.4769999999 0.05551515024
vt 0.4850000018 0.06036364011
vt 0.4839999977 0.06327272959
vt 0.474999999 0.05939394104
vt 0.4839999987 0.06327273023
vt 0.4740000013 0.06424242654
vt 0.4749999997 0.05939394122
vt 0.4709999955 0.07006060565
vt 0.4609999936 0.06521211947
vt 0.4740000011 0.06424242692
vt 0.06900000229 0.5326060648
vt 0.07423664578 0.5359666927
vt 0.06834426138 0.5377247888
vt 0.06834426159 0.5377247894
vt 0.07423664588 0.5359666918
vt 0.07521053073 0.5376076559
vt 0.0729999999 0.5393939361
vt 0.06810000148 0.5387151523
vt 0.06834426159 0.5377247894
vt 0.07299999976 0.5393939361
vt 0.06795081597 0.5430660648
vt 0.06810000144 0.5387151527
vt 0.0729999999 0.5393939361
vt 0.06834426159 0.5377247894
vt 0.07521053073 0.5376076559
vt 0.07300000032 0.5393939361
vt 0.07521053065 0.5376076564
vt 0.07508265099 0.5398427186
vt 0.07299999909 0.5452121249
vt 0.06671069483 0.5500911007
vt 0.06748276002 0.5452121204
vt 0.07300000039 0.539393936
vt 0.07299999896 0.5452121246
vt 0.06795081762 0.5430660648
vt 0.07299999896 0.5452121246
vt 0.06748276005 0.5452121204
vt 0.06795081762 0.5430660648
vt 0.07300000055 0.539393936
vt 0.07508265147 0.5398427185
vt 0.07299999882 0.5452121247
vt 0.07299999882 0.5452121247
vt 0.07508265147 0.5398427185
vt 0.07484616046 0.5444164707
vt 0.07299999907 0.5452121252
vt 0.0748461607 0.5444164713
vt 0.0753478341 0.5454650919
vt 0.07299999892 0.5452121232
vt 0.07534783389 0.5454650892
vt 0.07699999679 0.5471515146
vt 0.07699999679 0.5471515146
vt 0.07534783389 0.5454650892
vt 0.07707247136 0.5471374594
vt 0.416999996 0.1030303052
vt 0.4170434815 0.1030865262
vt 0.417047623 0.1033074081
vt 0.4170000012 0.1030303031
vt 0.4170476277 0.1033074062
vt 0.4160000024 0.1059393969
vt 0.4150000022 0.1088484881
vt 0.416000004 0.1059393958
vt 0.4175454577 0.1104940319
vt 0.06999999977 0.5529696987
vt 0.06638524842 0.5529696979
vt 0.06671069465 0.5500911
vt 0.07299999943 0.545212125
vt 0.06999999977 0.5529696987
vt 0.06671069465 0.5500911
vt 0.0729999994 0.5452121249
vt 0.07499999982 0.5529696952
vt 0.0699999998 0.5529696987
vt 0.06999999974 0.5529696988
vt 0.06605172556 0.5564221516
vt 0.06638524841 0.5529696983
vt 0.06900000073 0.5597575803
vt 0.06605172556 0.5564221516
vt 0.06999999974 0.5529696988
vt 0.06900000021 0.559757581
vt 0.06572951075 0.5602106278
vt 0.06605172542 0.5564221516
vt 0.06900000075 0.5597575802
vt 0.06999999977 0.5529696988
vt 0.07499999981 0.5529696956
vt 0.06900000026 0.5597575807
vt 0.07499999968 0.5529696952
vt 0.0739999979 0.558787882
vt 0.07299999947 0.5452121248
vt 0.07699999813 0.5471515126
vt 0.07499999967 0.5529696953
vt 0.4140000015 0.09818181789
vt 0.4170000014 0.1030303034
vt 0.416000002 0.1059393966
vt 0.4140000025 0.09818181865
vt 0.4160000027 0.1059393972
vt 0.4120000019 0.1020606062
vt 0.4160000045 0.1059393956
vt 0.410000005 0.1059393947
vt 0.4120000035 0.1020606047
vt 0.4140000023 0.09818181859
vt 0.4120000018 0.1020606061
vt 0.4079999964 0.09818181634
vt 0.407999999 0.09818181359
vt 0.4120000032 0.1020606046
vt 0.4100000044 0.1059393945
vt 0.4140000023 0.09818181825
vt 0.4079999963 0.09818181582
vt 0.4099999973 0.09430302816
vt 0.4079999989 0.09818181423
vt 0.4010000017 0.1001212125
vt 0.4049999952 0.0962424237
vt 0.409999998 0.09430302871
vt 0.4079999967 0.09818181628
vt 0.4049999967 0.09624242243
vt 0.4079999937 0.1253333323
vt 0.4080000007 0.1311515138
vt 0.400000004 0.1243636369
vt 0.4089999961 0.1214545456
vt 0.4079999937 0.1253333323
vt 0.400000004 0.1243636369
vt 0.4089999962 0.1214545457
vt 0.4000000041 0.124363637
vt 0.4019999998 0.1195151503
vt 0.4039999952 0.1146666661
vt 0.4019999998 0.11951515
vt 0.3949999965 0.1175757559
vt 0.3939999959 0.111757577
vt 0.3840000025 0.1146666706
vt 0.3909999995 0.1098181795
vt 0.4010000003 0.1098181801
vt 0.3980000006 0.1127272747
vt 0.3939999957 0.1117575768
vt 0.3980000007 0.1127272751
vt 0.3949999969 0.1175757567
vt 0.3939999959 0.1117575772
vt 0.3890000008 0.1166060624
vt 0.3939999953 0.1117575768
vt 0.3949999966 0.1175757564
vt 0.3980000011 0.1127272753
vt 0.403999995 0.1146666664
vt 0.3949999963 0.1175757564
vt 0.3970000014 0.107878784
vt 0.3939999963 0.1117575776
vt 0.3909999993 0.1098181791
vt 0.4009999999 0.1098181793
vt 0.3939999957 0.1117575769
vt 0.3970000018 0.1078787842
vt 0.3970000019 0.1049696966
vt 0.3970000013 0.1078787846
vt 0.3909999993 0.1098181796
vt 0.3970000019 0.1049696968
vt 0.3909999992 0.1098181791
vt 0.3880000049 0.1078787884
vt 0.4089999963 0.1175757582
vt 0.4139999964 0.1175757594
vt 0.4149999977 0.122424243
vt 0.406000002 0.1117575764
vt 0.4079999971 0.1098181813
vt 0.4100000056 0.1146666702
vt 0.4060000021 0.1117575763
vt 0.4100000056 0.1146666702
vt 0.4039999951 0.1146666654
vt 0.4180000062 0.1146666675
vt 0.4176666692 0.1109171645
vt 0.4179999995 0.1115061629
vt 0.4169999978 0.1175757566
vt 0.412999996 0.1127272747
vt 0.4180000066 0.1146666677
vt 0.4180000062 0.1146666675
vt 0.4129999968 0.1127272751
vt 0.4176666692 0.1109171645
vt 0.4800000018 0.1001212121
vt 0.4783703641 0.1032817156
vt 0.4765714528 0.1019221224
vt 0.4800000018 0.1001212121
vt 0.4765714528 0.1019221224
vt 0.4760000022 0.1010909079
vt 0.416999998 0.1175757566
vt 0.4149999977 0.1224242425
vt 0.4139999964 0.1175757587
vt 0.4169999981 0.1175757567
vt 0.4139999963 0.1175757585
vt 0.4129999973 0.1127272753
vt 0.4089999962 0.117575758
vt 0.4129999972 0.1127272759
vt 0.4139999961 0.1175757592
vt 0.4809999989 0.09721212159
vt 0.4790000056 0.09624242175
vt 0.4829999979 0.09333333332
vt 0.4809999986 0.09721212173
vt 0.4800000018 0.100121212
vt 0.4760000022 0.1010909079
vt 0.4809999989 0.09721212185
vt 0.4760000022 0.1010909082
vt 0.4790000055 0.09624242061
vt 0.4760000015 0.1010909075
vt 0.4750000031 0.09624242592
vt 0.4790000034 0.09624241876
vt 0.4150000021 0.1088484877
vt 0.4129999966 0.1127272755
vt 0.4079999965 0.1098181822
vt 0.4150000018 0.1088484882
vt 0.4176666705 0.1109171644
vt 0.4129999966 0.1127272751
vt 0.4150000018 0.1088484882
vt 0.4175454582 0.1104940315
vt 0.4176666705 0.1109171644
vt 0.4160000046 0.1059393954
vt 0.4150000029 0.1088484878
vt 0.4100000051 0.1059393946
vt 0.4089999975 0.1175757585
vt 0.4100000033 0.114666668
vt 0.4129999974 0.1127272762
vt 0.4129999983 0.112727276
vt 0.4100000053 0.1146666684
vt 0.4079999973 0.1098181825
vt 0.4760000022 0.101090908
vt 0.4765714532 0.101922122
vt 0.4758823535 0.1013190816
vt 0.4760000012 0.1010909078
vt 0.4758823522 0.1013190822
vt 0.475538434 0.1014638894
vt 0.4760000013 0.1010909079
vt 0.4755384337 0.1014638895
vt 0.4709999968 0.1001212155
vt 0.4760000015 0.1010909081
vt 0.4709999963 0.1001212151
vt 0.4750000035 0.09624242686
vt 0.4709999968 0.1001212155
vt 0.4755384337 0.1014638895
vt 0.4704897971 0.1030896792
vt 0.4150000027 0.1263030281
vt 0.4079999931 0.125333332
vt 0.4089999957 0.1214545454
vt 0.408999996 0.1175757576
vt 0.4149999975 0.1224242426
vt 0.4089999957 0.1214545457
vt 0.4089999967 0.1175757573
vt 0.4019999999 0.11951515
vt 0.4039999957 0.1146666657
vt 0.4089999965 0.1175757576
vt 0.4089999963 0.1214545457
vt 0.4019999996 0.1195151503
vt 0.4089999964 0.1175757572
vt 0.4039999954 0.1146666656
vt 0.4100000046 0.1146666701
vt 0.465 0.08848484845
vt 0.4719999936 0.09042424163
vt 0.469999999 0.09430303388
vt 0.4629999977 0.09333333288
vt 0.4649999998 0.08848484857
vt 0.4699999977 0.09430303415
vt 0.4819999954 0.09236363846
vt 0.4750000029 0.09624242582
vt 0.4780000012 0.09139393817
vt 0.475000004 0.09624242726
vt 0.4699999986 0.09430303418
vt 0.4780000019 0.09139393878
vt 0.4790000034 0.09624242014
vt 0.4750000031 0.09624242541
vt 0.4819999952 0.09236363827
vt 0.478000002 0.09139393887
vt 0.4719999931 0.09042424266
vt 0.4810000007 0.08751515079
vt 0.478000002 0.09139393891
vt 0.4699999988 0.09430303368
vt 0.4719999931 0.0904242426
vt 0.4709999966 0.1001212153
vt 0.4699999983 0.09430303372
vt 0.4750000039 0.09624242723
vt 0.4709999968 0.1001212154
vt 0.4680000033 0.09721211908
vt 0.4699999987 0.09430303372
vt 0.4680000037 0.09721211885
vt 0.4629999989 0.09818182165
vt 0.4699999981 0.09430303337
vt 0.4060000019 0.1117575759
vt 0.4009999997 0.1098181801
vt 0.4079999971 0.109818182
vt 0.4029999967 0.1059393895
vt 0.4079999971 0.1098181821
vt 0.4010000001 0.1098181793
vt 0.4029999961 0.10593939
vt 0.4009999999 0.1098181794
vt 0.397000002 0.1049696964
vt 0.4029999961 0.1059393909
vt 0.397000002 0.1049696967
vt 0.4059999977 0.1030303051
vt 0.397000002 0.1049696967
vt 0.4010000019 0.100121213
vt 0.405999998 0.1030303056
vt 0.4150000029 0.108848488
vt 0.4079999964 0.1098181822
vt 0.4100000052 0.105939394
vt 0.407999999 0.09818181353
vt 0.4100000038 0.1059393938
vt 0.4059999982 0.1030303053
vt 0.4029999967 0.1059393898
vt 0.4059999974 0.1030303047
vt 0.4079999971 0.1098181816
vt 0.4100000041 0.1059393939
vt 0.4079999971 0.1098181822
vt 0.4059999977 0.1030303053
vt 0.4709999972 0.1001212159
vt 0.4704897972 0.103089679
vt 0.4681052702 0.1047145181
vt 0.4709999972 0.1001212159
vt 0.4681052702 0.1047145181
vt 0.464 0.1020606022
vt 0.4640000004 0.1020606026
vt 0.4681052702 0.1047145181
vt 0.4640000091 0.1064075313
vt 0.407999998 0.09818181292
vt 0.4059999983 0.1030303053
vt 0.4010000019 0.1001212128
vt 0.4590000005 0.1078787906
vt 0.4640000088 0.1064075299
vt 0.4625714501 0.1071861434
vt 0.4590000003 0.107878792
vt 0.46257145 0.1071861429
vt 0.4589999959 0.1087565353
vt 0.4590000005 0.1078787921
vt 0.458999996 0.1087565346
vt 0.4563245017 0.1094778285
vt 0.4590000005 0.1078787906
vt 0.4640000005 0.1020606025
vt 0.4640000088 0.1064075299
vt 0.4590000007 0.1078787911
vt 0.4580000004 0.1020606022
vt 0.4640000004 0.1020606021
vt 0.4550000023 0.1069090907
vt 0.458 0.1020606024
vt 0.4590000011 0.1078787911
vt 0.4060000021 0.1117575759
vt 0.403999995 0.1146666664
vt 0.3980000012 0.1127272752
vt 0.4060000021 0.1117575758
vt 0.3980000008 0.1127272748
vt 0.4010000001 0.1098181801
vt 0.4629999997 0.09818182341
vt 0.4629999977 0.09333333284
vt 0.4699999988 0.0943030347
vt 0.4629999998 0.09818182339
vt 0.4580000013 0.09721212349
vt 0.462999998 0.09333333253
vt 0.4629999981 0.09333333287
vt 0.4580000011 0.09721212301
vt 0.4580000027 0.09236363898
vt 0.4009999999 0.1098181797
vt 0.3970000018 0.107878785
vt 0.3970000018 0.104969697
vt 0.4529999988 0.09915151028
vt 0.4580000013 0.09721212333
vt 0.4579999998 0.102060602
vt 0.4580000013 0.09721212302
vt 0.4550000043 0.09624242656
vt 0.4580000036 0.09236363902
vt 0.4550000052 0.09624242664
vt 0.4530000071 0.09139394264
vt 0.4580000044 0.0923636391
vt 0.4529999978 0.09915151069
vt 0.4530000088 0.09139394319
vt 0.4550000064 0.09624242705
vt 0.4529999986 0.09915151073
vt 0.4500000026 0.09139393847
vt 0.4530000053 0.09139394294
vt 0.4529999993 0.09915151101
vt 0.4550000041 0.09624242653
vt 0.4580000011 0.09721212294
vt 0.4709999967 0.1001212168
vt 0.4629999991 0.0981818237
vt 0.4680000035 0.09721211773
vt 0.4709999969 0.1001212156
vt 0.4640000003 0.1020606025
vt 0.4629999995 0.09818182217
vt 0.4640000003 0.1020606026
vt 0.4580000003 0.1020606028
vt 0.4629999994 0.09818182207
vt 0.4580000005 0.102060602
vt 0.458000001 0.09721212333
vt 0.4629999992 0.09818182291
vt 0.4529999987 0.09915151034
vt 0.4579999996 0.1020606019
vt 0.4550000023 0.1069090909
vt 0.06900000066 0.559757581
vt 0.06579562215 0.5639477954
vt 0.06572951059 0.5602106284
vt 0.06900000066 0.559757581
vt 0.07000000117 0.5675151467
vt 0.06579562215 0.5639477954
vt 0.06900000107 0.5597575807
vt 0.073999998 0.558787881
vt 0.07500000019 0.5646060584
vt 0.06900000066 0.559757581
vt 0.07500000048 0.5646060582
vt 0.0700000011 0.5675151469
vt 0.07000000127 0.567515146
vt 0.06603149636 0.568614656
vt 0.0657956221 0.563947795
vt 0.0700000015 0.5675151465
vt 0.06628804289 0.5723531003
vt 0.06603149621 0.5686146558
vt 0.0700000015 0.5675151465
vt 0.07332076087 0.5771755504
vt 0.06628804289 0.5723531003
vt 0.07500000035 0.5646060582
vt 0.07424999698 0.5755151913
vt 0.07000000106 0.5675151471
vt 0.4099999983 0.09430302928
vt 0.404999997 0.09624242236
vt 0.4060000004 0.09042424559
vt 0.4060000008 0.09042424604
vt 0.4010000059 0.08964847718
vt 0.4037118545 0.08864919695
vt 0.4060000007 0.09042424575
vt 0.4049999961 0.09624242182
vt 0.4010000004 0.09333333613
vt 0.4060000008 0.09042424604
vt 0.4010000005 0.09333333641
vt 0.4010000059 0.08964847718
vt 0.4500000009 0.1107878761
vt 0.449732394 0.1133828514
vt 0.4483714225 0.1134199158
vt 0.4500000004 0.1107878759
vt 0.4519999973 0.1120808154
vt 0.4497323889 0.1133828515
vt 0.07499999924 0.5646060582
vt 0.0759152569 0.5668248689
vt 0.0742499966 0.5755151914
vt 0.0662880423 0.5723531007
vt 0.07302942255 0.5782959033
vt 0.06603704178 0.5806958431
vt 0.07332076087 0.5771755504
vt 0.07302942238 0.5782959033
vt 0.06628804289 0.5723531003
vt 0.07000000106 0.5675151471
vt 0.07424999698 0.5755151913
vt 0.07332076089 0.5771755502
vt 0.06603704191 0.5806958437
vt 0.07003895555 0.5856812298
vt 0.06601526822 0.5858300024
vt 0.06603704191 0.5806958437
vt 0.07254840417 0.581544442
vt 0.07003895555 0.5856812298
vt 0.07302942255 0.5782959033
vt 0.07298877478 0.5793476343
vt 0.06603704178 0.5806958431
vt 0.06603704191 0.5806958437
vt 0.07298877471 0.5793476341
vt 0.07254840417 0.581544442
vt 0.07254840403 0.5815444417
vt 0.07150485007 0.5857197557
vt 0.07003895511 0.5856812294
vt 0.3970000019 0.1049696968
vt 0.3880000046 0.1078787882
vt 0.3940000001 0.1020606124
vt 0.446999995 0.09915151239
vt 0.4440000013 0.09236363919
vt 0.4490000037 0.09915151838
vt 0.4490000036 0.099151518
vt 0.4440000005 0.09236364008
vt 0.4460000024 0.09139393601
vt 0.4529999983 0.09915151082
vt 0.4459999937 0.09139393883
vt 0.4500000032 0.09139393847
vt 0.3970000018 0.104969697
vt 0.3940000003 0.1020606119
vt 0.3990000011 0.09818182239
vt 0.3970000018 0.1049696966
vt 0.3990000014 0.09818182198
vt 0.4010000016 0.1001212129
vt 0.4469999957 0.09915151242
vt 0.4509999996 0.1059393898
vt 0.4489999961 0.105939393
vt 0.4469999955 0.0991515121
vt 0.4490000032 0.09915151877
vt 0.4509999994 0.1059393902
vt 0.4049999944 0.09624242301
vt 0.4010000023 0.1001212129
vt 0.4009999994 0.09333333622
vt 0.4010000016 0.1001212129
vt 0.3990000016 0.09818182185
vt 0.4009999995 0.09333333623
vt 0.4489999964 0.105939393
vt 0.4510000006 0.1059393916
vt 0.4499999987 0.1107878765
vt 0.4550000024 0.1069090906
vt 0.4563245029 0.1094778285
vt 0.4550000084 0.1105005609
vt 0.4550000029 0.1069090911
vt 0.4550000103 0.1105005626
vt 0.4534109665 0.1111996716
vt 0.4499999987 0.110787876
vt 0.4526448615 0.1115219532
vt 0.4520000043 0.1120808113
vt 0.4499999987 0.110787876
vt 0.4509999964 0.10593939
vt 0.4526448615 0.1115219532
vt 0.4509999915 0.1059393907
vt 0.4534109673 0.1111996715
vt 0.4526448595 0.1115219533
vt 0.4550000029 0.1069090911
vt 0.4534109665 0.1111996716
vt 0.4509999926 0.1059393906
vt 0.4489999998 0.09915151915
vt 0.455000003 0.1069090911
vt 0.4509999927 0.1059393907
vt 0.4550000023 0.1069090911
vt 0.4590000005 0.1078787921
vt 0.4563245017 0.1094778285
vt 0.4490000005 0.09915151948
vt 0.452999998 0.09915151046
vt 0.4550000026 0.1069090907
vt 0.4490000002 0.09915151913
vt 0.4459999936 0.09139393885
vt 0.4529999983 0.09915151082
vt 0.3799999966 0.1292121175
vt 0.3860000012 0.1369696912
vt 0.3769999978 0.1359999987
vt 0.3980000002 0.1311515114
vt 0.3969999955 0.1369696997
vt 0.3860000005 0.1369696918
vt 0.3980000005 0.131151511
vt 0.386000001 0.1369696912
vt 0.3879999937 0.1301818169
vt 0.3860000043 0.1427878783
vt 0.3860000003 0.1369696916
vt 0.3969999956 0.1369696998
vt 0.3799999965 0.1292121175
vt 0.3879999943 0.1301818167
vt 0.386000001 0.1369696912
vt 0.3799999965 0.1292121174
vt 0.3909999995 0.1233939451
vt 0.3879999943 0.1301818166
vt 0.3890000008 0.1166060628
vt 0.3769999971 0.1214545484
vt 0.3840000026 0.1146666717
vt 0.389000001 0.1166060625
vt 0.3839999989 0.1224242361
vt 0.3769999973 0.1214545482
vt 0.3740000056 0.1204848492
vt 0.3809999974 0.1136969672
vt 0.3840000014 0.1146666702
vt 0.379999996 0.1292121174
vt 0.3769999973 0.1359999986
vt 0.3730000008 0.1282424247
vt 0.3799999955 0.1292121174
vt 0.3730000009 0.1282424247
vt 0.3769999976 0.121454548
vt 0.3740000063 0.1204848485
vt 0.3730000009 0.1282424246
vt 0.3689999999 0.1282424302
vt 0.439999998 0.0729696998
vt 0.4410000029 0.06424242597
vt 0.4410000011 0.07296970178
vt 0.3740000052 0.1204848497
vt 0.3769999977 0.121454548
vt 0.3730000007 0.1282424248
vt 0.4449999994 0.06521212511
vt 0.4449999991 0.0739393876
vt 0.4410000025 0.0729697018
vt 0.3799999953 0.1292121175
vt 0.3769999974 0.1214545482
vt 0.3839999987 0.1224242361
vt 0.3799999962 0.1292121176
vt 0.3839999994 0.1224242361
vt 0.3909999998 0.1233939448
vt 0.4590000061 0.07199999788
vt 0.4580000015 0.07975757428
vt 0.4509999972 0.0690909077
vt 0.4509999961 0.07684848009
vt 0.4509999972 0.06909090743
vt 0.4580000014 0.07975757464
vt 0.3740000053 0.1204848497
vt 0.3840000013 0.1146666716
vt 0.3769999971 0.1214545484
vt 0.4399999988 0.07296970043
vt 0.4410000023 0.07296970222
vt 0.4410000014 0.08266666664
vt 0.4430000055 0.08266666947
vt 0.444999999 0.07393938793
vt 0.4470000006 0.08266666671
vt 0.4449999976 0.06521212495
vt 0.4509999963 0.07684847963
vt 0.4449999997 0.07393938752
vt 0.3680000005 0.142787879
vt 0.3760000008 0.1427878763
vt 0.3770000048 0.1476363658
vt 0.3680000005 0.1427878791
vt 0.3700000015 0.1359999995
vt 0.3760000012 0.1427878761
vt 0.3860000046 0.1427878784
vt 0.3770000059 0.1476363656
vt 0.3760000007 0.1427878764
vt 0.3769999974 0.1359999989
vt 0.3760000009 0.1427878762
vt 0.3700000014 0.1359999995
vt 0.3769999978 0.1359999988
vt 0.3860000012 0.1369696909
vt 0.3760000008 0.1427878762
vt 0.4549999944 0.05454545115
vt 0.4530000022 0.06133332654
vt 0.4460000005 0.05745453883
vt 0.3770000055 0.1476363663
vt 0.3789999976 0.1515151518
vt 0.3700000009 0.1476363658
vt 0.3789999976 0.1515151515
vt 0.3720000012 0.1505454513
vt 0.3700000006 0.147636366
vt 0.3680000004 0.1427878791
vt 0.3770000053 0.147636365
vt 0.3700000008 0.1476363649
vt 0.3720000001 0.1505454521
vt 0.3710000004 0.1515151499
vt 0.3659999991 0.1486060623
vt 0.4549999985 0.04290908789
vt 0.4560000016 0.04484848359
vt 0.4490000011 0.04484848759
vt 0.4560000015 0.04484848348
vt 0.4559999975 0.04581818411
vt 0.4519999982 0.04775757851
vt 0.3719999998 0.1505454519
vt 0.3659999991 0.148606063
vt 0.3700000001 0.1476363667
vt 0.4560000017 0.04484848468
vt 0.4490000017 0.04581818097
vt 0.4490000006 0.04484848611
vt 0.4560000017 0.0448484835
vt 0.4519999974 0.04775757838
vt 0.4490000019 0.04581818378
vt 0.4559999979 0.04581818574
vt 0.462000002 0.04775757308
vt 0.4519999978 0.04775757773
vt 0.4489999988 0.05163636205
vt 0.4519999986 0.04775757851
vt 0.4589999955 0.05066666929
vt 0.3680000005 0.1427878791
vt 0.3700000006 0.1476363649
vt 0.3639999999 0.1427878775
vt 0.3699999998 0.1476363664
vt 0.365999999 0.1486060632
vt 0.3639999999 0.142787877
vt 0.4490000008 0.04484848551
vt 0.4490000006 0.04581818059
vt 0.4439999989 0.04775757615
vt 0.448999999 0.05163636209
vt 0.4490000021 0.0458181838
vt 0.4519999984 0.04775757838
vt 0.4489999996 0.04581818143
vt 0.4450000004 0.04872727118
vt 0.4439999988 0.0477575762
vt 0.4489999991 0.0516363618
vt 0.4450000026 0.04872727361
vt 0.4490000023 0.04581818454
vt 0.4549999956 0.05454545214
vt 0.4489999994 0.05163636215
vt 0.4589999947 0.05066666918
vt 0.454999995 0.05454545184
vt 0.4589999946 0.05066666915
vt 0.4670000004 0.05454545303
vt 0.4519999983 0.04775757878
vt 0.4620000014 0.04775757314
vt 0.4589999952 0.05066666944
vt 0.4549999955 0.05454545219
vt 0.4460000019 0.05745454014
vt 0.4489999994 0.05163636211
vt 0.3680000006 0.1427878791
vt 0.3649999995 0.1360000015
vt 0.3700000013 0.1359999995
vt 0.3769999973 0.1359999988
vt 0.3700000014 0.1359999992
vt 0.3730000008 0.1282424246
vt 0.3730000012 0.1282424247
vt 0.3700000012 0.135999999
vt 0.3649999998 0.136000002
vt 0.4399999989 0.06424241791
vt 0.4409999972 0.05551514879
vt 0.4420000016 0.05551514753
vt 0.4410000002 0.06424242628
vt 0.4419999954 0.0555151468
vt 0.446000001 0.0574545394
vt 0.3730000009 0.1282424245
vt 0.3649999994 0.1360000018
vt 0.3689999994 0.1282424301
vt 0.4399999986 0.06424241884
vt 0.4420000024 0.05551514731
vt 0.4410000032 0.06424242585
vt 0.441000001 0.06424242655
vt 0.4460000008 0.0574545396
vt 0.4449999995 0.06521212552
vt 0.3680000005 0.1427878792
vt 0.3639999999 0.1427878774
vt 0.3649999991 0.1360000016
vt 0.4420000021 0.05551514983
vt 0.4439999993 0.04775757703
vt 0.4449999995 0.04872727112
vt 0.4409999981 0.05551514934
vt 0.4439999992 0.04775757731
vt 0.4420000029 0.05551514846
vt 0.4419999956 0.05551514562
vt 0.4450000028 0.04872727352
vt 0.4489999994 0.05163636161
vt 0.4460000017 0.05745454001
vt 0.4419999956 0.05551514707
vt 0.4489999994 0.05163636202
vt 0.3860000045 0.1427878783
vt 0.3760000004 0.1427878764
vt 0.3860000004 0.1369696916
vt 0.4549999947 0.05454545143
vt 0.4670000002 0.05454545287
vt 0.4639999978 0.05939394619
vt 0.4549999947 0.05454545148
vt 0.4639999985 0.05939394617
vt 0.4530000023 0.06133332656
vt 0.4609999942 0.06521211964
vt 0.4530000031 0.06133332727
vt 0.4639999977 0.05939394541
vt 0.4609999941 0.0652121197
vt 0.4509999975 0.0690909075
vt 0.4530000036 0.06133332691
vt 0.459000006 0.07199999828
vt 0.4509999972 0.0690909077
vt 0.4609999936 0.06521211995
vt 0.4509999968 0.06909090706
vt 0.4460000018 0.05745453933
vt 0.4530000037 0.06133332712
vt 0.4449999979 0.06521212498
vt 0.4460000011 0.0574545397
vt 0.4509999973 0.06909090685
vt 0.4399999978 0.07296969966
vt 0.4399999976 0.06424241916
vt 0.4410000035 0.06424242625
vt 0.441000001 0.06424242616
vt 0.4449999994 0.06521212506
vt 0.4410000022 0.07296970157
vt 0.444999998 0.06521212452
vt 0.4509999972 0.06909090698
vt 0.4509999964 0.07684847952
vt 0.4430000062 0.08266667031
vt 0.441000003 0.07296970171
vt 0.4449999985 0.07393938756
vt 0.4410000025 0.08266666691
vt 0.4410000026 0.07296970218
vt 0.4429999981 0.08266667116
vt 0.4000000043 0.1243636369
vt 0.3980000006 0.1311515106
vt 0.3909999993 0.1233939452
vt 0.3980000004 0.1311515107
vt 0.3879999937 0.1301818168
vt 0.3909999997 0.123393945
vt 0.4080000009 0.1311515137
vt 0.3980000008 0.1311515107
vt 0.4000000044 0.1243636367
vt 0.4740000011 0.08557575907
vt 0.4660000024 0.08266666448
vt 0.4679999976 0.07684848724
vt 0.4019999997 0.1195151504
vt 0.4000000043 0.1243636368
vt 0.3909999996 0.1233939445
vt 0.4019999998 0.1195151502
vt 0.3909999993 0.1233939452
vt 0.3949999965 0.117575756
vt 0.4649999999 0.08848484857
vt 0.4579999982 0.08654545992
vt 0.4660000023 0.08266666412
vt 0.4679999977 0.07684848788
vt 0.4609999936 0.06521211947
vt 0.4709999955 0.07006060571
vt 0.4590000058 0.07199999909
vt 0.4609999938 0.06521211895
vt 0.4679999978 0.0768484875
vt 0.4590000059 0.0719999988
vt 0.4679999977 0.07684848776
vt 0.4580000014 0.07975757448
vt 0.4660000024 0.08266666446
vt 0.4580000014 0.07975757476
vt 0.4679999976 0.07684848726
vt 0.3890000008 0.1166060626
vt 0.3949999966 0.1175757563
vt 0.3909999993 0.123393945
vt 0.3890000008 0.1166060626
vt 0.3909999994 0.1233939448
vt 0.3839999998 0.1224242363
vt 0.3910000001 0.1098181798
vt 0.3840000013 0.1146666698
vt 0.3809999976 0.1136969674
vt 0.3890000007 0.1166060627
vt 0.3840000026 0.1146666711
vt 0.3939999959 0.1117575769
vt 0.4660000024 0.08266666399
vt 0.4579999977 0.08654546002
vt 0.4580000014 0.07975757452
vt 0.4579999981 0.08654545992
vt 0.4529999979 0.08460605931
vt 0.4580000012 0.07975757458
vt 0.453000005 0.09139394263
vt 0.4529999979 0.08460605958
vt 0.4579999972 0.08654545952
vt 0.4500000025 0.09139393842
vt 0.4470000005 0.08266666684
vt 0.4530000056 0.09139394311
vt 0.4580000042 0.09236363932
vt 0.4530000069 0.09139394275
vt 0.4579999979 0.08654545971
vt 0.4530000069 0.09139394345
vt 0.4470000007 0.08266666689
vt 0.4529999966 0.08460605922
vt 0.4529999976 0.08460605934
vt 0.4509999958 0.07684847991
vt 0.4580000012 0.07975757459
vt 0.4529999973 0.0846060592
vt 0.4449999987 0.07393938769
vt 0.4509999958 0.07684847968
vt 0.4470000007 0.08266666689
vt 0.4449999996 0.07393938803
vt 0.4529999967 0.08460605909
vt 0.4740000012 0.08557575912
vt 0.471999993 0.09042424183
vt 0.4660000021 0.08266666418
vt 0.474000001 0.08557575887
vt 0.4810000007 0.08751515074
vt 0.471999993 0.09042424244
vt 0.4740000011 0.08557575905
vt 0.4679999978 0.07684848781
vt 0.4769999963 0.07975757864
vt 0.465 0.08848484858
vt 0.4660000019 0.08266666415
vt 0.4719999938 0.09042424149
vt 0.4629999981 0.09333333289
vt 0.4580000022 0.09236363915
vt 0.4649999998 0.08848484857
vt 0.4580000035 0.09236363921
vt 0.4579999974 0.08654545973
vt 0.4649999999 0.08848484863
vt 0.4439999998 0.09236363959
vt 0.4410000025 0.08266666668
vt 0.4429999994 0.08266667159
vt 0.3909999992 0.1098181792
vt 0.3809999963 0.1136969665
vt 0.388000005 0.1078787884
vt 0.444 0.09236363989
vt 0.4429999998 0.08266667219
vt 0.4460000027 0.09139393621
vt 0.4459999945 0.09139394006
vt 0.4430000056 0.08266666944
vt 0.4470000006 0.08266666671
vt 0.4459999937 0.09139393884
vt 0.4470000007 0.08266666684
vt 0.4500000031 0.09139393841
vt 0.2734375 0.02272727273
vt 0.2734375 0.02272727273
vt 0.2734375 0.02272727273
vt 0.2734375 0.02272727273
vt 0.2734375 0.02272727273
vt 0.2734375 0.02272727273
vt 0.2734375 0.02272727273
vt 0.2734375 0.02272727273
vt 0.2734375 0.02272727273
vt 0.2734375 0.02272727273
vt 0.2734375 0.02272727273
vt 0.2734375 0.02272727273
vt 0.2734375 0.02272727273
vt 0.2734375 0.02272727273
vt 0.2734375 0.02272727273
vt 0.2734375 0.02272727273
vt 0.2734375 0.02272727273
vt 0.2734375 0.02272727273
vt 0.2734375 0.02272727273
vt 0.2734375 0.02272727273
vt 0.2734375 0.02272727273
vt 0.2734375 0.02272727273
vt 0.2734375 0.02272727273
vt 0.2734375 0.02272727273
vt 0.2734375 0.02272727273
vt 0.2734375 0.02272727273
vt 0.2734375 0.02272727273
vt 0.2734375 0.02272727273
vt 0.2734375 0.02272727273
vt 0.2734375 0.02272727273
vt 0.2734375 0.02272727273
vt 0.2734375 0.02272727273
vt 0.2734375 0.02272727273
vt 0.2734375 0.02272727273
vt 0.2734375 0.02272727273
vt 0.2734375 0.02272727273
vt 0.2734375 0.02272727273
vt 0.2734375 0.02272727273
vt 0.2734375 0.02272727273
vt 0.2734375 0.02272727273
vt 0.2734375 0.02272727273
vt 0.2734375 0.02272727273
vt 0.2734375 0.02272727273
vt 0.2734375 0.02272727273
vt 0.2734375 0.02272727273
vt 0.2734375 0.02272727273
vt 0.2734375 0.02272727273
vt 0.2734375 0.02272727273
vt 0.2734375 0.02272727273
vt 0.2734375 0.02272727273
vt 0.2734375 0.02272727273
vt 0.2734375 0.02272727273
vt 0.2734375 0.02272727273
vt 0.2734375 0.02272727273
vt 0.2734375 0.02272727273
vt 0.2734375 0.02272727273
vt 0.2734375 0.02272727273
vt 0.2734375 0.02272727273
vt 0.2734375 0.02272727273
vt 0.2734375 0.02272727273
vt 0.2734375 0.02272727273
vt 0.2734375 0.02272727273
vt 0.2734375 0.02272727273
vt 0.2734375 0.02272727273
vt 0.2734375 0.02272727273
vt 0.2734375 0.02272727273
vt 0.2734375 0.02272727273
vt 0.2734375 0.02272727273
vt 0.2734375 0.02272727273
vt 0.2734375 0.02272727273
vt 0.2734375 0.02272727273
vt 0.2734375 0.02272727273
vt 0.2734375 0.02272727273
vt 0.2734375 0.02272727273
vt 0.2734375 0.02272727273
vt 0.2734375 0.02272727273
vt 0.2734375 0.02272727273
vt 0.2734375 0.02272727273
vt 0.2734375 0.02272727273
vt 0.2734375 0.02272727273
vt 0.2734375 0.02272727273
vt 0.2734375 0.02272727273
vt 0.2734375 0.02272727273
vt 0.2734375 0.02272727273
vt 0.2734375 0.02272727273
vt 0.2734375 0.02272727273
vt 0.2734375 0.02272727273
vt 0.2734375 0.02272727273
vt 0.2734375 0.02272727273
vt 0.2734375 0.02272727273
vt 0.2734375 0.02272727273
vt 0.2734375 0.02272727273
vt 0.2734375 0.02272727273
vt 0.2734375 0.02272727273
vt 0.2734375 0.02272727273
vt 0.2734375 0.02272727273
vt 0.2734375 0.02272727273
vt 0.2734375 0.02272727273
vt 0.2734375 0.02272727273
vt 0.2734375 0.02272727273
vt 0.2734375 0.02272727273
vt 0.2734375 0.02272727273
vt 0.2734375 0.02272727273
vt 0.2734375 0.02272727273
vt 0.2734375 0.02272727273
vt 0.2734375 0.02272727273
vt 0.2734375 0.02272727273
vt 0.2734375 0.02272727273
vt 0.2734375 0.02272727273
vt 0.2734375 0.02272727273
vt 0.2734375 0.02272727273
vt 0.2734375 0.02272727273
vt 0.2734375 0.02272727273
vt 0.2734375 0.02272727273
vt 0.2734375 0.02272727273
vt 0.2734375 0.02272727273
vt 0.2734375 0.02272727273
vt 0.2734375 0.02272727273
vt 0.2734375 0.02272727273
vt 0.2734375 0.02272727273
vt 0.2734375 0.02272727273
vt 0.2734375 0.02272727273
vt 0.2734375 0.02272727273
vt 0.2734375 0.02272727273
vt 0.2734375 0.02272727273
vt 0.2734375 0.02272727273
vt 0.2734375 0.02272727273
vt 0.2734375 0.02272727273
vt 0.2734375 0.02272727273
vt 0.2734375 0.02272727273
vt 0.2734375 0.02272727273
vt 0.2734375 0.02272727273
vt 0.2734375 0.02272727273
vt 0.2734375 0.02272727273
vt 0.2734375 0.02272727273
vt 0.2734375 0.02272727273
vt 0.2734375 0.02272727273
vt 0.2734375 0.02272727273
vt 0.2734375 0.02272727273
vt 0.2734375 0.02272727273
vt 0.2734375 0.02272727273
vt 0.2734375 0.02272727273
vt 0.2734375 0.02272727273
vt 0.2734375 0.02272727273
vt 0.2734375 0.02272727273
vt 0.2734375 0.02272727273
vt 0.2734375 0.02272727273
vt 0.2734375 0.02272727273
vt 0.2734375 0.02272727273
vt 0.2734375 0.02272727273
vt 0.2734375 0.02272727273
vt 0.2734375 0.02272727273
vt 0.2734375 0.02272727273
vt 0.2734375 0.02272727273
vt 0.2734375 0.02272727273
vt 0.2734375 0.02272727273
vt 0.2734375 0.02272727273
vt 0.2734375 0.02272727273
vt 0.2734375 0.02272727273
vt 0.2734375 0.02272727273
vt 0.2734375 0.02272727273
vt 0.2734375 0.02272727273
vt 0.2734375 0.02272727273
vt 0.2734375 0.02272727273
vt 0.2734375 0.02272727273
vt 0.2734375 0.02272727273
vt 0.2734375 0.02272727273
vt 0.2734375 0.02272727273
vt 0.2734375 0.02272727273
vt 0.2734375 0.02272727273
vt 0.2734375 0.02272727273
vt 0.2734375 0.02272727273
vt 0.2734375 0.02272727273
vt 0.2734375 0.02272727273
vt 0.2734375 0.02272727273
vt 0.2734375 0.02272727273
vt 0.2734375 0.02272727273
vt 0.2734375 0.02272727273
vt 0.2734375 0.02272727273
vt 0.2734375 0.02272727273
vt 0.2734375 0.02272727273
vt 0.2734375 0.02272727273
vt 0.2734375 0.02272727273
vt 0.2734375 0.02272727273
vt 0.2734375 0.02272727273
vt 0.2734375 0.02272727273
vt 0.2734375 0.02272727273
vt 0.2734375 0.02272727273
vt 0.2734375 0.02272727273
vt 0.2734375 0.02272727273
vt 0.2734375 0.02272727273
vt 0.2734375 0.02272727273
vt 0.2734375 0.02272727273
vt 0.2734375 0.02272727273
vt 0.2734375 0.02272727273
vt 0.2734375 0.02272727273
vt 0.2734375 0.02272727273
vt 0.2734375 0.02272727273
vt 0.2734375 0.02272727273
vt 0.2734375 0.02272727273
vt 0.2734375 0.02272727273
vt 0.2734375 0.02272727273
vt 0.2734375 0.02272727273
vt 0.2734375 0.02272727273
vt 0.2734375 0.02272727273
vt 0.2734375 0.02272727273
vt 0.2734375 0.02272727273
vt 0.2734375 0.02272727273
vt 0.2734375 0.02272727273
vt 0.2734375 0.02272727273
vt 0.2734375 0.02272727273
vt 0.2734375 0.02272727273
vt 0.2734375 0.02272727273
vn 0.05089879122 0.3874118869 -0.9205005936
vn 0.04869558987 0.3935003087 -0.9180339027
vn 0.04402470794 0.4131611333 -0.9095931525
vn 0.06178244885 0.5498708477 -0.8329615717
vn 0.05089879637 0.3874118931 -0.9205005908
vn 0.04402471719 0.4131611461 -0.9095931462
vn 0.06178244885 0.5498708477 -0.8329615717
vn 0.07656311565 0.3848308357 -0.9198061302
vn 0.05089879637 0.3874118931 -0.9205005908
vn 0.06178244885 0.5498708477 -0.8329615717
vn 0.04402471719 0.4131611461 -0.9095931462
vn 0.03218426724 0.5547967288 -0.8313631954
vn 0.06178243947 0.5498708475 -0.8329615725
vn 0.059639235 0.3830259125 -0.9218103449
vn 0.07656311429 0.3848308357 -0.9198061303
vn 0.03218426716 0.5547967352 -0.8313631911
vn 0.03201855753 0.5761088382 -0.8167456266
vn 0.05824189549 0.5663305564 -0.8221177425
vn 0.06178244571 0.5498708314 -0.8329615826
vn 0.03218426716 0.5547967352 -0.8313631911
vn 0.05824189549 0.5663305564 -0.8221177425
vn 0.06178244561 0.5498708304 -0.8329615833
vn 0.05824189547 0.5663305552 -0.8221177433
vn 0.06180107067 0.5649173826 -0.82282986
vn 0.0617824398 0.5498708316 -0.832961583
vn 0.06180106268 0.5649173842 -0.8228298595
vn 0.06868078042 0.5418597061 -0.8376580504
vn 0.06178243871 0.5498708475 -0.8329615725
vn 0.0686807808 0.5418597099 -0.8376580478
vn 0.05963923779 0.3830259139 -0.9218103441
vn 0.05963923779 0.3830259139 -0.9218103441
vn 0.0686807808 0.5418597099 -0.8376580478
vn 0.06376749111 0.3943725254 -0.9167355226
vn 0.0686807808 0.5418597099 -0.8376580478
vn 0.06916131879 0.5383091887 -0.8399047145
vn 0.06376749111 0.3943725254 -0.9167355226
vn 0.06376749575 0.3943725218 -0.9167355238
vn 0.0691613148 0.5383091914 -0.839904713
vn 0.06047479669 0.5404244789 -0.8392164092
vn 0.04313688266 0.4244193999 -0.9044376056
vn 0.06376749575 0.3943725218 -0.9167355238
vn 0.06047479669 0.5404244789 -0.8392164092
vn 0.03410295459 0.5378746776 -0.8423347433
vn 0.04313688266 0.4244193999 -0.9044376056
vn 0.06047479669 0.5404244789 -0.8392164092
vn 0.03410295434 0.5378746768 -0.8423347438
vn 0.02657507753 0.4288327359 -0.9029929401
vn 0.04313688298 0.4244194008 -0.9044376051
vn 0.03410295431 0.5378746791 -0.8423347423
vn 0.06047479662 0.5404244785 -0.8392164095
vn 0.03400438099 0.5415890423 -0.8399553627
vn 0.03410295188 0.5378746777 -0.8423347433
vn -0.04205420534 0.4296926007 -0.9019954062
vn 0.02657507975 0.4288327365 -0.9029929398
vn 0.03410295188 0.5378746777 -0.8423347433
vn -0.04619083116 0.4461130253 -0.893783853
vn -0.04205420534 0.4296926007 -0.9019954062
vn 0.03410295112 0.5378746766 -0.842334744
vn -0.03286874475 0.5124876114 -0.8580653202
vn -0.04619083208 0.4461130158 -0.8937838576
vn 0.03410295112 0.5378746766 -0.842334744
vn 0.03400436461 0.5415890295 -0.8399553716
vn -0.03286874475 0.5124876114 -0.8580653202
vn -0.04619081896 0.4461130204 -0.893783856
vn -0.04235332656 0.4283785584 -0.90260623
vn -0.04205417246 0.4296925989 -0.9019954085
vn -0.04619084073 0.4461130242 -0.893783853
vn -0.0475170563 0.4284732392 -0.9023041686
vn -0.04235335737 0.4283785639 -0.9026062259
vn -0.04619084253 0.4461129939 -0.893783868
vn -0.0656848655 0.4058276632 -0.9115862034
vn -0.04751705491 0.4284731698 -0.9023042016
vn -0.04619085004 0.4461130474 -0.893783841
vn -0.03286879009 0.5124876899 -0.8580652716
vn -0.07393336504 0.5537651377 -0.8293841268
vn -0.04619084053 0.4461130042 -0.893783863
vn -0.07393334764 0.5537650564 -0.8293841827
vn -0.06568487169 0.405827728 -0.9115861741
vn -0.06568487169 0.405827728 -0.9115861741
vn -0.07393334764 0.5537650564 -0.8293841827
vn -0.111944318 0.5296649359 -0.8407874436
vn -0.2932160592 -0.770047457 -0.5666138514
vn -0.402992166 -0.7889139744 -0.4639095333
vn -0.2976204032 -0.8047351276 -0.513637489
vn -0.3153232709 -0.8233669747 -0.4718453771
vn -0.3874157661 -0.8700084054 -0.3049498299
vn -0.369703832 -0.8661452053 -0.3363206207
vn -0.3928528599 -0.855538542 -0.3372246042
vn -0.3874157585 -0.8700083961 -0.3049498661
vn -0.315323269 -0.823366972 -0.4718453831
vn -0.3112591104 -0.8250577847 -0.4715903074
vn -0.2976204283 -0.8047350793 -0.51363755
vn -0.3928528634 -0.8555385638 -0.3372245448
vn -0.3112590843 -0.8250577606 -0.4715903668
vn -0.1978784807 -0.7695507225 -0.6071538457
vn -0.2976204637 -0.80473511 -0.5136374814
vn -0.3112590828 -0.8250577923 -0.4715903123
vn -0.3153232677 -0.8233669728 -0.4718453825
vn -0.2240393838 -0.7433765646 -0.6302361762
vn -0.3153232673 -0.8233669755 -0.4718453781
vn -0.2130379672 -0.7638288962 -0.6092456335
vn -0.2240393815 -0.7433765904 -0.6302361465
vn -0.3112591233 -0.8250578005 -0.4715902713
vn -0.3928528513 -0.8555385518 -0.3372245894
vn -0.3153232655 -0.8233669764 -0.4718453777
vn -0.4603923119 -0.5702536986 0.6803305361
vn -0.2738650748 -0.09887040246 0.9566726526
vn -0.3527848639 -0.0732892727 0.9328298464
vn -0.4603923527 -0.5702536941 0.6803305123
vn -0.2818936596 -0.03193095265 0.9589141666
vn -0.2738650879 -0.09887040053 0.9566726491
vn -0.4614757899 -0.4411827678 0.7696738665
vn -0.2818935072 -0.03193064572 0.9589142216
vn -0.4603924664 -0.5702541163 0.6803300814
vn -0.2738658049 -0.09887193232 0.9566722855
vn -0.2818931038 -0.03192979982 0.9589143684
vn 0.06994178269 0.5681979552 0.8199141606
vn -0.2528988536 0.04625600547 0.9663863367
vn -0.2818935123 -0.03193065085 0.95891422
vn -0.4614758077 -0.4411827774 0.7696738503
vn -0.4029921934 -0.7889139593 -0.4639095352
vn -0.3928528082 -0.8555386426 -0.3372244091
vn -0.297620407 -0.8047351266 -0.5136374883
vn -0.4211156097 -0.2155799125 0.8810147244
vn -0.2528986433 0.04625642422 0.9663863717
vn -0.4614756925 -0.4411823348 0.7696741731
vn -0.2528985303 0.04625656681 0.9663863945
vn 0.06105812012 0.501073723 0.863247954
vn -0.2818931461 -0.0319299598 0.9589143506
vn -0.421115644 -0.2155799746 0.8810146928
vn -0.2385191166 0.1864043664 0.9530802921
vn -0.2528987333 0.0462562932 0.9663863544
vn 0.06994178265 0.5681979669 0.8199141525
vn -0.2818931149 -0.03192985286 0.9589143634
vn 0.04698498954 0.5428770589 0.8384968156
vn -0.2818931228 -0.03192985705 0.9589143609
vn 0.06105811521 0.5010737296 0.8632479505
vn 0.04698498163 0.5428770601 0.8384968152
vn -0.3235037636 -0.7531972857 -0.5727470329
vn -0.4876232292 -0.6330141705 -0.6012625436
vn -0.4010343344 -0.6366585545 -0.6586633037
vn -0.3235037644 -0.7531972852 -0.5727470332
vn -0.4010343119 -0.6366585605 -0.6586633116
vn -0.2609010203 -0.7457735661 -0.6129864972
vn -0.2159277452 -0.7903529537 -0.573338833
vn -0.2609009542 -0.7457736094 -0.6129864726
vn -0.2015190992 -0.7822907395 -0.5894160259
vn -0.2105198922 -0.7913419446 -0.5739854542
vn -0.1895360314 -0.7910184839 -0.5816922305
vn -0.2015191322 -0.78229072 -0.5894160404
vn -0.2545144375 -0.7600810549 -0.5979123607
vn -0.3542942424 -0.6317120903 -0.6895037525
vn -0.2227445041 -0.7380542908 -0.6369150255
vn -0.3999565056 -0.6493841057 -0.6467882783
vn -0.3542942358 -0.6317120928 -0.6895037537
vn -0.2545144308 -0.7600810436 -0.5979123779
vn -0.2105199062 -0.7913419609 -0.5739854266
vn -0.2545145667 -0.7600809582 -0.5979124286
vn -0.222744439 -0.7380543405 -0.6369149907
vn -0.3542942346 -0.6317120731 -0.6895037723
vn -0.2892664922 -0.4611285892 -0.8388595357
vn -0.3196630453 -0.4999396727 -0.8049073618
vn -0.3542942104 -0.6317120792 -0.6895037791
vn -0.4305885395 -0.555592092 -0.7112741644
vn -0.2892663994 -0.4611286221 -0.8388595497
vn -0.4032506683 0.2623670323 -0.8766712262
vn -0.6772988383 0.3252653685 -0.6599005407
vn -0.5224976301 0.8245450271 -0.2170753898
vn -0.4032505741 0.2623667945 -0.8766713407
vn -0.5224974915 0.8245451851 -0.2170751234
vn -0.3598674313 0.7865422282 -0.5018433573
vn -0.359867766 0.7865416773 -0.5018439807
vn -0.5224980389 0.8245444995 -0.2170764097
vn 0.1202994602 0.9282608707 0.3519372044
vn -0.714791595 -0.09781539954 -0.6924630845
vn -0.522497559 0.8245451494 -0.2170750963
vn -0.6772988619 0.3252652514 -0.6599005743
vn -0.3999565091 -0.6493841025 -0.6467882793
vn -0.4710311594 -0.5760907798 -0.6680187574
vn -0.4305885479 -0.5555920832 -0.7112741662
vn -0.7147915121 -0.09781579728 -0.6924631138
vn -0.6564874822 0.7124263795 -0.2479371685
vn -0.5224974326 0.8245452923 -0.2170748579
vn 0.1186444072 0.8682613546 0.4817112462
vn 0.06205077386 0.8984566431 0.434655452
vn -0.6564870446 0.7124269892 -0.2479365752
vn -0.6564870954 0.7124270012 -0.2479364062
vn 0.06205075609 0.8984567127 0.4346553106
vn -0.5224978542 0.8245448529 -0.2170755122
vn -0.3999565095 -0.6493841024 -0.6467882792
vn -0.4305885385 -0.5555920894 -0.711274167
vn -0.3542942206 -0.6317121068 -0.6895037486
vn 0.1186446574 0.8682612346 0.481711401
vn 0.1377317438 0.8564638769 0.4974933108
vn 0.06205138704 0.8984564029 0.434655861
vn 0.1202995346 0.9282609654 0.3519369292
vn -0.5224979344 0.8245447616 -0.2170756659
vn 0.06205074902 0.8984567171 0.4346553026
vn -0.4010343233 -0.6366585427 -0.6586633218
vn -0.4950494544 -0.5490201225 -0.6734262713
vn -0.471031139 -0.5760907922 -0.6680187611
vn -0.6564873948 0.7124265077 -0.2479370316
vn -0.730327272 -0.1901530745 -0.6560974654
vn -0.7520416062 0.6082356255 -0.2539347287
vn -0.4876232643 -0.6330141441 -0.6012625429
vn -0.4950494433 -0.5490201202 -0.6734262813
vn -0.4010343388 -0.6366585463 -0.658663309
vn -0.4876232686 -0.633014148 -0.6012625353
vn -0.5667317831 -0.5349778677 -0.6265889937
vn -0.495049434 -0.5490201302 -0.6734262799
vn -0.903734797 -0.03513631379 -0.4266483987
vn -0.8393613357 0.5420986137 -0.04002050881
vn -0.7520415569 0.6082357612 -0.2539345496
vn -0.9037347523 -0.03513645686 -0.4266484817
vn -0.7520415574 0.6082357567 -0.2539345591
vn -0.7303272059 -0.1901531808 -0.6560975081
vn -0.8393616799 0.5420980344 -0.04002113752
vn -0.01665233604 0.8942940325 0.4471698594
vn -0.7520415613 0.6082357569 -0.253934547
vn -0.1776681619 0.8412763753 0.510576228
vn 0.1918967552 0.8196116346 0.5398262718
vn -0.01665219392 0.8942939882 0.4471699534
vn -0.2609010133 -0.7457735691 -0.6129864964
vn -0.3999565 -0.6493840964 -0.646788291
vn -0.2545144357 -0.7600810502 -0.5979123675
vn -0.2609010179 -0.7457735655 -0.612986499
vn -0.4010343005 -0.6366585577 -0.6586633212
vn -0.3999565004 -0.649384096 -0.6467882912
vn -0.260900954 -0.7457736085 -0.6129864738
vn -0.2545145559 -0.760080973 -0.5979124144
vn -0.2015190988 -0.7822907381 -0.5894160278
vn -0.4010343046 -0.6366585505 -0.6586633257
vn -0.4710311605 -0.576090783 -0.6680187539
vn -0.3999565054 -0.6493840919 -0.6467882922
vn -0.2105198879 -0.7913419473 -0.5739854521
vn -0.201519109 -0.7822907346 -0.589416029
vn -0.2545145762 -0.7600809653 -0.5979124156
vn 0.1918967562 0.819611635 0.5398262708
vn 0.2013965609 0.8217458441 0.5330789745
vn -0.0166522055 0.8942939868 0.4471699556
vn 0.1660193146 0.822762625 0.5435984272
vn 0.1624060972 0.8355242317 0.5249033414
vn 0.1881766431 0.8158406898 0.5468029992
vn 0.1918966567 0.8196116813 0.5398262359
vn 0.1881766406 0.8158406923 0.5468029963
vn 0.1624060883 0.8355242401 0.5249033308
vn 0.1918966411 0.8196116887 0.5398262303
vn 0.1624060419 0.835524261 0.5249033118
vn 0.201396648 0.8217458027 0.5330790053
vn -0.7147915037 -0.09781583087 -0.6924631178
vn -0.7303272833 -0.190153102 -0.6560974448
vn -0.6564873682 0.712426539 -0.2479370121
vn 0.1186443447 0.8682613692 0.4817112353
vn -0.6564871279 0.7124268955 -0.2479366238
vn -0.7520415097 0.6082358215 -0.2539345448
vn 0.118644361 0.8682613591 0.4817112496
vn -0.7520414906 0.6082358327 -0.2539345746
vn -0.01665234937 0.8942940311 0.4471698617
vn 0.1186446068 0.8682612503 0.4817113851
vn -0.0166521603 0.8942939799 0.4471699712
vn 0.2013966163 0.8217458232 0.5330789857
vn 0.1186446587 0.8682612333 0.4817114029
vn 0.2013965958 0.8217458322 0.5330789796
vn 0.1377317556 0.8564638775 0.4974933066
vn -0.3922834581 -0.7610188763 -0.5166855509
vn -0.3895607028 -0.7432433045 -0.5439042647
vn -0.3564152744 -0.773644007 -0.5238731741
vn -0.3081632413 -0.8234974472 -0.4763269582
vn -0.3564152923 -0.7736439911 -0.5238731855
vn -0.2159277411 -0.7903529572 -0.5733388298
vn -0.3895606334 -0.743243297 -0.5439043247
vn -0.4920565537 -0.6942061592 -0.525317196
vn -0.4876232197 -0.6330141332 -0.6012625905
vn -0.6309926381 -0.5823668741 -0.5125398664
vn -0.5667317719 -0.5349778628 -0.626589008
vn -0.4876232731 -0.6330141435 -0.6012625364
vn -0.4920565105 -0.6942061663 -0.5253172271
vn -0.6309926582 -0.5823668617 -0.5125398558
vn -0.4876232383 -0.6330141533 -0.6012625543
vn -0.9855736662 0.09693192178 -0.138739868
vn -0.835174237 0.5024760762 0.2236107929
vn -0.9037348524 -0.03513617898 -0.4266482925
vn -0.3012737449 0.7849396838 0.5413906385
vn -0.1776675391 0.8412764412 0.5105763362
vn -0.8351740767 0.5024762859 0.2236109203
vn -0.323503759 -0.7531972943 -0.5727470243
vn -0.2609009905 -0.7457736083 -0.6129864585
vn -0.2159277325 -0.7903529534 -0.5733388382
vn -0.3235037525 -0.7531972937 -0.5727470287
vn -0.3895605922 -0.7432433735 -0.5439042496
vn -0.4876232335 -0.6330141697 -0.6012625409
vn -0.3012743768 0.784939545 0.5413904881
vn 0.06521052727 0.7960838657 0.601662751
vn -0.1776681207 0.8412763907 0.5105762169
vn -0.5181069734 -0.6664879207 -0.5360587801
vn -0.8225412211 -0.2982470391 -0.4842258185
vn -0.4920558865 -0.6942066115 -0.5253172233
vn -0.4920566893 -0.6942060032 -0.5253172751
vn -0.8225416141 -0.2982462607 -0.4842256303
vn -0.6309921341 -0.5823674619 -0.512539819
vn -0.9814245302 -0.1367389801 -0.1345672429
vn -0.4373418218 0.6891729334 0.577730732
vn -0.9855736804 0.09693095332 -0.1387404442
vn -0.7625238973 0.4948453545 0.4167557813
vn -0.8351739665 0.5024763931 0.223611091
vn -0.4373484128 0.6891712778 0.5777277176
vn -0.3922835858 -0.7610188151 -0.516685544
vn -0.518105631 -0.6664889937 -0.5360587434
vn -0.492056534 -0.6942061198 -0.5253172666
vn -0.9458446151 0.2483021227 0.2091028931
vn -0.7625211875 0.4948473963 0.4167583148
vn -0.9814245304 -0.1367388525 -0.1345673713
vn -0.3922835613 -0.7610188511 -0.5166855096
vn -0.4920565151 -0.6942061568 -0.5253172354
vn -0.3895606875 -0.7432433048 -0.5439042752
vn -0.9592357596 -0.2234805712 0.1729832124
vn -0.7625209628 0.4948476469 0.4167584284
vn -0.9458447363 0.2483018646 0.2091026514
vn -0.7991388381 0.243467903 0.5496366961
vn -0.1793029743 0.7797867185 0.599819237
vn -0.7625207533 0.4948478463 0.416758575
vn -0.9814245111 -0.1367389261 -0.1345674368
vn -0.7625216967 0.4948469438 0.4167579205
vn -0.4373414706 0.6891729891 0.5777309315
vn -0.7625207615 0.4948477935 0.4167586227
vn -0.1793029699 0.7797867136 0.5998192446
vn -0.3012743898 0.7849395425 0.5413904844
vn -0.437340732 0.6891733474 0.5777310632
vn -0.8351740026 0.5024763508 0.2236110513
vn -0.9855736645 0.0969317619 -0.1387399918
vn -0.7625208315 0.4948477323 0.4167585672
vn -0.3012738565 0.7849396455 0.5413906319
vn -0.8351742097 0.5024761011 0.2236108389
vn -0.3564153026 -0.7736439907 -0.5238731791
vn -0.3895606521 -0.7432433359 -0.543904258
vn -0.3235037415 -0.7531972999 -0.5727470267
vn -0.3564153376 -0.773643991 -0.5238731548
vn -0.3235037427 -0.7531972985 -0.5727470279
vn -0.2159277253 -0.7903529545 -0.5733388395
vn -0.02714407127 0.7152915066 0.6982988329
vn 0.13636327 0.7930785082 0.5936594465
vn -0.1793027171 0.7797867572 0.5998192635
vn -0.3012743407 0.7849395632 0.5413904819
vn -0.1793027834 0.7797867622 0.5998192372
vn 0.06521049774 0.7960838839 0.6016627302
vn 0.1363631469 0.7930785919 0.593659363
vn 0.06521031443 0.7960839378 0.6016626786
vn -0.1793027161 0.7797867568 0.5998192644
vn -0.1994486333 -0.7895137544 -0.5804207734
vn -0.1895360246 -0.7910184892 -0.5816922254
vn -0.1763391418 -0.7820192673 -0.5977878993
vn -0.3081632756 -0.8234974124 -0.4763269963
vn -0.1994486126 -0.7895137499 -0.5804207868
vn -0.213037969 -0.7638288924 -0.6092456376
vn -0.3081632633 -0.8234974192 -0.4763269925
vn -0.2159277511 -0.7903529456 -0.5733388419
vn -0.1994486187 -0.7895137468 -0.5804207888
vn -0.1994486253 -0.7895137594 -0.5804207694
vn -0.1763391618 -0.7820192549 -0.5977879097
vn -0.2130379597 -0.7638288854 -0.6092456496
vn -0.1994486335 -0.7895137523 -0.5804207762
vn -0.2159277543 -0.7903529468 -0.5733388391
vn -0.20151913 -0.7822907152 -0.5894160476
vn 0.1363631897 0.7930785839 0.5936593638
vn 0.1881766524 0.8158406905 0.5468029948
vn 0.06521029339 0.7960839409 0.6016626768
vn 0.1363631287 0.7930785905 0.5936593689
vn 0.1793063276 0.8220255688 0.540484232
vn 0.1881766246 0.8158406949 0.546802998
vn -0.1994486331 -0.7895137518 -0.5804207771
vn -0.201519133 -0.7822907204 -0.5894160397
vn -0.1895360242 -0.7910184807 -0.5816922372
vn -0.02714406596 0.7152915052 0.6982988345
vn 0.1570205689 0.7610495521 0.6294029871
vn 0.1363631239 0.7930785588 0.5936594125
vn 0.1570206007 0.7610495533 0.6294029777
vn 0.1793063239 0.8220255729 0.5404842271
vn 0.1363631538 0.7930785607 0.5936594031
vn 0.1570205927 0.7610495556 0.629402977
vn 0.1909420235 0.7886963024 0.5843794027
vn 0.179306321 0.8220255738 0.5404842267
vn 0.157020569 0.7610495581 0.6294029798
vn 0.1442334925 0.7336876916 0.6640023124
vn 0.190942012 0.788696304 0.5843794043
vn -0.374020187 -0.8271483349 -0.4194455052
vn -0.3922834336 -0.7610188028 -0.5166856776
vn -0.3564152679 -0.773643994 -0.5238731978
vn -0.7386949943 -0.5975884052 0.3117976961
vn -0.6092648804 -0.05249982464 0.7912269421
vn -0.9592356904 -0.2234814815 0.1729824204
vn -0.9592356722 -0.2234812796 0.1729827818
vn -0.7991393422 0.2434673062 0.5496362276
vn -0.7625211458 0.4948474644 0.4167583103
vn -0.6092649465 -0.05250003278 0.7912268774
vn -0.7991393484 0.2434672125 0.5496362599
vn -0.9592356971 -0.2234813832 0.1729825103
vn -0.6092656859 -0.05250123943 0.791226228
vn -0.02714381479 0.7152917296 0.6982986144
vn -0.7991388744 0.2434679372 0.5496366281
vn -0.3081632665 -0.8234974214 -0.4763269865
vn -0.3740201959 -0.8271483547 -0.4194454581
vn -0.3564152756 -0.7736440135 -0.5238731637
vn -0.7386947731 -0.597588879 0.3117973121
vn -0.3527848255 -0.07328919229 0.9328298672
vn -0.6092648958 -0.05249940783 0.7912269579
vn -0.3081632655 -0.8234974204 -0.4763269889
vn -0.3697038407 -0.8661452206 -0.3363205719
vn -0.3740201255 -0.8271483492 -0.4194455317
vn -0.7386947766 -0.59758879 0.3117974746
vn -0.5320627034 -0.5799601686 0.6168917916
vn -0.3527848453 -0.07328927291 0.9328298534
vn -0.4603923456 -0.5702536764 0.6803305319
vn -0.3527848687 -0.07328926838 0.9328298449
vn -0.5320627213 -0.5799601176 0.6168918241
vn -0.6092656699 -0.05250124679 0.7912262398
vn -0.3527850657 -0.07328972778 0.9328297343
vn 0.08422979746 0.6155353917 0.7835952544
vn -0.6092657715 -0.05250122937 0.7912261627
vn 0.08422968694 0.6155354799 0.783595197
vn -0.02714378396 0.7152917209 0.6982986246
vn -0.7991388691 0.2434679402 0.5496366345
vn -0.02714372235 0.7152916219 0.6982987284
vn -0.1793029222 0.7797866878 0.5998192925
vn -0.3153232674 -0.8233669768 -0.4718453757
vn -0.3081632759 -0.8234974153 -0.4763269911
vn -0.213037968 -0.7638289021 -0.6092456258
vn -0.3153232717 -0.8233669752 -0.4718453755
vn -0.3697038448 -0.8661452119 -0.3363205897
vn -0.3081632704 -0.8234974047 -0.476327013
vn 0.08422957257 0.6155354477 0.7835952346
vn -0.3527850915 -0.07328972722 0.9328297246
vn 0.06994177585 0.5681979667 0.8199141532
vn 0.08422991865 0.6155356494 0.783595039
vn 0.157020665 0.761049487 0.6294030419
vn -0.02714410799 0.7152915315 0.6982988059
vn 0.08422980849 0.6155356881 0.7835950204
vn 0.06994180377 0.5681980013 0.8199141269
vn 0.1570205601 0.761049528 0.6294030185
vn 0.06994180495 0.5681979972 0.8199141296
vn 0.04698501483 0.5428770932 0.8384967919
vn 0.1442334985 0.7336877305 0.6640022681
vn 0.1864888654 0.7030692686 0.686232837
vn 0.1442335712 0.7336877364 0.6640022457
vn 0.04698500049 0.5428770903 0.8384967946
vn 0.06994180205 0.5681979953 0.8199141312
vn 0.144233509 0.733687734 0.6640022619
vn 0.1570205652 0.7610495418 0.6294030005
vn -0.2738657958 -0.09887193564 0.9566722878
vn 0.06994176899 0.5681979661 0.8199141542
vn -0.3527850735 -0.07328973273 0.932829731
vn -0.9037347755 -0.03513638207 -0.4266484387
vn -0.8351741775 0.5024761224 0.2236109111
vn -0.839361329 0.5420986234 -0.04002051759
vn -0.839361709 0.542097994 -0.04002107308
vn -0.8351741006 0.5024762177 0.2236109844
vn -0.177667602 0.841276313 0.5105765255
vn -0.8393616834 0.5420980339 -0.04002107096
vn -0.1776674816 0.8412763444 0.5105765156
vn -0.01665232124 0.8942940157 0.4471698936
vn -0.177668051 0.841276392 0.5105762391
vn 0.06521049741 0.7960838718 0.6016627461
vn 0.1918968054 0.819611626 0.539826267
vn 0.06521024773 0.7960839386 0.6016626849
vn 0.1881766131 0.815840693 0.5468030047
vn 0.1918966551 0.8196116815 0.5398262362
vn 0.1793063031 0.822025561 0.540484252
vn 0.1660193194 0.8227626177 0.5435984369
vn 0.1881766373 0.8158406989 0.5468029876
vn -0.06568487169 0.405827728 -0.9115861741
vn -0.111944318 0.5296649359 -0.8407874436
vn -0.121003435 0.3521305255 -0.9280960412
vn -0.1210034434 0.3521305348 -0.9280960366
vn -0.1119443171 0.5296650194 -0.8407873911
vn -0.1362101753 0.5862188447 -0.7986202191
vn -0.1558623599 0.5429485026 -0.825175041
vn -0.1342614755 0.3617056013 -0.9225740697
vn -0.1210034434 0.3521305348 -0.9280960366
vn -0.1558624279 0.542948536 -0.8251750062
vn -0.09880058794 0.371792828 -0.9230430851
vn -0.1342614593 0.3617055927 -0.9225740755
vn -0.1558623599 0.5429485026 -0.825175041
vn -0.1210034434 0.3521305348 -0.9280960366
vn -0.1362101753 0.5862188447 -0.7986202191
vn -0.155862354 0.5429485448 -0.8251750143
vn -0.1362101906 0.5862188109 -0.7986202412
vn -0.1698045284 0.5955661771 -0.7851543484
vn -0.1702164229 0.4730255463 -0.8644496526
vn -0.08135194749 0.3128342575 -0.9463173823
vn -0.09731326256 0.331531892 -0.9384118145
vn -0.1558623994 0.5429486038 -0.825174967
vn -0.1702164331 0.473025499 -0.8644496765
vn -0.09880052356 0.3717930112 -0.9230430182
vn -0.1702164331 0.473025499 -0.8644496765
vn -0.09731326028 0.3315319035 -0.9384118106
vn -0.09880052356 0.3717930112 -0.9230430182
vn -0.155862398 0.5429486109 -0.8251749625
vn -0.1698046254 0.5955663164 -0.7851542217
vn -0.1702164383 0.473025489 -0.8644496809
vn -0.1702164383 0.473025489 -0.8644496809
vn -0.1698046254 0.5955663164 -0.7851542217
vn -0.1804834494 0.5359231798 -0.8247497013
vn -0.1702166538 0.473025541 -0.86444961
vn -0.1804835612 0.5359232054 -0.8247496602
vn -0.2631190425 0.5539463754 -0.7898808661
vn -0.1702165194 0.473025249 -0.8644497963
vn -0.2631188631 0.5539460011 -0.7898811884
vn -0.4113924144 0.3955032217 -0.8211781067
vn -0.4113924144 0.3955032217 -0.8211781067
vn -0.2631188631 0.5539460011 -0.7898811884
vn -0.413276478 0.4008323411 -0.8176404999
vn -0.3861509642 -0.136008374 -0.9123536349
vn -0.3952000846 -0.1455250631 -0.9069946798
vn -0.3976388196 -0.1655237876 -0.9024883627
vn -0.3861519192 -0.1360087008 -0.9123531819
vn -0.3976397253 -0.1655241238 -0.902487902
vn -0.2655923136 -0.3157957095 -0.910897246
vn -0.2417697429 -0.6903947418 -0.6818375847
vn -0.2655919938 -0.315795195 -0.9108975176
vn -0.2723637141 -0.7281730759 -0.6289530815
vn -0.09472820596 0.3600857523 -0.9280974184
vn -0.06017096348 0.2848593485 -0.9566789465
vn -0.08135193293 0.312834233 -0.9463173916
vn -0.17021641 0.47302553 -0.8644496641
vn -0.09472820596 0.3600857523 -0.9280974184
vn -0.08135193293 0.312834233 -0.9463173916
vn -0.1702164045 0.4730255127 -0.8644496746
vn -0.1032030152 0.348215335 -0.9317162755
vn -0.09472820272 0.3600857423 -0.9280974226
vn -0.09472818256 0.3600857567 -0.928097419
vn 0.009280262572 0.2607681048 -0.9653568626
vn -0.06017094277 0.2848593482 -0.9566789479
vn 0.04467336712 0.3065252775 -0.9508136224
vn 0.009280262572 0.2607681048 -0.9653568626
vn -0.09472818256 0.3600857567 -0.928097419
vn 0.04467334387 0.3065252749 -0.9508136243
vn 0.05081293953 0.2435833804 -0.9685479761
vn 0.009280283333 0.2607680965 -0.9653568647
vn 0.04467337619 0.3065252452 -0.9508136324
vn -0.09472818257 0.3600857566 -0.9280974191
vn -0.1032030259 0.348215317 -0.9317162811
vn 0.04467332168 0.3065252569 -0.9508136312
vn -0.1032030085 0.3482153162 -0.9317162833
vn -0.04157310371 0.3153063214 -0.9480789001
vn -0.1702162991 0.4730255243 -0.8644496891
vn -0.4113924868 0.3955033497 -0.8211780089
vn -0.1032030221 0.3482153338 -0.9317162752
vn -0.1820419933 -0.0006169196686 -0.9832905634
vn -0.3861518431 -0.1360085612 -0.9123532349
vn -0.2655920727 -0.3157952583 -0.9108974727
vn -0.1820418829 -0.0006168850695 -0.9832905839
vn -0.2655919878 -0.3157952352 -0.9108975055
vn -0.1966396227 -0.31102412 -0.9298370048
vn -0.2655920039 -0.3157950174 -0.9108975763
vn -0.1631980077 -0.6777217633 -0.7169795129
vn -0.196639647 -0.3110238887 -0.9298370771
vn -0.1820418889 -0.0006168732804 -0.9832905828
vn -0.1966396282 -0.3110241094 -0.9298370072
vn -0.1028522851 -0.3570631259 -0.9284004156
vn -0.1028523168 -0.3570627949 -0.9284005393
vn -0.1966396513 -0.3110238821 -0.9298370784
vn -0.1631980176 -0.6777217534 -0.7169795199
vn -0.1820418859 -0.0006168561218 -0.9832905833
vn -0.1028522424 -0.3570631291 -0.928400419
vn -0.0307930439 -0.08911437319 -0.9955452862
vn -0.1028521195 -0.3570629041 -0.9284005192
vn 0.07052900103 -0.7103134937 -0.7003430593
vn 0.1045065556 -0.4050384528 -0.9083073442
vn -0.03079298395 -0.08911431378 -0.9955452934
vn -0.1028521354 -0.357063086 -0.9284004474
vn 0.1045065584 -0.4050383359 -0.9083073961
vn -0.2240394293 -0.7433766671 -0.6302360391
vn -0.2130379612 -0.7638288873 -0.6092456467
vn -0.1670280631 -0.7538829396 -0.6354228038
vn -0.1978785303 -0.7695507496 -0.6071537952
vn -0.2240394271 -0.7433766696 -0.6302360369
vn -0.1670280638 -0.7538829388 -0.6354228045
vn -0.1978785333 -0.769550742 -0.6071538039
vn -0.167028061 -0.7538829523 -0.6354227892
vn -0.1457637996 -0.7552083219 -0.6390722222
vn -0.1616920724 -0.752562603 -0.6383613415
vn -0.1457638126 -0.7552083226 -0.6390722185
vn -0.1410649533 -0.7561080823 -0.6390627879
vn -0.02916214913 -0.7512741355 -0.6593456926
vn 0.01341793389 -0.7638658444 -0.6452355622
vn 0.001097458294 -0.740724614 -0.6718078906
vn -0.1144284426 -0.7541858951 -0.646614079
vn -0.1365808205 -0.7477312465 -0.6498027874
vn -0.02916211132 -0.7512741264 -0.6593457047
vn -0.1365808069 -0.7477312534 -0.6498027823
vn -0.1410648704 -0.7561080885 -0.6390627989
vn -0.02916209495 -0.7512741331 -0.6593456977
vn -0.0497629821 -0.7642385985 -0.6430108943
vn -0.02916212583 -0.7512741358 -0.6593456933
vn -0.1410648915 -0.7561080884 -0.6390627943
vn -0.1365807652 -0.7477312591 -0.6498027845
vn -0.161692061 -0.7525626007 -0.638361347
vn -0.1410649382 -0.756108079 -0.6390627951
vn -0.03650964059 -0.7651502133 -0.6428158346
vn -0.02916214571 -0.7512741144 -0.6593457169
vn 0.001097456503 -0.7407246254 -0.671807878
vn -0.1144284593 -0.7541859016 -0.6466140685
vn -0.02916211331 -0.7512741266 -0.6593457044
vn -0.03650963671 -0.7651502187 -0.6428158284
vn 0.00321022638 -0.757970039 -0.6522814687
vn -0.03650961537 -0.7651502044 -0.6428158466
vn 0.001097478727 -0.7407246167 -0.6718078876
vn 0.003210257741 -0.7579700312 -0.6522814776
vn 0.001097399985 -0.7407246368 -0.6718078655
vn -0.05280870048 -0.7474768886 -0.6621854289
vn -0.1718929053 -0.7740777217 -0.6093082224
vn -0.2466544297 -0.7757032411 -0.580901088
vn -0.2976204741 -0.8047351246 -0.5136374526
vn -0.1710724301 -0.760873212 -0.6259442298
vn -0.1656830703 -0.7438323709 -0.6475048449
vn -0.1451566615 -0.757443928 -0.6365596905
vn -0.1710724325 -0.7608732177 -0.6259442224
vn -0.1451566629 -0.7574439314 -0.6365596861
vn -0.161692098 -0.7525626009 -0.6383613374
vn -0.2604222271 -0.7286000886 -0.6334999404
vn -0.2734664162 -0.7352608748 -0.6201673687
vn -0.2744944759 -0.7334567958 -0.6218471769
vn -0.2932161258 -0.7700474639 -0.5666138076
vn -0.2139350265 -0.7440865529 -0.632903631
vn -0.2604222037 -0.7286000665 -0.6334999754
vn -0.2604222271 -0.7286000886 -0.6334999404
vn -0.2139349714 -0.744086499 -0.6329037131
vn -0.2734664162 -0.7352608748 -0.6201673687
vn -0.3719116849 0.05539077941 0.9266140298
vn -0.4170976455 0.03429011737 0.9082145903
vn -0.2796457607 0.2349604412 0.9309091468
vn -0.3719116849 0.05539077941 0.9266140298
vn -0.2796457607 0.2349604412 0.9309091468
vn -0.2155694473 0.3129149256 0.9249940879
vn -0.2932161097 -0.7700474551 -0.5666138278
vn -0.2976204687 -0.804735125 -0.513637455
vn -0.2466544214 -0.7757032413 -0.5809010913
vn -0.2932161159 -0.7700474558 -0.5666138237
vn -0.2466544138 -0.7757032397 -0.5809010966
vn -0.213934984 -0.7440865171 -0.6329036875
vn -0.1718929013 -0.7740777203 -0.6093082253
vn -0.2139349867 -0.7440865161 -0.6329036878
vn -0.2466544172 -0.7757032385 -0.5809010968
vn -0.3885405318 -0.08005633721 0.9179472959
vn -0.2385189915 0.1864045036 0.9530802966
vn -0.4211157385 -0.215580111 0.8810146143
vn -0.3885405441 -0.08005636495 0.9179472883
vn -0.3719116715 0.05539080739 0.9266140335
vn -0.21556947 0.3129148861 0.924994096
vn -0.3885405492 -0.08005636287 0.9179472863
vn -0.2155694967 0.312914844 0.924994104
vn -0.2385188886 0.1864046306 0.9530802975
vn -0.2155694233 0.3129149478 0.924994086
vn 0.03981739956 0.5415465522 0.839727281
vn -0.2385186858 0.186404942 0.9530802873
vn -0.2417697523 -0.6903945601 -0.6818377653
vn -0.2139349766 -0.7440865439 -0.6329036585
vn -0.1656830162 -0.7438323848 -0.6475048428
vn -0.2417697552 -0.6903946083 -0.6818377155
vn -0.2734664103 -0.7352607713 -0.620167494
vn -0.2139349723 -0.7440865169 -0.6329036918
vn -0.2417697552 -0.6903946083 -0.6818377155
vn -0.2723637047 -0.7281731633 -0.6289529844
vn -0.2734664103 -0.7352607713 -0.620167494
vn -0.2655920055 -0.3157950682 -0.9108975582
vn -0.2417697679 -0.6903946607 -0.6818376579
vn -0.1631980059 -0.6777217838 -0.7169794939
vn -0.1718928829 -0.7740777275 -0.6093082213
vn -0.1451568472 -0.7574439432 -0.6365596301
vn -0.2139349972 -0.7440865174 -0.6329036827
vn -0.213934955 -0.7440865133 -0.6329037018
vn -0.1451567621 -0.7574439328 -0.6365596618
vn -0.1656830045 -0.7438323685 -0.6475048645
vn -0.2155694236 0.3129148324 0.924994125
vn -0.2796458217 0.2349605978 0.930909089
vn -0.2215913808 0.319883446 0.9211795921
vn -0.2155694026 0.3129149351 0.9249940951
vn -0.2215915569 0.3198835495 0.9211795138
vn -0.2002742927 0.3519074127 0.914358453
vn -0.2155694239 0.3129149214 0.9249940948
vn -0.2002744117 0.3519073358 0.9143584566
vn 0.05992346814 0.6058252301 0.7933378653
vn -0.2155694072 0.3129149882 0.9249940761
vn 0.05992340378 0.6058250658 0.7933379956
vn 0.0398174046 0.5415465843 0.8397272601
vn 0.05992346814 0.6058252301 0.7933378653
vn -0.2002744117 0.3519073358 0.9143584566
vn 0.03698338702 0.6912676481 0.7216517635
vn -0.3112590579 -0.8250577984 -0.4715903183
vn -0.2240393798 -0.7433765652 -0.6302361768
vn -0.1978785026 -0.7695506894 -0.6071538806
vn -0.1718928936 -0.7740776901 -0.6093082658
vn -0.2976204667 -0.8047351065 -0.5136374851
vn -0.1978784856 -0.7695507167 -0.6071538515
vn -0.1718929467 -0.7740777097 -0.609308226
vn -0.1457638116 -0.7552083198 -0.639072222
vn -0.1616920659 -0.7525625861 -0.6383613631
vn -0.1718929376 -0.7740777125 -0.609308225
vn -0.1978785342 -0.7695507403 -0.6071538058
vn -0.1457637989 -0.7552083234 -0.6390722207
vn -0.1718929633 -0.7740777152 -0.6093082142
vn -0.1616920815 -0.7525625916 -0.6383613526
vn -0.145156712 -0.7574439601 -0.6365596408
vn 0.1351695616 0.7384644275 0.6606053882
vn 0.1791697164 0.6856004428 0.7055850378
vn 0.1427789008 0.6645293217 0.7334950348
vn 0.1144587343 0.7213223085 0.6830763687
vn 0.1351695605 0.738464428 0.6606053879
vn 0.1427789087 0.6645293367 0.7334950197
vn -0.2528985606 0.0462565465 0.9663863875
vn 0.03981741685 0.5415465291 0.8397272951
vn 0.06105813191 0.5010737259 0.8632479515
vn 0.03981757311 0.5415467083 0.8397271721
vn 0.1427788966 0.6645293559 0.7334950046
vn 0.06105813669 0.5010737333 0.8632479468
vn -0.2385186954 0.1864049175 0.9530802897
vn 0.03981740334 0.5415465567 0.8397272779
vn -0.2528985414 0.04625655924 0.9663863919
vn 0.06105812655 0.5010737362 0.8632479459
vn 0.1791698777 0.6856005493 0.7055848933
vn 0.0469850064 0.5428770949 0.8384967913
vn 0.06105813267 0.5010737268 0.8632479509
vn 0.142778888 0.6645293141 0.7334950442
vn 0.1791698672 0.6856005621 0.7055848836
vn 0.05992337723 0.6058250446 0.7933380138
vn 0.1427789162 0.6645293601 0.733494997
vn 0.03981757913 0.5415467107 0.8397271703
vn 0.05992332162 0.6058249912 0.7933380588
vn 0.1071013657 0.6584465913 0.7449680422
vn 0.1427788845 0.664529331 0.7334950296
vn 0.1071013586 0.6584465983 0.7449680371
vn 0.1248129066 0.676331541 0.7259458554
vn 0.1427788891 0.6645293392 0.7334950212
vn -0.171072456 -0.7608732148 -0.6259442194
vn -0.1144284649 -0.754185878 -0.646614095
vn -0.1656830359 -0.7438323669 -0.6475048584
vn -0.1011172064 -0.7482829832 -0.6556278575
vn -0.1656830355 -0.7438323659 -0.6475048596
vn -0.1144284676 -0.7541858881 -0.6466140828
vn -0.1011171583 -0.7482829908 -0.6556278563
vn -0.1144284547 -0.7541858901 -0.6466140827
vn 0.003210216323 -0.7579700279 -0.6522814816
vn -0.1011171667 -0.7482829589 -0.6556278915
vn 0.003210214162 -0.75797002 -0.6522814909
vn -0.111110721 -0.6917972793 -0.7134920687
vn 0.003210210319 -0.7579700188 -0.6522814923
vn 0.07052902327 -0.7103135291 -0.7003430211
vn -0.1111107676 -0.6917972595 -0.7134920806
vn -0.241769789 -0.6903945692 -0.6818377431
vn -0.1656830146 -0.7438323844 -0.6475048436
vn -0.1631979743 -0.6777219476 -0.7169793462
vn -0.1028523147 -0.3570627943 -0.9284005398
vn -0.1631979506 -0.6777218324 -0.7169794606
vn -0.1111107223 -0.6917973959 -0.7134919554
vn -0.1011172119 -0.7482829693 -0.6556278726
vn -0.1111107182 -0.6917972792 -0.7134920691
vn -0.1656830283 -0.7438323845 -0.6475048401
vn -0.1631979485 -0.6777219252 -0.7169793732
vn -0.1656830306 -0.7438323975 -0.6475048246
vn -0.1111107224 -0.6917972911 -0.713492057
vn 0.05992335568 0.6058250981 0.7933379746
vn 0.0369834832 0.6912677577 0.7216516536
vn 0.04741633475 0.7301383263 0.6816521955
vn 0.05992335568 0.6058250981 0.7933379746
vn 0.04741633475 0.7301383263 0.6816521955
vn 0.1181092824 0.6456052349 0.7544826559
vn 0.1181092871 0.6456052249 0.7544826637
vn 0.04741633493 0.7301383255 0.6816521964
vn 0.05889662044 0.788512877 0.612191662
vn -0.1028522228 -0.357062783 -0.9284005543
vn -0.11111071 -0.6917973917 -0.7134919614
vn 0.07052902093 -0.7103135118 -0.7003430389
vn 0.04730664952 0.7924059252 0.6081569951
vn 0.05889670086 0.7885129185 0.6121916007
vn 0.05058745175 0.7998306485 0.5980901633
vn 0.04730669553 0.7924060754 0.6081567958
vn 0.05058745621 0.7998306315 0.5980901857
vn 0.04868966537 0.8392394785 0.5415777084
vn 0.04730666536 0.7924060671 0.6081568089
vn 0.04868992249 0.8392395471 0.541577579
vn 0.2201156933 0.8936421699 0.3910917459
vn 0.04730664952 0.7924059252 0.6081569951
vn 0.1181092909 0.6456052278 0.7544826607
vn 0.05889670086 0.7885129185 0.6121916007
vn 0.04730660161 0.7924058863 0.6081570495
vn 0.1961689105 0.7003988866 0.6862646416
vn 0.1181093316 0.6456052693 0.7544826188
vn 0.2888386006 0.7766128534 0.5598613567
vn 0.1961688833 0.7003988969 0.6862646387
vn 0.04730657197 0.7924058846 0.608157054
vn -0.1710724502 -0.7608732197 -0.625944215
vn -0.1616920567 -0.7525625957 -0.6383613541
vn -0.1365807583 -0.7477312508 -0.6498027955
vn -0.1710724546 -0.7608732201 -0.6259442134
vn -0.1365807872 -0.7477312541 -0.6498027856
vn -0.1144284614 -0.754185891 -0.6466140804
vn 0.1248129675 0.6763315059 0.7259458776
vn 0.1144587335 0.7213223094 0.6830763679
vn 0.1427789328 0.6645293125 0.7334950369
vn 0.1248129733 0.6763315053 0.7259458772
vn 0.2363465762 0.7115365088 0.6617069537
vn 0.1144587881 0.7213223092 0.6830763589
vn 0.1144587801 0.7213223007 0.6830763692
vn 0.236346587 0.7115365195 0.6617069384
vn 0.2113182817 0.744580743 0.6332014694
vn -0.1144284551 -0.7541858874 -0.6466140858
vn -0.03650962912 -0.7651501935 -0.6428158588
vn 0.003210216979 -0.7579700255 -0.6522814844
vn 0.3987327908 0.7129175907 0.5768541154
vn 0.236346535 0.7115365256 0.6617069503
vn 0.1961688713 0.700398975 0.6862645625
vn 0.2363465718 0.7115365167 0.6617069467
vn 0.3153458174 0.7271213363 0.6097963411
vn 0.2113182352 0.7445807344 0.6332014951
vn 0.3153458219 0.7271213629 0.6097963071
vn 0.3218841531 0.7408776517 0.5894835851
vn 0.2113182396 0.7445807597 0.6332014639
vn 0.3987327286 0.7129176 0.5768541469
vn 0.321884086 0.7408776442 0.5894836312
vn 0.315345775 0.7271213568 0.6097963387
vn 0.3987327228 0.7129175908 0.5768541623
vn 0.429543581 0.7113382615 0.5563184247
vn 0.3218841311 0.7408776783 0.5894835638
vn 0.3987326967 0.7129176138 0.5768541518
vn 0.3153458262 0.7271213384 0.6097963342
vn 0.2363465841 0.7115365209 0.6617069379
vn 0.05992332877 0.6058249545 0.7933380863
vn 0.1248129058 0.6763314988 0.7259458949
vn 0.1071013601 0.6584466212 0.7449680165
vn 0.05992338626 0.6058249928 0.7933380527
vn 0.1181092424 0.6456053696 0.7544825469
vn 0.1248129636 0.6763315333 0.7259458528
vn 0.118109236 0.6456053655 0.7544825515
vn 0.1961688186 0.700398978 0.6862645745
vn 0.1248129718 0.6763315385 0.7259458465
vn 0.1961688517 0.7003989706 0.6862645726
vn 0.2363465612 0.7115365246 0.661706942
vn 0.1248129351 0.6763315457 0.7259458461
vn 0.3987327845 0.712917546 0.576854175
vn 0.1961688602 0.7003989251 0.6862646166
vn 0.2888386372 0.7766128273 0.559861374
vn 0.04467333579 0.3065252973 -0.9508136175
vn 0.08629818968 0.2435308808 -0.9660462373
vn 0.05081294917 0.2435833697 -0.9685479783
vn 0.04467333579 0.3065252973 -0.9508136175
vn 0.1174942707 0.3225602275 -0.9392284046
vn 0.08629818968 0.2435308808 -0.9660462373
vn 0.04467342365 0.3065253397 -0.9508135997
vn -0.04157307424 0.3153063567 -0.9480788896
vn 0.1220420102 0.3764978232 -0.9183436921
vn 0.0446733357 0.3065252974 -0.9508136174
vn 0.1220420598 0.3764978458 -0.9183436763
vn 0.1174942844 0.3225602131 -0.9392284078
vn 0.1174943407 0.3225601887 -0.9392284091
vn 0.07851404048 0.2742916988 -0.9584360226
vn 0.0862982503 0.2435308447 -0.966046241
vn 0.1174943436 0.3225601332 -0.9392284278
vn 0.07046507985 0.3504099392 -0.9339419399
vn 0.07851403648 0.2742917677 -0.9584360032
vn 0.1174943436 0.3225601332 -0.9392284278
vn 0.1185736647 0.5539408671 -0.8240690516
vn 0.07046507985 0.3504099392 -0.9339419399
vn 0.1220420778 0.3764978064 -0.91834369
vn 0.1195967116 0.5449482171 -0.8298964196
vn 0.1174943174 0.3225601476 -0.9392284262
vn -0.03079302293 -0.08911434869 -0.9955452891
vn 0.1045065466 -0.4050383637 -0.908307385
vn 0.2903450799 -0.1636181606 -0.9428302244
vn 0.290345056 -0.163618138 -0.9428302357
vn 0.4319041464 -0.2711035681 -0.8602102439
vn 0.4095052829 -0.1780911295 -0.8947563762
vn 0.2903450866 -0.1636181921 -0.9428302169
vn 0.1045065155 -0.4050382575 -0.9083074359
vn 0.289994051 -0.3586517255 -0.8872837146
vn 0.290345056 -0.163618138 -0.9428302357
vn 0.2899940263 -0.358651679 -0.8872837415
vn 0.4319041464 -0.2711035681 -0.8602102439
vn 0.9166433983 0.2273851801 -0.3287261173
vn 0.828513312 0.3959012175 -0.3960150475
vn 0.8288835621 0.2024888384 -0.5214885529
vn 0.9166434035 0.2273851008 -0.3287261576
vn 0.7031517727 0.7108601973 0.01598012757
vn 0.8285134527 0.3959002029 -0.3960157675
vn 0.122042061 0.3764976704 -0.918343748
vn 0.13904363 0.5613029591 -0.8158467117
vn 0.1195967022 0.5449481356 -0.8298964744
vn 0.07046508547 0.3504098618 -0.9339419685
vn 0.1124579994 0.5687532165 -0.8147840064
vn 0.06305452607 0.388629463 -0.9192340655
vn 0.1185736647 0.5539408671 -0.8240690516
vn 0.1124580134 0.5687531346 -0.8147840617
vn 0.07046507985 0.3504099392 -0.9339419399
vn 0.1174943174 0.3225601476 -0.9392284262
vn 0.1195967116 0.5449482171 -0.8298964196
vn 0.118573675 0.5539408593 -0.8240690554
vn 0.06305451803 0.3886294642 -0.9192340656
vn 0.1047911155 0.5364769417 -0.8373836117
vn 0.07539103142 0.4257035933 -0.9017164981
vn 0.06305451803 0.3886294642 -0.9192340656
vn 0.1131342024 0.5750855389 -0.8102328525
vn 0.1047911155 0.5364769417 -0.8373836117
vn 0.1124579994 0.5687532165 -0.8147840064
vn 0.1112957242 0.5724395163 -0.8123584566
vn 0.06305452607 0.388629463 -0.9192340655
vn 0.06305451803 0.3886294642 -0.9192340656
vn 0.1112957318 0.5724395188 -0.8123584538
vn 0.1131342024 0.5750855389 -0.8102328525
vn 0.1131342149 0.5750855458 -0.8102328458
vn 0.1105074789 0.5707181591 -0.8136761518
vn 0.1047911273 0.5364769422 -0.8373836099
vn 0.003210246561 -0.7579700314 -0.6522814775
vn -0.05280875047 -0.7474768887 -0.6621854248
vn 0.0338932733 -0.7657911707 -0.6421955535
vn 0.7751492306 -0.4358747947 -0.4573366742
vn 0.5743139322 -0.6114707549 -0.5443041642
vn 0.9806807656 0.1872207664 0.05668880551
vn 0.9806807719 0.1872207417 0.05668877797
vn 0.5743135875 -0.6114709567 -0.5443043012
vn 0.9978834248 0.06259717767 -0.01761430773
vn 0.3987327307 0.7129175884 0.5768541598
vn 0.9978835221 0.06259515368 -0.01761599149
vn 0.4295429791 0.7113384634 0.5563186314
vn 0.003210252539 -0.7579700212 -0.6522814893
vn 0.03389325178 -0.7657912034 -0.6421955157
vn 0.1370612382 -0.7213930793 -0.6788271076
vn 0.003210229079 -0.7579700138 -0.652281498
vn 0.1370612028 -0.7213930702 -0.6788271245
vn 0.07052904908 -0.7103135199 -0.7003430279
vn 0.7751492674 -0.4358748559 -0.4573365535
vn 0.9472424323 0.3204006523 -0.008671589099
vn 0.7139934542 -0.437915217 -0.5462999269
vn 0.7751493286 -0.4358747333 -0.4573365668
vn 0.980680779 0.1872207296 0.05668869501
vn 0.9472424919 0.3204004734 -0.008671690822
vn 0.1045065191 -0.4050383808 -0.9083073806
vn 0.07052900584 -0.7103135104 -0.7003430419
vn 0.289994092 -0.3586518059 -0.8872836687
vn 0.07052905748 -0.7103134915 -0.7003430558
vn 0.1370611788 -0.7213931458 -0.678827049
vn 0.289994079 -0.3586518181 -0.887283668
vn 0.7139934192 -0.4379152736 -0.5462999272
vn 0.9472424934 0.3204004688 -0.008671694705
vn 0.9166433339 0.2273847013 -0.3287266282
vn 0.2888386689 0.7766129051 0.5598612498
vn 0.2201155395 0.8936421065 0.3910919773
vn 0.2441558911 0.8878147718 0.3900933629
vn 0.2888381434 0.7766128855 0.5598615481
vn 0.2441541049 0.8878146563 0.3900947438
vn 0.5590578108 0.8210131626 0.1157227335
vn 0.9166433828 0.2273849096 -0.3287263478
vn 0.5978974075 0.7859315635 0.1575762277
vn 0.7031510641 0.7108608687 0.01598144182
vn 0.9166433828 0.2273849096 -0.3287263478
vn 0.9472428004 0.320399541 -0.008672439351
vn 0.5978974075 0.7859315635 0.1575762277
vn 0.9472426638 0.3203999678 -0.008671589042
vn 0.559058395 0.8210129533 0.1157213958
vn 0.5978975667 0.7859314393 0.157576243
vn 0.2888381434 0.7766128855 0.5598615481
vn 0.5590578108 0.8210131626 0.1157227335
vn 0.9472428984 0.3203992406 -0.008672831838
vn 0.9806809696 0.1872199564 0.05668795092
vn 0.2888381072 0.7766128996 0.5598615472
vn 0.9472428694 0.3203993265 -0.008672825893
vn 0.2888385867 0.7766128454 0.5598613749
vn 0.04730666536 0.7924060671 0.6081568089
vn 0.2201156933 0.8936421699 0.3910917459
vn 0.9806809478 0.1872200202 0.05668811704
vn 0.39873292 0.7129175075 0.5768541289
vn 0.2888382452 0.7766129158 0.5598614534
vn 0.9806809678 0.1872199309 0.05668806586
vn 0.9978835131 0.06259531387 -0.01761592777
vn 0.398732748 0.7129175698 0.5768541707
vn -0.05743596641 -0.8054679945 -0.5898494889
vn -0.1809697739 -0.8006869448 -0.5710957515
vn -0.08372522594 -0.790784416 -0.6063415655
vn -0.1763391418 -0.7820192677 -0.5977878989
vn -0.189536025 -0.7910184923 -0.5816922211
vn -0.1809697975 -0.8006869243 -0.5710957727
vn -0.1763391257 -0.782019277 -0.5977878915
vn -0.180969776 -0.8006869366 -0.5710957624
vn -0.1436470108 -0.8039595266 -0.5770741858
vn -0.2105198974 -0.7913419443 -0.5739854528
vn -0.1809697822 -0.8006869398 -0.5710957558
vn -0.1895360328 -0.7910184839 -0.5816922299
vn -0.05743596638 -0.8054679954 -0.5898494877
vn -0.1436469676 -0.8039595163 -0.5770742108
vn -0.1809697714 -0.8006869356 -0.5710957652
vn -0.05743597752 -0.8054679838 -0.5898495024
vn -0.1431902812 -0.7798678841 -0.6093460648
vn -0.1436469704 -0.8039595133 -0.5770742143
vn -0.04976296211 -0.7642385999 -0.6430108941
vn 0.04669699907 -0.7815542351 -0.6220871063
vn 0.01341791695 -0.7638658336 -0.6452355754
vn -0.04976297704 -0.7642386031 -0.6430108893
vn -0.05562212515 -0.7860327253 -0.6156774593
vn 0.04669698858 -0.781554238 -0.6220871035
vn 0.05872725951 -0.7797918322 -0.6232782745
vn -0.06000688164 -0.7644942377 -0.641831547
vn 0.01341810652 -0.7638658251 -0.6452355815
vn -0.05743594051 -0.8054679802 -0.589849511
vn -0.08372520864 -0.7907844074 -0.606341579
vn 0.04541339583 -0.7708409709 -0.6354068154
vn -0.05743593962 -0.8054679749 -0.5898495184
vn 0.04541339551 -0.7708409716 -0.6354068146
vn 0.04669699822 -0.781554219 -0.6220871267
vn 0.05872712984 -0.7797918785 -0.6232782288
vn 0.04541340615 -0.7708409714 -0.6354068141
vn 0.06335767128 -0.7466593604 -0.6621824559
vn 0.6412065202 -0.4781121677 -0.6002190879
vn 0.8833096139 0.3548371554 -0.3063571757
vn 0.9521861303 0.2463638836 -0.180683176
vn 0.05872713814 -0.7797918454 -0.6232782694
vn 0.04669698855 -0.7815542233 -0.622087122
vn 0.04541340769 -0.770840966 -0.6354068205
vn 0.3411504178 0.8409926368 0.4199378256
vn 0.3978392832 0.7886363059 0.4688034574
vn 0.9521861488 0.2463636293 -0.1806834254
vn -0.05743593816 -0.8054679885 -0.5898494999
vn 0.04669699955 -0.7815542351 -0.6220871062
vn -0.0556221461 -0.7860327289 -0.6156774529
vn -0.05743596144 -0.8054679906 -0.5898494947
vn -0.05562216496 -0.7860327308 -0.6156774487
vn -0.1431902954 -0.7798678763 -0.6093460715
vn 0.1504247155 0.8245269581 0.5454609979
vn 0.1652041853 0.7964503735 0.5816995614
vn 0.1738445979 0.8297422698 0.5303827122
vn 0.2140202498 0.8035003449 0.5555020508
vn 0.1738446068 0.8297422712 0.5303827072
vn 0.165204174 0.7964503713 0.5816995675
vn 0.05872713668 -0.7797918439 -0.6232782714
vn 0.01341797082 -0.7638658351 -0.6452355725
vn 0.046697 -0.7815542351 -0.6220871062
vn 0.6412066981 -0.4781119596 -0.6002190637
vn 0.9521860635 0.2463643164 -0.1806829378
vn 0.5122138926 -0.6051744487 -0.609426628
vn 0.9845687583 0.112398002 -0.1341307175
vn 0.3978390674 0.7886363455 0.468803574
vn 0.4204219697 0.7381433253 0.5276265712
vn 0.3411503846 0.8409926347 0.4199378567
vn 0.214020333 0.8035003514 0.5555020094
vn 0.3978391229 0.7886363361 0.4688035428
vn -0.04839946596 -0.7453089824 -0.6649601585
vn -0.1602107873 -0.7430036595 -0.6498292589
vn -0.2227444897 -0.7380543294 -0.6369149858
vn -0.04839946763 -0.7453089832 -0.6649601575
vn 0.01920179181 -0.7245789911 -0.6889242171
vn -0.1602107805 -0.7430036535 -0.6498292674
vn -0.2105199142 -0.7913419684 -0.5739854134
vn -0.2227444561 -0.7380543634 -0.6369149581
vn -0.1602107761 -0.7430036668 -0.6498292532
vn -0.08372520583 -0.7907844017 -0.6063415868
vn -0.1602107794 -0.7430036828 -0.6498292341
vn 0.01920179199 -0.7245790092 -0.688924198
vn -0.08372522187 -0.7907844206 -0.60634156
vn -0.1809697437 -0.8006869753 -0.5710957183
vn -0.1602107763 -0.7430036792 -0.649829239
vn 0.1632828442 0.8395617771 0.5181454768
vn 0.1797209911 0.8361812328 0.5181711216
vn 0.2716706669 0.839836224 0.4699682601
vn -0.2227445235 -0.7380543454 -0.6369149554
vn -0.3542942296 -0.6317120533 -0.6895037931
vn -0.1704839254 -0.6007727296 -0.7810296784
vn -0.354294244 -0.6317120537 -0.6895037853
vn -0.3196628324 -0.4999398359 -0.804907345
vn -0.1704839799 -0.600772693 -0.7810296947
vn -0.04839946691 -0.7453089798 -0.6649601614
vn -0.2227444713 -0.7380543809 -0.6369149326
vn -0.1704838861 -0.6007727585 -0.7810296647
vn -0.3196630027 -0.4999396762 -0.8049073766
vn -0.289266466 -0.4611285983 -0.8388595397
vn -0.14698244 -0.4317057985 -0.8899585754
vn -0.4032505706 0.262366822 -0.8766713341
vn -0.3598675044 0.7865421316 -0.5018434562
vn -0.1119840767 -0.01353182766 -0.9936178623
vn -0.3598675884 0.7865418731 -0.5018438012
vn 0.1202991934 0.9282609984 0.3519369587
vn 0.1308668348 0.86912911 0.4769575051
vn -0.3196628895 -0.4999397646 -0.8049073666
vn -0.146982553 -0.4317056953 -0.8899586068
vn -0.1704839806 -0.6007726451 -0.7810297314
vn -0.3598674682 0.7865422389 -0.501843314
vn 0.006390919721 0.8403787896 -0.5419618494
vn -0.1119840326 -0.01353134858 -0.9936178738
vn -0.3598675209 0.7865419665 -0.5018437031
vn 0.1308663796 0.8691294477 0.4769570147
vn 0.006391249748 0.8403795237 -0.5419607072
vn 0.1202986953 0.9282612947 0.3519363474
vn 0.06205146217 0.8984564461 0.4346557609
vn 0.1308660431 0.8691298059 0.4769564542
vn 0.2206172751 0.8502164052 0.4779749807
vn 0.1308661058 0.8691298579 0.4769563424
vn 0.1377317461 0.8564639134 0.4974932473
vn -0.04839946483 -0.7453089757 -0.6649601662
vn -0.1704838854 -0.6007727509 -0.7810296707
vn -0.04830594231 -0.7218655951 -0.6903452749
vn -0.1704838914 -0.6007726255 -0.7810297659
vn -0.1469824913 -0.4317056617 -0.8899586333
vn -0.04830594789 -0.7218656443 -0.690345223
vn -0.1119840905 -0.01353156002 -0.9936178644
vn 0.006390914914 0.8403786591 -0.5419620518
vn 0.3859540623 0.04013534266 -0.9216445172
vn 0.2206172795 0.8502166124 0.4779746102
vn 0.006391191735 0.8403794537 -0.5419608163
vn 0.130866108 0.8691298223 0.4769564066
vn 0.006391016846 0.8403789104 -0.5419616609
vn 0.5470564644 0.714262546 -0.43652977
vn 0.3859540743 0.04013537777 -0.9216445106
vn 0.2206173784 0.8502165505 0.4779746747
vn 0.5470564559 0.7142630632 -0.4365289344
vn 0.006390934963 0.8403794235 -0.5419608663
vn 0.1632828127 0.8395617799 0.5181454822
vn 0.2206173038 0.8502164027 0.477974972
vn 0.1377317087 0.8564639138 0.497493257
vn 0.1632827268 0.8395617925 0.5181454889
vn 0.1377316758 0.8564639173 0.4974932601
vn 0.2013966234 0.8217458157 0.5330789945
vn 0.1308661144 0.8691298268 0.4769563966
vn 0.06205139292 0.898456401 0.434655864
vn 0.1377317531 0.8564638728 0.4974933154
vn 0.1632828119 0.8395617792 0.5181454836
vn 0.2716706277 0.8398362306 0.4699682711
vn 0.220617297 0.8502164002 0.4779749796
vn -0.04839946151 -0.7453089834 -0.6649601577
vn 0.03210837918 -0.7211016053 -0.692084913
vn 0.01920180801 -0.7245789904 -0.6889242173
vn -0.0837252087 -0.7907843989 -0.6063415901
vn 0.0192017925 -0.7245790083 -0.688924199
vn 0.04541339555 -0.7708409738 -0.6354068119
vn 0.04541340633 -0.7708409646 -0.6354068223
vn 0.01920180711 -0.7245789982 -0.6889242092
vn 0.03210838563 -0.7211015882 -0.6920849305
vn 0.6080912582 -0.3770717817 -0.6985999522
vn 0.6359249742 -0.1514702148 -0.7567405112
vn 0.7812175245 0.5626115505 -0.2704947736
vn 0.8833097447 0.3548355022 -0.3063587135
vn 0.7812179189 0.562610314 -0.2704962067
vn 0.271670522 0.8398362639 0.4699682726
vn 0.04541340523 -0.7708409715 -0.635406814
vn 0.03210838557 -0.7211015959 -0.6920849225
vn 0.06335765015 -0.74665936 -0.6621824584
vn 0.6080910268 -0.3770721068 -0.6985999781
vn 0.7812174345 0.5626118576 -0.2704943949
vn 0.8833095288 0.3548374827 -0.3063570419
vn 0.8833097058 0.3548356917 -0.3063586062
vn 0.2716706104 0.8398362168 0.4699683057
vn 0.3411503178 0.8409926715 0.4199378373
vn -0.04839946115 -0.7453089851 -0.6649601559
vn -0.04830595733 -0.7218655574 -0.6903453133
vn 0.03210837466 -0.7211015971 -0.6920849218
vn 0.7812175481 0.5626114312 -0.2704949538
vn 0.3859540536 0.04013548174 -0.9216445148
vn 0.5470565682 0.7142624371 -0.4365298181
vn 0.6359250477 -0.1514700073 -0.7567404909
vn 0.3859540378 0.04013541962 -0.9216445241
vn 0.7812174061 0.5626118297 -0.270494535
vn 0.7812176853 0.5626104609 -0.2704965757
vn 0.5470564913 0.7142630965 -0.4365288356
vn 0.2206173804 0.850216503 0.4779747582
vn 0.2716707637 0.8398362513 0.4699681555
vn 0.7812179628 0.5626102141 -0.2704962875
vn 0.2206174654 0.8502164361 0.4779748379
vn -0.2105199165 -0.791341968 -0.573985413
vn -0.1602107915 -0.7430036647 -0.6498292518
vn -0.1809697838 -0.8006869418 -0.5710957525
vn 0.1632827715 0.8395617712 0.5181455094
vn 0.2013966478 0.8217458028 0.5330790053
vn 0.1624060432 0.8355242609 0.5249033117
vn 0.1632827694 0.8395617718 0.518145509
vn 0.1624061074 0.8355242422 0.5249033216
vn 0.1797209936 0.8361812329 0.5181711206
vn 0.1660193386 0.8227626231 0.5435984228
vn 0.1797210066 0.8361812425 0.5181711006
vn 0.162406094 0.8355242321 0.5249033417
vn 0.1660193376 0.8227626248 0.5435984205
vn 0.1738445949 0.8297422715 0.5303827106
vn 0.1797210129 0.8361812326 0.5181711143
vn 0.1504247335 0.8245269432 0.5454610155
vn 0.1738445995 0.8297422686 0.5303827137
vn 0.1660193445 0.8227626204 0.5435984251
vn 0.1738446335 0.8297422713 0.5303826983
vn 0.2716706669 0.8398362244 0.4699682595
vn 0.1797209913 0.8361812332 0.5181711209
vn 0.341150363 0.8409926699 0.4199378038
vn 0.2716706029 0.8398362163 0.4699683109
vn 0.1738446657 0.8297422792 0.5303826754
vn 0.6412064291 -0.4781123096 -0.6002190723
vn 0.6080907887 -0.3770723854 -0.6986000349
vn 0.8833095216 0.3548375788 -0.3063569516
vn 0.8833097255 0.3548356419 -0.3063586071
vn 0.3411504277 0.8409926221 0.4199378469
vn 0.9521861815 0.2463635278 -0.1806833914
vn 0.3411503577 0.840992654 0.4199378399
vn 0.1738446679 0.8297422809 0.530382672
vn 0.2140203262 0.8035003559 0.5555020055
vn 0.9845687705 0.112398018 -0.1341306147
vn 0.9521861615 0.2463635336 -0.1806834889
vn 0.3978391541 0.7886363413 0.4688035076
vn 0.512213967 -0.6051744833 -0.609426531
vn 0.9521861691 0.2463636123 -0.1806833414
vn 0.984568766 0.1123961675 -0.1341321982
vn -0.1670280457 -0.7538829316 -0.6354228178
vn -0.1763391428 -0.7820192573 -0.5977879122
vn -0.1431902706 -0.7798678861 -0.6093460648
vn -0.1763391455 -0.7820192611 -0.5977879064
vn -0.1436470141 -0.8039595241 -0.5770741884
vn -0.1431902673 -0.7798678804 -0.6093460728
vn -0.2130379533 -0.7638288861 -0.609245651
vn -0.1763391425 -0.7820192562 -0.5977879137
vn -0.1670280511 -0.7538829373 -0.6354228097
vn 0.1864888854 0.7030692866 0.6862328132
vn 0.1840084789 0.7484522375 0.6371500043
vn 0.1909420116 0.7886963017 0.5843794075
vn -0.1457638023 -0.7552083255 -0.6390722174
vn -0.1670280456 -0.7538829312 -0.6354228183
vn -0.1431902862 -0.7798678594 -0.6093460952
vn -0.1457638079 -0.7552083188 -0.639072224
vn -0.1431902637 -0.7798678851 -0.6093460676
vn -0.1410649509 -0.7561080804 -0.6390627906
vn 0.1351695611 0.7384644272 0.6606053886
vn 0.1742355566 0.7708488122 0.6127267576
vn 0.1840084906 0.7484522225 0.6371500185
vn 0.1909420202 0.7886962965 0.5843794117
vn 0.166019323 0.8227626112 0.5435984455
vn 0.1793063077 0.8220255524 0.5404842636
vn 0.1504247696 0.8245269287 0.5454610276
vn 0.1660193 0.822762639 0.5435984105
vn 0.1909420025 0.7886963201 0.5843793856
vn 0.1504247565 0.8245269415 0.5454610118
vn 0.1909420147 0.7886963067 0.5843793997
vn 0.1652041941 0.7964503697 0.5816995641
vn 0.1840084817 0.7484522364 0.6371500047
vn 0.1652041964 0.7964503706 0.5816995623
vn 0.190942009 0.7886963026 0.5843794071
vn -0.04976297156 -0.764238602 -0.6430108909
vn -0.1410648953 -0.7561080868 -0.6390627953
vn -0.1431903039 -0.7798678804 -0.6093460642
vn -0.04976297108 -0.7642386021 -0.6430108908
vn -0.1431903103 -0.7798678782 -0.6093460656
vn -0.05562214909 -0.786032728 -0.6156774538
vn 0.001097388955 -0.7407246209 -0.671807883
vn 0.01341807452 -0.7638658288 -0.6452355779
vn -0.06000686568 -0.7644942364 -0.6418315501
vn -0.04976297227 -0.7642385994 -0.643010894
vn 0.01341789808 -0.7638658326 -0.645235577
vn -0.02916214779 -0.7512741352 -0.659345693
vn 0.1840084759 0.7484522252 0.6371500195
vn 0.1742356018 0.7708488062 0.6127267523
vn 0.1652041937 0.7964503655 0.5816995699
vn 0.1742356426 0.7708487931 0.6127267572
vn 0.2683082499 0.7665770735 0.58341261
vn 0.1652041675 0.7964503733 0.5816995667
vn 0.3218842096 0.7408776528 0.589483553
vn 0.2683082498 0.7665770722 0.5834126117
vn 0.1742357007 0.7708487984 0.6127267341
vn 0.4295435794 0.7113382638 0.556318423
vn 0.4204220659 0.7381433021 0.527626527
vn 0.3218841373 0.74087767 0.5894835708
vn 0.2113182423 0.7445807557 0.6332014677
vn 0.3218841545 0.7408776482 0.5894835888
vn 0.1742356811 0.7708487945 0.6127267445
vn 0.3218841279 0.7408776675 0.589483579
vn 0.4204220647 0.7381433019 0.5276265283
vn 0.2683082967 0.7665770658 0.5834125984
vn 0.268308225 0.766577078 0.5834126154
vn 0.2140202364 0.8035003494 0.5555020494
vn 0.1652041674 0.7964503733 0.5816995667
vn 0.268308295 0.7665770731 0.5834125897
vn 0.3978390998 0.7886363338 0.4688035662
vn 0.2140203181 0.8035003476 0.5555020206
vn 0.4204220648 0.738143302 0.5276265282
vn 0.3978391105 0.7886363386 0.468803549
vn 0.2683082944 0.766577068 0.5834125967
vn 0.1864888854 0.7030692897 0.68623281
vn 0.1791697571 0.685600432 0.7055850379
vn 0.1840084794 0.7484522298 0.6371500131
vn 0.1864888591 0.7030692728 0.6862328344
vn 0.04698500632 0.5428770868 0.8384967966
vn 0.179169879 0.6856005209 0.7055849206
vn 0.1864888846 0.7030692866 0.6862328134
vn 0.1909420414 0.7886963018 0.5843793976
vn 0.1442335263 0.7336876917 0.664002305
vn 0.1351695606 0.7384644271 0.6606053889
vn 0.1840085085 0.7484522197 0.6371500166
vn 0.179169717 0.6856004471 0.7055850335
vn 0.1144587812 0.7213223005 0.6830763693
vn 0.2113182543 0.7445807487 0.6332014719
vn 0.1351695635 0.7384644273 0.660605388
vn 0.2113183155 0.7445807429 0.6332014584
vn 0.1742356514 0.7708488027 0.6127267427
vn 0.1351695635 0.7384644269 0.6606053885
vn 0.5743134132 -0.6114711032 -0.5443043206
vn 0.5122139636 -0.6051744831 -0.6094265341
vn 0.9845687607 0.1123964661 -0.1341319867
vn 0.001097402755 -0.7407246286 -0.6718078746
vn -0.06000684255 -0.7644942492 -0.6418315369
vn -0.05280869722 -0.7474768786 -0.6621854404
vn 0.5743134975 -0.6114710435 -0.5443042987
vn 0.9845687569 0.1123965809 -0.1341319188
vn 0.9978834203 0.06259725744 -0.01761427761
vn 0.9978835154 0.06259524121 -0.01761605897
vn 0.9845687605 0.112397965 -0.1341307321
vn 0.4204219704 0.738143325 0.5276265711
vn 0.9978835225 0.06259514305 -0.01761600229
vn 0.4204219645 0.7381433335 0.5276265639
vn 0.4295429946 0.71133846 0.5563186238
vn 0 -1 0
vn 0 -1 0
vn 0 -1 0
vn -1 0 -0
vn -1 0 -0
vn -1 0 -0
vn 0 -1 0
vn 0 -1 0
vn 0 -1 0
vn -1 0 -0
vn -1 0 -0
vn -1 0 -0
vn -1 0 -0
vn -1 0 -0
vn -1 0 -0
vn 0 -0 1
vn 0 -0 1
vn 0 -0 1
vn 0 -0 1
vn 0 -0 1
vn 0 -0 1
vn 0 -1 0
vn 0 -1 0
vn 0 -1 0
vn 0 -0 1
vn 0 -0 1
vn 0 -0 1
vn 0 -1 0
vn 0 -1 0
vn 0 -1 0
vn 0 -1 0
vn 0 -1 0
vn 0 -1 0
vn 0 -0 1
vn 0 -0 1
vn 0 -0 1
vn 0 -0 1
vn 0 -0 1
vn 0 -0 1
vn 0 -0 1
vn 0 -0 1
vn 0 -0 1
vn 0 -1 0
vn 0 -1 0
vn 0 -1 0
vn 0 -0 1
vn 0 -0 1
vn 0 -0 1
vn 0 -1 0
vn 0 -1 0
vn 0 -1 0
vn 0 -1 0
vn 0 -1 0
vn 0 -1 0
vn 0 -0 1
vn 0 -0 1
vn 0 -0 1
vn 0 -0 1
vn 0 -0 1
vn 0 -0 1
vn 0 -1 0
vn 0 -1 0
vn 0 -1 0
vn 0 -0 1
vn 0 -0 1
vn 0 -0 1
vn 0 -1 -0
vn 0 -1 -0
vn 0 -1 -0
vn 0 -1 0
vn 0 -1 0
vn 0 -1 0
vn -0 -1 -0
vn -0 -1 -0
vn -0 -1 -0
vn 0 -1 0
vn 0 -1 0
vn 0 -1 0
vn 0 -1 0
vn 0 -1 0
vn 0 -1 0
vn 0 -1 -0
vn 0 -1 -0
vn 0 -1 -0
vn 0 -1 -0
vn 0 -1 -0
vn 0 -1 -0
vn 0 0 1
vn 0 0 1
vn 0 0 1
vn 0 -1 -0
vn 0 -1 -0
vn 0 -1 -0
vn 0 0 1
vn 0 0 1
vn 0 0 1
vn 0 -1 0
vn 0 -1 0
vn 0 -1 0
vn 0 -1 0
vn 0 -1 0
vn 0 -1 0
vn 0 -1 0
vn 0 -1 0
vn 0 -1 0
vn 0 0 1
vn 0 0 1
vn 0 0 1
vn -0 0 1
vn -0 0 1
vn -0 0 1
vn 0 -0 1
vn 0 -0 1
vn 0 -0 1
vn 0 -0 1
vn 0 -0 1
vn 0 -0 1
vn 0 -0 1
vn 0 -0 1
vn 0 -0 1
vn -0 -0 1
vn -0 -0 1
vn -0 -0 1
vn -0 -0 1
vn -0 -0 1
vn -0 -0 1
vn 0 0 1
vn 0 0 1
vn 0 0 1
vn 0 -0 1
vn 0 -0 1
vn 0 -0 1
vn 0 -0 1
vn 0 -0 1
vn 0 -0 1
vn -0 0 1
vn -0 0 1
vn -0 0 1
vn 0 -0 1
vn 0 -0 1
vn 0 -0 1
vn 0 -0 1
vn 0 -0 1
vn 0 -0 1
vn 0 -0 1
vn 0 -0 1
vn 0 -0 1
vn 0 -0 1
vn 0 -0 1
vn 0 -0 1
vn 0 -0 1
vn 0 -0 1
vn 0 -0 1
vn 0 -1 0
vn 0 -1 0
vn 0 -1 0
vn 0 -1 -0
vn 0 -1 -0
vn 0 -1 -0
vn 0 0 1
vn 0 0 1
vn 0 0 1
vn 0 0 1
vn 0 0 1
vn 0 0 1
vn 0 -0 1
vn 0 -0 1
vn 0 -0 1
vn 0 -0 1
vn 0 -0 1
vn 0 -0 1
vn 0 0 1
vn 0 0 1
vn 0 0 1
vn 0 0 1
vn 0 0 1
vn 0 0 1
vn 0 -1 -0
vn 0 -1 -0
vn 0 -1 -0
vn 0 -1 -0
vn 0 -1 -0
vn 0 -1 -0
vn 1 -0 0
vn 1 -0 0
vn 1 -0 0
vn 0 -0 1
vn 0 -0 1
vn 0 -0 1
vn 1 -0 0
vn 1 -0 0
vn 1 -0 0
vn 0 0 1
vn 0 0 1
vn 0 0 1
vn 0 0 1
vn 0 0 1
vn 0 0 1
vn 0 0 1
vn 0 0 1
vn 0 0 1
vn 0 0 1
vn 0 0 1
vn 0 0 1
vn 0 0 1
vn 0 0 1
vn 0 0 1
vn 0 0 1
vn 0 0 1
vn 0 0 1
vn 0 0 1
vn 0 0 1
vn 0 0 1
f 2/1/1 1/2/2 3/3/3
f 8/4/4 2/5/5 3/6/6
f 8/7/7 5/8/8 2/9/9
f 8/10/10 3/11/11 6/12/12
f 8/13/13 11/14/14 5/15/15
f 6/16/16 7/17/17 9/18/18
f 8/19/19 6/20/20 9/21/21
f 8/22/22 9/23/23 10/24/24
f 8/25/25 10/26/26 13/27/27
f 8/28/28 13/29/29 11/30/30
f 11/31/31 13/32/32 12/33/33
f 13/34/34 14/35/35 12/36/36
f 12/37/37 14/38/38 16/39/39
f 15/40/40 12/41/41 16/42/42
f 18/43/43 15/44/44 16/45/45
f 18/46/46 17/47/47 15/48/48
f 18/49/49 16/50/50 19/51/51
f 18/52/52 20/53/53 17/54/54
f 18/55/55 22/56/56 20/57/57
f 18/58/58 24/59/59 22/60/60
f 18/61/61 19/62/62 24/63/63
f 22/64/64 21/65/65 20/66/66
f 22/67/67 23/68/68 21/69/69
f 22/70/70 25/71/71 23/72/72
f 22/73/73 24/74/74 26/75/75
f 22/76/76 26/77/77 25/78/78
f 25/79/79 26/80/80 94/81/81
f 127/82/82 27/83/83 33/84/84
f 28/85/85 30/86/86 82/87/87
f 32/88/88 30/89/89 28/90/90
f 29/91/91 33/92/92 32/93/93
f 29/94/94 140/95/95 33/96/96
f 29/97/97 28/98/98 141/99/99
f 28/100/100 72/101/101 141/102/102
f 29/103/103 32/104/104 28/105/105
f 30/106/106 31/107/107 83/108/108
f 30/109/109 35/110/110 31/111/111
f 32/112/112 35/113/113 30/114/114
f 31/115/115 35/116/116 86/117/117
f 34/118/118 35/119/119 32/120/120
f 27/121/121 32/122/122 33/123/123
f 27/124/124 34/125/125 32/126/126
f 34/127/127 146/128/128 35/129/129
f 27/130/130 128/131/131 34/132/132
f 86/133/133 35/134/134 36/135/135
f 35/136/136 146/137/137 36/138/138
f 59/139/139 61/140/140 47/141/141
f 59/142/142 47/143/143 37/144/144
f 60/145/145 37/146/146 38/147/147
f 49/148/148 73/149/149 38/150/150
f 50/151/151 42/152/152 206/153/153
f 39/154/154 42/155/155 50/156/156
f 49/157/157 50/158/158 206/159/159
f 42/160/160 211/161/161 210/162/162
f 42/163/163 40/164/164 211/165/165
f 211/166/166 40/167/167 43/168/168
f 211/169/169 43/170/170 212/171/171
f 212/172/172 43/173/173 213/174/174
f 41/175/175 43/176/176 40/177/177
f 39/178/178 41/179/179 40/180/180
f 41/181/181 54/182/182 43/183/183
f 55/184/184 44/185/185 54/186/186
f 54/187/187 44/188/188 43/189/189
f 39/190/190 40/191/191 42/192/192
f 55/193/193 220/194/194 44/195/195
f 213/196/196 43/197/197 44/198/198
f 47/199/199 45/200/200 41/201/201
f 54/202/202 45/203/203 46/204/204
f 61/205/205 45/206/206 47/207/207
f 61/208/208 88/209/209 45/210/210
f 88/211/211 89/212/212 46/213/213
f 88/214/214 46/215/215 45/216/216
f 89/217/217 48/218/218 46/219/219
f 90/220/220 53/221/221 48/222/222
f 37/223/223 39/224/224 50/225/225
f 37/226/226 47/227/227 39/228/228
f 37/229/229 50/230/230 38/231/231
f 47/232/232 41/233/233 39/234/234
f 49/235/235 38/236/236 50/237/237
f 53/238/238 51/239/239 48/240/240
f 231/241/241 52/242/242 91/243/243
f 53/244/244 91/245/245 52/246/246
f 53/247/247 52/248/248 51/249/249
f 41/250/250 45/251/251 54/252/252
f 55/253/253 54/254/254 46/255/255
f 55/256/256 46/257/257 48/258/258
f 55/259/259 48/260/260 51/261/261
f 55/262/262 51/263/263 220/264/264
f 78/265/265 70/266/266 56/267/267
f 81/268/268 56/269/269 60/270/270
f 70/271/271 63/272/272 61/273/273
f 57/274/274 88/275/275 61/276/276
f 63/277/277 57/278/278 61/279/279
f 57/280/280 58/281/281 88/282/282
f 69/283/283 90/284/284 58/285/285
f 59/286/286 37/287/287 60/288/288
f 59/289/289 70/290/290 61/291/291
f 69/292/292 62/293/293 90/294/294
f 65/295/295 64/296/296 63/297/297
f 63/298/298 64/299/299 57/300/300
f 64/301/301 67/302/302 57/303/303
f 66/304/304 58/305/305 67/306/306
f 78/307/307 65/308/308 63/309/309
f 65/310/310 66/311/311 64/312/312
f 78/313/313 63/314/314 70/315/315
f 78/316/316 66/317/317 65/318/318
f 79/319/319 68/320/320 66/321/321
f 64/322/322 66/323/323 67/324/324
f 66/325/325 68/326/326 69/327/327
f 67/328/328 58/329/329 57/330/330
f 66/331/331 69/332/332 58/333/333
f 56/334/334 70/335/335 59/336/336
f 56/337/337 59/338/338 60/339/339
f 85/340/340 76/341/341 68/342/342
f 69/343/343 68/344/344 62/345/345
f 76/346/346 62/347/347 68/348/348
f 71/349/349 73/350/350 237/351/351
f 81/352/352 71/353/353 72/354/354
f 81/355/355 60/356/356 71/357/357
f 71/358/358 237/359/359 72/360/360
f 71/361/361 60/362/362 38/363/363
f 76/364/364 91/365/365 62/366/366
f 76/367/367 74/368/368 91/369/369
f 71/370/370 38/371/371 73/372/372
f 85/373/373 75/374/374 76/375/375
f 75/376/376 74/377/377 76/378/378
f 75/379/379 242/380/380 74/381/381
f 75/382/382 87/383/383 242/384/384
f 77/385/385 78/386/386 56/387/387
f 77/388/388 80/389/389 78/390/390
f 78/391/391 79/392/392 66/393/393
f 80/394/394 79/395/395 78/396/396
f 80/397/397 85/398/398 79/399/399
f 81/400/400 77/401/401 56/402/402
f 77/403/403 83/404/404 80/405/405
f 81/406/406 82/407/407 77/408/408
f 77/409/409 82/410/410 83/411/411
f 30/412/412 83/413/413 82/414/414
f 80/415/415 83/416/416 84/417/417
f 80/418/418 84/419/419 85/420/420
f 79/421/421 85/422/422 68/423/423
f 28/424/424 81/425/425 72/426/426
f 28/427/427 82/428/428 81/429/429
f 84/430/430 83/431/431 86/432/432
f 84/433/433 75/434/434 85/435/435
f 84/436/436 86/437/437 75/438/438
f 86/439/439 36/440/440 87/441/441
f 251/442/442 87/443/443 36/444/444
f 86/445/445 87/446/446 75/447/447
f 31/448/448 86/449/449 83/450/450
f 88/451/451 58/452/452 89/453/453
f 89/454/454 58/455/455 90/456/456
f 89/457/457 90/458/458 48/459/459
f 90/460/460 62/461/461 53/462/462
f 62/463/463 91/464/464 53/465/465
f 74/466/466 231/467/467 91/468/468
f 25/469/469 94/470/470 92/471/471
f 92/472/472 94/473/473 95/474/474
f 96/475/475 93/476/476 92/477/477
f 96/478/478 98/479/479 93/480/480
f 96/481/481 92/482/482 95/483/483
f 96/484/484 95/485/485 97/486/486
f 101/487/487 107/488/488 99/489/489
f 96/490/490 101/491/491 98/492/492
f 101/493/493 99/494/494 98/495/495
f 96/496/496 97/497/497 101/498/498
f 101/499/499 97/500/500 100/501/501
f 101/502/502 100/503/503 102/504/504
f 101/505/505 102/506/506 105/507/507
f 105/508/508 102/509/509 103/510/510
f 105/511/511 103/512/512 104/513/513
f 105/514/514 104/515/515 106/516/516
f 134/517/517 106/518/518 132/519/519
f 109/520/520 108/521/521 107/522/522
f 101/523/523 109/524/524 107/525/525
f 101/526/526 113/527/527 109/528/528
f 109/529/529 110/530/530 108/531/531
f 112/532/532 110/533/533 109/534/534
f 112/535/535 111/536/536 110/537/537
f 112/538/538 109/539/539 113/540/540
f 112/541/541 113/542/542 115/543/543
f 101/544/544 105/545/545 113/546/546
f 113/547/547 105/548/548 106/549/549
f 113/550/550 106/551/551 114/552/552
f 106/553/553 151/554/554 114/555/555
f 113/556/556 114/557/557 116/558/558
f 116/559/559 114/560/560 151/561/561
f 113/562/562 116/563/563 115/564/564
f 116/565/565 156/566/566 173/567/567
f 115/568/568 116/569/569 173/570/570
f 141/571/571 72/572/572 239/573/573
f 140/574/574 141/575/575 239/576/576
f 140/577/577 239/578/578 117/579/579
f 143/580/580 117/581/581 119/582/582
f 121/583/583 244/584/584 122/585/585
f 161/586/586 118/587/587 121/588/588
f 118/589/589 119/590/590 121/591/591
f 243/592/592 121/593/593 119/594/594
f 118/595/595 143/596/596 119/597/597
f 120/598/598 121/599/599 122/600/600
f 161/601/601 121/602/602 120/603/603
f 149/604/604 120/605/605 122/606/606
f 149/607/607 122/608/608 187/609/609
f 144/610/610 126/611/611 33/612/612
f 124/613/613 152/614/614 123/615/615
f 124/616/616 123/617/617 143/618/618
f 125/619/619 131/620/620 130/621/621
f 127/622/622 129/623/623 125/624/624
f 125/625/625 129/626/626 131/627/627
f 125/628/628 130/629/629 133/630/630
f 125/631/631 133/632/632 136/633/633
f 127/634/634 33/635/635 126/636/636
f 127/637/637 126/638/638 129/639/639
f 144/640/640 129/641/641 126/642/642
f 127/643/643 128/644/644 27/645/645
f 127/646/646 125/647/647 136/648/648
f 127/649/649 136/650/650 128/651/651
f 136/652/652 145/653/653 128/654/654
f 134/655/655 129/656/656 152/657/657
f 134/658/658 131/659/659 129/660/660
f 134/661/661 132/662/662 131/663/663
f 106/664/664 134/665/665 151/666/666
f 144/667/667 123/668/668 129/669/669
f 129/670/670 123/671/671 152/672/672
f 136/673/673 133/674/674 135/675/675
f 136/676/676 135/677/677 137/678/678
f 136/679/679 137/680/680 139/681/681
f 136/682/682 139/683/683 145/684/684
f 139/685/685 137/686/686 138/687/687
f 29/688/688 141/689/689 140/690/690
f 144/691/691 33/692/692 140/693/693
f 144/694/694 117/695/695 143/696/696
f 144/697/697 140/698/698 117/699/699
f 144/700/700 143/701/701 123/702/702
f 252/703/703 142/704/704 148/705/705
f 162/706/706 252/707/707 148/708/708
f 34/709/709 145/710/710 146/711/711
f 145/712/712 148/713/713 146/714/714
f 128/715/715 145/716/716 34/717/717
f 146/718/718 142/719/719 36/720/720
f 146/721/721 148/722/722 142/723/723
f 139/724/724 148/725/725 145/726/726
f 139/727/727 147/728/728 148/729/729
f 147/730/730 165/731/731 148/732/732
f 124/733/733 161/734/734 152/735/735
f 150/736/736 152/737/737 161/738/738
f 150/739/739 161/740/740 149/741/741
f 150/742/742 149/743/743 155/744/744
f 149/745/745 156/746/746 155/747/747
f 134/748/748 152/749/749 151/750/750
f 116/751/751 151/752/752 155/753/753
f 150/754/754 155/755/755 152/756/756
f 151/757/757 152/758/758 155/759/759
f 139/760/760 138/761/761 153/762/762
f 139/763/763 153/764/764 154/765/765
f 154/766/766 153/767/767 157/768/768
f 116/769/769 155/770/770 156/771/771
f 159/772/772 157/773/773 158/774/774
f 159/775/775 158/776/776 160/777/777
f 159/778/778 160/779/779 189/780/780
f 159/781/781 154/782/782 157/783/783
f 159/784/784 166/785/785 154/786/786
f 195/787/787 166/788/788 159/789/789
f 124/790/790 143/791/791 118/792/792
f 124/793/793 118/794/794 161/795/795
f 165/796/796 162/797/797 148/798/798
f 165/799/799 164/800/800 162/801/801
f 162/802/802 164/803/803 253/804/804
f 161/805/805 120/806/806 149/807/807
f 198/808/808 164/809/809 166/810/810
f 164/811/811 163/812/812 253/813/813
f 163/814/814 247/815/815 253/816/816
f 198/817/817 247/818/818 163/819/819
f 198/820/820 255/821/821 247/822/822
f 198/823/823 163/824/824 164/825/825
f 139/826/826 165/827/827 147/828/828
f 139/829/829 154/830/830 165/831/831
f 154/832/832 166/833/833 165/834/834
f 166/835/835 164/836/836 165/837/837
f 198/838/838 166/839/839 195/840/840
f 112/841/841 167/842/842 111/843/843
f 112/844/844 170/845/845 167/846/846
f 112/847/847 115/848/848 171/849/849
f 112/850/850 171/851/851 170/852/852
f 170/853/853 168/854/854 167/855/855
f 170/856/856 169/857/857 168/858/858
f 170/859/859 177/860/860 169/861/861
f 171/862/862 186/863/863 170/864/864
f 115/865/865 173/866/866 171/867/867
f 171/868/868 175/869/869 172/870/870
f 171/871/871 173/872/872 174/873/873
f 171/874/874 174/875/875 175/876/876
f 174/877/877 176/878/878 175/879/879
f 174/880/880 192/881/881 176/882/882
f 171/883/883 172/884/884 186/885/885
f 169/886/886 178/887/887 179/888/888
f 177/889/889 178/890/890 169/891/891
f 170/892/892 186/893/893 177/894/894
f 179/895/895 182/896/896 180/897/897
f 179/898/898 184/899/899 182/900/900
f 178/901/901 183/902/902 179/903/903
f 179/904/904 183/905/905 184/906/906
f 184/907/907 185/908/908 182/909/909
f 149/910/910 187/911/911 196/912/912
f 196/913/913 187/914/914 197/915/915
f 197/916/916 187/917/917 254/918/918
f 198/919/919 254/920/920 255/921/921
f 149/922/922 196/923/923 188/924/924
f 149/925/925 188/926/926 156/927/927
f 196/928/928 194/929/929 188/930/930
f 196/931/931 197/932/932 194/933/933
f 173/934/934 156/935/935 174/936/936
f 156/937/937 188/938/938 174/939/939
f 188/940/940 194/941/941 174/942/942
f 195/943/943 189/944/944 190/945/945
f 195/946/946 190/947/947 191/948/948
f 174/949/949 193/950/950 192/951/951
f 174/952/952 194/953/953 193/954/954
f 194/955/955 191/956/956 193/957/957
f 195/958/958 191/959/959 194/960/960
f 197/961/961 195/962/962 194/963/963
f 195/964/964 159/965/965 189/966/966
f 197/967/967 198/968/968 195/969/969
f 197/970/970 254/971/971 198/972/972
f 202/973/973 199/974/974 208/975/975
f 237/976/976 73/977/977 199/978/978
f 237/979/979 199/980/980 200/981/981
f 49/982/982 199/983/983 73/984/984
f 202/985/985 200/986/986 199/987/987
f 202/988/988 238/989/989 200/990/990
f 243/991/991 204/992/992 244/993/993
f 243/994/994 201/995/995 204/996/996
f 203/997/997 234/998/998 244/999/999
f 202/1000/1000 208/1001/1001 222/1002/1002
f 202/1003/1003 222/1004/1004 204/1005/1005
f 203/1006/1006 222/1007/1007 224/1008/1008
f 203/1009/1009 225/1010/1010 236/1011/1011
f 203/1012/1012 204/1013/1013 222/1014/1014
f 232/1015/1015 205/1016/1016 236/1017/1017
f 202/1018/1018 204/1019/1019 201/1020/1020
f 202/1021/1021 201/1022/1022 238/1023/1023
f 241/1024/1024 250/1025/1025 233/1026/1026
f 249/1027/1027 233/1028/1028 250/1029/1029
f 203/1030/1030 244/1031/1031 204/1032/1032
f 203/1033/1033 236/1034/1034 234/1035/1035
f 235/1036/1036 205/1037/1037 245/1038/1038
f 232/1039/1039 249/1040/1040 205/1041/1041
f 216/1042/1042 207/1043/1043 206/1044/1044
f 216/1045/1045 223/1046/1046 207/1047/1047
f 49/1048/1048 206/1049/1049 207/1050/1050
f 208/1051/1051 207/1052/1052 223/1053/1053
f 208/1054/1054 199/1055/1055 207/1056/1056
f 221/1057/1057 230/1058/1058 229/1059/1059
f 206/1060/1060 42/1061/1061 209/1062/1062
f 42/1063/1063 210/1064/1064 209/1065/1065
f 216/1066/1066 206/1067/1067 209/1068/1068
f 210/1069/1069 211/1070/1070 217/1071/1071
f 211/1072/1072 212/1073/1073 217/1074/1074
f 212/1075/1075 213/1076/1076 214/1077/1077
f 210/1078/1078 217/1079/1079 209/1080/1080
f 212/1081/1081 218/1082/1082 217/1083/1083
f 212/1084/1084 214/1085/1085 218/1086/1086
f 213/1087/1087 44/1088/1088 214/1089/1089
f 219/1090/1090 214/1091/1091 220/1092/1092
f 216/1093/1093 209/1094/1094 215/1095/1095
f 209/1096/1096 217/1097/1097 215/1098/1098
f 217/1099/1099 218/1100/1100 215/1101/1101
f 219/1102/1102 218/1103/1103 214/1104/1104
f 218/1105/1105 228/1106/1106 215/1107/1107
f 219/1108/1108 228/1109/1109 218/1110/1110
f 221/1111/1111 219/1112/1112 220/1113/1113
f 221/1114/1114 220/1115/1115 51/1116/1116
f 214/1117/1117 44/1118/1118 220/1119/1119
f 221/1120/1120 229/1121/1121 219/1122/1122
f 216/1123/1123 226/1124/1124 223/1125/1125
f 208/1126/1126 223/1127/1127 222/1128/1128
f 222/1129/1129 223/1130/1130 226/1131/1131
f 224/1132/1132 226/1133/1133 227/1134/1134
f 225/1135/1135 227/1136/1136 229/1137/1137
f 222/1138/1138 226/1139/1139 224/1140/1140
f 224/1141/1141 227/1142/1142 225/1143/1143
f 225/1144/1144 229/1145/1145 232/1146/1146
f 216/1147/1147 215/1148/1148 226/1149/1149
f 227/1150/1150 215/1151/1151 228/1152/1152
f 226/1153/1153 215/1154/1154 227/1155/1155
f 227/1156/1156 228/1157/1157 219/1158/1158
f 229/1159/1159 227/1160/1160 219/1161/1161
f 49/1162/1162 207/1163/1163 199/1164/1164
f 221/1165/1165 51/1166/1166 52/1167/1167
f 221/1168/1168 52/1169/1169 230/1170/1170
f 231/1171/1171 230/1172/1172 52/1173/1173
f 231/1174/1174 233/1175/1175 230/1176/1176
f 241/1177/1177 233/1178/1178 231/1179/1179
f 233/1180/1180 229/1181/1181 230/1182/1182
f 232/1183/1183 229/1184/1184 233/1185/1185
f 203/1186/1186 224/1187/1187 225/1188/1188
f 225/1189/1189 232/1190/1190 236/1191/1191
f 232/1192/1192 233/1193/1193 249/1194/1194
f 235/1195/1195 236/1196/1196 205/1197/1197
f 234/1198/1198 236/1199/1199 235/1200/1200
f 239/1201/1201 237/1202/1202 238/1203/1203
f 237/1204/1204 200/1205/1205 238/1206/1206
f 72/1207/1207 237/1208/1208 239/1209/1209
f 251/1210/1210 240/1211/1211 242/1212/1212
f 117/1213/1213 239/1214/1214 238/1215/1215
f 117/1216/1216 238/1217/1217 119/1218/1218
f 252/1219/1219 246/1220/1220 240/1221/1221
f 242/1222/1222 231/1223/1223 74/1224/1224
f 241/1225/1225 231/1226/1226 242/1227/1227
f 241/1228/1228 242/1229/1229 250/1230/1230
f 240/1231/1231 250/1232/1232 242/1233/1233
f 243/1234/1234 119/1235/1235 238/1236/1236
f 243/1237/1237 238/1238/1238 201/1239/1239
f 122/1240/1240 244/1241/1241 234/1242/1242
f 243/1243/1243 244/1244/1244 121/1245/1245
f 240/1246/1246 246/1247/1247 250/1248/1248
f 246/1249/1249 248/1250/1250 250/1251/1251
f 247/1252/1252 248/1253/1253 246/1254/1254
f 255/1255/1255 245/1256/1256 247/1257/1257
f 253/1258/1258 247/1259/1259 246/1260/1260
f 247/1261/1261 245/1262/1262 248/1263/1263
f 248/1264/1264 249/1265/1265 250/1266/1266
f 248/1267/1267 205/1268/1268 249/1269/1269
f 245/1270/1270 205/1271/1271 248/1272/1272
f 251/1273/1273 142/1274/1274 240/1275/1275
f 251/1276/1276 36/1277/1277 142/1278/1278
f 251/1279/1279 242/1280/1280 87/1281/1281
f 252/1282/1282 240/1283/1283 142/1284/1284
f 162/1285/1285 253/1286/1286 252/1287/1287
f 253/1288/1288 246/1289/1289 252/1290/1290
f 187/1291/1291 234/1292/1292 235/1293/1293
f 122/1294/1294 234/1295/1295 187/1296/1296
f 187/1297/1297 235/1298/1298 254/1299/1299
f 254/1300/1300 235/1301/1301 245/1302/1302
f 254/1303/1303 245/1304/1304 255/1305/1305
f 4/1306/1306 1/1307/1307 2/1308/1308
f 4/1309/1309 3/1310/1310 1/1311/1311
f 4/1312/1312 2/1313/1313 5/1314/1314
f 4/1315/1315 6/1316/1316 3/1317/1317
f 4/1318/1318 7/1319/1319 6/1320/1320
f 4/1321/1321 9/1322/1322 7/1323/1323
f 4/1324/1324 10/1325/1325 9/1326/1326
f 4/1327/1327 5/1328/1328 11/1329/1329
f 4/1330/1330 13/1331/1331 10/1332/1332
f 4/1333/1333 11/1334/1334 12/1335/1335
f 4/1336/1336 12/1337/1337 15/1338/1338
f 4/1339/1339 14/1340/1340 13/1341/1341
f 4/1342/1342 16/1343/1343 14/1344/1344
f 4/1345/1345 19/1346/1346 16/1347/1347
f 4/1348/1348 15/1349/1349 17/1350/1350
f 4/1351/1351 24/1352/1352 19/1353/1353
f 4/1354/1354 17/1355/1355 181/1356/1356
f 23/1357/1357 25/1358/1358 92/1359/1359
f 4/1360/1360 181/1361/1361 24/1362/1362
f 24/1363/1363 94/1364/1364 26/1365/1365
f 93/1366/1366 98/1367/1367 92/1368/1368
f 94/1369/1369 97/1370/1370 95/1371/1371
f 181/1372/1372 17/1373/1373 20/1374/1374
f 98/1375/1375 169/1376/1376 92/1377/1377
f 110/1378/1378 107/1379/1379 108/1380/1380
f 99/1381/1381 107/1382/1382 167/1383/1383
f 98/1384/1384 99/1385/1385 168/1386/1386
f 181/1387/1387 20/1388/1388 21/1389/1389
f 181/1390/1390 21/1391/1391 23/1392/1392
f 181/1393/1393 94/1394/1394 24/1395/1395
f 181/1396/1396 23/1397/1397 92/1398/1398
f 181/1399/1399 97/1400/1400 94/1401/1401
f 110/1402/1402 111/1403/1403 107/1404/1404
f 107/1405/1405 111/1406/1406 167/1407/1407
f 99/1408/1408 167/1409/1409 168/1410/1410
f 181/1411/1411 100/1412/1412 97/1413/1413
f 102/1414/1414 100/1415/1415 172/1416/1416
f 102/1417/1417 172/1418/1418 103/1419/1419
f 103/1420/1420 157/1421/1421 104/1422/1422
f 104/1423/1423 157/1424/1424 106/1425/1425
f 103/1426/1426 172/1427/1427 160/1428/1428
f 130/1429/1429 131/1430/1430 133/1431/1431
f 132/1432/1432 133/1433/1433 131/1434/1434
f 132/1435/1435 138/1436/1436 133/1437/1437
f 106/1438/1438 138/1439/1439 132/1440/1440
f 135/1441/1441 133/1442/1442 137/1443/1443
f 133/1444/1444 138/1445/1445 137/1446/1446
f 106/1447/1447 157/1448/1448 153/1449/1449
f 106/1450/1450 153/1451/1451 138/1452/1452
f 103/1453/1453 158/1454/1454 157/1455/1455
f 103/1456/1456 160/1457/1457 158/1458/1458
f 98/1459/1459 168/1460/1460 169/1461/1461
f 181/1462/1462 92/1463/1463 169/1464/1464
f 177/1465/1465 186/1466/1466 100/1467/1467
f 181/1468/1468 177/1469/1469 100/1470/1470
f 100/1471/1471 186/1472/1472 172/1473/1473
f 172/1474/1474 175/1475/1475 192/1476/1476
f 172/1477/1477 192/1478/1478 190/1479/1479
f 175/1480/1480 176/1481/1481 192/1482/1482
f 181/1483/1483 169/1484/1484 179/1485/1485
f 181/1486/1486 179/1487/1487 180/1488/1488
f 181/1489/1489 180/1490/1490 182/1491/1491
f 181/1492/1492 185/1493/1493 184/1494/1494
f 181/1495/1495 182/1496/1496 185/1497/1497
f 181/1498/1498 178/1499/1499 177/1500/1500
f 181/1501/1501 183/1502/1502 178/1503/1503
f 181/1504/1504 184/1505/1505 183/1506/1506
f 172/1507/1507 189/1508/1508 160/1509/1509
f 172/1510/1510 190/1511/1511 189/1512/1512
f 192/1513/1513 191/1514/1514 190/1515/1515
f 192/1516/1516 193/1517/1517 191/1518/1518
