# meters; x anterior, y left, z dorsal
mtllib fish.mtl
usemtl fish
v -0.02365044434 -0.0004704137973 -0.01206556199
v -0.02352438797 -0.000429049076 -0.01201041256
v -0.02365044434 -0.0003779133549 -0.01198484473
v -0.02301382203 -0.0002471864864 -0.01178703938
v -0.01993647892 -0.0003105336218 -0.01044070224
v -0.01974181388 -0.0003018733114 -0.01035553698
v -0.01978511665 -0.0003105336218 -0.01021870404
v -0.02060361136 -0.0001784089545 -0.01073257361
v -0.02064470504 -0.0001631506893 -0.01075055093
v -0.02205600892 -8.793782035e-05 -0.01136799614
v -0.02136943791 -9.650892753e-05 -0.01106762156
v -0.02113011036 -9.021313599e-05 -0.01096291553
v -0.02121261437 -6.327644223e-05 -0.01099901196
v -0.02189687197 -4.278420238e-05 -0.0112983735
v -0.02056828443 -0.0001753993565 -0.01071711738
v -0.02056962181 -0.0001716106926 -0.01070084834
v -0.0191787586 -0.0002157391427 -0.01010920006
v -0.01875754748 -0.0002180759184 -0.009924919498
v -0.01891072024 -0.0001797826262 -0.009605808803
v -0.01811450277 -0.0001923003001 -0.009643587205
v -0.01764180441 -0.0001476071047 -0.009436782603
v -0.01782385189 -0.0001307509956 -0.009082804588
v -0.01666343514 -0.0002696739393 -0.008412705888
v -0.01638875086 -0.0002503298456 -0.008888570746
v -0.01331408997 -0.0002299789194 -0.007543407069
v -0.01363164861 -0.0002696739393 -0.006974444878
v -0.01155102555 -0.0003323195851 -0.00677206662
v -0.01264265482 -0.00024699801 -0.00724965489
v -0.0120136023 -0.000326877489 -0.006026500058
v -0.01701664482 -0.0002215090935 -0.009163274583
v -0.01558672194 -0.0001881910139 -0.008537684255
v -0.01493485947 -0.0001515436161 -0.008252494657
v -0.01518431608 -0.0001552668109 -0.007824326553
v -0.01415875111 -0.0002053929638 -0.007912947019
v -0.008426121663 -0.0005638636649 -0.003656638474
v -0.005593049567 -0.000657935685 -0.003355829665
v -0.006562921446 -0.0005965514574 -0.002349128635
v -0.007248434465 -0.000508504163 -0.004349060045
v -0.007700382959 -0.0005028769374 -0.004620229513
v 0.0004976324328 -0.0007027866086 0.002366080261
v -0.005131121021 -0.0006690184819 -0.00307867086
v -0.003285578679 -0.0006567287492 -0.001971346014
v -0.004650688957 -0.0006374111399 -0.0009925865243
v -0.002959097963 -0.000645583088 0.0007071768259
v -0.0005917691104 -0.0006586620002 -0.0003550599004
v -0.0002676167003 -0.0006602905924 -0.0001605680818
v 8.672918757e-05 -0.0006667423295 5.203796079e-05
v -0.01102181454 -0.0003484557383 -0.0065405375
v -0.01057534222 -0.0003489461087 -0.006345205628
v -0.01023212005 -0.0003840810678 -0.004931460754
v -0.009211677354 -0.0003955304855 -0.005527007082
v -0.009661264013 -0.0003540359903 -0.005796759077
v -0.001561696868 -0.0007518182392 0.004253796614
v -0.002092871111 -0.0006782708224 0.002660270161
v 0.0005630075522 -0.0007599901874 0.004261969901
v 0.0005384914168 -0.0007518182392 0.00592904476
v -0.001144926291 -0.0006700988743 0.005741090826
v -0.0008670792393 -0.0005883795093 0.00720386704
v 0.0004731162973 -0.0006210672436 0.007506228364
v 0.0004567734488 -0.0006619269261 0.009091585255
v -0.000540203642 -0.000482144329 0.008895458034
v 0.0005630075522 -0.0006047234056 0.01069328499
v -0.0002051547579 -0.000482144329 0.01058704903
v 0.0004894591459 -0.0004085968831 0.01236035985
v -0.02365044434 0 -0.01166721391
v -0.02310292352 0 -0.01159158958
v -0.02194250677 0 -0.01125654012
v -0.02189687197 4.278420238e-05 -0.0112983735
v -0.02166287903 3.747590745e-05 -0.01119600205
v -0.02130509843 0 -0.01087245919
v -0.02101907809 0 -0.01027590774
v -0.02121261437 6.327644223e-05 -0.01099901196
v -0.0225857452 0.0001224899752 -0.01159975565
v -0.02064470504 0.0001631506893 -0.01075055093
v -0.02037349645 0 -0.009434198183
v -0.01936017651 0 -0.008535285168
v -0.02056962181 0.0001716106926 -0.01070084834
v -0.02056828443 0.0001753993565 -0.01071711738
v -0.0191787586 0.0002157391427 -0.01010920006
v -0.01764180441 0.0001476071047 -0.009436782603
v -0.01782385189 0.0001307509956 -0.009082804588
v -0.01891072024 0.0001797826262 -0.009605808803
v -0.01832278747 0.0001766386122 -0.00973471316
v -0.01875754748 0.0002180759184 -0.009924919498
v -0.0185184658 0 -0.008020452843
v -0.02301382203 0.0002471864864 -0.01178703938
v -0.02365044434 0.0003779133549 -0.01198484473
v -0.02352438797 0.000429049076 -0.01201041256
v -0.01993647892 0.0003105336218 -0.01044070224
v -0.01974181388 0.0003018733114 -0.01035553698
v -0.01978511665 0.0003105336218 -0.01021870404
v -0.01713554863 0.0001695286774 -0.009215295003
v -0.01568774064 0.0002106600441 -0.008581878771
v -0.01749697257 0 -0.007317666118
v -0.01596882124 0 -0.006426924993
v -0.01461227913 0 -0.005715966378
v -0.01493485947 0.0001515436161 -0.008252494657
v -0.01518431608 0.0001552668109 -0.007824326553
v -0.01417608861 0.0001745078189 -0.007920531244
v -0.01638875086 0.0002503298456 -0.008888570746
v -0.01666343514 0.0002696739393 -0.008412705888
v -0.01331408997 0.0002299789194 -0.007543407069
v -0.01363164861 0.0002696739393 -0.006974444878
v -0.01224824343 0.0003087807272 -0.007077100375
v -0.01155102555 0.0003323195851 -0.00677206662
v -0.0120136023 0.000326877489 -0.006026500058
v -0.01298606325 0 -0.004678130769
v -0.01147425477 0 -0.003485027389
v -0.02365044434 0.0004704137973 -0.01206556199
v -0.01057534222 0.0003369956394 -0.006345205628
v -0.01014373381 0.0003388255718 -0.006086240211
v -0.01023212005 0.0003840810678 -0.004931460754
v -0.009661264013 0.0003540359903 -0.005796759077
v -0.009211677354 0.0003955304855 -0.005527007082
v -0.009733631503 0 -0.002120313854
v -0.007984838676 0 -0.0007964602346
v -0.006726361107 0 0.0008624432003
v -0.005337129574 0 0.00225167287
v -0.008426121663 0.0005638636649 -0.003656638474
v -0.007700382959 0.0005028769374 -0.004620229513
v -0.007248434465 0.000508504163 -0.004349060045
v -0.005593049567 0.000657935685 -0.003355829665
v -0.006562921446 0.0005965514574 -0.002349128635
v -0.005131121021 0.0006690184819 -0.00307867086
v -0.003285578679 0.0006567287492 -0.001971346014
v -0.004650688957 0.0006374111399 -0.0009925865243
v -0.002959097963 0.000645583088 0.0007071768259
v -0.0005917691104 0.0006586620002 -0.0003550599004
v -0.0002676167003 0.0006602905924 -0.0001605680818
v 8.672918757e-05 0.0006667423295 5.203796079e-05
v 0.0004976324328 0.0007027866086 0.002366080261
v -0.00393972848 0 0.003730793795
v -0.003277803998 0 0.004752285159
v -0.002607702505 0 0.005741090826
v -0.002011153143 0 0.006819785885
v -0.00121030141 0 0.008805566779
v -0.0008098774068 0 0.01061973659
v -9.029399552e-06 0 0.01249928152
v 0.0004894591459 0.0004085968831 0.01236035985
v -0.001144926291 0.0006700988743 0.005741090826
v -0.000540203642 0.000482144329 0.008895458034
v -0.0008670792393 0.0005883795093 0.00720386704
v 0.0004731162973 0.0006210672436 0.007506228364
v 0.0004567734488 0.0006619269261 0.009091585255
v -0.002092871111 0.0006782708224 0.002660270161
v -0.001561696868 0.0007518182392 0.004253796614
v 0.0005630075522 0.0007599901874 0.004261969901
v 0.0005384914168 0.0007518182392 0.00592904476
v -0.0002051547579 0.000482144329 0.01058704903
v 0.0005630075522 0.0006047234056 0.01069328499
v 0.002614275325 -0.0007286518812 0.001568566388
v 0.004029874463 -0.0006902570603 0.002417926989
v 0.003276091773 -0.0007354744012 0.004719597599
v 0.005350024212 -0.0007191115874 0.003210016838
v 0.005768530775 -0.0007319871802 0.003461120031
v 0.006193474639 -0.0007354744012 0.005348836384
v 0.002164707292 -0.0007109585567 0.00793934179
v 0.001780626137 -0.0006864427705 0.00950835397
v 0.005106606294 -0.0006946147187 0.007015913106
v 0.0041423149 -0.0006946147187 0.008658471829
v 0.003872641135 -0.0006700988743 0.002929943926
v 0.00269588526 -0.0006292391918 0.006362156323
v 0.006430458982 -0.000653754978 0.009802542007
v 0.007235499803 -0.0007807799266 0.003717839098
v 0.007447072078 -0.0007797660655 0.003754864759
v 0.009274293441 -0.0007109585567 0.006239577508
v 0.01076267171 -0.0008950053598 0.004335093624
v 0.0108205292 -0.0008980032871 0.004345218963
v 0.01120823878 -0.0008780727512 0.004413069538
v 0.01244500536 -0.0008417095523 0.007473540804
v 0.01062266226 -0.0007681621355 0.009426634139
v 0.007787001092 -0.0006374111399 0.00805374918
v 0.004248552728 -0.0007436462911 0.01276895714
v 0.003513076115 -0.0007354744012 0.01372507339
v 0.002630506415 -0.0006782708224 0.01365152498
v 0.003079966415 -0.0006782708224 0.01408463841
v 0.006855399121 -0.0007354744012 0.01574354184
v 0.001600843627 -0.000572035613 0.01102016245
v 0.003365983028 -0.0006292391918 0.01023565543
v 0.002818462212 -0.0006619269261 0.01167391737
v 0.001805142272 -0.0005638636649 0.01249928152
v 0.002638679702 -0.000572035613 0.01289970738
v 0.001077838946 -0.0005230039824 0.01235218657
v 0.005196497548 -0.0006619269261 0.01139607032
v 0.002303630818 -0.0006374111399 0.01374141624
v 0.00192772295 -0.0005475198268 0.01392119875
v 0.003194373805 -0.0005556917749 0.01457495367
v 0.003186200518 -0.0004576285137 0.01513881733
v 0.004297584999 -0.0005883795093 0.01471387719
v 0.005686812807 -0.000653754978 0.01419087251
v 0.004771557409 -0.0006047234056 0.01584160452
v 0.008914728422 -0.0007518182392 0.01129800764
v 0.007255824987 -0.0007191305049 0.0129650825
v 0.01130910661 -0.0008825692348 0.01288336267
v 0.009094510932 -0.0008662253967 0.01460764309
v 0.01287811879 -0.000645583088 0.01410098126
v 0.01016503457 -0.0005556917749 0.01571085428
v 0.001543641795 -0.0004412846174 0.01415001353
v 0.003030934144 -0.0003677372006 0.01566182201
v 0.004992198903 -0.0004167688021 0.0166587991
v 0.007460123632 -0.0004085968831 0.01665062582
v 0.01461026702 -0.0007433955907 0.005008423082
v 0.01436541114 -0.0007191305049 0.005316148824
v 0.01724219765 -0.000820615096 0.005469010523
v 0.01883188519 -0.0008332433645 0.00574720589
v 0.0154441062 -0.0008662253967 0.008969004578
v 0.01773224841 -0.0007845060318 0.006590971104
v 0.01975889016 -0.0007926779217 0.008356110505
v 0.02204101789 -0.0006243570242 0.006308804578
v 0.02211240749 -0.0006224589888 0.006321297339
v 0.02228660952 -0.0006172524882 0.006338716797
v 0.02232571948 -0.0006030856166 0.006342628351
v 0.02237686026 -0.0005886605359 0.006347743175
v 0.01332757506 -0.0008498815005 0.01092209791
v 0.01747074607 -0.0006946147187 0.01026017157
v 0.0152234647 -0.0006700988743 0.01218057734
v 0.02451764118 -0.0001769204828 0.006561820707
v 0.02538118209 -1.963918839e-05 0.006648174799
v 0.02538118209 -3.286283345e-06 0.006670630849
v 0.002614275325 0.0007286518812 0.001568566388
v 0.004029874463 0.0006902570603 0.002417926989
v 0.001102355082 0 0.014436032
v 0.00269588526 0 0.01615213913
v 0.004984025616 0 0.01719814663
v 0.001543641795 0.0004412846174 0.01415001353
v 0.003030934144 0.0003677372006 0.01566182201
v 0.004992198903 0.0004167688021 0.0166587991
v 0.007672593702 0 0.01731255402
v 0.01062266226 0 0.01647084331
v 0.007460123632 0.0004085968831 0.01665062582
v 0.003872641135 0.0006700988743 0.002929943926
v 0.00269588526 0.0006292391918 0.006362156323
v 0.006430458982 0.000653754978 0.009802542007
v 0.003276091773 0.0007354744012 0.004719597599
v 0.005350024212 0.0007191115874 0.003210016838
v 0.005768530775 0.0007319871802 0.003461120031
v 0.006193474639 0.0007354744012 0.005348836384
v 0.002164707292 0.0007109585567 0.00793934179
v 0.001780626137 0.0006864427705 0.00950835397
v 0.005106606294 0.0006946147187 0.007015913106
v 0.0041423149 0.0006946147187 0.008658471829
v 0.007787001092 0.0006374111399 0.00805374918
v 0.007235499803 0.0007807799266 0.003717839098
v 0.007447072078 0.0007797660655 0.003754864759
v 0.009274293441 0.0007109585567 0.006239577508
v 0.01076267171 0.0008950053598 0.004335093624
v 0.0108205292 0.0008980032871 0.004345218963
v 0.01120823878 0.0008780727512 0.004413069538
v 0.01062266226 0.0007681621355 0.009426634139
v 0.01244500536 0.0008417095523 0.007473540804
v 0.001077838946 0.0005230039824 0.01235218657
v 0.001600843627 0.000572035613 0.01102016245
v 0.003365983028 0.0006292391918 0.01023565543
v 0.002818462212 0.0006619269261 0.01167391737
v 0.001805142272 0.0005638636649 0.01249928152
v 0.002638679702 0.000572035613 0.01289970738
v 0.005196497548 0.0006619269261 0.01139607032
v 0.00192772295 0.0005475198268 0.01392119875
v 0.003186200518 0.0004576285137 0.01513881733
v 0.003194373805 0.0005556917749 0.01457495367
v 0.002303630818 0.0006374111399 0.01374141624
v 0.004297584999 0.0005883795093 0.01471387719
v 0.005686812807 0.000653754978 0.01419087251
v 0.004771557409 0.0006047234056 0.01584160452
v 0.004248552728 0.0007436462911 0.01276895714
v 0.002630506415 0.0006782708224 0.01365152498
v 0.003079966415 0.0006782708224 0.01408463841
v 0.003513076115 0.0007354744012 0.01372507339
v 0.006855399121 0.0007354744012 0.01574354184
v 0.01016503457 0.0005556917749 0.01571085428
v 0.01287811879 0.000645583088 0.01410098126
v 0.008914728422 0.0007518182392 0.01129800764
v 0.007255824987 0.0007191305049 0.0129650825
v 0.01130910661 0.0008825692348 0.01288336267
v 0.009094510932 0.0008662253967 0.01460764309
v 0.02087027277 0 0.009663620344
v 0.02304400853 0 0.007784073553
v 0.02538118209 0 0.006680409736
v 0.02538118209 3.286283345e-06 0.006670630849
v 0.02538118209 1.963918839e-05 0.006648174799
v 0.02451764118 0.0001769204828 0.006561820707
v 0.01860664669 0 0.01142875788
v 0.01618775237 0 0.01314486501
v 0.01359724883 0 0.01494269197
v 0.01436541114 0.0007191305049 0.005316148824
v 0.01461026702 0.0007433955907 0.005008423082
v 0.01724219765 0.000820615096 0.005469010523
v 0.01883188519 0.0008332433645 0.00574720589
v 0.0154441062 0.0008662253967 0.008969004578
v 0.01773224841 0.0007845060318 0.006590971104
v 0.02228660952 0.0006172524882 0.006338716797
v 0.02204101789 0.0006243570242 0.006308804578
v 0.02211240749 0.0006224589888 0.006321297339
v 0.02237686026 0.0005886605359 0.006347743175
v 0.02232571948 0.0006030856166 0.006342628351
v 0.01975889016 0.0007926779217 0.008356110505
v 0.0152234647 0.0006700988743 0.01218057734
v 0.01332757506 0.0008498815005 0.01092209791
v 0.01747074607 0.0006946147187 0.01026017157
vt 0.9574944725 0.1170962694
vt 0.9568396146 0.1177312798
vt 0.9565092952 0.1170128797
vt 0.9609999979 0.1195151526
vt 0.9568396149 0.1177312798
vt 0.9574944725 0.1170962694
vt 0.9609999979 0.1195151526
vt 0.9574944725 0.1170962694
vt 0.9609999942 0.1174687635
vt 0.5910000007 0.9776969706
vt 0.5893535813 0.9786947997
vt 0.5899402378 0.9774914337
vt 0.5870000015 0.9825454507
vt 0.5893535811 0.9786947997
vt 0.5910000003 0.9776969705
vt 0.5910000007 0.9776969705
vt 0.5899402374 0.9774914344
vt 0.5914000006 0.9743999993
vt 0.5910000007 0.9776969705
vt 0.5914000006 0.9743999993
vt 0.5950000007 0.9728484905
vt 0.9609999979 0.1195151526
vt 0.9576685002 0.1205920007
vt 0.9568396149 0.1177312798
vt 0.9780000034 0.1166060597
vt 0.9774823748 0.1166060607
vt 0.9777227098 0.1165052194
vt 0.9780000036 0.1166060589
vt 0.9744524513 0.1171910456
vt 0.9774823747 0.1166060608
vt 0.9609999978 0.1195151527
vt 0.9609999939 0.1174687637
vt 0.967998983 0.117090415
vt 0.9609999978 0.1195151527
vt 0.967998983 0.117090415
vt 0.9690000079 0.1175757545
vt 0.9780000036 0.1166060589
vt 0.9770000046 0.1204848451
vt 0.9744524513 0.1171910456
vt 0.9690000073 0.1175757546
vt 0.9679989829 0.117090415
vt 0.9691163423 0.1171244836
vt 0.9690000074 0.117575756
vt 0.9691163425 0.1171244833
vt 0.9729502304 0.1172730216
vt 0.9690000074 0.117575756
vt 0.9729502304 0.1172730216
vt 0.9739999909 0.1185454567
vt 0.973999992 0.1185454579
vt 0.9729502315 0.1172730231
vt 0.9740000081 0.1173902975
vt 0.973999994 0.1185454601
vt 0.974000006 0.1173902954
vt 0.974452451 0.1171910455
vt 0.973999994 0.1185454601
vt 0.974452451 0.1171910455
vt 0.9770000035 0.1204848445
vt 0.5870000009 0.9825454492
vt 0.5959999994 0.9815757611
vt 0.5899999999 0.9864242348
vt 0.5870000015 0.9825454507
vt 0.5868909145 0.9825454497
vt 0.5893535811 0.9786947997
vt 0.9780000044 0.11660606
vt 0.977722714 0.1165052205
vt 0.9779727338 0.1165267236
vt 0.5870000014 0.9825454505
vt 0.5910000004 0.9776969706
vt 0.595999999 0.9815757602
vt 0.5910000004 0.9776969707
vt 0.5949999998 0.9728484911
vt 0.5959999995 0.9815757602
vt 0.5949999989 0.9728484918
vt 0.5914000008 0.9743999992
vt 0.5930475197 0.9717125066
vt 0.5949999994 0.9728484917
vt 0.5930475203 0.9717125065
vt 0.5952341056 0.9676836294
vt 0.5949999994 0.9728484917
vt 0.5952341056 0.9676836294
vt 0.5990000011 0.9660606088
vt 0.5990000016 0.9660606086
vt 0.5952341073 0.9676836286
vt 0.5965247845 0.9648604936
vt 0.5949999998 0.9728484911
vt 0.6019999987 0.9757575803
vt 0.5959999995 0.9815757602
vt 0.5949999992 0.9728484917
vt 0.599000001 0.9660606088
vt 0.6050000007 0.9709090885
vt 0.5950000003 0.9728484911
vt 0.6050000003 0.9709090887
vt 0.601999999 0.9757575803
vt 0.599000001 0.9660606089
vt 0.610000002 0.9641212027
vt 0.6050000007 0.9709090884
vt 0.6030000008 0.95927272
vt 0.5980883912 0.9611778343
vt 0.6001594348 0.9574364069
vt 0.6030000012 0.9592727194
vt 0.6001594346 0.9574364072
vt 0.6030757463 0.9521803173
vt 0.6140000001 0.9398787947
vt 0.6077071505 0.9429298644
vt 0.6102219588 0.9377853448
vt 0.6140000003 0.9398787947
vt 0.6102219593 0.9377853447
vt 0.6120579314 0.93373631
vt 0.6140000003 0.9398787947
vt 0.6120579314 0.93373631
vt 0.6200000004 0.9301818086
vt 0.6200000009 0.9301818082
vt 0.6120579315 0.93373631
vt 0.6153383594 0.9269529724
vt 0.6200000013 0.9301818084
vt 0.6153383595 0.9269529725
vt 0.6171013245 0.9237425071
vt 0.6200000012 0.9301818085
vt 0.627999999 0.9195151426
vt 0.6289999983 0.9369696895
vt 0.5990000016 0.9660606086
vt 0.5980883909 0.9611778344
vt 0.6029999997 0.9592727201
vt 0.5990000016 0.9660606086
vt 0.5965247843 0.9648604938
vt 0.5980883909 0.9611778344
vt 0.5990000013 0.9660606084
vt 0.6030000001 0.9592727205
vt 0.610000001 0.9641212042
vt 0.6030000012 0.9592727194
vt 0.6030757463 0.9521803173
vt 0.6079999987 0.9495757604
vt 0.607999999 0.9495757603
vt 0.605266351 0.9478085393
vt 0.6077071506 0.9429298644
vt 0.6079999989 0.9495757605
vt 0.603075746 0.9521803171
vt 0.6052663513 0.9478085388
vt 0.603000001 0.9592727192
vt 0.6079999988 0.9495757604
vt 0.6170000009 0.9553939367
vt 0.607999999 0.9495757603
vt 0.6139999999 0.939878795
vt 0.6170000008 0.9553939368
vt 0.603000001 0.9592727204
vt 0.6170000009 0.955393937
vt 0.6100000021 0.9641212041
vt 0.6139999998 0.9398787951
vt 0.6220000012 0.9466666609
vt 0.6170000008 0.9553939367
vt 0.607999999 0.9495757603
vt 0.6077071506 0.9429298644
vt 0.6139999999 0.939878795
vt 0.6140000001 0.9398787947
vt 0.6200000007 0.9301818085
vt 0.622000001 0.9466666612
vt 0.6200000008 0.9301818085
vt 0.6289999981 0.9369696895
vt 0.6220000011 0.9466666612
vt 0.627999999 0.9195151426
vt 0.6370000015 0.9282424168
vt 0.6289999984 0.9369696895
vt 0.635999999 0.9078787779
vt 0.6237932251 0.9130574146
vt 0.6300296367 0.9035367212
vt 0.6459999974 0.8972121206
vt 0.6392395702 0.8906565462
vt 0.6410759566 0.8878261168
vt 0.6459999973 0.8972121207
vt 0.6321472646 0.9009435088
vt 0.6392395704 0.8906565462
vt 0.6459999974 0.8972121206
vt 0.6410759566 0.8878261168
vt 0.6550000006 0.8855757629
vt 0.6359999996 0.9078787785
vt 0.6300296357 0.9035367203
vt 0.6321472637 0.9009435078
vt 0.6359999996 0.9078787785
vt 0.6321472637 0.9009435078
vt 0.6459999974 0.8972121208
vt 0.6790000036 0.8535757585
vt 0.6616007176 0.8574568533
vt 0.6631213484 0.8552865808
vt 0.6670000024 0.8749090969
vt 0.6790000034 0.8535757585
vt 0.6800000046 0.8700606028
vt 0.6550000004 0.885575763
vt 0.6410759563 0.8878261169
vt 0.6486962739 0.8764067172
vt 0.6550000004 0.885575763
vt 0.6486962738 0.8764067173
vt 0.6602009427 0.859518515
vt 0.6550000004 0.885575763
vt 0.6602009427 0.859518515
vt 0.6670000027 0.8749090969
vt 0.6670000027 0.8749090969
vt 0.6602009427 0.859518515
vt 0.6616007177 0.8574568532
vt 0.6670000027 0.8749090969
vt 0.6616007176 0.8574568533
vt 0.6790000036 0.8535757585
vt 0.6200000013 0.9301818084
vt 0.6171013245 0.9237425071
vt 0.6279999991 0.9195151425
vt 0.6279999984 0.9195151431
vt 0.6171013237 0.9237425077
vt 0.6184167099 0.9211730948
vt 0.6279999984 0.9195151431
vt 0.6184167099 0.9211730948
vt 0.6221174119 0.9159499421
vt 0.627999998 0.9195151424
vt 0.6221174117 0.9159499417
vt 0.6237932247 0.9130574145
vt 0.627999998 0.9195151424
vt 0.6237932247 0.9130574145
vt 0.6359999981 0.9078787776
vt 0.6279999987 0.9195151422
vt 0.6359999989 0.9078787775
vt 0.6370000013 0.9282424164
vt 0.6359999998 0.9078787782
vt 0.6459999974 0.8972121207
vt 0.6559999991 0.906909091
vt 0.6459999976 0.8972121207
vt 0.6550000002 0.8855757627
vt 0.6559999992 0.9069090911
vt 0.6359999991 0.9078787774
vt 0.6460000013 0.9175757461
vt 0.6370000014 0.9282424165
vt 0.6359999997 0.9078787775
vt 0.6559999991 0.906909091
vt 0.6460000022 0.9175757462
vt 0.6550000003 0.8855757627
vt 0.6669999997 0.8991515204
vt 0.6559999992 0.9069090911
vt 0.6550000004 0.8855757625
vt 0.6760000019 0.8913939318
vt 0.6669999997 0.8991515201
vt 0.655 0.885575763
vt 0.6670000021 0.8749090969
vt 0.6760000025 0.891393931
vt 0.6670000021 0.8749090965
vt 0.6800000047 0.8700606029
vt 0.6860000038 0.8826666603
vt 0.6670000021 0.8749090969
vt 0.6860000036 0.8826666598
vt 0.6760000023 0.891393931
vt 0.6800000044 0.8700606027
vt 0.6910000038 0.8535757609
vt 0.6899999952 0.8671515223
vt 0.6800000045 0.8700606027
vt 0.6790000033 0.8535757584
vt 0.691000004 0.8535757609
vt 0.6899999949 0.8671515221
vt 0.6910000041 0.8535757611
vt 0.7000000061 0.8652121177
vt 0.7000000061 0.8652121177
vt 0.6910000041 0.853575761
vt 0.7020000013 0.8545454599
vt 0.6800000044 0.8700606029
vt 0.6899999953 0.8671515218
vt 0.6860000035 0.8826666604
vt 0.7000000062 0.8652121178
vt 0.7020000013 0.8545454599
vt 0.7100000026 0.864242413
vt 0.6899999949 0.8671515214
vt 0.700000006 0.8652121179
vt 0.7000000063 0.8749090843
vt 0.7020000015 0.85454546
vt 0.7119999994 0.8555151544
vt 0.7100000018 0.8642424126
vt 0.7100000018 0.8642424126
vt 0.7119999994 0.8555151544
vt 0.7210000012 0.8623030311
vt 0.7119999991 0.855515154
vt 0.7230000066 0.8564848456
vt 0.7210000012 0.8623030311
vt 0.7210000011 0.8623030309
vt 0.7230000062 0.8564848451
vt 0.7320000001 0.8603636401
vt 0.7230000059 0.8564848447
vt 0.7330000052 0.8555151543
vt 0.7320000003 0.8603636404
vt 0.7320000003 0.8603636406
vt 0.7330000054 0.8555151552
vt 0.7439999938 0.8535757643
vt 0.7320000005 0.8603636395
vt 0.743999994 0.8535757635
vt 0.7440000028 0.8564848553
vt 0.6899999948 0.8671515219
vt 0.6929999969 0.8787878869
vt 0.6860000039 0.8826666604
vt 0.6899999946 0.8671515219
vt 0.7000000067 0.8749090838
vt 0.6929999967 0.8787878869
vt 0.7000000063 0.8652121181
vt 0.7100000031 0.8642424148
vt 0.7070000006 0.8720000045
vt 0.7100000018 0.8642424157
vt 0.7210000012 0.8623030307
vt 0.7210000016 0.8671515104
vt 0.7000000058 0.8652121182
vt 0.7070000006 0.8720000047
vt 0.7000000061 0.8749090845
vt 0.7100000034 0.864242415
vt 0.7210000026 0.86715151
vt 0.7070000004 0.8720000043
vt 0.7210000012 0.8623030308
vt 0.7329999994 0.8652121209
vt 0.7210000016 0.8671515104
vt 0.7210000012 0.8623030308
vt 0.7320000009 0.8603636396
vt 0.7329999994 0.8652121209
vt 0.7320000005 0.8603636397
vt 0.7440000027 0.8564848556
vt 0.7329999995 0.865212121
vt 0.7440000018 0.8564848573
vt 0.7449999938 0.8613333437
vt 0.7329999995 0.8652121208
vt 0.7440000013 0.8564848575
vt 0.758000002 0.8545454597
vt 0.7449999932 0.8613333445
vt 0.8369999996 0.7440000022
vt 0.8360000002 0.7372121139
vt 0.8376661815 0.7407700374
vt 0.8360000002 0.7372121139
vt 0.8363490327 0.7368736671
vt 0.8376661815 0.7407700374
vt 0.8359999989 0.7372121125
vt 0.8356472351 0.735159671
vt 0.836349033 0.7368736674
vt 0.835999999 0.7372121125
vt 0.8340000011 0.7323636472
vt 0.8356472353 0.735159671
vt 0.8340000011 0.7323636472
vt 0.834595625 0.7317860487
vt 0.8356472353 0.735159671
vt 0.8340000012 0.7323636458
vt 0.8332588125 0.7280170912
vt 0.8345956249 0.7317860501
vt 0.8340000004 0.7323636459
vt 0.8300000004 0.7304242364
vt 0.8329999994 0.7275151472
vt 0.8340000012 0.7323636458
vt 0.8329999992 0.7275151473
vt 0.8332588125 0.7280170912
vt 0.2590000009 0.06424242765
vt 0.2619999999 0.06230303498
vt 0.2679999994 0.06618181592
vt 0.8369999998 0.7440000024
vt 0.8406886777 0.7479611293
vt 0.8373701658 0.7475894948
vt 0.8369999998 0.7440000023
vt 0.8376661822 0.7407700382
vt 0.8391103401 0.7436589411
vt 0.8329999998 0.7275151473
vt 0.8331090871 0.7275151461
vt 0.8332588125 0.7280170912
vt 0.2679999998 0.06618181518
vt 0.2729999993 0.07296969186
vt 0.2660000006 0.07587878088
vt 0.2729999991 0.0729696918
vt 0.2760000003 0.07878788126
vt 0.2690000015 0.08266666409
vt 0.2660000003 0.07587878119
vt 0.2729999991 0.07296969212
vt 0.2690000014 0.08266666404
vt 0.2590000007 0.06424242882
vt 0.2605593836 0.06886321008
vt 0.2588909135 0.06424243008
vt 0.2590000005 0.06424242889
vt 0.2679999996 0.0661818151
vt 0.2620000006 0.07006060505
vt 0.2620000006 0.07006060502
vt 0.2679999997 0.06618181517
vt 0.2660000004 0.07587878085
vt 0.2660000005 0.07587878162
vt 0.2690000016 0.08266666438
vt 0.2648458019 0.07923646416
vt 0.2690000016 0.08266666438
vt 0.2665247843 0.08346674407
vt 0.2648458019 0.07923646416
vt 0.2760000004 0.07878788116
vt 0.2729999999 0.09042424997
vt 0.2690000014 0.08266666417
vt 0.2690000016 0.08266666425
vt 0.2678136956 0.08688463824
vt 0.2665247844 0.08346674465
vt 0.2660000005 0.0758787817
vt 0.2648458021 0.07923646398
vt 0.2636570261 0.07663610465
vt 0.266000001 0.07587878134
vt 0.2636570268 0.07663610416
vt 0.2628000005 0.07393939475
vt 0.2760000004 0.07878788101
vt 0.2800000007 0.08460606901
vt 0.2729999999 0.09042424968
vt 0.8369999998 0.7440000024
vt 0.8391103402 0.7436589412
vt 0.8410524844 0.7471850024
vt 0.8369999998 0.7440000024
vt 0.8410524844 0.7471850024
vt 0.8406886777 0.7479611293
vt 0.8410524844 0.7471850024
vt 0.8414573174 0.7479053962
vt 0.8406886776 0.7479611289
vt 0.2590000007 0.06424242882
vt 0.2620000005 0.07006060509
vt 0.2605593836 0.06886321008
vt 0.2620000005 0.07006060502
vt 0.2611521909 0.07026614304
vt 0.2605593836 0.06886321007
vt 0.2620000005 0.07006060512
vt 0.2659999998 0.07587878132
vt 0.2628000006 0.07393939476
vt 0.2620000005 0.07006060512
vt 0.2628000006 0.07393939476
vt 0.2611521907 0.07026614226
vt 0.2690000016 0.08266666421
vt 0.2729999996 0.09042424993
vt 0.2678136956 0.08688463824
vt 0.2800000009 0.08460606983
vt 0.2860000006 0.09527273002
vt 0.2759999991 0.09915151221
vt 0.2860000004 0.09527272988
vt 0.2900000005 0.1040000056
vt 0.2810000007 0.1098181749
vt 0.2729999997 0.09042424979
vt 0.2800000004 0.08460606914
vt 0.2759999994 0.09915151255
vt 0.2759999993 0.09915151247
vt 0.2750581931 0.1055443882
vt 0.27326635 0.1009187332
vt 0.2860000005 0.09527272997
vt 0.2810000007 0.1098181748
vt 0.2759999993 0.09915151226
vt 0.2759999993 0.09915151257
vt 0.2732663498 0.1009187329
vt 0.2715556961 0.09649324131
vt 0.2729999997 0.09042424973
vt 0.2759999993 0.09915151257
vt 0.2715556961 0.09649324131
vt 0.2870000001 0.119515161
vt 0.2900000006 0.1040000054
vt 0.2959999977 0.1146666735
vt 0.2759999992 0.09915151224
vt 0.2810000005 0.1098181748
vt 0.2750581931 0.1055443882
vt 0.2810000004 0.1098181753
vt 0.2900000008 0.1040000052
vt 0.2870000003 0.1195151608
vt 0.2729999996 0.09042424993
vt 0.269686008 0.09180148149
vt 0.2678136956 0.08688463824
vt 0.2729999998 0.09042425005
vt 0.2715556963 0.09649324157
vt 0.2696860079 0.09180148142
vt 0.2810000005 0.1098181748
vt 0.2772219598 0.1113882593
vt 0.2750581931 0.1055443882
vt 0.2810000006 0.1098181748
vt 0.279803624 0.1185190957
vt 0.27722196 0.1113882595
vt 0.2810000006 0.1098181749
vt 0.2870000001 0.1195151613
vt 0.279803624 0.1185190958
vt 0.2870000001 0.1195151613
vt 0.2816724104 0.1227439972
vt 0.279803624 0.1185190958
vt 0.287 0.119515161
vt 0.2959999976 0.1146666735
vt 0.292999998 0.1311515235
vt 0.2959999976 0.1146666735
vt 0.3030000007 0.1243636437
vt 0.292999998 0.1311515235
vt 0.2869999997 0.1195151616
vt 0.2840219602 0.128876996
vt 0.2816724102 0.1227439973
vt 0.2869999997 0.1195151616
vt 0.2855379183 0.1315662603
vt 0.2840219602 0.128876996
vt 0.2869999997 0.1195151617
vt 0.2929999976 0.1311515243
vt 0.2855379182 0.1315662604
vt 0.2929999976 0.1311515243
vt 0.2871174115 0.134716725
vt 0.2855379182 0.1315662604
vt 0.292999998 0.1311515247
vt 0.2887932247 0.1378391449
vt 0.2871174117 0.1347167253
vt 0.303000001 0.1243636439
vt 0.3110000007 0.135030314
vt 0.3009999986 0.1437575857
vt 0.3110000015 0.1350303146
vt 0.3199999992 0.1466666665
vt 0.3009999992 0.1437575861
vt 0.3199999992 0.1466666664
vt 0.3300000002 0.1553939341
vt 0.3170000008 0.1679999948
vt 0.3170000006 0.167999995
vt 0.3299999999 0.1553939343
vt 0.3390000016 0.16412122
vt 0.2929999982 0.1311515238
vt 0.303000001 0.1243636441
vt 0.3009999983 0.1437575856
vt 0.292999998 0.1311515247
vt 0.3009999981 0.1437575865
vt 0.2887932247 0.1378391449
vt 0.3009999984 0.1437575854
vt 0.3199999992 0.1466666665
vt 0.3089999975 0.1553939397
vt 0.3089999975 0.1553939396
vt 0.3199999992 0.1466666664
vt 0.3170000007 0.1679999948
vt 0.3270000032 0.1796363579
vt 0.3390000011 0.1641212207
vt 0.3480000027 0.173818189
vt 0.317000001 0.1679999946
vt 0.339000001 0.1641212207
vt 0.3270000032 0.1796363579
vt 0.3270000029 0.1796363584
vt 0.3480000032 0.1738181883
vt 0.3400000045 0.1854545489
vt 0.3009999979 0.1437575862
vt 0.294283343 0.1480996416
vt 0.2887932246 0.1378391448
vt 0.3009999979 0.1437575857
vt 0.2959168619 0.1509162769
vt 0.294283343 0.1480996425
vt 0.3009999979 0.1437575857
vt 0.3089999974 0.1553939397
vt 0.2959168619 0.1509162769
vt 0.3089999973 0.1553939398
vt 0.3014884107 0.1612211176
vt 0.2959168625 0.150916277
vt 0.3089999973 0.1553939397
vt 0.3030759574 0.1642494072
vt 0.3014884107 0.1612211179
vt 0.3089999973 0.1553939397
vt 0.3170000011 0.1679999947
vt 0.3030759574 0.1642494072
vt 0.3170000009 0.1679999947
vt 0.3099083094 0.1764049525
vt 0.303075957 0.1642494071
vt 0.3170000009 0.1679999947
vt 0.3196004719 0.1940572426
vt 0.3099083095 0.1764049526
vt 0.3170000008 0.1679999947
vt 0.3270000029 0.179636358
vt 0.3196004718 0.1940572427
vt 0.3270000029 0.179636358
vt 0.3207008363 0.1962159898
vt 0.3196004718 0.1940572427
vt 0.327000003 0.179636358
vt 0.3370000035 0.2019393934
vt 0.3207008365 0.1962159897
vt 0.3370000035 0.2019393934
vt 0.3220034952 0.1985177395
vt 0.3207008365 0.1962159897
vt 0.3270000032 0.1796363578
vt 0.3400000044 0.1854545491
vt 0.3370000037 0.2019393933
vt 0.3539999973 0.1776969615
vt 0.3610000064 0.1825454624
vt 0.3600000062 0.1922424286
vt 0.3610000057 0.1825454618
vt 0.3680000011 0.1864242378
vt 0.3600000057 0.1922424281
vt 0.3680000014 0.1864242383
vt 0.3800000012 0.1922424295
vt 0.3690000011 0.1941818275
vt 0.3800000016 0.1922424291
vt 0.3919999994 0.1951515154
vt 0.3800000012 0.1970909087
vt 0.3480000029 0.1738181881
vt 0.353999998 0.1776969616
vt 0.3499999959 0.1893333266
vt 0.3600000051 0.1922424278
vt 0.3680000016 0.1864242381
vt 0.3690000007 0.1941818275
vt 0.3690000018 0.1941818269
vt 0.3800000016 0.1922424292
vt 0.3800000012 0.1970909088
vt 0.3919999994 0.1951515154
vt 0.4039999954 0.2009696869
vt 0.4020000036 0.2048484777
vt 0.4020000032 0.2048484776
vt 0.4039999952 0.2009696866
vt 0.4160000031 0.2087272687
vt 0.3800000012 0.1970909087
vt 0.3919999994 0.1951515154
vt 0.3910000009 0.1999999968
vt 0.3919999995 0.1951515154
vt 0.4020000026 0.2048484778
vt 0.3910000005 0.1999999967
vt 0.3480000027 0.1738181883
vt 0.349999996 0.1893333263
vt 0.3400000041 0.185454549
vt 0.3539999976 0.1776969613
vt 0.3600000059 0.1922424282
vt 0.3499999953 0.1893333262
vt 0.3600000051 0.1922424282
vt 0.3690000005 0.1941818295
vt 0.3600000021 0.2029090858
vt 0.3800000012 0.1970909084
vt 0.3910000008 0.1999999957
vt 0.3810000058 0.2038787921
vt 0.3690000018 0.1941818298
vt 0.3800000012 0.1970909084
vt 0.3709999994 0.2029090881
vt 0.3600000018 0.2029090857
vt 0.3690000018 0.1941818298
vt 0.3709999994 0.2029090881
vt 0.3709999995 0.202909088
vt 0.3800000012 0.1970909085
vt 0.3810000056 0.2038787923
vt 0.3400000041 0.1854545492
vt 0.3499999961 0.1893333258
vt 0.3490000044 0.202909088
vt 0.340000004 0.1854545492
vt 0.3490000044 0.2029090879
vt 0.3370000034 0.2019393934
vt 0.3499999958 0.1893333259
vt 0.3600000057 0.1922424283
vt 0.3490000047 0.2029090879
vt 0.3600000053 0.1922424282
vt 0.3600000022 0.2029090858
vt 0.3490000047 0.2029090879
vt 0.3910000005 0.1999999958
vt 0.4020000026 0.2048484757
vt 0.4019999945 0.208727265
vt 0.3910000013 0.199999996
vt 0.401999995 0.2087272652
vt 0.3910000064 0.2048484823
vt 0.3810000052 0.2038787917
vt 0.3910000012 0.1999999959
vt 0.3910000059 0.2048484821
vt 0.6790000036 0.8535757585
vt 0.6631213485 0.8552865808
vt 0.6742522951 0.8397642577
vt 0.6790000033 0.8535757585
vt 0.6742522952 0.8397642577
vt 0.6830000029 0.8322424348
vt 0.6830000029 0.8322424348
vt 0.6742522952 0.8397642577
vt 0.6797932247 0.831046435
vt 0.6790000033 0.8535757584
vt 0.6949999992 0.8370909063
vt 0.6910000039 0.8535757607
vt 0.6790000035 0.8535757586
vt 0.6830000033 0.832242435
vt 0.694999999 0.8370909061
vt 0.6910000039 0.8535757607
vt 0.6949999992 0.8370909063
vt 0.7049999952 0.8409696876
vt 0.6910000043 0.853575761
vt 0.7049999943 0.8409696869
vt 0.7020000016 0.8545454599
vt 0.6949999992 0.8370909063
vt 0.710000006 0.8264242368
vt 0.7049999951 0.8409696876
vt 0.6830000024 0.8322424346
vt 0.679793224 0.8310464348
vt 0.6855704407 0.823103105
vt 0.683000003 0.832242435
vt 0.6999999966 0.818666656
vt 0.6949999991 0.8370909061
vt 0.6830000025 0.8322424346
vt 0.6855704409 0.8231031049
vt 0.6999999971 0.8186666564
vt 0.699999997 0.8186666562
vt 0.6898359387 0.811498621
vt 0.6901600647 0.8101591588
vt 0.6999999971 0.8186666564
vt 0.6874236571 0.8205819683
vt 0.6898359388 0.811498621
vt 0.6999999971 0.8186666564
vt 0.6855704409 0.8231031049
vt 0.6874236571 0.8205819683
vt 0.6949999992 0.8370909061
vt 0.6999999971 0.8186666561
vt 0.710000006 0.8264242367
vt 0.7020000014 0.8545454598
vt 0.7150000039 0.8448484883
vt 0.7119999993 0.8555151543
vt 0.7020000015 0.8545454598
vt 0.7049999946 0.8409696872
vt 0.715000004 0.8448484883
vt 0.7049999952 0.840969687
vt 0.7209999999 0.8322424359
vt 0.7150000038 0.8448484884
vt 0.7150000039 0.8448484885
vt 0.721 0.8322424361
vt 0.7309999991 0.8380606034
vt 0.7260000057 0.8477575798
vt 0.7150000045 0.8448484883
vt 0.7309999988 0.8380606035
vt 0.6999999973 0.8186666558
vt 0.7180000058 0.8089696957
vt 0.7100000062 0.8264242363
vt 0.7100000062 0.8264242367
vt 0.7289999938 0.818666668
vt 0.721000001 0.832242435
vt 0.7119999993 0.8555151543
vt 0.7150000045 0.8448484883
vt 0.7260000057 0.8477575798
vt 0.7119999993 0.8555151544
vt 0.7260000055 0.8477575803
vt 0.7230000063 0.856484845
vt 0.7230000056 0.8564848449
vt 0.7260000046 0.8477575802
vt 0.7350000048 0.8496969734
vt 0.7049999943 0.8409696879
vt 0.7100000063 0.8264242366
vt 0.7210000008 0.8322424351
vt 0.7210000006 0.8322424351
vt 0.728999994 0.8186666679
vt 0.7389999975 0.8264242369
vt 0.7100000063 0.8264242364
vt 0.7180000061 0.8089696957
vt 0.7289999939 0.8186666679
vt 0.7069999959 0.7992727274
vt 0.6901600647 0.8101591589
vt 0.6952494904 0.7888278328
vt 0.699999997 0.8186666562
vt 0.6901600647 0.8101591588
vt 0.7069999959 0.7992727274
vt 0.7160000006 0.7798787873
vt 0.6953340168 0.7884672514
vt 0.6959273669 0.7861331088
vt 0.7069999959 0.7992727273
vt 0.6952494904 0.7888278328
vt 0.6953340168 0.7884672516
vt 0.7160000006 0.7798787873
vt 0.7069999959 0.7992727273
vt 0.6953340168 0.7884672516
vt 0.7029999979 0.7672727238
vt 0.7160000006 0.7798787873
vt 0.6959273669 0.7861331088
vt 0.6999999971 0.8186666564
vt 0.706999996 0.7992727275
vt 0.7180000059 0.8089696956
vt 0.7069999959 0.7992727273
vt 0.7280000019 0.7924848542
vt 0.7180000059 0.8089696959
vt 0.7289999939 0.8186666678
vt 0.7180000061 0.8089696959
vt 0.7400000011 0.803151514
vt 0.7180000061 0.8089696958
vt 0.7280000021 0.7924848541
vt 0.7400000011 0.8031515141
vt 0.7160000007 0.7798787873
vt 0.7389999973 0.7759999964
vt 0.7280000019 0.7924848546
vt 0.7160000006 0.7798787873
vt 0.728000002 0.7924848545
vt 0.7069999959 0.7992727273
vt 0.7309999991 0.8380606035
vt 0.7480000063 0.8332121162
vt 0.7400000045 0.841939398
vt 0.7400000047 0.8419393979
vt 0.7480000063 0.8332121162
vt 0.7540000022 0.8380606149
vt 0.7309999989 0.8380606034
vt 0.7389999973 0.8264242363
vt 0.748000006 0.833212116
vt 0.728999994 0.8186666678
vt 0.7499999984 0.8147878783
vt 0.7389999976 0.826424237
vt 0.7480000056 0.8332121161
vt 0.7569999945 0.8244848489
vt 0.7540000027 0.8380606149
vt 0.7389999972 0.8264242364
vt 0.7569999943 0.8244848487
vt 0.7480000056 0.8332121162
vt 0.7389999978 0.826424237
vt 0.7499999984 0.8147878783
vt 0.7569999944 0.8244848487
vt 0.7499999984 0.8147878783
vt 0.7680000015 0.8176969749
vt 0.7569999942 0.8244848489
vt 0.7260000043 0.8477575801
vt 0.740000004 0.8419393982
vt 0.7350000046 0.8496969733
vt 0.7230000056 0.856484845
vt 0.7350000053 0.8496969722
vt 0.7330000055 0.855515154
vt 0.733000006 0.8555151549
vt 0.7350000057 0.8496969731
vt 0.7439999944 0.8535757638
vt 0.7350000054 0.8496969731
vt 0.7400000047 0.841939398
vt 0.7449999945 0.8487272744
vt 0.726000005 0.8477575798
vt 0.730999999 0.8380606035
vt 0.7400000046 0.8419393979
vt 0.7449999949 0.8487272744
vt 0.7529999941 0.8438787986
vt 0.7529999967 0.8458181814
vt 0.7449999946 0.8487272744
vt 0.7480000006 0.8438787907
vt 0.7529999957 0.8438787985
vt 0.7449999949 0.8487272743
vt 0.7529999963 0.845818181
vt 0.7539999961 0.8487272629
vt 0.7400000046 0.8419393984
vt 0.754000002 0.8380606157
vt 0.7480000005 0.8438787913
vt 0.7480000005 0.8438787911
vt 0.7540000019 0.8380606152
vt 0.7560000025 0.8409696866
vt 0.7480000006 0.8438787909
vt 0.756000002 0.8409696869
vt 0.7529999959 0.8438787995
vt 0.7449999947 0.848727274
vt 0.7400000047 0.8419393981
vt 0.7480000006 0.843878791
vt 0.7350000057 0.8496969732
vt 0.7449999946 0.8487272744
vt 0.7439999941 0.8535757652
vt 0.7439999944 0.853575765
vt 0.7449999949 0.8487272742
vt 0.7539999957 0.8487272633
vt 0.7439999951 0.8535757637
vt 0.753999994 0.8487272664
vt 0.7559999977 0.8506666606
vt 0.743999994 0.8535757635
vt 0.7559999991 0.8506666608
vt 0.7440000029 0.8564848553
vt 0.7210000006 0.8322424362
vt 0.7389999975 0.8264242363
vt 0.730999999 0.8380606034
vt 0.7529999969 0.8458181812
vt 0.7529999942 0.8438787983
vt 0.7589999987 0.8409696859
vt 0.7529999945 0.8438788011
vt 0.7560000034 0.8409696852
vt 0.7589999983 0.8409696821
vt 0.7560000016 0.8409696875
vt 0.7540000021 0.8380606148
vt 0.7599999992 0.8341818091
vt 0.7560000015 0.8409696872
vt 0.7599999992 0.8341818086
vt 0.7589999959 0.8409696842
vt 0.7559999981 0.8506666603
vt 0.7539999942 0.8487272662
vt 0.7659999985 0.841939389
vt 0.7529999962 0.8458181808
vt 0.7629999951 0.8409696926
vt 0.7539999964 0.8487272627
vt 0.752999996 0.8458181815
vt 0.7589999949 0.8409696871
vt 0.7629999945 0.8409696943
vt 0.7589999947 0.8409696857
vt 0.7599999987 0.8341818091
vt 0.7629999944 0.8409696939
vt 0.7539999975 0.8487272646
vt 0.7629999958 0.8409696938
vt 0.7660000004 0.8419393881
vt 0.7540000024 0.8380606157
vt 0.7569999949 0.824484848
vt 0.7599999989 0.8341818083
vt 0.7599999991 0.8341818085
vt 0.7680000019 0.8176969753
vt 0.7679999987 0.8312727174
vt 0.7599999992 0.8341818081
vt 0.756999994 0.8244848485
vt 0.7680000018 0.8176969756
vt 0.767999999 0.8312727173
vt 0.7680000015 0.8176969753
vt 0.7730000035 0.8303030261
vt 0.7629999942 0.8409696939
vt 0.7599999986 0.8341818092
vt 0.7679999982 0.8312727181
vt 0.7629999959 0.8409696937
vt 0.7679999998 0.831272718
vt 0.7730000038 0.8303030262
vt 0.7680000014 0.8176969753
vt 0.7739999957 0.8147878763
vt 0.7730000035 0.8303030264
vt 0.7509999958 0.7895757531
vt 0.7610000056 0.8041212123
vt 0.740000001 0.8031515141
vt 0.728999994 0.8186666678
vt 0.7400000011 0.803151514
vt 0.7499999984 0.8147878782
vt 0.7499999984 0.8147878782
vt 0.740000001 0.8031515141
vt 0.7610000056 0.8041212123
vt 0.7280000021 0.792484854
vt 0.7509999955 0.7895757535
vt 0.740000001 0.8031515141
vt 0.7280000019 0.7924848545
vt 0.7389999973 0.7759999964
vt 0.7509999956 0.7895757531
vt 0.7499999984 0.8147878783
vt 0.7610000058 0.8041212119
vt 0.7680000019 0.8176969748
vt 0.7509999958 0.7895757532
vt 0.7599999951 0.7798787824
vt 0.7610000058 0.804121212
vt 0.7610000057 0.8041212118
vt 0.7599999952 0.7798787825
vt 0.7690000031 0.7973333342
vt 0.7680000018 0.8176969748
vt 0.7610000052 0.8041212124
vt 0.7739999953 0.8147878766
vt 0.7739999951 0.8147878769
vt 0.7610000056 0.8041212118
vt 0.7690000031 0.7973333342
vt 0.7629999956 0.8409696939
vt 0.7730000037 0.8303030262
vt 0.7659999998 0.8419393883
vt 0.7440000013 0.8564848559
vt 0.7560000003 0.8506666603
vt 0.758000002 0.8545454588
vt 0.7560000008 0.8506666596
vt 0.7660000005 0.8419393885
vt 0.7580000014 0.8545454593
vt 0.7659999996 0.8419393881
vt 0.7730000039 0.8303030263
vt 0.7700000053 0.844848476
vt 0.7730000036 0.8303030259
vt 0.7739999956 0.8147878771
vt 0.778000001 0.8303030344
vt 0.7659999995 0.8419393883
vt 0.7700000055 0.8448484758
vt 0.7580000028 0.8545454595
vt 0.773000004 0.8303030256
vt 0.7780000008 0.8303030339
vt 0.7700000055 0.8448484752
vt 0.7739999958 0.8147878768
vt 0.7790000026 0.8138181821
vt 0.7780000011 0.8303030344
vt 0.7739999957 0.8147878764
vt 0.7690000027 0.7973333345
vt 0.7790000027 0.8138181824
vt 0.7599999954 0.7798787823
vt 0.7749999962 0.7944242475
vt 0.7690000027 0.7973333345
vt 0.7690000026 0.7973333344
vt 0.7749999963 0.794424248
vt 0.7790000026 0.8138181823
vt 0.7599999955 0.7798787823
vt 0.767000002 0.775030301
vt 0.774999996 0.7944242478
vt 0.702999998 0.7672727237
vt 0.6959273664 0.7861331091
vt 0.7012453982 0.7655713013
vt 0.7029999981 0.7672727236
vt 0.7012453981 0.7655713016
vt 0.7057407585 0.7486938845
vt 0.7129999976 0.7459393967
vt 0.7057407583 0.7486938846
vt 0.7081542572 0.7387103166
vt 0.7029999981 0.7672727236
vt 0.7057407585 0.7486938845
vt 0.7129999975 0.7459393968
vt 0.7029999979 0.7672727238
vt 0.7279999952 0.7614545463
vt 0.7160000007 0.7798787873
vt 0.7029999978 0.7672727237
vt 0.7129999975 0.7459393968
vt 0.7279999952 0.7614545463
vt 0.7160000007 0.7798787873
vt 0.7279999953 0.7614545461
vt 0.7389999975 0.7759999963
vt 0.7279999953 0.7614545462
vt 0.7129999976 0.7459393968
vt 0.7370000008 0.74884849
vt 0.7129999974 0.7459393966
vt 0.7260000041 0.7343030259
vt 0.7370000004 0.7488484897
vt 0.7129999974 0.7459393969
vt 0.7081542572 0.7387103166
vt 0.7139332127 0.7178865137
vt 0.7129999974 0.7459393966
vt 0.7139332127 0.7178865139
vt 0.726000004 0.7343030258
vt 0.726000004 0.7343030258
vt 0.7139332127 0.7178865139
vt 0.7140623008 0.7174358183
vt 0.726000004 0.7343030258
vt 0.7140623008 0.7174358183
vt 0.7142908256 0.7163253211
vt 0.7260000035 0.7343030261
vt 0.7142908264 0.7163253206
vt 0.7143521201 0.7160650339
vt 0.7260000035 0.7343030261
vt 0.7143521201 0.7160650339
vt 0.7360000023 0.7275151527
vt 0.7279999952 0.7614545461
vt 0.7490000045 0.7643636324
vt 0.7389999975 0.7759999963
vt 0.7389999973 0.7759999964
vt 0.7490000045 0.7643636324
vt 0.7509999956 0.7895757531
vt 0.7279999953 0.7614545462
vt 0.7370000008 0.7488484901
vt 0.7490000041 0.7643636323
vt 0.7509999958 0.7895757531
vt 0.7490000043 0.7643636323
vt 0.7599999952 0.7798787824
vt 0.7260000036 0.7343030261
vt 0.7459999965 0.7420606027
vt 0.7370000006 0.7488484897
vt 0.737000001 0.7488484898
vt 0.7559999979 0.758545456
vt 0.7490000034 0.764363633
vt 0.7260000035 0.7343030261
vt 0.7360000022 0.7275151525
vt 0.7459999965 0.7420606027
vt 0.7249999951 0.7129696947
vt 0.7143521201 0.7160650338
vt 0.7144349599 0.7157637555
vt 0.7249999954 0.7129696946
vt 0.7144349599 0.7157637552
vt 0.7182680191 0.7027729547
vt 0.7249999951 0.7129696947
vt 0.7360000023 0.7275151526
vt 0.7143521201 0.7160650338
vt 0.7249999954 0.7129696946
vt 0.7182680191 0.7027729547
vt 0.7200347279 0.6975622927
vt 0.7199678252 0.6975533367
vt 0.7182680192 0.7027729547
vt 0.7197749728 0.6975414908
vt 0.7199678247 0.6975533364
vt 0.7200347279 0.6975622927
vt 0.7182680191 0.7027729547
vt 0.7370000007 0.7488484899
vt 0.7459999964 0.7420606024
vt 0.7559999977 0.7585454561
vt 0.7490000037 0.7643636328
vt 0.767000002 0.7750303011
vt 0.7599999952 0.7798787823
vt 0.7490000034 0.7643636329
vt 0.7559999979 0.758545456
vt 0.7670000018 0.7750303012
vt 0.3370000035 0.2019393934
vt 0.33119725 0.2147278195
vt 0.3220034951 0.1985177393
vt 0.3370000036 0.2019393935
vt 0.3400000037 0.2232727174
vt 0.33119725 0.2147278195
vt 0.3400000037 0.2232727174
vt 0.3365465503 0.2239903167
vt 0.33119725 0.2147278195
vt 0.4160000029 0.2087272688
vt 0.4270000048 0.2193939484
vt 0.4229999992 0.2213333383
vt 0.4270000041 0.219393949
vt 0.4330000007 0.2339393903
vt 0.4290000031 0.2339393986
vt 0.4330000014 0.2339393899
vt 0.4330000027 0.2513939396
vt 0.4279999956 0.2494545467
vt 0.4160000015 0.208727269
vt 0.4230000003 0.2213333382
vt 0.4140000005 0.2116363699
vt 0.4020000013 0.2048484788
vt 0.416000002 0.2087272695
vt 0.4140000003 0.211636369
vt 0.4270000045 0.219393949
vt 0.4290000035 0.2339393986
vt 0.4229999993 0.2213333388
vt 0.4199999955 0.2223030335
vt 0.4229999994 0.2213333394
vt 0.4290000034 0.2339393984
vt 0.4330000013 0.2339393898
vt 0.4279999962 0.2494545472
vt 0.4290000024 0.2339393983
vt 0.4330000024 0.2513939394
vt 0.4269999974 0.2698181757
vt 0.4220000025 0.2659393933
vt 0.410999995 0.2824242475
vt 0.4269999969 0.2698181759
vt 0.4170000016 0.2882424266
vt 0.4279999956 0.249454547
vt 0.4330000027 0.2513939394
vt 0.4220000028 0.2659393933
vt 0.410999995 0.2824242475
vt 0.4220000027 0.2659393932
vt 0.4269999974 0.2698181761
vt 0.3709999996 0.2029090882
vt 0.3830000053 0.2116363601
vt 0.3730000042 0.2135757545
vt 0.3709999996 0.2029090884
vt 0.3810000054 0.2038787918
vt 0.3830000054 0.2116363607
vt 0.3810000056 0.2038787918
vt 0.3930000057 0.2116363614
vt 0.3830000056 0.2116363608
vt 0.361999994 0.2164848579
vt 0.3770000014 0.2261818067
vt 0.3660000058 0.2320000063
vt 0.3770000012 0.2261818063
vt 0.3939999973 0.2339393998
vt 0.3839999943 0.2416969679
vt 0.3660000056 0.2320000065
vt 0.3839999941 0.2416969678
vt 0.3720000059 0.2494545474
vt 0.3370000033 0.2019393934
vt 0.3490000041 0.2029090879
vt 0.3519999991 0.2203636392
vt 0.3370000035 0.2019393935
vt 0.3519999989 0.2203636391
vt 0.3400000037 0.2232727174
vt 0.3490000039 0.2029090877
vt 0.3619999948 0.2164848583
vt 0.3519999991 0.2203636393
vt 0.3490000045 0.2029090879
vt 0.360000002 0.2029090858
vt 0.3619999936 0.2164848578
vt 0.3519999991 0.2203636393
vt 0.3619999947 0.2164848583
vt 0.3660000055 0.2320000061
vt 0.3400000039 0.2232727172
vt 0.3412852241 0.2328274712
vt 0.3365465506 0.2239903166
vt 0.3400000039 0.2232727174
vt 0.3519999988 0.2203636391
vt 0.3549999957 0.2387878885
vt 0.3400000039 0.223272717
vt 0.3549999957 0.238787889
vt 0.3412852241 0.2328274709
vt 0.3549999957 0.238787889
vt 0.3427760148 0.235577978
vt 0.3412852241 0.2328274709
vt 0.3549999957 0.238787889
vt 0.3439119328 0.2450599191
vt 0.3427760148 0.235577978
vt 0.3549999958 0.2387878888
vt 0.3440956176 0.246388185
vt 0.3439119329 0.245059919
vt 0.3519999989 0.2203636392
vt 0.3660000054 0.2320000061
vt 0.3549999959 0.2387878889
vt 0.3600000022 0.2029090859
vt 0.3709999996 0.2029090882
vt 0.3730000047 0.2135757545
vt 0.360000002 0.2029090859
vt 0.3730000046 0.2135757545
vt 0.3619999934 0.2164848576
vt 0.3619999933 0.2164848577
vt 0.3730000046 0.2135757545
vt 0.377000002 0.2261818069
vt 0.3730000041 0.2135757548
vt 0.3869999988 0.2223030326
vt 0.3770000015 0.2261818072
vt 0.3830000053 0.21163636
vt 0.3869999988 0.2223030328
vt 0.3730000042 0.2135757544
vt 0.354999996 0.2387878891
vt 0.3660000055 0.2320000063
vt 0.3720000057 0.2494545471
vt 0.3660000057 0.2320000066
vt 0.3770000015 0.2261818063
vt 0.3839999941 0.2416969678
vt 0.3549999958 0.2387878888
vt 0.3599999959 0.2581818178
vt 0.3440956176 0.246388185
vt 0.3599999959 0.2581818178
vt 0.3472702816 0.2676771765
vt 0.3440956175 0.2463881848
vt 0.359999996 0.2581818178
vt 0.3473181116 0.2680484441
vt 0.3472702816 0.2676771765
vt 0.359999996 0.2581818178
vt 0.3670000006 0.2785454551
vt 0.3473181116 0.2680484441
vt 0.3670000006 0.2785454551
vt 0.3476955276 0.2704641475
vt 0.3473181115 0.2680484442
vt 0.3529999976 0.2901818215
vt 0.3476955276 0.2704641475
vt 0.3670000006 0.2785454551
vt 0.354999996 0.2387878886
vt 0.3720000057 0.2494545472
vt 0.359999996 0.2581818177
vt 0.359999996 0.2581818176
vt 0.3720000057 0.2494545473
vt 0.3800000025 0.2678787822
vt 0.3839999941 0.241696968
vt 0.3930000009 0.2572121224
vt 0.3720000059 0.2494545471
vt 0.3720000059 0.2494545471
vt 0.3930000009 0.2572121224
vt 0.3800000027 0.267878782
vt 0.359999996 0.2581818176
vt 0.3800000025 0.2678787822
vt 0.3670000006 0.2785454552
vt 0.3800000023 0.2678787822
vt 0.389999997 0.2853333365
vt 0.3670000006 0.2785454552
vt 0.4020000029 0.2048484756
vt 0.4139999991 0.2116363715
vt 0.401999994 0.2087272653
vt 0.4019999951 0.2087272646
vt 0.4139999977 0.2116363724
vt 0.411999994 0.2145454641
vt 0.3930000057 0.211636361
vt 0.4019999941 0.2087272666
vt 0.4029999946 0.2126060591
vt 0.4019999944 0.2087272659
vt 0.4119999957 0.2145454607
vt 0.4029999949 0.2126060584
vt 0.3810000056 0.2038787919
vt 0.3910000055 0.2048484818
vt 0.3930000053 0.2116363606
vt 0.391000006 0.204848482
vt 0.4019999944 0.2087272649
vt 0.3930000057 0.2116363608
vt 0.3930000059 0.2116363603
vt 0.4029999947 0.2126060589
vt 0.3970000054 0.2193939353
vt 0.3830000054 0.2116363607
vt 0.3930000056 0.2116363614
vt 0.3970000051 0.2193939364
vt 0.3830000058 0.2116363601
vt 0.3970000054 0.2193939358
vt 0.3869999986 0.2223030328
vt 0.4029999949 0.2126060583
vt 0.4119999961 0.214545461
vt 0.4109999963 0.2164848483
vt 0.402999995 0.2126060585
vt 0.4099999979 0.2184242296
vt 0.4050000012 0.2184242391
vt 0.4029999948 0.2126060583
vt 0.4109999959 0.2164848485
vt 0.4099999985 0.218424231
vt 0.4029999951 0.2126060585
vt 0.4050000012 0.2184242391
vt 0.3970000052 0.2193939354
vt 0.4050000006 0.2184242394
vt 0.4099999959 0.2184242308
vt 0.413000002 0.2213333434
vt 0.3970000051 0.2193939358
vt 0.405000001 0.2184242394
vt 0.4100000033 0.2242424157
vt 0.4050000014 0.2184242392
vt 0.4129999998 0.2213333438
vt 0.4100000046 0.2242424151
vt 0.3770000013 0.2261818074
vt 0.3869999988 0.2223030326
vt 0.3939999972 0.2339393992
vt 0.4139999978 0.2116363724
vt 0.4229999983 0.2213333401
vt 0.4119999942 0.2145454642
vt 0.4119999968 0.2145454627
vt 0.4229999998 0.2213333392
vt 0.4199999956 0.2223030334
vt 0.4119999964 0.2145454612
vt 0.4199999954 0.2223030324
vt 0.4109999965 0.2164848484
vt 0.4109999959 0.2164848488
vt 0.4199999939 0.2223030335
vt 0.4159999928 0.2223030421
vt 0.415999993 0.2223030416
vt 0.419999994 0.2223030333
vt 0.4159999974 0.2290909182
vt 0.4130000001 0.2213333432
vt 0.415999994 0.2223030411
vt 0.4159999978 0.229090918
vt 0.4109999959 0.2164848486
vt 0.4159999927 0.2223030411
vt 0.4099999981 0.218424231
vt 0.4099999945 0.2184242318
vt 0.4159999983 0.2223030397
vt 0.4130000034 0.2213333423
vt 0.4129999996 0.2213333437
vt 0.4159999969 0.2290909188
vt 0.4100000046 0.2242424151
vt 0.419999994 0.2223030329
vt 0.4229999967 0.2329697064
vt 0.4159999971 0.2290909183
vt 0.4199999936 0.222303034
vt 0.4290000033 0.2339393984
vt 0.4229999965 0.2329697072
vt 0.4279999951 0.2494545472
vt 0.4220000022 0.2455757522
vt 0.4290000032 0.2339393984
vt 0.4100000034 0.2242424155
vt 0.415999998 0.2290909184
vt 0.4119999945 0.2378181813
vt 0.4159999985 0.2290909179
vt 0.4229999981 0.232969706
vt 0.4220000021 0.2455757527
vt 0.4159999981 0.2290909185
vt 0.4220000024 0.2455757522
vt 0.4119999941 0.237818181
vt 0.4229999981 0.2329697062
vt 0.4290000039 0.2339393979
vt 0.4220000022 0.2455757524
vt 0.3869999987 0.2223030326
vt 0.3970000053 0.219393936
vt 0.4040000058 0.2281212173
vt 0.3970000047 0.2193939362
vt 0.4100000027 0.2242424164
vt 0.4040000057 0.2281212173
vt 0.3869999986 0.2223030328
vt 0.4040000057 0.2281212175
vt 0.3939999966 0.2339393996
vt 0.3839999942 0.241696968
vt 0.3939999974 0.2339393997
vt 0.4039999984 0.247515152
vt 0.404000005 0.2281212178
vt 0.4100000031 0.224242416
vt 0.4119999948 0.2378181807
vt 0.3939999964 0.2339393997
vt 0.4040000051 0.2281212178
vt 0.4119999943 0.237818181
vt 0.3939999972 0.2339393996
vt 0.4119999943 0.237818181
vt 0.4039999984 0.2475151519
vt 0.4039999984 0.2475151519
vt 0.4119999943 0.237818181
vt 0.4220000021 0.2455757523
vt 0.4279999951 0.2494545472
vt 0.4140000054 0.2591515155
vt 0.4220000022 0.2455757524
vt 0.4279999949 0.2494545471
vt 0.4220000033 0.2659393933
vt 0.4140000058 0.2591515157
vt 0.3839999942 0.241696968
vt 0.4039999984 0.2475151519
vt 0.3930000009 0.2572121224
vt 0.4039999984 0.2475151519
vt 0.4140000056 0.2591515158
vt 0.3930000009 0.2572121224
vt 0.393000001 0.2572121224
vt 0.4140000056 0.2591515158
vt 0.4029999955 0.2727272767
vt 0.3800000026 0.267878782
vt 0.393000001 0.2572121224
vt 0.4029999951 0.2727272768
vt 0.3800000023 0.267878782
vt 0.4029999953 0.2727272768
vt 0.389999997 0.2853333367
vt 0.4039999984 0.2475151519
vt 0.4220000023 0.2455757524
vt 0.4140000057 0.2591515157
vt 0.4109999944 0.2824242474
vt 0.414000006 0.2591515156
vt 0.4220000034 0.2659393932
vt 0.4029999955 0.2727272768
vt 0.4140000056 0.2591515155
vt 0.4109999948 0.2824242475
vt 0.3689999952 0.3464242441
vt 0.3593521202 0.3414360729
vt 0.3810000023 0.332848484
vt 0.3689999955 0.3464242439
vt 0.3630416722 0.3608686847
vt 0.3618453463 0.3553713716
vt 0.3630416722 0.3608686847
vt 0.362978549 0.3608657059
vt 0.3618453463 0.3553713716
vt 0.3629785492 0.3608657062
vt 0.3627817162 0.3608794821
vt 0.3618453466 0.3553713714
vt 0.3720000029 0.3250909136
vt 0.392999996 0.3192727303
vt 0.3810000023 0.3328484841
vt 0.3689999955 0.3464242439
vt 0.3618453463 0.3553713716
vt 0.359395418 0.3417674774
vt 0.3689999952 0.3464242441
vt 0.3593954179 0.3417674772
vt 0.3593521202 0.3414360729
vt 0.4049999979 0.303757574
vt 0.3980000033 0.2969697009
vt 0.4170000018 0.2882424264
vt 0.3929999959 0.3192727304
vt 0.3850000013 0.3105454493
vt 0.4049999979 0.3037575737
vt 0.398000003 0.296969701
vt 0.4109999945 0.2824242475
vt 0.4170000017 0.2882424265
vt 0.3529999975 0.2901818216
vt 0.3509754602 0.2917523647
vt 0.3476955277 0.2704641471
vt 0.3529999976 0.2901818216
vt 0.353740758 0.3084546058
vt 0.3509754601 0.2917523646
vt 0.3529999976 0.2901818216
vt 0.3609999978 0.3115151486
vt 0.353740758 0.3084546058
vt 0.3609999978 0.3115151487
vt 0.3554087586 0.3183827749
vt 0.353740758 0.3084546058
vt 0.3529999976 0.2901818215
vt 0.3670000006 0.2785454552
vt 0.3769999954 0.2979393927
vt 0.3529999975 0.2901818214
vt 0.3769999954 0.2979393927
vt 0.3609999978 0.3115151486
vt 0.3670000006 0.2785454552
vt 0.389999997 0.2853333365
vt 0.3769999953 0.2979393927
vt 0.3609999978 0.3115151487
vt 0.3769999954 0.2979393928
vt 0.3850000011 0.3105454497
vt 0.3609999978 0.3115151485
vt 0.3850000012 0.3105454494
vt 0.3720000033 0.3250909142
vt 0.372000003 0.3250909136
vt 0.3810000022 0.332848484
vt 0.3593521202 0.3414360729
vt 0.372000003 0.3250909136
vt 0.3593521202 0.3414360729
vt 0.3593150628 0.3411762274
vt 0.3609999977 0.3115151484
vt 0.3591335805 0.3395680319
vt 0.3554087586 0.3183827748
vt 0.3609999978 0.3115151484
vt 0.3720000033 0.3250909142
vt 0.3591335804 0.3395680319
vt 0.3720000033 0.3250909142
vt 0.3592101029 0.340036271
vt 0.3591335804 0.3395680319
vt 0.3720000033 0.3250909142
vt 0.3593150624 0.3411762266
vt 0.3592101029 0.340036271
vt 0.372000003 0.3250909142
vt 0.3850000013 0.3105454493
vt 0.392999996 0.3192727304
vt 0.3850000012 0.3105454497
vt 0.3980000034 0.2969697008
vt 0.4049999979 0.303757574
vt 0.3769999954 0.2979393929
vt 0.3980000037 0.2969697011
vt 0.3850000011 0.3105454497
vt 0.4029999953 0.2727272768
vt 0.4109999945 0.2824242476
vt 0.3980000039 0.296969701
vt 0.3769999954 0.2979393929
vt 0.389999997 0.2853333365
vt 0.3980000038 0.296969701
vt 0.389999997 0.2853333367
vt 0.4029999953 0.2727272769
vt 0.3980000038 0.296969701
vt 0.3046875 0.02272727273
vt 0.3046875 0.02272727273
vt 0.3046875 0.02272727273
vt 0.3046875 0.02272727273
vt 0.3046875 0.02272727273
vt 0.3046875 0.02272727273
vt 0.3046875 0.02272727273
vt 0.3046875 0.02272727273
vt 0.3046875 0.02272727273
vt 0.3046875 0.02272727273
vt 0.3046875 0.02272727273
vt 0.3046875 0.02272727273
vt 0.3046875 0.02272727273
vt 0.3046875 0.02272727273
vt 0.3046875 0.02272727273
vt 0.3046875 0.02272727273
vt 0.3046875 0.02272727273
vt 0.3046875 0.02272727273
vt 0.3046875 0.02272727273
vt 0.3046875 0.02272727273
vt 0.3046875 0.02272727273
vt 0.3046875 0.02272727273
vt 0.3046875 0.02272727273
vt 0.3046875 0.02272727273
vt 0.3046875 0.02272727273
vt 0.3046875 0.02272727273
vt 0.3046875 0.02272727273
vt 0.3046875 0.02272727273
vt 0.3046875 0.02272727273
vt 0.3046875 0.02272727273
vt 0.3046875 0.02272727273
vt 0.3046875 0.02272727273
vt 0.3046875 0.02272727273
vt 0.3046875 0.02272727273
vt 0.3046875 0.02272727273
vt 0.3046875 0.02272727273
vt 0.3046875 0.02272727273
vt 0.3046875 0.02272727273
vt 0.3046875 0.02272727273
vt 0.3046875 0.02272727273
vt 0.3046875 0.02272727273
vt 0.3046875 0.02272727273
vt 0.3046875 0.02272727273
vt 0.3046875 0.02272727273
vt 0.3046875 0.02272727273
vt 0.3046875 0.02272727273
vt 0.3046875 0.02272727273
vt 0.3046875 0.02272727273
vt 0.3046875 0.02272727273
vt 0.3046875 0.02272727273
vt 0.3046875 0.02272727273
vt 0.3046875 0.02272727273
vt 0.3046875 0.02272727273
vt 0.3046875 0.02272727273
vt 0.3046875 0.02272727273
vt 0.3046875 0.02272727273
vt 0.3046875 0.02272727273
vt 0.3046875 0.02272727273
vt 0.3046875 0.02272727273
vt 0.3046875 0.02272727273
vt 0.3046875 0.02272727273
vt 0.3046875 0.02272727273
vt 0.3046875 0.02272727273
vt 0.3046875 0.02272727273
vt 0.3046875 0.02272727273
vt 0.3046875 0.02272727273
vt 0.3046875 0.02272727273
vt 0.3046875 0.02272727273
vt 0.3046875 0.02272727273
vt 0.3046875 0.02272727273
vt 0.3046875 0.02272727273
vt 0.3046875 0.02272727273
vt 0.3046875 0.02272727273
vt 0.3046875 0.02272727273
vt 0.3046875 0.02272727273
vt 0.3046875 0.02272727273
vt 0.3046875 0.02272727273
vt 0.3046875 0.02272727273
vt 0.3046875 0.02272727273
vt 0.3046875 0.02272727273
vt 0.3046875 0.02272727273
vt 0.3046875 0.02272727273
vt 0.3046875 0.02272727273
vt 0.3046875 0.02272727273
vt 0.3046875 0.02272727273
vt 0.3046875 0.02272727273
vt 0.3046875 0.02272727273
vt 0.3046875 0.02272727273
vt 0.3046875 0.02272727273
vt 0.3046875 0.02272727273
vt 0.3046875 0.02272727273
vt 0.3046875 0.02272727273
vt 0.3046875 0.02272727273
vt 0.3046875 0.02272727273
vt 0.3046875 0.02272727273
vt 0.3046875 0.02272727273
vt 0.3046875 0.02272727273
vt 0.3046875 0.02272727273
vt 0.3046875 0.02272727273
vt 0.3046875 0.02272727273
vt 0.3046875 0.02272727273
vt 0.3046875 0.02272727273
vt 0.3046875 0.02272727273
vt 0.3046875 0.02272727273
vt 0.3046875 0.02272727273
vt 0.3046875 0.02272727273
vt 0.3046875 0.02272727273
vt 0.3046875 0.02272727273
vt 0.3046875 0.02272727273
vt 0.3046875 0.02272727273
vt 0.3046875 0.02272727273
vt 0.3046875 0.02272727273
vt 0.3046875 0.02272727273
vt 0.3046875 0.02272727273
vt 0.3046875 0.02272727273
vt 0.3046875 0.02272727273
vt 0.3046875 0.02272727273
vt 0.3046875 0.02272727273
vt 0.3046875 0.02272727273
vt 0.3046875 0.02272727273
vt 0.3046875 0.02272727273
vt 0.3046875 0.02272727273
vt 0.3046875 0.02272727273
vt 0.3046875 0.02272727273
vt 0.3046875 0.02272727273
vt 0.3046875 0.02272727273
vt 0.3046875 0.02272727273
vt 0.3046875 0.02272727273
vt 0.3046875 0.02272727273
vt 0.3046875 0.02272727273
vt 0.3046875 0.02272727273
vt 0.3046875 0.02272727273
vt 0.3046875 0.02272727273
vt 0.3046875 0.02272727273
vt 0.3046875 0.02272727273
vt 0.3046875 0.02272727273
vt 0.3046875 0.02272727273
vt 0.3046875 0.02272727273
vt 0.3046875 0.02272727273
vt 0.3046875 0.02272727273
vt 0.3046875 0.02272727273
vt 0.3046875 0.02272727273
vt 0.3046875 0.02272727273
vt 0.3046875 0.02272727273
vt 0.3046875 0.02272727273
vt 0.3046875 0.02272727273
vt 0.3046875 0.02272727273
vt 0.3046875 0.02272727273
vt 0.3046875 0.02272727273
vt 0.3046875 0.02272727273
vt 0.3046875 0.02272727273
vt 0.3046875 0.02272727273
vt 0.3046875 0.02272727273
vt 0.3046875 0.02272727273
vt 0.3046875 0.02272727273
vt 0.3046875 0.02272727273
vt 0.3046875 0.02272727273
vt 0.3046875 0.02272727273
vt 0.3046875 0.02272727273
vt 0.3046875 0.02272727273
vt 0.3046875 0.02272727273
vt 0.3046875 0.02272727273
vt 0.3046875 0.02272727273
vt 0.3046875 0.02272727273
vt 0.3046875 0.02272727273
vt 0.3046875 0.02272727273
vt 0.3046875 0.02272727273
vt 0.3046875 0.02272727273
vt 0.3046875 0.02272727273
vt 0.3046875 0.02272727273
vt 0.3046875 0.02272727273
vt 0.3046875 0.02272727273
vt 0.3046875 0.02272727273
vt 0.3046875 0.02272727273
vt 0.3046875 0.02272727273
vt 0.3046875 0.02272727273
vt 0.3046875 0.02272727273
vt 0.3046875 0.02272727273
vt 0.3046875 0.02272727273
vt 0.3046875 0.02272727273
vt 0.3046875 0.02272727273
vt 0.3046875 0.02272727273
vt 0.3046875 0.02272727273
vt 0.3046875 0.02272727273
vt 0.3046875 0.02272727273
vt 0.3046875 0.02272727273
vt 0.3046875 0.02272727273
vt 0.3046875 0.02272727273
vt 0.3046875 0.02272727273
vt 0.3046875 0.02272727273
vt 0.3046875 0.02272727273
vt 0.3046875 0.02272727273
vt 0.3046875 0.02272727273
vt 0.3046875 0.02272727273
vt 0.3046875 0.02272727273
vt 0.3046875 0.02272727273
vt 0.3046875 0.02272727273
vt 0.3046875 0.02272727273
vt 0.3046875 0.02272727273
vt 0.3046875 0.02272727273
vt 0.3046875 0.02272727273
vt 0.3046875 0.02272727273
vt 0.3046875 0.02272727273
vt 0.3046875 0.02272727273
vt 0.3046875 0.02272727273
vt 0.3046875 0.02272727273
vt 0.3046875 0.02272727273
vt 0.3046875 0.02272727273
vt 0.3046875 0.02272727273
vt 0.3046875 0.02272727273
vt 0.3046875 0.02272727273
vt 0.3046875 0.02272727273
vt 0.3046875 0.02272727273
vt 0.3046875 0.02272727273
vt 0.3046875 0.02272727273
vt 0.3046875 0.02272727273
vt 0.3046875 0.02272727273
vt 0.3046875 0.02272727273
vt 0.3046875 0.02272727273
vt 0.3046875 0.02272727273
vt 0.3046875 0.02272727273
vt 0.3046875 0.02272727273
vt 0.3046875 0.02272727273
vt 0.3046875 0.02272727273
vt 0.3046875 0.02272727273
vt 0.3046875 0.02272727273
vt 0.3046875 0.02272727273
vt 0.3046875 0.02272727273
vt 0.3046875 0.02272727273
vt 0.3046875 0.02272727273
vt 0.3046875 0.02272727273
vt 0.3046875 0.02272727273
vt 0.3046875 0.02272727273
vt 0.3046875 0.02272727273
vt 0.3046875 0.02272727273
vt 0.3046875 0.02272727273
vt 0.3046875 0.02272727273
vt 0.3046875 0.02272727273
vt 0.3046875 0.02272727273
vt 0.3046875 0.02272727273
vt 0.3046875 0.02272727273
vt 0.3046875 0.02272727273
vt 0.3046875 0.02272727273
vt 0.3046875 0.02272727273
vt 0.3046875 0.02272727273
vt 0.3046875 0.02272727273
vt 0.3046875 0.02272727273
vt 0.3046875 0.02272727273
vt 0.3046875 0.02272727273
vt 0.3046875 0.02272727273
vt 0.3046875 0.02272727273
vt 0.3046875 0.02272727273
vt 0.3046875 0.02272727273
vt 0.3046875 0.02272727273
vt 0.3046875 0.02272727273
vt 0.3046875 0.02272727273
vt 0.3046875 0.02272727273
vt 0.3046875 0.02272727273
vt 0.3046875 0.02272727273
vt 0.3046875 0.02272727273
vt 0.3046875 0.02272727273
vt 0.3046875 0.02272727273
vt 0.3046875 0.02272727273
vt 0.3046875 0.02272727273
vt 0.3046875 0.02272727273
vt 0.3046875 0.02272727273
vt 0.3046875 0.02272727273
vt 0.3046875 0.02272727273
vt 0.3046875 0.02272727273
vt 0.3046875 0.02272727273
vt 0.3046875 0.02272727273
vt 0.3046875 0.02272727273
vt 0.3046875 0.02272727273
vt 0.3046875 0.02272727273
vt 0.3046875 0.02272727273
vt 0.3046875 0.02272727273
vt 0.3046875 0.02272727273
vt 0.3046875 0.02272727273
vt 0.3046875 0.02272727273
vt 0.3046875 0.02272727273
vt 0.3046875 0.02272727273
vt 0.3046875 0.02272727273
vt 0.3046875 0.02272727273
vt 0.3046875 0.02272727273
vt 0.3046875 0.02272727273
vt 0.3046875 0.02272727273
vt 0.3046875 0.02272727273
vt 0.3046875 0.02272727273
vt 0.3046875 0.02272727273
vt 0.3046875 0.02272727273
vt 0.3046875 0.02272727273
vt 0.3046875 0.02272727273
vt 0.3046875 0.02272727273
vt 0.3046875 0.02272727273
vt 0.3046875 0.02272727273
vt 0.3046875 0.02272727273
vt 0.3046875 0.02272727273
vt 0.3046875 0.02272727273
vt 0.3046875 0.02272727273
vt 0.3046875 0.02272727273
vt 0.3046875 0.02272727273
vt 0.3046875 0.02272727273
vt 0.3046875 0.02272727273
vt 0.3046875 0.02272727273
vt 0.3046875 0.02272727273
vt 0.3046875 0.02272727273
vt 0.3046875 0.02272727273
vt 0.3046875 0.02272727273
vt 0.3046875 0.02272727273
vt 0.3046875 0.02272727273
vt 0.3046875 0.02272727273
vt 0.3046875 0.02272727273
vt 0.3046875 0.02272727273
vt 0.3046875 0.02272727273
vt 0.3046875 0.02272727273
vt 0.3046875 0.02272727273
vt 0.3046875 0.02272727273
vt 0.3046875 0.02272727273
vt 0.3046875 0.02272727273
vt 0.3046875 0.02272727273
vt 0.3046875 0.02272727273
vt 0.3046875 0.02272727273
vt 0.3046875 0.02272727273
vt 0.3046875 0.02272727273
vt 0.3046875 0.02272727273
vt 0.3046875 0.02272727273
vt 0.3046875 0.02272727273
vt 0.3046875 0.02272727273
vt 0.3046875 0.02272727273
vt 0.3046875 0.02272727273
vt 0.3046875 0.02272727273
vt 0.3046875 0.02272727273
vt 0.3046875 0.02272727273
vt 0.3046875 0.02272727273
vt 0.3046875 0.02272727273
vt 0.3046875 0.02272727273
vt 0.3046875 0.02272727273
vt 0.3046875 0.02272727273
vt 0.3046875 0.02272727273
vt 0.3046875 0.02272727273
vt 0.3046875 0.02272727273
vt 0.3046875 0.02272727273
vn -0.1104312803 -0.7175601707 0.6876862176
vn -0.1067513819 -0.7102315471 0.6958270561
vn -0.1062023042 -0.7239790178 0.6815977203
vn -0.1533519279 -0.6463218688 0.7474966409
vn -0.106751369 -0.7102315493 0.6958270558
vn -0.1104312817 -0.7175601705 0.6876862175
vn -0.1533519279 -0.6463218688 0.7474966409
vn -0.1104312817 -0.7175601705 0.6876862175
vn -0.1454628072 -0.6863937558 0.7125336369
vn -0.04847795684 -0.990887001 0.1256695626
vn -0.0953679974 -0.9726993589 0.2115677252
vn -0.04069002528 -0.9858302758 0.1627359492
vn -0.2648772147 -0.9470476037 0.1814962742
vn -0.09536799557 -0.972699365 0.2115676977
vn -0.04847795173 -0.9908870104 0.1256694903
vn -0.0484779273 -0.990887007 0.1256695269
vn -0.04069026205 -0.985830218 0.1627362403
vn -0.02562900948 -0.9798245898 0.1982093013
vn -0.0484779273 -0.990887007 0.1256695269
vn -0.02562900948 -0.9798245898 0.1982093013
vn -0.03508479678 -0.9908699827 0.130175783
vn -0.1533519279 -0.6463218688 0.7474966409
vn -0.1259840999 -0.649328539 0.7500003034
vn -0.106751369 -0.7102315493 0.6958270558
vn -0.1829836183 -0.951014308 0.2491762053
vn -0.1996341699 -0.9386123834 0.2813414154
vn -0.1837317054 -0.9468651256 0.2639869208
vn -0.1829836689 -0.9510142795 0.2491762773
vn -0.2989749688 -0.8457178903 0.44201269
vn -0.1996341647 -0.9386123864 0.2813414089
vn -0.153351933 -0.6463218281 0.747496675
vn -0.1454628219 -0.6863936498 0.712533736
vn -0.1895426924 -0.7584643123 0.6235426647
vn -0.153351933 -0.6463218281 0.747496675
vn -0.1895426924 -0.7584643123 0.6235426647
vn -0.1980234575 -0.7587084875 0.6206030464
vn -0.1829836689 -0.9510142795 0.2491762773
vn -0.2553851335 -0.9524229529 0.16633987
vn -0.2989749688 -0.8457178903 0.44201269
vn -0.1980234529 -0.7587083384 0.6206032302
vn -0.1895426918 -0.7584642897 0.6235426924
vn -0.1966652701 -0.7562038485 0.6240821349
vn -0.1980235361 -0.7587086081 0.6206028739
vn -0.1966652517 -0.7562037837 0.6240822192
vn -0.2584009108 -0.8736236699 0.4123234807
vn -0.1980235361 -0.7587086081 0.6206028739
vn -0.2584009108 -0.8736236699 0.4123234807
vn -0.2790902837 -0.9054657488 0.3197505142
vn -0.2790900334 -0.9054661609 0.3197495658
vn -0.258400647 -0.8736242518 0.412322413
vn -0.2951722586 -0.8576327983 0.4211167546
vn -0.2790902766 -0.9054661143 0.3197494853
vn -0.2951720151 -0.8576328361 0.4211168484
vn -0.2989750314 -0.8457177958 0.4420128283
vn -0.2790902766 -0.9054661143 0.3197494853
vn -0.2989750314 -0.8457177958 0.4420128283
vn -0.2553854091 -0.9524227851 0.1663404078
vn -0.2648773838 -0.9470475712 0.1814961968
vn -0.1632289821 -0.9669797006 0.1957206122
vn -0.2131863962 -0.9632317557 0.1635119118
vn -0.2648772147 -0.9470476037 0.1814962742
vn -0.2654176507 -0.9449951021 0.191148444
vn -0.09536799557 -0.972699365 0.2115676977
vn -0.1829837329 -0.9510142385 0.2491763866
vn -0.1837321356 -0.9468648399 0.2639876461
vn -0.1811703026 -0.9494192094 0.2564770678
vn -0.2648772109 -0.9470476346 0.1814961185
vn -0.04847795065 -0.9908869986 0.125669584
vn -0.1632290997 -0.9669796699 0.195720666
vn -0.04847793536 -0.9908869999 0.1256695796
vn -0.03508482959 -0.9908699546 0.1301759874
vn -0.1632290184 -0.966979688 0.1957206442
vn -0.03508471554 -0.9908699564 0.1301760049
vn -0.0256290152 -0.9798245928 0.1982092858
vn -0.03959060905 -0.9869193774 0.1562777211
vn -0.0350847277 -0.9908699618 0.1301759601
vn -0.03959062545 -0.9869193864 0.1562776604
vn -0.051852241 -0.9908345541 0.1247326404
vn -0.0350847277 -0.9908699618 0.1301759601
vn -0.051852241 -0.9908345541 0.1247326404
vn -0.05548338427 -0.9958259969 0.07247191135
vn -0.05548343575 -0.9958259915 0.07247194667
vn -0.05185242438 -0.9908345286 0.1247327661
vn -0.02500360447 -0.9967514062 0.07656013331
vn -0.03508484013 -0.9908699527 0.1301759997
vn -0.09183944084 -0.9876034553 0.1272985943
vn -0.163229027 -0.9669796844 0.1957206546
vn -0.03508473316 -0.9908699561 0.1301760028
vn -0.05548338875 -0.9958259942 0.07247194551
vn -0.05156902826 -0.9932324652 0.1040668314
vn -0.0350848173 -0.9908699573 0.1301759706
vn -0.05156900019 -0.9932324655 0.1040668422
vn -0.09183942231 -0.9876034601 0.1272985711
vn -0.05548338171 -0.9958259957 0.07247193023
vn -0.1094683146 -0.9855179735 0.1295029419
vn -0.05156903888 -0.9932324622 0.1040668543
vn -0.04971338033 -0.9970069279 0.05920950554
vn -0.0162490421 -0.9973741041 0.07057524372
vn -0.01570118582 -0.9997024042 0.01867018717
vn -0.04971336134 -0.9970069248 0.0592095733
vn -0.01570119699 -0.9997024047 0.01867014701
vn 0.0008841376056 -0.9999664606 0.008142237136
vn -0.05358973909 -0.9982498949 0.02500574247
vn -0.02661058196 -0.9995929717 0.01028435252
vn -0.02842396694 -0.9993949603 -0.0200447366
vn -0.05358973484 -0.9982498962 0.025005701
vn -0.02842395607 -0.9993949585 -0.02004484082
vn -0.03317426453 -0.9993735363 -0.01232895626
vn -0.05358973484 -0.9982498962 0.025005701
vn -0.03317426453 -0.9993735363 -0.01232895626
vn -0.07423822525 -0.9954268011 0.06011796357
vn -0.07423820404 -0.9954268052 0.06011792282
vn -0.03317426368 -0.9993735363 -0.01232895789
vn -0.02898921736 -0.9993264561 -0.02250021038
vn -0.07423820827 -0.995426806 0.06011790388
vn -0.02898921885 -0.9993264559 -0.02250021715
vn -0.02868177605 -0.9989655614 -0.03528686435
vn -0.07423822909 -0.9954268027 0.0601179324
vn -0.08825366003 -0.9952584134 0.04088987723
vn -0.1133435584 -0.9810000528 0.1574551818
vn -0.05548342482 -0.9958259938 0.07247192356
vn -0.01624903719 -0.9973741022 0.07057527221
vn -0.04971336119 -0.9970069224 0.05920961461
vn -0.05548342482 -0.9958259938 0.07247192356
vn -0.0250036518 -0.9967513973 0.0765602338
vn -0.01624903719 -0.9973741022 0.07057527221
vn -0.05548341116 -0.9958259929 0.07247194623
vn -0.04971338158 -0.9970069233 0.05920958205
vn -0.1094682261 -0.9855179896 0.1295028941
vn -0.04971336134 -0.9970069248 0.0592095733
vn 0.0008841376056 -0.9999664606 0.008142237136
vn -0.01637757259 -0.9992105589 0.03619439225
vn -0.01637755304 -0.9992105594 0.03619438943
vn -0.009884187581 -0.9997835591 0.01830677084
vn -0.02661059019 -0.9995929713 0.01028436341
vn -0.0163775551 -0.9992105597 0.03619437879
vn 0.0008841035078 -0.9999664604 0.008142263442
vn -0.009884181067 -0.9997835585 0.01830680457
vn -0.04971337522 -0.9970069237 0.05920958128
vn -0.01637757166 -0.999210559 0.03619439187
vn -0.06074025365 -0.9906936807 0.1218057986
vn -0.01637755419 -0.9992105593 0.03619439076
vn -0.05358971828 -0.9982498968 0.02500571371
vn -0.06074026943 -0.9906936796 0.1218057995
vn -0.04971335767 -0.9970069242 0.0592095862
vn -0.06074024799 -0.9906936809 0.1218058
vn -0.1094681963 -0.9855179922 0.1295028994
vn -0.05358971811 -0.998249897 0.02500570491
vn -0.09143411784 -0.9848920328 0.1470628634
vn -0.06074026934 -0.9906936788 0.1218058064
vn -0.01637755304 -0.9992105594 0.03619438943
vn -0.02661059019 -0.9995929713 0.01028436341
vn -0.05358971051 -0.9982498974 0.02500570462
vn -0.05358972705 -0.9982498965 0.02500570599
vn -0.07423823483 -0.9954268008 0.06011795759
vn -0.09143410961 -0.9848920337 0.1470628623
vn -0.0742382347 -0.9954268012 0.06011795018
vn -0.1133435616 -0.9810000507 0.157455192
vn -0.09143410949 -0.9848920347 0.1470628559
vn -0.08825365922 -0.9952584135 0.04088987703
vn -0.1460642323 -0.9766957288 0.1572599549
vn -0.1133435564 -0.9810000531 0.1574551813
vn -0.08880935622 -0.9939313364 0.06491068349
vn -0.0344480232 -0.9988486658 -0.03338677146
vn -0.05152905592 -0.9984551279 -0.02078735287
vn -0.1066537183 -0.9887093259 0.1052561313
vn -0.05441658255 -0.9984878774 0.007797059866
vn -0.04811656688 -0.9988416162 0.0004709040163
vn -0.1066537157 -0.9887093268 0.1052561256
vn -0.05453671749 -0.9984111932 -0.01417165253
vn -0.05441659172 -0.9984878768 0.007797079494
vn -0.1066537183 -0.9887093259 0.1052561313
vn -0.04811656688 -0.9988416162 0.0004709040163
vn -0.08594333366 -0.9925981362 0.08580608027
vn -0.0888093518 -0.9939313363 0.06491069022
vn -0.05152906356 -0.9984551272 -0.02078736399
vn -0.05453670295 -0.998411194 -0.01417165534
vn -0.0888093518 -0.9939313363 0.06491069022
vn -0.05453670295 -0.998411194 -0.01417165534
vn -0.1066537174 -0.9887093266 0.1052561262
vn -0.005839443298 -0.9998489315 -0.01637116665
vn -0.02321671283 -0.9996133674 0.01530032293
vn -0.01442661516 -0.9998711878 0.007034240698
vn -0.09182898054 -0.9938777722 0.06143624547
vn -0.005839473723 -0.9998489313 -0.01637116678
vn -0.151652433 -0.9879342486 0.03142387467
vn -0.08594332963 -0.9925981398 0.08580604252
vn -0.04811656003 -0.9988416166 0.0004708430615
vn -0.03095767434 -0.9986407929 0.04193076546
vn -0.0859433268 -0.992598139 0.0858060544
vn -0.03095766523 -0.9986407916 0.04193080464
vn -0.02496029882 -0.9994833769 0.02024753884
vn -0.08594332529 -0.9925981395 0.08580605092
vn -0.02496029767 -0.999483377 0.02024753621
vn -0.09182893827 -0.993877776 0.06143624669
vn -0.09182893827 -0.993877776 0.06143624669
vn -0.02496029767 -0.999483377 0.02024753621
vn -0.02321672423 -0.9996133671 0.01530032766
vn -0.09182893567 -0.9938777763 0.06143624561
vn -0.02321671283 -0.9996133674 0.01530032293
vn -0.005839443298 -0.9998489315 -0.01637116665
vn -0.07423820827 -0.995426806 0.06011790388
vn -0.02868177605 -0.9989655614 -0.03528686435
vn -0.0882536337 -0.9952584172 0.04088984095
vn -0.08825363558 -0.9952584157 0.04088987319
vn -0.02868177807 -0.9989655625 -0.03528683202
vn -0.02887473192 -0.9988315078 -0.03875395252
vn -0.08825363558 -0.9952584157 0.04088987319
vn -0.02887473192 -0.9988315078 -0.03875395252
vn -0.03625882127 -0.9986872324 -0.03618162209
vn -0.08825362453 -0.9952584166 0.04088987616
vn -0.03625881448 -0.9986872327 -0.03618162032
vn -0.03444800617 -0.9988486663 -0.03338677382
vn -0.08825362453 -0.9952584166 0.04088987616
vn -0.03444800617 -0.9988486663 -0.03338677382
vn -0.08880932163 -0.9939313398 0.064910679
vn -0.08825364543 -0.9952584141 0.04088989079
vn -0.08880934457 -0.9939313367 0.06491069511
vn -0.1460642168 -0.9766957286 0.1572599703
vn -0.08880935328 -0.993931334 0.06491072451
vn -0.1066537175 -0.9887093255 0.1052561366
vn -0.1707047593 -0.9665279426 0.1915296878
vn -0.1066537211 -0.9887093245 0.1052561422
vn -0.08594332885 -0.9925981381 0.08580606286
vn -0.1707047611 -0.9665279418 0.1915296905
vn -0.08880934483 -0.9939313366 0.06491069607
vn -0.1645181883 -0.9630067827 0.2134284474
vn -0.1460642199 -0.9766957273 0.1572599759
vn -0.08880933899 -0.9939313395 0.06491065838
vn -0.1707047594 -0.9665279425 0.1915296883
vn -0.1645181814 -0.9630067949 0.213428398
vn -0.08594332904 -0.9925981381 0.08580606279
vn -0.1681514299 -0.9747704291 0.1467913728
vn -0.1707047612 -0.966527941 0.1915296943
vn -0.08594332808 -0.9925981395 0.08580604825
vn -0.1617068999 -0.9743670394 0.1563961349
vn -0.1681514288 -0.9747704319 0.1467913559
vn -0.08594332275 -0.9925981387 0.08580606231
vn -0.09182893461 -0.9938777754 0.06143626316
vn -0.161706909 -0.9743670417 0.1563961116
vn -0.09182895958 -0.993877772 0.06143627966
vn -0.1516524377 -0.9879342482 0.03142386698
vn -0.2658565957 -0.9535298969 0.1417780177
vn -0.09182892684 -0.9938777761 0.06143626275
vn -0.2658566477 -0.9535298782 0.1417780458
vn -0.1617069552 -0.9743670336 0.1563961139
vn -0.1516524087 -0.9879342517 0.03142389586
vn 0.001612507827 -0.9999933249 -0.003278727814
vn -0.1775976911 -0.9813813952 0.07314107855
vn -0.1516523928 -0.9879342545 0.03142388536
vn -0.0058394454 -0.9998489316 -0.01637115934
vn 0.001612551925 -0.9999933247 -0.003278756952
vn -0.1775976784 -0.9813813973 0.07314108026
vn 0.001612496086 -0.9999933249 -0.003278729527
vn -0.235275315 -0.96555669 0.111111676
vn -0.2352752355 -0.9655567122 0.1111116512
vn 0.001612509008 -0.9999933248 -0.003278733548
vn -0.01034946161 -0.9995682818 0.02749797608
vn -0.1516524234 -0.9879342494 0.03142389718
vn -0.177597651 -0.9813814026 0.07314107621
vn -0.2658565796 -0.9535298964 0.1417780509
vn -0.2352752818 -0.9655567007 0.1111116538
vn -0.01034948081 -0.9995682816 0.02749797718
vn -0.2877951828 -0.9491998014 0.1272543508
vn -0.1775976789 -0.9813813958 0.07314109964
vn -0.2352753134 -0.9655566914 0.1111116675
vn -0.3803455061 -0.9008388565 0.2093481567
vn -0.01034949927 -0.9995682812 0.02749798241
vn -0.06211630661 -0.9968875279 0.04854710247
vn -0.2877951111 -0.9491998258 0.127254331
vn -0.2877951019 -0.9491998282 0.127254334
vn -0.0621163067 -0.9968875279 0.04854710244
vn -0.3828663398 -0.9197671261 0.08626586551
vn -0.06211635563 -0.9968875244 0.04854711091
vn -0.0966069112 -0.9952864201 0.008488028108
vn -0.382866337 -0.9197671273 0.08626586488
vn -0.3828663478 -0.9197671214 0.08626588026
vn -0.09660695645 -0.9952864152 0.008488087498
vn -0.4105591127 -0.9009837717 0.1402478456
vn -0.09660682522 -0.9952864282 0.008488064809
vn -0.08128308933 -0.9948916828 0.05986316839
vn -0.4105591881 -0.9009837354 0.140247858
vn -0.4105592109 -0.9009837252 0.1402478562
vn -0.0812832202 -0.9948916723 0.05986316517
vn -0.1200614943 -0.9907185388 0.06373393514
vn -0.410559221 -0.9009837063 0.1402479482
vn -0.1200615016 -0.9907185336 0.0637340013
vn -0.3960034171 -0.894900166 0.2057546758
vn -0.1775976094 -0.981381413 0.07314103691
vn -0.3364151193 -0.9151530465 0.2220805461
vn -0.2658566067 -0.953529885 0.141778077
vn -0.1775976316 -0.981381403 0.07314111721
vn -0.3803455593 -0.9008388385 0.2093481372
vn -0.3364151329 -0.9151530273 0.2220806048
vn -0.2352752793 -0.9655567013 0.1111116531
vn -0.2877951806 -0.9491998021 0.1272543509
vn -0.4622181723 -0.8660621256 0.1905013278
vn -0.2877950747 -0.949199842 0.1272542925
vn -0.3828663392 -0.9197671262 0.08626586742
vn -0.5726712481 -0.8042783386 0.1586946619
vn -0.2352753721 -0.9655566796 0.1111116457
vn -0.4622181335 -0.8660621449 0.1905013337
vn -0.3803455689 -0.9008388352 0.2093481342
vn -0.2877951845 -0.9491998006 0.127254353
vn -0.5726713066 -0.8042782905 0.1586946942
vn -0.4622181886 -0.8660621181 0.1905013222
vn -0.3828663356 -0.9197671269 0.08626587555
vn -0.6009570391 -0.7780281199 0.1830925498
vn -0.5726712419 -0.8042783409 0.1586946726
vn -0.3828663353 -0.9197671272 0.08626587411
vn -0.4105590641 -0.9009837974 0.1402478224
vn -0.6009570391 -0.7780281197 0.1830925507
vn -0.4105590611 -0.9009837992 0.1402478196
vn -0.3960030523 -0.8949003925 0.2057543925
vn -0.6009570389 -0.77802812 0.1830925502
vn -0.3960030626 -0.8949003751 0.2057544482
vn -0.562108888 -0.7796318493 0.2760575622
vn -0.6009570383 -0.7780281214 0.1830925462
vn -0.3960030606 -0.8949003773 0.2057544429
vn -0.501425595 -0.775002305 0.3846346317
vn -0.5621088646 -0.7796318745 0.2760575386
vn -0.1256717792 0.6590397235 0.7415343867
vn -0.1934347754 0.8018755821 0.5653127794
vn -0.1454671942 0.6770424366 0.7214241709
vn -0.1934347754 0.8018755821 0.5653127794
vn -0.1926185247 0.7921452553 0.5791407415
vn -0.1454671942 0.6770424366 0.7214241709
vn -0.193434744 0.801875666 0.565312671
vn -0.198847504 0.842141042 0.5012565566
vn -0.192618533 0.7921452354 0.5791407659
vn -0.1934347279 0.8018756423 0.5653127102
vn -0.2343957587 0.9382830783 0.2543294975
vn -0.1988474987 0.8421410296 0.5012565795
vn -0.2343957587 0.9382830783 0.2543294975
vn -0.2178048529 0.9193715598 0.327592706
vn -0.1988474987 0.8421410296 0.5012565795
vn -0.2343957278 0.9382831441 0.2543292833
vn -0.2456675751 0.947393517 0.2051657049
vn -0.2178048787 0.9193714766 0.3275929225
vn -0.2343957135 0.9382831345 0.2543293317
vn -0.2522366561 0.960078807 0.1209353282
vn -0.2509072455 0.9512857469 0.1791674687
vn -0.2343957278 0.9382831441 0.2543292833
vn -0.250907245 0.9512857471 0.1791674686
vn -0.2456675751 0.947393517 0.2051657049
vn -0.2648773838 0.9470475712 0.1814961968
vn -0.2131863962 0.9632317557 0.1635119118
vn -0.1632289821 0.9669797006 0.1957206122
vn -0.1256717825 0.6590397319 0.7415343788
vn -0.1005157953 0.7098032467 0.6971914557
vn -0.1072140106 0.656205921 0.7469263318
vn -0.1256717796 0.6590397321 0.7415343791
vn -0.1454672062 0.6770425595 0.7214240532
vn -0.1243833879 0.6947581048 0.7084066267
vn -0.2509072645 0.9512857362 0.1791674989
vn -0.2502790402 0.9494068687 0.1897023975
vn -0.2456675733 0.947393518 0.2051657022
vn -0.1632290324 0.9669796836 0.1957206544
vn -0.06933853937 0.9903512852 0.119985411
vn -0.02296148667 0.9906101213 0.1347752114
vn -0.06933845805 0.9903512923 0.119985399
vn -0.08824272246 0.9918028058 0.09241437308
vn -0.05618656988 0.9974025018 0.04507015318
vn -0.02296137695 0.9906101215 0.1347752288
vn -0.06933845134 0.9903512896 0.1199854254
vn -0.05618657061 0.9974025019 0.04507014992
vn -0.2648772147 0.9470476037 0.1814962742
vn -0.09536799557 0.972699365 0.2115676977
vn -0.2654176507 0.9449951021 0.191148444
vn -0.2648772109 0.9470476346 0.1814961185
vn -0.1632290997 0.9669796699 0.195720666
vn -0.04847795065 0.9908869986 0.125669584
vn -0.04847793631 0.9908869999 0.1256695792
vn -0.1632290229 0.9669796876 0.1957206424
vn -0.0229614753 0.9906101235 0.1347751973
vn -0.02296137696 0.9906101237 0.134775213
vn -0.05618657065 0.9974025025 0.04507013715
vn -0.02192657792 0.9930663968 0.1154918036
vn -0.05618657065 0.9974025025 0.04507013715
vn -0.04137756775 0.9972562175 0.06138349501
vn -0.02192657792 0.9930663968 0.1154918036
vn -0.08824271109 0.9918028052 0.09241438985
vn -0.03706855567 0.9968563027 0.07002452423
vn -0.05618657738 0.9974025019 0.0450701421
vn -0.05618658352 0.9974025019 0.04507013411
vn -0.02968247067 0.9991907728 0.02714314831
vn -0.04137751158 0.9972562191 0.06138350807
vn -0.02296138408 0.9906101227 0.1347752188
vn -0.02192656409 0.9930663984 0.1154917925
vn -0.01813062047 0.9873701206 0.1573897248
vn -0.02296139214 0.9906101216 0.134775226
vn -0.01813063128 0.9873701189 0.1573897347
vn -0.01832408853 0.9794340307 0.200930852
vn -0.08824271107 0.9918028046 0.09241439632
vn -0.07294091806 0.9849511671 0.1566870156
vn -0.03706855568 0.9968563018 0.0700245372
vn -0.1256717825 0.6590397319 0.7415343788
vn -0.124383396 0.6947581041 0.7084066258
vn -0.1038239622 0.7174001012 0.6888814699
vn -0.1256717825 0.6590397319 0.7415343788
vn -0.1038239622 0.7174001012 0.6888814699
vn -0.1005157953 0.7098032467 0.6971914557
vn -0.1038239622 0.7174001008 0.6888814704
vn -0.09883121351 0.723685423 0.6830166907
vn -0.1005157956 0.7098032498 0.6971914525
vn -0.2648772147 0.9470476037 0.1814962742
vn -0.04847795173 0.9908870104 0.1256694903
vn -0.09536799557 0.972699365 0.2115676977
vn -0.04847795684 0.990887001 0.1256695626
vn -0.04069002528 0.9858302758 0.1627359492
vn -0.0953679974 0.9726993589 0.2115677252
vn -0.04847792877 0.990887007 0.1256695264
vn -0.02296144475 0.9906101522 0.1347749921
vn -0.01832408481 0.9794340274 0.2009308682
vn -0.04847792877 0.990887007 0.1256695264
vn -0.01832408481 0.9794340274 0.2009308682
vn -0.04069025008 0.9858302177 0.1627362448
vn -0.0561865841 0.9974025011 0.04507015086
vn -0.03706854546 0.996856304 0.07002451097
vn -0.02968247085 0.9991907727 0.02714315046
vn -0.0729409309 0.9849511801 0.1566869279
vn -0.06987378362 0.993413276 0.09081694453
vn -0.02169971105 0.9988139171 0.04358762997
vn -0.06987379187 0.9934132732 0.09081696942
vn -0.09143411508 0.9848920308 0.1470628788
vn -0.06532919352 0.9976545364 0.02043336838
vn -0.0370685632 0.9968563053 0.07002448248
vn -0.07294092782 0.9849511772 0.156686948
vn -0.0216997126 0.9988139175 0.04358762013
vn -0.02169969959 0.9988139172 0.0435876352
vn -0.01871638435 0.999700918 -0.01574076173
vn -0.0009533524738 0.9996222111 0.02746863985
vn -0.06987379471 0.9934132743 0.09081695482
vn -0.06532919033 0.9976545362 0.02043338662
vn -0.02169969879 0.9988139179 0.04358761859
vn -0.02169971296 0.9988139176 0.0435876188
vn -0.0009533103067 0.9996222097 0.02746869184
vn -0.007753969531 0.9991579315 0.04029024481
vn -0.03706855642 0.9968563047 0.07002449522
vn -0.02169971296 0.9988139176 0.0435876188
vn -0.007753969531 0.9991579315 0.04029024481
vn -0.06654512035 0.995470796 0.06789433852
vn -0.09143410789 0.9848920346 0.1470628575
vn -0.1133435575 0.9810000506 0.1574551961
vn -0.02169969989 0.9988139177 0.0435876236
vn -0.06532919666 0.9976545351 0.020433418
vn -0.01871638439 0.999700918 -0.01574075905
vn -0.06532920601 0.9976545353 0.02043338154
vn -0.09143410368 0.9848920336 0.1470628666
vn -0.06654511548 0.9954707956 0.06789434907
vn -0.03706854546 0.996856304 0.07002451097
vn -0.01437312374 0.9992209226 0.0367554237
vn -0.02968247085 0.9991907727 0.02714315046
vn -0.03706855633 0.9968563041 0.07002450384
vn -0.007753969351 0.9991579312 0.04029025177
vn -0.01437311733 0.9992209225 0.03675542791
vn -0.06532919666 0.9976545351 0.020433418
vn -0.03838198479 0.9986468645 -0.03508936072
vn -0.01871638439 0.999700918 -0.01574075905
vn -0.06532922263 0.9976545339 0.02043339452
vn -0.03098831934 0.9990619568 -0.03024781916
vn -0.03838205003 0.9986468599 -0.03508941972
vn -0.06532922233 0.997654534 0.02043339326
vn -0.06654509543 0.995470798 0.06789433472
vn -0.03098831927 0.9990619568 -0.03024781976
vn -0.06654509543 0.995470798 0.06789433472
vn -0.02752510733 0.9994182272 -0.02013890868
vn -0.03098831927 0.9990619568 -0.03024781976
vn -0.06654512067 0.9954707978 0.06789431265
vn -0.1133435578 0.9810000529 0.1574551812
vn -0.0896650186 0.9953171482 0.03611037259
vn -0.1133435572 0.9810000534 0.1574551789
vn -0.1460642328 0.9766957289 0.1572599535
vn -0.08966501834 0.9953171482 0.03611037164
vn -0.06654510317 0.9954707992 0.0678943085
vn -0.0285674996 0.999254521 -0.02596729305
vn -0.02752511008 0.9994182269 -0.02013891801
vn -0.06654510317 0.9954707992 0.0678943085
vn -0.03196691852 0.9992416406 -0.02223195519
vn -0.0285674996 0.999254521 -0.02596729305
vn -0.06654510412 0.9954707996 0.06789430242
vn -0.08966499791 0.9953171505 0.0361103597
vn -0.0319669199 0.9992416404 -0.02223196358
vn -0.08966499791 0.9953171505 0.0361103597
vn -0.03787769063 0.9987959907 -0.03117450018
vn -0.0319669199 0.9992416404 -0.02223196358
vn -0.08966498238 0.995317151 0.03611038521
vn -0.03574249428 0.9989995471 -0.02687711017
vn -0.03787768115 0.9987959916 -0.03117448468
vn -0.1460642199 0.9766957273 0.1572599759
vn -0.1645181883 0.9630067827 0.2134284474
vn -0.08880934483 0.9939313366 0.06491069607
vn -0.1645181814 0.9630067949 0.213428398
vn -0.1707047594 0.9665279425 0.1915296883
vn -0.08880933899 0.9939313395 0.06491065838
vn -0.1707047612 0.966527941 0.1915296943
vn -0.1681514299 0.9747704291 0.1467913728
vn -0.08594332904 0.9925981381 0.08580606279
vn -0.08594332808 0.9925981395 0.08580604825
vn -0.1681514288 0.9747704319 0.1467913559
vn -0.1617068999 0.9743670394 0.1563961349
vn -0.08966500393 0.9953171489 0.03611038754
vn -0.1460642165 0.9766957285 0.1572599712
vn -0.08880934467 0.9939313367 0.06491069478
vn -0.08966498238 0.995317151 0.03611038521
vn -0.08880932098 0.993931339 0.06491069206
vn -0.03574249428 0.9989995471 -0.02687711017
vn -0.08880935328 0.993931334 0.06491072451
vn -0.1707047593 0.9665279426 0.1915296878
vn -0.1066537175 0.9887093255 0.1052561366
vn -0.1066537211 0.9887093245 0.1052561422
vn -0.1707047611 0.9665279418 0.1915296905
vn -0.08594332885 0.9925981381 0.08580606286
vn -0.09182892684 0.9938777761 0.06143626275
vn -0.1617069552 0.9743670336 0.1563961139
vn -0.2658566477 0.9535298782 0.1417780458
vn -0.08594332275 0.9925981387 0.08580606231
vn -0.161706909 0.9743670417 0.1563961116
vn -0.09182893461 0.9938777754 0.06143626316
vn -0.09182895958 0.993877772 0.06143627966
vn -0.2658565957 0.9535298969 0.1417780177
vn -0.1516524377 0.9879342482 0.03142386698
vn -0.08880935541 0.9939313367 0.06491067925
vn -0.05152905736 0.9984551279 -0.02078734558
vn -0.03574251115 0.9989995463 -0.0268771163
vn -0.0888093518 0.9939313363 0.06491069022
vn -0.05453670295 0.998411194 -0.01417165534
vn -0.05152906356 0.9984551272 -0.02078736399
vn -0.0888093518 0.9939313363 0.06491069022
vn -0.1066537174 0.9887093266 0.1052561262
vn -0.05453670295 0.998411194 -0.01417165534
vn -0.1066537157 0.9887093268 0.1052561256
vn -0.05441659172 0.9984878768 0.007797079494
vn -0.05453671749 0.9984111932 -0.01417165253
vn -0.1066537183 0.9887093259 0.1052561313
vn -0.04811656688 0.9988416162 0.0004709040163
vn -0.05441658255 0.9984878774 0.007797059866
vn -0.1066537183 0.9887093259 0.1052561313
vn -0.08594333366 0.9925981362 0.08580608027
vn -0.04811656688 0.9988416162 0.0004709040163
vn -0.08594332963 0.9925981398 0.08580604252
vn -0.03095767434 0.9986407929 0.04193076546
vn -0.04811656003 0.9988416166 0.0004708430615
vn -0.0859433268 0.992598139 0.0858060544
vn -0.02496029882 0.9994833769 0.02024753884
vn -0.03095766523 0.9986407916 0.04193080464
vn -0.08594332529 0.9925981395 0.08580605092
vn -0.09182893827 0.993877776 0.06143624669
vn -0.02496029767 0.999483377 0.02024753621
vn -0.09182893827 0.993877776 0.06143624669
vn -0.02321672423 0.9996133671 0.01530032766
vn -0.02496029767 0.999483377 0.02024753621
vn -0.09182893567 0.9938777763 0.06143624561
vn -0.005839443298 0.9998489315 -0.01637116665
vn -0.02321671283 0.9996133674 0.01530032293
vn -0.005839443298 0.9998489315 -0.01637116665
vn -0.01442661516 0.9998711878 0.007034240698
vn -0.02321671283 0.9996133674 0.01530032293
vn -0.09182898054 0.9938777722 0.06143624547
vn -0.151652433 0.9879342486 0.03142387467
vn -0.005839473723 0.9998489313 -0.01637116678
vn -0.3549527417 0.9099659013 0.2144075785
vn -0.4026713374 0.8790020917 0.2553646742
vn -0.2268561117 0.9669132926 0.1166832854
vn -0.4026713353 0.8790021227 0.2553645707
vn -0.462218147 0.8660621341 0.1905013503
vn -0.2268561059 0.966913306 0.1166831859
vn -0.4622181886 0.8660621181 0.1905013222
vn -0.5726713066 0.8042782905 0.1586946942
vn -0.2877951845 0.9491998006 0.127254353
vn -0.5726712419 0.8042783409 0.1586946726
vn -0.6009570391 0.7780281199 0.1830925498
vn -0.3828663356 0.9197671269 0.08626587555
vn -0.2658566121 0.9535298843 0.1417780712
vn -0.354952687 0.909965932 0.2144075386
vn -0.1718435535 0.9830879273 0.06330813797
vn -0.2268560403 0.9669133158 0.116683232
vn -0.4622181741 0.8660621249 0.1905013263
vn -0.2877951801 0.9491998022 0.1272543512
vn -0.2877950747 0.949199842 0.1272542925
vn -0.5726712481 0.8042783386 0.1586946619
vn -0.3828663392 0.9197671262 0.08626586742
vn -0.6009570383 0.7780281214 0.1830925462
vn -0.562108888 0.7796318493 0.2760575622
vn -0.3960030626 0.8949003751 0.2057544482
vn -0.3960030606 0.8949003773 0.2057544429
vn -0.5621088646 0.7796318745 0.2760575386
vn -0.501425595 0.775002305 0.3846346317
vn -0.3828663353 0.9197671272 0.08626587411
vn -0.6009570391 0.7780281197 0.1830925507
vn -0.4105590641 0.9009837974 0.1402478224
vn -0.6009570389 0.77802812 0.1830925502
vn -0.3960030523 0.8949003925 0.2057543925
vn -0.4105590611 0.9009837992 0.1402478196
vn -0.2658565765 0.9535298981 0.1417780454
vn -0.1718436085 0.9830879152 0.06330817684
vn -0.1516524204 0.98793425 0.0314238921
vn -0.3549527406 0.9099659016 0.2144075786
vn -0.2268560704 0.9669133059 0.1166832562
vn -0.1718436286 0.9830879107 0.06330819218
vn -0.2268560451 0.9669133148 0.1166832311
vn -0.2877951919 0.9491997995 0.1272543446
vn -0.01034947839 0.9995682815 0.02749797877
vn -0.3828663478 0.9197671214 0.08626588026
vn -0.4105591127 0.9009837717 0.1402478456
vn -0.09660695645 0.9952864152 0.008488087498
vn -0.2877951019 0.9491998282 0.127254334
vn -0.3828663398 0.9197671261 0.08626586551
vn -0.0621163067 0.9968875279 0.04854710244
vn -0.01034949927 0.9995682812 0.02749798241
vn -0.2877951111 0.9491998258 0.127254331
vn -0.06211630661 0.9968875279 0.04854710247
vn -0.06211635563 0.9968875244 0.04854711091
vn -0.382866337 0.9197671273 0.08626586488
vn -0.0966069112 0.9952864201 0.008488028108
vn -0.1516524071 0.987934252 0.03142389321
vn -0.1718436446 0.9830879091 0.06330817247
vn 0.001612512118 0.9999933248 -0.003278735147
vn -0.1516523928 0.9879342545 0.03142388536
vn 0.001612551925 0.9999933247 -0.003278756952
vn -0.0058394454 0.9998489316 -0.01637115934
vn -0.1718436306 0.9830879122 0.06330816262
vn -0.2268560706 0.9669133043 0.1166832686
vn 0.001612499092 0.9999933249 -0.003278725884
vn -0.2268559948 0.9669133266 0.1166832311
vn -0.01034945755 0.9995682818 0.02749797874
vn 0.001612511422 0.9999933248 -0.003278731949
vn -0.410559221 0.9009837063 0.1402479482
vn -0.3960034171 0.894900166 0.2057546758
vn -0.1200615016 0.9907185336 0.0637340013
vn -0.4105592109 0.9009837252 0.1402478562
vn -0.1200614943 0.9907185388 0.06373393514
vn -0.0812832202 0.9948916723 0.05986316517
vn -0.09660682522 0.9952864282 0.008488064809
vn -0.4105591881 0.9009837354 0.140247858
vn -0.08128308933 0.9948916828 0.05986316839
vn -0.005839435565 -0.9998489314 -0.01637117388
vn -0.01442666199 -0.9998711868 0.007034284545
vn -0.03604382857 -0.9989846637 0.02702747024
vn -0.005839425934 -0.9998489314 -0.01637118028
vn -0.03604383408 -0.9989846634 0.02702747389
vn -0.006855068195 -0.999964486 0.004902532658
vn -0.006855068195 -0.999964486 0.004902532658
vn -0.03604383408 -0.9989846634 0.02702747389
vn -0.02072057883 -0.9995863331 0.01994543041
vn -0.005839437704 -0.9998489316 -0.01637116205
vn -0.001705150668 -0.9999651912 0.00816754596
vn 0.00161258211 -0.9999933246 -0.003278767629
vn -0.005839438555 -0.9998489316 -0.01637116397
vn -0.006855085998 -0.9999644857 0.004902555699
vn -0.001705149937 -0.9999651912 0.00816754761
vn 0.001612583897 -0.9999933246 -0.003278771161
vn -0.001705151234 -0.9999651912 0.008167547048
vn 0.01020486822 -0.9999055432 0.009206813409
vn 0.001612568597 -0.9999933247 -0.003278752617
vn 0.01020489994 -0.9999055432 0.009206774957
vn -0.01034936135 -0.9995682837 0.02749794359
vn -0.001705153083 -0.9999651912 0.00816754632
vn -0.003377291751 -0.9998807722 0.0150676884
vn 0.01020486271 -0.9999055432 0.009206811221
vn -0.006855060576 -0.999964486 0.004902536271
vn -0.02072057006 -0.9995863332 0.01994543457
vn -0.01460832109 -0.9998474184 0.009577932553
vn -0.006855084145 -0.9999644857 0.004902560021
vn -0.006178608049 -0.9998222232 0.01781422864
vn -0.001705150451 -0.9999651912 0.008167546413
vn -0.006855074737 -0.9999644858 0.00490256021
vn -0.01460834036 -0.9998474178 0.009577965121
vn -0.006178617639 -0.9998222232 0.01781422845
vn -0.006178622862 -0.9998222231 0.01781422996
vn -0.02352485198 -0.9995957369 0.01596697135
vn -0.02563432164 -0.9995283453 0.01691060564
vn -0.006178617639 -0.9998222232 0.01781422845
vn -0.01568875037 -0.9998120974 0.01138564495
vn -0.02352485043 -0.9995957369 0.01596697091
vn -0.006178617639 -0.9998222232 0.01781422845
vn -0.01460834036 -0.9998474178 0.009577965121
vn -0.01568875037 -0.9998120974 0.01138564495
vn -0.001705150051 -0.9999651912 0.008167546981
vn -0.006178606592 -0.9998222232 0.01781423071
vn -0.003377290448 -0.9998807722 0.01506768868
vn -0.01034939337 -0.999568283 0.02749795801
vn -0.00250978337 -0.9999968398 -0.0001460763758
vn -0.06211624827 -0.9968875322 0.04854708903
vn -0.01034936031 -0.999568284 0.02749793267
vn 0.01020489698 -0.9999055429 0.00920680626
vn -0.002509749908 -0.9999968399 -0.0001461020103
vn 0.01020488769 -0.9999055429 0.009206821246
vn -0.002254331583 -0.9999658562 0.00795012181
vn -0.002509747604 -0.9999968399 -0.000146105734
vn -0.002509740125 -0.9999968399 -0.0001461029361
vn -0.002254324096 -0.9999658562 0.007950124618
vn 0.001245957827 -0.9999928702 0.003564700678
vn -0.0175286312 -0.9994484646 0.02820485408
vn -0.002509753034 -0.9999968399 -0.0001460810173
vn 0.001245965225 -0.9999928703 0.003564688116
vn -0.006178608986 -0.9998222233 0.01781422361
vn -0.01367114069 -0.999894088 0.004991263997
vn -0.003377293418 -0.9998807723 0.01506767987
vn -0.003377289749 -0.9998807724 0.01506767626
vn -0.003412998329 -0.9999693387 -0.007047917725
vn -0.002254324227 -0.9999658561 0.007950137549
vn -0.06211624788 -0.9968875322 0.04854708903
vn -0.002509760545 -0.9999968399 -0.0001460774262
vn -0.01752863966 -0.9994484643 0.0282048581
vn -0.06211625947 -0.9968875325 0.0485470689
vn -0.01752867481 -0.9994484654 0.02820479686
vn -0.09660704158 -0.995286407 0.008488083888
vn -0.09660703531 -0.9952864074 0.008488110733
vn -0.01752866589 -0.9994484645 0.02820483395
vn -0.04783345715 -0.9978509264 0.04478268624
vn 0.01020487175 -0.9999055431 0.009206816203
vn -0.00337729624 -0.9998807722 0.01506768593
vn -0.002254316817 -0.9999658562 0.007950126495
vn -0.002254321532 -0.9999658561 0.007950137557
vn -0.003413000319 -0.9999693387 -0.00704791773
vn 0.003432913747 -0.9999105851 -0.01292427648
vn -0.003377291902 -0.9998807724 0.01506767762
vn -0.01367113836 -0.999894088 0.004991260537
vn -0.00341299912 -0.9999693387 -0.007047917226
vn -0.03554671273 -0.9988291431 0.03281423527
vn -0.02563434083 -0.9995283447 0.01691060848
vn -0.01957105553 -0.9994731921 0.02589038456
vn -0.006178622862 -0.9998222231 0.01781422996
vn -0.02563432164 -0.9995283453 0.01691060564
vn -0.03554671828 -0.9988291429 0.03281423609
vn -0.008071153051 -0.9999570357 -0.004558870954
vn -0.01905443309 -0.9994992667 0.02526152208
vn -0.01578643892 -0.9995450903 0.02569826338
vn -0.03554671611 -0.9988291428 0.03281424176
vn -0.01957105823 -0.9994731919 0.02589038973
vn -0.01905443335 -0.9994992665 0.0252615288
vn -0.008071153043 -0.9999570357 -0.004558871539
vn -0.03554671611 -0.9988291428 0.03281424176
vn -0.01905443335 -0.9994992665 0.0252615288
vn 0.01049628261 -0.9996236596 0.02534496603
vn -0.008071153051 -0.9999570357 -0.004558870954
vn -0.01578643892 -0.9995450903 0.02569826338
vn -0.006178622445 -0.9998222229 0.01781424303
vn -0.03554671802 -0.9988291427 0.03281424392
vn -0.01367113866 -0.999894088 0.004991261058
vn -0.03554671863 -0.9988291425 0.03281424751
vn -0.03456098657 -0.9993385997 -0.0113093518
vn -0.0136711376 -0.9998940881 0.004991254869
vn -0.003412992972 -0.9999693387 -0.007047916187
vn -0.01367114446 -0.999894088 0.004991259513
vn -0.03551487884 -0.9990709382 -0.02441216635
vn -0.01367114495 -0.999894088 0.004991259489
vn -0.03456099401 -0.9993385995 -0.01130934714
vn -0.03551487802 -0.9990709382 -0.02441216631
vn -0.00807115174 -0.9999570357 -0.004558868846
vn 0.020352727 -0.9995535753 0.02187273691
vn -0.03456101251 -0.9993385988 -0.01130935246
vn -0.0080711532 -0.9999570357 -0.004558871902
vn -0.03456100767 -0.999338599 -0.0113093423
vn -0.0355467144 -0.9988291427 0.03281424561
vn 0.001245985967 -0.9999928702 0.003564694611
vn 0.0162793878 -0.9998011902 -0.01151354001
vn -0.05585422939 -0.9984136112 0.007110977396
vn -0.05585423717 -0.9984136105 0.007111022438
vn 0.01627938615 -0.9998011903 -0.01151353081
vn -0.05465880057 -0.9971814137 0.05139692345
vn 0.001245955854 -0.9999928702 0.003564696816
vn 0.003432910716 -0.999910585 -0.01292428061
vn 0.01627935303 -0.9998011908 -0.0115135375
vn -0.003412986744 -0.9999693387 -0.007047922388
vn -0.04326551421 -0.9989707846 -0.01361861749
vn 0.003432905447 -0.9999105852 -0.01292427363
vn 0.01627932273 -0.9998011916 -0.01151351394
vn -0.0240292176 -0.9996690534 0.009185880512
vn -0.05465875685 -0.9971814167 0.05139691191
vn 0.003432899248 -0.9999105852 -0.01292427166
vn -0.02402925567 -0.9996690522 0.009185909696
vn 0.01627932567 -0.9998011915 -0.01151351619
vn 0.003432903704 -0.999910585 -0.01292428654
vn -0.0432655147 -0.9989707846 -0.01361862109
vn -0.02402925534 -0.9996690522 0.009185908767
vn -0.04326551845 -0.9989707842 -0.01361863331
vn -0.006872390545 -0.9854953087 0.1695634593
vn -0.02402927381 -0.9996690523 0.009185848971
vn -0.01752863545 -0.9994484644 0.02820485675
vn -0.05585419672 -0.9984136129 0.007110997543
vn -0.04783343388 -0.9978509268 0.04478270369
vn -0.0966070372 -0.9952864072 0.0084881088
vn -0.04783342392 -0.9978509264 0.04478272203
vn -0.08128287445 -0.9948917031 0.05986312173
vn -0.08128292077 -0.994891701 0.05986309466
vn -0.04783346836 -0.9978509255 0.04478269611
vn -0.1200611303 -0.9907185884 0.06373385016
vn -0.04783342195 -0.9978509286 0.04478267544
vn -0.05585418503 -0.9984136138 0.007110969923
vn -0.06096361495 -0.998063552 0.0123524814
vn -0.01752865715 -0.9994484646 0.02820483701
vn 0.001245973751 -0.9999928702 0.003564693744
vn -0.05585421764 -0.9984136119 0.0071109782
vn -0.06096355665 -0.9980635566 0.01235239604
vn -0.004175567649 -0.9999895249 -0.001874777552
vn -0.1416551099 -0.9851141902 0.0973851227
vn -0.06096367581 -0.9980635487 0.01235245211
vn -0.07035834455 -0.997127982 -0.028026609
vn -0.004174972323 -0.9999895268 -0.001875049554
vn -0.06096356905 -0.9980635558 0.01235240405
vn -0.1416552097 -0.9851141694 0.09738518749
vn -0.1673261696 -0.9775143864 0.1283260585
vn -0.05585420042 -0.9984136134 0.007110902664
vn -0.0546587348 -0.9971814282 0.05139671102
vn -0.07035839343 -0.9971279762 -0.02802669416
vn -0.07035845487 -0.9971279754 -0.02802656884
vn -0.05465891538 -0.997181399 0.05139708557
vn -0.1479120432 -0.9743213151 0.1697645501
vn -0.07035818012 -0.9971279882 -0.02802680255
vn -0.1479128084 -0.974321085 0.1697652039
vn -0.004174342911 -0.9999895281 -0.00187579664
vn -0.06096361081 -0.9980635521 0.01235249605
vn -0.05585418606 -0.9984136137 0.00711096626
vn -0.07035837973 -0.9971279789 -0.02802663287
vn -0.04783347492 -0.9978509248 0.04478270425
vn -0.06096363032 -0.998063551 0.01235248972
vn -0.1200611924 -0.9907185759 0.06373392707
vn -0.1200611526 -0.9907185849 0.0637338624
vn -0.06096358368 -0.9980635548 0.01235241448
vn -0.1673260783 -0.9775144106 0.128325993
vn -0.1200613372 -0.9907185537 0.06373399969
vn -0.1673256227 -0.9775145338 0.1283256489
vn -0.3623154303 -0.8865389103 0.2877086886
vn -0.1200614253 -0.9907185462 0.06373394936
vn -0.362315322 -0.8865389298 0.2877087649
vn -0.3960034512 -0.8949001454 0.2057546997
vn -0.002254324807 -0.9999658561 0.00795014152
vn 0.003432915614 -0.9999105851 -0.01292427874
vn 0.001245957956 -0.9999928702 0.003564697623
vn -0.141655076 -0.9851142042 0.09738502995
vn -0.004175497834 -0.9999895248 -0.001874957368
vn -0.07410797023 -0.9762912218 0.2033800848
vn -0.004174170025 -0.9999895287 -0.001875838441
vn -0.1479129939 -0.9743210493 0.1697652468
vn -0.07410995557 -0.9762908019 0.2033813775
vn -0.1479120206 -0.9743213325 0.1697644695
vn -0.05465892678 -0.9971813965 0.05139712271
vn -0.04682448677 -0.9949784279 0.08846126531
vn -0.1479121709 -0.9743213036 0.1697645049
vn -0.0468247213 -0.9949784115 0.08846132556
vn -0.07410890248 -0.9762910795 0.2033804283
vn -0.362315441 -0.8865388952 0.2877087215
vn -0.1673256256 -0.9775145323 0.1283256568
vn -0.2288870228 -0.9243618201 0.3052309884
vn -0.1416552517 -0.9851141622 0.09738519939
vn -0.0855334574 -0.9854614576 0.1467983079
vn -0.1673261747 -0.977514385 0.1283260626
vn -0.141655241 -0.9851141529 0.09738530931
vn -0.07410861702 -0.9762909482 0.2033811626
vn -0.0855334301 -0.9854614215 0.1467985664
vn -0.07410874078 -0.9762910527 0.2033806161
vn -0.04682466137 -0.994978408 0.08846139689
vn -0.08553346246 -0.9854614407 0.1467984185
vn -0.167325784 -0.9775144971 0.1283257185
vn -0.0855332015 -0.985461514 0.1467980786
vn -0.2288871168 -0.9243617834 0.305231029
vn -0.05465871972 -0.997181418 0.05139692622
vn -0.02402926088 -0.9996690525 0.009185864576
vn -0.0468246828 -0.994978402 0.08846145235
vn -0.04682461635 -0.9949783995 0.08846151558
vn -0.006872464168 -0.9854953042 0.1695634828
vn -0.1171902271 -0.9806779777 0.1566433997
vn -0.04682468183 -0.9949784005 0.08846147014
vn -0.02402926337 -0.9996690529 0.009185817283
vn -0.006872410405 -0.9854952983 0.169563519
vn -0.1171902385 -0.980677984 0.1566433517
vn -0.006872445521 -0.9854952916 0.1695635564
vn -0.1196474642 -0.8828603592 0.4541388228
vn -0.08553343305 -0.9854614589 0.1467983136
vn -0.04682467858 -0.9949784013 0.08846146263
vn -0.1171902913 -0.9806779788 0.1566433447
vn -0.08553349732 -0.9854615008 0.146797995
vn -0.1171903463 -0.9806780158 0.1566430722
vn -0.1196475062 -0.8828604019 0.4541387289
vn -0.006872450421 -0.9854952904 0.1695635637
vn 0.04800056444 -0.9050963161 0.4224885849
vn -0.1196474382 -0.8828603978 0.4541387547
vn 0.02288425055 -0.9992014594 0.03275293176
vn 0.007732338911 -0.9948214758 0.10134319
vn -0.03551487158 -0.9990709386 -0.02441215923
vn -0.003412986745 -0.9999693387 -0.007047922386
vn -0.03551487918 -0.9990709382 -0.02441216601
vn -0.04326551282 -0.9989707847 -0.01361861866
vn -0.04326551692 -0.9989707844 -0.01361862519
vn -0.03551487151 -0.9990709387 -0.02441215383
vn 0.007732338915 -0.9948214758 0.1013431906
vn -0.0345610063 -0.9993385989 -0.01130935886
vn 0.02288424897 -0.9992014584 0.03275296481
vn -0.03551487153 -0.9990709386 -0.02441216012
vn -0.03456100341 -0.9993385991 -0.01130934704
vn 0.02035271911 -0.9995535756 0.0218727322
vn 0.02288424666 -0.9992014588 0.0327529553
vn -0.04326551782 -0.9989707842 -0.01361863474
vn 0.007732341402 -0.9948214732 0.1013432154
vn -0.006872403762 -0.9854953033 0.1695634902
vn 0.02288424159 -0.9992014602 0.03275291613
vn 0.1816898427 -0.9416148772 0.2834611508
vn 0.007732383274 -0.9948214675 0.1013432686
vn 0.007732382969 -0.9948214634 0.1013433085
vn 0.1816898415 -0.9416148877 0.2834611169
vn 0.1349882288 -0.9201647611 0.3675254965
vn -0.006872407431 -0.985495307 0.1695634685
vn 0.007732362366 -0.99482146 0.1013433441
vn 0.04800053363 -0.9050962877 0.4224886493
vn 0.04800052482 -0.9050962846 0.4224886569
vn 0.007732382551 -0.9948214619 0.1013433239
vn 0.1349882283 -0.9201647565 0.3675255081
vn -0.08553322601 -0.9854615058 0.1467981195
vn -0.1196475023 -0.8828604015 0.4541387307
vn -0.228887195 -0.9243617202 0.3052311619
vn -0.3960029967 -0.8949003998 0.2057544678
vn -0.3623156758 -0.8865387313 0.2877089309
vn -0.5014255581 -0.775002321 0.3846346476
vn -0.3623156653 -0.8865387352 0.287708932
vn -0.2288872116 -0.9243617177 0.305231157
vn -0.5014255622 -0.7750023202 0.3846346439
vn -0.2288872726 -0.9243616831 0.3052312162
vn -0.1196474752 -0.8828604127 0.4541387161
vn -0.3260862781 -0.8426778784 0.4284410489
vn -0.1196474492 -0.8828604143 0.4541387197
vn 0.04800057196 -0.9050962925 0.4224886347
vn -0.1191345412 -0.7929608521 0.5975115464
vn -0.2288872235 -0.924361722 0.3052311352
vn -0.3260861632 -0.8426780123 0.4284408731
vn -0.5014255384 -0.7750023211 0.384634673
vn -0.119647429 -0.8828604161 0.4541387215
vn -0.1191345493 -0.7929608514 0.5975115458
vn -0.326086232 -0.8426778888 0.4284410637
vn 0.04800057244 -0.9050962719 0.4224886787
vn 0.06247280996 -0.855286747 0.5143750853
vn -0.1191345409 -0.7929608506 0.5975115484
vn 0.04800055982 -0.9050962605 0.4224887045
vn 0.1349882063 -0.9201647731 0.3675254745
vn 0.06247281307 -0.8552867511 0.5143750782
vn 0.1816898465 -0.9416148811 0.2834611356
vn 0.2028276322 -0.8461461496 0.4928464722
vn 0.1349882217 -0.9201647714 0.3675254732
vn 0.1349882168 -0.920164771 0.3675254761
vn 0.2028276229 -0.8461461476 0.4928464795
vn 0.0624728255 -0.8552867488 0.5143750805
vn 0.1816898463 -0.9416148817 0.2834611337
vn 0.2692148147 -0.8671175946 0.4190828805
vn 0.2028276305 -0.8461461438 0.4928464829
vn 0.01049626059 -0.9996236583 0.02534502322
vn -0.01578637396 -0.9995450956 0.02569809712
vn -0.003183441986 -0.9974521772 0.07126724326
vn 0.01049625788 -0.9996236583 0.02534502499
vn -0.003183432137 -0.9974521776 0.07126723721
vn -0.02662298843 -0.9912799664 0.1290551999
vn 0.003474518663 -0.9998113278 0.01911115993
vn -0.02662298476 -0.9912799674 0.1290551935
vn -0.03283310245 -0.9881543398 0.1499099335
vn 0.01049625788 -0.9996236583 0.02534502499
vn -0.02662298843 -0.9912799664 0.1290551999
vn 0.003474520271 -0.9998113279 0.01911115714
vn 0.01049628318 -0.9996236595 0.02534496723
vn 0.02760737737 -0.999538677 0.01265961877
vn -0.008071152594 -0.9999570357 -0.004558869947
vn 0.01049627308 -0.9996236598 0.02534496116
vn 0.003474525048 -0.9998113283 0.0191111373
vn 0.02760737661 -0.999538677 0.01265961832
vn -0.008071152382 -0.9999570357 -0.004558869335
vn 0.0276073745 -0.9995386772 0.01265961052
vn 0.02035272089 -0.9995535755 0.02187273226
vn 0.02760734789 -0.9995386784 0.01265957224
vn 0.003474497981 -0.9998113292 0.01911109364
vn 0.1377958552 -0.9727502692 0.1864650531
vn 0.003474495568 -0.9998113289 0.01911110835
vn 0.1425631401 -0.9782463438 0.1506978494
vn 0.1377958512 -0.9727502652 0.1864650768
vn 0.003474496275 -0.9998113283 0.01911113994
vn -0.03283311213 -0.9881543408 0.1499099248
vn 0.05329041305 -0.9602903479 0.2738659883
vn 0.003474496716 -0.9998113289 0.01911110627
vn 0.05329041225 -0.9602903404 0.2738660149
vn 0.1425631373 -0.9782463434 0.1506978549
vn 0.1425631373 -0.9782463434 0.1506978549
vn 0.05329041225 -0.9602903404 0.2738660149
vn 0.05513124482 -0.9589903232 0.2780253692
vn 0.1425631373 -0.9782463434 0.1506978549
vn 0.05513124482 -0.9589903232 0.2780253692
vn 0.05881478132 -0.9558044072 0.2880603352
vn 0.1425631443 -0.9782463375 0.1506978869
vn 0.05881477619 -0.9558044192 0.2880602965
vn 0.0601394379 -0.9545929446 0.2917799824
vn 0.1425631443 -0.9782463375 0.1506978869
vn 0.0601394379 -0.9545929446 0.2917799824
vn 0.2692698702 -0.911859716 0.309847697
vn 0.02760733908 -0.9995386788 0.01265955892
vn 0.1692537824 -0.9613493682 0.2171647977
vn 0.02035272277 -0.9995535754 0.021872735
vn 0.02035272153 -0.9995535754 0.02187273603
vn 0.1692537826 -0.9613493682 0.2171647975
vn 0.02288424446 -0.9992014589 0.03275295181
vn 0.02760734362 -0.9995386786 0.01265956195
vn 0.1377958598 -0.9727502664 0.1864650643
vn 0.1692537672 -0.9613493732 0.2171647876
vn 0.02288423407 -0.9992014601 0.03275292181
vn 0.1692537949 -0.961349358 0.2171648333
vn 0.1816898329 -0.9416148775 0.2834611563
vn 0.1425631414 -0.9782463402 0.1506978716
vn 0.2347806882 -0.9162782249 0.3245184787
vn 0.1377958499 -0.9727502675 0.1864650658
vn 0.1377958564 -0.9727502675 0.1864650612
vn 0.2600875602 -0.9000547989 0.3496509973
vn 0.1692537737 -0.9613493709 0.2171647926
vn 0.142563153 -0.9782463378 0.1506978763
vn 0.2692698574 -0.9118597145 0.3098477126
vn 0.2347806925 -0.9162782232 0.3245184805
vn 0.1959398661 -0.9359521865 0.2925766112
vn 0.06013943687 -0.9545929421 0.2917799908
vn 0.06224351496 -0.9545337465 0.2915322823
vn 0.1959398411 -0.9359521722 0.2925766737
vn 0.06224350033 -0.9545337374 0.2915323152
vn 0.05326829195 -0.8741011838 0.4828142599
vn 0.1959398661 -0.9359521865 0.2925766112
vn 0.2692698705 -0.9118597161 0.3098476965
vn 0.06013943687 -0.9545929421 0.2917799908
vn 0.1959398411 -0.9359521722 0.2925766737
vn 0.05326829195 -0.8741011838 0.4828142599
vn 0.05223828789 -0.831581522 0.5529406238
vn 0.05125608352 -0.8314156215 0.5532819156
vn 0.05326828352 -0.8741011881 0.4828142531
vn 0.05023973474 -0.8302938018 0.5550569086
vn 0.05125605228 -0.8314156289 0.5532819074
vn 0.05223828789 -0.831581522 0.5529406238
vn 0.05326829195 -0.8741011838 0.4828142599
vn 0.1377958604 -0.9727502656 0.1864650684
vn 0.2347806764 -0.9162782289 0.3245184759
vn 0.2600875622 -0.900054797 0.349651001
vn 0.1692537799 -0.9613493673 0.2171648038
vn 0.2692148138 -0.8671175936 0.4190828831
vn 0.1816898344 -0.9416148763 0.2834611593
vn 0.1692537736 -0.9613493713 0.2171647907
vn 0.2600875603 -0.9000547991 0.3496509968
vn 0.2692148105 -0.8671175981 0.4190828759
vn -0.005839435565 0.9998489314 -0.01637117388
vn -0.03604382857 0.9989846637 0.02702747024
vn -0.01442666199 0.9998711868 0.007034284545
vn -0.005839425934 0.9998489314 -0.01637118028
vn -0.006855068195 0.999964486 0.004902532658
vn -0.03604383408 0.9989846634 0.02702747389
vn -0.006855068195 0.999964486 0.004902532658
vn -0.02072057883 0.9995863331 0.01994543041
vn -0.03604383408 0.9989846634 0.02702747389
vn -0.5014255384 0.7750023211 0.384634673
vn -0.3260861632 0.8426780123 0.4284408731
vn -0.2288872235 0.924361722 0.3052311352
vn -0.326086232 0.8426778888 0.4284410637
vn -0.1191345493 0.7929608514 0.5975115458
vn -0.119647429 0.8828604161 0.4541387215
vn -0.1191345409 0.7929608506 0.5975115484
vn 0.06247280996 0.855286747 0.5143750853
vn 0.04800057244 0.9050962719 0.4224886787
vn -0.5014255622 0.7750023202 0.3846346439
vn -0.2288872116 0.9243617177 0.305231157
vn -0.3623156653 0.8865387352 0.287708932
vn -0.3960029967 0.8949003998 0.2057544678
vn -0.5014255581 0.775002321 0.3846346476
vn -0.3623156758 0.8865387313 0.2877089309
vn -0.3260862781 0.8426778784 0.4284410489
vn -0.1196474752 0.8828604127 0.4541387161
vn -0.2288872726 0.9243616831 0.3052312162
vn -0.08553322601 0.9854615058 0.1467981195
vn -0.228887195 0.9243617202 0.3052311619
vn -0.1196475023 0.8828604015 0.4541387307
vn -0.1191345412 0.7929608521 0.5975115464
vn 0.04800057196 0.9050962925 0.4224886347
vn -0.1196474492 0.8828604143 0.4541387197
vn 0.0624728255 0.8552867488 0.5143750805
vn 0.2028276229 0.8461461476 0.4928464795
vn 0.1349882168 0.920164771 0.3675254761
vn 0.1816898463 0.9416148817 0.2834611337
vn 0.2028276305 0.8461461438 0.4928464829
vn 0.2692148147 0.8671175946 0.4190828805
vn 0.04800055982 0.9050962605 0.4224887045
vn 0.06247281307 0.8552867511 0.5143750782
vn 0.1349882063 0.9201647731 0.3675254745
vn 0.1816898465 0.9416148811 0.2834611356
vn 0.1349882217 0.9201647714 0.3675254732
vn 0.2028276322 0.8461461496 0.4928464722
vn -0.06211624788 0.9968875322 0.04854708903
vn -0.01752863966 0.9994484643 0.0282048581
vn -0.002509760545 0.9999968399 -0.0001460774262
vn -0.06211625947 0.9968875325 0.0485470689
vn -0.09660704158 0.995286407 0.008488083888
vn -0.01752867481 0.9994484654 0.02820479686
vn -0.09660703531 0.9952864074 0.008488110733
vn -0.04783345715 0.9978509264 0.04478268624
vn -0.01752866589 0.9994484645 0.02820483395
vn 0.01020487175 0.9999055431 0.009206816203
vn -0.002254316817 0.9999658562 0.007950126495
vn -0.00337729624 0.9998807722 0.01506768593
vn -0.002254321532 0.9999658561 0.007950137557
vn 0.003432913747 0.9999105851 -0.01292427648
vn -0.003413000319 0.9999693387 -0.00704791773
vn -0.003377291902 0.9998807724 0.01506767762
vn -0.00341299912 0.9999693387 -0.007047917226
vn -0.01367113836 0.999894088 0.004991260537
vn -0.005839437704 0.9998489316 -0.01637116205
vn 0.00161258211 0.9999933246 -0.003278767629
vn -0.001705150668 0.9999651912 0.00816754596
vn -0.005839438555 0.9998489316 -0.01637116397
vn -0.001705149937 0.9999651912 0.00816754761
vn -0.006855085998 0.9999644857 0.004902555699
vn 0.001612583897 0.9999933246 -0.003278771161
vn 0.01020486822 0.9999055432 0.009206813409
vn -0.001705151234 0.9999651912 0.008167547048
vn 0.001612568597 0.9999933247 -0.003278752617
vn -0.01034936135 0.9995682837 0.02749794359
vn 0.01020489994 0.9999055432 0.009206774957
vn -0.001705153083 0.9999651912 0.00816754632
vn 0.01020486271 0.9999055432 0.009206811221
vn -0.003377291751 0.9998807722 0.0150676884
vn -0.006855060576 0.999964486 0.004902536271
vn -0.01460832109 0.9998474184 0.009577932553
vn -0.02072057006 0.9995863332 0.01994543457
vn -0.006855084145 0.9999644857 0.004902560021
vn -0.001705150451 0.9999651912 0.008167546413
vn -0.006178608049 0.9998222232 0.01781422864
vn -0.006855074737 0.9999644858 0.00490256021
vn -0.006178617639 0.9998222232 0.01781422845
vn -0.01460834036 0.9998474178 0.009577965121
vn -0.006178617639 0.9998222232 0.01781422845
vn -0.01568875037 0.9998120974 0.01138564495
vn -0.01460834036 0.9998474178 0.009577965121
vn -0.006178617639 0.9998222232 0.01781422845
vn -0.02352485043 0.9995957369 0.01596697091
vn -0.01568875037 0.9998120974 0.01138564495
vn -0.006178622862 0.9998222231 0.01781422996
vn -0.02563432164 0.9995283453 0.01691060564
vn -0.02352485198 0.9995957369 0.01596697135
vn -0.001705150051 0.9999651912 0.008167546981
vn -0.003377290448 0.9998807722 0.01506768868
vn -0.006178606592 0.9998222232 0.01781423071
vn -0.01034939337 0.999568283 0.02749795801
vn -0.06211624827 0.9968875322 0.04854708903
vn -0.00250978337 0.9999968398 -0.0001460763758
vn -0.01034936031 0.999568284 0.02749793267
vn -0.002509749908 0.9999968399 -0.0001461020103
vn 0.01020489698 0.9999055429 0.00920680626
vn 0.01020488769 0.9999055429 0.009206821246
vn -0.002509747604 0.9999968399 -0.000146105734
vn -0.002254331583 0.9999658562 0.00795012181
vn -0.002509740125 0.9999968399 -0.0001461029361
vn 0.001245957827 0.9999928702 0.003564700678
vn -0.002254324096 0.9999658562 0.007950124618
vn -0.0175286312 0.9994484646 0.02820485408
vn 0.001245965225 0.9999928703 0.003564688116
vn -0.002509753034 0.9999968399 -0.0001460810173
vn -0.006178608986 0.9998222233 0.01781422361
vn -0.003377293418 0.9998807723 0.01506767987
vn -0.01367114069 0.999894088 0.004991263997
vn -0.003377289749 0.9998807724 0.01506767626
vn -0.002254324227 0.9999658561 0.007950137549
vn -0.003412998329 0.9999693387 -0.007047917725
vn -0.006178622862 0.9998222231 0.01781422996
vn -0.03554671828 0.9988291429 0.03281423609
vn -0.02563432164 0.9995283453 0.01691060564
vn -0.03554671273 0.9988291431 0.03281423527
vn -0.01957105553 0.9994731921 0.02589038456
vn -0.02563434083 0.9995283447 0.01691060848
vn -0.03554671611 0.9988291428 0.03281424176
vn -0.01905443335 0.9994992665 0.0252615288
vn -0.01957105823 0.9994731919 0.02589038973
vn -0.03554671611 0.9988291428 0.03281424176
vn -0.008071153043 0.9999570357 -0.004558871539
vn -0.01905443335 0.9994992665 0.0252615288
vn -0.008071153051 0.9999570357 -0.004558870954
vn -0.01578643892 0.9995450903 0.02569826338
vn -0.01905443309 0.9994992667 0.02526152208
vn 0.01049628261 0.9996236596 0.02534496603
vn -0.01578643892 0.9995450903 0.02569826338
vn -0.008071153051 0.9999570357 -0.004558870954
vn -0.006178622445 0.9998222229 0.01781424303
vn -0.01367113866 0.999894088 0.004991261058
vn -0.03554671802 0.9988291427 0.03281424392
vn -0.03554671863 0.9988291425 0.03281424751
vn -0.0136711376 0.9998940881 0.004991254869
vn -0.03456098657 0.9993385997 -0.0113093518
vn -0.003412992972 0.9999693387 -0.007047916187
vn -0.03551487884 0.9990709382 -0.02441216635
vn -0.01367114446 0.999894088 0.004991259513
vn -0.01367114495 0.999894088 0.004991259489
vn -0.03551487802 0.9990709382 -0.02441216631
vn -0.03456099401 0.9993385995 -0.01130934714
vn -0.0355467144 0.9988291427 0.03281424561
vn -0.03456100767 0.999338599 -0.0113093423
vn -0.0080711532 0.9999570357 -0.004558871902
vn -0.03456101251 0.9993385988 -0.01130935246
vn 0.020352727 0.9995535753 0.02187273691
vn -0.00807115174 0.9999570357 -0.004558868846
vn -0.3960034512 0.8949001454 0.2057546997
vn -0.362315322 0.8865389298 0.2877087649
vn -0.1200614253 0.9907185462 0.06373394936
vn -0.1200613372 0.9907185537 0.06373399969
vn -0.3623154303 0.8865389103 0.2877086886
vn -0.1673256227 0.9775145338 0.1283256489
vn -0.04783347492 0.9978509248 0.04478270425
vn -0.1200611924 0.9907185759 0.06373392707
vn -0.06096363032 0.998063551 0.01235248972
vn -0.1200611526 0.9907185849 0.0637338624
vn -0.1673260783 0.9775144106 0.128325993
vn -0.06096358368 0.9980635548 0.01235241448
vn -0.0966070372 0.9952864072 0.0084881088
vn -0.08128287445 0.9948917031 0.05986312173
vn -0.04783342392 0.9978509264 0.04478272203
vn -0.08128292077 0.994891701 0.05986309466
vn -0.1200611303 0.9907185884 0.06373385016
vn -0.04783346836 0.9978509255 0.04478269611
vn -0.04783342195 0.9978509286 0.04478267544
vn -0.06096361495 0.998063552 0.0123524814
vn -0.05585418503 0.9984136138 0.007110969923
vn -0.01752863545 0.9994484644 0.02820485675
vn -0.04783343388 0.9978509268 0.04478270369
vn -0.05585419672 0.9984136129 0.007110997543
vn -0.01752865715 0.9994484646 0.02820483701
vn -0.05585421764 0.9984136119 0.0071109782
vn 0.001245973751 0.9999928702 0.003564693744
vn -0.06096356905 0.9980635558 0.01235240405
vn -0.1673261696 0.9775143864 0.1283260585
vn -0.1416552097 0.9851141694 0.09738518749
vn -0.06096367581 0.9980635487 0.01235245211
vn -0.004174972323 0.9999895268 -0.001875049554
vn -0.07035834455 0.997127982 -0.028026609
vn -0.06096355665 0.9980635566 0.01235239604
vn -0.1416551099 0.9851141902 0.0973851227
vn -0.004175567649 0.9999895249 -0.001874777552
vn -0.06096361081 0.9980635521 0.01235249605
vn -0.07035837973 0.9971279789 -0.02802663287
vn -0.05585418606 0.9984136137 0.00711096626
vn -0.07035818012 0.9971279882 -0.02802680255
vn -0.004174342911 0.9999895281 -0.00187579664
vn -0.1479128084 0.974321085 0.1697652039
vn -0.05585420042 0.9984136134 0.007110902664
vn -0.07035839343 0.9971279762 -0.02802669416
vn -0.0546587348 0.9971814282 0.05139671102
vn -0.07035845487 0.9971279754 -0.02802656884
vn -0.1479120432 0.9743213151 0.1697645501
vn -0.05465891538 0.997181399 0.05139708557
vn -0.002254324807 0.9999658561 0.00795014152
vn 0.001245957956 0.9999928702 0.003564697623
vn 0.003432915614 0.9999105851 -0.01292427874
vn -0.362315441 0.8865388952 0.2877087215
vn -0.2288870228 0.9243618201 0.3052309884
vn -0.1673256256 0.9775145323 0.1283256568
vn -0.167325784 0.9775144971 0.1283257185
vn -0.2288871168 0.9243617834 0.305231029
vn -0.0855332015 0.985461514 0.1467980786
vn -0.1673261747 0.977514385 0.1283260626
vn -0.0855334574 0.9854614576 0.1467983079
vn -0.1416552517 0.9851141622 0.09738519939
vn -0.141655241 0.9851141529 0.09738530931
vn -0.0855334301 0.9854614215 0.1467985664
vn -0.07410861702 0.9762909482 0.2033811626
vn -0.07410874078 0.9762910527 0.2033806161
vn -0.08553346246 0.9854614407 0.1467984185
vn -0.04682466137 0.994978408 0.08846139689
vn -0.1479121709 0.9743213036 0.1697645049
vn -0.07410890248 0.9762910795 0.2033804283
vn -0.0468247213 0.9949784115 0.08846132556
vn -0.141655076 0.9851142042 0.09738502995
vn -0.07410797023 0.9762912218 0.2033800848
vn -0.004175497834 0.9999895248 -0.001874957368
vn -0.004174170025 0.9999895287 -0.001875838441
vn -0.07410995557 0.9762908019 0.2033813775
vn -0.1479129939 0.9743210493 0.1697652468
vn -0.1479120206 0.9743213325 0.1697644695
vn -0.04682448677 0.9949784279 0.08846126531
vn -0.05465892678 0.9971813965 0.05139712271
vn -0.08553343305 0.9854614589 0.1467983136
vn -0.1171902913 0.9806779788 0.1566433447
vn -0.04682467858 0.9949784013 0.08846146263
vn -0.08553349732 0.9854615008 0.146797995
vn -0.1196475062 0.8828604019 0.4541387289
vn -0.1171903463 0.9806780158 0.1566430722
vn 0.04800056444 0.9050963161 0.4224885849
vn -0.006872450421 0.9854952904 0.1695635637
vn -0.1196474382 0.8828603978 0.4541387547
vn -0.05465871972 0.997181418 0.05139692622
vn -0.0468246828 0.994978402 0.08846145235
vn -0.02402926088 0.9996690525 0.009185864576
vn -0.04682461635 0.9949783995 0.08846151558
vn -0.1171902271 0.9806779777 0.1566433997
vn -0.006872464168 0.9854953042 0.1695634828
vn -0.04682468183 0.9949784005 0.08846147014
vn -0.006872410405 0.9854952983 0.169563519
vn -0.02402926337 0.9996690529 0.009185817283
vn -0.1171902385 0.980677984 0.1566433517
vn -0.1196474642 0.8828603592 0.4541388228
vn -0.006872445521 0.9854952916 0.1695635564
vn 0.001245985967 0.9999928702 0.003564694611
vn -0.05585422939 0.9984136112 0.007110977396
vn 0.0162793878 0.9998011902 -0.01151354001
vn -0.05585423717 0.9984136105 0.007111022438
vn -0.05465880057 0.9971814137 0.05139692345
vn 0.01627938615 0.9998011903 -0.01151353081
vn 0.001245955854 0.9999928702 0.003564696816
vn 0.01627935303 0.9998011908 -0.0115135375
vn 0.003432910716 0.999910585 -0.01292428061
vn -0.003412986744 0.9999693387 -0.007047922388
vn 0.003432905447 0.9999105852 -0.01292427363
vn -0.04326551421 0.9989707846 -0.01361861749
vn 0.01627932273 0.9998011916 -0.01151351394
vn -0.05465875685 0.9971814167 0.05139691191
vn -0.0240292176 0.9996690534 0.009185880512
vn 0.003432899248 0.9999105852 -0.01292427166
vn 0.01627932567 0.9998011915 -0.01151351619
vn -0.02402925567 0.9996690522 0.009185909696
vn 0.003432903704 0.999910585 -0.01292428654
vn -0.02402925534 0.9996690522 0.009185908767
vn -0.0432655147 0.9989707846 -0.01361862109
vn -0.04326551845 0.9989707842 -0.01361863331
vn -0.02402927381 0.9996690523 0.009185848971
vn -0.006872390545 0.9854953087 0.1695634593
vn 0.04800053363 0.9050962877 0.4224886493
vn 0.007732362366 0.99482146 0.1013433441
vn -0.006872407431 0.985495307 0.1695634685
vn 0.04800052482 0.9050962846 0.4224886569
vn 0.1349882283 0.9201647565 0.3675255081
vn 0.007732382551 0.9948214619 0.1013433239
vn -0.003412986745 0.9999693387 -0.007047922386
vn -0.04326551282 0.9989707847 -0.01361861866
vn -0.03551487918 0.9990709382 -0.02441216601
vn -0.04326551692 0.9989707844 -0.01361862519
vn 0.007732338915 0.9948214758 0.1013431906
vn -0.03551487151 0.9990709387 -0.02441215383
vn -0.03551487158 0.9990709386 -0.02441215923
vn 0.007732338911 0.9948214758 0.10134319
vn 0.02288425055 0.9992014594 0.03275293176
vn -0.0345610063 0.9993385989 -0.01130935886
vn -0.03551487153 0.9990709386 -0.02441216012
vn 0.02288424897 0.9992014584 0.03275296481
vn -0.03456100341 0.9993385991 -0.01130934704
vn 0.02288424666 0.9992014588 0.0327529553
vn 0.02035271911 0.9995535756 0.0218727322
vn -0.04326551782 0.9989707842 -0.01361863474
vn -0.006872403762 0.9854953033 0.1695634902
vn 0.007732341402 0.9948214732 0.1013432154
vn 0.1816898415 0.9416148877 0.2834611169
vn 0.007732382969 0.9948214634 0.1013433085
vn 0.1349882288 0.9201647611 0.3675254965
vn 0.02288424159 0.9992014602 0.03275291613
vn 0.007732383274 0.9948214675 0.1013432686
vn 0.1816898427 0.9416148772 0.2834611508
vn 0.1959398661 0.9359521865 0.2925766112
vn 0.06013943687 0.9545929421 0.2917799908
vn 0.2692698705 0.9118597161 0.3098476965
vn 0.1959398411 0.9359521722 0.2925766737
vn 0.05223828789 0.831581522 0.5529406238
vn 0.05326829195 0.8741011838 0.4828142599
vn 0.05223828789 0.831581522 0.5529406238
vn 0.05125605228 0.8314156289 0.5532819074
vn 0.05326829195 0.8741011838 0.4828142599
vn 0.05125608352 0.8314156215 0.5532819156
vn 0.05023973474 0.8302938018 0.5550569086
vn 0.05326828352 0.8741011881 0.4828142531
vn 0.142563153 0.9782463378 0.1506978763
vn 0.2347806925 0.9162782232 0.3245184805
vn 0.2692698574 0.9118597145 0.3098477126
vn 0.1959398411 0.9359521722 0.2925766737
vn 0.05326829195 0.8741011838 0.4828142599
vn 0.06224350033 0.9545337374 0.2915323152
vn 0.1959398661 0.9359521865 0.2925766112
vn 0.06224351496 0.9545337465 0.2915322823
vn 0.06013943687 0.9545929421 0.2917799908
vn 0.2600875603 0.9000547991 0.3496509968
vn 0.1692537736 0.9613493713 0.2171647907
vn 0.2692148105 0.8671175981 0.4190828759
vn 0.2347806764 0.9162782289 0.3245184759
vn 0.1377958604 0.9727502656 0.1864650684
vn 0.2600875622 0.900054797 0.349651001
vn 0.1692537799 0.9613493673 0.2171648038
vn 0.1816898344 0.9416148763 0.2834611593
vn 0.2692148138 0.8671175936 0.4190828831
vn 0.01049626059 0.9996236583 0.02534502322
vn -0.003183441986 0.9974521772 0.07126724326
vn -0.01578637396 0.9995450956 0.02569809712
vn 0.01049625788 0.9996236583 0.02534502499
vn -0.02662298843 0.9912799664 0.1290551999
vn -0.003183432137 0.9974521776 0.07126723721
vn 0.01049625788 0.9996236583 0.02534502499
vn 0.003474520271 0.9998113279 0.01911115714
vn -0.02662298843 0.9912799664 0.1290551999
vn 0.003474518663 0.9998113278 0.01911115993
vn -0.03283310245 0.9881543398 0.1499099335
vn -0.02662298476 0.9912799674 0.1290551935
vn 0.01049628318 0.9996236595 0.02534496723
vn -0.008071152594 0.9999570357 -0.004558869947
vn 0.02760737737 0.999538677 0.01265961877
vn 0.01049627308 0.9996236598 0.02534496116
vn 0.02760737661 0.999538677 0.01265961832
vn 0.003474525048 0.9998113283 0.0191111373
vn -0.008071152382 0.9999570357 -0.004558869335
vn 0.02035272089 0.9995535755 0.02187273226
vn 0.0276073745 0.9995386772 0.01265961052
vn 0.003474497981 0.9998113292 0.01911109364
vn 0.02760734789 0.9995386784 0.01265957224
vn 0.1377958552 0.9727502692 0.1864650531
vn 0.003474495568 0.9998113289 0.01911110835
vn 0.1377958512 0.9727502652 0.1864650768
vn 0.1425631401 0.9782463438 0.1506978494
vn 0.1425631443 0.9782463375 0.1506978869
vn 0.2692698702 0.911859716 0.309847697
vn 0.0601394379 0.9545929446 0.2917799824
vn 0.1425631443 0.9782463375 0.1506978869
vn 0.0601394379 0.9545929446 0.2917799824
vn 0.05881477619 0.9558044192 0.2880602965
vn 0.003474496275 0.9998113283 0.01911113994
vn 0.05329041305 0.9602903479 0.2738659883
vn -0.03283311213 0.9881543408 0.1499099248
vn 0.003474496716 0.9998113289 0.01911110627
vn 0.1425631373 0.9782463434 0.1506978549
vn 0.05329041225 0.9602903404 0.2738660149
vn 0.1425631373 0.9782463434 0.1506978549
vn 0.05513124482 0.9589903232 0.2780253692
vn 0.05329041225 0.9602903404 0.2738660149
vn 0.1425631373 0.9782463434 0.1506978549
vn 0.05881478132 0.9558044072 0.2880603352
vn 0.05513124482 0.9589903232 0.2780253692
vn 0.1425631414 0.9782463402 0.1506978716
vn 0.1377958499 0.9727502675 0.1864650658
vn 0.2347806882 0.9162782249 0.3245184787
vn 0.1377958564 0.9727502675 0.1864650612
vn 0.1692537737 0.9613493709 0.2171647926
vn 0.2600875602 0.9000547989 0.3496509973
vn 0.02760734362 0.9995386786 0.01265956195
vn 0.1692537672 0.9613493732 0.2171647876
vn 0.1377958598 0.9727502664 0.1864650643
vn 0.02288423407 0.9992014601 0.03275292181
vn 0.1816898329 0.9416148775 0.2834611563
vn 0.1692537949 0.961349358 0.2171648333
vn 0.02760733908 0.9995386788 0.01265955892
vn 0.02035272277 0.9995535754 0.021872735
vn 0.1692537824 0.9613493682 0.2171647977
vn 0.02035272153 0.9995535754 0.02187273603
vn 0.02288424446 0.9992014589 0.03275295181
vn 0.1692537826 0.9613493682 0.2171647975
vn -1 0 -0
vn -1 0 -0
vn -1 0 -0
vn 0.4008174137 0 -0.9161579563
vn 0.4008174137 0 -0.9161579563
vn 0.4008174137 0 -0.9161579563
vn 0.4008197107 0 -0.9161569514
vn 0.4008197107 0 -0.9161569514
vn 0.4008197107 0 -0.9161569514
vn 0.4008187842 3.572985033e-07 -0.9161573567
vn 0.4008187842 3.572985033e-07 -0.9161573567
vn 0.4008187842 3.572985033e-07 -0.9161573567
vn 0.4008199591 0 -0.9161568427
vn 0.4008199591 0 -0.9161568427
vn 0.4008199591 0 -0.9161568427
vn 0.4008179602 -2.280154699e-06 -0.9161577172
vn 0.4008179602 -2.280154699e-06 -0.9161577172
vn 0.4008179602 -2.280154699e-06 -0.9161577172
vn 0.400815409 0 -0.9161588333
vn 0.400815409 0 -0.9161588333
vn 0.400815409 0 -0.9161588333
vn 0.4008275143 0 -0.9161535372
vn 0.4008275143 0 -0.9161535372
vn 0.4008275143 0 -0.9161535372
vn 0.4007983716 4.242881219e-06 -0.9161662869
vn 0.4007983716 4.242881219e-06 -0.9161662869
vn 0.4007983716 4.242881219e-06 -0.9161662869
vn 0.4008184652 0 -0.9161574963
vn 0.4008184652 0 -0.9161574963
vn 0.4008184652 0 -0.9161574963
vn 0.4008191174 0 -0.9161572109
vn 0.4008191174 0 -0.9161572109
vn 0.4008191174 0 -0.9161572109
vn 0.4008160748 0 -0.9161585421
vn 0.4008160748 0 -0.9161585421
vn 0.4008160748 0 -0.9161585421
vn 0.4008340381 0 -0.916150683
vn 0.4008340381 0 -0.916150683
vn 0.4008340381 0 -0.916150683
vn 0.400819152 0 -0.9161571958
vn 0.400819152 0 -0.9161571958
vn 0.400819152 0 -0.9161571958
vn 0.4008201092 0 -0.916156777
vn 0.4008201092 0 -0.916156777
vn 0.4008201092 0 -0.916156777
vn 0.4008192204 -3.209128967e-06 -0.9161571659
vn 0.4008192204 -3.209128967e-06 -0.9161571659
vn 0.4008192204 -3.209128967e-06 -0.9161571659
vn 0.400817319 0 -0.9161579977
vn 0.400817319 0 -0.9161579977
vn 0.400817319 0 -0.9161579977
vn 0.4008197252 3.228611485e-07 -0.916156945
vn 0.4008197252 3.228611485e-07 -0.916156945
vn 0.4008197252 3.228611485e-07 -0.916156945
vn 0.4008191192 0 -0.9161572102
vn 0.4008191192 0 -0.9161572102
vn 0.4008191192 0 -0.9161572102
vn 0.4008175688 2.292263006e-06 -0.9161578884
vn 0.4008175688 2.292263006e-06 -0.9161578884
vn 0.4008175688 2.292263006e-06 -0.9161578884
vn 0.4008185594 0 -0.9161574551
vn 0.4008185594 0 -0.9161574551
vn 0.4008185594 0 -0.9161574551
vn 0.4008191967 2.265666428e-06 -0.9161571762
vn 0.4008191967 2.265666428e-06 -0.9161571762
vn 0.4008191967 2.265666428e-06 -0.9161571762
vn 0.4008194699 0 -0.9161570567
vn 0.4008194699 0 -0.9161570567
vn 0.4008194699 0 -0.9161570567
vn 0.4008180341 0 -0.9161576849
vn 0.4008180341 0 -0.9161576849
vn 0.4008180341 0 -0.9161576849
vn 0.4008190971 -9.900320578e-07 -0.9161572198
vn 0.4008190971 -9.900320578e-07 -0.9161572198
vn 0.4008190971 -9.900320578e-07 -0.9161572198
vn 0.4008178191 0 -0.9161577789
vn 0.4008178191 0 -0.9161577789
vn 0.4008178191 0 -0.9161577789
vn 0.400819235 0 -0.9161571595
vn 0.400819235 0 -0.9161571595
vn 0.400819235 0 -0.9161571595
vn 0.5144955013 6.813842478e-07 -0.8574930782
vn 0.5144955013 6.813842478e-07 -0.8574930782
vn 0.5144955013 6.813842478e-07 -0.8574930782
vn 0.5144957554 0 -0.8574929257
vn 0.5144957554 0 -0.8574929257
vn 0.5144957554 0 -0.8574929257
vn 0.514496144 0 -0.8574926926
vn 0.514496144 0 -0.8574926926
vn 0.514496144 0 -0.8574926926
vn 0.5144962751 0 -0.8574926139
vn 0.5144962751 0 -0.8574926139
vn 0.5144962751 0 -0.8574926139
vn 0.5144955426 0 -0.8574930534
vn 0.5144955426 0 -0.8574930534
vn 0.5144955426 0 -0.8574930534
vn 0.5144980436 0 -0.8574915528
vn 0.5144980436 0 -0.8574915528
vn 0.5144980436 0 -0.8574915528
vn 0.5144955645 0 -0.8574930403
vn 0.5144955645 0 -0.8574930403
vn 0.5144955645 0 -0.8574930403
vn 0.5144958426 0 -0.8574928734
vn 0.5144958426 0 -0.8574928734
vn 0.5144958426 0 -0.8574928734
vn 0.51449648 0 -0.8574924909
vn 0.51449648 0 -0.8574924909
vn 0.51449648 0 -0.8574924909
vn 0.514493104 0 -0.8574945166
vn 0.514493104 0 -0.8574945166
vn 0.514493104 0 -0.8574945166
vn -1 0 0
vn -1 0 0
vn -1 0 0
vn 0.4008190868 1.265103742e-06 -0.9161572243
vn 0.4008190868 1.265103742e-06 -0.9161572243
vn 0.4008190868 1.265103742e-06 -0.9161572243
vn 0.4008190431 0 -0.9161572434
vn 0.4008190431 0 -0.9161572434
vn 0.4008190431 0 -0.9161572434
vn 0.4008173037 0 -0.9161580044
vn 0.4008173037 0 -0.9161580044
vn 0.4008173037 0 -0.9161580044
vn 0.4008177741 -2.765575964e-06 -0.9161577986
vn 0.4008177741 -2.765575964e-06 -0.9161577986
vn 0.4008177741 -2.765575964e-06 -0.9161577986
vn 0.4008204478 -4.525448326e-06 -0.9161566289
vn 0.4008204478 -4.525448326e-06 -0.9161566289
vn 0.4008204478 -4.525448326e-06 -0.9161566289
vn 0.4008141484 0 -0.9161593849
vn 0.4008141484 0 -0.9161593849
vn 0.4008141484 0 -0.9161593849
vn -1 -0 -0
vn -1 -0 -0
vn -1 -0 -0
vn 0.4008174137 0 -0.9161579563
vn 0.4008174137 0 -0.9161579563
vn 0.4008174137 0 -0.9161579563
vn 0.4008197107 0 -0.9161569514
vn 0.4008197107 0 -0.9161569514
vn 0.4008197107 0 -0.9161569514
vn 0.4008191174 0 -0.9161572109
vn 0.4008191174 0 -0.9161572109
vn 0.4008191174 0 -0.9161572109
vn 0.4008160748 0 -0.9161585421
vn 0.4008160748 0 -0.9161585421
vn 0.4008160748 0 -0.9161585421
vn 0.400819152 0 -0.9161571958
vn 0.400819152 0 -0.9161571958
vn 0.400819152 0 -0.9161571958
vn 0.4008192456 -3.192172412e-06 -0.9161571548
vn 0.4008192456 -3.192172412e-06 -0.9161571548
vn 0.4008192456 -3.192172412e-06 -0.9161571548
vn 0.4008201092 0 -0.916156777
vn 0.4008201092 0 -0.916156777
vn 0.4008201092 0 -0.916156777
vn 0.4008167749 0 -0.9161582357
vn 0.4008167749 0 -0.9161582357
vn 0.4008167749 0 -0.9161582357
vn 0.400819895 0 -0.9161568707
vn 0.400819895 0 -0.9161568707
vn 0.400819895 0 -0.9161568707
vn 0.4008190661 8.408646212e-08 -0.9161572334
vn 0.4008190661 8.408646212e-08 -0.9161572334
vn 0.4008190661 8.408646212e-08 -0.9161572334
vn 0.400818834 0 -0.9161573349
vn 0.400818834 0 -0.9161573349
vn 0.400818834 0 -0.9161573349
vn 0.400817558 2.289020665e-06 -0.9161578931
vn 0.400817558 2.289020665e-06 -0.9161578931
vn 0.400817558 2.289020665e-06 -0.9161578931
vn 0.4008200138 0 -0.9161568187
vn 0.4008200138 0 -0.9161568187
vn 0.4008200138 0 -0.9161568187
vn 0.400818506 2.228113111e-06 -0.9161574784
vn 0.400818506 2.228113111e-06 -0.9161574784
vn 0.400818506 2.228113111e-06 -0.9161574784
vn 0.4008179979 -6.06667596e-08 -0.9161577007
vn 0.4008179979 -6.06667596e-08 -0.9161577007
vn 0.4008179979 -6.06667596e-08 -0.9161577007
vn 0.4008198612 0 -0.9161568855
vn 0.4008198612 0 -0.9161568855
vn 0.4008198612 0 -0.9161568855
vn 0.4008184646 5.978681701e-07 -0.9161574965
vn 0.4008184646 5.978681701e-07 -0.9161574965
vn 0.4008184646 5.978681701e-07 -0.9161574965
vn 0.5144962996 0 -0.8574925992
vn 0.5144962996 0 -0.8574925992
vn 0.5144962996 0 -0.8574925992
vn 0.5144947818 0 -0.8574935099
vn 0.5144947818 0 -0.8574935099
vn 0.5144947818 0 -0.8574935099
vn 0.5144957554 0 -0.8574929257
vn 0.5144957554 0 -0.8574929257
vn 0.5144957554 0 -0.8574929257
vn 0.514496144 0 -0.8574926926
vn 0.514496144 0 -0.8574926926
vn 0.514496144 0 -0.8574926926
vn 0.5144962751 0 -0.8574926139
vn 0.5144962751 0 -0.8574926139
vn 0.5144962751 0 -0.8574926139
vn 0.5144955426 0 -0.8574930534
vn 0.5144955426 0 -0.8574930534
vn 0.5144955426 0 -0.8574930534
vn 0.5144980436 0 -0.8574915528
vn 0.5144980436 0 -0.8574915528
vn 0.5144980436 0 -0.8574915528
vn 0.5144955645 0 -0.8574930403
vn 0.5144955645 0 -0.8574930403
vn 0.5144955645 0 -0.8574930403
vn 0.5144958426 0 -0.8574928734
vn 0.5144958426 0 -0.8574928734
vn 0.5144958426 0 -0.8574928734
vn 0.51449648 0 -0.8574924909
vn 0.51449648 0 -0.8574924909
vn 0.51449648 0 -0.8574924909
vn 0.514493104 0 -0.8574945166
vn 0.514493104 0 -0.8574945166
vn 0.514493104 0 -0.8574945166
vn 0.5144959413 0 -0.8574928142
vn 0.5144959413 0 -0.8574928142
vn 0.5144959413 0 -0.8574928142
vn 0.5144962532 0 -0.857492627
vn 0.5144962532 0 -0.857492627
vn 0.5144962532 0 -0.857492627
vn 0.5144957554 0 -0.8574929257
vn 0.5144957554 0 -0.8574929257
vn 0.5144957554 0 -0.8574929257
vn 0.5144946329 0 -0.8574935992
vn 0.5144946329 0 -0.8574935992
vn 0.5144946329 0 -0.8574935992
vn 0.172379998 0 -0.9850305256
vn 0.172379998 0 -0.9850305256
vn 0.172379998 0 -0.9850305256
vn 0.1723826457 0 -0.9850300622
vn 0.1723826457 0 -0.9850300622
vn 0.1723826457 0 -0.9850300622
vn 0.172380023 0 -0.9850305212
vn 0.172380023 0 -0.9850305212
vn 0.172380023 0 -0.9850305212
vn 0.1723849472 0 -0.9850296594
vn 0.1723849472 0 -0.9850296594
vn 0.1723849472 0 -0.9850296594
vn 0.1723837755 0 -0.9850298645
vn 0.1723837755 0 -0.9850298645
vn 0.1723837755 0 -0.9850298645
vn 0.1723799393 0 -0.9850305358
vn 0.1723799393 0 -0.9850305358
vn 0.1723799393 0 -0.9850305358
vn 0.1723801796 0 -0.9850304938
vn 0.1723801796 0 -0.9850304938
vn 0.1723801796 0 -0.9850304938
vn 0.1723803597 0 -0.9850304623
vn 0.1723803597 0 -0.9850304623
vn 0.1723803597 0 -0.9850304623
vn 0.1723804704 0 -0.9850304429
vn 0.1723804704 0 -0.9850304429
vn 0.1723804704 0 -0.9850304429
vn 0.1723747209 0 -0.985031449
vn 0.1723747209 0 -0.985031449
vn 0.1723747209 0 -0.985031449
vn 0.0994995054 0 -0.9950376116
vn 0.0994995054 0 -0.9950376116
vn 0.0994995054 0 -0.9950376116
vn 0.09951779508 0 -0.9950357825
vn 0.09951779508 0 -0.9950357825
vn 0.09951779508 0 -0.9950357825
vn 0.09951807192 0 -0.9950357548
vn 0.09951807192 0 -0.9950357548
vn 0.09951807192 0 -0.9950357548
vn 0.09950346186 0 -0.9950372159
vn 0.09950346186 0 -0.9950372159
vn 0.09950346186 0 -0.9950372159
vn 0.09950371902 0 -0.9950371902
vn 0.09950371902 0 -0.9950371902
vn 0.09950371902 0 -0.9950371902
vn 1 -0 0
vn 1 -0 0
vn 1 -0 0
vn 0.5144959413 0 -0.8574928142
vn 0.5144959413 0 -0.8574928142
vn 0.5144959413 0 -0.8574928142
vn 0.5144962532 0 -0.857492627
vn 0.5144962532 0 -0.857492627
vn 0.5144962532 0 -0.857492627
vn 0.5144957554 0 -0.8574929257
vn 0.5144957554 0 -0.8574929257
vn 0.5144957554 0 -0.8574929257
vn 0.5144946329 0 -0.8574935992
vn 0.5144946329 0 -0.8574935992
vn 0.5144946329 0 -0.8574935992
vn 0.172379998 0 -0.9850305256
vn 0.172379998 0 -0.9850305256
vn 0.172379998 0 -0.9850305256
vn 0.1723826457 0 -0.9850300622
vn 0.1723826457 0 -0.9850300622
vn 0.1723826457 0 -0.9850300622
vn 0.172380023 0 -0.9850305212
vn 0.172380023 0 -0.9850305212
vn 0.172380023 0 -0.9850305212
vn 0.1723849472 0 -0.9850296594
vn 0.1723849472 0 -0.9850296594
vn 0.1723849472 0 -0.9850296594
vn 0.1723837755 0 -0.9850298645
vn 0.1723837755 0 -0.9850298645
vn 0.1723837755 0 -0.9850298645
vn 0.1723799393 0 -0.9850305358
vn 0.1723799393 0 -0.9850305358
vn 0.1723799393 0 -0.9850305358
vn 0.1723801796 0 -0.9850304938
vn 0.1723801796 0 -0.9850304938
vn 0.1723801796 0 -0.9850304938
vn 0.1723803597 0 -0.9850304623
vn 0.1723803597 0 -0.9850304623
vn 0.1723803597 0 -0.9850304623
vn 0.1723747209 0 -0.985031449
vn 0.1723747209 0 -0.985031449
vn 0.1723747209 0 -0.985031449
vn 0.09951779508 0 -0.9950357825
vn 0.09951779508 0 -0.9950357825
vn 0.09951779508 0 -0.9950357825
vn 0.0994995054 0 -0.9950376116
vn 0.0994995054 0 -0.9950376116
vn 0.0994995054 0 -0.9950376116
vn 0.09950371902 0 -0.9950371902
vn 0.09950371902 0 -0.9950371902
vn 0.09950371902 0 -0.9950371902
vn 1 0 -0
vn 1 0 -0
vn 1 0 -0
vn 1 -0 -0
vn 1 -0 -0
vn 1 -0 -0
vn 0.09951807192 0 -0.9950357548
vn 0.09951807192 0 -0.9950357548
vn 0.09951807192 0 -0.9950357548
vn 0.09950346186 0 -0.9950372159
vn 0.09950346186 0 -0.9950372159
vn 0.09950346186 0 -0.9950372159
vn 0.1723804704 0 -0.9850304429
vn 0.1723804704 0 -0.9850304429
vn 0.1723804704 0 -0.9850304429
f 2/1/1 3/2/2 1/3/3
f 66/4/4 3/5/5 2/6/6
f 66/7/7 2/8/8 4/9/9
f 7/10/10 5/11/11 6/12/12
f 16/13/13 5/14/14 7/15/15
f 7/16/16 6/17/17 17/18/18
f 7/19/19 17/20/20 19/21/21
f 66/22/22 65/23/23 3/24/24
f 16/25/25 9/26/26 8/27/27
f 16/28/28 12/29/29 9/30/30
f 66/31/31 4/32/32 10/33/33
f 66/34/34 10/35/35 67/36/36
f 16/37/37 71/38/38 12/39/39
f 67/40/40 10/41/41 14/42/42
f 67/43/43 14/44/44 11/45/45
f 67/46/46 11/47/47 70/48/48
f 70/49/49 11/50/50 13/51/51
f 70/52/52 13/53/53 12/54/54
f 70/55/55 12/56/56 71/57/57
f 16/58/58 75/59/59 71/60/60
f 16/61/61 15/62/62 5/63/63
f 16/64/64 8/65/65 15/66/66
f 16/67/67 7/68/68 75/69/69
f 7/70/70 19/71/71 75/72/72
f 19/73/73 17/74/74 18/75/75
f 19/76/76 18/77/77 20/78/78
f 19/79/79 20/80/80 22/81/81
f 22/82/82 20/83/83 21/84/84
f 19/85/85 76/86/86 75/87/87
f 19/88/88 22/89/89 85/90/90
f 19/91/91 85/92/92 76/93/93
f 22/94/94 94/95/95 85/96/96
f 23/97/97 30/98/98 24/99/99
f 23/100/100 24/101/101 31/102/102
f 26/103/103 34/104/104 25/105/105
f 26/106/106 25/107/107 28/108/108
f 26/109/109 28/110/110 29/111/111
f 29/112/112 28/113/113 27/114/114
f 29/115/115 27/116/116 48/117/117
f 29/118/118 50/119/119 107/120/120
f 22/121/121 30/122/122 23/123/123
f 22/124/124 21/125/125 30/126/126
f 22/127/127 23/128/128 94/129/129
f 23/130/130 31/131/131 33/132/132
f 33/133/133 32/134/134 34/135/135
f 33/136/136 31/137/137 32/138/138
f 23/139/139 33/140/140 95/141/141
f 33/142/142 26/143/143 95/144/144
f 23/145/145 95/146/146 94/147/147
f 26/148/148 96/149/149 95/150/150
f 33/151/151 34/152/152 26/153/153
f 26/154/154 29/155/155 96/156/156
f 29/157/157 107/158/158 96/159/159
f 50/160/160 108/161/161 107/162/162
f 35/163/163 51/164/164 39/165/165
f 37/166/166 36/167/167 41/168/168
f 37/169/169 38/170/170 36/171/171
f 37/172/172 41/173/173 43/174/174
f 35/175/175 39/176/176 38/177/177
f 35/178/178 38/179/179 37/180/180
f 40/181/181 46/182/182 47/183/183
f 44/184/184 40/185/185 54/186/186
f 43/187/187 41/188/188 42/189/189
f 43/190/190 42/191/191 45/192/192
f 43/193/193 45/194/194 44/195/195
f 44/196/196 45/197/197 46/198/198
f 44/199/199 46/200/200 40/201/201
f 29/202/202 48/203/203 50/204/204
f 50/205/205 48/206/206 49/207/207
f 50/208/208 49/209/209 52/210/210
f 50/211/211 52/212/212 51/213/213
f 50/214/214 51/215/215 35/216/216
f 50/217/217 35/218/218 108/219/219
f 35/220/220 37/221/221 116/222/222
f 37/223/223 43/224/224 116/225/225
f 35/226/226 115/227/227 108/228/228
f 35/229/229 116/230/230 115/231/231
f 43/232/232 117/233/233 116/234/234
f 43/235/235 118/236/236 117/237/237
f 43/238/238 44/239/239 118/240/240
f 44/241/241 54/242/242 132/243/243
f 44/244/244 132/245/245 118/246/246
f 54/247/247 55/248/248 53/249/249
f 54/250/250 40/251/251 55/252/252
f 53/253/253 55/254/254 57/255/255
f 57/256/256 55/257/257 56/258/258
f 54/259/259 53/260/260 132/261/261
f 57/262/262 56/263/263 58/264/264
f 53/265/265 57/266/266 134/267/267
f 56/268/268 59/269/269 58/270/270
f 58/271/271 59/272/272 61/273/273
f 59/274/274 60/275/275 61/276/276
f 61/277/277 60/278/278 63/279/279
f 60/280/280 62/281/281 63/282/282
f 63/283/283 62/284/284 183/285/285
f 63/286/286 183/287/287 64/288/288
f 53/289/289 133/290/290 132/291/291
f 53/292/292 134/293/293 133/294/294
f 57/295/295 58/296/296 135/297/297
f 58/298/298 61/299/299 136/300/300
f 57/301/301 135/302/302 134/303/303
f 58/304/304 136/305/305 135/306/306
f 61/307/307 137/308/308 136/309/309
f 61/310/310 63/311/311 137/312/312
f 63/313/313 64/314/314 137/315/315
f 64/316/316 138/317/317 137/318/318
f 64/319/319 222/320/320 138/321/321
f 66/322/322 67/323/323 73/324/324
f 67/325/325 68/326/326 73/327/327
f 67/328/328 69/329/329 68/330/330
f 67/331/331 70/332/332 69/333/333
f 70/334/334 72/335/335 69/336/336
f 70/337/337 74/338/338 72/339/339
f 70/340/340 71/341/341 77/342/342
f 70/343/343 77/344/344 74/345/345
f 77/346/346 71/347/347 75/348/348
f 66/349/349 87/350/350 65/351/351
f 66/352/352 73/353/353 86/354/354
f 77/355/355 78/356/356 74/357/357
f 75/358/358 76/359/359 82/360/360
f 76/361/361 85/362/362 81/363/363
f 82/364/364 76/365/365 81/366/366
f 77/367/367 89/368/368 78/369/369
f 77/370/370 75/371/371 91/372/372
f 91/373/373 75/374/374 82/375/375
f 82/376/376 81/377/377 83/378/378
f 81/379/379 80/380/380 83/381/381
f 85/382/382 101/383/383 81/384/384
f 81/385/385 92/386/386 80/387/387
f 82/388/388 83/389/389 84/390/390
f 82/391/391 84/392/392 79/393/393
f 85/394/394 94/395/395 101/396/396
f 66/397/397 86/398/398 88/399/399
f 66/400/400 88/401/401 87/402/402
f 88/403/403 109/404/404 87/405/405
f 77/406/406 91/407/407 89/408/408
f 91/409/409 90/410/410 89/411/411
f 91/412/412 82/413/413 79/414/414
f 91/415/415 79/416/416 90/417/417
f 81/418/418 101/419/419 92/420/420
f 94/421/421 95/422/422 98/423/423
f 95/424/424 96/425/425 103/426/426
f 101/427/427 94/428/428 98/429/429
f 98/430/430 99/431/431 97/432/432
f 95/433/433 103/434/434 98/435/435
f 98/436/436 97/437/437 93/438/438
f 101/439/439 98/440/440 93/441/441
f 106/442/442 96/443/443 107/444/444
f 98/445/445 103/446/446 99/447/447
f 103/448/448 96/449/449 106/450/450
f 101/451/451 100/452/452 92/453/453
f 101/454/454 93/455/455 100/456/456
f 103/457/457 102/458/458 99/459/459
f 103/460/460 104/461/461 102/462/462
f 103/463/463 106/464/464 104/465/465
f 106/466/466 105/467/467 104/468/468
f 106/469/469 107/470/470 112/471/471
f 107/472/472 108/473/473 112/474/474
f 106/475/475 110/476/476 105/477/477
f 106/478/478 111/479/479 110/480/480
f 106/481/481 112/482/482 111/483/483
f 112/484/484 113/485/485 111/486/486
f 112/487/487 114/488/488 113/489/489
f 108/490/490 115/491/491 119/492/492
f 115/493/493 116/494/494 119/495/495
f 116/496/496 117/497/497 126/498/498
f 126/499/499 117/500/500 118/501/501
f 112/502/502 108/503/503 119/504/504
f 112/505/505 119/506/506 114/507/507
f 119/508/508 116/509/509 123/510/510
f 123/511/511 116/512/512 126/513/513
f 127/514/514 118/515/515 132/516/516
f 126/517/517 118/518/518 127/519/519
f 127/520/520 132/521/521 145/522/522
f 119/523/523 120/524/524 114/525/525
f 119/526/526 121/527/527 120/528/528
f 119/529/529 123/530/530 121/531/531
f 123/532/532 122/533/533 121/534/534
f 123/535/535 124/536/536 122/537/537
f 123/538/538 126/539/539 124/540/540
f 126/541/541 125/542/542 124/543/543
f 126/544/544 128/545/545 125/546/546
f 126/547/547 127/548/548 128/549/549
f 127/550/550 129/551/551 128/552/552
f 127/553/553 131/554/554 129/555/555
f 131/556/556 130/557/557 129/558/558
f 127/559/559 145/560/560 131/561/561
f 133/562/562 134/563/563 140/564/564
f 134/565/565 135/566/566 140/567/567
f 135/568/568 136/569/569 142/570/570
f 136/571/571 137/572/572 141/573/573
f 132/574/574 133/575/575 146/576/576
f 140/577/577 135/578/578 142/579/579
f 142/580/580 136/581/581 141/582/582
f 137/583/583 138/584/584 139/585/585
f 139/586/586 138/587/587 222/588/588
f 141/589/589 137/590/590 149/591/591
f 137/592/592 139/593/593 149/594/594
f 132/595/595 146/596/596 145/597/597
f 133/598/598 140/599/599 146/600/600
f 140/601/601 142/602/602 148/603/603
f 141/604/604 149/605/605 144/606/606
f 142/607/607 141/608/608 143/609/609
f 148/610/610 142/611/611 143/612/612
f 143/613/613 141/614/614 144/615/615
f 145/616/616 146/617/617 147/618/618
f 145/619/619 147/620/620 131/621/621
f 146/622/622 140/623/623 147/624/624
f 140/625/625 148/626/626 147/627/627
f 149/628/628 139/629/629 251/630/630
f 149/631/631 251/632/632 150/633/633
f 144/634/634 149/635/635 150/636/636
f 40/637/637 47/638/638 151/639/639
f 40/640/640 151/641/641 161/642/642
f 161/643/643 151/644/644 152/645/645
f 40/646/646 153/647/647 55/648/648
f 40/649/649 161/650/650 153/651/651
f 55/652/652 153/653/653 162/654/654
f 55/655/655 162/656/656 56/657/657
f 153/658/658 159/659/659 162/660/660
f 161/661/661 152/662/662 154/663/663
f 161/664/664 156/665/665 153/666/666
f 161/667/667 154/668/668 156/669/669
f 156/670/670 164/671/671 165/672/672
f 156/673/673 155/674/674 164/675/675
f 156/676/676 154/677/677 155/678/678
f 153/679/679 156/680/680 159/681/681
f 56/682/682 157/683/683 59/684/684
f 56/685/685 162/686/686 157/687/687
f 162/688/688 160/689/689 157/690/690
f 157/691/691 160/692/692 179/693/693
f 158/694/694 157/695/695 179/696/696
f 156/697/697 172/698/698 159/699/699
f 159/700/700 163/701/701 160/702/702
f 59/703/703 157/704/704 158/705/705
f 59/706/706 158/707/707 60/708/708
f 60/709/709 158/710/710 178/711/711
f 162/712/712 159/713/713 160/714/714
f 160/715/715 163/716/716 184/717/717
f 159/718/718 172/719/719 163/720/720
f 166/721/721 165/722/722 167/723/723
f 156/724/724 165/725/725 166/726/726
f 170/727/727 168/728/728 169/729/729
f 166/730/730 167/731/731 168/732/732
f 170/733/733 166/734/734 168/735/735
f 203/736/736 170/737/737 169/738/738
f 156/739/739 166/740/740 172/741/741
f 166/742/742 171/743/743 172/744/744
f 163/745/745 172/746/746 192/747/747
f 172/748/748 171/749/749 192/750/750
f 170/751/751 214/752/752 171/753/753
f 170/754/754 171/755/755 166/756/756
f 179/757/757 173/758/758 180/759/759
f 180/760/760 173/761/761 174/762/762
f 179/763/763 184/764/764 173/765/765
f 163/766/766 193/767/767 184/768/768
f 173/769/769 190/770/770 174/771/771
f 184/772/772 190/773/773 173/774/774
f 184/775/775 193/776/776 190/777/777
f 193/778/778 177/779/779 190/780/780
f 158/781/781 180/782/782 178/783/783
f 60/784/784 178/785/785 62/786/786
f 62/787/787 178/788/788 183/789/789
f 178/790/790 180/791/791 181/792/792
f 158/793/793 179/794/794 180/795/795
f 181/796/796 175/797/797 185/798/798
f 181/799/799 182/800/800 175/801/801
f 181/802/802 185/803/803 186/804/804
f 180/805/805 174/806/806 182/807/807
f 182/808/808 174/809/809 176/810/810
f 182/811/811 176/812/812 175/813/813
f 181/814/814 180/815/815 182/816/816
f 178/817/817 181/818/818 183/819/819
f 183/820/820 181/821/821 186/822/822
f 183/823/823 186/824/824 198/825/825
f 183/826/826 198/827/827 64/828/828
f 160/829/829 184/830/830 179/831/831
f 185/832/832 175/833/833 187/834/834
f 175/835/835 176/836/836 187/837/837
f 176/838/838 174/839/839 189/840/840
f 176/841/841 189/842/842 187/843/843
f 198/844/844 186/845/845 199/846/846
f 185/847/847 188/848/848 186/849/849
f 185/850/850 187/851/851 188/852/852
f 187/853/853 189/854/854 188/855/855
f 186/856/856 188/857/857 199/858/858
f 174/859/859 190/860/860 189/861/861
f 189/862/862 177/863/863 191/864/864
f 189/865/865 190/866/866 177/867/867
f 191/868/868 177/869/869 200/870/870
f 188/871/871 189/872/872 191/873/873
f 188/874/874 191/875/875 200/876/876
f 177/877/877 201/878/878 200/879/879
f 194/880/880 195/881/881 192/882/882
f 163/883/883 192/884/884 193/885/885
f 193/886/886 192/887/887 195/888/888
f 171/889/889 194/890/890 192/891/891
f 171/892/892 214/893/893 194/894/894
f 193/895/895 195/896/896 177/897/897
f 194/898/898 196/899/899 195/900/900
f 195/901/901 196/902/902 197/903/903
f 177/904/904 195/905/905 201/906/906
f 201/907/907 195/908/908 197/909/909
f 188/910/910 200/911/911 199/912/912
f 64/913/913 198/914/914 222/915/915
f 198/916/916 199/917/917 222/918/918
f 199/919/919 200/920/920 223/921/921
f 200/922/922 201/923/923 224/924/924
f 199/925/925 223/926/926 222/927/927
f 200/928/928 224/929/929 223/930/930
f 201/931/931 228/932/932 224/933/933
f 201/934/934 197/935/935 228/936/936
f 196/937/937 229/938/938 197/939/939
f 197/940/940 229/941/941 228/942/942
f 196/943/943 284/944/944 229/945/945
f 203/946/946 169/947/947 202/948/948
f 203/949/949 202/950/950 204/951/951
f 207/952/952 204/953/953 205/954/954
f 203/955/955 204/956/956 207/957/957
f 203/958/958 206/959/959 170/960/960
f 203/961/961 207/962/962 206/963/963
f 170/964/964 206/965/965 214/966/966
f 206/967/967 207/968/968 215/969/969
f 207/970/970 208/971/971 215/972/972
f 207/973/973 205/974/974 209/975/975
f 207/976/976 209/977/977 208/978/978
f 208/979/979 209/980/980 210/981/981
f 208/982/982 210/983/983 211/984/984
f 208/985/985 211/986/986 212/987/987
f 208/988/988 212/989/989 276/990/990
f 206/991/991 216/992/992 214/993/993
f 214/994/994 216/995/995 194/996/996
f 206/997/997 215/998/998 216/999/999
f 194/1000/1000 216/1001/1001 196/1002/1002
f 208/1003/1003 282/1004/1004 215/1005/1005
f 215/1006/1006 283/1007/1007 216/1008/1008
f 208/1009/1009 276/1010/1010 282/1011/1011
f 277/1012/1012 212/1013/1013 213/1014/1014
f 277/1015/1015 213/1016/1016 217/1017/1017
f 277/1018/1018 276/1019/1019 212/1020/1020
f 277/1021/1021 217/1022/1022 278/1023/1023
f 219/1024/1024 217/1025/1025 218/1026/1026
f 219/1027/1027 278/1028/1028 217/1029/1029
f 215/1030/1030 282/1031/1031 283/1032/1032
f 216/1033/1033 284/1034/1034 196/1035/1035
f 216/1036/1036 283/1037/1037 284/1038/1038
f 131/1039/1039 220/1040/1040 130/1041/1041
f 131/1042/1042 231/1043/1043 220/1044/1044
f 231/1045/1045 221/1046/1046 220/1047/1047
f 222/1048/1048 223/1049/1049 226/1050/1050
f 223/1051/1051 224/1052/1052 227/1053/1053
f 224/1054/1054 228/1055/1055 230/1056/1056
f 222/1057/1057 226/1058/1058 225/1059/1059
f 139/1060/1060 222/1061/1061 225/1062/1062
f 223/1063/1063 227/1064/1064 226/1065/1065
f 259/1066/1066 226/1067/1067 227/1068/1068
f 224/1069/1069 230/1070/1070 227/1071/1071
f 228/1072/1072 229/1073/1073 270/1074/1074
f 271/1075/1075 229/1076/1076 284/1077/1077
f 230/1078/1078 228/1079/1079 270/1080/1080
f 271/1081/1081 270/1082/1082 229/1083/1083
f 143/1084/1084 239/1085/1085 238/1086/1086
f 143/1087/1087 144/1088/1088 239/1089/1089
f 144/1090/1090 252/1091/1091 239/1092/1092
f 232/1093/1093 241/1094/1094 240/1095/1095
f 241/1096/1096 257/1097/1097 233/1098/1098
f 240/1099/1099 233/1100/1100 242/1101/1101
f 131/1102/1102 147/1103/1103 234/1104/1104
f 131/1105/1105 234/1106/1106 231/1107/1107
f 147/1108/1108 232/1109/1109 234/1110/1110
f 147/1111/1111 148/1112/1112 232/1113/1113
f 234/1114/1114 232/1115/1115 240/1116/1116
f 231/1117/1117 235/1118/1118 221/1119/1119
f 231/1120/1120 234/1121/1121 237/1122/1122
f 231/1123/1123 237/1124/1124 235/1125/1125
f 237/1126/1126 236/1127/1127 235/1128/1128
f 237/1129/1129 243/1130/1130 236/1131/1131
f 237/1132/1132 244/1133/1133 243/1134/1134
f 234/1135/1135 240/1136/1136 237/1137/1137
f 148/1138/1138 143/1139/1139 238/1140/1140
f 148/1141/1141 238/1142/1142 232/1143/1143
f 232/1144/1144 238/1145/1145 241/1146/1146
f 238/1147/1147 253/1148/1148 241/1149/1149
f 239/1150/1150 253/1151/1151 238/1152/1152
f 237/1153/1153 240/1154/1154 242/1155/1155
f 240/1156/1156 241/1157/1157 233/1158/1158
f 237/1159/1159 245/1160/1160 244/1161/1161
f 245/1162/1162 246/1163/1163 244/1164/1164
f 245/1165/1165 247/1166/1166 246/1167/1167
f 245/1168/1168 250/1169/1169 247/1170/1170
f 250/1171/1171 248/1172/1172 247/1173/1173
f 285/1174/1174 248/1175/1175 250/1176/1176
f 237/1177/1177 242/1178/1178 245/1179/1179
f 245/1180/1180 242/1181/1181 249/1182/1182
f 233/1183/1183 272/1184/1184 242/1185/1185
f 242/1186/1186 272/1187/1187 249/1188/1188
f 245/1189/1189 249/1190/1190 250/1191/1191
f 249/1192/1192 298/1193/1193 250/1194/1194
f 139/1195/1195 225/1196/1196 251/1197/1197
f 251/1198/1198 225/1199/1199 258/1200/1200
f 252/1201/1201 251/1202/1202 255/1203/1203
f 251/1204/1204 258/1205/1205 255/1206/1206
f 144/1207/1207 150/1208/1208 252/1209/1209
f 150/1210/1210 251/1211/1211 252/1212/1212
f 252/1213/1213 255/1214/1214 254/1215/1215
f 239/1216/1216 252/1217/1217 254/1218/1218
f 239/1219/1219 254/1220/1220 253/1221/1221
f 255/1222/1222 258/1223/1223 261/1224/1224
f 255/1225/1225 266/1226/1226 256/1227/1227
f 255/1228/1228 261/1229/1229 266/1230/1230
f 255/1231/1231 256/1232/1232 254/1233/1233
f 256/1234/1234 266/1235/1235 267/1236/1236
f 254/1237/1237 256/1238/1238 268/1239/1239
f 256/1240/1240 267/1241/1241 268/1242/1242
f 241/1243/1243 253/1244/1244 257/1245/1245
f 225/1246/1246 226/1247/1247 258/1248/1248
f 258/1249/1249 226/1250/1250 259/1251/1251
f 258/1252/1252 259/1253/1253 261/1254/1254
f 261/1255/1255 259/1256/1256 260/1257/1257
f 260/1258/1258 259/1259/1259 262/1260/1260
f 267/1261/1261 260/1262/1262 262/1263/1263
f 261/1264/1264 260/1265/1265 266/1266/1266
f 266/1267/1267 260/1268/1268 267/1269/1269
f 267/1270/1270 262/1271/1271 268/1272/1272
f 259/1273/1273 264/1274/1274 262/1275/1275
f 259/1276/1276 227/1277/1277 264/1278/1278
f 230/1279/1279 269/1280/1280 227/1281/1281
f 268/1282/1282 262/1283/1283 263/1284/1284
f 262/1285/1285 264/1286/1286 269/1287/1287
f 262/1288/1288 269/1289/1289 263/1290/1290
f 264/1291/1291 227/1292/1292 269/1293/1293
f 253/1294/1294 254/1295/1295 265/1296/1296
f 254/1297/1297 268/1298/1298 265/1299/1299
f 253/1300/1300 265/1301/1301 257/1302/1302
f 233/1303/1303 257/1304/1304 273/1305/1305
f 265/1306/1306 268/1307/1307 263/1308/1308
f 257/1309/1309 265/1310/1310 263/1311/1311
f 257/1312/1312 263/1313/1313 273/1314/1314
f 273/1315/1315 263/1316/1316 269/1317/1317
f 230/1318/1318 275/1319/1319 269/1320/1320
f 230/1321/1321 270/1322/1322 275/1323/1323
f 233/1324/1324 273/1325/1325 272/1326/1326
f 273/1327/1327 275/1328/1328 272/1329/1329
f 272/1330/1330 275/1331/1331 274/1332/1332
f 249/1333/1333 272/1334/1334 274/1335/1335
f 249/1336/1336 274/1337/1337 298/1338/1338
f 273/1339/1339 269/1340/1340 275/1341/1341
f 271/1342/1342 275/1343/1343 270/1344/1344
f 274/1345/1345 275/1346/1346 271/1347/1347
f 277/1348/1348 295/1349/1349 276/1350/1350
f 277/1351/1351 278/1352/1352 281/1353/1353
f 278/1354/1354 279/1355/1355 281/1356/1356
f 279/1357/1357 280/1358/1358 281/1359/1359
f 296/1360/1360 282/1361/1361 276/1362/1362
f 277/1363/1363 281/1364/1364 294/1365/1365
f 277/1366/1366 294/1367/1367 295/1368/1368
f 283/1369/1369 297/1370/1370 284/1371/1371
f 282/1372/1372 299/1373/1373 283/1374/1374
f 297/1375/1375 271/1376/1376 284/1377/1377
f 285/1378/1378 286/1379/1379 248/1380/1380
f 285/1381/1381 287/1382/1382 286/1383/1383
f 285/1384/1384 290/1385/1385 287/1386/1386
f 290/1387/1387 288/1388/1388 287/1389/1389
f 285/1390/1390 250/1391/1391 289/1392/1392
f 285/1393/1393 289/1394/1394 290/1395/1395
f 250/1396/1396 298/1397/1397 289/1398/1398
f 290/1399/1399 289/1400/1400 299/1401/1401
f 290/1402/1402 299/1403/1403 296/1404/1404
f 296/1405/1405 276/1406/1406 295/1407/1407
f 296/1408/1408 295/1409/1409 291/1410/1410
f 290/1411/1411 292/1412/1412 288/1413/1413
f 290/1414/1414 296/1415/1415 292/1416/1416
f 296/1417/1417 293/1418/1418 292/1419/1419
f 296/1420/1420 291/1421/1421 293/1422/1422
f 296/1423/1423 299/1424/1424 282/1425/1425
f 299/1426/1426 297/1427/1427 283/1428/1428
f 289/1429/1429 297/1430/1430 299/1431/1431
f 274/1432/1432 271/1433/1433 297/1434/1434
f 289/1435/1435 298/1436/1436 297/1437/1437
f 298/1438/1438 274/1439/1439 297/1440/1440
f 3/1441/1441 87/1442/1442 1/1443/1443
f 2/1444/1444 1/1445/1445 109/1446/1446
f 2/1447/1447 88/1448/1448 4/1449/1449
f 4/1450/1450 73/1451/1451 10/1452/1452
f 14/1453/1453 10/1454/1454 68/1455/1455
f 14/1456/1456 69/1457/1457 11/1458/1458
f 11/1459/1459 72/1460/1460 13/1461/1461
f 13/1462/1462 72/1463/1463 12/1464/1464
f 8/1465/1465 9/1466/1466 78/1467/1467
f 9/1468/1468 12/1469/1469 74/1470/1470
f 15/1471/1471 78/1472/1472 5/1473/1473
f 5/1474/1474 89/1475/1475 6/1476/1476
f 15/1477/1477 8/1478/1478 78/1479/1479
f 6/1480/1480 90/1481/1481 17/1482/1482
f 17/1483/1483 79/1484/1484 18/1485/1485
f 18/1486/1486 83/1487/1487 20/1488/1488
f 20/1489/1489 80/1490/1490 21/1491/1491
f 21/1492/1492 92/1493/1493 30/1494/1494
f 30/1495/1495 100/1496/1496 24/1497/1497
f 24/1498/1498 93/1499/1499 31/1500/1500
f 31/1501/1501 97/1502/1502 32/1503/1503
f 32/1504/1504 99/1505/1505 34/1506/1506
f 34/1507/1507 102/1508/1508 25/1509/1509
f 25/1510/1510 102/1511/1511 28/1512/1512
f 28/1513/1513 104/1514/1514 27/1515/1515
f 27/1516/1516 105/1517/1517 48/1518/1518
f 48/1519/1519 110/1520/1520 49/1521/1521
f 52/1522/1522 49/1523/1523 111/1524/1524
f 52/1525/1525 113/1526/1526 51/1527/1527
f 51/1528/1528 114/1529/1529 39/1530/1530
f 39/1531/1531 120/1532/1532 38/1533/1533
f 38/1534/1534 121/1535/1535 36/1536/1536
f 36/1537/1537 122/1538/1538 41/1539/1539
f 41/1540/1540 124/1541/1541 42/1542/1542
f 42/1543/1543 125/1544/1544 45/1545/1545
f 45/1546/1546 128/1547/1547 46/1548/1548
f 46/1549/1549 129/1550/1550 47/1551/1551
f 3/1552/1552 65/1553/1553 87/1554/1554
f 10/1555/1555 73/1556/1556 68/1557/1557
f 4/1558/1558 86/1559/1559 73/1560/1560
f 14/1561/1561 68/1562/1562 69/1563/1563
f 11/1564/1564 69/1565/1565 72/1566/1566
f 12/1567/1567 72/1568/1568 74/1569/1569
f 9/1570/1570 74/1571/1571 78/1572/1572
f 87/1573/1573 109/1574/1574 1/1575/1575
f 2/1576/1576 109/1577/1577 88/1578/1578
f 4/1579/1579 88/1580/1580 86/1581/1581
f 5/1582/1582 78/1583/1583 89/1584/1584
f 6/1585/1585 89/1586/1586 90/1587/1587
f 17/1588/1588 90/1589/1589 79/1590/1590
f 20/1591/1591 83/1592/1592 80/1593/1593
f 18/1594/1594 79/1595/1595 84/1596/1596
f 18/1597/1597 84/1598/1598 83/1599/1599
f 21/1600/1600 80/1601/1601 92/1602/1602
f 30/1603/1603 92/1604/1604 100/1605/1605
f 24/1606/1606 100/1607/1607 93/1608/1608
f 31/1609/1609 93/1610/1610 97/1611/1611
f 32/1612/1612 97/1613/1613 99/1614/1614
f 34/1615/1615 99/1616/1616 102/1617/1617
f 28/1618/1618 102/1619/1619 104/1620/1620
f 27/1621/1621 104/1622/1622 105/1623/1623
f 48/1624/1624 105/1625/1625 110/1626/1626
f 111/1627/1627 49/1628/1628 110/1629/1629
f 52/1630/1630 111/1631/1631 113/1632/1632
f 51/1633/1633 113/1634/1634 114/1635/1635
f 39/1636/1636 114/1637/1637 120/1638/1638
f 38/1639/1639 120/1640/1640 121/1641/1641
f 36/1642/1642 121/1643/1643 122/1644/1644
f 41/1645/1645 122/1646/1646 124/1647/1647
f 42/1648/1648 124/1649/1649 125/1650/1650
f 128/1651/1651 45/1652/1652 125/1653/1653
f 46/1654/1654 128/1655/1655 129/1656/1656
f 47/1657/1657 129/1658/1658 130/1659/1659
f 47/1660/1660 130/1661/1661 151/1662/1662
f 151/1663/1663 220/1664/1664 152/1665/1665
f 152/1666/1666 221/1667/1667 154/1668/1668
f 154/1669/1669 235/1670/1670 155/1671/1671
f 164/1672/1672 155/1673/1673 236/1674/1674
f 164/1675/1675 243/1676/1676 165/1677/1677
f 165/1678/1678 244/1679/1679 167/1680/1680
f 167/1681/1681 246/1682/1682 168/1683/1683
f 169/1684/1684 168/1685/1685 248/1686/1686
f 169/1687/1687 248/1688/1688 202/1689/1689
f 202/1690/1690 286/1691/1691 204/1692/1692
f 204/1693/1693 287/1694/1694 205/1695/1695
f 205/1696/1696 288/1697/1697 209/1698/1698
f 209/1699/1699 292/1700/1700 210/1701/1701
f 211/1702/1702 210/1703/1703 293/1704/1704
f 211/1705/1705 291/1706/1706 212/1707/1707
f 212/1708/1708 295/1709/1709 213/1710/1710
f 213/1711/1711 294/1712/1712 217/1713/1713
f 217/1714/1714 280/1715/1715 218/1716/1716
f 219/1717/1717 218/1718/1718 280/1719/1719
f 151/1720/1720 130/1721/1721 220/1722/1722
f 152/1723/1723 220/1724/1724 221/1725/1725
f 154/1726/1726 221/1727/1727 235/1728/1728
f 235/1729/1729 236/1730/1730 155/1731/1731
f 164/1732/1732 236/1733/1733 243/1734/1734
f 165/1735/1735 243/1736/1736 244/1737/1737
f 167/1738/1738 244/1739/1739 246/1740/1740
f 168/1741/1741 246/1742/1742 247/1743/1743
f 168/1744/1744 247/1745/1745 248/1746/1746
f 286/1747/1747 202/1748/1748 248/1749/1749
f 204/1750/1750 286/1751/1751 287/1752/1752
f 205/1753/1753 287/1754/1754 288/1755/1755
f 292/1756/1756 293/1757/1757 210/1758/1758
f 212/1759/1759 291/1760/1760 295/1761/1761
f 211/1762/1762 293/1763/1763 291/1764/1764
f 217/1765/1765 281/1766/1766 280/1767/1767
f 219/1768/1768 279/1769/1769 278/1770/1770
f 219/1771/1771 280/1772/1772 279/1773/1773
f 213/1774/1774 295/1775/1775 294/1776/1776
f 281/1777/1777 217/1778/1778 294/1779/1779
f 209/1780/1780 288/1781/1781 292/1782/1782
