# meters; x anterior, y left, z dorsal
mtllib fish.mtl
usemtl fish
v -0.01828774206 -0.0005055142683 0.006241753176
v -0.01701224364 -0.0005638636649 0.004549149834
v -0.01251767717 -0.0005556917749 0.003012825214
v -0.01235423751 -0.0005066601443 0.004197756238
v -0.0237132325 -0.0004825237556 0.007801581118
v -0.0237132325 -0.0004763868928 0.007793269996
v -0.0236602328 -0.0004727733904 0.007786344215
v -0.0237132325 -0.0003152625868 0.007740246076
v -0.02087484069 -0.000264633476 0.006985543706
v -0.01828706406 -0.0004658004327 0.005072153583
v -0.01822986223 -0.0004984881962 0.006183537133
v -0.01823359869 -0.0004935072502 0.006226186119
v -0.01840420209 -0.0004724506289 0.006275235154
v -0.01946382366 -0.0002533300722 0.005930207148
v -0.02061874933 -0.0003023886238 0.006911918
v -0.0204929202 -0.000304525136 0.00687574124
v -0.0204771436 -0.0002615019912 0.006788260713
v -0.02023696668 -0.0002734115405 0.006802155115
v -0.01948136233 -0.0002942495048 0.006584918536
v -0.02141618497 -0.000179112496 0.007141180281
v -0.02282314889 -1.680844798e-05 0.00754568208
v -0.02277154244 -1.050819355e-05 0.007530844715
v -0.01550043516 -0.000482144329 0.004181412459
v -0.0140458285 -0.0004576285137 0.00359303359
v -0.01268980793 -0.0004608172458 0.004632346742
v -0.01233106993 -0.0004781479656 0.004529210217
v -0.01389873542 -0.0003759091196 0.004728932344
v -0.01701877408 -0.0004116192576 0.005876925253
v -0.01686514683 -0.0004167688021 0.005709564723
v -0.01686934896 -0.0004100444494 0.005833965205
v -0.01672291897 -0.0004063812667 0.005791865699
v -0.01542688675 -0.0004576285137 0.005202904754
v -0.01542427532 -0.0004341083986 0.00541850593
v -0.01417216427 -0.0003640851937 0.005058524609
v -0.01389006667 -0.0003629067796 0.004977421314
v -0.009526745898 -0.0006210672436 0.001705315374
v -0.006421410961 -0.0005802075611 0.000209850669
v -0.008006767852 -0.0006128952955 0.001018872894
v -0.002735865784 -0.0005311759305 -0.001808616854
v -0.003560030384 -0.0006534277345 0.001352811642
v -0.003745255543 -0.00063561555 0.001423197277
v -0.004672618134 -0.0006128952955 -0.0007135780154
v -0.003618435485 -0.0006292391918 0.001182311624
v -0.001060621364 -0.0006619269261 0.0003814617546
v -0.001075723691 -0.0006645383546 0.0004087755831
v -0.001053602917 -0.0006648193812 0.0004003703968
v -0.0008285953827 -0.0006687978166 0.0003148666026
v -0.01102221153 -0.000572035613 0.002367242649
v -0.01076071106 -0.0005230039824 0.003625721149
v -0.005710454208 -0.0006374111399 0.001852410324
v -0.007508279306 -0.000572035613 0.00249799382
v -0.007431948108 -0.0005526056048 0.002824140191
v -0.00777806483 -0.0005254655844 0.002955664359
v -0.005918962432 -0.0006096101715 0.002249205895
v -0.005625331325 -0.0006462550373 0.002137626
v -0.0006520240731 -0.0004984881962 -0.003050751574
v -0.009175354166 -0.0004984881962 0.003061857484
v -0.01063813038 -0.0004755522241 0.004042489864
v -0.01116461821 -0.0004830570542 0.004193854928
v -0.01072162531 -0.000477406662 0.004066495635
v -0.009539829118 -0.0004612125049 0.003625134416
v -0.009108775777 -0.000461499556 0.003461334333
v -0.0005703023799 0 -0.008002945743
v -0.003046402258 0 -0.005396097489
v -0.00192684449 0 -0.006679093055
v -0.0237132325 0 0.007573422454
v -0.02282248951 0 0.007540079244
v -0.02277154244 1.050819355e-05 0.007530844715
v -0.02282314889 1.680844798e-05 0.00754568208
v -0.02122078977 0 0.006820948739
v -0.02141618497 0.000179112496 0.007141180281
v -0.01952919878 0 0.005513438434
v -0.02054251872 0 0.006273428388
v -0.0184178143 0 0.004802479819
v -0.0237132325 0.0003152625868 0.007740246076
v -0.02087484069 0.000264633476 0.006985543706
v -0.0237132325 0.0004763868928 0.007793269996
v -0.0236602328 0.0004727733904 0.007786344215
v -0.0237132325 0.0004825237556 0.007801581118
v -0.01946382366 0.0002533300722 0.005930207148
v -0.0204771436 0.0002615019912 0.006788260713
v -0.02023696668 0.0002734115405 0.006802155115
v -0.02061874933 0.0003023886238 0.006911918
v -0.0204929202 0.000304525136 0.00687574124
v -0.01948136233 0.0002942495048 0.006584918536
v -0.01828706406 0.0004658004327 0.005072153583
v -0.01840420209 0.0004724506289 0.006275235154
v -0.01823359869 0.0004935072502 0.006226186119
v -0.01822986223 0.0004984881962 0.006183537133
v -0.01577827848 0 0.003184436299
v -0.01723288513 0 0.004148724899
v -0.01432367556 0 0.002620572634
v -0.01291810117 0 0.001852410324
v -0.01550043516 0.000482144329 0.004181412459
v -0.01389873542 0.0003759091196 0.004728932344
v -0.0140458285 0.0004576285137 0.00359303359
v -0.01268980793 0.0004608172458 0.004632346742
v -0.01233106993 0.0004781479656 0.004529210217
v -0.01701877408 0.0004116192576 0.005876925253
v -0.01672291897 0.0004063812667 0.005791865699
v -0.01686514683 0.0004167688021 0.005709564723
v -0.01686934896 0.0004100444494 0.005833965205
v -0.01542427532 0.0004341083986 0.00541850593
v -0.01542688675 0.0004576285137 0.005202904754
v -0.01417216427 0.0003640851937 0.005058524609
v -0.01389006667 0.0003629067796 0.004977421314
v -0.01828774206 0.0005055142683 0.006241753176
v -0.01701224364 0.0005638636649 0.004549149834
v -0.01251767717 0.0005556917749 0.003012825214
v -0.01235423751 0.0005066601443 0.004197756238
v -0.007385698629 0 -0.001367332004
v -0.006004644109 0 -0.00268301513
v -0.008685038907 0 -0.0003703567757
v -0.01142263554 0 0.00122317154
v -0.01004975058 0 0.0004876967893
v -0.004443803353 0 -0.003966008834
v -0.0006520240731 0.0004984881962 -0.003050751574
v -0.009175354166 0.0004984881962 0.003061857484
v -0.01063813038 0.0004755522241 0.004042489864
v -0.01116461821 0.0004830570542 0.004193854928
v -0.01072162531 0.000477406662 0.004066495635
v -0.009539829118 0.0004612125049 0.003625134416
v -0.009108775777 0.000461499556 0.003461334333
v -0.009526745898 0.0006210672436 0.001705315374
v -0.006421410961 0.0005802075611 0.000209850669
v -0.008006767852 0.0006128952955 0.001018872894
v -0.002735865784 0.0005311759305 -0.001808616854
v -0.004672618134 0.0006128952955 -0.0007135780154
v -0.003618435485 0.0006292391918 0.001182311624
v -0.003560030384 0.0006534277345 0.001352811642
v -0.003745255543 0.00063561555 0.001423197277
v -0.001060621364 0.0006619269261 0.0003814617546
v -0.001075723691 0.0006645383546 0.0004087755831
v -0.001053602917 0.0006648193812 0.0004003703968
v -0.0008285953827 0.0006687978166 0.0003148666026
v -0.01102221153 0.000572035613 0.002367242649
v -0.01076071106 0.0005230039824 0.003625721149
v -0.00777806483 0.0005254655844 0.002955664359
v -0.007431948108 0.0005526056048 0.002824140191
v -0.007508279306 0.000572035613 0.00249799382
v -0.005918962432 0.0006096101715 0.002249205895
v -0.005710454208 0.0006374111399 0.001852410324
v -0.005625331325 0.0006462550373 0.002137626
v 0.006187888312 -0.0005230039824 -0.0124811675
v 0.00478231393 -0.0005066601443 -0.01037280779
v 0.005583165663 -0.0005311759305 -0.01150053512
v 0.01136072584 -0.0005311759305 -0.01386222575
v 0.007609805542 -0.0006374111399 -0.01142698858
v 0.01198179133 -0.000645583088 -0.01288159337
v 0.009955151456 -0.0006210672436 -0.01270181086
v 0.01006955885 -0.0006128952955 -0.01152505126
v 0.001995685028 -0.0005475198268 -0.006376729868
v 0.005713915902 -0.0006374111399 -0.007153065465
v 0.004864035624 -0.0005311759305 -0.005428785048
v 0.007144004556 -0.0005883795093 -0.01013582159
v 0.009603757861 -0.0006619269261 -0.008436059169
v 0.009946980032 -0.0006210672436 -0.01008679118
v 0.009129785451 -0.0005883795093 -0.006638232209
v 0.008574095073 -0.0006292391918 -0.004693312161
v 0.007021425741 -0.0004249407502 -0.01404200826
v 0.006629171299 -0.0004331126984 -0.01331470493
v 0.008198185342 -0.0004004249349 -0.01464673091
v 0.008100122663 -0.0003840810678 -0.01407469582
v 0.007797759476 -0.0003513933043 -0.01512070332
v 0.009391287791 -0.0003350494371 -0.01548844162
v 0.009186989146 -0.00031870557 -0.01559467573
v 0.008353451716 -0.000326877489 -0.01508801576
v 0.009007206636 -0.0003350494371 -0.01544758078
v 0.008999035212 -0.00031870557 -0.01517790701
v 0.008296248021 -0.0002696739393 -0.01548844162
v 0.009080755042 -0.0003023617028 -0.01565187942
v 0.008623125481 -0.0003023617028 -0.01541489322
v 0.009154301586 -0.0003023617028 -0.01480199914
v 0.007380990761 -0.0003595652524 -0.01463855948
v 0.009415803926 -0.0003595652524 -0.01428716589
v 0.008034745681 -0.0003513933043 -0.01337190863
v 0.01016762153 -0.0004331126984 -0.0155129559
v 0.0105598741 -0.0004085968831 -0.01574177068
v 0.009709993827 -0.0004984881962 -0.01360889483
v 0.01069879763 -0.0004004249349 -0.0145404968
v 0.009718165251 -0.0003759091196 -0.01577445824
v 0.009579241725 -0.0003759091196 -0.01561919186
v 0.009652790131 -0.0003432213853 -0.01532500196
v 0.01010224641 -0.0003432213853 -0.01501446921
v 0.01092761241 -0.0003595652524 -0.01525145542
v 0.009775368946 -0.0002860178065 -0.01597875688
v 0.01078051746 -0.0002941897546 -0.01597058546
v 0.01152416364 -0.0003677372006 -0.01550478447
v 0.0119245895 -0.0003432213853 -0.01582349051
v 0.01178566598 -0.0002696739393 -0.01478565443
v 0.007871307882 -0.0004576285137 -0.01248934079
v 0.008950002941 -0.000245158124 -0.01578263152
v 0.003033521103 -0.0003595652524 -0.007806820385
v 0.003965123075 -0.0004984881962 -0.00913884636
v 0.0008025825791 -0.0003677372006 -0.00479137484
v 0.006457562076 -0.0004739723809 -0.00869756151
v 0.01248027988 -0.0007354744012 -0.01159042638
v 0.0137224146 -0.0005393478787 -0.01303685974
v 0.014662188 -0.0006128952955 -0.01167214621
v 0.01651721679 -0.0006292391918 -0.01188461628
v 0.01951631949 -0.0005475198268 -0.01047087047
v 0.01277446978 -0.0006864427705 -0.01002958748
v 0.01539766275 -0.000572035613 -0.01002958748
v 0.01288070575 -0.0006210672436 -0.008272619508
v 0.01774300866 -0.0006292391918 -0.01016850915
v 0.01883804843 -0.0005230039824 -0.00833799649
v 0.02106081553 -0.0006047234056 -0.008705732934
v 0.02257262402 -0.0005638636649 -0.006842530854
v 0.02438679382 -0.0005393478787 -0.005159111284
v 0.02450120028 -0.0005459088134 -0.005099651925
v 0.01263554625 -0.0004004249349 -0.01508801576
v 0.01275812693 -0.0004004249349 -0.01408286724
v 0.01512798898 -0.0004494565655 -0.01328201737
v 0.01318306707 -0.0002941897546 -0.01540672179
v 0.01462950044 -0.0003677372006 -0.01475296687
v 0.01384499341 -0.0003759091196 -0.01436888572
v 0.01614948035 -0.0003105336218 -0.01362523954
v 0.01783289992 -0.000490316248 -0.0121869776
v 0.0160023854 -0.0003840810678 -0.008231760524
v 0.01280715734 -0.0003840810678 -0.00636038702
v 0.01264371954 -0.0004494565655 -0.004227511175
v 0.01652539008 -0.0003840810678 -0.006254151054
v 0.020096526 -0.0004576285137 -0.006425762139
v 0.02450120028 -0.0004909451236 -0.005230249427
v 0.005235923903 -0.000829104858 -0.001989651061
v 0.005705742615 -0.0008050735341 -0.002168181874
v 0.003883401381 -0.0006047234056 -0.003385802321
v 0.002252156364 -0.0007448582328 -0.0008558189122
v 0.002414742934 -0.0007421254995 -0.0009176019205
v 0.002717329638 -0.0007452139398 -0.001032584868
v 0.008061133774 -0.0008005966665 -0.00239347998
v 0.007961864101 -0.0007882675854 -0.002383984215
v 0.008310545685 -0.0007915571332 -0.002417336739
v 0.007977541985 -0.0007763340836 -0.002462371774
v 0.01241653644 -0.0007655379013 -0.002810084782
v 0.01120130204 -0.0008733602008 -0.002693844549
v 0.01445332214 -0.0008495135116 -0.003004906289
v 0.01800017476 -0.00100821536 -0.003344172202
v 0.01681459368 -0.000793008483 -0.003230768777
v 0.01691764266 -0.0005393478787 -0.004031383954
v 0.02235103816 -0.0008948794566 -0.003760341145
v 0.02164230354 -0.0008818664937 -0.003692548312
v 0.02173908472 -0.0007354744012 -0.00392514985
v 0.02434512552 -0.0007009000401 -0.003951079734
v 0.02450120028 -0.0006970461109 -0.003966008834
v 0.00626960628 0 -0.01427899446
v 0.005632197934 0 -0.01359255198
v 0.003041690665 0 -0.01110011112
v 0.004144905584 0 -0.01201536838
v 0.005011128711 0 -0.01284890581
v 0.006882502215 0 -0.01480199914
v 0.007454539167 0 -0.01527596969
v 0.008108294087 0 -0.01561102044
v 0.00886828311 0 -0.01590521034
v 0.008950002941 0.000245158124 -0.01578263152
v 0.009767197522 0 -0.01610950898
v 0.010854064 0 -0.0162320878
v 0.01210437201 0 -0.01613402326
v 0.007797759476 0.0003513933043 -0.01512070332
v 0.008296248021 0.0002696739393 -0.01548844162
v 0.009080755042 0.0003023617028 -0.01565187942
v 0.008623125481 0.0003023617028 -0.01541489322
v 0.009154301586 0.0003023617028 -0.01480199914
v 0.009186989146 0.00031870557 -0.01559467573
v 0.009391287791 0.0003350494371 -0.01548844162
v 0.008353451716 0.000326877489 -0.01508801576
v 0.008999035212 0.00031870557 -0.01517790701
v 0.009007206636 0.0003350494371 -0.01544758078
v 0.007380990761 0.0003595652524 -0.01463855948
v 0.009415803926 0.0003595652524 -0.01428716589
v 0.008034745681 0.0003513933043 -0.01337190863
v 0.007021425741 0.0004249407502 -0.01404200826
v 0.006629171299 0.0004331126984 -0.01331470493
v 0.008198185342 0.0004004249349 -0.01464673091
v 0.008100122663 0.0003840810678 -0.01407469582
v 0.009775368946 0.0002860178065 -0.01597875688
v 0.01078051746 0.0002941897546 -0.01597058546
v 0.009718165251 0.0003759091196 -0.01577445824
v 0.009579241725 0.0003759091196 -0.01561919186
v 0.009652790131 0.0003432213853 -0.01532500196
v 0.01010224641 0.0003432213853 -0.01501446921
v 0.01092761241 0.0003595652524 -0.01525145542
v 0.01178566598 0.0002696739393 -0.01478565443
v 0.01152416364 0.0003677372006 -0.01550478447
v 0.0119245895 0.0003432213853 -0.01582349051
v 0.01016762153 0.0004331126984 -0.0155129559
v 0.0105598741 0.0004085968831 -0.01574177068
v 0.01069879763 0.0004004249349 -0.0145404968
v 0.009709993827 0.0004984881962 -0.01360889483
v 0.007871307882 0.0004576285137 -0.01248934079
v 0.0008189254277 0 -0.009196048193
v 0.001954826044 0 -0.01011130545
v 0.003033521103 0.0003595652524 -0.007806820385
v 0.003965123075 0.0004984881962 -0.00913884636
v 0.0008025825791 0.0003677372006 -0.00479137484
v 0.006457562076 0.0004739723809 -0.00869756151
v 0.006187888312 0.0005230039824 -0.0124811675
v 0.00478231393 0.0005066601443 -0.01037280779
v 0.005583165663 0.0005311759305 -0.01150053512
v 0.01136072584 0.0005311759305 -0.01386222575
v 0.007609805542 0.0006374111399 -0.01142698858
v 0.009955151456 0.0006210672436 -0.01270181086
v 0.01006955885 0.0006128952955 -0.01152505126
v 0.01198179133 0.000645583088 -0.01288159337
v 0.001995685028 0.0005475198268 -0.006376729868
v 0.004864035624 0.0005311759305 -0.005428785048
v 0.005713915902 0.0006374111399 -0.007153065465
v 0.007144004556 0.0005883795093 -0.01013582159
v 0.009946980032 0.0006210672436 -0.01008679118
v 0.009603757861 0.0006619269261 -0.008436059169
v 0.009129785451 0.0005883795093 -0.006638232209
v 0.008574095073 0.0006292391918 -0.004693312161
v 0.01344456941 0 -0.01575811539
v 0.01499723688 0 -0.01510436047
v 0.01673786015 0 -0.01407469582
v 0.01318306707 0.0002941897546 -0.01540672179
v 0.01462950044 0.0003677372006 -0.01475296687
v 0.01384499341 0.0003759091196 -0.01436888572
v 0.01263554625 0.0004004249349 -0.01508801576
v 0.01275812693 0.0004004249349 -0.01408286724
v 0.01512798898 0.0004494565655 -0.01328201737
v 0.01614948035 0.0003105336218 -0.01362523954
v 0.01783289992 0.000490316248 -0.0121869776
v 0.01860923365 0 -0.01266095001
v 0.02039888732 0 -0.01086312491
v 0.0160023854 0.0003840810678 -0.008231760524
v 0.01280715734 0.0003840810678 -0.00636038702
v 0.01264371954 0.0004494565655 -0.004227511175
v 0.01652539008 0.0003840810678 -0.006254151054
v 0.02228660554 0 -0.009081642665
v 0.02411711913 0 -0.007618864588
v 0.02450120028 0 -0.007204301245
v 0.020096526 0.0004576285137 -0.006425762139
v 0.02450120028 0.0004909451236 -0.005230249427
v 0.0137224146 0.0005393478787 -0.01303685974
v 0.014662188 0.0006128952955 -0.01167214621
v 0.01248027988 0.0007354744012 -0.01159042638
v 0.01651721679 0.0006292391918 -0.01188461628
v 0.01951631949 0.0005475198268 -0.01047087047
v 0.01539766275 0.000572035613 -0.01002958748
v 0.01288070575 0.0006210672436 -0.008272619508
v 0.01277446978 0.0006864427705 -0.01002958748
v 0.01774300866 0.0006292391918 -0.01016850915
v 0.01883804843 0.0005230039824 -0.00833799649
v 0.02106081553 0.0006047234056 -0.008705732934
v 0.02257262402 0.0005638636649 -0.006842530854
v 0.02438679382 0.0005393478787 -0.005159111284
v 0.02450120028 0.0005459088134 -0.005099651925
v 0.003883401381 0.0006047234056 -0.003385802321
v 0.002252156364 0.0007448582328 -0.0008558189122
v 0.002414742934 0.0007421254995 -0.0009176019205
v 0.002717329638 0.0007452139398 -0.001032584868
v 0.005705742615 0.0008050735341 -0.002168181874
v 0.005235923903 0.000829104858 -0.001989651061
v 0.007977541985 0.0007763340836 -0.002462371774
v 0.007961864101 0.0007882675854 -0.002383984215
v 0.008061133774 0.0008005966665 -0.00239347998
v 0.008310545685 0.0007915571332 -0.002417336739
v 0.01241653644 0.0007655379013 -0.002810084782
v 0.01120130204 0.0008733602008 -0.002693844549
v 0.01691764266 0.0005393478787 -0.004031383954
v 0.01445332214 0.0008495135116 -0.003004906289
v 0.01681459368 0.000793008483 -0.003230768777
v 0.01800017476 0.00100821536 -0.003344172202
v 0.02173908472 0.0007354744012 -0.00392514985
v 0.02434512552 0.0007009000401 -0.003951079734
v 0.02450120028 0.0006970461109 -0.003966008834
v 0.02164230354 0.0008818664937 -0.003692548312
v 0.02235103816 0.0008948794566 -0.003760341145
vt 0.4369999993 0.8458181755
vt 0.4249999953 0.8632727204
vt 0.4270000047 0.8380606025
vt 0.4369999993 0.8458181756
vt 0.4480000028 0.8545454592
vt 0.4249999953 0.8632727207
vt 0.4270000049 0.8380606025
vt 0.4249999948 0.8632727204
vt 0.4160000028 0.8545454448
vt 0.4480000028 0.8545454592
vt 0.4330000038 0.8700606137
vt 0.4249999953 0.8632727207
vt 0.487999997 0.9292121244
vt 0.4959999975 0.9282424217
vt 0.4920000025 0.9389090879
vt 0.4879999971 0.9292121243
vt 0.4920000013 0.9185454605
vt 0.4959999975 0.9282424218
vt 0.9311363559 0.06680992276
vt 0.9314311557 0.06659552579
vt 0.9311695275 0.06687916986
vt 0.9311363559 0.06680992283
vt 0.930713476 0.0660837656
vt 0.9314311551 0.06659552468
vt 0.9314311551 0.06659552468
vt 0.930713476 0.0660837656
vt 0.9350403315 0.06141154949
vt 0.5089999987 0.9650909152
vt 0.5094094174 0.965448218
vt 0.509554127 0.9661655892
vt 0.5089999994 0.9650909155
vt 0.5092666623 0.96512786
vt 0.5094094171 0.9654482181
vt 0.5019999979 0.9650909057
vt 0.5059999979 0.9563636324
vt 0.5089999981 0.9650909166
vt 0.5089999983 0.9650909165
vt 0.5070502495 0.9573820512
vt 0.5092666604 0.9651278616
vt 0.5069999986 0.9728484852
vt 0.501999998 0.9650909058
vt 0.5089999978 0.9650909164
vt 0.5069999986 0.9728484853
vt 0.5089999978 0.9650909164
vt 0.5095541256 0.9661655908
vt 0.5069999986 0.9728484853
vt 0.5095541256 0.9661655908
vt 0.5112919821 0.9728484959
vt 0.9480000012 0.05163636246
vt 0.9481754844 0.05231706055
vt 0.9475118845 0.05281969673
vt 0.9480000012 0.05163636243
vt 0.9494573785 0.05116528995
vt 0.9481754844 0.05231706071
vt 0.9480000012 0.05163636236
vt 0.9475118839 0.0528196954
vt 0.9460840096 0.05386588114
vt 0.9480000012 0.05163636257
vt 0.95343065 0.04831675768
vt 0.9494573786 0.05116529031
vt 0.9519999991 0.04484848388
vt 0.95343065 0.04831675768
vt 0.9480000012 0.05163636257
vt 0.501999998 0.9650909057
vt 0.4989999978 0.9670302952
vt 0.4950000003 0.9592727302
vt 0.9480000012 0.05163636235
vt 0.9460840097 0.05386588103
vt 0.9430000025 0.05357575714
vt 0.9430000025 0.05357575714
vt 0.9460840097 0.05386588103
vt 0.943000004 0.05615197677
vt 0.9350000027 0.06133333252
vt 0.9307134761 0.06608376555
vt 0.9297540027 0.06415946011
vt 0.9350000024 0.06133333216
vt 0.9350403315 0.06141154949
vt 0.930713476 0.0660837656
vt 0.9350000027 0.06133333309
vt 0.9430000042 0.0561519772
vt 0.9353117229 0.0611821955
vt 0.9350000022 0.0613333323
vt 0.935311723 0.06118219611
vt 0.9350403314 0.0614115496
vt 0.9480000012 0.0516363624
vt 0.9430000026 0.05357575741
vt 0.946000003 0.04872726905
vt 0.9350000027 0.06133333309
vt 0.9430000026 0.0535757574
vt 0.9430000042 0.0561519772
vt 0.9519999992 0.04484848373
vt 0.9480000012 0.05163636262
vt 0.9500000015 0.04193939273
vt 0.5069999988 0.9728484851
vt 0.5039999992 0.97381818
vt 0.5019999978 0.965090906
vt 0.5019999976 0.9650909059
vt 0.503999999 0.97381818
vt 0.4989999971 0.9670302959
vt 0.9480000011 0.05163636243
vt 0.9460000027 0.04872726913
vt 0.9500000014 0.04193939248
vt 0.4989999999 0.9573333411
vt 0.4959999986 0.9486060683
vt 0.502999999 0.9476363656
vt 0.495999998 0.9486060691
vt 0.4999999984 0.9379394025
vt 0.5029999988 0.9476363658
vt 0.4990000007 0.9573333407
vt 0.501999998 0.9650909059
vt 0.4950000001 0.95927273
vt 0.4990000006 0.957333341
vt 0.4950000001 0.9592727302
vt 0.4960000001 0.948606068
vt 0.4920000025 0.9389090879
vt 0.4959999974 0.9282424218
vt 0.4999999988 0.9379394022
vt 0.495999998 0.9486060692
vt 0.4920000026 0.9389090877
vt 0.4999999985 0.9379394026
vt 0.4999999992 0.937939402
vt 0.4989170902 0.9304183449
vt 0.5015910941 0.9379393987
vt 0.4959999976 0.9282424217
vt 0.4981806438 0.9280309554
vt 0.4989170901 0.9304183451
vt 0.4959999975 0.9282424217
vt 0.4989170902 0.9304183449
vt 0.4999999992 0.937939402
vt 0.4959999976 0.9282424219
vt 0.4958020147 0.920915544
vt 0.4981806438 0.9280309564
vt 0.4879999977 0.9292121243
vt 0.492000002 0.938909088
vt 0.4799999986 0.9321212095
vt 0.4959999987 0.948606069
vt 0.4850000001 0.9408484894
vt 0.4920000021 0.9389090879
vt 0.4989999994 0.9573333414
vt 0.5059999982 0.9563636326
vt 0.5019999981 0.9650909059
vt 0.4989999995 0.9573333414
vt 0.502999999 0.9476363656
vt 0.5059999981 0.9563636326
vt 0.5089999983 0.9650909165
vt 0.5059999979 0.9563636324
vt 0.5070502495 0.9573820512
vt 0.5059999981 0.9563636325
vt 0.5068228571 0.9564633694
vt 0.5070502502 0.9573820516
vt 0.505999998 0.9563636323
vt 0.5065866679 0.9555103003
vt 0.5068228569 0.956463369
vt 0.505999998 0.9563636326
vt 0.5029999988 0.9476363656
vt 0.5065866679 0.9555103004
vt 0.5029999988 0.9476363656
vt 0.5044390774 0.9476363771
vt 0.5065866679 0.9555103004
vt 0.5029999989 0.9476363656
vt 0.5021703415 0.9396932164
vt 0.5044390778 0.9476363777
vt 0.5029999989 0.9476363656
vt 0.4999999986 0.9379394021
vt 0.5021703415 0.9396932164
vt 0.499999999 0.937939402
vt 0.501591094 0.9379393987
vt 0.502170342 0.9396932162
vt 0.4959999987 0.9486060679
vt 0.4949999996 0.9592727301
vt 0.4889999995 0.9505454472
vt 0.495999999 0.9486060689
vt 0.4889999992 0.9505454463
vt 0.4850000002 0.9408484894
vt 0.4920000022 0.9389090881
vt 0.4850000001 0.9408484891
vt 0.4799999987 0.9321212095
vt 0.4879999976 0.9292121242
vt 0.4799999988 0.9321212096
vt 0.4760000009 0.9233939307
vt 0.4750000002 0.9010909137
vt 0.4850000017 0.8981818206
vt 0.4799999978 0.9107878686
vt 0.4749999999 0.9010909137
vt 0.4699999974 0.8913939378
vt 0.4809999984 0.8865454642
vt 0.4749999999 0.9010909138
vt 0.4809999984 0.8865454644
vt 0.4850000015 0.8981818206
vt 0.4570000038 0.8681212018
vt 0.4480000032 0.8545454595
vt 0.4710000004 0.8574545531
vt 0.4639999991 0.8797575852
vt 0.471 0.8574545526
vt 0.4759999999 0.8729696899
vt 0.4809999991 0.8865454645
vt 0.4759999996 0.8729696895
vt 0.4776472539 0.8738103987
vt 0.476 0.8729696899
vt 0.4709999998 0.8574545526
vt 0.477155105 0.872619667
vt 0.4759999997 0.8729696897
vt 0.4771551051 0.8726196671
vt 0.4776472539 0.8738103988
vt 0.4639999992 0.8797575859
vt 0.4759999998 0.8729696893
vt 0.4699999974 0.8913939376
vt 0.4639999991 0.8797575852
vt 0.4570000042 0.8681212022
vt 0.471 0.8574545526
vt 0.4699999972 0.8913939377
vt 0.4759999997 0.8729696894
vt 0.480999999 0.8865454647
vt 0.448000003 0.8545454595
vt 0.4626173586 0.835941547
vt 0.470547264 0.8559493526
vt 0.4709999998 0.8574545526
vt 0.4711813702 0.8575466684
vt 0.477155105 0.872619667
vt 0.4710000001 0.857454553
vt 0.470547264 0.8559493526
vt 0.4711245414 0.857410051
vt 0.4710000001 0.8574545527
vt 0.4711245414 0.8574100511
vt 0.4711813701 0.8575466683
vt 0.448000003 0.8545454595
vt 0.470547264 0.8559493526
vt 0.471 0.857454553
vt 0.4879999972 0.9292121244
vt 0.4840000004 0.9204848452
vt 0.4920000011 0.9185454603
vt 0.4840000006 0.9204848451
vt 0.4890000013 0.9088484846
vt 0.4920000008 0.9185454606
vt 0.4840000006 0.920484845
vt 0.4799999986 0.9107878685
vt 0.4890000013 0.9088484847
vt 0.479999998 0.9107878686
vt 0.4850000016 0.8981818206
vt 0.4890000014 0.9088484847
vt 0.4920000013 0.9185454605
vt 0.4958020147 0.920915544
vt 0.4959999976 0.9282424219
vt 0.4809999987 0.8865454642
vt 0.4828938971 0.8860207454
vt 0.4836288199 0.8878950257
vt 0.4890000013 0.9088484847
vt 0.4850000016 0.8981818206
vt 0.487947641 0.8998968157
vt 0.4850000014 0.8981818206
vt 0.4872078176 0.8976877697
vt 0.4879476402 0.8998968156
vt 0.4850000015 0.8981818206
vt 0.4836288194 0.8878950263
vt 0.487207818 0.8976877698
vt 0.4850000015 0.8981818206
vt 0.4809999984 0.8865454645
vt 0.4836288194 0.8878950263
vt 0.4809999991 0.8865454645
vt 0.4776472539 0.8738103987
vt 0.4828938974 0.8860207456
vt 0.4840000003 0.920484845
vt 0.470999999 0.9146666607
vt 0.4799999982 0.9107878685
vt 0.4750000005 0.9010909138
vt 0.4799999974 0.9107878685
vt 0.465999999 0.9059394001
vt 0.475 0.9010909135
vt 0.4590000056 0.897212114
vt 0.4699999975 0.8913939377
vt 0.4639999992 0.8797575855
vt 0.4699999974 0.8913939375
vt 0.4590000055 0.8972121138
vt 0.463999999 0.8797575853
vt 0.4590000055 0.8972121136
vt 0.450999998 0.888484859
vt 0.4840000001 0.9204848451
vt 0.4760000006 0.9233939302
vt 0.4709999986 0.9146666608
vt 0.4799999986 0.9107878687
vt 0.4709999992 0.9146666608
vt 0.4659999982 0.9059393999
vt 0.4750000005 0.9010909139
vt 0.465999999 0.9059394001
vt 0.4590000044 0.8972121135
vt 0.4639999992 0.8797575852
vt 0.4509999983 0.8884848588
vt 0.4570000039 0.8681212023
vt 0.4570000037 0.8681212018
vt 0.4330000045 0.8700606141
vt 0.4480000032 0.8545454595
vt 0.4570000042 0.8681212023
vt 0.4509999982 0.8884848588
vt 0.4420000015 0.878787885
vt 0.4570000047 0.8681212024
vt 0.442000001 0.878787885
vt 0.4330000037 0.8700606137
vt 0.4890000013 0.9088484847
vt 0.487947641 0.8998968157
vt 0.4914894636 0.9084095782
vt 0.4920000013 0.9185454603
vt 0.4949227267 0.918287796
vt 0.4958020146 0.9209155439
vt 0.4920000008 0.9185454605
vt 0.494802236 0.9177768588
vt 0.4949227274 0.9182877957
vt 0.4920000008 0.9185454605
vt 0.4925477756 0.9110600947
vt 0.494802236 0.9177768588
vt 0.4890000014 0.9088484847
vt 0.4925477756 0.9110600947
vt 0.4920000008 0.9185454605
vt 0.4890000013 0.9088484847
vt 0.4914894634 0.9084095779
vt 0.4925477763 0.9110600947
vt 0.4879999976 0.9292121241
vt 0.476000001 0.9233939308
vt 0.4840000002 0.9204848453
vt 0.08599999403 0.1680000063
vt 0.08500000445 0.1932121252
vt 0.07600000159 0.1757575857
vt 0.08599999435 0.168000006
vt 0.0950000049 0.1621818112
vt 0.1080000034 0.1786666624
vt 0.08599999441 0.1680000064
vt 0.09599999853 0.1864242487
vt 0.08500000432 0.1932121252
vt 0.08599999451 0.1680000062
vt 0.1080000033 0.1786666622
vt 0.09599999854 0.1864242486
vt 0.1650000006 0.07878787616
vt 0.1699999969 0.07200000697
vt 0.1729999976 0.07393939693
vt 0.903 0.7478787855
vt 0.9028790086 0.7478396786
vt 0.9029999985 0.7475387265
vt 0.9029999999 0.7478787852
vt 0.9018342225 0.753531041
vt 0.899325838 0.7532230251
vt 0.9030000002 0.747878785
vt 0.8993258382 0.7532230255
vt 0.9028790087 0.7478396783
vt 0.9029999989 0.7478787855
vt 0.9029999994 0.7475387268
vt 0.9043432714 0.7385002275
vt 0.9029999989 0.7478787855
vt 0.9043432714 0.7385002275
vt 0.9069999989 0.737212119
vt 0.9110000027 0.7333333297
vt 0.9069999991 0.7372121189
vt 0.9070000008 0.732363635
vt 0.9069999995 0.7372121191
vt 0.9043432723 0.7385002277
vt 0.9054672063 0.7349647391
vt 0.9069999995 0.7372121191
vt 0.9054672063 0.7349647391
vt 0.9070000008 0.7323636348
vt 0.9160000008 0.7275151497
vt 0.9110000024 0.7333333297
vt 0.9070000007 0.732363635
vt 0.916000001 0.7275151497
vt 0.9070000008 0.732363635
vt 0.9130000012 0.7265454549
vt 0.1699999962 0.07200000715
vt 0.1759999987 0.06521212302
vt 0.1729999971 0.0739393971
vt 0.1759999989 0.06521212292
vt 0.1789999988 0.06715151448
vt 0.1729999974 0.07393939659
vt 0.8993258382 0.7532230255
vt 0.8982866817 0.7524470848
vt 0.9028790087 0.7478396783
vt 0.8993258382 0.7532230255
vt 0.8981761336 0.752804417
vt 0.8982866817 0.7524470848
vt 0.8981761337 0.752804417
vt 0.8980998851 0.7528084378
vt 0.8982866808 0.7524470852
vt 0.1789999986 0.06715151471
vt 0.1832919836 0.06715150408
vt 0.1806926588 0.07383440925
vt 0.9070000008 0.7323636348
vt 0.9062980335 0.732533817
vt 0.9070000018 0.73095042
vt 0.9070000008 0.7323636348
vt 0.9054672063 0.7349647388
vt 0.9060237488 0.73319196
vt 0.9070000007 0.7323636349
vt 0.9070000016 0.7309504203
vt 0.9087080168 0.7265454653
vt 0.9070000007 0.732363635
vt 0.9060237473 0.7331919632
vt 0.9062980337 0.7325338158
vt 0.9130000014 0.726545455
vt 0.9070000007 0.7323636349
vt 0.9087080168 0.7265454653
vt 0.1789999987 0.06715151463
vt 0.1799999987 0.07490908356
vt 0.1729999976 0.07393939685
vt 0.1789999986 0.06715151471
vt 0.1806926588 0.07383440925
vt 0.1799999988 0.07490908357
vt 0.1729999975 0.0739393968
vt 0.179999999 0.07490908364
vt 0.1759999975 0.08266667008
vt 0.1799999992 0.07490908377
vt 0.1802666619 0.07490907923
vt 0.1771552734 0.08185193597
vt 0.1800000004 0.07490908395
vt 0.180692661 0.07383440994
vt 0.1804094172 0.07459148318
vt 0.1799999994 0.07490908401
vt 0.1804094171 0.074591483
vt 0.1802666623 0.07490907964
vt 0.1579999988 0.08751515934
vt 0.1649999999 0.07878787565
vt 0.1649999994 0.09042423437
vt 0.1579999992 0.08751515934
vt 0.164999999 0.09042423429
vt 0.1540000002 0.0962424199
vt 0.1479999984 0.1049696996
vt 0.1540000008 0.09624241976
vt 0.1600000015 0.09915151839
vt 0.1430000001 0.1136969789
vt 0.1479999985 0.1049696994
vt 0.1559999978 0.1088484815
vt 0.1650000004 0.07878787588
vt 0.1729999976 0.07393939698
vt 0.1690000016 0.08169696194
vt 0.1650000004 0.0787878757
vt 0.1690000014 0.08169696158
vt 0.1650000008 0.09042423449
vt 0.1649999988 0.09042423396
vt 0.171999999 0.09139393724
vt 0.1679999993 0.1010909005
vt 0.1690000007 0.08169696189
vt 0.1719999992 0.09139393743
vt 0.1649999994 0.09042423471
vt 0.1479999986 0.1049696996
vt 0.160000002 0.09915151837
vt 0.1559999977 0.1088484814
vt 0.1650000001 0.0904242342
vt 0.1600000015 0.09915151839
vt 0.1540000007 0.09624241987
vt 0.1649999989 0.09042423402
vt 0.1679999994 0.1010909006
vt 0.1600000023 0.0991515185
vt 0.168 0.1010909014
vt 0.1695910946 0.1012623356
vt 0.166141482 0.1080774449
vt 0.1600000023 0.09915151835
vt 0.1679999996 0.1010909011
vt 0.1629999971 0.1098181838
vt 0.1629999973 0.1098181839
vt 0.168 0.1010909014
vt 0.166141482 0.1080774449
vt 0.1629999973 0.109818184
vt 0.1661414819 0.1080774448
vt 0.1651806426 0.1102411063
vt 0.1629999976 0.109818184
vt 0.1651806438 0.1102411065
vt 0.1628020147 0.117408405
vt 0.1759999976 0.08266667027
vt 0.1771552741 0.08185193685
vt 0.1768228562 0.08276641452
vt 0.1759999972 0.08266667007
vt 0.1768228553 0.08276641412
vt 0.1763911117 0.08361481767
vt 0.1759999977 0.08266667033
vt 0.1763911118 0.08361481769
vt 0.1719999992 0.09139393728
vt 0.1690000003 0.08169696161
vt 0.1729999977 0.07393939709
vt 0.1759999977 0.08266667039
vt 0.1690000004 0.08169696164
vt 0.1759999977 0.08266667039
vt 0.1719999992 0.09139393744
vt 0.1799999992 0.07490908377
vt 0.1771552734 0.08185193597
vt 0.1759999975 0.08266667009
vt 0.1719999992 0.09139393728
vt 0.1763911118 0.08361481769
vt 0.1732791819 0.09154897749
vt 0.1719999993 0.09139393722
vt 0.1732791822 0.09154897705
vt 0.1701703431 0.09951246735
vt 0.167999999 0.1010909007
vt 0.170170342 0.09951246762
vt 0.169591094 0.1012623352
vt 0.1679999999 0.1010909005
vt 0.1719999993 0.09139393722
vt 0.1701703431 0.09951246735
vt 0.1559999976 0.1088484816
vt 0.160000002 0.09915151816
vt 0.1629999977 0.1098181843
vt 0.1559999976 0.1088484817
vt 0.1629999977 0.1098181842
vt 0.1590000014 0.1195151456
vt 0.1139999992 0.1456969587
vt 0.1230000047 0.1369697051
vt 0.1260000001 0.1553939294
vt 0.136999998 0.1214545509
vt 0.1429999997 0.1136969786
vt 0.1509999998 0.1175757608
vt 0.1309999991 0.1301818118
vt 0.1369999984 0.1214545515
vt 0.1449999972 0.1263030408
vt 0.123000004 0.1369697039
vt 0.1309999995 0.1301818129
vt 0.140000001 0.135030299
vt 0.1369999977 0.121454551
vt 0.1509999996 0.1175757609
vt 0.1449999961 0.1263030399
vt 0.130999999 0.1301818125
vt 0.1449999974 0.1263030396
vt 0.1400000005 0.1350302987
vt 0.1230000052 0.1369697055
vt 0.1400000003 0.1350302983
vt 0.1339999973 0.1447272742
vt 0.1230000049 0.1369697054
vt 0.133999997 0.1447272742
vt 0.1260000005 0.1553939295
vt 0.1050000018 0.1544242363
vt 0.1139999991 0.145696959
vt 0.1180000032 0.1670303134
vt 0.1050000019 0.1544242362
vt 0.1180000031 0.1670303135
vt 0.09500000471 0.1621818109
vt 0.1139999993 0.1456969589
vt 0.1260000001 0.1553939296
vt 0.118000003 0.1670303134
vt 0.09500000514 0.1621818111
vt 0.1180000026 0.1670303132
vt 0.1080000036 0.1786666624
vt 0.1430000002 0.1136969788
vt 0.1559999978 0.1088484815
vt 0.1509999999 0.1175757609
vt 0.1540000013 0.1292121215
vt 0.1564894643 0.1298704845
vt 0.1521441509 0.1383543448
vt 0.1590000019 0.1195151457
vt 0.1628020149 0.1174084051
vt 0.1616570233 0.1200304611
vt 0.1590000021 0.1195151455
vt 0.1616570231 0.1200304614
vt 0.1614284904 0.1205446232
vt 0.1590000021 0.1195151455
vt 0.1614284904 0.1205446232
vt 0.1578011903 0.1272462445
vt 0.1540000012 0.1292121215
vt 0.1590000021 0.1195151455
vt 0.1578011903 0.1272462445
vt 0.1540000013 0.1292121215
vt 0.1578011898 0.1272462445
vt 0.1564894641 0.1298704848
vt 0.1400000004 0.1350302985
vt 0.1449999976 0.1263030401
vt 0.1490000016 0.1398787858
vt 0.1400000004 0.1350302983
vt 0.1439999996 0.1505454444
vt 0.1339999973 0.1447272742
vt 0.1400000004 0.1350302984
vt 0.1490000017 0.1398787858
vt 0.1439999996 0.1505454445
vt 0.1180000029 0.1670303131
vt 0.131000001 0.1786666596
vt 0.1080000036 0.1786666624
vt 0.1260000005 0.1553939295
vt 0.133999997 0.1447272742
vt 0.1379999988 0.1631515226
vt 0.1259999999 0.1553939296
vt 0.1310000006 0.1786666593
vt 0.1180000033 0.1670303135
vt 0.1339999972 0.1447272741
vt 0.144 0.1505454447
vt 0.137999999 0.1631515224
vt 0.1260000001 0.1553939297
vt 0.1379999992 0.1631515224
vt 0.1310000007 0.1786666593
vt 0.144 0.1505454449
vt 0.1396472537 0.162478954
vt 0.137999999 0.1631515223
vt 0.1379999991 0.1631515224
vt 0.1390829112 0.1636415578
vt 0.1311900067 0.1785912937
vt 0.1379999992 0.1631515226
vt 0.1396472537 0.1624789541
vt 0.1390829112 0.1636415577
vt 0.1080000034 0.1786666621
vt 0.1310000007 0.1786666591
vt 0.1304179115 0.1801091429
vt 0.1080000034 0.1786666621
vt 0.1304179115 0.1801091429
vt 0.1207901891 0.1990423753
vt 0.1379999991 0.1631515224
vt 0.1311900067 0.1785912937
vt 0.1310000008 0.1786666593
vt 0.1310000008 0.1786666592
vt 0.1311179865 0.1787238735
vt 0.1304179116 0.1801091429
vt 0.1310000009 0.1786666593
vt 0.1311900066 0.1785912937
vt 0.1311179865 0.1787238734
vt 0.1559999974 0.1088484817
vt 0.1590000017 0.1195151457
vt 0.1510000001 0.1175757609
vt 0.151 0.117575761
vt 0.159000002 0.1195151455
vt 0.1540000013 0.1292121214
vt 0.1509999999 0.1175757609
vt 0.1540000014 0.1292121215
vt 0.1449999966 0.12630304
vt 0.1449999971 0.1263030407
vt 0.1540000014 0.1292121215
vt 0.1490000018 0.1398787855
vt 0.1590000013 0.1195151454
vt 0.1629999976 0.109818184
vt 0.1628020147 0.117408405
vt 0.1540000013 0.1292121215
vt 0.1521441509 0.1383543448
vt 0.1490000018 0.1398787855
vt 0.1490000018 0.1398787855
vt 0.1521441508 0.1383543448
vt 0.151037987 0.140537522
vt 0.1490000017 0.1398787857
vt 0.1510379867 0.1405375225
vt 0.1466288212 0.1494957847
vt 0.1490000017 0.1398787857
vt 0.1466288212 0.1494957847
vt 0.1439999995 0.1505454449
vt 0.1439999996 0.1505454453
vt 0.1466288214 0.1494957853
vt 0.1457586194 0.1512013431
vt 0.144 0.1505454449
vt 0.1457586197 0.1512013428
vt 0.1396472537 0.162478954
vt 0.3920000022 0.8167272686
vt 0.4010000022 0.8060606097
vt 0.4000000023 0.8215757656
vt 0.3780000037 0.7905454527
vt 0.3759999975 0.7798787819
vt 0.3829999969 0.7760000053
vt 0.3759999975 0.7798787821
vt 0.3740000034 0.7711515108
vt 0.3829999969 0.7760000052
vt 0.3860000029 0.8128484856
vt 0.3929999965 0.8031515154
vt 0.3920000023 0.8167272686
vt 0.386000003 0.8128484853
vt 0.3859999944 0.8021818168
vt 0.3929999965 0.8031515157
vt 0.3859999944 0.8021818168
vt 0.3920000001 0.7876363632
vt 0.3929999965 0.8031515157
vt 0.3859999939 0.8021818163
vt 0.3839999961 0.788606062
vt 0.3920000001 0.7876363632
vt 0.3920000023 0.8167272686
vt 0.3929999965 0.8031515154
vt 0.4010000018 0.8060606098
vt 0.401000002 0.8060606097
vt 0.3929999966 0.8031515153
vt 0.3920000001 0.7876363632
vt 0.401000002 0.8060606097
vt 0.3920000001 0.7876363632
vt 0.4009999943 0.7886060585
vt 0.3839999961 0.7886060619
vt 0.3910000028 0.7730909119
vt 0.3920000001 0.7876363632
vt 0.3839999965 0.7886060617
vt 0.3829999972 0.7760000051
vt 0.3910000024 0.7730909121
vt 0.3920000001 0.7876363632
vt 0.4009999952 0.7701818202
vt 0.4009999942 0.7886060584
vt 0.3920000001 0.7876363632
vt 0.3910000027 0.7730909117
vt 0.400999995 0.7701818207
vt 0.3780000034 0.7905454524
vt 0.382999997 0.7760000054
vt 0.3839999963 0.7886060621
vt 0.4000000023 0.8215757655
vt 0.4010000022 0.8060606097
vt 0.4109999958 0.8099393961
vt 0.4079999946 0.8264242315
vt 0.4109999959 0.8099393959
vt 0.4209999949 0.8147878798
vt 0.4369999993 0.8458181755
vt 0.4270000047 0.8380606026
vt 0.4459999945 0.8264242465
vt 0.4169999955 0.8322424209
vt 0.420999995 0.81478788
vt 0.4320000051 0.8196363565
vt 0.420999995 0.8147878799
vt 0.4369999957 0.7963636311
vt 0.4320000052 0.8196363567
vt 0.4270000047 0.8380606025
vt 0.4320000049 0.8196363568
vt 0.4459999946 0.8264242465
vt 0.4320000055 0.8196363571
vt 0.4369999953 0.7963636307
vt 0.4459999941 0.8264242463
vt 0.4010000022 0.8060606095
vt 0.4119999981 0.7905454575
vt 0.4109999958 0.8099393959
vt 0.4010000021 0.8060606096
vt 0.4009999939 0.7886060587
vt 0.4119999981 0.7905454575
vt 0.410999996 0.8099393957
vt 0.4240000026 0.7934545487
vt 0.420999995 0.8147878797
vt 0.4109999959 0.8099393958
vt 0.4119999982 0.7905454575
vt 0.4240000028 0.7934545486
vt 0.4009999939 0.7886060587
vt 0.4120000039 0.7692121182
vt 0.4119999982 0.7905454577
vt 0.4009999942 0.7886060587
vt 0.4009999951 0.7701818205
vt 0.4120000038 0.7692121182
vt 0.4119999982 0.7905454576
vt 0.412000004 0.7692121185
vt 0.4249999983 0.7701818215
vt 0.4209999948 0.8147878799
vt 0.4240000027 0.7934545485
vt 0.4369999953 0.7963636312
vt 0.4119999982 0.7905454575
vt 0.4249999983 0.7701818215
vt 0.4240000028 0.7934545486
vt 0.4240000028 0.7934545485
vt 0.4389999989 0.7701818155
vt 0.4369999952 0.796363631
vt 0.3800000053 0.8099394047
vt 0.3860000032 0.8128484859
vt 0.3829999959 0.8206060645
vt 0.3860000028 0.8128484858
vt 0.3920000018 0.8167272695
vt 0.3889999944 0.8254545363
vt 0.3920000022 0.8167272693
vt 0.4000000024 0.8215757648
vt 0.3949999964 0.8322424346
vt 0.3759999989 0.8080000016
vt 0.3779999968 0.8167272656
vt 0.3739999992 0.812848493
vt 0.3800000051 0.8099394046
vt 0.3829999963 0.8206060647
vt 0.3779999962 0.8167272651
vt 0.4000000024 0.821575765
vt 0.4020000038 0.8390302957
vt 0.3949999966 0.8322424348
vt 0.3860000032 0.8128484855
vt 0.3889999936 0.8254545368
vt 0.382999996 0.8206060647
vt 0.3920000016 0.8167272694
vt 0.3949999976 0.8322424343
vt 0.3889999941 0.8254545362
vt 0.372 0.8050909124
vt 0.3720000034 0.8002424233
vt 0.3759999986 0.8080000016
vt 0.3759999992 0.8080000019
vt 0.3720000025 0.8002424229
vt 0.3749999992 0.8012121159
vt 0.3759999988 0.8080000022
vt 0.3749999993 0.8012121159
vt 0.3800000043 0.8012121249
vt 0.3759999987 0.8080000022
vt 0.3800000029 0.8012121248
vt 0.3800000034 0.8099394044
vt 0.378000003 0.7905454526
vt 0.375 0.8012121156
vt 0.3740000016 0.7924848475
vt 0.3780000037 0.7905454523
vt 0.3800000039 0.801212125
vt 0.3749999997 0.8012121158
vt 0.3720000002 0.8050909129
vt 0.3690000031 0.8031515187
vt 0.3690000018 0.7992727279
vt 0.3660000037 0.795393941
vt 0.3660000023 0.7973333352
vt 0.3650000031 0.7944242445
vt 0.3650000036 0.794424247
vt 0.3650000006 0.7915151577
vt 0.3659999947 0.7934545439
vt 0.365 0.7944242439
vt 0.365 0.7953939332
vt 0.365 0.7915151571
vt 0.3660000039 0.7953939409
vt 0.3650000032 0.7944242445
vt 0.365999995 0.793454546
vt 0.372 0.8050909124
vt 0.369000002 0.7992727283
vt 0.3720000034 0.8002424227
vt 0.3690000046 0.8031515198
vt 0.3660000032 0.7973333358
vt 0.3690000027 0.7992727285
vt 0.3660000049 0.7953939417
vt 0.3690000027 0.7992727287
vt 0.3660000031 0.7973333357
vt 0.369000002 0.7992727283
vt 0.3699999945 0.7944242435
vt 0.372000003 0.8002424226
vt 0.3660000041 0.7953939408
vt 0.3680000025 0.7953939378
vt 0.3690000023 0.7992727283
vt 0.3659999961 0.7934545476
vt 0.3670000018 0.7915151499
vt 0.3680000022 0.7953939371
vt 0.3660000037 0.7953939406
vt 0.3659999952 0.7934545464
vt 0.3680000029 0.795393938
vt 0.3690000018 0.7992727283
vt 0.3680000018 0.7953939378
vt 0.3699999951 0.7944242436
vt 0.3680000019 0.7953939378
vt 0.3689999969 0.7886060614
vt 0.3699999952 0.7944242436
vt 0.3659999976 0.800242428
vt 0.363999997 0.7953939442
vt 0.3660000019 0.7973333355
vt 0.3650000014 0.7944242428
vt 0.3660000011 0.7973333341
vt 0.3649999999 0.7953939333
vt 0.3639999946 0.7953939371
vt 0.3640000042 0.7905454595
vt 0.3650000021 0.7953939368
vt 0.363999995 0.7953939384
vt 0.3650000026 0.7953939383
vt 0.3660000017 0.7973333352
vt 0.3659999968 0.8002424285
vt 0.3660000025 0.7973333352
vt 0.3690000038 0.8031515191
vt 0.3720000001 0.8050909125
vt 0.3759999987 0.8080000017
vt 0.3699999944 0.8089697013
vt 0.3759999989 0.8080000019
vt 0.3800000037 0.8099394037
vt 0.3779999972 0.8167272657
vt 0.3720000023 0.800242423
vt 0.3699999957 0.7944242429
vt 0.3749999988 0.8012121162
vt 0.3699999932 0.794424244
vt 0.3740000022 0.7924848473
vt 0.3750000002 0.8012121156
vt 0.3660000057 0.7886060642
vt 0.367000002 0.791515151
vt 0.3650000004 0.7915151557
vt 0.3660000075 0.788606066
vt 0.3640000047 0.7905454573
vt 0.3640000034 0.7856969761
vt 0.366000006 0.7886060647
vt 0.3650000006 0.7915151559
vt 0.3640000038 0.7905454566
vt 0.3660000069 0.788606065
vt 0.3640000037 0.7856969764
vt 0.3669999956 0.7837575738
vt 0.3660000056 0.788606063
vt 0.3669999964 0.783757575
vt 0.3689999967 0.7886060618
vt 0.364000003 0.7856969757
vt 0.3650000026 0.7798787883
vt 0.3669999959 0.7837575741
vt 0.3780000031 0.7905454522
vt 0.3719999967 0.7847272753
vt 0.3759999977 0.779878782
vt 0.378000003 0.7905454526
vt 0.3740000016 0.7924848475
vt 0.3719999968 0.7847272749
vt 0.3759999977 0.7798787823
vt 0.3719999968 0.7847272754
vt 0.3740000027 0.7711515102
vt 0.3640000035 0.7905454558
vt 0.3650000012 0.7915151575
vt 0.3650000016 0.7953939338
vt 0.3630000015 0.7905454545
vt 0.3619999993 0.7847272722
vt 0.3640000024 0.790545455
vt 0.3640000039 0.7905454552
vt 0.361999999 0.7847272722
vt 0.3640000029 0.7856969746
vt 0.3659999958 0.7934545456
vt 0.3650000012 0.7915151587
vt 0.3670000019 0.7915151506
vt 0.3660000052 0.7886060628
vt 0.3689999964 0.7886060618
vt 0.3670000017 0.7915151503
vt 0.3680000023 0.7953939376
vt 0.3670000018 0.7915151503
vt 0.3689999961 0.7886060617
vt 0.3689999962 0.7886060616
vt 0.3699999995 0.777939392
vt 0.3719999964 0.784727275
vt 0.3689999959 0.788606062
vt 0.3669999957 0.7837575752
vt 0.3699999994 0.7779393921
vt 0.3639999971 0.7953939426
vt 0.3630000015 0.7905454546
vt 0.3640000023 0.7905454552
vt 0.361999999 0.7847272722
vt 0.3629999994 0.7769696912
vt 0.3640000028 0.7856969751
vt 0.3640000026 0.785696976
vt 0.3629999993 0.7769696912
vt 0.3650000023 0.7798787885
vt 0.3650000023 0.7798787884
vt 0.3629999993 0.7769696911
vt 0.364999999 0.7692121205
vt 0.365000003 0.7798787882
vt 0.3680000024 0.773090915
vt 0.3669999954 0.7837575743
vt 0.3669999963 0.7837575753
vt 0.3680000018 0.7730909144
vt 0.3699999996 0.7779393921
vt 0.3689999961 0.7886060616
vt 0.3719999964 0.7847272751
vt 0.3740000019 0.7924848474
vt 0.3699999932 0.7944242441
vt 0.3689999955 0.7886060617
vt 0.3740000022 0.7924848474
vt 0.3699999995 0.777939392
vt 0.3740000026 0.7711515103
vt 0.3719999968 0.7847272754
vt 0.3800000047 0.8099394052
vt 0.3859999937 0.8021818161
vt 0.3860000033 0.8128484857
vt 0.380000004 0.8099394048
vt 0.3800000034 0.8012121251
vt 0.3859999942 0.8021818163
vt 0.3800000038 0.8012121254
vt 0.3839999963 0.7886060619
vt 0.3859999941 0.8021818162
vt 0.3780000034 0.7905454524
vt 0.3839999963 0.788606062
vt 0.3800000038 0.8012121251
vt 0.3720000003 0.8050909118
vt 0.3670000053 0.806060604
vt 0.3690000031 0.8031515183
vt 0.3659999969 0.8002424245
vt 0.3690000033 0.8031515191
vt 0.3639999976 0.801212119
vt 0.3659999973 0.8002424246
vt 0.363999998 0.8012121182
vt 0.3639999967 0.79539394
vt 0.3639999972 0.7953939414
vt 0.3619999984 0.7963636411
vt 0.3630000014 0.7905454551
vt 0.3759999989 0.8080000016
vt 0.374 0.8128484933
vt 0.369999995 0.8089697013
vt 0.3690000038 0.8031515203
vt 0.3670000044 0.8060606045
vt 0.3639999973 0.8012121185
vt 0.3720000003 0.8050909121
vt 0.3699999951 0.8089697023
vt 0.3670000053 0.8060606034
vt 0.363999997 0.7953939411
vt 0.3639999981 0.8012121189
vt 0.3619999985 0.796363641
vt 0.363000001 0.790545455
vt 0.3609999976 0.790545452
vt 0.3619999995 0.784727272
vt 0.3619999995 0.7847272719
vt 0.3599999981 0.7837575809
vt 0.363 0.7769696908
vt 0.3629999998 0.7769696919
vt 0.3600000041 0.7759999946
vt 0.3649999992 0.7692121209
vt 0.363000001 0.7905454555
vt 0.361999999 0.7963636409
vt 0.3609999978 0.790545451
vt 0.3619999995 0.7847272718
vt 0.3609999974 0.790545451
vt 0.3599999988 0.7837575799
vt 0.3629999994 0.7769696915
vt 0.3599999982 0.7837575808
vt 0.3600000033 0.7759999948
vt 0.4169999952 0.832242421
vt 0.4270000048 0.8380606024
vt 0.4160000026 0.8545454449
vt 0.4079999941 0.8264242324
vt 0.4169999953 0.8322424208
vt 0.4080000059 0.845818182
vt 0.4000000018 0.8215757656
vt 0.4109999959 0.8099393961
vt 0.4079999945 0.8264242319
vt 0.4079999941 0.826424232
vt 0.4209999948 0.8147878799
vt 0.4169999953 0.8322424207
vt 0.4000000021 0.821575765
vt 0.4079999942 0.8264242325
vt 0.4020000036 0.8390302954
vt 0.4169999951 0.832242421
vt 0.4320000048 0.8196363565
vt 0.4270000047 0.8380606021
vt 0.4079999942 0.8264242325
vt 0.4080000054 0.8458181819
vt 0.4020000035 0.8390302954
vt 0.4169999953 0.8322424206
vt 0.4160000027 0.8545454451
vt 0.4080000057 0.8458181821
vt 0.4240000028 0.7934545484
vt 0.4249999983 0.7701818216
vt 0.438999999 0.7701818155
vt 0.3740000031 0.7711515109
vt 0.381 0.765333335
vt 0.3829999972 0.7760000051
vt 0.3829999973 0.7760000051
vt 0.3899999996 0.7595151496
vt 0.3910000026 0.7730909121
vt 0.3910000027 0.7730909118
vt 0.3899999996 0.7595151496
vt 0.400999995 0.7701818208
vt 0.381 0.765333335
vt 0.3899999995 0.7595151496
vt 0.3829999973 0.7760000051
vt 0.381 0.765333335
vt 0.3880000019 0.7478787925
vt 0.3899999995 0.7595151496
vt 0.381 0.765333335
vt 0.379000003 0.7566060553
vt 0.3880000018 0.7478787924
vt 0.4009999952 0.7701818208
vt 0.3899999995 0.7595151496
vt 0.3999999948 0.753696966
vt 0.3790000028 0.7566060551
vt 0.385000004 0.7391515123
vt 0.3880000021 0.7478787927
vt 0.3899999996 0.7595151496
vt 0.3880000018 0.7478787923
vt 0.3999999949 0.7536969659
vt 0.3880000017 0.7478787923
vt 0.3990000032 0.7391515117
vt 0.3999999949 0.753696966
vt 0.3880000021 0.7478787922
vt 0.3960000054 0.7284848425
vt 0.3990000031 0.7391515117
vt 0.3880000022 0.7478787927
vt 0.385000004 0.7391515123
vt 0.3960000055 0.7284848429
vt 0.4009999951 0.7701818204
vt 0.4119999995 0.7498181822
vt 0.4120000038 0.7692121183
vt 0.4009999948 0.7701818203
vt 0.3999999945 0.7536969655
vt 0.4119999994 0.7498181822
vt 0.3999999953 0.7536969655
vt 0.3990000029 0.739151512
vt 0.4099999948 0.7323636324
vt 0.4240000031 0.7459393899
vt 0.4379999969 0.7120000058
vt 0.4390000038 0.7430303017
vt 0.399000003 0.7391515117
vt 0.3960000053 0.7284848425
vt 0.4069999988 0.7178181775
vt 0.3990000029 0.7391515119
vt 0.406999999 0.7178181771
vt 0.4099999945 0.732363632
vt 0.4099999941 0.7323636321
vt 0.406999999 0.7178181771
vt 0.4190000011 0.7081212072
vt 0.4099999944 0.7323636326
vt 0.4190000012 0.7081212072
vt 0.4220000006 0.7236363647
vt 0.424000003 0.7459393898
vt 0.4220000007 0.7236363647
vt 0.4379999969 0.7120000059
vt 0.4290000036 0.6955151483
vt 0.4364134295 0.6950765582
vt 0.4379999974 0.7120000061
vt 0.4364134295 0.6950765582
vt 0.4293010819 0.6947366143
vt 0.4362365767 0.6940708748
vt 0.4190000011 0.7081212072
vt 0.4290000038 0.6955151484
vt 0.4220000006 0.7236363647
vt 0.4220000007 0.7236363647
vt 0.429000004 0.6955151485
vt 0.437999997 0.712000006
vt 0.4290000036 0.6955151483
vt 0.4293010819 0.6947366143
vt 0.4364134295 0.6950765582
vt 0.4290000035 0.6955151482
vt 0.4283717972 0.6948189603
vt 0.4293010818 0.6947366139
vt 0.3680000025 0.7730909148
vt 0.368999998 0.7604848454
vt 0.3719999992 0.7653333366
vt 0.3740000032 0.7711515111
vt 0.3719999989 0.7653333363
vt 0.3809999999 0.7653333348
vt 0.381 0.765333335
vt 0.371999999 0.7653333367
vt 0.379000003 0.7566060549
vt 0.3790000029 0.7566060548
vt 0.3719999991 0.7653333368
vt 0.3759999978 0.7498181818
vt 0.3650000033 0.7798787884
vt 0.3649999986 0.7692121205
vt 0.3680000028 0.7730909153
vt 0.3699999996 0.7779393921
vt 0.3680000019 0.7730909143
vt 0.3719999991 0.7653333365
vt 0.3680000029 0.7730909153
vt 0.3649999987 0.7692121205
vt 0.3689999977 0.760484845
vt 0.3699999995 0.7779393922
vt 0.3719999991 0.7653333366
vt 0.3740000027 0.7711515103
vt 0.368999998 0.7604848454
vt 0.3759999979 0.7498181819
vt 0.3719999991 0.7653333368
vt 0.3759999982 0.7498181818
vt 0.373 0.745939392
vt 0.3850000036 0.7391515121
vt 0.3790000028 0.7566060551
vt 0.3759999979 0.7498181816
vt 0.3850000039 0.7391515123
vt 0.3649999994 0.7692121207
vt 0.3629999985 0.7672727248
vt 0.3689999993 0.7604848455
vt 0.3689999988 0.7604848456
vt 0.3659999968 0.7575757596
vt 0.3759999982 0.7498181819
vt 0.3649999994 0.7692121207
vt 0.3600000042 0.7759999948
vt 0.3629999985 0.7672727247
vt 0.3689999988 0.7604848454
vt 0.3629999978 0.7672727247
vt 0.3659999975 0.7575757592
vt 0.3759999982 0.7498181819
vt 0.3659999967 0.7575757595
vt 0.3730000001 0.7459393919
vt 0.3850000035 0.7391515121
vt 0.3729999999 0.7459393922
vt 0.3810000033 0.7343030292
vt 0.3850000039 0.7391515121
vt 0.3810000036 0.7343030292
vt 0.3960000055 0.7284848429
vt 0.3960000053 0.7284848423
vt 0.3810000036 0.7343030292
vt 0.3919999964 0.7216969735
vt 0.4120000037 0.7692121182
vt 0.4119999995 0.7498181822
vt 0.424000003 0.7459393899
vt 0.3999999945 0.7536969656
vt 0.4099999939 0.7323636325
vt 0.4119999994 0.7498181822
vt 0.4119999995 0.7498181822
vt 0.4099999941 0.7323636328
vt 0.4220000007 0.7236363646
vt 0.4120000039 0.7692121184
vt 0.424000003 0.74593939
vt 0.4249999983 0.7701818215
vt 0.4249999983 0.7701818216
vt 0.4390000037 0.7430303015
vt 0.4389999989 0.7701818155
vt 0.4249999983 0.7701818216
vt 0.4240000031 0.7459393898
vt 0.4390000038 0.7430303016
vt 0.4119999995 0.7498181822
vt 0.4220000006 0.7236363647
vt 0.4240000029 0.7459393899
vt 0.3960000053 0.7284848424
vt 0.3919999964 0.7216969734
vt 0.4069999993 0.7178181773
vt 0.4069999996 0.7178181779
vt 0.4039999956 0.710060606
vt 0.4190000014 0.7081212077
vt 0.4190000008 0.708121207
vt 0.4120000037 0.6974545474
vt 0.4290000039 0.6955151484
vt 0.4290000039 0.6955151487
vt 0.4144867739 0.695043131
vt 0.4283717971 0.6948189604
vt 0.4069999997 0.7178181779
vt 0.3919999961 0.721696973
vt 0.4039999956 0.7100606059
vt 0.4190000007 0.708121207
vt 0.4039999954 0.7100606057
vt 0.4120000036 0.6974545474
vt 0.4290000039 0.6955151487
vt 0.4120000037 0.6974545471
vt 0.4144867739 0.695043131
vt 0.4480000028 0.8545454592
vt 0.4622443917 0.8349384471
vt 0.4626173585 0.8359415469
vt 0.4459999945 0.8264242467
vt 0.461472645 0.8330925932
vt 0.4622443918 0.8349384471
vt 0.4369999994 0.8458181756
vt 0.4622443917 0.8349384471
vt 0.4480000028 0.8545454592
vt 0.4369999992 0.8458181756
vt 0.4459999945 0.8264242467
vt 0.4622443918 0.8349384471
vt 0.4459999945 0.8264242467
vt 0.4551525138 0.8175490702
vt 0.461472645 0.8330925933
vt 0.4459999945 0.8264242468
vt 0.4537704934 0.8146034972
vt 0.4551525136 0.8175490701
vt 0.4459999945 0.8264242468
vt 0.4510000053 0.800242429
vt 0.4537704934 0.8146034972
vt 0.4369999956 0.7963636307
vt 0.4490914854 0.7791208676
vt 0.4512328615 0.7980597057
vt 0.4510000053 0.800242429
vt 0.4515440453 0.8003257294
vt 0.4537704934 0.8146034972
vt 0.4510000053 0.800242429
vt 0.4514551105 0.7996960352
vt 0.4515440454 0.8003257295
vt 0.4510000048 0.8002424293
vt 0.4512328615 0.7980597057
vt 0.45145511 0.7996960353
vt 0.4459999948 0.8264242466
vt 0.4369999956 0.7963636308
vt 0.4510000048 0.8002424292
vt 0.4369999956 0.7963636307
vt 0.4512328615 0.7980597057
vt 0.4510000047 0.8002424293
vt 0.4369999957 0.796363631
vt 0.4389999991 0.7701818155
vt 0.4490914855 0.7791208679
vt 0.4389999991 0.7701818155
vt 0.4480653547 0.7713539005
vt 0.4490914855 0.7791208679
vt 0.4390000035 0.743030302
vt 0.4437812742 0.7359393549
vt 0.4444967424 0.7436573774
vt 0.4389999991 0.7701818155
vt 0.4467778971 0.7586466932
vt 0.4480653548 0.7713539004
vt 0.438999999 0.7701818154
vt 0.4390000035 0.7430303018
vt 0.4467778973 0.7586466933
vt 0.4390000035 0.7430303018
vt 0.4444967425 0.7436573775
vt 0.4467778973 0.7586466933
vt 0.439000003 0.7430303017
vt 0.4379999978 0.7120000058
vt 0.4437812745 0.735939355
vt 0.4379999978 0.7120000058
vt 0.4397914018 0.7125790425
vt 0.4437812745 0.735939355
vt 0.4379999978 0.7120000057
vt 0.4391571573 0.7079925274
vt 0.4397914018 0.7125790425
vt 0.4379999982 0.7120000059
vt 0.4364134289 0.6950765584
vt 0.4391571577 0.7079925275
vt 0.03000000097 0.2135757481
vt 0.03499999516 0.2096969774
vt 0.03099999924 0.2193939374
vt 0.03499999566 0.2096969769
vt 0.03999999711 0.2067878735
vt 0.03600000592 0.2174545353
vt 0.05299999766 0.1961212009
vt 0.06100000309 0.1903030384
vt 0.05700000328 0.2077575685
vt 0.04599999322 0.2019394026
vt 0.04200000297 0.2145454539
vt 0.03999999676 0.2067878747
vt 0.04599999304 0.2019394024
vt 0.05299999777 0.1961212011
vt 0.04900000166 0.2116363674
vt 0.03600000617 0.2174545347
vt 0.03999999653 0.2067878749
vt 0.04200000314 0.2145454535
vt 0.04599999323 0.2019394024
vt 0.04900000184 0.2116363674
vt 0.04200000321 0.2145454541
vt 0.04900000183 0.2116363675
vt 0.05299999732 0.196121201
vt 0.05700000278 0.2077575687
vt 0.02200000391 0.2203636384
vt 0.02400000266 0.2232727233
vt 0.01999999805 0.2242424262
vt 0.02200000482 0.2203636381
vt 0.02599999633 0.2164848436
vt 0.02700000114 0.220363633
vt 0.0169999992 0.2281212067
vt 0.0199999975 0.2242424256
vt 0.01899999704 0.2300606029
vt 0.02200000526 0.2203636375
vt 0.02700000026 0.2203636332
vt 0.02400000307 0.2232727229
vt 0.01999999832 0.2242424263
vt 0.02099999849 0.2261818165
vt 0.01899999815 0.2300606039
vt 0.01699999918 0.2281212063
vt 0.0189999973 0.2300606026
vt 0.01700000168 0.2349090909
vt 0.01999999763 0.2242424264
vt 0.02400000358 0.223272723
vt 0.02099999801 0.2261818168
vt 0.02599999634 0.2164848422
vt 0.03000000123 0.2135757486
vt 0.03099999932 0.2193939373
vt 0.01699999974 0.2281212066
vt 0.01700000117 0.2349090904
vt 0.01499999715 0.2339393967
vt 0.01499999586 0.2339393964
vt 0.01599999916 0.2407272734
vt 0.01299999864 0.2407272677
vt 0.01299999817 0.2407272677
vt 0.01599999942 0.247515157
vt 0.01300000325 0.2484848537
vt 0.0149999976 0.2339393955
vt 0.01700000101 0.2349090909
vt 0.01599999951 0.2407272732
vt 0.01299999828 0.2407272677
vt 0.01599999919 0.2407272733
vt 0.0159999989 0.2475151566
vt 0.01300000326 0.2484848547
vt 0.01599999922 0.2475151572
vt 0.01699999918 0.2562424245
vt 0.02700000024 0.2203636334
vt 0.02400000183 0.2261818168
vt 0.02400000313 0.2232727231
vt 0.02099999759 0.2261818164
vt 0.02100000187 0.2281212101
vt 0.01899999703 0.2300606038
vt 0.01899999899 0.230060607
vt 0.02100000197 0.2281212102
vt 0.01899999882 0.2300606072
vt 0.01900000578 0.2300606122
vt 0.02100000361 0.2281212114
vt 0.02000000502 0.2310303026
vt 0.01899999953 0.2300606079
vt 0.01899999947 0.2300606081
vt 0.01800000102 0.23393939
vt 0.02099999679 0.2261818164
vt 0.0240000038 0.2232727234
vt 0.02100000252 0.2281212101
vt 0.02100000369 0.2300606045
vt 0.02000000312 0.2310303009
vt 0.02100000231 0.2281212102
vt 0.02100000274 0.2300606056
vt 0.0199999978 0.2329696938
vt 0.02000000269 0.2310303015
vt 0.01900000556 0.2300606123
vt 0.02000000962 0.2310303016
vt 0.01900000375 0.2339393884
vt 0.02000000277 0.2310303019
vt 0.01999999768 0.2329696934
vt 0.01900000232 0.2339393884
vt 0.0240000046 0.223272723
vt 0.0240000027 0.2261818168
vt 0.02100000317 0.2281212098
vt 0.02100000494 0.2300606038
vt 0.02100000307 0.2281212098
vt 0.02400000274 0.2261818168
vt 0.02400000204 0.2261818178
vt 0.02700000301 0.2261818211
vt 0.02499999451 0.2319999967
vt 0.02700000005 0.2203636324
vt 0.02700000343 0.2261818213
vt 0.02400000196 0.2261818177
vt 0.02100000259 0.2300606046
vt 0.02400000153 0.2261818172
vt 0.02200000063 0.2300606077
vt 0.0210000025 0.2300606042
vt 0.02200000073 0.2300606081
vt 0.0199999981 0.2329696956
vt 0.01999999607 0.2329696977
vt 0.02200000222 0.2300606065
vt 0.02100000177 0.2339393941
vt 0.02400000294 0.2261818179
vt 0.02499999245 0.2319999966
vt 0.02200000264 0.2300606086
vt 0.02200000281 0.2300606086
vt 0.02499999276 0.2319999966
vt 0.02299999522 0.2378181796
vt 0.02599999595 0.216484843
vt 0.03099999919 0.2193939375
vt 0.02700000074 0.2203636336
vt 0.03499999544 0.2096969774
vt 0.03600000621 0.2174545346
vt 0.03099999905 0.2193939371
vt 0.02700000227 0.2261818194
vt 0.02999999882 0.2252121262
vt 0.0249999957 0.2319999995
vt 0.02499999467 0.2319999984
vt 0.02999999943 0.2252121268
vt 0.02800000165 0.2339393951
vt 0.02700000004 0.2203636324
vt 0.0309999986 0.2193939366
vt 0.02700000345 0.2261818214
vt 0.03099999918 0.2193939378
vt 0.02999999925 0.2252121257
vt 0.02700000245 0.2261818192
vt 0.03099999876 0.2193939372
vt 0.03500000427 0.2261818157
vt 0.02999999925 0.2252121257
vt 0.03099999875 0.2193939372
vt 0.03600000525 0.217454535
vt 0.03500000387 0.2261818146
vt 0.02999999943 0.2252121268
vt 0.03200000293 0.2358787899
vt 0.02800000161 0.233939395
vt 0.02999999922 0.2252121262
vt 0.03500000429 0.2261818154
vt 0.03200000345 0.2358787907
vt 0.01899999771 0.2300606064
vt 0.01800000249 0.2339393911
vt 0.0170000015 0.2349090894
vt 0.01700000149 0.2349090895
vt 0.01800000242 0.2339393912
vt 0.01599999933 0.2407272738
vt 0.01900000162 0.2300606132
vt 0.0190000012 0.2339393891
vt 0.01800000355 0.2339393961
vt 0.01800000388 0.2339393935
vt 0.01800000294 0.2397575702
vt 0.015999999 0.2407272733
vt 0.02200000232 0.2300606088
vt 0.02299999613 0.2378181793
vt 0.02100000184 0.2339393959
vt 0.01999999582 0.2329696969
vt 0.02100000185 0.2339393944
vt 0.01900000124 0.2339393904
vt 0.02100000202 0.2339393956
vt 0.02299999553 0.2378181802
vt 0.01900000742 0.2378181789
vt 0.02299999513 0.2378181813
vt 0.02299999907 0.2475151533
vt 0.01999999464 0.2426666679
vt 0.02299999719 0.2378181805
vt 0.02499999746 0.2416969671
vt 0.02299999949 0.2475151532
vt 0.01599999899 0.2407272732
vt 0.01800000331 0.2397575708
vt 0.01599999873 0.2475151566
vt 0.01800000293 0.2397575709
vt 0.01800000195 0.2455757579
vt 0.01599999861 0.2475151566
vt 0.01800000208 0.2455757581
vt 0.01699999905 0.2562424244
vt 0.01599999883 0.247515157
vt 0.01999999547 0.2426666686
vt 0.02299999932 0.2475151536
vt 0.02000000276 0.2533333272
vt 0.0180000026 0.2455757585
vt 0.01999999595 0.2426666662
vt 0.02000000249 0.2533333286
vt 0.02499999459 0.2319999984
vt 0.02800000165 0.2339393951
vt 0.02299999643 0.2378181807
vt 0.02299999675 0.2378181808
vt 0.02800000145 0.233939395
vt 0.02499999719 0.2416969674
vt 0.0229999995 0.2475151532
vt 0.02499999746 0.2416969668
vt 0.02600000197 0.2543030351
vt 0.01900000187 0.2339393883
vt 0.02100000177 0.2339393947
vt 0.01900000693 0.237818177
vt 0.01800000233 0.2339393943
vt 0.01900000374 0.2378181812
vt 0.01800000171 0.2397575707
vt 0.01800000339 0.2339393956
vt 0.01900000157 0.2339393901
vt 0.01900000556 0.2378181836
vt 0.01900000387 0.2378181803
vt 0.01999999743 0.2426666668
vt 0.01800000172 0.239757571
vt 0.02299999564 0.2378181806
vt 0.01999999509 0.2426666674
vt 0.01900000764 0.2378181794
vt 0.01800000306 0.2397575712
vt 0.01999999673 0.2426666667
vt 0.01800000202 0.2455757581
vt 0.0280000016 0.2339393949
vt 0.0320000029 0.2358787898
vt 0.02499999689 0.2416969676
vt 0.03200000318 0.2358787902
vt 0.02899999708 0.2465454604
vt 0.02499999659 0.2416969671
vt 0.02499999664 0.2416969669
vt 0.02899999696 0.2465454594
vt 0.02600000254 0.2543030351
vt 0.03600000517 0.2174545346
vt 0.04099999405 0.2252121231
vt 0.03500000383 0.2261818143
vt 0.03600000556 0.2174545342
vt 0.04200000327 0.2145454537
vt 0.04099999382 0.2252121233
vt 0.03500000406 0.226181814
vt 0.040999994 0.2252121232
vt 0.03799999641 0.2387878775
vt 0.03500000422 0.2261818152
vt 0.03799999629 0.2387878768
vt 0.03200000329 0.2358787905
vt 0.06700000592 0.1835151521
vt 0.07600000187 0.175757586
vt 0.07499999489 0.199030306
vt 0.0610000023 0.1903030386
vt 0.06700000482 0.1835151517
vt 0.06499999389 0.203878798
vt 0.07600000165 0.1757575859
vt 0.08500000427 0.1932121252
vt 0.07499999516 0.1990303063
vt 0.06700000615 0.1835151521
vt 0.07499999469 0.199030306
vt 0.06499999281 0.2038787976
vt 0.06100000243 0.1903030385
vt 0.06499999342 0.2038787972
vt 0.05700000289 0.2077575685
vt 0.05700000257 0.2077575685
vt 0.06499999374 0.2038787972
vt 0.06599999639 0.219393937
vt 0.06499999268 0.2038787973
vt 0.07499999469 0.199030306
vt 0.07699999475 0.2155151502
vt 0.07499999512 0.1990303063
vt 0.08500000434 0.1932121251
vt 0.08900000436 0.2116363708
vt 0.07800000314 0.237818179
vt 0.08999999863 0.2620606086
vt 0.07599999869 0.2610909056
vt 0.04900000186 0.2116363676
vt 0.05700000273 0.2077575685
vt 0.05700000239 0.2223030271
vt 0.0320000032 0.2358787898
vt 0.03499999771 0.2504242371
vt 0.02899999709 0.2465454605
vt 0.02600000257 0.2543030344
vt 0.0289999969 0.2465454596
vt 0.03499999784 0.2504242376
vt 0.04200000322 0.2145454542
vt 0.04900000182 0.2116363677
vt 0.04799999634 0.2242424236
vt 0.042000003 0.2145454541
vt 0.04799999655 0.2242424237
vt 0.04099999432 0.2252121226
vt 0.04099999445 0.2252121231
vt 0.04500000006 0.2397575762
vt 0.03799999671 0.2387878774
vt 0.04099999428 0.2252121226
vt 0.04799999663 0.2242424237
vt 0.04500000003 0.2397575762
vt 0.04900000185 0.2116363677
vt 0.05700000245 0.222303027
vt 0.04799999632 0.2242424237
vt 0.05700000255 0.2223030269
vt 0.04500000007 0.2397575762
vt 0.04799999637 0.2242424236
vt 0.05700000256 0.2223030269
vt 0.05499999344 0.2407272737
vt 0.04500000007 0.2397575762
vt 0.03200000327 0.2358787905
vt 0.03799999631 0.2387878767
vt 0.03499999769 0.2504242368
vt 0.03799999669 0.2387878774
vt 0.04500000007 0.2397575762
vt 0.04300000272 0.2552727243
vt 0.03799999644 0.2387878768
vt 0.04300000305 0.2552727251
vt 0.0349999978 0.2504242369
vt 0.04500000007 0.2397575762
vt 0.05499999344 0.2407272736
vt 0.0529999949 0.2581818152
vt 0.04500000009 0.2397575762
vt 0.05299999511 0.2581818155
vt 0.04300000291 0.2552727245
vt 0.05700000243 0.2077575685
vt 0.06599999642 0.219393937
vt 0.05700000214 0.2223030271
vt 0.06499999303 0.2038787977
vt 0.07699999488 0.2155151502
vt 0.06599999602 0.2193939373
vt 0.09599999861 0.1864242487
vt 0.1029999949 0.2067878742
vt 0.08500000441 0.1932121252
vt 0.07499999495 0.1990303059
vt 0.08900000437 0.2116363706
vt 0.07699999499 0.2155151501
vt 0.07699999495 0.2155151499
vt 0.08900000448 0.2116363712
vt 0.09099999482 0.2358787928
vt 0.08500000439 0.1932121252
vt 0.1029999949 0.2067878742
vt 0.08900000441 0.2116363708
vt 0.0890000044 0.2116363711
vt 0.1029999949 0.206787874
vt 0.09099999488 0.235878793
vt 0.05700000209 0.222303027
vt 0.06599999636 0.2193939369
vt 0.06599999848 0.2397575724
vt 0.05700000244 0.2223030268
vt 0.0659999985 0.2397575724
vt 0.0549999938 0.2407272741
vt 0.06599999598 0.2193939371
vt 0.07699999484 0.2155151501
vt 0.07800000308 0.2378181788
vt 0.06599999604 0.2193939371
vt 0.07800000291 0.2378181788
vt 0.06599999835 0.2397575725
vt 0.06599999866 0.2397575726
vt 0.07599999874 0.2610909057
vt 0.06400000339 0.2601212153
vt 0.05499999379 0.2407272741
vt 0.06599999855 0.2397575726
vt 0.06400000358 0.2601212153
vt 0.05499999398 0.240727274
vt 0.06400000353 0.2601212153
vt 0.05299999534 0.2581818156
vt 0.07699999501 0.2155151499
vt 0.09099999494 0.2358787929
vt 0.07800000297 0.2378181789
vt 0.06599999864 0.2397575726
vt 0.07800000311 0.2378181789
vt 0.07599999873 0.2610909057
vt 0.07800000308 0.2378181789
vt 0.09099999474 0.2358787928
vt 0.08999999866 0.2620606087
vt 0.01300000354 0.2484848546
vt 0.01699999909 0.2562424244
vt 0.01399999745 0.257212123
vt 0.01399999781 0.2572121231
vt 0.01999999876 0.2659393966
vt 0.01699999745 0.2678787855
vt 0.01699999907 0.2562424244
vt 0.01999999846 0.2659393964
vt 0.01399999744 0.2572121229
vt 0.01999999867 0.2659393962
vt 0.0259999983 0.2766060601
vt 0.01699999708 0.2678787855
vt 0.01699999689 0.2678787856
vt 0.02599999806 0.2766060602
vt 0.02199999964 0.2795151533
vt 0.02199999988 0.2795151534
vt 0.03400000349 0.2882424279
vt 0.03000000333 0.2930909106
vt 0.01800000293 0.2455757581
vt 0.02000000302 0.253333328
vt 0.01699999869 0.2562424245
vt 0.02299999928 0.2475151536
vt 0.02399999929 0.2610909057
vt 0.02000000287 0.2533333271
vt 0.02000000309 0.2533333281
vt 0.01999999768 0.2659393966
vt 0.01699999873 0.2562424245
vt 0.02299999951 0.2475151535
vt 0.02600000203 0.2543030351
vt 0.02399999946 0.2610909056
vt 0.01999999736 0.265939397
vt 0.02399999955 0.2610909056
vt 0.02599999769 0.2766060605
vt 0.02000000352 0.2533333276
vt 0.02399999938 0.2610909058
vt 0.01999999736 0.265939397
vt 0.02600000271 0.254303035
vt 0.03199999998 0.2610909074
vt 0.02399999915 0.2610909057
vt 0.02399999953 0.2610909056
vt 0.02900000193 0.2698181876
vt 0.02599999823 0.2766060607
vt 0.02399999957 0.2610909057
vt 0.0320000002 0.2610909074
vt 0.02900000189 0.2698181875
vt 0.02599999806 0.2766060603
vt 0.03400000343 0.2882424277
vt 0.02199999964 0.2795151533
vt 0.02599999805 0.2766060606
vt 0.02900000241 0.2698181877
vt 0.03400000351 0.2882424275
vt 0.03000000344 0.2930909105
vt 0.0440000043 0.299878794
vt 0.03899999706 0.3056969659
vt 0.03000000341 0.2930909104
vt 0.03400000355 0.2882424276
vt 0.04400000496 0.299878794
vt 0.06400000377 0.2601212154
vt 0.07400000274 0.2843636406
vt 0.06099999947 0.2795151511
vt 0.04999999456 0.2746666703
vt 0.0609999995 0.2795151511
vt 0.05799999407 0.2969697004
vt 0.06099999951 0.2795151511
vt 0.06900000074 0.3066666657
vt 0.05799999408 0.2969697001
vt 0.06400000349 0.2601212154
vt 0.07599999862 0.2610909056
vt 0.07400000259 0.2843636406
vt 0.07599999856 0.2610909055
vt 0.08800000354 0.2892121231
vt 0.07400000271 0.2843636408
vt 0.07599999856 0.2610909055
vt 0.08999999873 0.2620606086
vt 0.08800000359 0.289212123
vt 0.06099999947 0.2795151511
vt 0.07400000272 0.2843636407
vt 0.06900000085 0.3066666657
vt 0.03899999669 0.3056969658
vt 0.05399999879 0.310545459
vt 0.04899999532 0.3192727273
vt 0.0489999954 0.3192727273
vt 0.06400000069 0.3221818231
vt 0.05700000357 0.3318787863
vt 0.05700000383 0.3318787867
vt 0.07300000326 0.3357575789
vt 0.05898941952 0.3345313441
vt 0.0389999968 0.305696966
vt 0.04400000469 0.2998787939
vt 0.05399999865 0.3105454586
vt 0.05399999858 0.310545459
vt 0.06400000039 0.3221818233
vt 0.0489999954 0.3192727272
vt 0.05700000356 0.3318787864
vt 0.06400000059 0.3221818233
vt 0.07300000357 0.3357575792
vt 0.07300000326 0.3357575789
vt 0.07228205372 0.3363667431
vt 0.05898941952 0.3345313441
vt 0.02600000249 0.254303035
vt 0.03499999793 0.2504242369
vt 0.03200000018 0.2610909074
vt 0.03200000019 0.2610909074
vt 0.03499999793 0.2504242366
vt 0.03999999929 0.2688484867
vt 0.03200000015 0.2610909074
vt 0.03700000232 0.2795151471
vt 0.02900000234 0.2698181875
vt 0.03200000013 0.2610909075
vt 0.03999999937 0.2688484866
vt 0.03700000227 0.2795151476
vt 0.05299999522 0.2581818155
vt 0.04999999407 0.2746666703
vt 0.03999999929 0.2688484867
vt 0.03499999793 0.2504242366
vt 0.04300000317 0.2552727248
vt 0.03999999929 0.2688484867
vt 0.04300000319 0.2552727246
vt 0.0529999952 0.2581818156
vt 0.03999999929 0.2688484867
vt 0.02900000242 0.2698181877
vt 0.0370000021 0.2795151467
vt 0.03400000355 0.2882424275
vt 0.03999999938 0.2688484866
vt 0.04999999435 0.2746666699
vt 0.03700000227 0.2795151475
vt 0.03700000228 0.2795151473
vt 0.04999999434 0.27466667
vt 0.04700000274 0.289212125
vt 0.03700000215 0.2795151468
vt 0.04400000496 0.299878794
vt 0.03400000369 0.2882424274
vt 0.03700000203 0.2795151473
vt 0.04700000278 0.289212125
vt 0.04400000484 0.2998787944
vt 0.05299999541 0.2581818156
vt 0.06400000344 0.2601212153
vt 0.06099999952 0.2795151511
vt 0.05299999533 0.2581818157
vt 0.06099999951 0.2795151511
vt 0.04999999417 0.2746666705
vt 0.04999999432 0.2746666705
vt 0.05799999382 0.2969697005
vt 0.04700000276 0.2892121246
vt 0.07400000257 0.2843636409
vt 0.08800000351 0.2892121231
vt 0.08399999761 0.320242418
vt 0.04700000274 0.2892121247
vt 0.05399999884 0.3105454589
vt 0.04400000478 0.2998787939
vt 0.0470000028 0.2892121246
vt 0.05799999401 0.2969697005
vt 0.05399999871 0.310545459
vt 0.05799999431 0.2969697
vt 0.06400000059 0.3221818232
vt 0.05399999871 0.310545459
vt 0.05799999392 0.2969697004
vt 0.06900000077 0.3066666657
vt 0.06400000056 0.3221818232
vt 0.0740000026 0.2843636409
vt 0.08399999761 0.3202424179
vt 0.06900000084 0.3066666657
vt 0.06400000056 0.3221818233
vt 0.06900000077 0.3066666657
vt 0.0730000036 0.3357575792
vt 0.06900000082 0.3066666657
vt 0.08399999759 0.3202424179
vt 0.0730000037 0.3357575793
vt 0.07300000308 0.3357575793
vt 0.07320072347 0.336536114
vt 0.07228205381 0.3363667432
vt 0.07300000312 0.3357575791
vt 0.08029799922 0.3366530346
vt 0.07320072353 0.3365361134
vt 0.07300000312 0.3357575791
vt 0.08399999823 0.3202424181
vt 0.08029799922 0.3366530346
vt 0.08029799922 0.3366530346
vt 0.07999610734 0.3376230351
vt 0.07320072353 0.3365361134
vt 0.09599999875 0.1864242487
vt 0.1080000033 0.1786666622
vt 0.1203094145 0.2000239116
vt 0.09599999849 0.1864242485
vt 0.1203094146 0.2000239117
vt 0.1029999949 0.206787874
vt 0.1080000033 0.1786666622
vt 0.1207901891 0.1990423753
vt 0.1203094145 0.2000239116
vt 0.1029999949 0.206787874
vt 0.1203094146 0.2000239117
vt 0.119332237 0.2017866143
vt 0.102999995 0.206787874
vt 0.1193322371 0.2017866143
vt 0.1110084487 0.216402648
vt 0.1029999951 0.206787874
vt 0.1110084489 0.2164026484
vt 0.1095229536 0.2193501792
vt 0.1029999951 0.206787874
vt 0.1095229536 0.2193501792
vt 0.1060000052 0.2339393893
vt 0.1029999949 0.2067878738
vt 0.1060000054 0.2339393896
vt 0.09099999488 0.2358787929
vt 0.09099999478 0.2358787928
vt 0.1060000055 0.2339393897
vt 0.1060000071 0.2360468472
vt 0.09099999483 0.2358787929
vt 0.1016689568 0.2538112667
vt 0.08999999869 0.2620606087
vt 0.08999999869 0.2620606087
vt 0.1016689568 0.2538112667
vt 0.09966971124 0.2614745669
vt 0.09099999478 0.2358787928
vt 0.1060000071 0.2360468472
vt 0.1016689567 0.2538112666
vt 0.1060000052 0.2339393893
vt 0.1095229536 0.2193501792
vt 0.1065154118 0.2338838549
vt 0.1060000053 0.2339393893
vt 0.1065154118 0.2338838548
vt 0.1063900951 0.2345278131
vt 0.1060000052 0.2339393898
vt 0.1063900949 0.2345278136
vt 0.1060000067 0.2360468474
vt 0.08999999877 0.2620606087
vt 0.0934967421 0.2892121261
vt 0.08800000338 0.2892121229
vt 0.08999999872 0.2620606088
vt 0.09966971129 0.2614745671
vt 0.09686285146 0.2744830488
vt 0.08999999877 0.2620606087
vt 0.09686285126 0.274483049
vt 0.0934967421 0.2892121261
vt 0.08800000337 0.2892121226
vt 0.09349674206 0.2892121262
vt 0.09221877117 0.2968485267
vt 0.08800000294 0.2892121228
vt 0.09221877136 0.2968485266
vt 0.08399999826 0.3202424182
vt 0.08399999826 0.3202424182
vt 0.09221877136 0.2968485266
vt 0.08589092445 0.3198563947
vt 0.08399999895 0.3202424183
vt 0.08466123296 0.3242498967
vt 0.0802979987 0.3366530344
vt 0.08399999847 0.3202424184
vt 0.08589092455 0.3198563948
vt 0.08466123256 0.3242498968
vt 0.3203125 0.02272727273
vt 0.3203125 0.02272727273
vt 0.3203125 0.02272727273
vt 0.3203125 0.02272727273
vt 0.3203125 0.02272727273
vt 0.3203125 0.02272727273
vt 0.3203125 0.02272727273
vt 0.3203125 0.02272727273
vt 0.3203125 0.02272727273
vt 0.3203125 0.02272727273
vt 0.3203125 0.02272727273
vt 0.3203125 0.02272727273
vt 0.3203125 0.02272727273
vt 0.3203125 0.02272727273
vt 0.3203125 0.02272727273
vt 0.3203125 0.02272727273
vt 0.3203125 0.02272727273
vt 0.3203125 0.02272727273
vt 0.3203125 0.02272727273
vt 0.3203125 0.02272727273
vt 0.3203125 0.02272727273
vt 0.3203125 0.02272727273
vt 0.3203125 0.02272727273
vt 0.3203125 0.02272727273
vt 0.3203125 0.02272727273
vt 0.3203125 0.02272727273
vt 0.3203125 0.02272727273
vt 0.3203125 0.02272727273
vt 0.3203125 0.02272727273
vt 0.3203125 0.02272727273
vt 0.3203125 0.02272727273
vt 0.3203125 0.02272727273
vt 0.3203125 0.02272727273
vt 0.3203125 0.02272727273
vt 0.3203125 0.02272727273
vt 0.3203125 0.02272727273
vt 0.3203125 0.02272727273
vt 0.3203125 0.02272727273
vt 0.3203125 0.02272727273
vt 0.3203125 0.02272727273
vt 0.3203125 0.02272727273
vt 0.3203125 0.02272727273
vt 0.3203125 0.02272727273
vt 0.3203125 0.02272727273
vt 0.3203125 0.02272727273
vt 0.3203125 0.02272727273
vt 0.3203125 0.02272727273
vt 0.3203125 0.02272727273
vt 0.3203125 0.02272727273
vt 0.3203125 0.02272727273
vt 0.3203125 0.02272727273
vt 0.3203125 0.02272727273
vt 0.3203125 0.02272727273
vt 0.3203125 0.02272727273
vt 0.3203125 0.02272727273
vt 0.3203125 0.02272727273
vt 0.3203125 0.02272727273
vt 0.3203125 0.02272727273
vt 0.3203125 0.02272727273
vt 0.3203125 0.02272727273
vt 0.3203125 0.02272727273
vt 0.3203125 0.02272727273
vt 0.3203125 0.02272727273
vt 0.3203125 0.02272727273
vt 0.3203125 0.02272727273
vt 0.3203125 0.02272727273
vt 0.3203125 0.02272727273
vt 0.3203125 0.02272727273
vt 0.3203125 0.02272727273
vt 0.3203125 0.02272727273
vt 0.3203125 0.02272727273
vt 0.3203125 0.02272727273
vt 0.3203125 0.02272727273
vt 0.3203125 0.02272727273
vt 0.3203125 0.02272727273
vt 0.3203125 0.02272727273
vt 0.3203125 0.02272727273
vt 0.3203125 0.02272727273
vt 0.3203125 0.02272727273
vt 0.3203125 0.02272727273
vt 0.3203125 0.02272727273
vt 0.3203125 0.02272727273
vt 0.3203125 0.02272727273
vt 0.3203125 0.02272727273
vt 0.3203125 0.02272727273
vt 0.3203125 0.02272727273
vt 0.3203125 0.02272727273
vt 0.3203125 0.02272727273
vt 0.3203125 0.02272727273
vt 0.3203125 0.02272727273
vt 0.3203125 0.02272727273
vt 0.3203125 0.02272727273
vt 0.3203125 0.02272727273
vt 0.3203125 0.02272727273
vt 0.3203125 0.02272727273
vt 0.3203125 0.02272727273
vt 0.3203125 0.02272727273
vt 0.3203125 0.02272727273
vt 0.3203125 0.02272727273
vt 0.3203125 0.02272727273
vt 0.3203125 0.02272727273
vt 0.3203125 0.02272727273
vt 0.3203125 0.02272727273
vt 0.3203125 0.02272727273
vt 0.3203125 0.02272727273
vt 0.3203125 0.02272727273
vt 0.3203125 0.02272727273
vt 0.3203125 0.02272727273
vt 0.3203125 0.02272727273
vt 0.3203125 0.02272727273
vt 0.3203125 0.02272727273
vt 0.3203125 0.02272727273
vt 0.3203125 0.02272727273
vt 0.3203125 0.02272727273
vt 0.3203125 0.02272727273
vt 0.3203125 0.02272727273
vt 0.3203125 0.02272727273
vt 0.3203125 0.02272727273
vt 0.3203125 0.02272727273
vt 0.3203125 0.02272727273
vt 0.3203125 0.02272727273
vt 0.3203125 0.02272727273
vt 0.3203125 0.02272727273
vt 0.3203125 0.02272727273
vt 0.3203125 0.02272727273
vt 0.3203125 0.02272727273
vt 0.3203125 0.02272727273
vt 0.3203125 0.02272727273
vt 0.3203125 0.02272727273
vt 0.3203125 0.02272727273
vt 0.3203125 0.02272727273
vt 0.3203125 0.02272727273
vt 0.3203125 0.02272727273
vt 0.3203125 0.02272727273
vt 0.3203125 0.02272727273
vt 0.3203125 0.02272727273
vt 0.3203125 0.02272727273
vt 0.3203125 0.02272727273
vt 0.3203125 0.02272727273
vt 0.3203125 0.02272727273
vt 0.3203125 0.02272727273
vt 0.3203125 0.02272727273
vt 0.3203125 0.02272727273
vt 0.3203125 0.02272727273
vt 0.3203125 0.02272727273
vt 0.3203125 0.02272727273
vt 0.3203125 0.02272727273
vt 0.3203125 0.02272727273
vt 0.3203125 0.02272727273
vt 0.3203125 0.02272727273
vt 0.3203125 0.02272727273
vt 0.3203125 0.02272727273
vt 0.3203125 0.02272727273
vt 0.3203125 0.02272727273
vt 0.3203125 0.02272727273
vt 0.3203125 0.02272727273
vt 0.3203125 0.02272727273
vt 0.3203125 0.02272727273
vt 0.3203125 0.02272727273
vt 0.3203125 0.02272727273
vt 0.3203125 0.02272727273
vt 0.3203125 0.02272727273
vt 0.3203125 0.02272727273
vt 0.3203125 0.02272727273
vt 0.3203125 0.02272727273
vt 0.3203125 0.02272727273
vt 0.3203125 0.02272727273
vt 0.3203125 0.02272727273
vt 0.3203125 0.02272727273
vt 0.3203125 0.02272727273
vt 0.3203125 0.02272727273
vt 0.3203125 0.02272727273
vt 0.3203125 0.02272727273
vt 0.3203125 0.02272727273
vt 0.3203125 0.02272727273
vt 0.3203125 0.02272727273
vt 0.3203125 0.02272727273
vt 0.3203125 0.02272727273
vt 0.3203125 0.02272727273
vt 0.3203125 0.02272727273
vt 0.3203125 0.02272727273
vt 0.3203125 0.02272727273
vt 0.3203125 0.02272727273
vt 0.3203125 0.02272727273
vt 0.3203125 0.02272727273
vt 0.3203125 0.02272727273
vt 0.3203125 0.02272727273
vt 0.3203125 0.02272727273
vt 0.3203125 0.02272727273
vt 0.3203125 0.02272727273
vt 0.3203125 0.02272727273
vt 0.3203125 0.02272727273
vt 0.3203125 0.02272727273
vt 0.3203125 0.02272727273
vt 0.3203125 0.02272727273
vt 0.3203125 0.02272727273
vt 0.3203125 0.02272727273
vt 0.3203125 0.02272727273
vt 0.3203125 0.02272727273
vt 0.3203125 0.02272727273
vt 0.3203125 0.02272727273
vt 0.3203125 0.02272727273
vt 0.3203125 0.02272727273
vt 0.3203125 0.02272727273
vt 0.3203125 0.02272727273
vt 0.3203125 0.02272727273
vt 0.3203125 0.02272727273
vt 0.3203125 0.02272727273
vt 0.3203125 0.02272727273
vt 0.3203125 0.02272727273
vt 0.3203125 0.02272727273
vt 0.3203125 0.02272727273
vt 0.3203125 0.02272727273
vt 0.3203125 0.02272727273
vt 0.3203125 0.02272727273
vt 0.3203125 0.02272727273
vt 0.3203125 0.02272727273
vt 0.3203125 0.02272727273
vt 0.3203125 0.02272727273
vt 0.3203125 0.02272727273
vt 0.3203125 0.02272727273
vt 0.3203125 0.02272727273
vt 0.3203125 0.02272727273
vt 0.3203125 0.02272727273
vt 0.3203125 0.02272727273
vt 0.3203125 0.02272727273
vt 0.3203125 0.02272727273
vt 0.3203125 0.02272727273
vt 0.3203125 0.02272727273
vt 0.3203125 0.02272727273
vt 0.3203125 0.02272727273
vt 0.3203125 0.02272727273
vt 0.3203125 0.02272727273
vt 0.3203125 0.02272727273
vt 0.3203125 0.02272727273
vt 0.3203125 0.02272727273
vt 0.3203125 0.02272727273
vt 0.3203125 0.02272727273
vt 0.3203125 0.02272727273
vt 0.3203125 0.02272727273
vt 0.3203125 0.02272727273
vt 0.3203125 0.02272727273
vt 0.3203125 0.02272727273
vt 0.3203125 0.02272727273
vt 0.3203125 0.02272727273
vt 0.3203125 0.02272727273
vt 0.3203125 0.02272727273
vt 0.3203125 0.02272727273
vt 0.3203125 0.02272727273
vt 0.3203125 0.02272727273
vt 0.3203125 0.02272727273
vt 0.3203125 0.02272727273
vt 0.3203125 0.02272727273
vt 0.3203125 0.02272727273
vt 0.3203125 0.02272727273
vt 0.3203125 0.02272727273
vt 0.3203125 0.02272727273
vt 0.3203125 0.02272727273
vt 0.3203125 0.02272727273
vt 0.3203125 0.02272727273
vt 0.3203125 0.02272727273
vt 0.3203125 0.02272727273
vt 0.3203125 0.02272727273
vt 0.3203125 0.02272727273
vt 0.3203125 0.02272727273
vt 0.3203125 0.02272727273
vt 0.3203125 0.02272727273
vt 0.3203125 0.02272727273
vt 0.3203125 0.02272727273
vt 0.3203125 0.02272727273
vt 0.3203125 0.02272727273
vt 0.3203125 0.02272727273
vt 0.3203125 0.02272727273
vt 0.3203125 0.02272727273
vt 0.3203125 0.02272727273
vt 0.3203125 0.02272727273
vt 0.3203125 0.02272727273
vt 0.3203125 0.02272727273
vt 0.3203125 0.02272727273
vt 0.3203125 0.02272727273
vt 0.3203125 0.02272727273
vt 0.3203125 0.02272727273
vt 0.3203125 0.02272727273
vt 0.3203125 0.02272727273
vt 0.3203125 0.02272727273
vt 0.3203125 0.02272727273
vt 0.3203125 0.02272727273
vt 0.3203125 0.02272727273
vt 0.3203125 0.02272727273
vt 0.3203125 0.02272727273
vt 0.3203125 0.02272727273
vt 0.3203125 0.02272727273
vt 0.3203125 0.02272727273
vt 0.3203125 0.02272727273
vt 0.3203125 0.02272727273
vt 0.3203125 0.02272727273
vt 0.3203125 0.02272727273
vt 0.3203125 0.02272727273
vt 0.3203125 0.02272727273
vt 0.3203125 0.02272727273
vt 0.3203125 0.02272727273
vt 0.3203125 0.02272727273
vt 0.3203125 0.02272727273
vt 0.3203125 0.02272727273
vt 0.3203125 0.02272727273
vt 0.3203125 0.02272727273
vt 0.3203125 0.02272727273
vt 0.3203125 0.02272727273
vt 0.3203125 0.02272727273
vt 0.3203125 0.02272727273
vt 0.3203125 0.02272727273
vt 0.3203125 0.02272727273
vt 0.3203125 0.02272727273
vt 0.3203125 0.02272727273
vt 0.3203125 0.02272727273
vt 0.3203125 0.02272727273
vt 0.3203125 0.02272727273
vt 0.3203125 0.02272727273
vt 0.3203125 0.02272727273
vt 0.3203125 0.02272727273
vt 0.3203125 0.02272727273
vt 0.3203125 0.02272727273
vt 0.3203125 0.02272727273
vt 0.3203125 0.02272727273
vt 0.3203125 0.02272727273
vt 0.3203125 0.02272727273
vt 0.3203125 0.02272727273
vt 0.3203125 0.02272727273
vt 0.3203125 0.02272727273
vt 0.3203125 0.02272727273
vt 0.3203125 0.02272727273
vt 0.3203125 0.02272727273
vt 0.3203125 0.02272727273
vt 0.3203125 0.02272727273
vt 0.3203125 0.02272727273
vt 0.3203125 0.02272727273
vn -0.07647035771 -0.9961859135 -0.04202273346
vn -0.1084868056 -0.9897599819 -0.09276740395
vn -0.06360646044 -0.9951885204 -0.07452534543
vn -0.07647037161 -0.9961859135 -0.04202270783
vn -0.04443773627 -0.9946345058 -0.09342102298
vn -0.1084868315 -0.9897599835 -0.09276735653
vn -0.06360645176 -0.9951885215 -0.07452533815
vn -0.1084868164 -0.9897599798 -0.09276741367
vn -0.1120315418 -0.98448379 -0.135057769
vn -0.04443775009 -0.994634506 -0.093421014
vn -0.1086388892 -0.9872398887 -0.1164259158
vn -0.1084868113 -0.9897599845 -0.09276736978
vn -0.1012580758 -0.9806769598 -0.1673902703
vn -0.01601968457 -0.9977220475 0.06552927313
vn -0.09444390526 -0.9820345421 -0.1633661742
vn -0.1012580891 -0.9806769586 -0.1673902696
vn 0.0287767306 -0.9973989365 0.06608525779
vn -0.01601967139 -0.9977220477 0.06552927262
vn -0.0497416209 -0.6185276333 -0.7841870555
vn -0.05314073771 -0.6170850135 -0.7851000879
vn -0.04851785039 -0.6246925393 -0.7793620786
vn -0.04974162116 -0.6185276389 -0.784187051
vn -0.07495633586 -0.5396815384 -0.838525721
vn -0.05314074398 -0.6170849171 -0.7851001633
vn -0.05314074398 -0.6170849171 -0.7851001633
vn -0.07495633586 -0.5396815384 -0.838525721
vn -0.1669916551 -0.3826922084 -0.9086586052
vn -0.01018918199 -0.9998994952 0.009857998334
vn -0.009038492888 -0.9999271566 -0.007999191833
vn -0.05222649963 -0.997901429 -0.03827702712
vn -0.01018867865 -0.9998994978 0.009858252284
vn -0.00851492035 -0.99996237 -0.001659733858
vn -0.009038551383 -0.9999271559 -0.007999214544
vn -0.2765263214 -0.8746763119 -0.3980886119
vn 0.02486147603 -0.996117839 0.08444618255
vn -0.01018884373 -0.9998994995 0.009857908667
vn -0.01018870432 -0.9998994965 0.009858353682
vn 0.02601226972 -0.9986404886 0.04517229664
vn -0.008514962669 -0.9999623699 -0.00165956668
vn -0.2869498456 -0.9397670883 -0.1857353113
vn -0.2765262858 -0.8746763001 -0.3980886627
vn -0.01018891782 -0.9998994976 0.009858027541
vn -0.2869497961 -0.9397671241 -0.1857352069
vn -0.01018890546 -0.9998994975 0.009858052356
vn -0.05222620332 -0.997901447 -0.03827696025
vn -0.2869497961 -0.9397671241 -0.1857352069
vn -0.05222620332 -0.997901447 -0.03827696025
vn -0.3032569741 -0.9069024019 -0.2925119504
vn -0.1892955604 -0.8910989682 -0.412443717
vn -0.1698173793 -0.8914627089 -0.4200670141
vn -0.1804475508 -0.8851429956 -0.4289062354
vn -0.1892955606 -0.8910989795 -0.4124436924
vn -0.151616021 -0.914651192 -0.374734278
vn -0.1698173817 -0.891462649 -0.4200671402
vn -0.1892955586 -0.8910989826 -0.4124436867
vn -0.1804475462 -0.8851431725 -0.4289058723
vn -0.2098736331 -0.8467332218 -0.4888720785
vn -0.1892955669 -0.8910989706 -0.4124437088
vn -0.1027922301 -0.9553333871 -0.2770773845
vn -0.1516160335 -0.9146511745 -0.3747343158
vn -0.2807839463 -0.8974771731 -0.3401398231
vn -0.1027922301 -0.9553333871 -0.2770773845
vn -0.1892955669 -0.8910989706 -0.4124437088
vn -0.2765262301 -0.8746763586 -0.3980885727
vn -0.4297107941 -0.539726234 -0.72390899
vn -0.274654532 -0.6827601022 -0.6770550427
vn -0.1892955601 -0.8910989812 -0.412443689
vn -0.2098736478 -0.8467332044 -0.4888721024
vn -0.2917973434 -0.7793768786 -0.55446009
vn -0.2917973434 -0.7793768786 -0.55446009
vn -0.2098736478 -0.8467332044 -0.4888721024
vn -0.2571270947 -0.7674097253 -0.5873397404
vn -0.1693480924 -0.3733211848 -0.9121143112
vn -0.07495630902 -0.5396815871 -0.8385256921
vn -0.07274035228 -0.4386984992 -0.8956854738
vn -0.1693480588 -0.3733212278 -0.9121142998
vn -0.1669916551 -0.3826922084 -0.9086586052
vn -0.07495633586 -0.5396815384 -0.838525721
vn -0.1693480623 -0.3733213271 -0.9121142585
vn -0.2571271789 -0.7674097641 -0.5873396528
vn -0.1728879589 -0.3902461839 -0.9043327206
vn -0.1693480715 -0.3733213101 -0.9121142637
vn -0.1728879333 -0.3902462824 -0.904332683
vn -0.1669916595 -0.3826922408 -0.9086585907
vn -0.1892955643 -0.8910989824 -0.4124436846
vn -0.291797331 -0.7793768789 -0.5544600962
vn -0.3075784695 -0.863559399 -0.3995755867
vn -0.1693480623 -0.3733213271 -0.9121142585
vn -0.291797392 -0.7793768988 -0.5544600361
vn -0.2571271789 -0.7674097641 -0.5873396528
vn -0.2807839067 -0.8974771834 -0.3401398288
vn -0.1892955846 -0.8910989675 -0.4124437074
vn -0.3481060181 -0.8331487611 -0.4297503252
vn -0.286949857 -0.9397670778 -0.185735347
vn -0.4524838791 -0.7509131182 -0.4810278871
vn -0.2765263023 -0.8746762838 -0.398088687
vn -0.2765263031 -0.8746762673 -0.3980887226
vn -0.4524838879 -0.7509130965 -0.4810279126
vn -0.4297108755 -0.5397259093 -0.7239091837
vn -0.1892955713 -0.891098953 -0.4124437449
vn -0.3075784895 -0.8635593181 -0.3995757462
vn -0.3481060012 -0.8331487425 -0.429750375
vn -0.1356635278 -0.9163138595 -0.3767815258
vn -0.06410246016 -0.9770355132 -0.2032055132
vn 0.05232472156 -0.9957892345 0.07527233262
vn -0.06410236088 -0.9770355474 -0.2032053802
vn -0.008106826752 -0.9979803653 0.0630037281
vn 0.05232474465 -0.9957892309 0.07527236312
vn -0.135663615 -0.9163138735 -0.3767814603
vn -0.2765262602 -0.8746763244 -0.398088627
vn -0.2746545032 -0.6827601744 -0.6770549816
vn -0.1356635493 -0.9163138394 -0.376781567
vn -0.2746544753 -0.6827601568 -0.6770550107
vn -0.06410247007 -0.9770355101 -0.203205525
vn -0.09444390444 -0.9820345423 -0.1633661736
vn -0.0160196867 -0.9977220476 0.06552927167
vn -0.008106850767 -0.9979803637 0.06300375156
vn -0.06410236739 -0.9770355442 -0.2032053935
vn -0.09444390931 -0.9820345442 -0.1633661592
vn -0.00810683639 -0.9979803665 0.06300370841
vn -0.0081067721 -0.9979803481 0.06300400752
vn -0.02948115042 -0.9995651052 -0.0006799358072
vn -0.02005916695 -0.9997341793 0.01136664401
vn -0.01601965864 -0.9977220421 0.0655293623
vn -0.02988975389 -0.9995492184 0.002821796921
vn -0.02948115418 -0.999565105 -0.0006799470347
vn -0.01601965959 -0.9977220422 0.06552935957
vn -0.02948115042 -0.9995651052 -0.0006799358072
vn -0.0081067721 -0.9979803481 0.06300400752
vn -0.01601964775 -0.9977220428 0.06552935337
vn -0.0003876424578 -0.9999242424 -0.01230281578
vn -0.02988970545 -0.99954922 0.002821756712
vn -0.1012580656 -0.9806769665 -0.167390237
vn -0.09444391362 -0.9820345368 -0.1633662014
vn -0.1784134178 -0.9097459123 -0.3748746823
vn -0.06410236519 -0.977035547 -0.2032053803
vn -0.1765600255 -0.9082557168 -0.3793390439
vn -0.09444390969 -0.9820345426 -0.1633661686
vn -0.1356636426 -0.9163138412 -0.376781529
vn 0.0248615458 -0.9961178382 0.08444617215
vn -0.276526252 -0.8746763322 -0.3980886156
vn -0.1356635178 -0.9163138844 -0.3767814688
vn 0.05232472109 -0.9957892348 0.07527232903
vn 0.02486148478 -0.996117842 0.08444614535
vn -0.01018870432 -0.9998994965 0.009858353682
vn 0.02486149697 -0.9961178326 0.08444625244
vn 0.02601226972 -0.9986404886 0.04517229664
vn 0.02486146223 -0.9961178346 0.08444623948
vn 0.01802078451 -0.9987508718 0.0466041574
vn 0.02601210953 -0.9986404956 0.04517223465
vn 0.02486149309 -0.9961178326 0.0844462533
vn 0.01766079 -0.9985240216 0.0513602444
vn 0.01802084611 -0.9987508693 0.04660418542
vn 0.024861506 -0.996117836 0.08444620984
vn 0.05232477616 -0.9957892189 0.07527250013
vn 0.01766079146 -0.998524022 0.05136023755
vn 0.05232477616 -0.9957892189 0.07527250013
vn 0.03629874801 -0.9990907964 0.02236026438
vn 0.01766079146 -0.998524022 0.05136023755
vn 0.05232479332 -0.9957892183 0.07527249653
vn -0.01576411015 -0.9998621835 0.005206419065
vn 0.03629887028 -0.9990907925 0.02236023909
vn 0.05232479332 -0.9957892183 0.07527249653
vn -0.008106714028 -0.9979803472 0.06300402983
vn -0.01576411015 -0.9998621835 0.005206419065
vn -0.008106762794 -0.9979803508 0.06300396626
vn -0.02005916147 -0.9997341797 0.01136661899
vn -0.01576416934 -0.999862183 0.005206341152
vn -0.06410249763 -0.9770354977 -0.203205576
vn -0.2746544844 -0.6827601359 -0.6770550281
vn -0.1926671645 -0.9033581785 -0.3831753712
vn -0.06410242286 -0.9770355546 -0.2032053257
vn -0.1926672464 -0.9033580496 -0.383175634
vn -0.1765600542 -0.9082557219 -0.3793390184
vn -0.09444390074 -0.9820345432 -0.1633661701
vn -0.1765600425 -0.9082557144 -0.3793390418
vn -0.1784134122 -0.9097459191 -0.3748746685
vn -0.1012580661 -0.9806769661 -0.1673902391
vn -0.1784134172 -0.9097459135 -0.3748746796
vn -0.187900502 -0.9045652922 -0.3826944387
vn -0.07873176851 -0.9854580066 -0.1505783047
vn -0.01630601902 -0.9981571679 0.05844982327
vn -0.09689243231 -0.9840837687 -0.1489664149
vn -0.07873176092 -0.985458009 -0.1505782929
vn -0.07225649582 -0.9865053593 -0.146922343
vn -0.02211298589 -0.9997186438 -0.008581900685
vn -0.078731757 -0.9854580122 -0.1505782744
vn -0.02211298043 -0.9997186442 -0.008581875605
vn -0.0163060116 -0.9981571669 0.0584498425
vn -0.05034226983 -0.9925202275 -0.1112171474
vn -0.04443774692 -0.9946345068 -0.09342100677
vn -0.04099869153 -0.9955180918 -0.08522227515
vn -0.06862759783 -0.9900754745 -0.1226409704
vn -0.04099869085 -0.9955180931 -0.08522226082
vn -0.03685076721 -0.9980784995 -0.04981294796
vn -0.02211290647 -0.9997186471 -0.008581723707
vn -0.03685079909 -0.9980784953 -0.04981300828
vn -0.04732767559 -0.9964536607 -0.06957149754
vn -0.03685078223 -0.9980784967 -0.04981299397
vn -0.04099867497 -0.9955180979 -0.08522221193
vn -0.04232407361 -0.9967550252 -0.06846964716
vn -0.03685075465 -0.9980784984 -0.04981297883
vn -0.04232408109 -0.9967550246 -0.06846965123
vn -0.04732766369 -0.9964536618 -0.0695714894
vn -0.06862760559 -0.9900754689 -0.1226410112
vn -0.03685076089 -0.9980785014 -0.04981291518
vn -0.0722564934 -0.9865053617 -0.1469223283
vn -0.06862760342 -0.9900754727 -0.1226409816
vn -0.05034226475 -0.9925202275 -0.1112171495
vn -0.04099869691 -0.9955180918 -0.08522227291
vn -0.07225650181 -0.9865053569 -0.1469223564
vn -0.03685076818 -0.9980784999 -0.04981293929
vn -0.02211296581 -0.9997186447 -0.008581855793
vn -0.04443773907 -0.9946345087 -0.09342099003
vn -0.06558525853 -0.9894954591 -0.1288305485
vn -0.04272166617 -0.995180332 -0.08826644929
vn -0.04099867497 -0.9955180979 -0.08522221193
vn -0.04161510331 -0.9953256898 -0.08714903593
vn -0.04232407361 -0.9967550252 -0.06846964716
vn -0.04099867023 -0.9955180971 -0.08522222296
vn -0.04272165785 -0.9951803345 -0.08826642472
vn -0.04157372324 -0.9953537628 -0.08684763965
vn -0.04099867738 -0.9955180951 -0.0852222434
vn -0.04157372212 -0.9953537631 -0.08684763646
vn -0.04161510276 -0.9953256904 -0.08714902873
vn -0.04443773907 -0.9946345087 -0.09342099003
vn -0.04272166617 -0.995180332 -0.08826644929
vn -0.04099867851 -0.9955180947 -0.08522224742
vn -0.1012580945 -0.9806769586 -0.1673902662
vn -0.09060050313 -0.9808216704 -0.1725699848
vn 0.02877674147 -0.9973989366 0.06608525132
vn -0.09060051684 -0.9808216694 -0.1725699835
vn 0.006818673114 -0.9962839082 0.0858596529
vn 0.02877676744 -0.997398936 0.06608524886
vn -0.09060051376 -0.9808216702 -0.1725699802
vn -0.09689244271 -0.9840837734 -0.1489663768
vn 0.006818668821 -0.9962839086 0.08585964838
vn -0.09689246758 -0.9840837601 -0.1489664489
vn -0.01630600366 -0.9981571673 0.05844983832
vn 0.00681866922 -0.9962839085 0.08585964951
vn 0.02877674854 -0.9973989318 0.06608532041
vn -0.0003876424578 -0.9999242424 -0.01230281578
vn -0.01601964775 -0.9977220428 0.06552935337
vn -0.02211291007 -0.9997186469 -0.00858173566
vn -0.04047424201 -0.9981694137 -0.04494059722
vn -0.04006625441 -0.9982512454 -0.04346430975
vn 0.006818644753 -0.9962839144 0.08585958246
vn -0.01630601577 -0.998157169 0.05844980517
vn -0.02797682944 -0.9995917294 0.005802718822
vn -0.01630601146 -0.9981571695 0.05844979917
vn -0.03708697161 -0.9992713083 0.009022687604
vn -0.02797681066 -0.9995917301 0.005802693811
vn -0.01630602102 -0.9981571683 0.05844981646
vn -0.04006625175 -0.9982512499 -0.0434642104
vn -0.03708700215 -0.9992713067 0.009022742414
vn -0.01630602102 -0.9981571683 0.05844981646
vn -0.02211290812 -0.9997186475 -0.008581673526
vn -0.04006625175 -0.9982512499 -0.0434642104
vn -0.02211290647 -0.9997186471 -0.008581723707
vn -0.04732767559 -0.9964536607 -0.06957149754
vn -0.0404742394 -0.9981694142 -0.04494058842
vn -0.0906005141 -0.9808216685 -0.1725699901
vn -0.2148867674 -0.9037842875 -0.3701319209
vn -0.09689244369 -0.9840837709 -0.1489663927
vn -0.07873177908 -0.9854580071 -0.1505782956
vn -0.09689241829 -0.9840837679 -0.1489664294
vn -0.2084965786 -0.9236749247 -0.3214868741
vn -0.07873176791 -0.9854580097 -0.1505782848
vn -0.1687994819 -0.9539953709 -0.2477893606
vn -0.07225650041 -0.9865053599 -0.1469223369
vn -0.06862763376 -0.9900754652 -0.1226410252
vn -0.07225650114 -0.9865053605 -0.1469223323
vn -0.168799483 -0.9539953723 -0.2477893545
vn -0.06862764312 -0.9900754631 -0.1226410371
vn -0.1687994983 -0.9539953643 -0.2477893748
vn -0.1391754241 -0.9729464345 -0.1844056316
vn -0.09060051977 -0.9808216688 -0.1725699852
vn -0.1879004992 -0.9045653074 -0.3826944042
vn -0.214886776 -0.9037842886 -0.3701319131
vn -0.09689241144 -0.9840837835 -0.1489663309
vn -0.21488675 -0.9037843055 -0.370131887
vn -0.2084965814 -0.9236749014 -0.3214869392
vn -0.07873179952 -0.9854579985 -0.1505783418
vn -0.2084965999 -0.9236749028 -0.3214869232
vn -0.1687994239 -0.9539954084 -0.2477892558
vn -0.06862762602 -0.9900754694 -0.1226409956
vn -0.1391754067 -0.972946445 -0.1844055894
vn -0.05034223026 -0.9925202317 -0.1112171281
vn -0.05034224816 -0.9925202281 -0.1112171522
vn -0.1086388845 -0.9872398905 -0.1164259047
vn -0.04443774704 -0.9946345068 -0.09342100675
vn -0.05034223022 -0.9925202312 -0.1112171326
vn -0.1391754073 -0.972946444 -0.1844055942
vn -0.1288705843 -0.9817717826 -0.1397016082
vn -0.05034222343 -0.9925202306 -0.1112171406
vn -0.1288705915 -0.9817717829 -0.1397015996
vn -0.1086389056 -0.9872398871 -0.1164259146
vn 0.006818644753 -0.9962839144 0.08585958246
vn -0.02797682944 -0.9995917294 0.005802718822
vn -0.01175993483 -0.9997475957 0.0191428543
vn 0.02877675001 -0.9973989333 0.06608529766
vn 0.01024933089 -0.9999114052 -0.008493114006
vn -0.0003876418708 -0.9999242422 -0.01230282659
vn 0.02877678879 -0.9973989317 0.06608530412
vn 0.008856462371 -0.9999255766 -0.008390725275
vn 0.01024927948 -0.9999114056 -0.008493123087
vn 0.02877678879 -0.9973989317 0.06608530412
vn -0.005415536024 -0.9999365901 0.00987358652
vn 0.008856462371 -0.9999255766 -0.008390725275
vn 0.006818645192 -0.9962839145 0.08585958139
vn -0.005415536024 -0.9999365901 0.00987358652
vn 0.02877678879 -0.9973989317 0.06608530412
vn 0.006818644792 -0.9962839145 0.08585958226
vn -0.0117599325 -0.9997475963 0.0191428211
vn -0.00541553245 -0.9999365902 0.009873577556
vn -0.1012580785 -0.9806769645 -0.1673902409
vn -0.1879004748 -0.9045652996 -0.3826944346
vn -0.09060051095 -0.9808216676 -0.172569997
vn -0.1084868164 0.9897599798 -0.09276741367
vn -0.06360645176 0.9951885215 -0.07452533815
vn -0.1120315418 0.98448379 -0.135057769
vn -0.1084868113 0.9897599845 -0.09276736978
vn -0.1086388892 0.9872398887 -0.1164259158
vn -0.04443775009 0.994634506 -0.093421014
vn -0.1084868056 0.9897599819 -0.09276740395
vn -0.07647035771 0.9961859135 -0.04202273346
vn -0.06360646044 0.9951885204 -0.07452534543
vn -0.1084868315 0.9897599835 -0.09276735653
vn -0.04443773627 0.9946345058 -0.09342102298
vn -0.07647037161 0.9961859135 -0.04202270783
vn -0.274654532 0.6827601022 -0.6770550427
vn -0.4297107941 0.539726234 -0.72390899
vn -0.2765262301 0.8746763586 -0.3980885727
vn -0.1693480715 0.3733213101 -0.9121142637
vn -0.1669916595 0.3826922408 -0.9086585907
vn -0.1728879333 0.3902462824 -0.904332683
vn -0.1693480924 0.3733211848 -0.9121143112
vn -0.07274035228 0.4386984992 -0.8956854738
vn -0.07495630902 0.5396815871 -0.8385256921
vn -0.1693480588 0.3733212278 -0.9121142998
vn -0.07495633586 0.5396815384 -0.838525721
vn -0.1669916551 0.3826922084 -0.9086586052
vn -0.1693480623 0.3733213271 -0.9121142585
vn -0.1728879589 0.3902461839 -0.9043327206
vn -0.2571271789 0.7674097641 -0.5873396528
vn -0.1693480623 0.3733213271 -0.9121142585
vn -0.2571271789 0.7674097641 -0.5873396528
vn -0.291797392 0.7793768988 -0.5544600361
vn -0.3075784695 0.863559399 -0.3995755867
vn -0.291797331 0.7793768789 -0.5544600962
vn -0.1892955643 0.8910989824 -0.4124436846
vn -0.2917973434 0.7793768786 -0.55446009
vn -0.2571270947 0.7674097253 -0.5873397404
vn -0.2098736478 0.8467332044 -0.4888721024
vn -0.2917973434 0.7793768786 -0.55446009
vn -0.2098736478 0.8467332044 -0.4888721024
vn -0.1892955601 0.8910989812 -0.412443689
vn -0.3481060012 0.8331487425 -0.429750375
vn -0.3075784895 0.8635593181 -0.3995757462
vn -0.1892955713 0.891098953 -0.4124437449
vn -0.3481060181 0.8331487611 -0.4297503252
vn -0.1892955846 0.8910989675 -0.4124437074
vn -0.2807839067 0.8974771834 -0.3401398288
vn -0.4297108755 0.5397259093 -0.7239091837
vn -0.4524838879 0.7509130965 -0.4810279126
vn -0.2765263031 0.8746762673 -0.3980887226
vn -0.4524838791 0.7509131182 -0.4810278871
vn -0.286949857 0.9397670778 -0.185735347
vn -0.2765263023 0.8746762838 -0.398088687
vn -0.07495633586 0.5396815384 -0.838525721
vn -0.05314074398 0.6170849171 -0.7851001633
vn -0.1669916551 0.3826922084 -0.9086586052
vn -0.07495633586 0.5396815384 -0.838525721
vn -0.04974162116 0.6185276389 -0.784187051
vn -0.05314074398 0.6170849171 -0.7851001633
vn -0.0497416209 0.6185276333 -0.7841870555
vn -0.04851785039 0.6246925393 -0.7793620786
vn -0.05314073771 0.6170850135 -0.7851000879
vn -0.2869497961 0.9397671241 -0.1857352069
vn -0.3032569741 0.9069024019 -0.2925119504
vn -0.05222620332 0.997901447 -0.03827696025
vn -0.1892955606 0.8910989795 -0.4124436924
vn -0.1698173817 0.891462649 -0.4200671402
vn -0.151616021 0.914651192 -0.374734278
vn -0.1892955586 0.8910989826 -0.4124436867
vn -0.2098736331 0.8467332218 -0.4888720785
vn -0.1804475462 0.8851431725 -0.4289058723
vn -0.1892955669 0.8910989706 -0.4124437088
vn -0.1516160335 0.9146511745 -0.3747343158
vn -0.1027922301 0.9553333871 -0.2770773845
vn -0.1892955604 0.8910989682 -0.412443717
vn -0.1804475508 0.8851429956 -0.4289062354
vn -0.1698173793 0.8914627089 -0.4200670141
vn -0.2807839463 0.8974771731 -0.3401398231
vn -0.1892955669 0.8910989706 -0.4124437088
vn -0.1027922301 0.9553333871 -0.2770773845
vn -0.2869498456 0.9397670883 -0.1857353113
vn -0.01018891782 0.9998994976 0.009858027541
vn -0.2765262858 0.8746763001 -0.3980886627
vn -0.2869497961 0.9397671241 -0.1857352069
vn -0.05222620332 0.997901447 -0.03827696025
vn -0.01018890546 0.9998994975 0.009858052356
vn -0.2765263214 0.8746763119 -0.3980886119
vn -0.01018884373 0.9998994995 0.009857908667
vn 0.02486147603 0.996117839 0.08444618255
vn -0.01018870432 0.9998994965 0.009858353682
vn -0.008514962669 0.9999623699 -0.00165956668
vn 0.02601226972 0.9986404886 0.04517229664
vn -0.01018918199 0.9998994952 0.009857998334
vn -0.05222649963 0.997901429 -0.03827702712
vn -0.009038492888 0.9999271566 -0.007999191833
vn -0.01018867865 0.9998994978 0.009858252284
vn -0.009038551383 0.9999271559 -0.007999214544
vn -0.00851492035 0.99996237 -0.001659733858
vn -0.1926671645 0.9033581785 -0.3831753712
vn -0.2746544844 0.6827601359 -0.6770550281
vn -0.06410249763 0.9770354977 -0.203205576
vn -0.1926672464 0.9033580496 -0.383175634
vn -0.06410242286 0.9770355546 -0.2032053257
vn -0.1765600542 0.9082557219 -0.3793390184
vn -0.1784134122 0.9097459191 -0.3748746685
vn -0.1765600425 0.9082557144 -0.3793390418
vn -0.09444390074 0.9820345432 -0.1633661701
vn -0.187900502 0.9045652922 -0.3826944387
vn -0.1784134172 0.9097459135 -0.3748746796
vn -0.1012580661 0.9806769661 -0.1673902391
vn -0.2746545032 0.6827601744 -0.6770549816
vn -0.2765262602 0.8746763244 -0.398088627
vn -0.135663615 0.9163138735 -0.3767814603
vn -0.2746544753 0.6827601568 -0.6770550107
vn -0.1356635493 0.9163138394 -0.376781567
vn -0.06410247007 0.9770355101 -0.203205525
vn -0.06410236088 0.9770355474 -0.2032053802
vn 0.05232474465 0.9957892309 0.07527236312
vn -0.008106826752 0.9979803653 0.0630037281
vn -0.1356635278 0.9163138595 -0.3767815258
vn 0.05232472156 0.9957892345 0.07527233262
vn -0.06410246016 0.9770355132 -0.2032055132
vn -0.1784134178 0.9097459123 -0.3748746823
vn -0.09444391362 0.9820345368 -0.1633662014
vn -0.1012580656 0.9806769665 -0.167390237
vn -0.06410236519 0.977035547 -0.2032053803
vn -0.09444390969 0.9820345426 -0.1633661686
vn -0.1765600255 0.9082557168 -0.3793390439
vn -0.06410236739 0.9770355442 -0.2032053935
vn -0.00810683639 0.9979803665 0.06300370841
vn -0.09444390931 0.9820345442 -0.1633661592
vn -0.0081067721 0.9979803481 0.06300400752
vn -0.02005916695 0.9997341793 0.01136664401
vn -0.02948115042 0.9995651052 -0.0006799358072
vn -0.09444390444 0.9820345423 -0.1633661736
vn -0.008106850767 0.9979803637 0.06300375156
vn -0.0160196867 0.9977220476 0.06552927167
vn -0.01601965959 0.9977220422 0.06552935957
vn -0.0081067721 0.9979803481 0.06300400752
vn -0.02948115042 0.9995651052 -0.0006799358072
vn -0.01601965864 0.9977220421 0.0655293623
vn -0.02948115418 0.999565105 -0.0006799470347
vn -0.02988975389 0.9995492184 0.002821796921
vn -0.01601964775 0.9977220428 0.06552935337
vn -0.02988970545 0.99954922 0.002821756712
vn -0.0003876424578 0.9999242424 -0.01230281578
vn 0.02486146223 0.9961178346 0.08444623948
vn 0.02601210953 0.9986404956 0.04517223465
vn 0.01802078451 0.9987508718 0.0466041574
vn 0.02486149309 0.9961178326 0.0844462533
vn 0.01802084611 0.9987508693 0.04660418542
vn 0.01766079 0.9985240216 0.0513602444
vn 0.024861506 0.996117836 0.08444620984
vn 0.01766079146 0.998524022 0.05136023755
vn 0.05232477616 0.9957892189 0.07527250013
vn -0.1356636426 0.9163138412 -0.376781529
vn -0.276526252 0.8746763322 -0.3980886156
vn 0.0248615458 0.9961178382 0.08444617215
vn -0.1356635178 0.9163138844 -0.3767814688
vn 0.02486148478 0.996117842 0.08444614535
vn 0.05232472109 0.9957892348 0.07527232903
vn -0.01018870432 0.9998994965 0.009858353682
vn 0.02601226972 0.9986404886 0.04517229664
vn 0.02486149697 0.9961178326 0.08444625244
vn 0.05232477616 0.9957892189 0.07527250013
vn 0.01766079146 0.998524022 0.05136023755
vn 0.03629874801 0.9990907964 0.02236026438
vn 0.05232479332 0.9957892183 0.07527249653
vn 0.03629887028 0.9990907925 0.02236023909
vn -0.01576411015 0.9998621835 0.005206419065
vn -0.008106762794 0.9979803508 0.06300396626
vn -0.01576416934 0.999862183 0.005206341152
vn -0.02005916147 0.9997341797 0.01136661899
vn -0.008106714028 0.9979803472 0.06300402983
vn 0.05232479332 0.9957892183 0.07527249653
vn -0.01576411015 0.9998621835 0.005206419065
vn -0.1012580758 0.9806769598 -0.1673902703
vn -0.09444390526 0.9820345421 -0.1633661742
vn -0.01601968457 0.9977220475 0.06552927313
vn -0.1012580891 0.9806769586 -0.1673902696
vn -0.01601967139 0.9977220477 0.06552927262
vn 0.0287767306 0.9973989365 0.06608525779
vn -0.1391754241 0.9729464345 -0.1844056316
vn -0.1687994983 0.9539953643 -0.2477893748
vn -0.06862764312 0.9900754631 -0.1226410371
vn -0.214886776 0.9037842886 -0.3701319131
vn -0.1879004992 0.9045653074 -0.3826944042
vn -0.09060051977 0.9808216688 -0.1725699852
vn -0.2084965814 0.9236749014 -0.3214869392
vn -0.21488675 0.9037843055 -0.370131887
vn -0.09689241144 0.9840837835 -0.1489663309
vn -0.1687994239 0.9539954084 -0.2477892558
vn -0.2084965999 0.9236749028 -0.3214869232
vn -0.07873179952 0.9854579985 -0.1505783418
vn -0.2148867674 0.9037842875 -0.3701319209
vn -0.0906005141 0.9808216685 -0.1725699901
vn -0.09689244369 0.9840837709 -0.1489663927
vn -0.2084965786 0.9236749247 -0.3214868741
vn -0.09689241829 0.9840837679 -0.1489664294
vn -0.07873177908 0.9854580071 -0.1505782956
vn -0.1687994819 0.9539953709 -0.2477893606
vn -0.07873176791 0.9854580097 -0.1505782848
vn -0.07225650041 0.9865053599 -0.1469223369
vn -0.168799483 0.9539953723 -0.2477893545
vn -0.07225650114 0.9865053605 -0.1469223323
vn -0.06862763376 0.9900754652 -0.1226410252
vn -0.1288705843 0.9817717826 -0.1397016082
vn -0.1391754073 0.972946444 -0.1844055942
vn -0.05034223022 0.9925202312 -0.1112171326
vn -0.1288705915 0.9817717829 -0.1397015996
vn -0.05034222343 0.9925202306 -0.1112171406
vn -0.1086389056 0.9872398871 -0.1164259146
vn -0.1391754067 0.972946445 -0.1844055894
vn -0.06862762602 0.9900754694 -0.1226409956
vn -0.05034223026 0.9925202317 -0.1112171281
vn -0.1086388845 0.9872398905 -0.1164259047
vn -0.05034224816 0.9925202281 -0.1112171522
vn -0.04443774704 0.9946345068 -0.09342100675
vn -0.1879004748 0.9045652996 -0.3826944346
vn -0.1012580785 0.9806769645 -0.1673902409
vn -0.09060051095 0.9808216676 -0.172569997
vn 0.006818644753 0.9962839144 0.08585958246
vn -0.01175993483 0.9997475957 0.0191428543
vn -0.02797682944 0.9995917294 0.005802718822
vn 0.02877675001 0.9973989333 0.06608529766
vn -0.0003876418708 0.9999242422 -0.01230282659
vn 0.01024933089 0.9999114052 -0.008493114006
vn 0.02877678879 0.9973989317 0.06608530412
vn 0.01024927948 0.9999114056 -0.008493123087
vn 0.008856462371 0.9999255766 -0.008390725275
vn 0.02877678879 0.9973989317 0.06608530412
vn 0.008856462371 0.9999255766 -0.008390725275
vn -0.005415536024 0.9999365901 0.00987358652
vn 0.006818645192 0.9962839145 0.08585958139
vn 0.02877678879 0.9973989317 0.06608530412
vn -0.005415536024 0.9999365901 0.00987358652
vn 0.006818644792 0.9962839145 0.08585958226
vn -0.00541553245 0.9999365902 0.009873577556
vn -0.0117599325 0.9997475963 0.0191428211
vn -0.07873176851 0.9854580066 -0.1505783047
vn -0.09689243231 0.9840837687 -0.1489664149
vn -0.01630601902 0.9981571679 0.05844982327
vn -0.07873176092 0.985458009 -0.1505782929
vn -0.02211298589 0.9997186438 -0.008581900685
vn -0.07225649582 0.9865053593 -0.146922343
vn -0.078731757 0.9854580122 -0.1505782744
vn -0.0163060116 0.9981571669 0.0584498425
vn -0.02211298043 0.9997186442 -0.008581875605
vn -0.05034226983 0.9925202275 -0.1112171474
vn -0.04099869153 0.9955180918 -0.08522227515
vn -0.04443774692 0.9946345068 -0.09342100677
vn -0.06862760559 0.9900754689 -0.1226410112
vn -0.0722564934 0.9865053617 -0.1469223283
vn -0.03685076089 0.9980785014 -0.04981291518
vn -0.06862760342 0.9900754727 -0.1226409816
vn -0.04099869691 0.9955180918 -0.08522227291
vn -0.05034226475 0.9925202275 -0.1112171495
vn -0.07225650181 0.9865053569 -0.1469223564
vn -0.02211296581 0.9997186447 -0.008581855793
vn -0.03685076818 0.9980784999 -0.04981293929
vn -0.06862759783 0.9900754745 -0.1226409704
vn -0.03685076721 0.9980784995 -0.04981294796
vn -0.04099869085 0.9955180931 -0.08522226082
vn -0.02211290647 0.9997186471 -0.008581723707
vn -0.04732767559 0.9964536607 -0.06957149754
vn -0.03685079909 0.9980784953 -0.04981300828
vn -0.03685078223 0.9980784967 -0.04981299397
vn -0.04232407361 0.9967550252 -0.06846964716
vn -0.04161510331 0.9953256898 -0.08714903593
vn -0.03685075465 0.9980784984 -0.04981297883
vn -0.04732766369 0.9964536618 -0.0695714894
vn -0.04232408109 0.9967550246 -0.06846965123
vn -0.04443773907 0.9946345087 -0.09342099003
vn -0.04099867851 0.9955180947 -0.08522224742
vn -0.04272166617 0.995180332 -0.08826644929
vn -0.04443773907 0.9946345087 -0.09342099003
vn -0.04272166617 0.995180332 -0.08826644929
vn -0.06558525853 0.9894954591 -0.1288305485
vn -0.03685078223 0.9980784967 -0.04981299397
vn -0.04161510331 0.9953256898 -0.08714903593
vn -0.04099867497 0.9955180979 -0.08522221193
vn -0.04099867023 0.9955180971 -0.08522222296
vn -0.04157372324 0.9953537628 -0.08684763965
vn -0.04272165785 0.9951803345 -0.08826642472
vn -0.04099867738 0.9955180951 -0.0852222434
vn -0.04161510276 0.9953256904 -0.08714902873
vn -0.04157372212 0.9953537631 -0.08684763646
vn -0.1012580945 0.9806769586 -0.1673902662
vn 0.02877674147 0.9973989366 0.06608525132
vn -0.09060050313 0.9808216704 -0.1725699848
vn -0.09060051684 0.9808216694 -0.1725699835
vn 0.02877676744 0.997398936 0.06608524886
vn 0.006818673114 0.9962839082 0.0858596529
vn -0.09060051376 0.9808216702 -0.1725699802
vn 0.006818668821 0.9962839086 0.08585964838
vn -0.09689244271 0.9840837734 -0.1489663768
vn -0.09689246758 0.9840837601 -0.1489664489
vn 0.00681866922 0.9962839085 0.08585964951
vn -0.01630600366 0.9981571673 0.05844983832
vn 0.02877674854 0.9973989318 0.06608532041
vn -0.01601964775 0.9977220428 0.06552935337
vn -0.0003876424578 0.9999242424 -0.01230281578
vn 0.006818644753 0.9962839144 0.08585958246
vn -0.02797682944 0.9995917294 0.005802718822
vn -0.01630601577 0.998157169 0.05844980517
vn -0.01630601146 0.9981571695 0.05844979917
vn -0.02797681066 0.9995917301 0.005802693811
vn -0.03708697161 0.9992713083 0.009022687604
vn -0.01630602102 0.9981571683 0.05844981646
vn -0.03708700215 0.9992713067 0.009022742414
vn -0.04006625175 0.9982512499 -0.0434642104
vn -0.01630602102 0.9981571683 0.05844981646
vn -0.04006625175 0.9982512499 -0.0434642104
vn -0.02211290812 0.9997186475 -0.008581673526
vn -0.02211291007 0.9997186469 -0.00858173566
vn -0.04006625441 0.9982512454 -0.04346430975
vn -0.04047424201 0.9981694137 -0.04494059722
vn -0.02211290647 0.9997186471 -0.008581723707
vn -0.0404742394 0.9981694142 -0.04494058842
vn -0.04732767559 0.9964536607 -0.06957149754
vn -0.1512565795 -0.9836072847 -0.09817411392
vn -0.03616767339 -0.9989461968 0.02825589117
vn -0.1144371253 -0.9913691254 -0.0639640648
vn -0.058046885 -0.9899728617 -0.1287800149
vn 0.01368527789 -0.9862395769 -0.1647550003
vn 0.01898152823 -0.9938669746 -0.1089409862
vn 0.01368523543 -0.9862395812 -0.1647549782
vn 0.01681712847 -0.9859180774 -0.1663812754
vn 0.01898154871 -0.993866973 -0.1089409967
vn -0.1537879101 -0.9739494568 -0.1666485352
vn -0.004245129729 -0.9987047637 -0.05070279861
vn -0.1512565555 -0.9836072885 -0.09817411243
vn -0.1537879241 -0.9739494539 -0.1666485395
vn -0.003006408759 -0.9920647668 -0.1256919246
vn -0.004245116406 -0.998704764 -0.05070279449
vn -0.003006418545 -0.9920647668 -0.1256919247
vn -0.03549793568 -0.9993653664 -0.002959903661
vn -0.004245099702 -0.9987047641 -0.05070279383
vn -0.003006444318 -0.9920647704 -0.1256918958
vn -0.05770034458 -0.9964764708 -0.06087128486
vn -0.03549793592 -0.9993653664 -0.002959903062
vn -0.1512565698 -0.9836072859 -0.09817411666
vn -0.004245105151 -0.9987047642 -0.05070279089
vn -0.03616771434 -0.9989461949 0.02825590286
vn -0.03616767446 -0.9989461964 0.02825590221
vn -0.004245085582 -0.9987047643 -0.05070279105
vn -0.03549793629 -0.9993653664 -0.00295990344
vn -0.03616767296 -0.9989461965 0.02825589986
vn -0.03549793375 -0.9993653664 -0.002959907458
vn -0.0103698466 -0.9998909746 -0.01051214908
vn -0.05770035058 -0.9964764708 -0.06087127916
vn 0.009343203413 -0.9997896688 -0.01825712755
vn -0.03549793308 -0.9993653665 -0.002959905753
vn -0.05770033203 -0.9964764711 -0.06087129229
vn 0.01898153241 -0.9938669743 -0.1089409877
vn 0.009343179931 -0.9997896693 -0.01825711094
vn -0.03549793378 -0.9993653664 -0.002959905418
vn 0.01491065387 -0.9993844681 0.03175464147
vn -0.01036984668 -0.9998909746 -0.01051214216
vn -0.03549793344 -0.9993653665 -0.002959906086
vn 0.009343196873 -0.9997896687 -0.01825713407
vn 0.01491066472 -0.9993844687 0.03175461929
vn -0.05804688058 -0.9899728627 -0.1287800091
vn 0.01898152624 -0.9938669743 -0.1089409885
vn -0.057700339 -0.9964764706 -0.06087129336
vn -0.1144371346 -0.9913691226 -0.0639640914
vn -0.0361676816 -0.9989461971 0.02825586795
vn -0.01356918676 -0.9998019015 -0.01456141622
vn -0.104533484 -0.9933792041 -0.04764984333
vn -0.01356917385 -0.9998019017 -0.01456141526
vn -0.0286725158 -0.9993134553 -0.02346284244
vn -0.07647035634 -0.996185913 -0.04202274728
vn -0.06360645875 -0.9951885192 -0.07452536259
vn -0.03473198435 -0.9973217806 -0.06436579263
vn -0.08649079149 -0.9946699317 -0.05613439116
vn -0.02867251695 -0.9993134551 -0.02346284779
vn -0.02396655865 -0.99954449 -0.01834166253
vn -0.02867251034 -0.9993134555 -0.02346283797
vn 0.003927950383 -0.9988082246 -0.04864875726
vn -0.0239665766 -0.9995444891 -0.01834168927
vn -0.06360645869 -0.9951885195 -0.0745253591
vn -0.02396657272 -0.9995444896 -0.01834166387
vn -0.03473198448 -0.9973217803 -0.06436579667
vn -0.02396658098 -0.9995444887 -0.01834170292
vn 0.003927956735 -0.9988082256 -0.04864873733
vn -0.03473197847 -0.9973217824 -0.06436576817
vn -0.03616766899 -0.9989461972 0.02825587943
vn -0.007269017228 -0.9997581903 0.02075384865
vn -0.01356916917 -0.999801902 -0.01456140009
vn -0.03616767748 -0.9989461962 0.02825590688
vn -0.0103698333 -0.9998909745 -0.01051216969
vn -0.007269017672 -0.9997581903 0.02075385008
vn -0.01356916149 -0.9998019019 -0.01456141195
vn 0.01973990481 -0.9998037789 0.00165524791
vn -0.02867250487 -0.9993134556 -0.02346283951
vn -0.01356916868 -0.9998019019 -0.01456140974
vn -0.007269017024 -0.9997581904 0.02075384462
vn 0.01973991902 -0.9998037786 0.001655243622
vn -0.01036983328 -0.9998909745 -0.01051216633
vn 0.02412200555 -0.9976720637 0.06378543776
vn -0.007269017803 -0.9997581906 0.02075383606
vn -0.01036983424 -0.9998909746 -0.01051216175
vn 0.01491066431 -0.9993844685 0.03175462492
vn 0.02412200585 -0.9976720638 0.06378543638
vn -0.007269015661 -0.9997581904 0.02075384528
vn 0.02412200078 -0.9976720652 0.06378541725
vn 0.01525520582 -0.9991824714 0.03743885058
vn -0.02867250395 -0.999313456 -0.0234628237
vn 0.01973990422 -0.9998037789 0.001655237946
vn 0.003927964425 -0.9988082261 -0.04864872597
vn -0.007269015304 -0.9997581904 0.02075384546
vn 0.01525520686 -0.9991824714 0.03743885093
vn 0.01973992025 -0.9998037786 0.001655244187
vn 0.01973990877 -0.9998037788 0.001655248706
vn 0.01304787115 -0.9912390314 -0.1314341498
vn 0.003927956544 -0.9988082252 -0.04864874457
vn -0.1477259049 -0.9781866635 -0.1460407762
vn -0.1537879167 -0.9739494492 -0.1666485737
vn -0.3089170586 -0.9036516592 -0.296620852
vn -0.1537879131 -0.9739494576 -0.1666485278
vn -0.1512565677 -0.9836072906 -0.09817407255
vn -0.2585248069 -0.92598019 -0.2751828698
vn -0.1512565793 -0.9836072863 -0.09817409844
vn -0.1144371251 -0.9913691242 -0.06396408301
vn -0.2059193494 -0.955281323 -0.2122140795
vn -0.1840882148 -0.9672084934 -0.1749835979
vn -0.3353984452 -0.9025442486 -0.2700402976
vn -0.3659754698 -0.8538795314 -0.37006986
vn -0.147725873 -0.9781866696 -0.1460407677
vn -0.3089171285 -0.90365163 -0.2966208679
vn -0.3353984418 -0.902544276 -0.2700402101
vn -0.1144371131 -0.9913691265 -0.06396406974
vn -0.1648901348 -0.9697493329 -0.1799929855
vn -0.2059193451 -0.955281325 -0.2122140746
vn -0.1537878711 -0.9739494628 -0.1666485364
vn -0.2585248704 -0.9259801741 -0.2751828638
vn -0.308917088 -0.9036516413 -0.2966208759
vn -0.1512565637 -0.9836072912 -0.09817407292
vn -0.2059193777 -0.9552813062 -0.2122141275
vn -0.2585248937 -0.9259801537 -0.2751829105
vn -0.2698706687 -0.9158492135 -0.2973046256
vn 0.03328998936 -0.996994149 -0.06996029925
vn -0.1840883321 -0.9672084568 -0.1749836765
vn -0.1840881938 -0.9672084964 -0.174983603
vn 0.03328975494 -0.9969941477 -0.06996042918
vn 0.01503711258 -0.9997859938 0.01420745744
vn -0.1840881877 -0.967208507 -0.1749835512
vn 0.01503711244 -0.9997859938 0.01420745637
vn -0.02176172461 -0.9988231817 -0.04334373119
vn -0.1840881872 -0.9672085072 -0.1749835506
vn -0.02176159307 -0.9988231907 -0.04334358889
vn -0.1477258494 -0.9781866823 -0.1460407066
vn -0.05804690776 -0.9899728562 -0.1287800466
vn 0.01503692496 -0.999786 0.0142072198
vn -0.03413193711 -0.9898323089 -0.1380833482
vn -0.05804692407 -0.9899728472 -0.1287801091
vn -0.02176159841 -0.9988231905 -0.0433435907
vn 0.01503693472 -0.9997859993 0.01420725869
vn -0.2698707087 -0.9158491695 -0.2973047247
vn -0.2316535862 -0.9079233672 -0.3493018399
vn 0.02950445629 -0.9969727629 -0.07193606313
vn -0.04404968839 -0.9949792697 -0.08986588805
vn -0.0672414935 -0.9815029313 -0.1792500415
vn -0.09201835948 -0.9933950601 -0.06854834814
vn -0.09201838875 -0.9933950759 -0.06854807967
vn -0.122509374 -0.9924494464 0.005962349227
vn -0.07839043253 -0.9952228711 0.05819258491
vn -0.09201820094 -0.9933951248 -0.06854762351
vn -0.125278511 -0.971637301 -0.2005648276
vn -0.1225093318 -0.992449451 0.00596244902
vn -0.04404974333 -0.9949792737 -0.08986581636
vn -0.09201838445 -0.9933950602 -0.06854831368
vn -0.07839043144 -0.9952228597 0.05819278198
vn -0.2698706698 -0.9158492127 -0.297304627
vn 0.02950441614 -0.9969727573 -0.07193615728
vn 0.03328987207 -0.9969941428 -0.06996044303
vn -0.2316534222 -0.9079234389 -0.3493017622
vn -0.0672415362 -0.9815029491 -0.179249928
vn 0.02950456103 -0.996972764 -0.07193600374
vn -0.04404971916 -0.9949792869 -0.0898656829
vn 0.02950453294 -0.9969727635 -0.07193602241
vn -0.06724151454 -0.9815029527 -0.1792499167
vn 0.02950444567 -0.9969727577 -0.07193613937
vn -0.004603526527 -0.9995531328 -0.02953544083
vn 0.03328969198 -0.9969941415 -0.06996054756
vn -0.04404979432 -0.9949792825 -0.08986569483
vn 0.002654022322 -0.9988458281 0.04795798057
vn 0.02950449533 -0.9969727643 -0.07193602695
vn -0.07839037065 -0.9952228501 0.05819302646
vn -0.07458731594 -0.9931112499 0.09037022531
vn 0.002654 -0.998845838 0.04795777602
vn -0.04404978125 -0.9949792791 -0.08986573866
vn -0.07839038387 -0.9952228692 0.0581926836
vn 0.002654008023 -0.9988458258 0.0479580297
vn 0.02950444694 -0.9969727502 -0.07193624272
vn 0.002653954038 -0.998845843 0.04795767368
vn -0.004603529953 -0.9995531399 -0.02953520003
vn 0.002653955748 -0.9988458436 0.04795765991
vn -0.02738292227 -0.9989804498 0.03589201282
vn -0.004603526904 -0.9995531392 -0.02953522448
vn -0.2247750004 -0.811676856 -0.5391260341
vn -0.218182762 -0.7675246674 -0.6027455245
vn -0.06724148096 -0.9815030055 -0.1792496402
vn -0.09201836203 -0.9933950847 -0.06854798809
vn -0.06724149811 -0.9815029757 -0.1792497969
vn -0.1252785033 -0.9716373055 -0.2005648102
vn -0.2181825586 -0.7675243871 -0.602745955
vn -0.08966072076 -0.9583619315 -0.2711150372
vn -0.1252783916 -0.97163738 -0.2005645191
vn -0.2181825693 -0.7675245376 -0.6027457596
vn -0.1252783848 -0.9716374351 -0.2005642567
vn -0.06724147435 -0.9815030016 -0.1792496637
vn -0.2247748883 -0.8116769734 -0.539125904
vn -0.06724157598 -0.9815029772 -0.1792497591
vn -0.2316534653 -0.9079234995 -0.3493015761
vn -0.2698705373 -0.9158492824 -0.2973045326
vn -0.1840882145 -0.9672084952 -0.1749835881
vn -0.4011284273 -0.8116742497 -0.4245949801
vn -0.1840882033 -0.9672085034 -0.1749835548
vn -0.1477258996 -0.9781866729 -0.1460407191
vn -0.3353984214 -0.9025442732 -0.2700402448
vn 0.03328967331 -0.9969941475 -0.06996047053
vn -0.004603495367 -0.9995531292 -0.0295355689
vn 0.01503692094 -0.999785998 0.01420736262
vn -0.004603499883 -0.9995531382 -0.02953526317
vn -0.03413194262 -0.9898323002 -0.1380834092
vn 0.01503692291 -0.9997860004 0.0142071966
vn -0.02651614144 -0.9992835094 0.027006703
vn -0.07458728547 -0.9931112481 0.09037027031
vn -0.1225095464 -0.9924494243 0.005962491242
vn -0.02651623586 -0.9992834876 0.02700741979
vn -0.08966103205 -0.9583616664 -0.2711158715
vn 0.02115120186 -0.9749497344 -0.2214173482
vn -0.02651632025 -0.9992834701 0.02700798118
vn -0.1225095895 -0.9924494168 0.005962856172
vn -0.08966108595 -0.9583617512 -0.2711155537
vn -0.02651628582 -0.9992834907 0.0270072564
vn 0.02115121471 -0.9749497461 -0.2214172956
vn 0.02102533895 -0.9927935652 0.1179782689
vn -0.02651621289 -0.9992835155 0.02700641016
vn 0.02102528994 -0.9927935049 0.1179787852
vn -0.02738294123 -0.9989804548 0.03589185663
vn 0.02115132088 -0.9749496858 -0.2214175508
vn 0.01853497696 -0.9996525651 -0.01874043228
vn 0.02102528109 -0.9927935507 0.1179784013
vn -0.05804689271 -0.989972859 -0.1287800322
vn 0.01157670875 -0.9841450154 -0.1769874811
vn 0.01368528048 -0.9862395778 -0.1647549946
vn -0.05804690252 -0.9899728574 -0.1287800398
vn -0.03413193493 -0.9898323094 -0.1380833453
vn 0.0115767194 -0.9841450168 -0.1769874727
vn 0.01368523592 -0.9862395822 -0.1647549721
vn 0.01157670149 -0.9841450162 -0.1769874773
vn 0.01681712676 -0.9859180738 -0.1663812969
vn -0.08966113379 -0.9583617873 -0.2711154105
vn -0.1225094927 -0.9924494307 0.005962519692
vn -0.1252787461 -0.9716372804 -0.2005647801
vn -0.08632549774 -0.6979045573 -0.7109691536
vn 0.000225506484 -0.783593228 -0.6212741764
vn -0.08966099168 -0.9583618156 -0.2711153574
vn -0.08966092324 -0.9583617422 -0.2711156393
vn 0.0002254879722 -0.7835932741 -0.6212741182
vn 0.02115126404 -0.9749497753 -0.2214171621
vn -0.07839038562 -0.9952228559 0.05819290776
vn -0.1225093485 -0.9924494485 0.005962532118
vn -0.07458731088 -0.9931112467 0.0903702652
vn -0.02651622473 -0.9992835128 0.02700649708
vn -0.02738294966 -0.998980453 0.03589190274
vn -0.07458732597 -0.9931112541 0.09037017132
vn 0.002654036193 -0.9988458433 0.04795766316
vn -0.07458728809 -0.9931112599 0.09037013818
vn -0.02738306798 -0.998980446 0.0358920066
vn -0.02738297318 -0.9989804425 0.03589217442
vn -0.0005599719045 -0.9999651409 0.008330875054
vn 0.01157666014 -0.9841450649 -0.1769872092
vn -0.02738287547 -0.9989804499 0.03589204522
vn 0.02102534777 -0.9927934842 0.1179789497
vn -0.0005599533795 -0.9999651411 0.008330852491
vn -0.2181822524 -0.7675247447 -0.6027456106
vn -0.08632550057 -0.6979045441 -0.7109691662
vn -0.08966100404 -0.9583618021 -0.2711154009
vn 0.000225487116 -0.7835932722 -0.6212741206
vn 0.1005504617 -0.9044266868 -0.4146106279
vn 0.02115129896 -0.9749497763 -0.2214171545
vn 0.02115119639 -0.9749497608 -0.2214172325
vn 0.1005504634 -0.9044266742 -0.414610655
vn 0.01853489333 -0.9996525705 -0.01874022651
vn 0.01853490693 -0.9996525683 -0.01874032717
vn 0.1005504811 -0.9044266034 -0.4146108052
vn 0.1257663646 -0.9066459413 -0.4027107631
vn 0.01853496646 -0.9996525626 -0.01874057543
vn -0.008662971086 -0.9996894933 -0.02336386007
vn 0.02102529481 -0.9927935278 0.1179785919
vn 0.02102528879 -0.9927935001 0.1179788264
vn -0.008662967384 -0.9996894899 -0.02336400473
vn -0.0005599731237 -0.9999651414 0.008330811081
vn -0.02738295266 -0.998980446 0.03589209327
vn 0.01157667225 -0.9841450564 -0.1769872554
vn -0.03413191077 -0.9898322948 -0.1380834561
vn -0.004603497196 -0.9995531395 -0.02953521949
vn -0.02738290242 -0.9989804502 0.03589201541
vn -0.03413194249 -0.9898323005 -0.1380834077
vn -0.0005599723223 -0.9999651409 0.008330876033
vn 0.01681713594 -0.9859180535 -0.1663814164
vn 0.01157668808 -0.9841450475 -0.1769873041
vn -0.1477258845 -0.9781866812 -0.1460406784
vn -0.003006425721 -0.9920647763 -0.1256918491
vn -0.1537879148 -0.9739494485 -0.1666485795
vn -0.147725887 -0.9781866624 -0.1460408016
vn -0.0217616256 -0.9988231865 -0.04334367123
vn -0.003006423525 -0.9920647856 -0.1256917765
vn -0.02176156288 -0.9988231889 -0.04334364619
vn -0.05770034189 -0.9964764758 -0.0608712058
vn -0.003006440576 -0.9920647847 -0.1256917832
vn -0.05804688978 -0.9899728617 -0.1287800124
vn -0.05770033676 -0.9964764708 -0.06087129276
vn -0.02176157091 -0.9988231945 -0.04334351274
vn -0.2698706239 -0.915849236 -0.2973045969
vn -0.4274014023 -0.7137027411 -0.5549382296
vn -0.2316535545 -0.9079233925 -0.3493017952
vn -0.224774719 -0.811677478 -0.539125215
vn -0.2316534933 -0.9079234839 -0.349301598
vn -0.3606603611 -0.5922980244 -0.7204909119
vn -0.2247747277 -0.8116774959 -0.5391251843
vn -0.3606604119 -0.5922980288 -0.7204908829
vn -0.218182442 -0.767525519 -0.6027445559
vn -0.2181823447 -0.7675254949 -0.6027446218
vn -0.2699934877 -0.4927192313 -0.8272431781
vn -0.08632547503 -0.6979042033 -0.7109695038
vn -0.1840882152 -0.9672084939 -0.1749835946
vn -0.3659754472 -0.8538795428 -0.3700698562
vn -0.4011284247 -0.811674246 -0.4245949897
vn -0.2316534719 -0.9079235132 -0.3493015361
vn -0.4274013743 -0.7137028154 -0.5549381555
vn -0.3606603707 -0.5922979822 -0.7204909418
vn -0.2698705284 -0.9158492975 -0.2973044941
vn -0.4011284203 -0.8116742423 -0.424595001
vn -0.4274014238 -0.7137027058 -0.5549382585
vn -0.2181823366 -0.7675254755 -0.6027446495
vn -0.3606603542 -0.5922979762 -0.7204909551
vn -0.2699934598 -0.4927191637 -0.8272432275
vn -0.08632547164 -0.6979041245 -0.7109695816
vn -0.1071831728 -0.4458198771 -0.8886823981
vn 0.0002255035799 -0.7835933819 -0.6212739822
vn 0.0002255048625 -0.7835933905 -0.6212739714
vn -0.001000790302 -0.6662617252 -0.7457173137
vn 0.1005504849 -0.9044267861 -0.4146104058
vn 0.100550453 -0.9044266819 -0.4146106408
vn 0.1558768179 -0.7210339882 -0.6751388046
vn 0.125766352 -0.9066459799 -0.4027106801
vn -0.08632549208 -0.6979041303 -0.7109695735
vn -0.2699934838 -0.4927193112 -0.8272431318
vn -0.107183104 -0.4458198433 -0.8886824234
vn 0.0002255077936 -0.7835934004 -0.6212739589
vn -0.1071831501 -0.4458200215 -0.8886823284
vn -0.001000796422 -0.6662616574 -0.7457173743
vn 0.1005505269 -0.9044267317 -0.4146105142
vn -0.001000795699 -0.6662617339 -0.7457173059
vn 0.1558769092 -0.7210340781 -0.6751386875
vn -0.08649080411 -0.9946699312 -0.05613438073
vn -0.06360644942 -0.9951885208 -0.07452534978
vn -0.1120315458 -0.9844837919 -0.1350577515
vn -0.1045335437 -0.993379198 -0.04764983928
vn -0.08649080292 -0.9946699311 -0.05613438556
vn -0.11717546 -0.9871376714 -0.1087618003
vn -0.1144371366 -0.9913691253 -0.06396404532
vn -0.01356918634 -0.9998019014 -0.0145614263
vn -0.1045335087 -0.9933792005 -0.04764986515
vn -0.1045335312 -0.993379199 -0.04764984688
vn -0.02867252638 -0.9993134549 -0.02346284319
vn -0.08649080198 -0.9946699311 -0.05613438602
vn -0.1144371238 -0.9913691246 -0.06396407983
vn -0.104533522 -0.9933792008 -0.04764982897
vn -0.1648901648 -0.9697493229 -0.1799930119
vn -0.08649080425 -0.9946699312 -0.05613438116
vn -0.02396656392 -0.9995444899 -0.01834165826
vn -0.06360644779 -0.9951885207 -0.0745253522
vn -0.1045335804 -0.9933791902 -0.04764992241
vn -0.1171754264 -0.987137684 -0.108761722
vn -0.1648901658 -0.9697493224 -0.1799930137
vn -0.08649079816 -0.9946699317 -0.0561343811
vn -0.1120315483 -0.9844837916 -0.1350577513
vn -0.1171754641 -0.9871376705 -0.1087618041
vn 0.01973991341 -0.9998037788 0.001655213286
vn 0.01525521061 -0.9991824707 0.03743886807
vn 0.01304786848 -0.9912390341 -0.1314341293
vn 0.01681713474 -0.9859180763 -0.1663812817
vn 0.03352534245 -0.9928531597 -0.1145366955
vn 0.01898154173 -0.9938669739 -0.1089409897
vn 0.0189815537 -0.9938669726 -0.108941
vn 0.01776662058 -0.9996398055 -0.02011483008
vn 0.009343200495 -0.9997896689 -0.01825712303
vn 0.009343204923 -0.9997896686 -0.01825713718
vn 0.01776662008 -0.9996398056 -0.02011482845
vn 0.01491066741 -0.9993844687 0.03175461823
vn 0.03352534342 -0.9928531596 -0.1145366963
vn 0.01776662203 -0.9996398055 -0.02011482964
vn 0.01898155428 -0.9938669726 -0.1089409998
vn 0.03352534415 -0.9928531604 -0.1145366892
vn 0.02828490007 -0.9960525492 -0.08413847895
vn 0.01776662105 -0.9996398053 -0.02011483918
vn 0.03352534261 -0.9928531603 -0.1145366903
vn 0.05630659572 -0.9853152198 -0.1611939355
vn 0.02828489123 -0.9960525489 -0.08413848564
vn 0.01491067487 -0.9993844689 0.03175460751
vn 0.01776661859 -0.9996398056 -0.02011482632
vn 0.009377584056 -0.9984140633 0.05551053179
vn 0.05630662974 -0.9853152128 -0.1611939665
vn 0.1951535487 -0.9449311014 -0.2627171597
vn 0.02828480625 -0.9960525578 -0.08413840825
vn 0.01776662089 -0.9996398054 -0.02011483851
vn 0.02828490128 -0.9960525488 -0.08413848369
vn 0.00937759121 -0.9984140653 0.05551049422
vn 0.02828490588 -0.9960525479 -0.0841384927
vn 0.003723491782 -0.9998424862 0.01735334135
vn 0.009377589578 -0.9984140652 0.05551049736
vn 0.02828480988 -0.9960525582 -0.0841384032
vn 0.2120432655 -0.9522883092 -0.2195099764
vn 0.003723508311 -0.9998424864 0.01735332614
vn 0.02828480744 -0.9960525577 -0.08413840916
vn 0.195153564 -0.9449310942 -0.2627171742
vn 0.2120432618 -0.9522883094 -0.2195099792
vn 0.01491066774 -0.9993844683 0.03175463059
vn 0.01405358228 -0.9987614368 0.04772933241
vn 0.02412200089 -0.9976720645 0.06378542821
vn 0.01491066904 -0.9993844678 0.03175464607
vn 0.009377578211 -0.9984140612 0.05551057029
vn 0.0140535824 -0.9987614367 0.04772933384
vn 0.009377594347 -0.9984140638 0.05551052034
vn 0.003723488355 -0.9998424865 0.01735332506
vn -0.03434712547 -0.9969982782 0.06938809908
vn -0.003649234073 -0.9995945188 -0.02823970737
vn -0.02116006383 -0.9357905659 -0.3519208269
vn -0.05032605305 -0.9759743678 -0.2119936834
vn 0.003723495636 -0.9998424864 0.0173533252
vn 0.2120432419 -0.9522883145 -0.2195099762
vn 0.1710259438 -0.974021877 -0.1484301512
vn 0.003723506561 -0.9998424867 0.01735330984
vn 0.1710259259 -0.9740218839 -0.148430126
vn -0.03434702864 -0.9969982871 0.06938801877
vn -0.03434700704 -0.9969982886 0.06938800745
vn 0.1710259258 -0.974021884 -0.148430126
vn 0.103654851 -0.9899304252 -0.09640241214
vn -0.03434708602 -0.996998277 0.06938813615
vn 0.1036548436 -0.9899304272 -0.0964024
vn -0.02530168067 -0.9995274245 -0.01745716377
vn -0.003649228205 -0.9995945185 -0.02823971862
vn -0.02530166856 -0.9995274246 -0.01745718005
vn -0.0211600667 -0.9357905678 -0.3519208218
vn 0.1001990521 -0.9761813615 -0.1924320646
vn 0.01600772053 -0.8561109161 -0.5165441435
vn -0.021160046 -0.9357906168 -0.3519206926
vn 0.01600772053 -0.8561109161 -0.5165441435
vn 0.09821564268 -0.9713016498 -0.2166259281
vn 0.01920451012 -0.8523059798 -0.5226908298
vn 0.1036548364 -0.989930428 -0.09640239937
vn 0.1001990722 -0.9761813935 -0.1924318916
vn -0.02530168221 -0.9995274245 -0.01745716359
vn -0.02530167831 -0.9995274243 -0.01745718032
vn 0.100199086 -0.9761813811 -0.1924319474
vn -0.02116009036 -0.9357905668 -0.3519208231
vn 0.1001990521 -0.9761813615 -0.1924320646
vn 0.09821564268 -0.9713016498 -0.2166259281
vn 0.01600772053 -0.8561109161 -0.5165441435
vn 0.1001990425 -0.9761813776 -0.1924319879
vn 0.1119827408 -0.972207076 -0.2056046379
vn 0.09821561321 -0.9713017043 -0.216625697
vn -0.008663140564 -0.9996894932 -0.02336380058
vn 0.1739306928 -0.9412032282 -0.2896283781
vn 0.01120777842 -0.9987830974 -0.04802822148
vn 0.01681713231 -0.9859180803 -0.1663812578
vn 0.01120780937 -0.9987830926 -0.04802831369
vn 0.03352534495 -0.9928531568 -0.1145367201
vn 0.03352533947 -0.9928531614 -0.114536682
vn 0.01120779849 -0.9987830964 -0.04802823834
vn 0.05630662628 -0.985315205 -0.1611940153
vn 0.05630664224 -0.9853152012 -0.1611940331
vn 0.01120778101 -0.9987830975 -0.04802821888
vn 0.1489345156 -0.9503553493 -0.2732091142
vn 0.01853486543 -0.9996525676 -0.018740409
vn 0.125766383 -0.9066459542 -0.4027107282
vn -0.008663126663 -0.9996894981 -0.02336359797
vn -0.0005599708161 -0.9999651413 0.008330817384
vn -0.008662969718 -0.9996894897 -0.02336401167
vn 0.011207807 -0.9987830954 -0.04802825656
vn -0.008663146623 -0.9996894977 -0.02336360486
vn 0.1257663742 -0.906645954 -0.4027107314
vn 0.173930696 -0.9412031835 -0.2896285213
vn -0.0005599704791 -0.999965141 0.008330857065
vn 0.01120780737 -0.9987830963 -0.04802823828
vn 0.01681713641 -0.9859180525 -0.166381422
vn 0.1739306929 -0.9412032282 -0.289628378
vn 0.1489345569 -0.9503553218 -0.2732091874
vn 0.01120778074 -0.9987830975 -0.04802821869
vn 0.1489345164 -0.9503553436 -0.2732091335
vn 0.2228708076 -0.9048044651 -0.3628463629
vn 0.195153576 -0.9449310887 -0.2627171853
vn 0.0563066383 -0.9853152111 -0.161193974
vn 0.1489345164 -0.9503553429 -0.2732091361
vn 0.1951535749 -0.9449310898 -0.262717182
vn 0.1257663535 -0.9066459926 -0.4027106509
vn 0.1878969396 -0.8124719801 -0.5518913132
vn 0.1739306483 -0.9412032544 -0.2896283194
vn 0.1739306727 -0.941203236 -0.2896283647
vn 0.2975084793 -0.8175135467 -0.4931128733
vn 0.1489345482 -0.9503553241 -0.273209184
vn 0.125766354 -0.9066459923 -0.4027106514
vn 0.1558768124 -0.7210339984 -0.675138795
vn 0.1878969359 -0.8124719893 -0.551891301
vn 0.1739306804 -0.9412032422 -0.2896283401
vn 0.1878969742 -0.8124719605 -0.5518913303
vn 0.2975084541 -0.8175135299 -0.4931129163
vn 0.1489345347 -0.9503553349 -0.273209154
vn 0.2975084766 -0.8175135524 -0.4931128654
vn 0.2228707923 -0.9048044755 -0.3628463462
vn 0.1951535829 -0.9449310867 -0.2627171872
vn 0.2228708164 -0.904804463 -0.3628463629
vn 0.3259322762 -0.8674262257 -0.3759519841
vn 0.1951535672 -0.9449310917 -0.2627171808
vn 0.3259322656 -0.8674262314 -0.37595198
vn 0.2120432622 -0.9522883095 -0.2195099784
vn 0.2120432691 -0.9522883053 -0.2195099897
vn 0.3259322659 -0.8674262314 -0.3759519799
vn 0.3630563008 -0.860285879 -0.3579082688
vn 0.02412199262 -0.9976720668 0.06378539419
vn 0.01405358343 -0.9987614366 0.04772933714
vn -0.003649233179 -0.9995945198 -0.02823967328
vn 0.009377564679 -0.9984140614 0.0555105686
vn -0.03434715682 -0.9969982735 0.06938815005
vn 0.01405358278 -0.9987614367 0.04772933388
vn 0.01405358213 -0.9987614366 0.0477293376
vn -0.034347163 -0.9969982709 0.06938818534
vn -0.02530166573 -0.9995274247 -0.01745717343
vn 0.02412199386 -0.9976720663 0.06378540268
vn -0.003649232655 -0.9995945199 -0.02823966977
vn 0.01525521365 -0.9991824707 0.0374388671
vn 0.01525521795 -0.9991824699 0.03743888457
vn -0.05032604563 -0.9759743685 -0.2119936819
vn 0.01304786276 -0.9912390325 -0.1314341422
vn 0.01525521772 -0.99918247 0.03743888452
vn -0.003649239981 -0.999594519 -0.02823970101
vn -0.05032605407 -0.975974368 -0.2119936821
vn 0.01405358353 -0.9987614366 0.04772933695
vn -0.02530166964 -0.9995274247 -0.0174571717
vn -0.003649234801 -0.9995945198 -0.02823967042
vn 0.2120432423 -0.9522883151 -0.2195099731
vn 0.3630563164 -0.8602858687 -0.3579082776
vn 0.1710259344 -0.9740218833 -0.1484301202
vn 0.1710259175 -0.9740218868 -0.1484301169
vn 0.3117365608 -0.9028838229 -0.2960086468
vn 0.103654846 -0.9899304263 -0.09640240692
vn 0.1036548388 -0.9899304255 -0.09640242256
vn 0.2269530817 -0.942606404 -0.2449193049
vn 0.1001990713 -0.9761813957 -0.1924318812
vn 0.1001990767 -0.9761813941 -0.1924318861
vn 0.2277561829 -0.9362140611 -0.2676384743
vn 0.1119827466 -0.9722070789 -0.205604621
vn 0.1710259144 -0.9740218881 -0.1484301119
vn 0.3630563293 -0.8602858607 -0.3579082838
vn 0.3117365644 -0.9028838181 -0.2960086577
vn 0.1036548147 -0.9899304318 -0.09640238364
vn 0.3117365571 -0.9028838249 -0.2960086448
vn 0.2269530689 -0.9426064126 -0.2449192834
vn 0.1001990767 -0.9761813941 -0.1924318861
vn 0.226953077 -0.9426064061 -0.2449193011
vn 0.2277561829 -0.9362140611 -0.2676384743
vn -0.04443773145 -0.9946345067 -0.09342101572
vn -0.06817492169 -0.9896417206 -0.1263386117
vn -0.06558525553 -0.989495458 -0.1288305585
vn -0.03473198108 -0.9973217819 -0.06436577352
vn -0.06298947604 -0.9904439782 -0.1226908799
vn -0.06817493593 -0.9896417198 -0.1263386103
vn -0.07647038279 -0.996185912 -0.04202272463
vn -0.06817492169 -0.9896417206 -0.1263386117
vn -0.04443773145 -0.9946345067 -0.09342101572
vn -0.07647035283 -0.9961859141 -0.04202272764
vn -0.03473198108 -0.9973217819 -0.06436577352
vn -0.06817493593 -0.9896417198 -0.1263386103
vn -0.03473195981 -0.9973217847 -0.06436574142
vn -0.06046416979 -0.9861734108 -0.1542922161
vn -0.06298945838 -0.9904439826 -0.1226908532
vn -0.03473195868 -0.997321785 -0.06436573803
vn -0.05473153991 -0.987903424 -0.145090604
vn -0.06046416064 -0.9861734155 -0.1542921896
vn -0.03473195868 -0.997321785 -0.06436573803
vn -0.0396691107 -0.9900077236 -0.1353183984
vn -0.05473153991 -0.987903424 -0.145090604
vn 0.003927963698 -0.9988082252 -0.04864874548
vn -0.02898176583 -0.9740382279 -0.2245207959
vn -0.0398932926 -0.9882181637 -0.147761247
vn -0.0396691107 -0.9900077236 -0.1353183984
vn -0.04144531435 -0.9892813375 -0.1400168607
vn -0.05473153991 -0.987903424 -0.145090604
vn -0.03966910453 -0.9900077259 -0.135318383
vn -0.04186587479 -0.9889368822 -0.1423063299
vn -0.04144530437 -0.9892813414 -0.1400168357
vn -0.03966911982 -0.9900077258 -0.1353183796
vn -0.03989330884 -0.9882181607 -0.1477612627
vn -0.0418658823 -0.9889368823 -0.1423063269
vn -0.03473196061 -0.9973217841 -0.06436575074
vn 0.00392796437 -0.9988082259 -0.04864872983
vn -0.03966910799 -0.9900077261 -0.1353183809
vn 0.003927963698 -0.9988082252 -0.04864874548
vn -0.0398932926 -0.9882181637 -0.147761247
vn -0.03966910734 -0.9900077279 -0.1353183677
vn 0.003927967706 -0.9988082266 -0.04864871498
vn 0.01304787383 -0.9912390323 -0.1314341426
vn -0.02898176269 -0.9740382333 -0.2245207729
vn 0.01304787383 -0.9912390323 -0.1314341426
vn -0.02033911727 -0.9728770618 -0.2304268712
vn -0.02898176269 -0.9740382333 -0.2245207729
vn -0.05032605687 -0.9759743659 -0.2119936912
vn -0.07609683836 -0.9430730611 -0.3237629884
vn -0.0720711165 -0.9546730282 -0.2887995212
vn 0.013047866 -0.9912390315 -0.1314341493
vn -0.04671120506 -0.9593377788 -0.2783686214
vn -0.02033912989 -0.9728770588 -0.2304268828
vn 0.01304786662 -0.9912390327 -0.1314341403
vn -0.05032605961 -0.9759743664 -0.2119936883
vn -0.04671120703 -0.9593377725 -0.2783686429
vn -0.05032605961 -0.9759743664 -0.2119936883
vn -0.07207112349 -0.9546730322 -0.2887995062
vn -0.04671120703 -0.9593377725 -0.2783686429
vn -0.05032606013 -0.9759743664 -0.2119936879
vn -0.02116005923 -0.9357905674 -0.3519208233
vn -0.07609683487 -0.9430730612 -0.323762989
vn -0.02116005923 -0.9357905674 -0.3519208233
vn -0.03281499058 -0.9256616484 -0.3769266361
vn -0.07609683487 -0.9430730612 -0.323762989
vn -0.02116004924 -0.9357905843 -0.351920779
vn -0.03227777381 -0.9070016 -0.4198883696
vn -0.03281498483 -0.925661659 -0.3769266107
vn -0.02116005168 -0.9357905819 -0.3519207852
vn 0.01600772528 -0.8561109504 -0.5165440865
vn -0.03227777634 -0.9070015975 -0.4198883748
vn -0.3659754698 0.8538795314 -0.37006986
vn -0.3353984452 0.9025442486 -0.2700402976
vn -0.1840882148 0.9672084934 -0.1749835979
vn -0.3353984418 0.902544276 -0.2700402101
vn -0.3089171285 0.90365163 -0.2966208679
vn -0.147725873 0.9781866696 -0.1460407677
vn -0.2059193451 0.955281325 -0.2122140746
vn -0.1648901348 0.9697493329 -0.1799929855
vn -0.1144371131 0.9913691265 -0.06396406974
vn -0.2585248704 0.9259801741 -0.2751828638
vn -0.1537878711 0.9739494628 -0.1666485364
vn -0.308917088 0.9036516413 -0.2966208759
vn -0.2585248937 0.9259801537 -0.2751829105
vn -0.2059193777 0.9552813062 -0.2122141275
vn -0.1512565637 0.9836072912 -0.09817407292
vn -0.1477259049 0.9781866635 -0.1460407762
vn -0.3089170586 0.9036516592 -0.296620852
vn -0.1537879167 0.9739494492 -0.1666485737
vn -0.2585248069 0.92598019 -0.2751828698
vn -0.1512565677 0.9836072906 -0.09817407255
vn -0.1537879131 0.9739494576 -0.1666485278
vn -0.1512565793 0.9836072863 -0.09817409844
vn -0.2059193494 0.955281323 -0.2122140795
vn -0.1144371251 0.9913691242 -0.06396408301
vn -0.4274013743 0.7137028154 -0.5549381555
vn -0.2316534719 0.9079235132 -0.3493015361
vn -0.3606603707 0.5922979822 -0.7204909418
vn -0.4274014238 0.7137027058 -0.5549382585
vn -0.4011284203 0.8116742423 -0.424595001
vn -0.2698705284 0.9158492975 -0.2973044941
vn -0.2699934598 0.4927191637 -0.8272432275
vn -0.3606603542 0.5922979762 -0.7204909551
vn -0.2181823366 0.7675254755 -0.6027446495
vn -0.4274014023 0.7137027411 -0.5549382296
vn -0.2698706239 0.915849236 -0.2973045969
vn -0.2316535545 0.9079233925 -0.3493017952
vn -0.3606604119 0.5922980288 -0.7204908829
vn -0.2247747277 0.8116774959 -0.5391251843
vn -0.218182442 0.767525519 -0.6027445559
vn -0.2699934877 0.4927192313 -0.8272431781
vn -0.2181823447 0.7675254949 -0.6027446218
vn -0.08632547503 0.6979042033 -0.7109695038
vn -0.3606603611 0.5922980244 -0.7204909119
vn -0.2316534933 0.9079234839 -0.349301598
vn -0.224774719 0.811677478 -0.539125215
vn -0.4011284247 0.811674246 -0.4245949897
vn -0.3659754472 0.8538795428 -0.3700698562
vn -0.1840882152 0.9672084939 -0.1749835946
vn -0.2699934838 0.4927193112 -0.8272431318
vn -0.08632549208 0.6979041303 -0.7109695735
vn -0.107183104 0.4458198433 -0.8886824234
vn -0.1071831501 0.4458200215 -0.8886823284
vn 0.0002255077936 0.7835934004 -0.6212739589
vn -0.001000796422 0.6662616574 -0.7457173743
vn -0.001000795699 0.6662617339 -0.7457173059
vn 0.1005505269 0.9044267317 -0.4146105142
vn 0.1558769092 0.7210340781 -0.6751386875
vn -0.1071831728 0.4458198771 -0.8886823981
vn -0.08632547164 0.6979041245 -0.7109695816
vn 0.0002255035799 0.7835933819 -0.6212739822
vn -0.001000790302 0.6662617252 -0.7457173137
vn 0.0002255048625 0.7835933905 -0.6212739714
vn 0.1005504849 0.9044267861 -0.4146104058
vn 0.1558768179 0.7210339882 -0.6751388046
vn 0.100550453 0.9044266819 -0.4146106408
vn 0.125766352 0.9066459799 -0.4027106801
vn -0.2698707087 0.9158491695 -0.2973047247
vn 0.02950445629 0.9969727629 -0.07193606313
vn -0.2316535862 0.9079233672 -0.3493018399
vn -0.2247750004 0.811676856 -0.5391260341
vn -0.06724148096 0.9815030055 -0.1792496402
vn -0.218182762 0.7675246674 -0.6027455245
vn -0.2181825693 0.7675245376 -0.6027457596
vn -0.06724147435 0.9815030016 -0.1792496637
vn -0.1252783848 0.9716374351 -0.2005642567
vn -0.1252785033 0.9716373055 -0.2005648102
vn -0.06724149811 0.9815029757 -0.1792497969
vn -0.09201836203 0.9933950847 -0.06854798809
vn -0.2181825586 0.7675243871 -0.602745955
vn -0.1252783916 0.97163738 -0.2005645191
vn -0.08966072076 0.9583619315 -0.2711150372
vn -0.2247748883 0.8116769734 -0.539125904
vn -0.2316534653 0.9079234995 -0.3493015761
vn -0.06724157598 0.9815029772 -0.1792497591
vn -0.04404968839 0.9949792697 -0.08986588805
vn -0.09201835948 0.9933950601 -0.06854834814
vn -0.0672414935 0.9815029313 -0.1792500415
vn -0.04404974333 0.9949792737 -0.08986581636
vn -0.07839043144 0.9952228597 0.05819278198
vn -0.09201838445 0.9933950602 -0.06854831368
vn -0.125278511 0.971637301 -0.2005648276
vn -0.09201820094 0.9933951248 -0.06854762351
vn -0.1225093318 0.992449451 0.00596244902
vn -0.09201838875 0.9933950759 -0.06854807967
vn -0.07839043253 0.9952228711 0.05819258491
vn -0.122509374 0.9924494464 0.005962349227
vn -0.2316534222 0.9079234389 -0.3493017622
vn 0.02950456103 0.996972764 -0.07193600374
vn -0.0672415362 0.9815029491 -0.179249928
vn -0.04404971916 0.9949792869 -0.0898656829
vn -0.06724151454 0.9815029527 -0.1792499167
vn 0.02950453294 0.9969727635 -0.07193602241
vn 0.02950444567 0.9969727577 -0.07193613937
vn 0.03328969198 0.9969941415 -0.06996054756
vn -0.004603526527 0.9995531328 -0.02953544083
vn -0.2698706698 0.9158492127 -0.297304627
vn 0.03328987207 0.9969941428 -0.06996044303
vn 0.02950441614 0.9969727573 -0.07193615728
vn -0.04404979432 0.9949792825 -0.08986569483
vn 0.02950449533 0.9969727643 -0.07193602695
vn 0.002654022322 0.9988458281 0.04795798057
vn -0.04404978125 0.9949792791 -0.08986573866
vn 0.002654008023 0.9988458258 0.0479580297
vn -0.07839038387 0.9952228692 0.0581926836
vn -0.07839037065 0.9952228501 0.05819302646
vn 0.002654 0.998845838 0.04795777602
vn -0.07458731594 0.9931112499 0.09037022531
vn 0.02950444694 0.9969727502 -0.07193624272
vn -0.004603529953 0.9995531399 -0.02953520003
vn 0.002653954038 0.998845843 0.04795767368
vn 0.002653955748 0.9988458436 0.04795765991
vn -0.004603526904 0.9995531392 -0.02953522448
vn -0.02738292227 0.9989804498 0.03589201282
vn -0.4011284273 0.8116742497 -0.4245949801
vn -0.1840882145 0.9672084952 -0.1749835881
vn -0.2698705373 0.9158492824 -0.2973045326
vn -0.3353984214 0.9025442732 -0.2700402448
vn -0.1477258996 0.9781866729 -0.1460407191
vn -0.1840882033 0.9672085034 -0.1749835548
vn 0.03328967331 0.9969941475 -0.06996047053
vn 0.01503692094 0.999785998 0.01420736262
vn -0.004603495367 0.9995531292 -0.0295355689
vn -0.004603499883 0.9995531382 -0.02953526317
vn 0.01503692291 0.9997860004 0.0142071966
vn -0.03413194262 0.9898323002 -0.1380834092
vn -0.2698706687 0.9158492135 -0.2973046256
vn -0.1840883321 0.9672084568 -0.1749836765
vn 0.03328998936 0.996994149 -0.06996029925
vn -0.1840881938 0.9672084964 -0.174983603
vn 0.01503711258 0.9997859938 0.01420745744
vn 0.03328975494 0.9969941477 -0.06996042918
vn -0.1840881877 0.967208507 -0.1749835512
vn -0.02176172461 0.9988231817 -0.04334373119
vn 0.01503711244 0.9997859938 0.01420745637
vn -0.1840881872 0.9672085072 -0.1749835506
vn -0.1477258494 0.9781866823 -0.1460407066
vn -0.02176159307 0.9988231907 -0.04334358889
vn 0.01503692496 0.999786 0.0142072198
vn -0.05804690776 0.9899728562 -0.1287800466
vn -0.03413193711 0.9898323089 -0.1380833482
vn 0.01503693472 0.9997859993 0.01420725869
vn -0.02176159841 0.9988231905 -0.0433435907
vn -0.05804692407 0.9899728472 -0.1287801091
vn -0.2181822524 0.7675247447 -0.6027456106
vn -0.08966100404 0.9583618021 -0.2711154009
vn -0.08632550057 0.6979045441 -0.7109691662
vn -0.08632549774 0.6979045573 -0.7109691536
vn -0.08966099168 0.9583618156 -0.2711153574
vn 0.000225506484 0.783593228 -0.6212741764
vn -0.1252787461 0.9716372804 -0.2005647801
vn -0.1225094927 0.9924494307 0.005962519692
vn -0.08966113379 0.9583617873 -0.2711154105
vn -0.08966092324 0.9583617422 -0.2711156393
vn 0.02115126404 0.9749497753 -0.2214171621
vn 0.0002254879722 0.7835932741 -0.6212741182
vn 0.002654036193 0.9988458433 0.04795766316
vn -0.02738306798 0.998980446 0.0358920066
vn -0.07458728809 0.9931112599 0.09037013818
vn -0.07839038562 0.9952228559 0.05819290776
vn -0.07458731088 0.9931112467 0.0903702652
vn -0.1225093485 0.9924494485 0.005962532118
vn -0.07458732597 0.9931112541 0.09037017132
vn -0.02738294966 0.998980453 0.03589190274
vn -0.02651622473 0.9992835128 0.02700649708
vn -0.02738287547 0.9989804499 0.03589204522
vn -0.0005599533795 0.9999651411 0.008330852491
vn 0.02102534777 0.9927934842 0.1179789497
vn -0.02738297318 0.9989804425 0.03589217442
vn 0.01157666014 0.9841450649 -0.1769872092
vn -0.0005599719045 0.9999651409 0.008330875054
vn 0.000225487116 0.7835932722 -0.6212741206
vn 0.02115129896 0.9749497763 -0.2214171545
vn 0.1005504617 0.9044266868 -0.4146106279
vn 0.02115119639 0.9749497608 -0.2214172325
vn 0.01853489333 0.9996525705 -0.01874022651
vn 0.1005504634 0.9044266742 -0.414610655
vn 0.01853490693 0.9996525683 -0.01874032717
vn 0.1257663646 0.9066459413 -0.4027107631
vn 0.1005504811 0.9044266034 -0.4146108052
vn 0.02102528879 0.9927935001 0.1179788264
vn -0.0005599731237 0.9999651414 0.008330811081
vn -0.008662967384 0.9996894899 -0.02336400473
vn 0.01853496646 0.9996525626 -0.01874057543
vn 0.02102529481 0.9927935278 0.1179785919
vn -0.008662971086 0.9996894933 -0.02336386007
vn -0.004603497196 0.9995531395 -0.02953521949
vn -0.03413194249 0.9898323005 -0.1380834077
vn -0.02738290242 0.9989804502 0.03589201541
vn -0.02738295266 0.998980446 0.03589209327
vn -0.03413191077 0.9898322948 -0.1380834561
vn 0.01157667225 0.9841450564 -0.1769872554
vn -0.0005599723223 0.9999651409 0.008330876033
vn 0.01157668808 0.9841450475 -0.1769873041
vn 0.01681713594 0.9859180535 -0.1663814164
vn -0.1225095464 0.9924494243 0.005962491242
vn -0.07458728547 0.9931112481 0.09037027031
vn -0.02651614144 0.9992835094 0.027006703
vn -0.08966103205 0.9583616664 -0.2711158715
vn -0.02651623586 0.9992834876 0.02700741979
vn 0.02115120186 0.9749497344 -0.2214173482
vn -0.08966108595 0.9583617512 -0.2711155537
vn -0.1225095895 0.9924494168 0.005962856172
vn -0.02651632025 0.9992834701 0.02700798118
vn -0.02651628582 0.9992834907 0.0270072564
vn 0.02102533895 0.9927935652 0.1179782689
vn 0.02115121471 0.9749497461 -0.2214172956
vn -0.02738294123 0.9989804548 0.03589185663
vn 0.02102528994 0.9927935049 0.1179787852
vn -0.02651621289 0.9992835155 0.02700641016
vn 0.02115132088 0.9749496858 -0.2214175508
vn 0.02102528109 0.9927935507 0.1179784013
vn 0.01853497696 0.9996525651 -0.01874043228
vn -0.03413193493 0.9898323094 -0.1380833453
vn -0.05804690252 0.9899728574 -0.1287800398
vn 0.0115767194 0.9841450168 -0.1769874727
vn -0.05804689271 0.989972859 -0.1287800322
vn 0.01368528048 0.9862395778 -0.1647549946
vn 0.01157670875 0.9841450154 -0.1769874811
vn 0.01157670149 0.9841450162 -0.1769874773
vn 0.01368523592 0.9862395822 -0.1647549721
vn 0.01681712676 0.9859180738 -0.1663812969
vn -0.147725887 0.9781866624 -0.1460408016
vn -0.003006423525 0.9920647856 -0.1256917765
vn -0.0217616256 0.9988231865 -0.04334367123
vn -0.1477258845 0.9781866812 -0.1460406784
vn -0.1537879148 0.9739494485 -0.1666485795
vn -0.003006425721 0.9920647763 -0.1256918491
vn -0.02176156288 0.9988231889 -0.04334364619
vn -0.003006440576 0.9920647847 -0.1256917832
vn -0.05770034189 0.9964764758 -0.0608712058
vn -0.02176157091 0.9988231945 -0.04334351274
vn -0.05770033676 0.9964764708 -0.06087129276
vn -0.05804688978 0.9899728617 -0.1287800124
vn -0.1171754641 0.9871376705 -0.1087618041
vn -0.1120315483 0.9844837916 -0.1350577513
vn -0.08649079816 0.9946699317 -0.0561343811
vn -0.1648901658 0.9697493224 -0.1799930137
vn -0.1171754264 0.987137684 -0.108761722
vn -0.1045335804 0.9933791902 -0.04764992241
vn -0.1120315458 0.9844837919 -0.1350577515
vn -0.06360644942 0.9951885208 -0.07452534978
vn -0.08649080411 0.9946699312 -0.05613438073
vn -0.11717546 0.9871376714 -0.1087618003
vn -0.08649080292 0.9946699311 -0.05613438556
vn -0.1045335437 0.993379198 -0.04764983928
vn -0.1648901648 0.9697493229 -0.1799930119
vn -0.104533522 0.9933792008 -0.04764982897
vn -0.1144371238 0.9913691246 -0.06396407983
vn -0.1144371366 0.9913691253 -0.06396404532
vn -0.1045335087 0.9933792005 -0.04764986515
vn -0.01356918634 0.9998019014 -0.0145614263
vn -0.1045335312 0.993379199 -0.04764984688
vn -0.08649080198 0.9946699311 -0.05613438602
vn -0.02867252638 0.9993134549 -0.02346284319
vn -0.08649080425 0.9946699312 -0.05613438116
vn -0.06360644779 0.9951885207 -0.0745253522
vn -0.02396656392 0.9995444899 -0.01834165826
vn 0.01973991341 0.9998037788 0.001655213286
vn 0.01304786848 0.9912390341 -0.1314341293
vn 0.01525521061 0.9991824707 0.03743886807
vn -0.1512565795 0.9836072847 -0.09817411392
vn -0.1144371253 0.9913691254 -0.0639640648
vn -0.03616767339 0.9989461968 0.02825589117
vn -0.058046885 0.9899728617 -0.1287800149
vn 0.01898152823 0.9938669746 -0.1089409862
vn 0.01368527789 0.9862395769 -0.1647550003
vn 0.01681712847 0.9859180774 -0.1663812754
vn 0.01368523543 0.9862395812 -0.1647549782
vn 0.01898154871 0.993866973 -0.1089409967
vn -0.1537879101 0.9739494568 -0.1666485352
vn -0.1512565555 0.9836072885 -0.09817411243
vn -0.004245129729 0.9987047637 -0.05070279861
vn -0.1537879241 0.9739494539 -0.1666485395
vn -0.004245116406 0.998704764 -0.05070279449
vn -0.003006408759 0.9920647668 -0.1256919246
vn -0.003006444318 0.9920647704 -0.1256918958
vn -0.03549793592 0.9993653664 -0.002959903062
vn -0.05770034458 0.9964764708 -0.06087128486
vn -0.003006418545 0.9920647668 -0.1256919247
vn -0.004245099702 0.9987047641 -0.05070279383
vn -0.03549793568 0.9993653664 -0.002959903661
vn -0.1512565698 0.9836072859 -0.09817411666
vn -0.03616771434 0.9989461949 0.02825590286
vn -0.004245105151 0.9987047642 -0.05070279089
vn -0.03616767446 0.9989461964 0.02825590221
vn -0.03549793629 0.9993653664 -0.00295990344
vn -0.004245085582 0.9987047643 -0.05070279105
vn -0.03616767296 0.9989461965 0.02825589986
vn -0.0103698466 0.9998909746 -0.01051214908
vn -0.03549793375 0.9993653664 -0.002959907458
vn -0.05804688058 0.9899728627 -0.1287800091
vn -0.057700339 0.9964764706 -0.06087129336
vn 0.01898152624 0.9938669743 -0.1089409885
vn -0.05770035058 0.9964764708 -0.06087127916
vn -0.03549793308 0.9993653665 -0.002959905753
vn 0.009343203413 0.9997896688 -0.01825712755
vn -0.05770033203 0.9964764711 -0.06087129229
vn 0.009343179931 0.9997896693 -0.01825711094
vn 0.01898153241 0.9938669743 -0.1089409877
vn -0.03549793378 0.9993653664 -0.002959905418
vn -0.01036984668 0.9998909746 -0.01051214216
vn 0.01491065387 0.9993844681 0.03175464147
vn -0.03549793344 0.9993653665 -0.002959906086
vn 0.01491066472 0.9993844687 0.03175461929
vn 0.009343196873 0.9997896687 -0.01825713407
vn -0.1144371346 0.9913691226 -0.0639640914
vn -0.01356918676 0.9998019015 -0.01456141622
vn -0.0361676816 0.9989461971 0.02825586795
vn -0.104533484 0.9933792041 -0.04764984333
vn -0.0286725158 0.9993134553 -0.02346284244
vn -0.01356917385 0.9998019017 -0.01456141526
vn -0.07647035634 0.996185913 -0.04202274728
vn -0.03473198435 0.9973217806 -0.06436579263
vn -0.06360645875 0.9951885192 -0.07452536259
vn -0.08649079149 0.9946699317 -0.05613439116
vn -0.02396655865 0.99954449 -0.01834166253
vn -0.02867251695 0.9993134551 -0.02346284779
vn -0.02867251034 0.9993134555 -0.02346283797
vn -0.0239665766 0.9995444891 -0.01834168927
vn 0.003927950383 0.9988082246 -0.04864875726
vn -0.06360645869 0.9951885195 -0.0745253591
vn -0.03473198448 0.9973217803 -0.06436579667
vn -0.02396657272 0.9995444896 -0.01834166387
vn -0.02396658098 0.9995444887 -0.01834170292
vn -0.03473197847 0.9973217824 -0.06436576817
vn 0.003927956735 0.9988082256 -0.04864873733
vn -0.03616766899 0.9989461972 0.02825587943
vn -0.01356916917 0.999801902 -0.01456140009
vn -0.007269017228 0.9997581903 0.02075384865
vn -0.03616767748 0.9989461962 0.02825590688
vn -0.007269017672 0.9997581903 0.02075385008
vn -0.0103698333 0.9998909745 -0.01051216969
vn -0.01356916149 0.9998019019 -0.01456141195
vn -0.02867250487 0.9993134556 -0.02346283951
vn 0.01973990481 0.9998037789 0.00165524791
vn -0.01356916868 0.9998019019 -0.01456140974
vn 0.01973991902 0.9998037786 0.001655243622
vn -0.007269017024 0.9997581904 0.02075384462
vn -0.007269015661 0.9997581904 0.02075384528
vn 0.01525520582 0.9991824714 0.03743885058
vn 0.02412200078 0.9976720652 0.06378541725
vn -0.01036983328 0.9998909745 -0.01051216633
vn -0.007269017803 0.9997581906 0.02075383606
vn 0.02412200555 0.9976720637 0.06378543776
vn -0.01036983424 0.9998909746 -0.01051216175
vn 0.02412200585 0.9976720638 0.06378543638
vn 0.01491066431 0.9993844685 0.03175462492
vn -0.02867250395 0.999313456 -0.0234628237
vn 0.003927964425 0.9988082261 -0.04864872597
vn 0.01973990422 0.9998037789 0.001655237946
vn -0.007269015304 0.9997581904 0.02075384546
vn 0.01973992025 0.9998037786 0.001655244187
vn 0.01525520686 0.9991824714 0.03743885093
vn 0.01973990877 0.9998037788 0.001655248706
vn 0.003927956544 0.9988082252 -0.04864874457
vn 0.01304787115 0.9912390314 -0.1314341498
vn 0.1558768124 0.7210339984 -0.675138795
vn 0.125766354 0.9066459923 -0.4027106514
vn 0.1878969359 0.8124719893 -0.551891301
vn 0.1878969742 0.8124719605 -0.5518913303
vn 0.1739306804 0.9412032422 -0.2896283401
vn 0.2975084541 0.8175135299 -0.4931129163
vn 0.1257663535 0.9066459926 -0.4027106509
vn 0.1739306483 0.9412032544 -0.2896283194
vn 0.1878969396 0.8124719801 -0.5518913132
vn 0.1739306727 0.941203236 -0.2896283647
vn 0.1489345482 0.9503553241 -0.273209184
vn 0.2975084793 0.8175135467 -0.4931128733
vn 0.2975084766 0.8175135524 -0.4931128654
vn 0.1489345347 0.9503553349 -0.273209154
vn 0.2228707923 0.9048044755 -0.3628463462
vn 0.2228708164 0.904804463 -0.3628463629
vn 0.1951535829 0.9449310867 -0.2627171872
vn 0.3259322762 0.8674262257 -0.3759519841
vn 0.01853486543 0.9996525676 -0.018740409
vn -0.008663126663 0.9996894981 -0.02336359797
vn 0.125766383 0.9066459542 -0.4027107282
vn -0.0005599708161 0.9999651413 0.008330817384
vn 0.011207807 0.9987830954 -0.04802825656
vn -0.008662969718 0.9996894897 -0.02336401167
vn -0.008663146623 0.9996894977 -0.02336360486
vn 0.173930696 0.9412031835 -0.2896285213
vn 0.1257663742 0.906645954 -0.4027107314
vn -0.0005599704791 0.999965141 0.008330857065
vn 0.01681713641 0.9859180525 -0.166381422
vn 0.01120780737 0.9987830963 -0.04802823828
vn 0.1739306929 0.9412032282 -0.289628378
vn 0.01120778074 0.9987830975 -0.04802821869
vn 0.1489345569 0.9503553218 -0.2732091874
vn -0.008663140564 0.9996894932 -0.02336380058
vn 0.01120777842 0.9987830974 -0.04802822148
vn 0.1739306928 0.9412032282 -0.2896283781
vn 0.01681713231 0.9859180803 -0.1663812578
vn 0.03352534495 0.9928531568 -0.1145367201
vn 0.01120780937 0.9987830926 -0.04802831369
vn 0.01120778101 0.9987830975 -0.04802821888
vn 0.05630664224 0.9853152012 -0.1611940331
vn 0.1489345156 0.9503553493 -0.2732091142
vn 0.01120779849 0.9987830964 -0.04802823834
vn 0.03352533947 0.9928531614 -0.114536682
vn 0.05630662628 0.985315205 -0.1611940153
vn 0.1489345164 0.9503553436 -0.2732091335
vn 0.195153576 0.9449310887 -0.2627171853
vn 0.2228708076 0.9048044651 -0.3628463629
vn 0.1489345164 0.9503553429 -0.2732091361
vn 0.0563066383 0.9853152111 -0.161193974
vn 0.1951535749 0.9449310898 -0.262717182
vn 0.3259322659 0.8674262314 -0.3759519799
vn 0.2120432691 0.9522883053 -0.2195099897
vn 0.3630563008 0.860285879 -0.3579082688
vn 0.3259322656 0.8674262314 -0.37595198
vn 0.1951535672 0.9449310917 -0.2627171808
vn 0.2120432622 0.9522883095 -0.2195099784
vn 0.02412199262 0.9976720668 0.06378539419
vn -0.003649233179 0.9995945198 -0.02823967328
vn 0.01405358343 0.9987614366 0.04772933714
vn 0.009377564679 0.9984140614 0.0555105686
vn 0.01405358278 0.9987614367 0.04772933388
vn -0.03434715682 0.9969982735 0.06938815005
vn 0.01405358213 0.9987614366 0.0477293376
vn -0.02530166573 0.9995274247 -0.01745717343
vn -0.034347163 0.9969982709 0.06938818534
vn 0.02412199386 0.9976720663 0.06378540268
vn 0.01525521365 0.9991824707 0.0374388671
vn -0.003649232655 0.9995945199 -0.02823966977
vn 0.01525521772 0.99918247 0.03743888452
vn -0.05032605407 0.975974368 -0.2119936821
vn -0.003649239981 0.999594519 -0.02823970101
vn 0.01525521795 0.9991824699 0.03743888457
vn 0.01304786276 0.9912390325 -0.1314341422
vn -0.05032604563 0.9759743685 -0.2119936819
vn 0.01405358353 0.9987614366 0.04772933695
vn -0.003649234801 0.9995945198 -0.02823967042
vn -0.02530166964 0.9995274247 -0.0174571717
vn 0.3630563293 0.8602858607 -0.3579082838
vn 0.1710259144 0.9740218881 -0.1484301119
vn 0.3117365644 0.9028838181 -0.2960086577
vn 0.3117365571 0.9028838249 -0.2960086448
vn 0.1036548147 0.9899304318 -0.09640238364
vn 0.2269530689 0.9426064126 -0.2449192834
vn 0.226953077 0.9426064061 -0.2449193011
vn 0.1001990767 0.9761813941 -0.1924318861
vn 0.2277561829 0.9362140611 -0.2676384743
vn 0.3630563164 0.8602858687 -0.3579082776
vn 0.2120432423 0.9522883151 -0.2195099731
vn 0.1710259344 0.9740218833 -0.1484301202
vn 0.1710259175 0.9740218868 -0.1484301169
vn 0.103654846 0.9899304263 -0.09640240692
vn 0.3117365608 0.9028838229 -0.2960086468
vn 0.2269530817 0.942606404 -0.2449193049
vn 0.1036548388 0.9899304255 -0.09640242256
vn 0.1001990713 0.9761813957 -0.1924318812
vn 0.1001990767 0.9761813941 -0.1924318861
vn 0.1119827466 0.9722070789 -0.205604621
vn 0.2277561829 0.9362140611 -0.2676384743
vn 0.01681713474 0.9859180763 -0.1663812817
vn 0.01898154173 0.9938669739 -0.1089409897
vn 0.03352534245 0.9928531597 -0.1145366955
vn 0.03352534342 0.9928531596 -0.1145366963
vn 0.01898155428 0.9938669726 -0.1089409998
vn 0.01776662203 0.9996398055 -0.02011482964
vn 0.03352534261 0.9928531603 -0.1145366903
vn 0.02828489123 0.9960525489 -0.08413848564
vn 0.05630659572 0.9853152198 -0.1611939355
vn 0.03352534415 0.9928531604 -0.1145366892
vn 0.01776662105 0.9996398053 -0.02011483918
vn 0.02828490007 0.9960525492 -0.08413847895
vn 0.01491067487 0.9993844689 0.03175460751
vn 0.009377584056 0.9984140633 0.05551053179
vn 0.01776661859 0.9996398056 -0.02011482632
vn 0.0189815537 0.9938669726 -0.108941
vn 0.009343200495 0.9997896689 -0.01825712303
vn 0.01776662058 0.9996398055 -0.02011483008
vn 0.009343204923 0.9997896686 -0.01825713718
vn 0.01491066741 0.9993844687 0.03175461823
vn 0.01776662008 0.9996398056 -0.02011482845
vn 0.05630662974 0.9853152128 -0.1611939665
vn 0.02828480625 0.9960525578 -0.08413840825
vn 0.1951535487 0.9449311014 -0.2627171597
vn 0.01776662089 0.9996398054 -0.02011483851
vn 0.00937759121 0.9984140653 0.05551049422
vn 0.02828490128 0.9960525488 -0.08413848369
vn 0.02828490588 0.9960525479 -0.0841384927
vn 0.009377589578 0.9984140652 0.05551049736
vn 0.003723491782 0.9998424862 0.01735334135
vn 0.02828480744 0.9960525577 -0.08413840916
vn 0.2120432618 0.9522883094 -0.2195099792
vn 0.195153564 0.9449310942 -0.2627171742
vn 0.02828480988 0.9960525582 -0.0841384032
vn 0.003723508311 0.9998424864 0.01735332614
vn 0.2120432655 0.9522883092 -0.2195099764
vn 0.01491066774 0.9993844683 0.03175463059
vn 0.02412200089 0.9976720645 0.06378542821
vn 0.01405358228 0.9987614368 0.04772933241
vn 0.01491066904 0.9993844678 0.03175464607
vn 0.0140535824 0.9987614367 0.04772933384
vn 0.009377578211 0.9984140612 0.05551057029
vn 0.009377594347 0.9984140638 0.05551052034
vn -0.03434712547 0.9969982782 0.06938809908
vn 0.003723488355 0.9998424865 0.01735332506
vn -0.003649234073 0.9995945188 -0.02823970737
vn -0.05032605305 0.9759743678 -0.2119936834
vn -0.02116006383 0.9357905659 -0.3519208269
vn 0.003723495636 0.9998424864 0.0173533252
vn 0.1710259438 0.974021877 -0.1484301512
vn 0.2120432419 0.9522883145 -0.2195099762
vn 0.003723506561 0.9998424867 0.01735330984
vn -0.03434702864 0.9969982871 0.06938801877
vn 0.1710259259 0.9740218839 -0.148430126
vn -0.03434700704 0.9969982886 0.06938800745
vn 0.103654851 0.9899304252 -0.09640241214
vn 0.1710259258 0.974021884 -0.148430126
vn -0.03434708602 0.996998277 0.06938813615
vn -0.02530168067 0.9995274245 -0.01745716377
vn 0.1036548436 0.9899304272 -0.0964024
vn -0.003649228205 0.9995945185 -0.02823971862
vn -0.0211600667 0.9357905678 -0.3519208218
vn -0.02530166856 0.9995274246 -0.01745718005
vn 0.1036548364 0.989930428 -0.09640239937
vn -0.02530168221 0.9995274245 -0.01745716359
vn 0.1001990722 0.9761813935 -0.1924318916
vn -0.02530167831 0.9995274243 -0.01745718032
vn -0.02116009036 0.9357905668 -0.3519208231
vn 0.100199086 0.9761813811 -0.1924319474
vn 0.1001990425 0.9761813776 -0.1924319879
vn 0.09821561321 0.9713017043 -0.216625697
vn 0.1119827408 0.972207076 -0.2056046379
vn 0.1001990521 0.9761813615 -0.1924320646
vn 0.01600772053 0.8561109161 -0.5165441435
vn 0.09821564268 0.9713016498 -0.2166259281
vn 0.1001990521 0.9761813615 -0.1924320646
vn -0.021160046 0.9357906168 -0.3519206926
vn 0.01600772053 0.8561109161 -0.5165441435
vn 0.01600772053 0.8561109161 -0.5165441435
vn 0.01920451012 0.8523059798 -0.5226908298
vn 0.09821564268 0.9713016498 -0.2166259281
vn -0.07647038279 0.996185912 -0.04202272463
vn -0.04443773145 0.9946345067 -0.09342101572
vn -0.06817492169 0.9896417206 -0.1263386117
vn -0.07647035283 0.9961859141 -0.04202272764
vn -0.06817493593 0.9896417198 -0.1263386103
vn -0.03473198108 0.9973217819 -0.06436577352
vn -0.04443773145 0.9946345067 -0.09342101572
vn -0.06558525553 0.989495458 -0.1288305585
vn -0.06817492169 0.9896417206 -0.1263386117
vn -0.03473198108 0.9973217819 -0.06436577352
vn -0.06817493593 0.9896417198 -0.1263386103
vn -0.06298947604 0.9904439782 -0.1226908799
vn -0.03473195981 0.9973217847 -0.06436574142
vn -0.06298945838 0.9904439826 -0.1226908532
vn -0.06046416979 0.9861734108 -0.1542922161
vn -0.03473195868 0.997321785 -0.06436573803
vn -0.06046416064 0.9861734155 -0.1542921896
vn -0.05473153991 0.987903424 -0.145090604
vn -0.03473195868 0.997321785 -0.06436573803
vn -0.05473153991 0.987903424 -0.145090604
vn -0.0396691107 0.9900077236 -0.1353183984
vn -0.03473196061 0.9973217841 -0.06436575074
vn -0.03966910799 0.9900077261 -0.1353183809
vn 0.00392796437 0.9988082259 -0.04864872983
vn 0.003927963698 0.9988082252 -0.04864874548
vn -0.03966910734 0.9900077279 -0.1353183677
vn -0.0398932926 0.9882181637 -0.147761247
vn 0.003927967706 0.9988082266 -0.04864871498
vn -0.02898176269 0.9740382333 -0.2245207729
vn 0.01304787383 0.9912390323 -0.1314341426
vn 0.01304787383 0.9912390323 -0.1314341426
vn -0.02898176269 0.9740382333 -0.2245207729
vn -0.02033911727 0.9728770618 -0.2304268712
vn 0.003927963698 0.9988082252 -0.04864874548
vn -0.0398932926 0.9882181637 -0.147761247
vn -0.02898176583 0.9740382279 -0.2245207959
vn -0.0396691107 0.9900077236 -0.1353183984
vn -0.05473153991 0.987903424 -0.145090604
vn -0.04144531435 0.9892813375 -0.1400168607
vn -0.03966910453 0.9900077259 -0.135318383
vn -0.04144530437 0.9892813414 -0.1400168357
vn -0.04186587479 0.9889368822 -0.1423063299
vn -0.03966911982 0.9900077258 -0.1353183796
vn -0.0418658823 0.9889368823 -0.1423063269
vn -0.03989330884 0.9882181607 -0.1477612627
vn 0.01304786662 0.9912390327 -0.1314341403
vn -0.07207112349 0.9546730322 -0.2887995062
vn -0.05032605961 0.9759743664 -0.2119936883
vn 0.013047866 0.9912390315 -0.1314341493
vn -0.02033912989 0.9728770588 -0.2304268828
vn -0.04671120506 0.9593377788 -0.2783686214
vn 0.01304786662 0.9912390327 -0.1314341403
vn -0.04671120703 0.9593377725 -0.2783686429
vn -0.07207112349 0.9546730322 -0.2887995062
vn -0.05032605687 0.9759743659 -0.2119936912
vn -0.0720711165 0.9546730282 -0.2887995212
vn -0.07609683836 0.9430730611 -0.3237629884
vn -0.05032606013 0.9759743664 -0.2119936879
vn -0.07609683487 0.9430730612 -0.323762989
vn -0.02116005923 0.9357905674 -0.3519208233
vn -0.02116005923 0.9357905674 -0.3519208233
vn -0.07609683487 0.9430730612 -0.323762989
vn -0.03281499058 0.9256616484 -0.3769266361
vn -0.02116005168 0.9357905819 -0.3519207852
vn -0.03227777634 0.9070015975 -0.4198883748
vn 0.01600772528 0.8561109504 -0.5165440865
vn -0.02116004924 0.9357905843 -0.351920779
vn -0.03281498483 0.925661659 -0.3769266107
vn -0.03227777381 0.9070016 -0.4198883696
vn 0.2762988455 -0 0.9610717705
vn 0.2762988455 -0 0.9610717705
vn 0.2762988455 -0 0.9610717705
vn -1 0 0
vn -1 0 0
vn -1 0 0
vn 0.2763079681 -0 0.9610691478
vn 0.2763079681 -0 0.9610691478
vn 0.2763079681 -0 0.9610691478
vn -1 0 -0
vn -1 0 -0
vn -1 0 -0
vn 0.2763162358 -0 0.9610667707
vn 0.2763162358 -0 0.9610667707
vn 0.2763162358 -0 0.9610667707
vn 0.2763054879 -0 0.9610698608
vn 0.2763054879 -0 0.9610698608
vn 0.2763054879 -0 0.9610698608
vn 0.2763075776 -0 0.96106926
vn 0.2763075776 -0 0.96106926
vn 0.2763075776 -0 0.96106926
vn 0.2763068759 -0 0.9610694618
vn 0.2763068759 -0 0.9610694618
vn 0.2763068759 -0 0.9610694618
vn 0.2763211672 -0 0.9610653529
vn 0.2763211672 -0 0.9610653529
vn 0.2763211672 -0 0.9610653529
vn 0.2763055357 9.171955418e-07 0.9610698471
vn 0.2763055357 9.171955418e-07 0.9610698471
vn 0.2763055357 9.171955418e-07 0.9610698471
vn 0.2763136666 -0 0.9610675094
vn 0.2763136666 -0 0.9610675094
vn 0.2763136666 -0 0.9610675094
vn 0.2763056484 -0 0.9610698147
vn 0.2763056484 -0 0.9610698147
vn 0.2763056484 -0 0.9610698147
vn 0.2763078078 -0 0.9610691938
vn 0.2763078078 -0 0.9610691938
vn 0.2763078078 -0 0.9610691938
vn 0.2763072714 -0 0.9610693481
vn 0.2763072714 -0 0.9610693481
vn 0.2763072714 -0 0.9610693481
vn 0.2763058117 -0 0.9610697677
vn 0.2763058117 -0 0.9610697677
vn 0.2763058117 -0 0.9610697677
vn 0.2763075626 -0 0.9610692643
vn 0.2763075626 -0 0.9610692643
vn 0.2763075626 -0 0.9610692643
vn 0.2763065402 -0 0.9610695583
vn 0.2763065402 -0 0.9610695583
vn 0.2763065402 -0 0.9610695583
vn 0.2763093613 0 0.9610687472
vn 0.2763093613 0 0.9610687472
vn 0.2763093613 0 0.9610687472
vn 0.2763127885 -0 0.9610677619
vn 0.2763127885 -0 0.9610677619
vn 0.2763127885 -0 0.9610677619
vn 0.2763072339 -0 0.9610693588
vn 0.2763072339 -0 0.9610693588
vn 0.2763072339 -0 0.9610693588
vn 0.2763069957 -0 0.9610694273
vn 0.2763069957 -0 0.9610694273
vn 0.2763069957 -0 0.9610694273
vn 0.2763081575 -0 0.9610690933
vn 0.2763081575 -0 0.9610690933
vn 0.2763081575 -0 0.9610690933
vn 0.3552177283 -0 0.9347835929
vn 0.3552177283 -0 0.9347835929
vn 0.3552177283 -0 0.9347835929
vn 0.3552180892 -0 0.9347834557
vn 0.3552180892 -0 0.9347834557
vn 0.3552180892 -0 0.9347834557
vn 0.3552176014 -0 0.9347836411
vn 0.3552176014 -0 0.9347836411
vn 0.3552176014 -0 0.9347836411
vn 0.3551916238 -0 0.9347935122
vn 0.3551916238 -0 0.9347935122
vn 0.3551916238 -0 0.9347935122
vn 0.3552211415 -0 0.9347822958
vn 0.3552211415 -0 0.9347822958
vn 0.3552211415 -0 0.9347822958
vn 0.2763077438 -0 0.9610692122
vn 0.2763077438 -0 0.9610692122
vn 0.2763077438 -0 0.9610692122
vn 0.2763050921 -0 0.9610699746
vn 0.2763050921 -0 0.9610699746
vn 0.2763050921 -0 0.9610699746
vn 0.2763178215 -0 0.9610663148
vn 0.2763178215 -0 0.9610663148
vn 0.2763178215 -0 0.9610663148
vn 0.355218481 -0 0.9347833069
vn 0.355218481 -0 0.9347833069
vn 0.355218481 -0 0.9347833069
vn 0.3552174077 -0 0.9347837147
vn 0.3552174077 -0 0.9347837147
vn 0.3552174077 -0 0.9347837147
vn 0.3552176463 -0 0.934783624
vn 0.3552176463 -0 0.934783624
vn 0.3552176463 -0 0.934783624
vn 0.355217321 -0 0.9347837476
vn 0.355217321 -0 0.9347837476
vn 0.355217321 -0 0.9347837476
vn 0.3552179679 -0 0.9347835018
vn 0.3552179679 -0 0.9347835018
vn 0.3552179679 -0 0.9347835018
vn 0.3552176198 -0 0.9347836341
vn 0.3552176198 -0 0.9347836341
vn 0.3552176198 -0 0.9347836341
vn -1 0 -0
vn -1 0 -0
vn -1 0 -0
vn 0.2763079681 0 0.9610691478
vn 0.2763079681 0 0.9610691478
vn 0.2763079681 0 0.9610691478
vn 0.2763162358 0 0.9610667707
vn 0.2763162358 0 0.9610667707
vn 0.2763162358 0 0.9610667707
vn 0.2763068759 0 0.9610694618
vn 0.2763068759 0 0.9610694618
vn 0.2763068759 0 0.9610694618
vn 0.2763054879 0 0.9610698608
vn 0.2763054879 0 0.9610698608
vn 0.2763054879 0 0.9610698608
vn 0.2763075776 0 0.96106926
vn 0.2763075776 0 0.96106926
vn 0.2763075776 0 0.96106926
vn -1 0 -0
vn -1 0 -0
vn -1 0 -0
vn 0.2762988455 0 0.9610717705
vn 0.2762988455 0 0.9610717705
vn 0.2762988455 0 0.9610717705
vn -1 0 -0
vn -1 0 -0
vn -1 0 -0
vn 0.2763056484 0 0.9610698147
vn 0.2763056484 0 0.9610698147
vn 0.2763056484 0 0.9610698147
vn 0.2763136666 0 0.9610675094
vn 0.2763136666 0 0.9610675094
vn 0.2763136666 0 0.9610675094
vn 0.2763078078 0 0.9610691938
vn 0.2763078078 0 0.9610691938
vn 0.2763078078 0 0.9610691938
vn 0.2763065402 0 0.9610695583
vn 0.2763065402 0 0.9610695583
vn 0.2763065402 0 0.9610695583
vn 0.2763052952 0 0.9610699162
vn 0.2763052952 0 0.9610699162
vn 0.2763052952 0 0.9610699162
vn 0.2763207588 -1.993674957e-06 0.9610654703
vn 0.2763207588 -1.993674957e-06 0.9610654703
vn 0.2763207588 -1.993674957e-06 0.9610654703
vn 0.2763072714 0 0.9610693481
vn 0.2763072714 0 0.9610693481
vn 0.2763072714 0 0.9610693481
vn 0.2763058117 0 0.9610697677
vn 0.2763058117 0 0.9610697677
vn 0.2763058117 0 0.9610697677
vn 0.2763077438 0 0.9610692122
vn 0.2763077438 0 0.9610692122
vn 0.2763077438 0 0.9610692122
vn 0.2763069957 0 0.9610694273
vn 0.2763069957 0 0.9610694273
vn 0.2763069957 0 0.9610694273
vn 0.2763127885 0 0.9610677619
vn 0.2763127885 0 0.9610677619
vn 0.2763127885 0 0.9610677619
vn 0.2763093613 -0 0.9610687472
vn 0.2763093613 -0 0.9610687472
vn 0.2763093613 -0 0.9610687472
vn 0.2763072339 0 0.9610693588
vn 0.2763072339 0 0.9610693588
vn 0.2763072339 0 0.9610693588
vn 0.2763081575 0 0.9610690933
vn 0.2763081575 0 0.9610690933
vn 0.2763081575 0 0.9610690933
vn 0.2763075626 0 0.9610692643
vn 0.2763075626 0 0.9610692643
vn 0.2763075626 0 0.9610692643
vn 0.3552176014 0 0.9347836411
vn 0.3552176014 0 0.9347836411
vn 0.3552176014 0 0.9347836411
vn 0.3552180892 0 0.9347834557
vn 0.3552180892 0 0.9347834557
vn 0.3552180892 0 0.9347834557
vn 0.3552177211 0 0.9347835956
vn 0.3552177211 0 0.9347835956
vn 0.3552177211 0 0.9347835956
vn 0.3552211415 0 0.9347822958
vn 0.3552211415 0 0.9347822958
vn 0.3552211415 0 0.9347822958
vn 0.3551916238 0 0.9347935122
vn 0.3551916238 0 0.9347935122
vn 0.3551916238 0 0.9347935122
vn 0.3552176463 0 0.934783624
vn 0.3552176463 0 0.934783624
vn 0.3552176463 0 0.934783624
vn 0.355218481 0 0.9347833069
vn 0.355218481 0 0.9347833069
vn 0.355218481 0 0.9347833069
vn 0.2763050921 0 0.9610699746
vn 0.2763050921 0 0.9610699746
vn 0.2763050921 0 0.9610699746
vn 0.2763178215 0 0.9610663148
vn 0.2763178215 0 0.9610663148
vn 0.2763178215 0 0.9610663148
vn 0.3552174077 0 0.9347837147
vn 0.3552174077 0 0.9347837147
vn 0.3552174077 0 0.9347837147
vn 0.355217321 0 0.9347837476
vn 0.355217321 0 0.9347837476
vn 0.355217321 0 0.9347837476
vn 0.3552179679 0 0.9347835018
vn 0.3552179679 0 0.9347835018
vn 0.3552179679 0 0.9347835018
vn 0.3552176198 0 0.9347836341
vn 0.3552176198 0 0.9347836341
vn 0.3552176198 0 0.9347836341
vn 0.3552177283 0 0.9347835929
vn 0.3552177283 0 0.9347835929
vn 0.3552177283 0 0.9347835929
vn 1 0 -0
vn 1 0 -0
vn 1 0 -0
vn 1 -0 0
vn 1 -0 0
vn 1 -0 0
vn 0.3552172425 -0 0.9347837775
vn 0.3552172425 -0 0.9347837775
vn 0.3552172425 -0 0.9347837775
vn 0.3552178814 -0 0.9347835347
vn 0.3552178814 -0 0.9347835347
vn 0.3552178814 -0 0.9347835347
vn 0.3552177211 -0 0.9347835956
vn 0.3552177211 -0 0.9347835956
vn 0.3552177211 -0 0.9347835956
vn 0.3552183221 -0 0.9347833672
vn 0.3552183221 -0 0.9347833672
vn 0.3552183221 -0 0.9347833672
vn 0.3552177606 -0 0.9347835806
vn 0.3552177606 -0 0.9347835806
vn 0.3552177606 -0 0.9347835806
vn 0.09521732186 -0 0.9954565092
vn 0.09521732186 -0 0.9954565092
vn 0.09521732186 -0 0.9954565092
vn 0.09522160047 -0 0.9954560999
vn 0.09522160047 -0 0.9954560999
vn 0.09522160047 -0 0.9954560999
vn 0.09521744869 -0 0.995456497
vn 0.09521744869 -0 0.995456497
vn 0.09521744869 -0 0.995456497
vn 0.09521791864 -0 0.9954564521
vn 0.09521791864 -0 0.9954564521
vn 0.09521791864 -0 0.9954564521
vn 0.09521780894 -0 0.9954564626
vn 0.09521780894 -0 0.9954564626
vn 0.09521780894 -0 0.9954564626
vn 0.09521686297 0 0.995456553
vn 0.09521686297 0 0.995456553
vn 0.09521686297 0 0.995456553
vn 0.0952183008 -0 0.9954564155
vn 0.0952183008 -0 0.9954564155
vn 0.0952183008 -0 0.9954564155
vn 0.09521759028 -0 0.9954564835
vn 0.09521759028 -0 0.9954564835
vn 0.09521759028 -0 0.9954564835
vn 0.09521719077 -0 0.9954565217
vn 0.09521719077 -0 0.9954565217
vn 0.09521719077 -0 0.9954565217
vn 0.09521872651 -0 0.9954563748
vn 0.09521872651 -0 0.9954563748
vn 0.09521872651 -0 0.9954563748
vn 0.09521747665 -0 0.9954564943
vn 0.09521747665 -0 0.9954564943
vn 0.09521747665 -0 0.9954564943
vn 0.09521890759 -0 0.9954563575
vn 0.09521890759 -0 0.9954563575
vn 0.09521890759 -0 0.9954563575
vn 1 0 -0
vn 1 0 -0
vn 1 0 -0
vn 1 -0 0
vn 1 -0 0
vn 1 -0 0
vn 1 0 -0
vn 1 0 -0
vn 1 0 -0
vn 0.3552183221 0 0.9347833672
vn 0.3552183221 0 0.9347833672
vn 0.3552183221 0 0.9347833672
vn 0.3552177606 0 0.9347835806
vn 0.3552177606 0 0.9347835806
vn 0.3552177606 0 0.9347835806
vn 0.3552178814 0 0.9347835347
vn 0.3552178814 0 0.9347835347
vn 0.3552178814 0 0.9347835347
vn 0.3552172425 0 0.9347837775
vn 0.3552172425 0 0.9347837775
vn 0.3552172425 0 0.9347837775
vn 0.09521732186 0 0.9954565092
vn 0.09521732186 0 0.9954565092
vn 0.09521732186 0 0.9954565092
vn 0.09522160047 0 0.9954560999
vn 0.09522160047 0 0.9954560999
vn 0.09522160047 0 0.9954560999
vn 0.09521744869 0 0.995456497
vn 0.09521744869 0 0.995456497
vn 0.09521744869 0 0.995456497
vn 0.09521780894 0 0.9954564626
vn 0.09521780894 0 0.9954564626
vn 0.09521780894 0 0.9954564626
vn 0.09521791864 0 0.9954564521
vn 0.09521791864 0 0.9954564521
vn 0.09521791864 0 0.9954564521
vn 0.09521686297 -0 0.995456553
vn 0.09521686297 -0 0.995456553
vn 0.09521686297 -0 0.995456553
vn 0.0952183008 0 0.9954564155
vn 0.0952183008 0 0.9954564155
vn 0.0952183008 0 0.9954564155
vn 0.09521759028 0 0.9954564835
vn 0.09521759028 0 0.9954564835
vn 0.09521759028 0 0.9954564835
vn 0.09521747665 0 0.9954564943
vn 0.09521747665 0 0.9954564943
vn 0.09521747665 0 0.9954564943
vn 0.09521890759 0 0.9954563575
vn 0.09521890759 0 0.9954563575
vn 0.09521890759 0 0.9954563575
vn 0.09521719077 0 0.9954565217
vn 0.09521719077 0 0.9954565217
vn 0.09521719077 0 0.9954565217
vn 0.09521872651 0 0.9954563748
vn 0.09521872651 0 0.9954563748
vn 0.09521872651 0 0.9954563748
f 195/1/1 65/2/2 152/3/3
f 195/4/4 56/5/5 65/6/6
f 152/7/7 65/8/8 63/9/9
f 56/10/10 64/11/11 65/12/12
f 3/13/13 4/14/14 24/15/15
f 3/16/16 49/17/17 4/18/18
f 6/19/19 7/20/20 5/21/21
f 6/22/22 8/23/23 7/24/24
f 7/25/25 8/26/26 21/27/27
f 11/28/28 1/29/29 13/30/30
f 11/31/31 12/32/32 1/33/33
f 10/34/34 29/35/35 11/36/36
f 11/37/37 28/38/38 12/39/39
f 14/40/40 10/41/41 11/42/42
f 14/43/43 11/44/44 13/45/45
f 14/46/46 13/47/47 19/48/48
f 17/49/49 16/50/50 15/51/51
f 17/52/52 18/53/53 16/54/54
f 17/55/55 15/56/56 9/57/57
f 17/58/58 19/59/59 18/60/60
f 14/61/61 19/62/62 17/63/63
f 10/64/64 74/65/65 91/66/66
f 17/67/67 9/68/68 70/69/69
f 70/70/70 9/71/71 20/72/72
f 67/73/73 8/74/74 66/75/75
f 67/76/76 21/77/77 8/78/78
f 67/79/79 20/80/80 22/81/81
f 67/82/82 22/83/83 21/84/84
f 17/85/85 70/86/86 73/87/87
f 67/88/88 70/89/89 20/90/90
f 14/91/91 17/92/92 72/93/93
f 14/94/94 72/95/95 10/96/96
f 10/97/97 72/98/98 74/99/99
f 17/100/100 73/101/101 72/102/102
f 2/103/103 23/104/104 32/105/105
f 23/106/106 27/107/107 32/108/108
f 2/109/109 10/110/110 91/111/111
f 2/112/112 91/113/113 23/114/114
f 24/115/115 4/116/116 27/117/117
f 23/118/118 24/119/119 27/120/120
f 27/121/121 25/122/122 35/123/123
f 4/124/124 26/125/125 25/126/126
f 4/127/127 25/128/128 27/129/129
f 4/130/130 59/131/131 26/132/132
f 3/133/133 24/134/134 93/135/135
f 23/136/136 92/137/137 24/138/138
f 2/139/139 29/140/140 10/141/141
f 2/142/142 32/143/143 29/144/144
f 11/145/145 29/146/146 28/147/147
f 29/148/148 30/149/149 28/150/150
f 29/151/151 31/152/152 30/153/153
f 29/154/154 32/155/155 31/156/156
f 32/157/157 33/158/158 31/159/159
f 32/160/160 34/161/161 33/162/162
f 32/163/163 27/164/164 34/165/165
f 27/166/166 35/167/167 34/168/168
f 23/169/169 91/170/170 90/171/171
f 23/172/172 90/173/173 92/174/174
f 24/175/175 92/176/176 93/177/177
f 3/178/178 93/179/179 114/180/180
f 38/181/181 51/182/182 36/183/183
f 38/184/184 37/185/185 50/186/186
f 38/187/187 50/188/188 51/189/189
f 39/190/190 56/191/191 44/192/192
f 42/193/193 44/194/194 43/195/195
f 50/196/196 43/197/197 41/198/198
f 43/199/199 44/200/200 40/201/201
f 43/202/202 40/203/203 41/204/204
f 42/205/205 43/206/206 37/207/207
f 42/208/208 39/209/209 44/210/210
f 37/211/211 43/212/212 50/213/213
f 56/214/214 228/215/215 47/216/216
f 44/217/217 45/218/218 40/219/219
f 44/220/220 47/221/221 46/222/222
f 44/223/223 46/224/224 45/225/225
f 56/226/226 47/227/227 44/228/228
f 3/229/229 48/230/230 49/231/231
f 48/232/232 57/233/233 49/234/234
f 48/235/235 36/236/236 57/237/237
f 36/238/238 51/239/239 57/240/240
f 49/241/241 59/242/242 4/243/243
f 50/244/244 55/245/245 54/246/246
f 57/247/247 51/248/248 53/249/249
f 51/250/250 52/251/251 53/252/252
f 51/253/253 54/254/254 52/255/255
f 51/256/256 50/257/257 54/258/258
f 50/259/259 41/260/260 55/261/261
f 48/262/262 115/263/263 36/264/264
f 38/265/265 36/266/266 113/267/267
f 38/268/268 111/269/269 37/270/270
f 42/271/271 37/272/272 111/273/273
f 42/274/274 111/275/275 112/276/276
f 48/277/277 114/278/278 115/279/279
f 36/280/280 115/281/281 113/282/282
f 38/283/283 113/284/284 111/285/285
f 42/286/286 112/287/287 39/288/288
f 39/289/289 64/290/290 56/291/291
f 39/292/292 112/293/293 116/294/294
f 39/295/295 116/296/296 64/297/297
f 57/298/298 53/299/299 62/300/300
f 49/301/301 60/302/302 59/303/303
f 49/304/304 58/305/305 60/306/306
f 49/307/307 61/308/308 58/309/309
f 57/310/310 61/311/311 49/312/312
f 57/313/313 62/314/314 61/315/315
f 3/316/316 114/317/317 48/318/318
f 65/319/319 305/320/320 63/321/321
f 65/322/322 64/323/323 117/324/324
f 65/325/325 295/326/326 305/327/327
f 65/328/328 117/329/329 295/330/330
f 91/331/331 74/332/332 86/333/333
f 67/334/334 69/335/335 68/336/336
f 67/337/337 66/338/338 75/339/339
f 67/340/340 75/341/341 69/342/342
f 67/343/343 68/344/344 71/345/345
f 67/346/346 71/347/347 70/348/348
f 73/349/349 70/350/350 81/351/351
f 70/352/352 71/353/353 76/354/354
f 70/355/355 76/356/356 81/357/357
f 72/358/358 73/359/359 81/360/360
f 72/361/361 81/362/362 80/363/363
f 74/364/364 72/365/365 86/366/366
f 72/367/367 80/368/368 86/369/369
f 75/370/370 78/371/371 69/372/372
f 75/373/373 77/374/374 78/375/375
f 77/376/376 79/377/377 78/378/378
f 80/379/379 85/380/380 87/381/381
f 81/382/382 84/383/383 82/384/384
f 81/385/385 76/386/386 83/387/387
f 81/388/388 82/389/389 85/390/390
f 81/391/391 83/392/392 84/393/393
f 80/394/394 81/395/395 85/396/396
f 80/397/397 89/398/398 86/399/399
f 80/400/400 87/401/401 89/402/402
f 86/403/403 89/404/404 101/405/405
f 89/406/406 88/407/407 99/408/408
f 89/409/409 87/410/410 107/411/411
f 89/412/412 107/413/413 88/414/414
f 90/415/415 91/416/416 94/417/417
f 90/418/418 94/419/419 92/420/420
f 93/421/421 92/422/422 96/423/423
f 114/424/424 93/425/425 109/426/426
f 91/427/427 86/428/428 108/429/429
f 91/430/430 108/431/431 94/432/432
f 94/433/433 104/434/434 95/435/435
f 108/436/436 104/437/437 94/438/438
f 93/439/439 96/440/440 109/441/441
f 94/442/442 96/443/443 92/444/444
f 94/445/445 95/446/446 96/447/447
f 95/448/448 106/449/449 97/450/450
f 96/451/451 95/452/452 110/453/453
f 110/454/454 95/455/455 97/456/456
f 110/457/457 97/458/458 98/459/459
f 110/460/460 98/461/461 120/462/462
f 101/463/463 99/464/464 102/465/465
f 101/466/466 102/467/467 100/468/468
f 101/469/469 100/470/470 104/471/471
f 108/472/472 86/473/473 101/474/474
f 108/475/475 101/476/476 104/477/477
f 89/478/478 99/479/479 101/480/480
f 104/481/481 100/482/482 103/483/483
f 104/484/484 103/485/485 105/486/486
f 95/487/487 105/488/488 106/489/489
f 95/490/490 104/491/491 105/492/492
f 109/493/493 96/494/494 110/495/495
f 109/496/496 110/497/497 137/498/498
f 112/499/499 111/500/500 128/501/501
f 115/502/502 114/503/503 136/504/504
f 113/505/505 115/506/506 124/507/507
f 111/508/508 113/509/509 126/510/510
f 115/511/511 136/512/512 124/513/513
f 113/514/514 124/515/515 126/516/516
f 111/517/517 126/518/518 125/519/519
f 111/520/520 125/521/521 128/522/522
f 116/523/523 112/524/524 127/525/525
f 116/526/526 127/527/527 64/528/528
f 112/529/529 128/530/530 127/531/531
f 64/532/532 127/533/533 117/534/534
f 114/535/535 109/536/536 136/537/537
f 118/538/538 123/539/539 138/540/540
f 137/541/541 120/542/542 121/543/543
f 137/544/544 121/545/545 119/546/546
f 137/547/547 119/548/548 122/549/549
f 118/550/550 137/551/551 122/552/552
f 118/553/553 122/554/554 123/555/555
f 126/556/556 124/557/557 140/558/558
f 126/559/559 142/560/560 125/561/561
f 126/562/562 140/563/563 142/564/564
f 127/565/565 132/566/566 117/567/567
f 128/568/568 125/569/569 129/570/570
f 128/571/571 132/572/572 127/573/573
f 125/574/574 142/575/575 129/576/576
f 128/577/577 129/578/578 132/579/579
f 142/580/580 131/581/581 129/582/582
f 129/583/583 130/584/584 133/585/585
f 129/586/586 131/587/587 130/588/588
f 117/589/589 132/590/590 135/591/591
f 117/592/592 135/593/593 350/594/594
f 129/595/595 133/596/596 132/597/597
f 132/598/598 134/599/599 135/600/600
f 132/601/601 133/602/602 134/603/603
f 109/604/604 137/605/605 136/606/606
f 136/607/607 137/608/608 118/609/609
f 136/610/610 118/611/611 124/612/612
f 124/613/613 118/614/614 140/615/615
f 137/616/616 110/617/617 120/618/618
f 118/619/619 138/620/620 140/621/621
f 140/622/622 138/623/623 139/624/624
f 140/625/625 139/626/626 141/627/627
f 140/628/628 141/629/629 142/630/630
f 142/631/631 141/632/632 143/633/633
f 142/634/634 143/635/635 131/636/636
f 146/637/637 155/638/638 145/639/639
f 179/640/640 147/641/641 149/642/642
f 147/643/643 212/644/644 149/645/645
f 144/646/646 148/647/647 146/648/648
f 144/649/649 191/650/650 148/651/651
f 191/652/652 151/653/653 148/654/654
f 191/655/655 150/656/656 151/657/657
f 146/658/658 148/659/659 155/660/660
f 155/661/661 148/662/662 151/663/663
f 155/664/664 151/665/665 157/666/666
f 150/667/667 197/668/668 151/669/669
f 150/670/670 149/671/671 197/672/672
f 151/673/673 202/674/674 157/675/675
f 151/676/676 197/677/677 202/678/678
f 179/679/679 149/680/680 150/681/681
f 145/682/682 155/683/683 196/684/684
f 194/685/685 196/686/686 153/687/687
f 195/688/688 152/689/689 227/690/690
f 193/691/691 153/692/692 154/693/693
f 153/694/694 159/695/695 154/696/696
f 152/697/697 154/698/698 227/699/699
f 154/700/700 159/701/701 227/702/702
f 155/703/703 156/704/704 196/705/705
f 155/706/706 157/707/707 156/708/708
f 196/709/709 158/710/710 153/711/711
f 196/712/712 156/713/713 158/714/714
f 157/715/715 204/716/716 156/717/717
f 157/718/718 202/719/719 204/720/720
f 156/721/721 204/722/722 220/723/723
f 153/724/724 158/725/725 159/726/726
f 156/727/727 220/728/728 158/729/729
f 158/730/730 221/731/731 159/732/732
f 161/733/733 144/734/734 250/735/735
f 144/736/736 146/737/737 249/738/738
f 146/739/739 145/740/740 248/741/741
f 160/742/742 247/743/743 246/744/744
f 161/745/745 250/746/746 247/747/747
f 145/748/748 292/749/749 248/750/750
f 144/751/751 249/752/752 250/753/753
f 146/754/754 248/755/755 249/756/756
f 174/757/757 162/758/758 160/759/759
f 160/760/760 162/761/761 163/762/762
f 160/763/763 163/764/764 176/765/765
f 160/766/766 176/767/767 161/768/768
f 179/769/769 163/770/770 175/771/771
f 179/772/772 176/773/773 163/774/774
f 174/775/775 164/776/776 167/777/777
f 168/778/778 172/779/779 166/780/780
f 166/781/781 182/782/782 165/783/783
f 166/784/784 171/785/785 182/786/786
f 168/787/787 166/788/788 165/789/789
f 174/790/790 167/791/791 162/792/792
f 164/793/793 172/794/794 167/795/795
f 168/796/796 167/797/797 172/798/798
f 167/799/799 173/800/800 162/801/801
f 168/802/802 169/803/803 167/804/804
f 165/805/805 183/806/806 169/807/807
f 168/808/808 165/809/809 169/810/810
f 167/811/811 169/812/812 173/813/813
f 169/814/814 184/815/815 173/816/816
f 170/817/817 192/818/818 172/819/819
f 166/820/820 172/821/821 171/822/822
f 192/823/823 181/824/824 171/825/825
f 192/826/826 171/827/827 172/828/828
f 170/829/829 172/830/830 164/831/831
f 174/832/832 160/833/833 251/834/834
f 160/835/835 161/836/836 247/837/837
f 162/838/838 173/839/839 163/840/840
f 173/841/841 175/842/842 163/843/843
f 177/844/844 183/845/845 182/846/846
f 177/847/847 181/848/848 178/849/849
f 177/850/850 182/851/851 181/852/852
f 177/853/853 178/854/854 185/855/855
f 177/856/856 185/857/857 184/858/858
f 178/859/859 188/860/860 185/861/861
f 179/862/862 180/863/863 147/864/864
f 179/865/865 175/866/866 180/867/867
f 147/868/868 180/869/869 212/870/870
f 181/871/871 182/872/872 171/873/873
f 186/874/874 187/875/875 181/876/876
f 181/877/877 187/878/878 178/879/879
f 165/880/880 182/881/881 183/882/882
f 177/883/883 184/884/884 183/885/885
f 169/886/886 183/887/887 184/888/888
f 184/889/889 190/890/890 180/891/891
f 184/892/892 185/893/893 190/894/894
f 192/895/895 186/896/896 181/897/897
f 187/898/898 189/899/899 178/900/900
f 178/901/901 189/902/902 188/903/903
f 188/904/904 189/905/905 214/906/906
f 188/907/907 211/908/908 185/909/909
f 185/910/910 211/911/911 190/912/912
f 184/913/913 180/914/914 175/915/915
f 173/916/916 184/917/917 175/918/918
f 190/919/919 212/920/920 180/921/921
f 161/922/922 191/923/923 144/924/924
f 161/925/925 176/926/926 191/927/927
f 176/928/928 150/929/929 191/930/930
f 179/931/931 150/932/932 176/933/933
f 174/934/934 252/935/935 164/936/936
f 170/937/937 164/938/938 253/939/939
f 170/940/940 253/941/941 192/942/942
f 192/943/943 254/944/944 186/945/945
f 160/946/946 246/947/947 251/948/948
f 164/949/949 252/950/950 253/951/951
f 174/952/952 251/953/953 252/954/954
f 192/955/955 253/956/956 254/957/957
f 186/958/958 256/959/959 187/960/960
f 187/961/961 257/962/962 189/963/963
f 189/964/964 258/965/965 214/966/966
f 186/967/967 254/968/968 256/969/969
f 187/970/970 256/971/971 257/972/972
f 189/973/973 257/974/974 258/975/975
f 193/976/976 152/977/977 63/978/978
f 194/979/979 193/980/980 291/981/981
f 145/982/982 196/983/983 194/984/984
f 194/985/985 153/986/986 193/987/987
f 145/988/988 194/989/989 292/990/990
f 193/991/991 154/992/992 152/993/993
f 194/994/994 291/995/995 292/996/996
f 193/997/997 63/998/998 291/999/999
f 158/1000/1000 220/1001/1001 221/1002/1002
f 212/1003/1003 198/1004/1004 149/1005/1005
f 149/1006/1006 199/1007/1007 197/1008/1008
f 197/1009/1009 199/1010/1010 202/1011/1011
f 198/1012/1012 199/1013/1013 149/1014/1014
f 198/1015/1015 200/1016/1016 199/1017/1017
f 198/1018/1018 213/1019/1019 200/1020/1020
f 202/1021/1021 199/1022/1022 203/1023/1023
f 213/1024/1024 218/1025/1025 200/1026/1026
f 199/1027/1027 200/1028/1028 203/1029/1029
f 200/1030/1030 205/1031/1031 203/1032/1032
f 200/1033/1033 201/1034/1034 205/1035/1035
f 200/1036/1036 218/1037/1037 201/1038/1038
f 202/1039/1039 219/1040/1040 204/1041/1041
f 202/1042/1042 203/1043/1043 219/1044/1044
f 203/1045/1045 205/1046/1046 206/1047/1047
f 222/1048/1048 243/1049/1049 240/1050/1050
f 205/1051/1051 201/1052/1052 207/1053/1053
f 205/1054/1054 207/1055/1055 206/1056/1056
f 206/1057/1057 207/1058/1058 208/1059/1059
f 206/1060/1060 208/1061/1061 223/1062/1062
f 222/1063/1063 223/1064/1064 243/1065/1065
f 209/1066/1066 244/1067/1067 243/1068/1068
f 244/1069/1069 210/1070/1070 245/1071/1071
f 208/1072/1072 209/1073/1073 223/1074/1074
f 223/1075/1075 209/1076/1076 243/1077/1077
f 209/1078/1078 210/1079/1079 244/1080/1080
f 209/1081/1081 224/1082/1082 210/1083/1083
f 211/1084/1084 215/1085/1085 216/1086/1086
f 212/1087/1087 216/1088/1088 198/1089/1089
f 198/1090/1090 216/1091/1091 213/1092/1092
f 213/1093/1093 216/1094/1094 217/1095/1095
f 188/1096/1096 214/1097/1097 211/1098/1098
f 190/1099/1099 211/1100/1100 216/1101/1101
f 211/1102/1102 214/1103/1103 215/1104/1104
f 190/1105/1105 216/1106/1106 212/1107/1107
f 215/1108/1108 217/1109/1109 216/1110/1110
f 217/1111/1111 315/1112/1112 218/1113/1113
f 213/1114/1114 217/1115/1115 218/1116/1116
f 214/1117/1117 313/1118/1118 215/1119/1119
f 215/1120/1120 314/1121/1121 217/1122/1122
f 214/1123/1123 258/1124/1124 313/1125/1125
f 215/1126/1126 313/1127/1127 314/1128/1128
f 217/1129/1129 314/1130/1130 315/1131/1131
f 218/1132/1132 315/1133/1133 324/1134/1134
f 218/1135/1135 324/1136/1136 201/1137/1137
f 201/1138/1138 324/1139/1139 325/1140/1140
f 204/1141/1141 219/1142/1142 222/1143/1143
f 203/1144/1144 206/1145/1145 219/1146/1146
f 219/1147/1147 206/1148/1148 223/1149/1149
f 204/1150/1150 222/1151/1151 220/1152/1152
f 220/1153/1153 240/1154/1154 221/1155/1155
f 220/1156/1156 222/1157/1157 240/1158/1158
f 219/1159/1159 223/1160/1160 222/1161/1161
f 201/1162/1162 325/1163/1163 207/1164/1164
f 207/1165/1165 330/1166/1166 208/1167/1167
f 208/1168/1168 331/1169/1169 209/1170/1170
f 209/1171/1171 332/1172/1172 224/1173/1173
f 207/1174/1174 325/1175/1175 330/1176/1176
f 208/1177/1177 330/1178/1178 331/1179/1179
f 209/1180/1180 331/1181/1181 332/1182/1182
f 56/1183/1183 229/1184/1184 228/1185/1185
f 227/1186/1186 230/1187/1187 229/1188/1188
f 195/1189/1189 229/1190/1190 56/1191/1191
f 195/1192/1192 227/1193/1193 229/1194/1194
f 227/1195/1195 225/1196/1196 230/1197/1197
f 227/1198/1198 226/1199/1199 225/1200/1200
f 227/1201/1201 234/1202/1202 226/1203/1203
f 159/1204/1204 236/1205/1205 233/1206/1206
f 234/1207/1207 232/1208/1208 226/1209/1209
f 234/1210/1210 231/1211/1211 232/1212/1212
f 234/1213/1213 233/1214/1214 231/1215/1215
f 227/1216/1216 159/1217/1217 234/1218/1218
f 159/1219/1219 233/1220/1220 234/1221/1221
f 159/1222/1222 221/1223/1223 236/1224/1224
f 221/1225/1225 235/1226/1226 236/1227/1227
f 240/1228/1228 238/1229/1229 239/1230/1230
f 221/1231/1231 237/1232/1232 235/1233/1233
f 221/1234/1234 240/1235/1235 237/1236/1236
f 240/1237/1237 239/1238/1238 237/1239/1239
f 240/1240/1240 243/1241/1241 238/1242/1242
f 243/1243/1243 242/1244/1244 238/1245/1245
f 243/1246/1246 241/1247/1247 242/1248/1248
f 243/1249/1249 244/1250/1250 241/1251/1251
f 246/1252/1252 247/1253/1253 272/1254/1254
f 247/1255/1255 250/1256/1256 273/1257/1257
f 248/1258/1258 292/1259/1259 298/1260/1260
f 249/1261/1261 297/1262/1262 250/1263/1263
f 249/1264/1264 248/1265/1265 299/1266/1266
f 273/1267/1267 250/1268/1268 297/1269/1269
f 249/1270/1270 299/1271/1271 297/1272/1272
f 299/1273/1273 248/1274/1274 298/1275/1275
f 252/1276/1276 259/1277/1277 253/1278/1278
f 252/1279/1279 251/1280/1280 269/1281/1281
f 254/1282/1282 253/1283/1283 255/1284/1284
f 252/1285/1285 269/1286/1286 259/1287/1287
f 253/1288/1288 260/1289/1289 255/1290/1290
f 254/1291/1291 255/1292/1292 276/1293/1293
f 253/1294/1294 259/1295/1295 260/1296/1296
f 251/1297/1297 246/1298/1298 272/1299/1299
f 254/1300/1300 276/1301/1301 256/1302/1302
f 256/1303/1303 277/1304/1304 257/1305/1305
f 257/1306/1306 285/1307/1307 258/1308/1308
f 256/1309/1309 276/1310/1310 277/1311/1311
f 257/1312/1312 277/1313/1313 285/1314/1314
f 258/1315/1315 285/1316/1316 316/1317/1317
f 269/1318/1318 266/1319/1319 259/1320/1320
f 260/1321/1321 262/1322/1322 255/1323/1323
f 255/1324/1324 262/1325/1325 261/1326/1326
f 261/1327/1327 262/1328/1328 264/1329/1329
f 255/1330/1330 261/1331/1331 278/1332/1332
f 260/1333/1333 259/1334/1334 262/1335/1335
f 268/1336/1336 264/1337/1337 262/1338/1338
f 268/1339/1339 265/1340/1340 264/1341/1341
f 261/1342/1342 264/1343/1343 279/1344/1344
f 264/1345/1345 265/1346/1346 279/1347/1347
f 259/1348/1348 266/1349/1349 262/1350/1350
f 268/1351/1351 262/1352/1352 266/1353/1353
f 266/1354/1354 274/1355/1355 263/1356/1356
f 269/1357/1357 274/1358/1358 266/1359/1359
f 268/1360/1360 266/1361/1361 267/1362/1362
f 268/1363/1363 267/1364/1364 265/1365/1365
f 265/1366/1366 267/1367/1367 280/1368/1368
f 266/1369/1369 263/1370/1370 267/1371/1371
f 267/1372/1372 263/1373/1373 281/1374/1374
f 251/1375/1375 272/1376/1376 269/1377/1377
f 247/1378/1378 273/1379/1379 272/1380/1380
f 274/1381/1381 275/1382/1382 263/1383/1383
f 263/1384/1384 275/1385/1385 270/1386/1386
f 269/1387/1387 272/1388/1388 274/1389/1389
f 272/1390/1390 275/1391/1391 274/1392/1392
f 272/1393/1393 271/1394/1394 275/1395/1395
f 272/1396/1396 273/1397/1397 271/1398/1398
f 275/1399/1399 289/1400/1400 270/1401/1401
f 275/1402/1402 271/1403/1403 289/1404/1404
f 255/1405/1405 278/1406/1406 276/1407/1407
f 276/1408/1408 278/1409/1409 277/1410/1410
f 261/1411/1411 279/1412/1412 278/1413/1413
f 278/1414/1414 287/1415/1415 277/1416/1416
f 267/1417/1417 281/1418/1418 280/1419/1419
f 265/1420/1420 280/1421/1421 279/1422/1422
f 280/1423/1423 281/1424/1424 286/1425/1425
f 281/1426/1426 283/1427/1427 282/1428/1428
f 281/1429/1429 288/1430/1430 283/1431/1431
f 277/1432/1432 287/1433/1433 285/1434/1434
f 287/1435/1435 284/1436/1436 285/1437/1437
f 284/1438/1438 316/1439/1439 285/1440/1440
f 282/1441/1441 283/1442/1442 319/1443/1443
f 284/1444/1444 282/1445/1445 319/1446/1446
f 263/1447/1447 270/1448/1448 281/1449/1449
f 281/1450/1450 270/1451/1451 288/1452/1452
f 283/1453/1453 288/1454/1454 320/1455/1455
f 279/1456/1456 280/1457/1457 286/1458/1458
f 278/1459/1459 286/1460/1460 287/1461/1461
f 278/1462/1462 279/1463/1463 286/1464/1464
f 286/1465/1465 282/1466/1466 287/1467/1467
f 281/1468/1468 282/1469/1469 286/1470/1470
f 287/1471/1471 282/1472/1472 284/1473/1473
f 270/1474/1474 289/1475/1475 288/1476/1476
f 289/1477/1477 300/1478/1478 288/1479/1479
f 288/1480/1480 300/1481/1481 320/1482/1482
f 273/1483/1483 290/1484/1484 271/1485/1485
f 273/1486/1486 297/1487/1487 290/1488/1488
f 271/1489/1489 290/1490/1490 302/1491/1491
f 271/1492/1492 302/1493/1493 289/1494/1494
f 291/1495/1495 63/1496/1496 293/1497/1497
f 292/1498/1498 291/1499/1499 294/1500/1500
f 63/1501/1501 305/1502/1502 293/1503/1503
f 291/1504/1504 293/1505/1505 294/1506/1506
f 292/1507/1507 294/1508/1508 298/1509/1509
f 298/1510/1510 294/1511/1511 296/1512/1512
f 294/1513/1513 293/1514/1514 307/1515/1515
f 293/1516/1516 305/1517/1517 306/1518/1518
f 311/1519/1519 328/1520/1520 327/1521/1521
f 299/1522/1522 298/1523/1523 308/1524/1524
f 289/1525/1525 304/1526/1526 300/1527/1527
f 320/1528/1528 300/1529/1529 304/1530/1530
f 297/1531/1531 299/1532/1532 301/1533/1533
f 297/1534/1534 301/1535/1535 290/1536/1536
f 290/1537/1537 303/1538/1538 302/1539/1539
f 290/1540/1540 301/1541/1541 303/1542/1542
f 299/1543/1543 308/1544/1544 301/1545/1545
f 308/1546/1546 303/1547/1547 301/1548/1548
f 308/1549/1549 309/1550/1550 303/1551/1551
f 289/1552/1552 302/1553/1553 304/1554/1554
f 302/1555/1555 303/1556/1556 337/1557/1557
f 302/1558/1558 337/1559/1559 304/1560/1560
f 303/1561/1561 309/1562/1562 342/1563/1563
f 303/1564/1564 342/1565/1565 337/1566/1566
f 298/1567/1567 296/1568/1568 308/1569/1569
f 294/1570/1570 307/1571/1571 296/1572/1572
f 295/1573/1573 349/1574/1574 305/1575/1575
f 293/1576/1576 306/1577/1577 307/1578/1578
f 307/1579/1579 306/1580/1580 312/1581/1581
f 305/1582/1582 349/1583/1583 306/1584/1584
f 306/1585/1585 349/1586/1586 312/1587/1587
f 308/1588/1588 296/1589/1589 310/1590/1590
f 308/1591/1591 310/1592/1592 309/1593/1593
f 296/1594/1594 307/1595/1595 311/1596/1596
f 296/1597/1597 311/1598/1598 310/1599/1599
f 310/1600/1600 327/1601/1601 341/1602/1602
f 309/1603/1603 310/1604/1604 341/1605/1605
f 309/1606/1606 341/1607/1607 342/1608/1608
f 307/1609/1609 312/1610/1610 311/1611/1611
f 310/1612/1612 311/1613/1613 327/1614/1614
f 311/1615/1615 312/1616/1616 328/1617/1617
f 258/1618/1618 316/1619/1619 313/1620/1620
f 313/1621/1621 317/1622/1622 314/1623/1623
f 316/1624/1624 317/1625/1625 313/1626/1626
f 317/1627/1627 322/1628/1628 314/1629/1629
f 314/1630/1630 322/1631/1631 315/1632/1632
f 315/1633/1633 323/1634/1634 324/1635/1635
f 284/1636/1636 319/1637/1637 316/1638/1638
f 283/1639/1639 318/1640/1640 319/1641/1641
f 319/1642/1642 317/1643/1643 316/1644/1644
f 283/1645/1645 320/1646/1646 318/1647/1647
f 317/1648/1648 318/1649/1649 322/1650/1650
f 319/1651/1651 318/1652/1652 317/1653/1653
f 320/1654/1654 335/1655/1655 318/1656/1656
f 318/1657/1657 321/1658/1658 322/1659/1659
f 318/1660/1660 335/1661/1661 321/1662/1662
f 322/1663/1663 323/1664/1664 315/1665/1665
f 322/1666/1666 321/1667/1667 323/1668/1668
f 324/1669/1669 339/1670/1670 325/1671/1671
f 324/1672/1672 323/1673/1673 339/1674/1674
f 341/1675/1675 329/1676/1676 326/1677/1677
f 340/1678/1678 326/1679/1679 344/1680/1680
f 326/1681/1681 333/1682/1682 344/1683/1683
f 341/1684/1684 327/1685/1685 329/1686/1686
f 327/1687/1687 361/1688/1688 329/1689/1689
f 327/1690/1690 328/1691/1691 361/1692/1692
f 326/1693/1693 329/1694/1694 333/1695/1695
f 325/1696/1696 345/1697/1697 330/1698/1698
f 330/1699/1699 346/1700/1700 331/1701/1701
f 331/1702/1702 347/1703/1703 332/1704/1704
f 325/1705/1705 339/1706/1706 345/1707/1707
f 345/1708/1708 346/1709/1709 330/1710/1710
f 331/1711/1711 346/1712/1712 347/1713/1713
f 347/1714/1714 334/1715/1715 332/1716/1716
f 320/1717/1717 304/1718/1718 335/1719/1719
f 335/1720/1720 304/1721/1721 336/1722/1722
f 335/1723/1723 338/1724/1724 321/1725/1725
f 335/1726/1726 336/1727/1727 338/1728/1728
f 342/1729/1729 340/1730/1730 336/1731/1731
f 304/1732/1732 337/1733/1733 336/1734/1734
f 337/1735/1735 342/1736/1736 336/1737/1737
f 321/1738/1738 338/1739/1739 323/1740/1740
f 336/1741/1741 340/1742/1742 338/1743/1743
f 338/1744/1744 340/1745/1745 343/1746/1746
f 338/1747/1747 339/1748/1748 323/1749/1749
f 338/1750/1750 343/1751/1751 339/1752/1752
f 342/1753/1753 341/1754/1754 326/1755/1755
f 342/1756/1756 326/1757/1757 340/1758/1758
f 340/1759/1759 344/1760/1760 343/1761/1761
f 329/1762/1762 361/1763/1763 365/1764/1764
f 343/1765/1765 345/1766/1766 339/1767/1767
f 343/1768/1768 344/1769/1769 345/1770/1770
f 344/1771/1771 346/1772/1772 345/1773/1773
f 344/1774/1774 333/1775/1775 346/1776/1776
f 329/1777/1777 365/1778/1778 333/1779/1779
f 346/1780/1780 333/1781/1781 347/1782/1782
f 333/1783/1783 365/1784/1784 347/1785/1785
f 347/1786/1786 348/1787/1787 334/1788/1788
f 347/1789/1789 366/1790/1790 348/1791/1791
f 347/1792/1792 365/1793/1793 366/1794/1794
f 366/1795/1795 367/1796/1796 348/1797/1797
f 295/1798/1798 117/1799/1799 351/1800/1800
f 295/1801/1801 351/1802/1802 349/1803/1803
f 117/1804/1804 350/1805/1805 351/1806/1806
f 349/1807/1807 351/1808/1808 352/1809/1809
f 349/1810/1810 352/1811/1811 354/1812/1812
f 349/1813/1813 354/1814/1814 353/1815/1815
f 349/1816/1816 353/1817/1817 355/1818/1818
f 349/1819/1819 355/1820/1820 312/1821/1821
f 312/1822/1822 355/1823/1823 358/1824/1824
f 312/1825/1825 360/1826/1826 328/1827/1827
f 328/1828/1828 360/1829/1829 359/1830/1830
f 312/1831/1831 358/1832/1832 360/1833/1833
f 355/1834/1834 353/1835/1835 356/1836/1836
f 355/1837/1837 356/1838/1838 357/1839/1839
f 355/1840/1840 357/1841/1841 358/1842/1842
f 328/1843/1843 363/1844/1844 361/1845/1845
f 328/1846/1846 359/1847/1847 362/1848/1848
f 328/1849/1849 362/1850/1850 363/1851/1851
f 361/1852/1852 363/1853/1853 364/1854/1854
f 361/1855/1855 364/1856/1856 365/1857/1857
f 365/1858/1858 364/1859/1859 368/1860/1860
f 365/1861/1861 369/1862/1862 366/1863/1863
f 365/1864/1864 368/1865/1865 369/1866/1866
f 7/1867/1867 78/1868/1868 5/1869/1869
f 6/1870/1870 5/1871/1871 79/1872/1872
f 7/1873/1873 21/1874/1874 69/1875/1875
f 6/1876/1876 77/1877/1877 8/1878/1878
f 21/1879/1879 22/1880/1880 68/1881/1881
f 15/1882/1882 83/1883/1883 9/1884/1884
f 20/1885/1885 9/1886/1886 76/1887/1887
f 22/1888/1888 20/1889/1889 71/1890/1890
f 1/1891/1891 12/1892/1892 88/1893/1893
f 13/1894/1894 1/1895/1895 88/1896/1896
f 15/1897/1897 16/1898/1898 84/1899/1899
f 18/1900/1900 82/1901/1901 16/1902/1902
f 18/1903/1903 19/1904/1904 85/1905/1905
f 13/1906/1906 87/1907/1907 19/1908/1908
f 25/1909/1909 26/1910/1910 98/1911/1911
f 25/1912/1912 97/1913/1913 35/1914/1914
f 28/1915/1915 99/1916/1916 12/1917/1917
f 28/1918/1918 30/1919/1919 99/1920/1920
f 30/1921/1921 31/1922/1922 100/1923/1923
f 33/1924/1924 103/1925/1925 31/1926/1926
f 33/1927/1927 34/1928/1928 105/1929/1929
f 34/1930/1930 35/1931/1931 106/1932/1932
f 41/1933/1933 131/1934/1934 55/1935/1935
f 41/1936/1936 40/1937/1937 130/1938/1938
f 45/1939/1939 133/1940/1940 40/1941/1941
f 46/1942/1942 134/1943/1943 45/1944/1944
f 47/1945/1945 135/1946/1946 46/1947/1947
f 59/1948/1948 120/1949/1949 26/1950/1950
f 59/1951/1951 60/1952/1952 121/1953/1953
f 60/1954/1954 58/1955/1955 119/1956/1956
f 61/1957/1957 122/1958/1958 58/1959/1959
f 61/1960/1960 62/1961/1961 123/1962/1962
f 53/1963/1963 138/1964/1964 62/1965/1965
f 53/1966/1966 52/1967/1967 139/1968/1968
f 54/1969/1969 55/1970/1970 143/1971/1971
f 54/1972/1972 141/1973/1973 52/1974/1974
f 8/1975/1975 75/1976/1976 66/1977/1977
f 7/1978/1978 69/1979/1979 78/1980/1980
f 21/1981/1981 68/1982/1982 69/1983/1983
f 22/1984/1984 71/1985/1985 68/1986/1986
f 9/1987/1987 83/1988/1988 76/1989/1989
f 20/1990/1990 76/1991/1991 71/1992/1992
f 8/1993/1993 77/1994/1994 75/1995/1995
f 78/1996/1996 79/1997/1997 5/1998/1998
f 6/1999/1999 79/2000/2000 77/2001/2001
f 16/2002/2002 82/2003/2003 84/2004/2004
f 15/2005/2005 84/2006/2006 83/2007/2007
f 18/2008/2008 85/2009/2009 82/2010/2010
f 88/2011/2011 12/2012/2012 99/2013/2013
f 13/2014/2014 107/2015/2015 87/2016/2016
f 13/2017/2017 88/2018/2018 107/2019/2019
f 19/2020/2020 87/2021/2021 85/2022/2022
f 25/2023/2023 98/2024/2024 97/2025/2025
f 26/2026/2026 120/2027/2027 98/2028/2028
f 33/2029/2029 105/2030/2030 103/2031/2031
f 30/2032/2032 100/2033/2033 102/2034/2034
f 30/2035/2035 102/2036/2036 99/2037/2037
f 31/2038/2038 103/2039/2039 100/2040/2040
f 34/2041/2041 106/2042/2042 105/2043/2043
f 35/2044/2044 97/2045/2045 106/2046/2046
f 130/2047/2047 40/2048/2048 133/2049/2049
f 41/2050/2050 130/2051/2051 131/2052/2052
f 47/2053/2053 350/2054/2054 135/2055/2055
f 46/2056/2056 135/2057/2057 134/2058/2058
f 45/2059/2059 134/2060/2060 133/2061/2061
f 62/2062/2062 138/2063/2063 123/2064/2064
f 122/2065/2065 119/2066/2066 58/2067/2067
f 59/2068/2068 121/2069/2069 120/2070/2070
f 60/2071/2071 119/2072/2072 121/2073/2073
f 61/2074/2074 123/2075/2075 122/2076/2076
f 53/2077/2077 139/2078/2078 138/2079/2079
f 54/2080/2080 143/2081/2081 141/2082/2082
f 52/2083/2083 141/2084/2084 139/2085/2085
f 55/2086/2086 131/2087/2087 143/2088/2088
f 210/2089/2089 348/2090/2090 245/2091/2091
f 210/2092/2092 224/2093/2093 334/2094/2094
f 225/2095/2095 226/2096/2096 353/2097/2097
f 225/2098/2098 354/2099/2099 230/2100/2100
f 228/2101/2101 350/2102/2102 47/2103/2103
f 229/2104/2104 351/2105/2105 228/2106/2106
f 229/2107/2107 230/2108/2108 352/2109/2109
f 232/2110/2110 356/2111/2111 226/2112/2112
f 232/2113/2113 231/2114/2114 357/2115/2115
f 231/2116/2116 233/2117/2117 358/2118/2118
f 235/2119/2119 359/2120/2120 236/2121/2121
f 236/2122/2122 360/2123/2123 233/2124/2124
f 235/2125/2125 237/2126/2126 359/2127/2127
f 239/2128/2128 363/2129/2129 237/2130/2130
f 238/2131/2131 364/2132/2132 239/2133/2133
f 238/2134/2134 242/2135/2135 368/2136/2136
f 242/2137/2137 241/2138/2138 369/2139/2139
f 244/2140/2140 366/2141/2141 241/2142/2142
f 244/2143/2143 245/2144/2144 367/2145/2145
f 332/2146/2146 334/2147/2147 224/2148/2148
f 210/2149/2149 334/2150/2150 348/2151/2151
f 348/2152/2152 367/2153/2153 245/2154/2154
f 228/2155/2155 351/2156/2156 350/2157/2157
f 229/2158/2158 352/2159/2159 351/2160/2160
f 230/2161/2161 354/2162/2162 352/2163/2163
f 225/2164/2164 353/2165/2165 354/2166/2166
f 356/2167/2167 353/2168/2168 226/2169/2169
f 232/2170/2170 357/2171/2171 356/2172/2172
f 231/2173/2173 358/2174/2174 357/2175/2175
f 233/2176/2176 360/2177/2177 358/2178/2178
f 236/2179/2179 359/2180/2180 360/2181/2181
f 237/2182/2182 362/2183/2183 359/2184/2184
f 362/2185/2185 237/2186/2186 363/2187/2187
f 239/2188/2188 364/2189/2189 363/2190/2190
f 241/2191/2191 366/2192/2192 369/2193/2193
f 244/2194/2194 367/2195/2195 366/2196/2196
f 238/2197/2197 368/2198/2198 364/2199/2199
f 242/2200/2200 369/2201/2201 368/2202/2202
