# meters; x anterior, y left, z dorsal
mtllib fish.mtl
usemtl fish
v -0.0006374106751 -0.005695840114 -0.006635613133
v -0.001421916765 -0.00529541518 -0.005712184449
v -0.0006946143703 -0.005908311115 -0.006472175334
v -0.0003268779264 -0.00585110742 -0.006333251809
v -0.0003350493507 -0.00540982257 -0.006594754149
v -0.001103211661 -0.005009397635 -0.005687668313
v -0.002255455126 -0.00513197645 -0.004772411053
v -0.002165563871 -0.00482144277 -0.00478058434
v -0.001904061531 -0.00505025755 -0.004347470914
v -0.001887717751 -0.004453706326 -0.004682519798
v -0.001577184071 -0.00558960508 -0.005605948482
v -0.001127727796 -0.005483370045 -0.005360790853
v -0.0005393479959 -0.00518100872 -0.005238212039
v -0.0005556908445 -0.004682520175 -0.005597777058
v 0.0001879553302 -0.004878646465 -0.004894989868
v 0.0001144069238 -0.004322955155 -0.005311758582
v -0.001405572985 -0.00473972387 -0.004028764878
v -0.001454605256 -0.00410231273 -0.004494565864
v -0.0008580531002 -0.00369371544 -0.004175859828
v -0.002966413741 -0.00442919019 -0.003636512299
v -0.00291738147 -0.004233063901 -0.003726403554
v -0.002647707705 -0.004388330275 -0.003236086433
v -0.0008090217606 -0.00429843902 -0.003644683723
v -0.00317888381 -0.00385715417 -0.002843833853
v -0.00317888381 -0.003750919135 -0.002941898395
v -0.002696739045 -0.003865326525 -0.003611996163
v -0.00231265789 -0.004094140375 -0.002868349989
v -0.002320830245 -0.00346490159 -0.003366838534
v -0.001846857835 -0.0030563043 -0.002982757379
v -0.002974585165 -0.00367737166 -0.002435236563
v -0.002966413741 -0.00338318176 -0.002778458734
v -0.003162540031 -0.00336683798 -0.002435236563
v -0.00321157137 -0.00349758915 -0.002320831035
v -0.002835662571 -0.00348124537 -0.002067500119
v -0.003276947421 -0.003105336571 -0.002132875238
v -0.00321157137 -0.003244259165 -0.002002124999
v -0.00275394274 -0.0030563043 -0.00241072229
v -0.002492441331 -0.002615020381 -0.002067500119
v -1.634331505e-05 -0.003865326525 -0.003187056024
v -0.0001552668409 -0.003195227826 -0.003742748265
v -0.001732450445 -0.00369371544 -0.002459752698
v -0.00103783561 -0.003227915385 -0.002051155408
v -0.001193102916 -0.002590504246 -0.002565988664
v -0.0004249406056 -0.002108359946 -0.002190078934
v -0.00244340906 -0.003121680351 -0.001585356285
v -0.003162540031 -0.002794802891 -0.001814171065
v -0.003170711455 -0.002933725485 -0.001618043844
v -0.002892866266 -0.00256598811 -0.001217617978
v -0.002876522486 -0.002443409295 -0.00143008991
v -0.00180599792 -0.002672223145 -0.001217617978
v -0.001895889175 -0.002149219395 -0.001707935099
v -0.002230938991 -0.00220642309 -0.0009724603489
v -0.002222766635 -0.00205115625 -0.001111383875
v -0.001013320406 -0.002198251201 -0.0009969764844
v -0.0002288133846 -0.002762115331 -0.001658902828
v -0.007763340604 0.001151012486 6.064822498e-10
v -0.007763340604 0.00129939173 -0.0001387888089
v -0.006668542047 0.001203744902 6.064822498e-10
v -0.006521205884 0.001315681959 -9.806393533e-05
v -0.00651759049 0.001214002023 6.064822498e-10
v -0.007763340604 0.00228563626 -0.000555272539
v -0.007763340604 0.002451581179 -0.0006350608066
v -0.007556405385 0.002451581179 -0.0006174196944
v -0.007763340604 0.002451581179 6.064822498e-10
v -0.006484415849 0.002451581179 -0.0005763371929
v -0.005280049984 0.002451581179 -0.0004708481476
v -0.00434117159 0.001504266165 6.064822498e-10
v -0.00416001631 0.001539491812 6.064822498e-10
v -0.004183403683 0.002451581179 -0.0003819850728
v -0.001152243 -0.001691591231 -0.001413745199
v -0.0004249406056 -0.00127482205 -0.001184930418
v -0.001430089121 -0.001781482486 -0.0008008492634
v -0.001446432901 -0.001650731316 -0.000923428078
v -0.0006619268105 -0.001389229441 -0.000604723905
v -0.000212470536 -0.001797826266 -0.0007599902794
v -0.000686442946 -0.001225790711 -0.0007191312954
v 0.0001389230593 -0.0009397727006 -0.0009316013649
v -4.903087477e-05 -0.001013320176 -0.0004576289549
v -9.806314568e-05 -0.0008253657759 -0.0005311754987
v -0.003626327497 0.001599652224 6.064822498e-10
v -0.002865835559 0.002451581179 -0.0003199627146
v -0.002013704275 0.001811829159 6.064822498e-10
v -0.002026640345 0.001838685941 -2.451552897e-05
v -0.002098240425 0.002451581179 -0.0002794110671
v -0.0001856931494 0.001805823526 6.064822498e-10
v -0.0005927686588 0.001923646542 6.064822498e-10
v -0.000587670599 0.002451581179 -0.0004034762725
v -0.0004576281653 0.002361689924 -0.0003759091243
v -0.000469308813 0.002451581179 -0.0004007940635
v -0.0003934842543 0.002451581179 -0.0003980429366
v -0.0001511801974 0.002451581179 -0.0004514989898
v 0.0002941894337 -0.00619432866 -0.007223992933
v 0.0003759092643 -0.006006373794 -0.007313884188
v 0.0004004253997 -0.005793903725 -0.007207648222
v 0.0004004253997 -0.006169812524 -0.006962490593
v 0.00102149276 -0.006055406065 -0.007085069408
v 0.0009152567937 -0.005638637351 -0.007289368053
v 0.001299337949 -0.006300563695 -0.007559041817
v 0.001299337949 -0.006055406065 -0.007550870393
v 0.001830514054 -0.00581841986 -0.006897115473
v 0.002124703954 -0.00573670003 -0.007493666698
v 0.001773310359 -0.00540982257 -0.007076897983
v 0.0003350502803 -0.005712183894 -0.006243360554
v 0.001111384015 -0.005434338705 -0.005998202924
v 0.0002696732982 -0.00518100872 -0.006586580862
v 0.0009969766243 -0.00480509899 -0.006398626928
v 0.001765138934 -0.004290267596 -0.005891966958
v 0.002222766633 -0.005973686235 -0.007436463003
v 0.002901037688 -0.005221867704 -0.006888944049
v 0.002982757519 -0.005401651146 -0.006856256489
v 0.002582331653 -0.005254556196 -0.006325080384
v 0.002484268974 -0.004854131261 -0.006553893302
v 0.003138023893 -0.00415134407 -0.005712184449
v 0.003562964032 -0.004470050106 -0.006030890484
v 0.003693716134 -0.004600801276 -0.005990029638
v 0.001904060598 -0.004927678736 -0.005467026819
v 0.0009888052001 -0.004380158851 -0.004429190744
v 0.003301463555 -0.004600801276 -0.005458853532
v 0.002598676364 -0.00429843902 -0.004666176949
v 0.00084171025 -0.003783606695 -0.004862302308
v 0.001552668865 -0.003178884046 -0.004192204539
v 0.00241072243 -0.003669200236 -0.005091117088
v 0.004036936442 -0.00366102788 -0.004984881122
v 0.003824466373 -0.003816295186 -0.00445370688
v 0.003611996303 -0.003399526471 -0.004698864509
v 0.00288469484 -0.002933725485 -0.004151343693
v 0.004200376104 -0.00380812283 -0.004927677427
v 0.004568112548 -0.00289286557 -0.003799950097
v 0.004282095934 -0.00269673928 -0.003840810944
v 0.001756965648 -0.00380812283 -0.003759091114
v 0.0007845065548 -0.00331780664 -0.002664051343
v 0.0005475203498 -0.002623191805 -0.003170711313
v 0.002108359243 -0.002525129126 -0.003424042229
v 0.001184930558 -0.002026640581 -0.002639535208
v 0.001454604323 -0.00269673928 -0.00214921995
v 0.003162540029 -0.003562965201 -0.003742748265
v 0.002369861583 -0.00317071169 -0.002982757379
v 0.003170711453 -0.002173735531 -0.003252431144
v 0.004085968713 -0.002917381705 -0.003342322399
v 0.003799950237 -0.002508784415 -0.003571137179
v 0.002827491145 -0.00253330055 -0.002255454053
v 0.003489417489 -0.002802974315 -0.002827491005
v 0.003767262678 -0.00206750003 -0.002051155408
v 0.0005556917741 -0.002263626786 -0.001332025369
v 0.002067500259 -0.002165563641 -0.001683418964
v 0.003227915148 -0.001953093106 -0.001634386693
v 0.004723380785 -0.001936749326 -0.00262319236
v 0.004241235088 -0.002026640581 -0.002304486324
v 0.001650731544 -0.001511808255 -0.002124703814
v 0.002476097549 -0.001871373741 -0.002713083614
v 0.002786630298 -0.001291166296 -0.002124703814
v 0.003399526234 -0.001479120696 -0.002467925985
v 0.003930702339 -0.001634387536 -0.002574160089
v 0.003546621184 -0.001005148286 -0.001928576593
v 0.0002778465851 -0.001609871866 -0.001846858625
v 0.00113590015 -0.001805998156 -0.001046008755
v 0.0007599904193 -0.001184930796 -0.001519981165
v 0.002002125139 -0.001070523871 -0.001699763675
v 0.001233962829 -0.0008498814457 -0.001225791265
v 0.0004412843837 -0.001446433136 -0.0005883791938
v 0.001095039304 -0.001037835845 -0.0004167681083
v 0.00167524768 -0.001405573221 -0.0008008492634
v 0.002108359243 -0.001095039541 -0.0006374114647
v 0.001577183138 -0.0006292390206 -0.001005147909
v 0.002190079074 -0.0006864427158 -0.001299337809
v 0.0007027867242 -0.0006128952407 -0.0007191312954
v 0.0005965507581 -0.0006700989359 -0.0002451588854
v 0.0004331129595 -0.0004331127309 -0.0003432215646
v 0.0008008494033 -0.0001389228308 -0.0001797819033
v 0.001183721702 -9.231246421e-05 6.064822498e-10
v 0.001242134254 -0.0003677371458 -1.63441047e-05
v 0.001271457876 -0.0003475465381 6.064822498e-10
v 0.001879546325 -0.0006946146057 -0.0002042980388
v 0.001818615477 -0.0004007106216 6.064822498e-10
v 0.002158892806 -0.0003902509377 6.064822498e-10
v 0.001389229204 -0.000269674001 -0.0005720363453
v 0.001200368161 0.0001274223871 6.064822498e-10
v 0.001365456264 0.0001805254689 6.064822498e-10
v 0.001781481783 0.0001389228239 -0.0002288141742
v 0.002508785109 -0.001691591231 -0.001233962689
v 0.002982757519 -0.0008335376658 -0.001626215269
v 0.003881670068 -0.001536324391 -0.001487291743
v 0.003522105048 -0.001421917001 -0.001152242859
v 0.002802975009 -0.001250306381 -0.0008335368231
v 0.003734575118 -0.0009234289207 -0.0007191312954
v 0.003938873763 -0.0007926777505 -0.001683418964
v 0.0032115723 -0.0004412846209 -0.001233962689
v 0.002271798904 -0.0003268776962 -0.0008743976697
v 0.002587062772 -0.0002993501292 6.064822498e-10
v 0.002933725248 -0.000735474521 -0.0004249413952
v 0.002549644093 9.806337422e-05 -0.0004739718035
v 0.003375010098 1.634400925e-05 -0.0007191312954
v 0.004118656273 -0.0001470947207 -0.0009397727892
v 0.003234114031 -0.0001933069468 6.064822498e-10
v 0.003298505674 -0.000181345971 6.064822498e-10
v 0.003467233385 -0.0001681076863 6.064822498e-10
v 0.003963389899 -0.000261502111 -0.0001225782081
v 0.004015169571 -0.0001928156742 6.064822498e-10
v 0.001652773003 0.0002962334513 6.064822498e-10
v 0.002075671683 0.0005311758689 6.064822498e-10
v 0.002066455315 0.0009782847448 6.064822498e-10
v 0.002071052323 0.0009742362856 6.064822498e-10
v 0.002075671683 0.000980632609 -8.172680433e-06
v 0.0005987021132 0.00160255958 6.064822498e-10
v 0.0003435960962 0.001773746681 6.064822498e-10
v 0.0009644902303 0.001576507926 6.064822498e-10
v 0.0008907406582 0.001822342161 -0.0002288141742
v 0.0006473246022 0.002451581179 -0.0004852259055
v 0.0008049360468 0.002451581179 -0.0005434335664
v 0.00169661967 0.001455023183 6.064822498e-10
v 0.00182234263 0.001634387529 -0.0001961266145
v 0.001525137107 0.002451581179 -0.0005743814155
v 0.00187306432 0.002451581179 -0.0005962693587
v 0.002811146434 0.0005638638943 -0.0001470943436
v 0.002990928943 0.001201275034 -0.0002042980388
v 0.003628341015 0.0005475196487 -0.0003268768534
v 0.003840811084 0.001233962594 -0.0003023625806
v 0.002598419319 0.002451581179 -0.0006278505072
v 0.002982757519 0.001936749319 -0.0004984879389
v 0.003020736854 0.002451581179 -0.0006968242571
v 0.003598141949 0.002451581179 -0.0006633953646
v 0.004102313425 0.001985780891 -0.0005638630584
v 0.004163400735 0.002451581179 -0.0006898579642
v 0.004388330038 -0.001732450681 -0.002729426463
v 0.004510908852 -0.0009070851409 -0.00178965493
v 0.004731552209 -0.00111138332 -0.001601699133
v 0.004265751223 -0.001201275041 -0.00128299496
v 0.004845959599 -0.000424940841 -0.0007191312954
v 0.004445533733 -0.000424940841 -0.000408596684
v 0.004568112548 -0.0002369859756 -0.0009316013649
v 0.004418475087 -0.00019493583 6.064822498e-10
v 0.004638481419 -7.687672386e-05 6.064822498e-10
v 0.004818601067 1.918687141e-05 6.064822498e-10
v 0.004940051119 7.912306702e-05 6.064822498e-10
v 0.004946747328 0.0002288140788 6.064822498e-10
v 0.004282095934 0.0004576283938 -0.0003677377
v 0.004919506143 0.0003105334437 -0.0003105340049
v 0.005142643581 0.001006671457 6.064822498e-10
v 0.004772411193 0.001111383314 -0.00022064275
v 0.005278838332 0.0006210685208 6.064822498e-10
v 0.005481648724 0.001295466205 6.064822498e-10
v 0.004760361741 0.002451581179 -0.0006086596742
v 0.005344446282 0.001863201844 -0.0003595644131
v 0.005497334058 0.002451581179 -0.000586578016
v 0.006080677266 0.002451581179 -0.0005108354136
v 0.00686412258 0.001476498783 6.064822498e-10
v 0.007037240545 0.00153007358 6.064822498e-10
v 0.007199752609 0.001531272657 6.064822498e-10
v 0.007540320511 0.001588385083 6.064822498e-10
v 0.008171937893 0.001738327086 6.064822498e-10
v 0.007370179053 0.002451581179 -0.0005055995181
v 0.008171937893 0.001918548482 -0.0001271435514
v 0.008171937893 0.002451581179 -0.0004293670401
v 0.008171937893 0.002451581179 6.064822498e-10
vt 0.2989999977 0.05842424262
vt 0.3019999985 0.06715151025
vt 0.2999999981 0.06715151439
vt 0.3010000001 0.05939394046
vt 0.3019999998 0.06715151057
vt 0.2989999968 0.05842424115
vt 0.3009999991 0.05939394098
vt 0.3020000015 0.05939393767
vt 0.3019999979 0.06715151121
vt 0.9179999999 0.5170909075
vt 0.9100000023 0.5161212119
vt 0.916999999 0.5161212103
vt 0.9179999997 0.5170909076
vt 0.9099999998 0.5180606033
vt 0.9100000022 0.5161212121
vt 0.3050000018 0.07490909444
vt 0.299999998 0.0671515151
vt 0.3019999977 0.0671515103
vt 0.9010000007 0.5180606038
vt 0.9100000029 0.516121212
vt 0.9099999996 0.5180606032
vt 0.3050000011 0.07490909489
vt 0.3029999971 0.07490909049
vt 0.2999999974 0.06715151557
vt 0.3050000041 0.07490909359
vt 0.3019999959 0.06715151099
vt 0.308 0.07296969996
vt 0.9010000016 0.5180606027
vt 0.9019999985 0.5151515145
vt 0.9100000026 0.5161212123
vt 0.3020000034 0.0593939373
vt 0.3039999974 0.06521212333
vt 0.3019999961 0.06715151159
vt 0.308 0.0729697001
vt 0.3019999959 0.06715151098
vt 0.3039999974 0.06521212331
vt 0.308 0.07296969977
vt 0.3039999972 0.06521212257
vt 0.3070000027 0.06230302563
vt 0.9100000026 0.5161212128
vt 0.9030000029 0.5112727222
vt 0.9119999943 0.5122424262
vt 0.9019999984 0.5151515145
vt 0.9030000026 0.5112727228
vt 0.9100000026 0.5161212128
vt 0.9119999942 0.5122424255
vt 0.9030000032 0.5112727227
vt 0.9039999958 0.5064242414
vt 0.305000002 0.07490909428
vt 0.3090000018 0.08072727658
vt 0.3069999969 0.08266666728
vt 0.9010000012 0.5180606021
vt 0.8930000014 0.51709091
vt 0.8929999981 0.5132121236
vt 0.3090000021 0.08072727644
vt 0.311999999 0.07975757563
vt 0.3139999986 0.08848485051
vt 0.3090000025 0.08072727632
vt 0.3129999998 0.08945454373
vt 0.3069999963 0.08266666722
vt 0.3119999987 0.07975757579
vt 0.316000002 0.07781818096
vt 0.318000005 0.0875151534
vt 0.8930000014 0.5170909099
vt 0.8840000004 0.5122424224
vt 0.8929999981 0.5132121237
vt 0.3090000022 0.08072727638
vt 0.3140000008 0.08848484871
vt 0.3129999999 0.08945454355
vt 0.8930000016 0.5170909097
vt 0.8840000015 0.5151515156
vt 0.8840000006 0.512242423
vt 0.3050000041 0.07490909307
vt 0.308 0.07296969968
vt 0.3090000027 0.080727276
vt 0.3050000019 0.07490909486
vt 0.3069999973 0.0826666656
vt 0.302999997 0.07490909052
vt 0.3080000002 0.07296969966
vt 0.311999999 0.07975757574
vt 0.3090000021 0.08072727609
vt 0.308 0.07296969982
vt 0.3070000028 0.06230302502
vt 0.3109999983 0.07006060648
vt 0.9010000016 0.5180606027
vt 0.8929999978 0.513212123
vt 0.9019999984 0.5151515145
vt 0.9019999984 0.5151515145
vt 0.8929999982 0.5132121223
vt 0.9030000027 0.5112727229
vt 0.3080000001 0.07296969967
vt 0.3109999984 0.07006060662
vt 0.3160000018 0.07781818129
vt 0.892999998 0.5132121221
vt 0.893999999 0.5103030322
vt 0.9030000037 0.5112727237
vt 0.8939999994 0.5103030327
vt 0.9039999963 0.5064242415
vt 0.903000003 0.5112727226
vt 0.3079999999 0.07296969971
vt 0.3160000021 0.0778181811
vt 0.3119999987 0.07975757586
vt 0.316000002 0.07781818139
vt 0.3109999983 0.07006060649
vt 0.3210000027 0.07587878879
vt 0.3109999983 0.07006060636
vt 0.3160000069 0.06715151295
vt 0.3210000028 0.07587878868
vt 0.3160000063 0.06715151302
vt 0.3219999983 0.06424241861
vt 0.3210000026 0.07587878872
vt 0.892999998 0.5132121225
vt 0.8840000007 0.5122424224
vt 0.8840000013 0.5083636371
vt 0.8929999979 0.513212122
vt 0.8840000013 0.5083636371
vt 0.893999999 0.5103030321
vt 0.8939999996 0.5103030327
vt 0.8830000002 0.5035151506
vt 0.8939999994 0.505454542
vt 0.8939999996 0.5103030327
vt 0.8939999994 0.5054545421
vt 0.9039999961 0.5064242416
vt 0.9039999961 0.5064242415
vt 0.8939999996 0.5054545416
vt 0.8940000039 0.4986666704
vt 0.3140000005 0.08848484818
vt 0.3190000025 0.09236363874
vt 0.3129999996 0.08945454417
vt 0.3139999977 0.08848485026
vt 0.318000006 0.0875151528
vt 0.3190000028 0.09236363855
vt 0.3119999986 0.07975757563
vt 0.3180000064 0.08751515312
vt 0.3139999979 0.08848485052
vt 0.3160000017 0.07781818088
vt 0.3210000022 0.08654545232
vt 0.3180000042 0.08751515324
vt 0.3160000019 0.07781818118
vt 0.3210000025 0.07587878885
vt 0.321000003 0.0865454526
vt 0.3219999982 0.06424241861
vt 0.3269999996 0.072969693
vt 0.3210000028 0.07587878872
vt 0.8840000014 0.5151515157
vt 0.8780000044 0.5122424248
vt 0.8840000002 0.512242423
vt 0.3129999985 0.08945454471
vt 0.3190000036 0.09236363809
vt 0.3189999971 0.09236363496
vt 0.3180000062 0.08751515275
vt 0.3230000064 0.09236363752
vt 0.319000003 0.09236363849
vt 0.8840000003 0.5122424229
vt 0.8780000043 0.512242425
vt 0.8779999978 0.5093333327
vt 0.8840000009 0.5122424224
vt 0.8779999971 0.5093333335
vt 0.877000004 0.5064242425
vt 0.3180000041 0.08751515292
vt 0.3210000023 0.08654545252
vt 0.3230000043 0.09236363756
vt 0.8939999997 0.5103030329
vt 0.8840000014 0.5083636373
vt 0.8830000001 0.5035151506
vt 0.8840000003 0.5122424224
vt 0.8770000041 0.5064242416
vt 0.8840000014 0.5083636371
vt 0.3190000035 0.09236363808
vt 0.3229999969 0.09430302882
vt 0.3189999969 0.09236363484
vt 0.3190000033 0.09236363837
vt 0.3230000066 0.09236363742
vt 0.3259999985 0.09527272671
vt 0.8780000035 0.512242425
vt 0.875999996 0.509333331
vt 0.8779999988 0.5093333326
vt 0.3189999967 0.09236363739
vt 0.3229999969 0.09430303112
vt 0.3230000051 0.09527272933
vt 0.3190000036 0.092363638
vt 0.3260000014 0.09527272495
vt 0.3230000025 0.09430302498
vt 0.8779999971 0.509333331
vt 0.8759999942 0.509333331
vt 0.8729999987 0.5073939421
vt 0.3229999964 0.09430303225
vt 0.3259999986 0.0952727281
vt 0.3230000061 0.09527272747
vt 0.3230000057 0.09236363689
vt 0.3259999999 0.09236363784
vt 0.3259999987 0.09527272677
vt 0.3230000057 0.09527272776
vt 0.3259999979 0.09527272775
vt 0.3250000033 0.09624242314
vt 0.8779999975 0.5093333328
vt 0.8729999952 0.5073939399
vt 0.8720000036 0.5054545489
vt 0.8779999973 0.5093333335
vt 0.8720000035 0.5054545496
vt 0.8770000038 0.5064242424
vt 0.3259999999 0.09236363784
vt 0.3290000002 0.09624242264
vt 0.3259999989 0.09527272674
vt 0.3250000017 0.09624242249
vt 0.3259999982 0.09527272788
vt 0.3279999924 0.09721212159
vt 0.3210000027 0.08654545256
vt 0.326 0.09236363808
vt 0.3230000057 0.09236363726
vt 0.321000003 0.08654545262
vt 0.3260000046 0.08460606037
vt 0.326 0.092363638
vt 0.8840000015 0.5083636371
vt 0.8770000042 0.5064242413
vt 0.8759999983 0.5025454577
vt 0.8840000013 0.5083636372
vt 0.8759999992 0.5025454574
vt 0.8830000002 0.5035151505
vt 0.3260000039 0.08460606012
vt 0.3299999983 0.09139393669
vt 0.326 0.09236363801
vt 0.8770000039 0.5064242417
vt 0.8720000038 0.5054545496
vt 0.8759999984 0.5025454575
vt 0.8830000003 0.5035151504
vt 0.8759999988 0.5025454576
vt 0.8760000016 0.4967272707
vt 0.321000003 0.08654545252
vt 0.3210000027 0.07587878878
vt 0.3260000045 0.08460606037
vt 0.3260000045 0.08460606041
vt 0.3210000027 0.07587878879
vt 0.3269999997 0.07296969281
vt 0.8830000004 0.5035151506
vt 0.884000001 0.4976969709
vt 0.8940000002 0.5054545419
vt 0.884000001 0.4976969709
vt 0.8940000038 0.4986666705
vt 0.8939999996 0.5054545416
vt 0.3260000048 0.08460606085
vt 0.3269999997 0.07296969275
vt 0.3320000055 0.08266666697
vt 0.3260000047 0.08460606075
vt 0.3320000054 0.08266666673
vt 0.3299999983 0.09139393665
vt 0.3320000055 0.08266666702
vt 0.3269999996 0.07296969279
vt 0.3340000031 0.07103030108
vt 0.3320000053 0.0826666666
vt 0.334000003 0.07103030088
vt 0.338000003 0.07975757198
vt 0.8840000009 0.4976969708
vt 0.8940000004 0.4918787836
vt 0.8940000035 0.4986666702
vt 0.8830000004 0.5035151506
vt 0.8760000021 0.496727271
vt 0.884000001 0.4976969708
vt 0.8840000013 0.4976969707
vt 0.8760000016 0.4967272711
vt 0.8839999991 0.4918787865
vt 0.8840000013 0.4976969707
vt 0.8839999991 0.4918787865
vt 0.8939999995 0.4918787839
vt 0.326 0.09236363794
vt 0.3299999983 0.09139393687
vt 0.3290000002 0.0962424224
vt 0.3259999982 0.09527272798
vt 0.328999999 0.09624242518
vt 0.3279999936 0.0972121213
vt 0.3289999995 0.0962424251
vt 0.3320000035 0.09527272515
vt 0.3279999943 0.09721212434
vt 0.3299999986 0.0913939373
vt 0.3320000025 0.09527273013
vt 0.3290000003 0.09624242245
vt 0.8720000041 0.5054545502
vt 0.8710000022 0.5015757622
vt 0.8759999983 0.5025454574
vt 0.327999996 0.09721212515
vt 0.3320000013 0.09527272396
vt 0.3329999972 0.0972121257
vt 0.3299999988 0.09139393713
vt 0.3350000049 0.08945454572
vt 0.3320000023 0.09527273057
vt 0.3350000058 0.08945454635
vt 0.3370000009 0.09333333398
vt 0.3320000028 0.095272731
vt 0.8759999985 0.5025454574
vt 0.8710000025 0.5015757624
vt 0.8760000019 0.4967272709
vt 0.3319999983 0.09527272317
vt 0.3369999997 0.09333333184
vt 0.3329999989 0.09721212845
vt 0.8710000035 0.5015757614
vt 0.8710000036 0.4967272715
vt 0.876000002 0.4967272709
vt 0.3329999986 0.09721212695
vt 0.337 0.09333333242
vt 0.3380000024 0.09430303111
vt 0.3369999998 0.09333333253
vt 0.3429999993 0.09139393526
vt 0.3380000026 0.09430303078
vt 0.3299999985 0.09139393673
vt 0.3320000046 0.08266666653
vt 0.3350000052 0.08945454628
vt 0.3320000049 0.08266666685
vt 0.3409999991 0.08654545502
vt 0.3350000058 0.08945454648
vt 0.8760000016 0.4967272711
vt 0.8770000011 0.4909090907
vt 0.8839999994 0.4918787864
vt 0.3350000055 0.089454546
vt 0.3409999993 0.08654545524
vt 0.3370000008 0.09333333397
vt 0.8760000022 0.4967272708
vt 0.8710000037 0.4967272714
vt 0.8770000009 0.4909090904
vt 0.332000005 0.08266666607
vt 0.3380000027 0.07975757131
vt 0.3409999992 0.08654545515
vt 0.3409999992 0.08654545523
vt 0.3380000023 0.07975757107
vt 0.3459999992 0.08266666745
vt 0.3380000025 0.07975757069
vt 0.3440000014 0.07587878866
vt 0.3459999992 0.08266666752
vt 0.3370000006 0.09333333402
vt 0.3409999993 0.08654545523
vt 0.3420000007 0.09042424331
vt 0.4519365944 0.541328615
vt 0.451844697 0.5481602924
vt 0.4505016398 0.5480957769
vt 0.4509999969 0.5403636345
vt 0.4519365944 0.541328615
vt 0.4505016398 0.5480957769
vt 0.450999997 0.5403636346
vt 0.4518848017 0.5403636339
vt 0.4519365945 0.5413286151
vt 0.4509999969 0.5403636347
vt 0.450076918 0.5260418721
vt 0.4518848017 0.540363634
vt 0.4509999983 0.5403636346
vt 0.4505016394 0.5480957769
vt 0.4436453703 0.5478206983
vt 0.4436453707 0.5478206978
vt 0.4424843613 0.5478051027
vt 0.442593629 0.5464870231
vt 0.4509999983 0.5403636346
vt 0.4436453703 0.5478206983
vt 0.4425936287 0.5464870234
vt 0.4509999983 0.5403636346
vt 0.4425936287 0.5464870234
vt 0.4431214567 0.5398179361
vt 0.4509999982 0.5403636347
vt 0.4431214567 0.5398179363
vt 0.4434864885 0.5320369732
vt 0.4509999983 0.5403636347
vt 0.4434864885 0.5320369732
vt 0.4500769181 0.5260418721
vt 0.4500769181 0.5260418721
vt 0.4436666687 0.5248484863
vt 0.4498673551 0.5248484835
vt 0.4497500148 0.5214547377
vt 0.4498673552 0.5248484835
vt 0.4436666686 0.5248484864
vt 0.4500769181 0.5260418721
vt 0.4434864885 0.5320369732
vt 0.4436666687 0.5248484863
vt 0.8770000008 0.4909090904
vt 0.8710000036 0.4967272715
vt 0.8729999952 0.490909088
vt 0.8770000008 0.4909090905
vt 0.8729999953 0.4909090885
vt 0.8750000037 0.4860606089
vt 0.8770000012 0.4909090907
vt 0.8850000063 0.486060606
vt 0.8839999995 0.4918787865
vt 0.8770000012 0.4909090906
vt 0.8779999976 0.4860606034
vt 0.8850000069 0.4860606057
vt 0.8770000006 0.4909090905
vt 0.8750000032 0.4860606088
vt 0.8779999979 0.4860606037
vt 0.8779999982 0.4860606031
vt 0.8750000027 0.4860606095
vt 0.8790000026 0.4812121215
vt 0.877999998 0.4860606027
vt 0.8790000025 0.4812121219
vt 0.8850000042 0.4812121223
vt 0.3369999996 0.09333333255
vt 0.3419999977 0.09042423944
vt 0.3429999985 0.09139393527
vt 0.3409999993 0.08654545541
vt 0.346999999 0.08654545301
vt 0.3420000008 0.09042424315
vt 0.3419999978 0.09042423931
vt 0.3470000014 0.08654545646
vt 0.3429999986 0.09139393491
vt 0.3429999995 0.0913939355
vt 0.3470000008 0.08654545606
vt 0.3479999999 0.08751515579
vt 0.3409999993 0.08654545541
vt 0.3459999993 0.0826666676
vt 0.3469999989 0.08654545324
vt 0.3459999993 0.08266666755
vt 0.349999999 0.07975757702
vt 0.346999999 0.08654545317
vt 0.3470000009 0.08654545606
vt 0.3510000036 0.08363636202
vt 0.348 0.08751515575
vt 0.3469999992 0.08654545339
vt 0.3499999989 0.07975757702
vt 0.3510000018 0.08363635904
vt 0.8750000032 0.4860606089
vt 0.8759999983 0.4812121201
vt 0.8790000027 0.4812121211
vt 0.3479999992 0.08751515504
vt 0.3510000027 0.08363636122
vt 0.3519999997 0.08460605834
vt 0.3510000029 0.08363636153
vt 0.3549999977 0.08072727826
vt 0.3519999997 0.08460605852
vt 0.8790000027 0.4812121211
vt 0.8759999983 0.4812121203
vt 0.877000002 0.4773333326
vt 0.4497500148 0.5214547377
vt 0.4436666686 0.5248484864
vt 0.4443846161 0.516494172
vt 0.4490000008 0.5112727261
vt 0.4497500148 0.5214547377
vt 0.4443846161 0.516494172
vt 0.4490000013 0.5112727261
vt 0.4492412102 0.5111996297
vt 0.449750015 0.5214547377
vt 0.4490000008 0.5112727261
vt 0.4443846161 0.516494172
vt 0.444443927 0.5116125742
vt 0.4490000013 0.5112727262
vt 0.4488016583 0.5024973661
vt 0.4492412101 0.5111996299
vt 0.4490000009 0.5112727264
vt 0.444443927 0.5116125745
vt 0.4443399994 0.5023579755
vt 0.4490000013 0.5112727262
vt 0.4450000002 0.5015757555
vt 0.4488016583 0.5024973661
vt 0.4490000009 0.5112727264
vt 0.4443399994 0.5023579755
vt 0.4450000003 0.5015757555
vt 0.4450000002 0.5015757553
vt 0.4494042619 0.49967762
vt 0.4488016582 0.5024973657
vt 0.4450000003 0.5015757555
vt 0.4443399999 0.5023579758
vt 0.4443785322 0.5016360183
vt 0.4450000003 0.5015757554
vt 0.4443785321 0.5016360181
vt 0.4443919609 0.5011469423
vt 0.4450000001 0.5015757552
vt 0.4443919602 0.5011469423
vt 0.4442500007 0.4993939357
vt 0.4496030581 0.4959204227
vt 0.449404262 0.4996776197
vt 0.4442500026 0.4993939349
vt 0.4450000002 0.5015757552
vt 0.4442500026 0.4993939349
vt 0.449404262 0.4996776197
vt 0.300999999 0.05939394096
vt 0.2989999969 0.05842424098
vt 0.3000000028 0.05260606167
vt 0.3009999986 0.0593939405
vt 0.3040000028 0.05648484719
vt 0.3020000024 0.05939393759
vt 0.9179999996 0.5170909075
vt 0.9169999999 0.5161212097
vt 0.9230000009 0.5141818199
vt 0.3009999999 0.05939394091
vt 0.3000000027 0.05260606248
vt 0.3019999985 0.05357575834
vt 0.3009999986 0.05939394058
vt 0.302000002 0.05357575955
vt 0.3040000027 0.0564848467
vt 0.9230000009 0.5141818206
vt 0.9170000002 0.5161212095
vt 0.9189999999 0.5132121242
vt 0.302000004 0.05939393871
vt 0.304000002 0.05648484712
vt 0.3039999972 0.06521212217
vt 0.3040000028 0.05648484638
vt 0.3079999984 0.05260605989
vt 0.3070000027 0.06230302531
vt 0.9169999988 0.5161212084
vt 0.9100000024 0.5161212124
vt 0.9189999994 0.5132121237
vt 0.9189999991 0.5132121234
vt 0.9100000024 0.5161212127
vt 0.9119999945 0.5122424263
vt 0.9189999989 0.5132121224
vt 0.9119999944 0.512242425
vt 0.9219999995 0.5083636366
vt 0.3019999977 0.05357575728
vt 0.3000000017 0.05260606247
vt 0.3040000003 0.04775757437
vt 0.302000002 0.05357575947
vt 0.3079999984 0.05260605975
vt 0.3040000027 0.05648484628
vt 0.9230000007 0.5141818204
vt 0.9189999998 0.5132121236
vt 0.9260000004 0.5093333318
vt 0.3020000028 0.05357575961
vt 0.3050000009 0.04872727546
vt 0.3079999981 0.05260605989
vt 0.3019999996 0.05357575718
vt 0.3040000005 0.04775757437
vt 0.3049999984 0.04872727338
vt 0.9189999991 0.5132121225
vt 0.9219999995 0.5083636366
vt 0.9260000004 0.509333332
vt 0.3040000031 0.05648484671
vt 0.3070000029 0.06230302584
vt 0.3039999973 0.06521212269
vt 0.3079999985 0.05260606004
vt 0.3109999975 0.05842423811
vt 0.3070000026 0.06230302512
vt 0.3070000026 0.06230302504
vt 0.3109999972 0.05842423761
vt 0.3109999984 0.07006060644
vt 0.3079999984 0.05260606006
vt 0.3139999945 0.04969697157
vt 0.3109999976 0.05842423808
vt 0.9219999994 0.5083636365
vt 0.9119999948 0.5122424259
vt 0.9139999997 0.5073939368
vt 0.9219999994 0.5083636366
vt 0.9139999996 0.5073939367
vt 0.9219999986 0.5015757569
vt 0.9119999937 0.5122424257
vt 0.9039999955 0.5064242416
vt 0.9139999998 0.5073939368
vt 0.9139999996 0.5073939367
vt 0.9039999955 0.5064242413
vt 0.9140000025 0.5006060598
vt 0.3109999965 0.05842423699
vt 0.3139999932 0.04969697022
vt 0.317999993 0.05648485064
vt 0.9139999994 0.5073939367
vt 0.9140000032 0.5006060599
vt 0.9219999985 0.5015757568
vt 0.3049999985 0.0487272722
vt 0.3040000011 0.04775757508
vt 0.3109999987 0.0458181839
vt 0.9260000003 0.5093333318
vt 0.9219999995 0.5083636367
vt 0.9260000006 0.5015757596
vt 0.3079999981 0.05260605999
vt 0.305000001 0.04872727549
vt 0.3109999942 0.04581817753
vt 0.307999998 0.05260606
vt 0.3109999941 0.04581817757
vt 0.3139999942 0.04969697133
vt 0.3040000014 0.04775757501
vt 0.310999998 0.04484848303
vt 0.3109999972 0.0458181846
vt 0.9219999994 0.5083636367
vt 0.9219999991 0.5015757571
vt 0.926 0.5015757591
vt 0.3109999939 0.04581817733
vt 0.3200000022 0.04484848508
vt 0.3139999938 0.04969697063
vt 0.3109999959 0.04581818384
vt 0.3109999972 0.04484848248
vt 0.3199999935 0.04290909058
vt 0.926 0.5015757596
vt 0.9219999991 0.5015757566
vt 0.919999999 0.4938181822
vt 0.9219999985 0.5015757566
vt 0.9140000033 0.5006060598
vt 0.919999999 0.4938181821
vt 0.3109999957 0.04581818608
vt 0.3199999944 0.0429090876
vt 0.3200000017 0.04484849127
vt 0.313999994 0.04969697044
vt 0.3200000027 0.04484848578
vt 0.3220000044 0.0487272722
vt 0.9260000002 0.5015757593
vt 0.919999999 0.4938181821
vt 0.9239999991 0.4938181876
vt 0.3109999968 0.05842423732
vt 0.316000007 0.06715151304
vt 0.3109999983 0.07006060628
vt 0.3109999969 0.05842423729
vt 0.3219999979 0.0642424181
vt 0.3160000063 0.06715151304
vt 0.9039999962 0.5064242413
vt 0.9050000006 0.4996363573
vt 0.9140000024 0.50060606
vt 0.3109999973 0.05842423774
vt 0.317999993 0.0564848507
vt 0.3219999985 0.06424241871
vt 0.3179999928 0.05648485123
vt 0.329999998 0.06230303564
vt 0.3219999985 0.06424241862
vt 0.3179999947 0.05648485211
vt 0.3249999978 0.05454545187
vt 0.3299999998 0.06230303653
vt 0.3139999945 0.04969697147
vt 0.3249999979 0.05454545146
vt 0.3179999945 0.05648485209
vt 0.313999994 0.04969697073
vt 0.3220000041 0.04872727068
vt 0.3249999982 0.05454545189
vt 0.3200000022 0.04484848582
vt 0.3290000053 0.04484848703
vt 0.3220000038 0.04872727212
vt 0.3200000021 0.0448484917
vt 0.3199999948 0.04290908617
vt 0.3290000028 0.04290908656
vt 0.3220000043 0.0487272708
vt 0.3339999947 0.05454545106
vt 0.3249999982 0.05454545184
vt 0.9140000025 0.5006060597
vt 0.9050000005 0.4996363573
vt 0.9130000043 0.4928484817
vt 0.9039999958 0.5064242414
vt 0.8940000039 0.4986666703
vt 0.9050000006 0.4996363573
vt 0.9049999999 0.499636358
vt 0.8940000042 0.4986666701
vt 0.9040000067 0.4928484845
vt 0.9130000045 0.4928484817
vt 0.9049999999 0.4996363579
vt 0.9040000066 0.4928484841
vt 0.904000006 0.4928484843
vt 0.9019999996 0.4860606114
vt 0.9090000013 0.4860606
vt 0.914000003 0.5006060599
vt 0.9130000049 0.4928484821
vt 0.9199999991 0.4938181821
vt 0.9199999991 0.4938181821
vt 0.9130000045 0.4928484823
vt 0.9160000024 0.4860606092
vt 0.9239999994 0.4938181877
vt 0.919999999 0.4938181822
vt 0.9199999937 0.4860606061
vt 0.3200000018 0.04484849046
vt 0.3290000029 0.04290908707
vt 0.329000005 0.04484848705
vt 0.919999999 0.4938181821
vt 0.9160000025 0.4860606092
vt 0.9199999931 0.4860606056
vt 0.3220000039 0.04872727215
vt 0.3290000056 0.04484848731
vt 0.3309999932 0.04872727186
vt 0.3249999979 0.05454545181
vt 0.336999999 0.06133333478
vt 0.3299999997 0.06230303625
vt 0.3249999982 0.05454545186
vt 0.3339999947 0.05454545081
vt 0.3369999986 0.06133333469
vt 0.9130000043 0.4928484817
vt 0.9040000065 0.4928484841
vt 0.9090000009 0.4860606002
vt 0.9130000047 0.492848482
vt 0.9090000013 0.4860606003
vt 0.9160000026 0.4860606089
vt 0.3220000039 0.04872727043
vt 0.3309999934 0.04872727242
vt 0.3339999946 0.05454545096
vt 0.3290000039 0.04290908823
vt 0.34 0.0438787906
vt 0.329000006 0.04484848888
vt 0.9199999931 0.4860606057
vt 0.9160000024 0.4860606094
vt 0.9099999966 0.4783030341
vt 0.3309999939 0.04872727181
vt 0.3390000041 0.04581818837
vt 0.3400000002 0.05066666736
vt 0.9160000023 0.4860606093
vt 0.9090000021 0.4860605996
vt 0.9049999988 0.4792727291
vt 0.9160000024 0.4860606093
vt 0.904999999 0.4792727292
vt 0.909999997 0.4783030347
vt 0.9199999929 0.4860606051
vt 0.909999997 0.4783030329
vt 0.914000004 0.4783030289
vt 0.3290000054 0.04484848734
vt 0.3390000052 0.04581818763
vt 0.3309999934 0.04872727189
vt 0.3290000046 0.04484848686
vt 0.339999999 0.04387879032
vt 0.3390000061 0.04581817951
vt 0.3219999982 0.06424241876
vt 0.3340000031 0.07103030133
vt 0.3269999996 0.07296969318
vt 0.3219999985 0.06424241826
vt 0.329999998 0.06230303591
vt 0.3340000034 0.07103030089
vt 0.3299999982 0.06230303644
vt 0.3409999972 0.06812121462
vt 0.334000003 0.07103030043
vt 0.3299999994 0.06230303544
vt 0.336999999 0.06133333463
vt 0.3409999977 0.06812121431
vt 0.9040000064 0.4928484848
vt 0.8940000037 0.4986666704
vt 0.8940000004 0.4918787836
vt 0.9040000064 0.4928484848
vt 0.8940000002 0.4918787837
vt 0.9019999995 0.4860606113
vt 0.8940000001 0.4918787841
vt 0.8929999957 0.4860606061
vt 0.9019999998 0.486060611
vt 0.9019999997 0.4860606122
vt 0.8929999957 0.4860606061
vt 0.8990000037 0.4792727263
vt 0.334000003 0.07103030026
vt 0.3409999973 0.06812121485
vt 0.3440000017 0.07587878882
vt 0.8939999999 0.491878784
vt 0.8839999993 0.4918787866
vt 0.8929999956 0.4860606063
vt 0.3409999979 0.06812121457
vt 0.3440000046 0.06036363383
vt 0.3460000001 0.06618181809
vt 0.3339999949 0.05454545126
vt 0.3440000055 0.06036363338
vt 0.3369999988 0.06133333491
vt 0.3309999936 0.04872727226
vt 0.3419999985 0.05551514889
vt 0.3339999947 0.05454545089
vt 0.3309999939 0.04872727217
vt 0.3400000002 0.05066666725
vt 0.3419999984 0.0555151488
vt 0.9090000011 0.4860605997
vt 0.9019999997 0.4860606118
vt 0.9049999989 0.4792727293
vt 0.3339999949 0.0545454513
vt 0.3419999987 0.05551514948
vt 0.3440000055 0.06036363436
vt 0.9019999999 0.486060612
vt 0.8990000035 0.4792727266
vt 0.9049999989 0.4792727292
vt 0.9140000042 0.478303029
vt 0.9099999967 0.4783030325
vt 0.9050000012 0.4724848468
vt 0.9099999969 0.4783030343
vt 0.904999999 0.4792727292
vt 0.9010000037 0.4734545474
vt 0.3369999989 0.06133333479
vt 0.3440000054 0.06036363355
vt 0.3409999975 0.06812121463
vt 0.3419999988 0.05551514945
vt 0.350000003 0.06036363933
vt 0.3440000053 0.06036363458
vt 0.3400000002 0.05066666726
vt 0.3490000042 0.05551515711
vt 0.3419999986 0.05551514879
vt 0.3400000002 0.05066666717
vt 0.348999999 0.05260606318
vt 0.3490000038 0.05551515652
vt 0.341999999 0.05551514862
vt 0.3490000034 0.0555151578
vt 0.3500000029 0.06036364006
vt 0.334000003 0.07103030041
vt 0.3440000017 0.07587878882
vt 0.3380000028 0.07975757154
vt 0.340999998 0.0681212142
vt 0.347999999 0.07393938719
vt 0.3440000014 0.07587878907
vt 0.3440000011 0.07587878884
vt 0.3479999997 0.07393938715
vt 0.3459999994 0.08266666738
vt 0.3409999979 0.0681212147
vt 0.3460000001 0.06618181812
vt 0.3479999989 0.07393938694
vt 0.3460000001 0.06618181805
vt 0.3500000029 0.06036363894
vt 0.3509999995 0.06521211937
vt 0.3440000054 0.06036363417
vt 0.3500000029 0.06036363926
vt 0.3460000002 0.06618181808
vt 0.3390000043 0.0458181884
vt 0.3489999993 0.048727266
vt 0.3400000002 0.05066666736
vt 0.3390000056 0.04581818075
vt 0.3399999988 0.04387879029
vt 0.3490000036 0.04581818127
vt 0.9140000038 0.4783030269
vt 0.905000001 0.4724848455
vt 0.9079999953 0.4705454546
vt 0.3390000053 0.04581818073
vt 0.3490000035 0.04581818135
vt 0.3489999982 0.04872727697
vt 0.3400000002 0.05066666728
vt 0.3489999994 0.04872726665
vt 0.348999999 0.05260606371
vt 0.8839999995 0.4918787865
vt 0.8850000064 0.4860606058
vt 0.892999996 0.4860606061
vt 0.892999996 0.4860606061
vt 0.8850000064 0.4860606058
vt 0.8850000037 0.481212122
vt 0.892999996 0.486060606
vt 0.8850000036 0.4812121222
vt 0.8920000004 0.480242423
vt 0.8929999959 0.4860606062
vt 0.8920000004 0.4802424229
vt 0.8990000036 0.4792727262
vt 0.8920000005 0.4802424231
vt 0.8910000048 0.4763636361
vt 0.8969999986 0.4744242449
vt 0.9099999956 0.4783030331
vt 0.9010000037 0.4734545475
vt 0.9050000016 0.4724848466
vt 0.9049999989 0.479272729
vt 0.8990000035 0.4792727266
vt 0.9010000044 0.4734545473
vt 0.8990000031 0.4792727264
vt 0.8969999989 0.4744242448
vt 0.9010000036 0.4734545469
vt 0.8920000005 0.480242423
vt 0.8969999985 0.4744242449
vt 0.8990000036 0.4792727262
vt 0.8969999987 0.4744242449
vt 0.8950000003 0.4705454524
vt 0.8989999988 0.4695757542
vt 0.9050000008 0.4724848456
vt 0.8989999981 0.4666666663
vt 0.9079999951 0.4705454548
vt 0.9010000035 0.4734545472
vt 0.8969999987 0.4744242449
vt 0.898999999 0.4695757542
vt 0.9050000017 0.4724848464
vt 0.9010000035 0.4734545478
vt 0.8989999998 0.469575754
vt 0.9050000007 0.4724848464
vt 0.8989999987 0.4695757541
vt 0.8989999981 0.4666666659
vt 0.885000007 0.4860606056
vt 0.877999998 0.486060603
vt 0.8850000042 0.4812121219
vt 0.8850000043 0.4812121221
vt 0.8790000025 0.4812121218
vt 0.885000004 0.477333334
vt 0.346 0.06618181815
vt 0.3530000046 0.07199999908
vt 0.3479999994 0.07393938696
vt 0.3460000001 0.066181818
vt 0.3509999992 0.06521211894
vt 0.3530000039 0.07199999859
vt 0.8920000005 0.4802424232
vt 0.8850000036 0.4773333338
vt 0.8910000048 0.4763636366
vt 0.8920000004 0.4802424231
vt 0.8850000037 0.481212122
vt 0.8850000035 0.4773333339
vt 0.8850000037 0.4773333342
vt 0.8849999942 0.4744242439
vt 0.8910000049 0.4763636369
vt 0.3459999993 0.08266666739
vt 0.3479999992 0.07393938721
vt 0.3499999997 0.07975757772
vt 0.3479999994 0.07393938722
vt 0.3530000044 0.07199999882
vt 0.3499999996 0.07975757771
vt 0.349999999 0.07975757696
vt 0.3540000015 0.07684848762
vt 0.3510000016 0.08363635916
vt 0.3499999993 0.07975757764
vt 0.3530000031 0.0719999986
vt 0.3540000019 0.07684848873
vt 0.3510000011 0.08363635899
vt 0.3540000022 0.07684848789
vt 0.3549999958 0.08072727601
vt 0.3530000032 0.07199999837
vt 0.3559999976 0.0700606095
vt 0.354000002 0.07684848864
vt 0.3530000032 0.0719999982
vt 0.3560000039 0.06521212012
vt 0.355999998 0.0700606096
vt 0.354000003 0.07684848878
vt 0.355999997 0.0700606094
vt 0.3590000043 0.0729696938
vt 0.8850000037 0.4773333338
vt 0.8790000023 0.4812121216
vt 0.8800000036 0.4773333348
vt 0.8910000049 0.4763636365
vt 0.8849999944 0.4744242445
vt 0.8889999979 0.4724848485
vt 0.888999998 0.4724848485
vt 0.8849999944 0.4744242446
vt 0.8870000029 0.469575758
vt 0.8790000023 0.4812121213
vt 0.877000002 0.4773333326
vt 0.8800000036 0.4773333342
vt 0.8850000037 0.4773333338
vt 0.8800000035 0.4773333349
vt 0.8820000022 0.4724848516
vt 0.8800000035 0.4773333342
vt 0.877000002 0.4773333325
vt 0.8820000022 0.4724848511
vt 0.352 0.08460605858
vt 0.3549999974 0.08072727816
vt 0.3560000004 0.08266666562
vt 0.3549999972 0.08072727912
vt 0.3590000001 0.08072727359
vt 0.3560000003 0.08266666554
vt 0.3540000024 0.07684848785
vt 0.3590000038 0.07296969333
vt 0.3549999953 0.08072727614
vt 0.3549999969 0.08072727881
vt 0.3589999993 0.07684848718
vt 0.359 0.08072727439
vt 0.8770000023 0.4773333328
vt 0.8769999939 0.4734545449
vt 0.8820000029 0.4724848521
vt 0.359000001 0.08072727457
vt 0.3589999992 0.07684848698
vt 0.3606296355 0.07835689369
vt 0.3589999999 0.08072727379
vt 0.3606296355 0.07835689374
vt 0.3614444519 0.07914701975
vt 0.8850000028 0.4773333343
vt 0.8820000018 0.4724848519
vt 0.8849999952 0.4744242437
vt 0.8849999947 0.4744242442
vt 0.8820000017 0.4724848518
vt 0.8870000027 0.4695757582
vt 0.3549999954 0.08072727696
vt 0.3590000037 0.07296969279
vt 0.3589999987 0.07684848644
vt 0.3589999986 0.0768484861
vt 0.3607543956 0.07382030525
vt 0.3592353028 0.07673440208
vt 0.3590000039 0.07296969379
vt 0.3607543956 0.07382030525
vt 0.3589999986 0.0768484861
vt 0.3590000042 0.0729696937
vt 0.3620612311 0.07198020995
vt 0.3607543962 0.07382030492
vt 0.8820000018 0.4724848515
vt 0.8859999959 0.4656969696
vt 0.8870000027 0.4695757581
vt 0.8769999939 0.4734545452
vt 0.8809999971 0.4686060633
vt 0.8820000029 0.4724848513
vt 0.3589999992 0.07684848698
vt 0.3592353041 0.07673440364
vt 0.3606296355 0.07835689369
vt 0.8769999955 0.4734545447
vt 0.8778148177 0.4702940418
vt 0.8809999973 0.4686060632
vt 0.8809999973 0.4686060632
vt 0.8778148177 0.4702940418
vt 0.8784545427 0.469428833
vt 0.8809999977 0.4686060629
vt 0.8784545423 0.4694288334
vt 0.8792499909 0.4680404051
vt 0.8820000027 0.4724848511
vt 0.8809999971 0.4686060636
vt 0.8859999948 0.46569697
vt 0.8809999971 0.4686060639
vt 0.8799999954 0.4647272738
vt 0.8859999949 0.4656969697
vt 0.3509999992 0.06521211894
vt 0.3560000054 0.06521212091
vt 0.3530000044 0.0719999988
vt 0.3500000027 0.06036363859
vt 0.3550000019 0.05939394013
vt 0.3509999995 0.06521211939
vt 0.3509999992 0.06521211885
vt 0.3550000023 0.05939394088
vt 0.3560000054 0.06521212097
vt 0.8969999988 0.4744242454
vt 0.891000005 0.4763636364
vt 0.8889999979 0.4724848485
vt 0.8969999983 0.4744242449
vt 0.8889999978 0.4724848484
vt 0.8950000006 0.4705454524
vt 0.3500000028 0.06036364004
vt 0.3490000033 0.05551515778
vt 0.3550000019 0.05939394057
vt 0.348999999 0.05260606313
vt 0.3569999954 0.05551515012
vt 0.3490000037 0.0555151567
vt 0.3490000032 0.0555151571
vt 0.3540000024 0.05648485259
vt 0.3550000019 0.05939394059
vt 0.3490000039 0.05551515579
vt 0.3569999954 0.05551515047
vt 0.3540000029 0.05648485156
vt 0.8989999982 0.4695757543
vt 0.8950000001 0.4705454524
vt 0.8989999982 0.4666666662
vt 0.3540000023 0.05648485262
vt 0.3599999958 0.059393939
vt 0.355000002 0.05939394058
vt 0.354000003 0.05648485191
vt 0.3569999953 0.05551515026
vt 0.3599999961 0.05939393889
vt 0.3590000035 0.07296969378
vt 0.3559999976 0.07006060947
vt 0.3560000046 0.06521212038
vt 0.3590000031 0.07296969288
vt 0.3560000039 0.0652121196
vt 0.3599999965 0.06521212246
vt 0.356000004 0.06521211968
vt 0.3599999966 0.05939394051
vt 0.3599999964 0.0652121224
vt 0.3550000022 0.05939394059
vt 0.3599999958 0.05939393997
vt 0.3560000049 0.06521212025
vt 0.888999998 0.4724848482
vt 0.887000003 0.4695757584
vt 0.8930000043 0.4676363609
vt 0.8950000002 0.4705454527
vt 0.8889999976 0.4724848485
vt 0.8930000047 0.4676363606
vt 0.8950000001 0.4705454526
vt 0.8930000039 0.4676363605
vt 0.898999998 0.4666666663
vt 0.8989999982 0.4666666662
vt 0.8930000046 0.4676363599
vt 0.8910000016 0.4637575785
vt 0.8989999982 0.4666666662
vt 0.8910000015 0.4637575783
vt 0.8959999981 0.4618181824
vt 0.3590000035 0.07296969338
vt 0.3599999959 0.06521212179
vt 0.3634210585 0.06919298931
vt 0.3590000035 0.07296969338
vt 0.3634210585 0.06919298931
vt 0.3620612318 0.07198021061
vt 0.3599999958 0.06521212162
vt 0.3653793202 0.06521213001
vt 0.3634210584 0.06919298933
vt 0.3599999957 0.06521212155
vt 0.365617028 0.06484075944
vt 0.3653793195 0.06521212943
vt 0.8930000044 0.4676363609
vt 0.8870000029 0.4695757584
vt 0.891000002 0.4637575783
vt 0.8870000029 0.4695757585
vt 0.8859999957 0.465696969
vt 0.8910000018 0.4637575782
vt 0.8859999955 0.4656969688
vt 0.8890000015 0.4589090868
vt 0.891000002 0.4637575781
vt 0.3569999954 0.05551515016
vt 0.3660000034 0.06036363783
vt 0.3599999962 0.05939393878
vt 0.3599999957 0.06521212155
vt 0.3599999959 0.05939393972
vt 0.365617028 0.06484075944
vt 0.3599999962 0.05939393996
vt 0.3660000034 0.06036363683
vt 0.3656170283 0.06484075971
vt 0.8959999981 0.4618181822
vt 0.8910000017 0.4637575781
vt 0.889000002 0.4589090863
vt 0.3660000034 0.06036363683
vt 0.3660000003 0.06382686069
vt 0.3656170283 0.06484075971
vt 0.3660000043 0.0603636367
vt 0.3669051762 0.06036363242
vt 0.3659999999 0.06382686065
vt 0.3660000043 0.06036363684
vt 0.3676490107 0.05776921377
vt 0.3669051763 0.06036363244
vt 0.8809999981 0.4686060641
vt 0.8792499914 0.4680404064
vt 0.8799999962 0.4647272742
vt 0.8799999955 0.4647272742
vt 0.8789565175 0.4628300444
vt 0.8790000023 0.4627878777
vt 0.4539999964 0.4850909103
vt 0.4540724711 0.4851190207
vt 0.4540531976 0.4851528139
vt 0.4539999971 0.4850909096
vt 0.4540531982 0.4851528134
vt 0.4518461607 0.4878259534
vt 0.4539999971 0.4850909096
vt 0.4518461607 0.4878259534
vt 0.4499999989 0.4870303001
vt 0.4489999994 0.4928484882
vt 0.4513140546 0.4923997056
vt 0.4508421101 0.4946347678
vt 0.4508421096 0.4946347689
vt 0.4496030583 0.4959204245
vt 0.4441639338 0.4937228013
vt 0.4496030581 0.4959204227
vt 0.4442500026 0.4993939349
vt 0.4441639335 0.4937228019
vt 0.4489999993 0.4928484876
vt 0.4508421096 0.4946347689
vt 0.4441639338 0.4937228013
vt 0.4489999993 0.4928484876
vt 0.4441639338 0.4937228013
vt 0.4441000016 0.4928484843
vt 0.4489999993 0.492848488
vt 0.4441000016 0.4928484839
vt 0.4445819628 0.488564337
vt 0.4499999993 0.4870302996
vt 0.4518461606 0.4878259536
vt 0.4513140559 0.4923997057
vt 0.4499999993 0.4870302996
vt 0.4513140559 0.4923997057
vt 0.449 0.4928484882
vt 0.4499999996 0.4870302993
vt 0.4444827599 0.4863615475
vt 0.4443396258 0.4815414517
vt 0.4499999996 0.4870302995
vt 0.4489999998 0.4928484883
vt 0.4445819642 0.4885643374
vt 0.4499999996 0.4870302995
vt 0.4445819642 0.4885643374
vt 0.4444827599 0.4863615475
vt 0.885999995 0.4656969696
vt 0.8799999955 0.4647272735
vt 0.8839999965 0.46181818
vt 0.8799999971 0.4647272752
vt 0.8789999981 0.4627878794
vt 0.8839999985 0.4618181817
vt 0.8859999948 0.4656969695
vt 0.8839999964 0.46181818
vt 0.8890000016 0.4589090869
vt 0.8839999985 0.4618181817
vt 0.8789999981 0.4627878794
vt 0.882999998 0.4579393941
vt 0.4539999979 0.4850909116
vt 0.45 0.4870302994
vt 0.4529999994 0.479272729
vt 0.8959999979 0.4618181821
vt 0.8890000027 0.4589090865
vt 0.8930000055 0.4569696968
vt 0.8890000038 0.4589090892
vt 0.8839999977 0.4618181814
vt 0.8870000038 0.4550303011
vt 0.8930000043 0.4569696952
vt 0.8890000044 0.458909089
vt 0.8870000027 0.4550303014
vt 0.8839999988 0.4618181814
vt 0.8829999982 0.4579393938
vt 0.8870000023 0.455030301
vt 0.4499999999 0.4870302993
vt 0.448 0.4792727255
vt 0.4529999996 0.479272729
vt 0.448 0.4792727256
vt 0.4443396255 0.4815414524
vt 0.4443852485 0.4787719816
vt 0.4499999999 0.4870302994
vt 0.4443396255 0.4815414524
vt 0.448 0.4792727256
vt 0.4529999997 0.4792727291
vt 0.4470000003 0.4724848435
vt 0.4519999979 0.4734545423
vt 0.4529999998 0.4792727286
vt 0.4479999998 0.4792727255
vt 0.4470000008 0.472484844
vt 0.4479999996 0.4792727255
vt 0.4445546882 0.4749772756
vt 0.4470000002 0.4724848442
vt 0.4479999999 0.4792727252
vt 0.4443852486 0.4787719805
vt 0.4445546879 0.4749772759
vt 0.4470000002 0.4724848442
vt 0.4445546882 0.4749772756
vt 0.4441967235 0.4715787418
vt 0.348999999 0.05260606368
vt 0.3489999994 0.04872726663
vt 0.3569999955 0.0555151499
vt 0.3489999981 0.04872727662
vt 0.3490000034 0.04581818191
vt 0.357000004 0.05163636821
vt 0.907999995 0.4705454541
vt 0.898999998 0.4666666662
vt 0.9029999983 0.464727278
vt 0.3490000033 0.04581818305
vt 0.3569999967 0.04872726609
vt 0.3570000038 0.05163636831
vt 0.3489999994 0.04872726652
vt 0.3570000041 0.05163636382
vt 0.3569999955 0.05551514991
vt 0.3569999952 0.05551515021
vt 0.3570000045 0.05163636355
vt 0.3649999998 0.056484851
vt 0.8989999981 0.4666666663
vt 0.8959999979 0.4618181825
vt 0.902999998 0.4647272779
vt 0.3570000038 0.0516363679
vt 0.3569999968 0.04872726646
vt 0.3639999987 0.05066666053
vt 0.9029999997 0.4647272783
vt 0.8959999984 0.4618181826
vt 0.8979999988 0.4598787918
vt 0.3570000035 0.05163636742
vt 0.363999999 0.05066666117
vt 0.363999996 0.05357575782
vt 0.3570000041 0.05163636381
vt 0.3639999967 0.05357575212
vt 0.3650000002 0.0564848506
vt 0.356999995 0.05551515113
vt 0.3649999999 0.05648485084
vt 0.366000004 0.0603636368
vt 0.3650000002 0.05648485073
vt 0.3676490107 0.05776921377
vt 0.3660000043 0.06036363684
vt 0.8979999983 0.4598787917
vt 0.8959999984 0.4618181825
vt 0.8930000041 0.4569696961
vt 0.8979999981 0.4598787919
vt 0.8930000042 0.4569696962
vt 0.8960000004 0.4540606095
vt 0.363999999 0.05066666147
vt 0.3689999976 0.05163636204
vt 0.3639999976 0.05357575863
vt 0.3649999997 0.05648485083
vt 0.3687037034 0.05648485659
vt 0.3676490107 0.05776921489
vt 0.3650000002 0.05648485162
vt 0.3693478319 0.05507949027
vt 0.3687037051 0.05648485932
vt 0.3650000002 0.05648485067
vt 0.3639999965 0.05357575237
vt 0.3697570143 0.05437326491
vt 0.363999996 0.05357575439
vt 0.3689999971 0.05163636273
vt 0.3697570142 0.05437326632
vt 0.3650000002 0.05648485067
vt 0.3697570143 0.05437326491
vt 0.3693478319 0.05507948981
vt 0.3689999971 0.05163636273
vt 0.3703333366 0.05357576169
vt 0.3697570142 0.05437326632
vt 0.8959999998 0.4540606089
vt 0.893000003 0.4569696945
vt 0.8919999996 0.4511515185
vt 0.3689999974 0.05163636382
vt 0.3717142905 0.05005713778
vt 0.3703333386 0.05357575768
vt 0.8959999986 0.4540606087
vt 0.8919999982 0.4511515182
vt 0.8970857108 0.4509021574
vt 0.8930000037 0.4569696951
vt 0.8870000021 0.455030302
vt 0.8919999994 0.4511515183
vt 0.8919999982 0.4511515182
vt 0.8947457744 0.4498202311
vt 0.8970857108 0.4509021574
vt 0.4529999991 0.4676363665
vt 0.4536315852 0.4631961778
vt 0.4548305153 0.4654175558
vt 0.4530000002 0.4676363658
vt 0.451999998 0.4734545433
vt 0.4470000011 0.4724848435
vt 0.4530000001 0.4676363664
vt 0.4470000013 0.4724848426
vt 0.4490000003 0.4637575811
vt 0.4470000013 0.4724848426
vt 0.4441967231 0.4715787413
vt 0.4447956214 0.4673249326
vt 0.4490000003 0.4637575814
vt 0.4470000013 0.4724848426
vt 0.4447956214 0.4673249326
vt 0.4529999991 0.4676363665
vt 0.4490000014 0.463757579
vt 0.4536315852 0.4631961778
vt 0.4490000022 0.4637575808
vt 0.4531509512 0.45490221
vt 0.4536315862 0.4631961785
vt 0.4490000013 0.4637575813
vt 0.4447956221 0.4673249323
vt 0.4450314964 0.4626580713
vt 0.4490000011 0.4637575805
vt 0.4450314966 0.4626580719
vt 0.4455869562 0.4592094824
vt 0.4490000011 0.4637575805
vt 0.4455869562 0.4592094824
vt 0.4531509514 0.4549022101
vt 0.4531509514 0.4549022101
vt 0.4455869562 0.4592094824
vt 0.4529411876 0.4538609599
vt 0.4529411877 0.4538609604
vt 0.4455869557 0.4592094815
vt 0.4460370415 0.4507744155
vt 0.4460370415 0.4507744155
vt 0.452988775 0.4527967318
vt 0.4529411877 0.4538609604
vt 0.4528387224 0.4505572215
vt 0.4529887751 0.4527967319
vt 0.4460370415 0.4507744149
vt 0.4528387224 0.4505572217
vt 0.4508311631 0.4461770936
vt 0.4522851849 0.4462807146
vt 0.4528387224 0.4505572215
vt 0.4460370415 0.4507744149
vt 0.446720634 0.4456381449
vt 0.4528387224 0.4505572215
vt 0.446720634 0.4456381449
vt 0.4508311635 0.4461770931
vt 0.2890625 0.02272727273
vt 0.2890625 0.02272727273
vt 0.2890625 0.02272727273
vt 0.2890625 0.02272727273
vt 0.2890625 0.02272727273
vt 0.2890625 0.02272727273
vt 0.2890625 0.02272727273
vt 0.2890625 0.02272727273
vt 0.2890625 0.02272727273
vt 0.2890625 0.02272727273
vt 0.2890625 0.02272727273
vt 0.2890625 0.02272727273
vt 0.2890625 0.02272727273
vt 0.2890625 0.02272727273
vt 0.2890625 0.02272727273
vt 0.2890625 0.02272727273
vt 0.2890625 0.02272727273
vt 0.2890625 0.02272727273
vt 0.2890625 0.02272727273
vt 0.2890625 0.02272727273
vt 0.2890625 0.02272727273
vt 0.2890625 0.02272727273
vt 0.2890625 0.02272727273
vt 0.2890625 0.02272727273
vt 0.2890625 0.02272727273
vt 0.2890625 0.02272727273
vt 0.2890625 0.02272727273
vt 0.2890625 0.02272727273
vt 0.2890625 0.02272727273
vt 0.2890625 0.02272727273
vt 0.2890625 0.02272727273
vt 0.2890625 0.02272727273
vt 0.2890625 0.02272727273
vt 0.2890625 0.02272727273
vt 0.2890625 0.02272727273
vt 0.2890625 0.02272727273
vt 0.2890625 0.02272727273
vt 0.2890625 0.02272727273
vt 0.2890625 0.02272727273
vt 0.2890625 0.02272727273
vt 0.2890625 0.02272727273
vt 0.2890625 0.02272727273
vt 0.2890625 0.02272727273
vt 0.2890625 0.02272727273
vt 0.2890625 0.02272727273
vt 0.2890625 0.02272727273
vt 0.2890625 0.02272727273
vt 0.2890625 0.02272727273
vt 0.2890625 0.02272727273
vt 0.2890625 0.02272727273
vt 0.2890625 0.02272727273
vt 0.2890625 0.02272727273
vt 0.2890625 0.02272727273
vt 0.2890625 0.02272727273
vt 0.2890625 0.02272727273
vt 0.2890625 0.02272727273
vt 0.2890625 0.02272727273
vt 0.2890625 0.02272727273
vt 0.2890625 0.02272727273
vt 0.2890625 0.02272727273
vt 0.2890625 0.02272727273
vt 0.2890625 0.02272727273
vt 0.2890625 0.02272727273
vt 0.2890625 0.02272727273
vt 0.2890625 0.02272727273
vt 0.2890625 0.02272727273
vt 0.2890625 0.02272727273
vt 0.2890625 0.02272727273
vt 0.2890625 0.02272727273
vt 0.2890625 0.02272727273
vt 0.2890625 0.02272727273
vt 0.2890625 0.02272727273
vt 0.2890625 0.02272727273
vt 0.2890625 0.02272727273
vt 0.2890625 0.02272727273
vt 0.2890625 0.02272727273
vt 0.2890625 0.02272727273
vt 0.2890625 0.02272727273
vt 0.2890625 0.02272727273
vt 0.2890625 0.02272727273
vt 0.2890625 0.02272727273
vt 0.2890625 0.02272727273
vt 0.2890625 0.02272727273
vt 0.2890625 0.02272727273
vt 0.2890625 0.02272727273
vt 0.2890625 0.02272727273
vt 0.2890625 0.02272727273
vt 0.2890625 0.02272727273
vt 0.2890625 0.02272727273
vt 0.2890625 0.02272727273
vt 0.2890625 0.02272727273
vt 0.2890625 0.02272727273
vt 0.2890625 0.02272727273
vt 0.2890625 0.02272727273
vt 0.2890625 0.02272727273
vt 0.2890625 0.02272727273
vt 0.2890625 0.02272727273
vt 0.2890625 0.02272727273
vt 0.2890625 0.02272727273
vt 0.2890625 0.02272727273
vt 0.2890625 0.02272727273
vt 0.2890625 0.02272727273
vt 0.2890625 0.02272727273
vt 0.2890625 0.02272727273
vt 0.2890625 0.02272727273
vt 0.2890625 0.02272727273
vt 0.2890625 0.02272727273
vt 0.2890625 0.02272727273
vt 0.2890625 0.02272727273
vt 0.2890625 0.02272727273
vt 0.2890625 0.02272727273
vt 0.2890625 0.02272727273
vt 0.2890625 0.02272727273
vt 0.2890625 0.02272727273
vt 0.2890625 0.02272727273
vt 0.2890625 0.02272727273
vt 0.2890625 0.02272727273
vt 0.2890625 0.02272727273
vt 0.2890625 0.02272727273
vt 0.2890625 0.02272727273
vt 0.2890625 0.02272727273
vt 0.2890625 0.02272727273
vt 0.2890625 0.02272727273
vt 0.2890625 0.02272727273
vt 0.2890625 0.02272727273
vt 0.2890625 0.02272727273
vt 0.2890625 0.02272727273
vt 0.2890625 0.02272727273
vt 0.2890625 0.02272727273
vt 0.2890625 0.02272727273
vt 0.2890625 0.02272727273
vt 0.2890625 0.02272727273
vt 0.2890625 0.02272727273
vt 0.2890625 0.02272727273
vt 0.2890625 0.02272727273
vt 0.2890625 0.02272727273
vt 0.2890625 0.02272727273
vt 0.2890625 0.02272727273
vt 0.2890625 0.02272727273
vt 0.2890625 0.02272727273
vt 0.2890625 0.02272727273
vt 0.2890625 0.02272727273
vt 0.2890625 0.02272727273
vt 0.2890625 0.02272727273
vt 0.2890625 0.02272727273
vt 0.2890625 0.02272727273
vt 0.2890625 0.02272727273
vt 0.2890625 0.02272727273
vt 0.2890625 0.02272727273
vt 0.2890625 0.02272727273
vt 0.2890625 0.02272727273
vt 0.2890625 0.02272727273
vt 0.2890625 0.02272727273
vt 0.2890625 0.02272727273
vt 0.2890625 0.02272727273
vt 0.2890625 0.02272727273
vt 0.2890625 0.02272727273
vt 0.2890625 0.02272727273
vt 0.2890625 0.02272727273
vt 0.2890625 0.02272727273
vt 0.2890625 0.02272727273
vt 0.2890625 0.02272727273
vt 0.2890625 0.02272727273
vt 0.2890625 0.02272727273
vt 0.2890625 0.02272727273
vt 0.2890625 0.02272727273
vt 0.2890625 0.02272727273
vt 0.2890625 0.02272727273
vt 0.2890625 0.02272727273
vt 0.2890625 0.02272727273
vt 0.2890625 0.02272727273
vt 0.2890625 0.02272727273
vt 0.2890625 0.02272727273
vt 0.2890625 0.02272727273
vt 0.2890625 0.02272727273
vt 0.2890625 0.02272727273
vt 0.2890625 0.02272727273
vt 0.2890625 0.02272727273
vt 0.2890625 0.02272727273
vt 0.2890625 0.02272727273
vt 0.2890625 0.02272727273
vt 0.2890625 0.02272727273
vt 0.2890625 0.02272727273
vt 0.2890625 0.02272727273
vt 0.2890625 0.02272727273
vt 0.2890625 0.02272727273
vt 0.2890625 0.02272727273
vt 0.2890625 0.02272727273
vt 0.2890625 0.02272727273
vt 0.2890625 0.02272727273
vt 0.2890625 0.02272727273
vt 0.2890625 0.02272727273
vt 0.2890625 0.02272727273
vt 0.2890625 0.02272727273
vt 0.2890625 0.02272727273
vt 0.2890625 0.02272727273
vt 0.2890625 0.02272727273
vt 0.2890625 0.02272727273
vt 0.2890625 0.02272727273
vt 0.2890625 0.02272727273
vt 0.2890625 0.02272727273
vt 0.2890625 0.02272727273
vt 0.2890625 0.02272727273
vt 0.2890625 0.02272727273
vt 0.2890625 0.02272727273
vt 0.2890625 0.02272727273
vt 0.2890625 0.02272727273
vt 0.2890625 0.02272727273
vt 0.2890625 0.02272727273
vt 0.2890625 0.02272727273
vn -0.4032506764 -0.2623669896 -0.8766712353
vn -0.4826247864 -0.8474061216 -0.2213056272
vn -0.6526184537 -0.3170275034 -0.6881734635
vn -0.3598674254 -0.7865422307 -0.5018433575
vn -0.4826246571 -0.8474062648 -0.2213053607
vn -0.4032505728 -0.2623667954 -0.876671341
vn -0.3598677574 -0.786541681 -0.501843981
vn 0.1202994519 -0.9282608707 0.3519372072
vn -0.4826252338 -0.847405599 -0.2213066528
vn -0.2892664921 0.4611285892 -0.8388595358
vn -0.3547691712 0.6316737457 -0.6892946498
vn -0.3196630453 0.4999396727 -0.8049073618
vn -0.2892663997 0.4611286211 -0.8388595501
vn -0.4306889619 0.5567701992 -0.7102914637
vn -0.3547691471 0.6316737516 -0.6892946567
vn -0.6668381026 -0.7101390837 -0.2258969383
vn -0.6526184715 -0.3170274411 -0.6881734754
vn -0.4826246904 -0.8474062461 -0.2213053596
vn -0.4701906387 0.5762225347 -0.6684970858
vn -0.35476916 0.6316737784 -0.6892946256
vn -0.4306889606 0.5567701968 -0.7102914664
vn -0.6668382969 -0.7101388234 -0.225897183
vn -0.7288721554 0.1428939626 -0.6695720249
vn -0.6526185003 -0.3170268376 -0.6881737261
vn -0.6668378507 -0.7101394294 -0.2258965951
vn -0.482625008 -0.8474059879 -0.2213056558
vn 0.1163214622 -0.8761871225 0.4677236832
vn -0.4701906463 0.576222529 -0.6684970854
vn -0.4001018253 0.6475976173 -0.6484873596
vn -0.3547691574 0.6316737801 -0.6892946253
vn 0.1202994763 -0.9282609652 0.3519369496
vn 0.06113872876 -0.8983636128 0.4349768673
vn -0.4826250604 -0.8474058905 -0.2213059145
vn 0.116321489 -0.8761871843 0.4677235608
vn -0.4826250127 -0.8474059871 -0.2213056486
vn 0.0611387356 -0.8983636051 0.4349768822
vn 0.1163217264 -0.8761870325 0.4677237861
vn 0.06113931689 -0.898363293 0.434977445
vn 0.1377317451 -0.8564638755 0.4974933129
vn -0.3547691795 0.6316737617 -0.6892946308
vn -0.2531236561 0.7633585129 -0.5943165786
vn -0.2227445037 0.7380542925 -0.6369150237
vn -0.40010182 0.6475976222 -0.648487358
vn -0.2531236481 0.7633585077 -0.5943165886
vn -0.3547691728 0.6316737654 -0.6892946309
vn -0.2227444395 0.7380543436 -0.636914987
vn -0.253123783 0.7633584138 -0.5943166517
vn -0.2057472252 0.7921073567 -0.5746599123
vn -0.6668381671 -0.7101389665 -0.2258971164
vn -0.7520416006 -0.6082356271 -0.2539347415
vn -0.7303272757 0.1901530754 -0.656097461
vn -0.4701906265 0.5762225431 -0.6684970871
vn -0.4950494539 0.5490201225 -0.6734262715
vn -0.4024740485 0.6364635617 -0.6579732327
vn -0.7520415607 -0.6082357574 -0.2539345475
vn -0.02908061 -0.8926068237 0.4498970731
vn -0.8393616766 -0.5420980394 -0.0400211398
vn -0.7520415574 -0.6082357567 -0.2539345591
vn -0.9037347523 0.03513645686 -0.4266484817
vn -0.7303272059 0.1901531808 -0.6560975081
vn -0.02908047774 -0.8926067805 0.4498971675
vn 0.2112729516 -0.8127481485 0.5429587342
vn -0.1776681377 -0.8412763787 0.5105762308
vn -0.4950494433 0.5490201202 -0.6734262813
vn -0.487623265 0.6330141439 -0.6012625425
vn -0.4024740634 0.6364635653 -0.6579732201
vn -0.7520415569 -0.6082357612 -0.2539345496
vn -0.8393613357 -0.5420986137 -0.04002050881
vn -0.903734797 0.03513631379 -0.4266483987
vn -0.495049434 0.5490201302 -0.6734262799
vn -0.5667317831 0.5349778677 -0.6265889937
vn -0.4876232686 0.633014148 -0.6012625353
vn -0.6668378905 -0.7101393517 -0.2258967219
vn 0.1163214132 -0.8761871597 0.4677236256
vn -0.7520415025 -0.6082358236 -0.2539345612
vn -0.6668381314 -0.7101390073 -0.2258970934
vn -0.7303272807 0.1901531526 -0.656097433
vn -0.7288721512 0.1428939951 -0.6695720225
vn 0.1163214311 -0.8761871513 0.4677236369
vn -0.02908062278 -0.8926068225 0.4498970746
vn -0.7520414969 -0.6082358284 -0.2539345664
vn 0.1163217269 -0.8761870324 0.4677237861
vn 0.1377317685 -0.8564638585 0.4974933357
vn 0.2113572315 -0.811507029 0.5447792788
vn -0.4701906477 0.5762225318 -0.6684970821
vn -0.4024740301 0.6364635711 -0.6579732349
vn -0.4001018204 0.6475976082 -0.6484873716
vn -0.4001018159 0.6475976122 -0.6484873704
vn -0.4024740264 0.6364635759 -0.6579732324
vn -0.2531236518 0.7633585146 -0.5943165782
vn 0.116321707 -0.8761870427 0.4677237717
vn 0.2113572403 -0.8115070229 0.5447792845
vn 0.2112728809 -0.8127481702 0.5429587292
vn -0.4024740268 0.6364635768 -0.6579732314
vn -0.2559372047 0.7470483788 -0.6135265822
vn -0.2531236387 0.7633585171 -0.5943165805
vn -0.2559371303 0.7470484267 -0.6135265549
vn -0.2057472129 0.7921073384 -0.574659942
vn -0.2531237893 0.7633584234 -0.5943166367
vn 0.1163216148 -0.8761870587 0.4677237646
vn 0.2112729485 -0.8127481501 0.5429587331
vn -0.029080481 -0.8926067785 0.449897171
vn 0.2112728307 -0.8127482068 0.542958694
vn 0.211357286 -0.8115069894 0.5447793167
vn 0.1878349153 -0.8243423989 0.5340202748
vn 0.2113572928 -0.8115069869 0.5447793177
vn 0.1517476836 -0.8351715846 0.5286407711
vn 0.1878349099 -0.8243424009 0.5340202737
vn 0.1517477708 -0.8351715484 0.5286408032
vn 0.1683425032 -0.824626826 0.54004759
vn 0.1878349345 -0.8243423898 0.5340202822
vn -0.4024740601 0.6364635734 -0.6579732143
vn -0.4876232293 0.6330141704 -0.6012625435
vn -0.3235037638 0.7531972857 -0.5727470328
vn -0.4024740409 0.6364635783 -0.6579732212
vn -0.3235037647 0.7531972851 -0.5727470331
vn -0.2559372076 0.7470483793 -0.6135265804
vn -0.2559371346 0.7470484255 -0.6135265546
vn -0.2159277463 0.7903529529 -0.5733388337
vn -0.2016746532 0.7794076205 -0.5931703764
vn -0.2559371338 0.7470484245 -0.613526556
vn -0.2016746521 0.7794076191 -0.5931703786
vn -0.2057472102 0.7921073397 -0.574659941
vn -0.2057472136 0.7921073381 -0.574659942
vn -0.2016746801 0.7794076053 -0.5931703872
vn -0.1845917283 0.7915698925 -0.5825315434
vn -0.839361329 -0.5420986234 -0.04002051759
vn -0.8351741775 -0.5024761224 0.2236109111
vn -0.9037347755 0.03513638207 -0.4266484387
vn -0.839361709 -0.542097994 -0.04002107308
vn -0.177667602 -0.841276313 0.5105765255
vn -0.8351741006 -0.5024762177 0.2236109844
vn -0.02908059885 -0.8926068064 0.4498971081
vn -0.1776674775 -0.8412763456 0.510576515
vn -0.8393616827 -0.542098035 -0.04002107147
vn 0.2112729864 -0.8127481426 0.5429587295
vn 0.06521050024 -0.7960838711 0.6016627468
vn -0.1776680564 -0.8412763921 0.510576237
vn 0.2112728293 -0.8127482067 0.5429586946
vn 0.187834889 -0.824342397 0.534020287
vn 0.06521023591 -0.7960839477 0.601662674
vn 0.1683425129 -0.8246268228 0.5400475918
vn 0.179306304 -0.8220255597 0.5404842538
vn 0.1878349228 -0.8243423937 0.5340202803
vn -0.5667317719 0.5349778628 -0.626589008
vn -0.6309926381 0.5823668741 -0.5125398664
vn -0.4876232731 0.6330141435 -0.6012625364
vn -0.9037348524 0.03513617898 -0.4266482925
vn -0.835174237 -0.5024760762 0.2236107929
vn -0.9855736662 -0.09693192178 -0.138739868
vn -0.1776675391 -0.8412764412 0.5105763362
vn -0.3012737449 -0.7849396838 0.5413906385
vn -0.8351740767 -0.5024762859 0.2236109203
vn -0.4876232383 0.6330141533 -0.6012625543
vn -0.6309926582 0.5823668617 -0.5125398558
vn -0.4920565105 0.6942061663 -0.5253172271
vn -0.4876232197 0.6330141332 -0.6012625905
vn -0.4920565537 0.6942061592 -0.525317196
vn -0.3895606334 0.743243297 -0.5439043247
vn -0.1776681207 -0.8412763907 0.5105762169
vn 0.06521052727 -0.7960838657 0.601662751
vn -0.3012743768 -0.784939545 0.5413904881
vn -0.2559371739 0.7470484221 -0.6135265422
vn -0.3235037583 0.7531972945 -0.5727470244
vn -0.2159277324 0.7903529535 -0.5733388382
vn -0.4876232335 0.6330141697 -0.6012625409
vn -0.3895605922 0.7432433735 -0.5439042496
vn -0.3235037525 0.7531972937 -0.5727470287
vn -0.8351740026 -0.5024763508 0.2236110513
vn -0.437340732 -0.6891733474 0.5777310632
vn -0.9855736645 -0.0969317619 -0.1387399918
vn -0.8351742097 -0.5024761011 0.2236108389
vn -0.3012738565 -0.7849396455 0.5413906319
vn -0.7625208315 -0.4948477323 0.4167585672
vn -0.6309921341 0.5823674619 -0.512539819
vn -0.8225416141 0.2982462607 -0.4842256303
vn -0.4920566893 0.6942060032 -0.5253172751
vn -0.9855736804 -0.09693095332 -0.1387404442
vn -0.4373418218 -0.6891729334 0.577730732
vn -0.9814245302 0.1367389801 -0.1345672429
vn -0.8351739665 -0.5024763931 0.223611091
vn -0.7625238973 -0.4948453545 0.4167557813
vn -0.4373484128 -0.6891712778 0.5777277176
vn -0.4920558865 0.6942066115 -0.5253172233
vn -0.8225412211 0.2982470391 -0.4842258185
vn -0.5181069734 0.6664879207 -0.5360587801
vn -0.4373414706 -0.6891729891 0.5777309315
vn -0.7625216967 -0.4948469438 0.4167579205
vn -0.9814245111 0.1367389261 -0.1345674368
vn -0.3012743898 -0.7849395425 0.5413904844
vn -0.1793029699 -0.7797867136 0.5998192446
vn -0.7625207615 -0.4948477935 0.4167586227
vn -0.9814245304 0.1367388525 -0.1345673713
vn -0.7625211875 -0.4948473963 0.4167583148
vn -0.9458446151 -0.2483021227 0.2091028931
vn -0.492056534 0.6942061198 -0.5253172666
vn -0.518105631 0.6664889937 -0.5360587434
vn -0.3922835858 0.7610188151 -0.516685544
vn -0.4920565151 0.6942061568 -0.5253172354
vn -0.3922835613 0.7610188511 -0.5166855096
vn -0.3895606875 0.7432433048 -0.5439042752
vn -0.1793029743 -0.7797867185 0.599819237
vn -0.7991388381 -0.243467903 0.5496366961
vn -0.7625207533 -0.4948478463 0.416758575
vn -0.9458447363 -0.2483018646 0.2091026514
vn -0.7625209628 -0.4948476469 0.4167584284
vn -0.9592357596 0.2234805712 0.1729832124
vn 0.06521049774 -0.7960838839 0.6016627302
vn -0.1793027834 -0.7797867622 0.5998192372
vn -0.3012743407 -0.7849395632 0.5413904819
vn 0.06521031443 -0.7960839378 0.6016626786
vn 0.1363631469 -0.7930785919 0.593659363
vn -0.1793027161 -0.7797867568 0.5998192644
vn -0.3235037415 0.7531972999 -0.5727470267
vn -0.3895606521 0.7432433359 -0.543904258
vn -0.3564153026 0.7736439907 -0.5238731791
vn -0.3235037427 0.7531972985 -0.5727470279
vn -0.3564153376 0.773643991 -0.5238731548
vn -0.2159277253 0.7903529545 -0.5733388395
vn 0.13636327 -0.7930785082 0.5936594465
vn -0.02714407127 -0.7152915066 0.6982988329
vn -0.1793027171 -0.7797867572 0.5998192635
vn -0.3895607028 0.7432433045 -0.5439042647
vn -0.3922834581 0.7610188763 -0.5166855509
vn -0.3564152744 0.773644007 -0.5238731741
vn -0.2159277411 0.7903529572 -0.5733388298
vn -0.3564152923 0.7736439911 -0.5238731855
vn -0.3081632413 0.8234974472 -0.4763269582
vn 0.06521029337 -0.7960839416 0.6016626759
vn 0.1878349384 -0.8243423868 0.5340202854
vn 0.1363631897 -0.7930785826 0.5936593655
vn 0.1363631289 -0.7930785833 0.5936593786
vn 0.1878349107 -0.8243423886 0.5340202923
vn 0.1793063276 -0.8220255698 0.5404842305
vn -0.2159277543 0.7903529467 -0.5733388392
vn -0.1994486335 0.789513752 -0.5804207766
vn -0.2016746805 0.7794075987 -0.5931703957
vn -0.1994486334 0.7895137513 -0.5804207776
vn -0.1845917213 0.791569888 -0.5825315517
vn -0.2016746808 0.7794076058 -0.5931703863
vn 0.1363631538 -0.7930785607 0.5936594031
vn 0.1793063239 -0.8220255729 0.5404842271
vn 0.1570206007 -0.7610495533 0.6294029777
vn 0.1363631239 -0.7930785588 0.5936594125
vn 0.1570205689 -0.7610495521 0.6294029871
vn -0.02714406596 -0.7152915052 0.6982988345
vn 0.1570206063 -0.7610495541 0.6294029753
vn 0.1793063256 -0.8220255732 0.540484226
vn 0.2113574204 -0.7857460855 0.5813184412
vn 0.1570205641 -0.7610495587 0.6294029804
vn 0.2113574 -0.7857460886 0.5813184443
vn 0.144233497 -0.7336876911 0.6640023119
vn -0.1994486321 0.7895137549 -0.5804207732
vn -0.1761804138 0.7797647558 -0.6007723258
vn -0.184591717 0.7915698996 -0.5825315374
vn -0.2159277511 0.7903529456 -0.5733388419
vn -0.3081632633 0.8234974192 -0.4763269925
vn -0.1994486187 0.7895137468 -0.5804207888
vn -0.1994486126 0.7895137499 -0.5804207868
vn -0.3081632756 0.8234974124 -0.4763269963
vn -0.213037969 0.7638288924 -0.6092456376
vn -0.1994486253 0.7895137591 -0.5804207698
vn -0.2130379597 0.7638288856 -0.6092456494
vn -0.176180431 0.7797647452 -0.6007723345
vn -0.1793029222 -0.7797866878 0.5998192925
vn -0.02714372235 -0.7152916219 0.6982987284
vn -0.7991388691 -0.2434679402 0.5496366345
vn -0.7625211458 -0.4948474644 0.4167583103
vn -0.7991393422 -0.2434673062 0.5496362276
vn -0.9592356722 0.2234812796 0.1729827818
vn -0.7991393484 -0.2434672125 0.5496362599
vn -0.6092649465 0.05250003278 0.7912268774
vn -0.9592356971 0.2234813832 0.1729825103
vn -0.02714381479 -0.7152917296 0.6982986144
vn -0.6092656859 0.05250123943 0.791226228
vn -0.7991388744 -0.2434679372 0.5496366281
vn -0.3922834336 0.7610188028 -0.5166856776
vn -0.374020187 0.8271483349 -0.4194455052
vn -0.3564152679 0.773643994 -0.5238731978
vn -0.9592356904 0.2234814815 0.1729824204
vn -0.6092648804 0.05249982464 0.7912269421
vn -0.7386949943 0.5975884052 0.3117976961
vn -0.02714378396 -0.7152917209 0.6982986246
vn 0.08422968694 -0.6155354799 0.783595197
vn -0.6092657715 0.05250122937 0.7912261627
vn 0.08422979746 -0.6155353917 0.7835952544
vn -0.3527850657 0.07328972778 0.9328297343
vn -0.6092656699 0.05250124679 0.7912262398
vn -0.3564152756 0.7736440135 -0.5238731637
vn -0.3740201959 0.8271483547 -0.4194454581
vn -0.3081632665 0.8234974214 -0.4763269865
vn -0.6092648958 0.05249940783 0.7912269579
vn -0.3527848255 0.07328919229 0.9328298672
vn -0.7386947731 0.597588879 0.3117973121
vn -0.3740201255 0.8271483492 -0.4194455317
vn -0.3697038407 0.8661452206 -0.3363205719
vn -0.3081632655 0.8234974204 -0.4763269889
vn -0.7386947766 0.59758879 0.3117974746
vn -0.3527848453 0.07328927291 0.9328298534
vn -0.5320627034 0.5799601686 0.6168917916
vn -0.3527848687 0.07328926838 0.9328298449
vn -0.4603923456 0.5702536764 0.6803305319
vn -0.5320627213 0.5799601176 0.6168918241
vn -0.02714410799 -0.7152915315 0.6982988059
vn 0.157020665 -0.761049487 0.6294030419
vn 0.08422991865 -0.6155356494 0.783595039
vn 0.1570205601 -0.761049528 0.6294030185
vn 0.06994180377 -0.5681980013 0.8199141269
vn 0.08422980849 -0.6155356881 0.7835950204
vn -0.3081632759 0.8234974153 -0.4763269911
vn -0.3153232674 0.8233669768 -0.4718453757
vn -0.213037968 0.7638289021 -0.6092456258
vn 0.08422957257 -0.6155354477 0.7835952346
vn 0.06994177585 -0.5681979667 0.8199141532
vn -0.3527850915 0.07328972722 0.9328297246
vn -0.3081632704 0.8234974047 -0.476327013
vn -0.3697038448 0.8661452119 -0.3363205897
vn -0.3153232717 0.8233669752 -0.4718453755
vn 0.1570205652 -0.7610495418 0.6294030005
vn 0.144233509 -0.733687734 0.6640022619
vn 0.06994180205 -0.5681979953 0.8199141312
vn 0.06994180495 -0.5681979972 0.8199141296
vn 0.1442334985 -0.7336877305 0.6640022681
vn 0.04698501483 -0.5428770932 0.8384967919
vn 0.1442335712 -0.7336877364 0.6640022457
vn 0.1864888654 -0.7030692686 0.686232837
vn 0.04698500049 -0.5428770903 0.8384967946
vn -0.3527850735 0.07328973273 0.932829731
vn 0.06994176899 -0.5681979661 0.8199141542
vn -0.2738657958 0.09887193564 0.9566722878
vn 0.05824189549 -0.5663305564 -0.8221177425
vn 0.03201855753 -0.5761088382 -0.8167456266
vn 0.03218426716 -0.5547967352 -0.8313631911
vn 0.06178244571 -0.5498708314 -0.8329615826
vn 0.05824189549 -0.5663305564 -0.8221177425
vn 0.03218426716 -0.5547967352 -0.8313631911
vn 0.06178244561 -0.5498708304 -0.8329615833
vn 0.06180107067 -0.5649173826 -0.82282986
vn 0.05824189547 -0.5663305552 -0.8221177433
vn 0.0617824398 -0.5498708316 -0.832961583
vn 0.06868078042 -0.5418597061 -0.8376580504
vn 0.06180106268 -0.5649173842 -0.8228298595
vn 0.06178244885 -0.5498708477 -0.8329615717
vn 0.03218426724 -0.5547967288 -0.8313631954
vn 0.04402471719 -0.4131611461 -0.9095931462
vn 0.04402470794 -0.4131611333 -0.9095931525
vn 0.04869558987 -0.3935003087 -0.9180339027
vn 0.05089879122 -0.3874118869 -0.9205005936
vn 0.06178244885 -0.5498708477 -0.8329615717
vn 0.04402471719 -0.4131611461 -0.9095931462
vn 0.05089879637 -0.3874118931 -0.9205005908
vn 0.06178244885 -0.5498708477 -0.8329615717
vn 0.05089879637 -0.3874118931 -0.9205005908
vn 0.07656311565 -0.3848308357 -0.9198061302
vn 0.06178243947 -0.5498708475 -0.8329615725
vn 0.07656311429 -0.3848308357 -0.9198061303
vn 0.059639235 -0.3830259125 -0.9218103449
vn 0.06178243871 -0.5498708475 -0.8329615725
vn 0.05963923779 -0.3830259139 -0.9218103441
vn 0.0686807808 -0.5418597099 -0.8376580478
vn 0.0686807808 -0.5418597099 -0.8376580478
vn 0.06376749111 -0.3943725254 -0.9167355226
vn 0.06916131879 -0.5383091887 -0.8399047145
vn 0.06047479669 -0.5404244789 -0.8392164092
vn 0.0691613148 -0.5383091914 -0.839904713
vn 0.06376749575 -0.3943725218 -0.9167355238
vn 0.0686807808 -0.5418597099 -0.8376580478
vn 0.05963923779 -0.3830259139 -0.9218103441
vn 0.06376749111 -0.3943725254 -0.9167355226
vn -0.3153232709 0.8233669747 -0.4718453771
vn -0.369703832 0.8661452053 -0.3363206207
vn -0.3874157661 0.8700084054 -0.3049498299
vn -0.315323269 0.823366972 -0.4718453831
vn -0.3874157585 0.8700083961 -0.3049498661
vn -0.3928528599 0.855538542 -0.3372246042
vn -0.3153232673 0.8233669755 -0.4718453781
vn -0.2240393815 0.7433765904 -0.6302361465
vn -0.2130379672 0.7638288962 -0.6092456335
vn -0.3153232677 0.8233669728 -0.4718453825
vn -0.3112590828 0.8250577923 -0.4715903123
vn -0.2240393838 0.7433765646 -0.6302361762
vn -0.3153232655 0.8233669764 -0.4718453777
vn -0.3928528513 0.8555385518 -0.3372245894
vn -0.3112591233 0.8250578005 -0.4715902713
vn -0.3112591104 0.8250577847 -0.4715903074
vn -0.3928528634 0.8555385638 -0.3372245448
vn -0.2976204283 0.8047350793 -0.51363755
vn -0.3112590843 0.8250577606 -0.4715903668
vn -0.2976204637 0.80473511 -0.5136374814
vn -0.1978784807 0.7695507225 -0.6071538457
vn -0.3527848639 0.0732892727 0.9328298464
vn -0.2738650748 0.09887040246 0.9566726526
vn -0.4603923119 0.5702536986 0.6803305361
vn 0.06994178269 -0.5681979552 0.8199141606
vn -0.2818931038 0.03192979982 0.9589143684
vn -0.2738658049 0.09887193232 0.9566722855
vn -0.2738650879 0.09887040053 0.9566726491
vn -0.2818936596 0.03193095265 0.9589141666
vn -0.4603923527 0.5702536941 0.6803305123
vn -0.4603924664 0.5702541163 0.6803300814
vn -0.2818935072 0.03193064572 0.9589142216
vn -0.4614757899 0.4411827678 0.7696738665
vn 0.06994178265 -0.5681979669 0.8199141525
vn 0.04698498954 -0.5428770589 0.8384968156
vn -0.2818931149 0.03192985286 0.9589143634
vn 0.04698498163 -0.5428770601 0.8384968152
vn 0.06105811521 -0.5010737296 0.8632479505
vn -0.2818931228 0.03192985705 0.9589143609
vn -0.2818935123 0.03193065085 0.95891422
vn -0.2528988536 -0.04625600547 0.9663863367
vn -0.4614758077 0.4411827774 0.7696738503
vn -0.2818931461 0.0319299598 0.9589143506
vn 0.06105812012 -0.501073723 0.863247954
vn -0.2528985303 -0.04625656681 0.9663863945
vn -0.3928528082 0.8555386426 -0.3372244091
vn -0.4029921934 0.7889139593 -0.4639095352
vn -0.297620407 0.8047351266 -0.5136374883
vn -0.4614756925 0.4411823348 0.7696741731
vn -0.2528986433 -0.04625642422 0.9663863717
vn -0.4211156097 0.2155799125 0.8810147244
vn -0.2528987331 -0.04625630975 0.9663863537
vn -0.2373484405 -0.2092397216 0.9486223994
vn -0.4211156447 0.215579969 0.8810146938
vn -0.2976204032 0.8047351276 -0.513637489
vn -0.402992166 0.7889139744 -0.4639095333
vn -0.2932160592 0.770047457 -0.5666138514
vn 0.06047479669 -0.5404244789 -0.8392164092
vn 0.06376749575 -0.3943725218 -0.9167355238
vn 0.04313688266 -0.4244193999 -0.9044376056
vn 0.03410295459 -0.5378746776 -0.8423347433
vn 0.06047479669 -0.5404244789 -0.8392164092
vn 0.04313688266 -0.4244193999 -0.9044376056
vn 0.03410295431 -0.5378746791 -0.8423347423
vn 0.03400438099 -0.5415890423 -0.8399553627
vn 0.06047479662 -0.5404244785 -0.8392164095
vn 0.03410295434 -0.5378746768 -0.8423347438
vn 0.04313688298 -0.4244194008 -0.9044376051
vn 0.02657507753 -0.4288327359 -0.9029929401
vn 0.03410295112 -0.5378746766 -0.842334744
vn -0.03286874475 -0.5124876114 -0.8580653202
vn 0.03400436461 -0.5415890295 -0.8399553716
vn 0.03410295188 -0.5378746777 -0.8423347433
vn 0.02657507975 -0.4288327365 -0.9029929398
vn -0.04205420534 -0.4296926007 -0.9019954062
vn 0.03410295112 -0.5378746766 -0.842334744
vn -0.04619083208 -0.4461130158 -0.8937838576
vn -0.03286874475 -0.5124876114 -0.8580653202
vn 0.03410295188 -0.5378746777 -0.8423347433
vn -0.04205420534 -0.4296926007 -0.9019954062
vn -0.04619083116 -0.4461130253 -0.893783853
vn -0.04619085004 -0.4461130474 -0.893783841
vn -0.07393336504 -0.5537651377 -0.8293841268
vn -0.03286879009 -0.5124876899 -0.8580652716
vn -0.04619081896 -0.4461130204 -0.893783856
vn -0.04205417246 -0.4296925989 -0.9019954085
vn -0.04235332656 -0.4283785584 -0.90260623
vn -0.04619084073 -0.4461130242 -0.893783853
vn -0.04235335737 -0.4283785639 -0.9026062259
vn -0.0475170563 -0.4284732392 -0.9023041686
vn -0.04619084253 -0.4461129939 -0.893783868
vn -0.04751705491 -0.4284731698 -0.9023042016
vn -0.0656848655 -0.4058276632 -0.9115862034
vn -0.111944318 -0.5296649359 -0.8407874436
vn -0.07393334764 -0.5537650564 -0.8293841827
vn -0.06568487169 -0.405827728 -0.9115861741
vn -0.04619084053 -0.4461130042 -0.893783863
vn -0.06568487169 -0.405827728 -0.9115861741
vn -0.07393334764 -0.5537650564 -0.8293841827
vn -0.3598675044 -0.7865421316 -0.5018434562
vn -0.4032505706 -0.262366822 -0.8766713341
vn -0.1119840767 0.01353182766 -0.9936178623
vn -0.3598675884 -0.7865418731 -0.5018438012
vn 0.1308668348 -0.86912911 0.4769575051
vn 0.1202991934 -0.9282609984 0.3519369587
vn -0.289266466 0.4611285983 -0.8388595397
vn -0.3196630027 0.4999396762 -0.8049073766
vn -0.14698244 0.4317057985 -0.8899585754
vn -0.3598674682 -0.7865422389 -0.501843314
vn -0.1119840326 0.01353134858 -0.9936178738
vn 0.006390919721 -0.8403787896 -0.5419618494
vn -0.3598675209 -0.7865419665 -0.5018437031
vn 0.006391249748 -0.8403795237 -0.5419607072
vn 0.1308663796 -0.8691294477 0.4769570147
vn -0.146982553 0.4317056953 -0.8899586068
vn -0.3196628895 0.4999397646 -0.8049073666
vn -0.1704839806 0.6007726451 -0.7810297314
vn 0.1202986948 -0.9282612947 0.3519363476
vn 0.1308660429 -0.8691298059 0.4769564543
vn 0.06113939288 -0.8983633373 0.4349773429
vn 0.1308661058 -0.8691298579 0.4769563424
vn 0.2206172751 -0.8502164052 0.4779749807
vn 0.1377317461 -0.8564639134 0.4974932473
vn -0.3196628326 0.4999398359 -0.8049073449
vn -0.3547691806 0.6316737262 -0.6892946627
vn -0.1704839798 0.600772693 -0.7810296947
vn -0.1704839257 0.6007727296 -0.7810296783
vn -0.3547691664 0.6316737258 -0.6892946704
vn -0.2227445238 0.7380543454 -0.6369149553
vn -0.1704838861 0.6007727585 -0.7810296647
vn -0.2227444713 0.7380543809 -0.6369149326
vn -0.04839946691 0.7453089798 -0.6649601614
vn 0.006390914914 -0.8403786591 -0.5419620518
vn -0.1119840905 0.01353156002 -0.9936178644
vn 0.3859540623 -0.04013534266 -0.9216445172
vn 0.006391191735 -0.8403794537 -0.5419608163
vn 0.2206172795 -0.8502166124 0.4779746102
vn 0.130866108 -0.8691298223 0.4769564066
vn -0.1469824913 0.4317056617 -0.8899586333
vn -0.1704838914 0.6007726255 -0.7810297659
vn -0.04830594789 0.7218656443 -0.690345223
vn 0.006390934963 -0.8403794235 -0.5419608663
vn 0.5470564559 -0.7142630632 -0.4365289344
vn 0.2206173784 -0.8502165505 0.4779746747
vn 0.006391016846 -0.8403789104 -0.5419616609
vn 0.3859540743 -0.04013537777 -0.9216445106
vn 0.5470564644 -0.714262546 -0.43652977
vn -0.1704838854 0.6007727509 -0.7810296707
vn -0.04839946483 0.7453089757 -0.6649601662
vn -0.04830594231 0.7218655951 -0.6903452749
vn 0.1308661152 -0.8691298268 0.4769563963
vn 0.1377317542 -0.8564638728 0.497493315
vn 0.0611393226 -0.898363292 0.4349774463
vn 0.2206173037 -0.8502164035 0.4779749706
vn 0.163471319 -0.8376965425 0.5210965655
vn 0.1377317088 -0.8564639128 0.4974932588
vn 0.1377316735 -0.8564639179 0.4974932597
vn 0.1634712268 -0.8376965598 0.5210965665
vn 0.211357264 -0.8115070042 0.5447793031
vn 0.220617297 -0.8502164005 0.4779749791
vn 0.2716706277 -0.8398362308 0.4699682708
vn 0.1634713182 -0.8376965417 0.521096567
vn -0.04839946596 0.7453089825 -0.6649601584
vn -0.2227444897 0.7380543299 -0.6369149853
vn -0.1600515657 0.7480310268 -0.6440753677
vn -0.04839946762 0.7453089836 -0.6649601571
vn -0.1600515591 0.7480310178 -0.6440753798
vn 0.01920179184 0.724578992 -0.6889242161
vn -0.2227444536 0.7380543591 -0.636914964
vn -0.2057472322 0.7921073617 -0.5746599029
vn -0.160051554 0.7480310328 -0.6440753637
vn -0.160051556 0.7480310424 -0.644075352
vn -0.2057472296 0.792107365 -0.5746598993
vn -0.09241832139 0.7907846717 -0.6050772321
vn 0.1634713542 -0.8376965385 0.5210965608
vn 0.2716706713 -0.8398362225 0.4699682603
vn 0.1755970147 -0.8357255784 0.5203157176
vn -0.160051562 0.7480310445 -0.6440753481
vn -0.09241828883 0.7907846606 -0.6050772517
vn 0.0192017896 0.724579009 -0.6889241983
vn 0.5470565682 -0.7142624371 -0.4365298181
vn 0.3859540536 -0.04013548174 -0.9216445148
vn 0.7812175481 -0.5626114312 -0.2704949538
vn -0.04830595733 0.7218655574 -0.6903453133
vn -0.04839946115 0.7453089851 -0.6649601559
vn 0.03210837466 0.7211015971 -0.6920849218
vn 0.2206173804 -0.850216503 0.4779747582
vn 0.5470564913 -0.7142630965 -0.4365288356
vn 0.7812176853 -0.5626104609 -0.2704965757
vn 0.2206174654 -0.8502164361 0.4779748379
vn 0.7812179628 -0.5626102141 -0.2704962875
vn 0.2716707637 -0.8398362513 0.4699681555
vn 0.3859540378 -0.04013541962 -0.9216445241
vn 0.6359250477 0.1514700073 -0.7567404909
vn 0.7812174061 -0.5626118297 -0.270494535
vn -0.04839946151 0.7453089834 -0.6649601577
vn 0.01920180801 0.7245789904 -0.6889242173
vn 0.03210837918 0.7211016053 -0.692084913
vn 0.7812179189 -0.562610314 -0.2704962067
vn 0.8833097447 -0.3548355022 -0.3063587135
vn 0.271670522 -0.8398362639 0.4699682726
vn 0.7812175245 -0.5626115505 -0.2704947736
vn 0.6359249742 0.1514702148 -0.7567405112
vn 0.6080912582 0.3770717817 -0.6985999522
vn 0.03210838563 0.7211015882 -0.6920849305
vn 0.01920180711 0.7245789982 -0.6889242092
vn 0.04541340633 0.7708409646 -0.6354068223
vn 0.01920179113 0.7245790084 -0.6889241989
vn -0.09241828989 0.7907846585 -0.6050772542
vn 0.04541339433 0.770840974 -0.6354068118
vn 0.7812174345 -0.5626118576 -0.2704943949
vn 0.6080910268 0.3770721068 -0.6985999781
vn 0.8833095288 -0.3548374827 -0.3063570419
vn 0.2716706104 -0.8398362168 0.4699683057
vn 0.8833097058 -0.3548356917 -0.3063586062
vn 0.3411503178 -0.8409926715 0.4199378373
vn 0.03210838557 0.7211015959 -0.6920849225
vn 0.04541340523 0.7708409715 -0.635406814
vn 0.06335765015 0.74665936 -0.6621824584
vn 0.1634712854 -0.8376965308 0.5210965948
vn 0.1517476757 -0.8351715858 0.5286407714
vn 0.2113572957 -0.8115069863 0.5447793175
vn 0.1634712824 -0.837696532 0.5210965938
vn 0.1683425315 -0.8246268214 0.5400475882
vn 0.1517477669 -0.835171549 0.5286408034
vn -0.2057472525 0.7921073433 -0.574659921
vn -0.1813073466 0.7977366355 -0.5751033875
vn -0.0924183172 0.7907846748 -0.6050772288
vn 0.1634712797 -0.8376965371 0.5210965865
vn 0.1755970172 -0.8357255784 0.5203157169
vn 0.1683425279 -0.8246268291 0.5400475776
vn 0.1755970469 -0.8357255799 0.5203157044
vn 0.1493551763 -0.8192497346 0.5536451062
vn 0.1683425229 -0.8246268288 0.5400475796
vn 0.175597029 -0.8357255793 0.5203157114
vn 0.1708869885 -0.8301902895 0.5306427428
vn 0.149355158 -0.8192497334 0.5536451129
vn 0.2716706659 -0.8398362238 0.4699682612
vn 0.1708870257 -0.8301902901 0.5306427297
vn 0.1755970084 -0.8357255793 0.5203157183
vn 0.2716706027 -0.8398362164 0.4699683109
vn 0.3411503637 -0.8409926697 0.4199378036
vn 0.1708870574 -0.8301902977 0.5306427077
vn 0.8833097255 -0.3548356419 -0.3063586071
vn 0.9521861815 -0.2463635278 -0.1806833914
vn 0.3411504277 -0.8409926221 0.4199378469
vn 0.8833095216 -0.3548375788 -0.3063569516
vn 0.6080907887 0.3770723854 -0.6986000349
vn 0.6412064291 0.4781123096 -0.6002190723
vn 0.3411503604 -0.8409926533 0.419937839
vn 0.2141840182 -0.8038992359 0.5548614466
vn 0.1708870595 -0.8301902994 0.5306427044
vn -0.09241831211 0.7907846764 -0.6050772274
vn -0.1813073251 0.7977366452 -0.5751033809
vn -0.05770992219 0.8064674086 -0.588455507
vn -0.2057472158 0.79210734 -0.5746599387
vn -0.1845917288 0.7915698932 -0.5825315423
vn -0.1813073437 0.7977366352 -0.5751033889
vn -0.1813073346 0.7977366369 -0.5751033894
vn -0.1845917341 0.7915698922 -0.582531542
vn -0.1438000123 0.8043442508 -0.5764996814
vn -0.05770992165 0.8064674093 -0.5884555061
vn -0.1813073282 0.7977366371 -0.5751033912
vn -0.1437999515 0.8043442508 -0.5764996966
vn -0.1437999479 0.8043442525 -0.5764996951
vn -0.1430044414 0.7787873599 -0.6107699877
vn -0.06105243901 0.7851725848 -0.6162601819
vn -0.09241829237 0.7907846666 -0.6050772432
vn -0.05770989183 0.8064673919 -0.5884555329
vn 0.04541339539 0.770840971 -0.6354068153
vn 0.04541339546 0.7708409717 -0.6354068144
vn -0.05770989467 0.8064673861 -0.5884555406
vn 0.04669699825 0.7815542188 -0.6220871268
vn 0.06335767128 0.7466593604 -0.6621824559
vn 0.04541340615 0.7708409714 -0.6354068141
vn 0.05872712984 0.7797918785 -0.6232782288
vn 0.8833096139 -0.3548371554 -0.3063571757
vn 0.6412065202 0.4781121677 -0.6002190879
vn 0.9521861303 -0.2463638836 -0.180683176
vn 0.04541340769 0.770840966 -0.6354068205
vn 0.04669698855 0.7815542233 -0.622087122
vn 0.05872713814 0.7797918454 -0.6232782694
vn 0.3411504178 -0.8409926368 0.4199378256
vn 0.9521861488 -0.2463636293 -0.1806834254
vn 0.3978392832 -0.7886363059 0.4688034574
vn 0.1708869887 -0.8301902899 0.530642742
vn 0.1393125041 -0.8007161935 0.5826196047
vn 0.1493551604 -0.8192497398 0.5536451028
vn 0.1708870072 -0.8301902881 0.5306427389
vn 0.214183954 -0.8038992225 0.5548614908
vn 0.1393124804 -0.8007161951 0.5826196081
vn -0.0577099292 0.806467398 -0.5884555209
vn -0.1437999534 0.8043442479 -0.5764997002
vn -0.06105243619 0.7851725872 -0.6162601791
vn -0.05770989068 0.8064674005 -0.5884555212
vn -0.06105240617 0.7851725889 -0.6162601799
vn 0.04669700243 0.7815542358 -0.6220871052
vn 0.3411503845 -0.8409926346 0.419937857
vn 0.3978391228 -0.7886363361 0.4688035428
vn 0.2141840242 -0.8038992314 0.5548614508
vn 0.6412066981 0.4781119596 -0.6002190637
vn 0.5122138926 0.6051744487 -0.609426628
vn 0.9521860635 -0.2463643164 -0.1806829378
vn 0.05872713668 0.7797918439 -0.6232782714
vn 0.046697 0.7815542351 -0.6220871062
vn 0.01341797082 0.7638658351 -0.6452355725
vn 0.3978390674 -0.7886363455 0.468803574
vn 0.9845687583 -0.112398002 -0.1341307175
vn 0.4204219697 -0.7381433253 0.5276265712
vn 0.04669698626 0.7815542378 -0.6220871039
vn -0.06105237484 0.785172588 -0.6162601841
vn -0.04976298036 0.7642386025 -0.6430108896
vn 0.04669699907 0.7815542351 -0.6220871063
vn -0.04976296211 0.7642385999 -0.6430108941
vn 0.01341791695 0.7638658336 -0.6452355754
vn 0.05872725951 0.7797918322 -0.6232782745
vn 0.01341810652 0.7638658251 -0.6452355815
vn -0.06000688164 0.7644942377 -0.641831547
vn 0.9521861615 -0.2463635336 -0.1806834889
vn 0.9845687705 -0.112398018 -0.1341306147
vn 0.3978391541 -0.7886363413 0.4688035076
vn 0.9521861691 -0.2463636123 -0.1806833414
vn 0.512213967 0.6051744833 -0.609426531
vn 0.984568766 -0.1123961675 -0.1341321982
vn 0.1683425198 -0.8246268176 0.5400475976
vn 0.2113574172 -0.7857460798 0.58131845
vn 0.1793063132 -0.8220255525 0.5404842616
vn 0.1683424775 -0.8246268419 0.5400475738
vn 0.149355213 -0.8192497245 0.5536451112
vn 0.2113573845 -0.7857461011 0.5813184331
vn 0.1493552169 -0.8192497354 0.5536450941
vn 0.1852142719 -0.7593794428 0.623729537
vn 0.2113573812 -0.7857460905 0.5813184486
vn 0.149355207 -0.8192497206 0.5536451186
vn 0.1393125147 -0.800716189 0.5826196083
vn 0.185214268 -0.7593794328 0.6237295503
vn -0.1437999978 0.8043442602 -0.5764996719
vn -0.1845917103 0.7915699086 -0.5825315273
vn -0.176180413 0.7797647569 -0.6007723246
vn -0.143799998 0.8043442592 -0.5764996732
vn -0.1761804145 0.7797647508 -0.6007723321
vn -0.1430044255 0.7787873575 -0.6107699944
vn -0.1761804112 0.779764749 -0.6007723353
vn -0.165578612 0.7541546398 -0.635479742
vn -0.1430044295 0.7787873606 -0.6107699896
vn -0.143004426 0.7787873543 -0.6107699984
vn -0.1655786119 0.7541546395 -0.6354797424
vn -0.1426133145 0.7555561354 -0.6393718548
vn 0.2113573888 -0.7857460948 0.58131844
vn 0.1852142641 -0.7593794376 0.6237295457
vn 0.186488882 -0.7030692868 0.6862328139
vn -0.1761804108 0.7797647479 -0.6007723368
vn -0.213037953 0.7638288868 -0.6092456502
vn -0.1655786181 0.7541546458 -0.6354797333
vn 0.1852142712 -0.7593794358 0.6237295458
vn 0.1598912272 -0.7742845664 0.6123056473
vn 0.135169561 -0.738464427 0.6606053888
vn 0.2141839617 -0.8038992241 0.5548614855
vn 0.1598913143 -0.7742845578 0.6123056354
vn 0.1393124849 -0.8007161961 0.5826196056
vn 0.397839097 -0.7886363332 0.4688035697
vn 0.2723074461 -0.7685123394 0.5789969249
vn 0.2141840076 -0.8038992269 0.5548614636
vn 0.3978391111 -0.7886363388 0.4688035482
vn 0.4204220652 -0.7381433021 0.5276265276
vn 0.2723074435 -0.7685123334 0.578996934
vn -0.06105240726 0.78517259 -0.6162601784
vn -0.1430044699 0.7787873537 -0.6107699889
vn -0.04976297087 0.7642386018 -0.6430108912
vn 0.2141839657 -0.8038992236 0.5548614846
vn 0.2723074044 -0.7685123395 0.5789969443
vn 0.159891387 -0.7742845538 0.6123056215
vn -0.1430044611 0.7787873561 -0.6107699878
vn -0.1426132659 0.7555561325 -0.6393718692
vn -0.04976297156 0.7642386017 -0.6430108913
vn -0.06000686568 0.7644942364 -0.6418315501
vn 0.01341807452 0.7638658288 -0.6452355779
vn 0.001097388955 0.7407246209 -0.671807883
vn 0.01341789833 0.7638658322 -0.6452355774
vn -0.04976297214 0.7642385992 -0.6430108942
vn -0.02965900478 0.7520455606 -0.6584434814
vn 0.1393125079 -0.8007161903 0.5826196081
vn 0.1598912783 -0.7742845679 0.612305632
vn 0.1852142543 -0.7593794362 0.6237295503
vn 0.2723074071 -0.7685123393 0.5789969433
vn 0.2065737682 -0.7394746331 0.6407062863
vn 0.1598913613 -0.7742845478 0.6123056358
vn 0.4204220651 -0.7381433021 0.5276265277
vn 0.337402147 -0.733501614 0.5900298073
vn 0.2723074452 -0.7685123316 0.5789969356
vn 0.4204220683 -0.7381433008 0.527626527
vn 0.4295435936 -0.7113382556 0.5563184226
vn 0.3374021708 -0.7335016061 0.5900298035
vn 0.2723074367 -0.7685123395 0.5789969292
vn 0.3374021552 -0.7335015973 0.5900298233
vn 0.2065737421 -0.7394746313 0.6407062968
vn 0.2113574292 -0.7857460859 0.5813184373
vn 0.1864888809 -0.7030692871 0.6862328139
vn 0.1442335307 -0.7336876912 0.6640023045
vn 0.1852142557 -0.7593794369 0.623729549
vn 0.1791697583 -0.6856004415 0.7055850284
vn 0.1864888851 -0.7030692873 0.6862328125
vn 0.1864888591 -0.7030692728 0.6862328344
vn 0.179169879 -0.6856005209 0.7055849206
vn 0.04698500632 -0.5428770868 0.8384967966
vn 0.1852142856 -0.7593794337 0.6237295441
vn 0.1351695606 -0.7384644269 0.6606053891
vn 0.1791697168 -0.6856004456 0.705585035
vn 0.1351695634 -0.7384644272 0.6606053882
vn 0.2065737577 -0.7394746259 0.640706298
vn 0.1144587793 -0.7213222983 0.6830763719
vn 0.1598913293 -0.7742845605 0.6123056281
vn 0.2065738261 -0.7394746122 0.6407062917
vn 0.1351695635 -0.7384644267 0.6606053887
vn 0.9845687605 -0.112397965 -0.1341307321
vn 0.9978835154 -0.06259524121 -0.01761605897
vn 0.4204219704 -0.738143325 0.5276265711
vn 0.9845687607 -0.1123964661 -0.1341319867
vn 0.5122139636 0.6051744831 -0.6094265341
vn 0.5743134132 0.6114711032 -0.5443043206
vn -0.06000684255 0.7644942492 -0.6418315369
vn 0.001097402755 0.7407246286 -0.6718078746
vn -0.05280869722 0.7474768786 -0.6621854404
vn 0.9845687569 -0.1123965809 -0.1341319188
vn 0.5743134975 0.6114710435 -0.5443042987
vn 0.9978834203 -0.06259725744 -0.01761427761
vn 0.4204219645 -0.7381433335 0.5276265639
vn 0.9978835225 -0.06259514305 -0.01761600229
vn 0.4295429946 -0.71133846 0.5563186238
vn -0.2130379613 0.7638288873 -0.6092456467
vn -0.2240394282 0.7433766673 -0.6302360392
vn -0.1655786307 0.7541546471 -0.6354797285
vn -0.1655786314 0.7541546463 -0.6354797292
vn -0.224039426 0.7433766699 -0.630236037
vn -0.1978785296 0.7695507497 -0.6071537953
vn -0.1655786279 0.7541546603 -0.6354797136
vn -0.197878533 0.7695507419 -0.6071538041
vn -0.1460636433 0.7544146424 -0.6399405906
vn -0.1655786019 0.7541546509 -0.6354797315
vn -0.1460636476 0.754414644 -0.6399405876
vn -0.1426133212 0.7555561279 -0.6393718622
vn -0.1460636526 0.7544146431 -0.6399405876
vn -0.1618173629 0.7528314654 -0.6380124808
vn -0.1336451726 0.7487723463 -0.649214095
vn 0.01341793319 0.7638658455 -0.645235561
vn -0.02965900612 0.752045561 -0.6584434809
vn 0.001097458625 0.7407246135 -0.6718078911
vn -0.04976298254 0.7642385981 -0.6430108948
vn -0.1426132619 0.7555561341 -0.6393718682
vn -0.02965898206 0.7520455616 -0.6584434813
vn -0.1426132443 0.7555561335 -0.6393718727
vn -0.1336452242 0.7487723435 -0.6492140877
vn -0.02965895648 0.7520455583 -0.6584434862
vn -0.1460636497 0.7544146426 -0.6399405889
vn -0.1336451763 0.748772347 -0.6492140935
vn -0.1426133222 0.7555561272 -0.6393718628
vn -0.1336452227 0.7487723337 -0.6492140994
vn -0.1113362466 0.7501849445 -0.6517873804
vn -0.0392531959 0.7642951194 -0.6436708453
vn 0.001097397143 0.7407246353 -0.6718078672
vn -0.008361119322 0.7518920736 -0.659233192
vn -0.05280870397 0.7474768866 -0.6621854309
vn -0.02965895754 0.7520455478 -0.6584434982
vn -0.1336452244 0.7487723344 -0.6492140981
vn -0.03925321338 0.7642951282 -0.6436708337
vn 0.001097455937 0.7407246242 -0.6718078793
vn -0.02965900101 0.7520455409 -0.658443504
vn -0.03925321956 0.7642951242 -0.6436708381
vn 0.001097471654 0.7407246123 -0.6718078924
vn -0.03925320183 0.7642951115 -0.6436708543
vn -0.008361149061 0.7518920823 -0.6592331816
vn -0.2240393798 0.7433765652 -0.6302361768
vn -0.3112590579 0.8250577984 -0.4715903183
vn -0.1978785026 0.7695506894 -0.6071538806
vn -0.1978784856 0.7695507167 -0.6071538515
vn -0.2976204667 0.8047351065 -0.5136374851
vn -0.1718928936 0.7740776901 -0.6093082658
vn 0.1351695616 -0.7384644276 0.6606053881
vn 0.1444728232 -0.6496990551 0.7463368818
vn 0.1791697168 -0.6856004397 0.7055850407
vn 0.1351695605 -0.7384644283 0.6606053876
vn 0.1144587337 -0.7213223131 0.6830763639
vn 0.1444728296 -0.6496990848 0.7463368547
vn -0.1460636548 0.7544146409 -0.6399405898
vn -0.1718929468 0.7740777095 -0.6093082262
vn -0.1618173769 0.7528314517 -0.6380124935
vn -0.1460636421 0.7544146441 -0.6399405888
vn -0.1978785344 0.7695507399 -0.6071538062
vn -0.1718929377 0.7740777121 -0.6093082254
vn -0.1718929634 0.7740777154 -0.609308214
vn -0.1451567119 0.7574439598 -0.6365596411
vn -0.1618173925 0.7528314576 -0.6380124826
vn 0.0469850064 -0.5428770949 0.8384967913
vn 0.1791698777 -0.6856005493 0.7055848933
vn 0.06105812655 -0.5010737362 0.8632479459
vn 0.1791698678 -0.6856005577 0.7055848877
vn 0.1444728104 -0.6496990476 0.7463368908
vn 0.06105813239 -0.50107373 0.8632479491
vn 0.06105812916 -0.5010737293 0.8632479497
vn 0.0499394052 -0.5292936432 0.846967706
vn -0.2528985542 -0.04625653933 0.9663863895
vn 0.06105813656 -0.5010737372 0.8632479446
vn 0.1444728266 -0.649699095 0.7463368464
vn 0.04993956888 -0.5292938281 0.8469675809
vn -0.2528985323 -0.04625654113 0.9663863952
vn 0.04993938035 -0.5292937104 0.8469676655
vn -0.2373480169 -0.209240269 0.9486223847
vn 0.1444727778 -0.6496990912 0.7463368592
vn 0.0836604325 -0.6554999146 0.7505469965
vn 0.04993955176 -0.5292938254 0.8469675835
vn 0.1444727819 -0.6496990995 0.7463368511
vn 0.1248128674 -0.6763315559 0.7259458482
vn 0.08366043049 -0.6554999449 0.7505469703
vn 0.04993962481 -0.529293891 0.8469675382
vn 0.08366040235 -0.6554998896 0.7505470217
vn 0.05334120463 -0.6244982698 0.7792025583
vn -0.1718929053 0.7740777217 -0.6093082224
vn -0.2976204741 0.8047351246 -0.5136374526
vn -0.2466544297 0.7757032411 -0.580901088
vn -0.1618174122 0.7528314654 -0.6380124684
vn -0.1451566541 0.757443935 -0.6365596838
vn -0.1783567187 0.7577101882 -0.627745292
vn -0.1783567141 0.7577101847 -0.6277452975
vn -0.1451566513 0.7574439328 -0.6365596871
vn -0.1688271693 0.7468620729 -0.64319082
vn -0.2976204687 0.804735125 -0.513637455
vn -0.2932161097 0.7700474551 -0.5666138278
vn -0.2466544214 0.7757032413 -0.5809010913
vn -0.1718929014 0.7740777205 -0.6093082251
vn -0.2466544176 0.775703239 -0.5809010959
vn -0.2125914367 0.7423256636 -0.6354191453
vn -0.246654414 0.77570324 -0.5809010961
vn -0.2932161157 0.7700474555 -0.5666138242
vn -0.2125914337 0.7423256645 -0.6354191453
vn -0.4211157202 0.215580092 0.8810146276
vn -0.2373483381 -0.2092398421 0.9486223984
vn -0.4216778573 0.08282410553 0.9029551219
vn -0.2373483987 -0.2092398417 0.9486223834
vn -0.3858235507 -0.002617955794 0.9225688777
vn -0.421677849 0.08282410903 0.9029551255
vn 0.04993936929 -0.5292936908 0.8469676784
vn 0.05334124493 -0.6244983003 0.7792025311
vn -0.2373479608 -0.209240378 0.9486223746
vn -0.2373481357 -0.2092400621 0.9486224006
vn -0.2168840175 -0.3564292161 0.9088011537
vn -0.3858235457 -0.002617914789 0.9225688799
vn -0.2932161235 0.7700474637 -0.566613809
vn -0.2644597323 0.7275662669 -0.6330153057
vn -0.212591468 0.7423257 -0.6354190923
vn -0.3858235942 -0.00261788889 0.9225688597
vn -0.2168840003 -0.3564292044 0.9088011623
vn -0.3580735498 -0.2120812137 0.9092881236
vn -0.3858235359 -0.002617907771 0.922568884
vn -0.3580735537 -0.2120812114 0.9092881226
vn -0.4674844084 0.01913473383 0.8837942011
vn -0.1718928842 0.7740777292 -0.6093082189
vn -0.2125914471 0.7423256649 -0.6354191403
vn -0.1451568451 0.7574439403 -0.636559634
vn -0.1451567579 0.757443928 -0.6365596685
vn -0.212591404 0.7423256601 -0.6354191604
vn -0.1688270996 0.7468620772 -0.6431908334
vn -0.237347987 -0.2092403032 0.9486223846
vn 0.05334125882 -0.6244983279 0.7792025081
vn -0.2168839633 -0.3564293087 0.9088011303
vn -0.2168839453 -0.3564292848 0.9088011439
vn -0.09837500001 -0.5793853919 0.8090951286
vn -0.2213264151 -0.3652000309 0.9042364488
vn 0.05334122109 -0.6244983982 0.7792024543
vn -0.09837500001 -0.5793853919 0.8090951286
vn -0.2168839453 -0.3564292848 0.9088011439
vn 0.05334137988 -0.6244984258 0.7792024213
vn 0.04183986555 -0.7063621655 0.7066129895
vn -0.0983747491 -0.5793854722 0.8090951016
vn -0.2125914622 0.7423257026 -0.6354190912
vn -0.1642093382 0.6772968694 -0.7171500847
vn -0.1688271304 0.7468620999 -0.6431907988
vn -0.2644597528 0.7275662735 -0.6330152895
vn -0.2431741807 0.6996794404 -0.6717998203
vn -0.2125914193 0.7423256817 -0.6354191299
vn -0.2168840003 -0.3564292044 0.9088011623
vn -0.2213264821 -0.3651998707 0.9042364971
vn -0.3580735498 -0.2120812137 0.9092881236
vn -0.2644597106 0.7275663997 -0.6330151621
vn -0.2616063342 0.7441675407 -0.6146354995
vn -0.2431741765 0.6996794537 -0.6717998079
vn -0.2431741765 0.6996794537 -0.6717998079
vn -0.2616063342 0.7441675407 -0.6146354995
vn -0.2583505679 0.7408787562 -0.619962622
vn -0.243174125 0.6996794039 -0.6717998784
vn -0.2583506099 0.7408787923 -0.6199625614
vn -0.2880661581 0.7678049221 -0.5722704694
vn -0.2125914104 0.7423256743 -0.6354191416
vn -0.2431742029 0.699679453 -0.6717997991
vn -0.1642094011 0.6772969095 -0.7171500324
vn -0.243174134 0.6996795186 -0.6717997557
vn -0.4456360563 0.4399506486 -0.7796485953
vn -0.1642095187 0.6772967955 -0.7171501132
vn 0.1144587328 -0.7213223139 0.6830763632
vn 0.1248129674 -0.6763315066 0.725945877
vn 0.1444728534 -0.6496990615 0.7463368704
vn 0.206573792 -0.73947462 0.6407062937
vn 0.2482278941 -0.7061882818 0.6630844767
vn 0.1144587779 -0.7213222985 0.6830763719
vn 0.114458793 -0.7213223075 0.6830763599
vn 0.2482278738 -0.7061882715 0.6630844953
vn 0.1248129738 -0.6763315051 0.7259458773
vn -0.1336451724 0.7487723428 -0.6492140991
vn -0.1618173628 0.7528314633 -0.6380124834
vn -0.1783567399 0.7577101888 -0.6277452852
vn -0.1336452088 0.7487723471 -0.6492140867
vn -0.1783567454 0.7577101893 -0.6277452831
vn -0.1113362548 0.750184937 -0.6517873877
vn 0.2065737287 -0.7394746278 0.6407063052
vn 0.337402143 -0.7335015953 0.5900298328
vn 0.2482278727 -0.7061882856 0.6630844807
vn 0.4295435966 -0.7113382532 0.5563184234
vn 0.3902339458 -0.7115340846 0.5843258629
vn 0.3374021589 -0.7335016145 0.5900297998
vn 0.3374021712 -0.7335015735 0.5900298437
vn 0.3190345829 -0.7182192705 0.6183672164
vn 0.2482278721 -0.7061882858 0.6630844807
vn 0.3374021007 -0.733501573 0.5900298848
vn 0.3902339555 -0.7115340953 0.5843258434
vn 0.3190345341 -0.7182192691 0.6183672432
vn -0.03925321513 0.7642950976 -0.6436708699
vn -0.1113362575 0.7501849314 -0.6517873936
vn -0.008361158184 0.7518920653 -0.6592332009
vn 0.3190345771 -0.71821927 0.61836722
vn 0.2241311325 -0.6862831299 0.6919398103
vn 0.2482278633 -0.7061882838 0.6630844861
vn 0.3190345379 -0.7182192661 0.6183672448
vn 0.3902339526 -0.7115340974 0.5843258427
vn 0.2241310955 -0.6862831238 0.6919398283
vn 0.05334122357 -0.6244981891 0.7792026217
vn 0.08366038526 -0.6554999565 0.7505469652
vn 0.1248129567 -0.676331532 0.7259458552
vn 0.053341242 -0.6244981826 0.7792026257
vn 0.124812974 -0.676331526 0.7259458578
vn 0.1260456498 -0.6423012729 0.7560169105
vn 0.1248129851 -0.6763315328 0.7259458496
vn 0.2241310831 -0.6862831309 0.6919398253
vn 0.1260456411 -0.6423012675 0.7560169166
vn 0.2482278658 -0.7061882835 0.6630844854
vn 0.2241311116 -0.686283126 0.691939821
vn 0.1248129535 -0.6763315367 0.7259458514
vn -0.1783567441 0.757710183 -0.6277452911
vn -0.1688271298 0.7468620747 -0.6431908283
vn -0.09627730364 0.7498297332 -0.65458846
vn -0.1113362598 0.7501849367 -0.6517873871
vn -0.1783567474 0.757710189 -0.6277452828
vn -0.09627730034 0.7498297272 -0.6545884674
vn -0.1113362532 0.7501849398 -0.6517873847
vn -0.09627727812 0.749829741 -0.6545884548
vn -0.00836115423 0.751892074 -0.6592331911
vn -0.008361158003 0.7518920644 -0.6592332019
vn -0.09627729279 0.7498297029 -0.6545884963
vn -0.1111107181 0.6917972801 -0.7134920683
vn -0.008361161845 0.7518920626 -0.6592332039
vn -0.1111107647 0.6917972531 -0.7134920873
vn 0.05358106129 0.7170375137 -0.6949721389
vn 0.05334121525 -0.6244982899 0.7792025415
vn 0.1260456841 -0.6423011328 0.7560170238
vn 0.06083705633 -0.7378730181 0.6721921315
vn 0.05334121525 -0.6244982899 0.7792025415
vn 0.06083705633 -0.7378730181 0.6721921315
vn 0.04184001815 -0.706362285 0.7066128609
vn 0.126045706 -0.6423011144 0.7560170358
vn 0.06389795655 -0.7937380203 0.6048942108
vn 0.06083705676 -0.7378730172 0.6721921325
vn 0.1260457033 -0.6423011108 0.7560170393
vn 0.06733104614 -0.8021717048 0.5932849958
vn 0.06389788484 -0.7937379516 0.6048943085
vn -0.09627731326 0.7498297211 -0.6545884725
vn -0.1688271171 0.7468620913 -0.6431908124
vn -0.111110714 0.6917972803 -0.7134920688
vn -0.1688271245 0.7468621057 -0.6431907937
vn -0.1642093467 0.67729686 -0.7171500916
vn -0.1111107239 0.691797294 -0.7134920539
vn -0.1642093566 0.6772967754 -0.7171501692
vn -0.1184395996 0.3763390183 -0.9188802994
vn -0.1111107139 0.6917973884 -0.713491964
vn 0.3902340704 -0.711533984 0.5843259022
vn 0.04282640473 -0.8034417409 0.5938411135
vn 0.2241312138 -0.686283025 0.6919398881
vn 0.1260457033 -0.6423011108 0.7560170393
vn 0.2241311419 -0.6862829872 0.6919399487
vn 0.06733104614 -0.8021717048 0.5932849958
vn 0.2241312185 -0.6862830248 0.6919398867
vn 0.04282642629 -0.8034417674 0.593841076
vn 0.06733113679 -0.8021717503 0.593284924
vn 0.05358105806 0.7170374972 -0.6949721562
vn -0.111110704 0.6917973849 -0.7134919689
vn -0.1184395208 0.3763390133 -0.9188803116
vn 0.04282642629 -0.8034417674 0.593841076
vn 0.05261161193 -0.8072063208 0.5879200405
vn 0.06733113679 -0.8021717503 0.593284924
vn 0.04282652062 -0.8034419372 0.5938408395
vn 0.04048357367 -0.8486649158 0.5273793141
vn 0.0526116215 -0.8072063088 0.587920056
vn 0.04282649272 -0.8034419298 0.5938408515
vn 0.19238335 -0.902945062 0.3842900748
vn 0.04048381331 -0.8486649773 0.5273791967
vn -0.2431739914 0.699679812 -0.6717995018
vn -0.2880659749 0.767805375 -0.572269954
vn -0.4456359462 0.4399511594 -0.77964837
vn -0.4456361793 0.4399511975 -0.7796482152
vn -0.4723659649 -0.009353661449 -0.8813528829
vn -0.4675380973 -0.01984785245 -0.8837500723
vn -0.3627318125 -0.4037040812 -0.8399099041
vn -0.365068493 -0.4095293745 -0.8360685898
vn -0.3615514468 -0.4078279901 -0.8384252393
vn -0.3627320139 -0.4037043827 -0.8399096722
vn -0.3615515373 -0.4078280972 -0.8384251481
vn -0.1818199214 -0.5323512775 -0.8267669766
vn -0.3627320139 -0.4037043827 -0.8399096722
vn -0.1818199214 -0.5323512775 -0.8267669766
vn -0.1698672068 -0.4675402452 -0.8674971188
vn -0.1558623516 -0.5429485438 -0.8251750155
vn -0.1715295602 -0.5962668205 -0.7842470839
vn -0.1362101941 -0.5862188124 -0.7986202395
vn -0.1362101753 -0.5862188447 -0.7986202191
vn -0.1119443171 -0.5296650194 -0.8407873911
vn -0.1210034434 -0.3521305348 -0.9280960366
vn -0.111944318 -0.5296649359 -0.8407874436
vn -0.06568487169 -0.405827728 -0.9115861741
vn -0.121003435 -0.3521305255 -0.9280960412
vn -0.1558623599 -0.5429485026 -0.825175041
vn -0.1362101753 -0.5862188447 -0.7986202191
vn -0.1210034434 -0.3521305348 -0.9280960366
vn -0.1558623599 -0.5429485026 -0.825175041
vn -0.1210034434 -0.3521305348 -0.9280960366
vn -0.1342614755 -0.3617056013 -0.9225740697
vn -0.1558624279 -0.542948536 -0.8251750062
vn -0.1342614593 -0.3617055927 -0.9225740755
vn -0.09880058794 -0.371792828 -0.9230430851
vn -0.1698670967 -0.4675403358 -0.8674970915
vn -0.1818198582 -0.5323513274 -0.8267669583
vn -0.171529664 -0.596266969 -0.7842469484
vn -0.1698670967 -0.4675403358 -0.8674970915
vn -0.171529664 -0.596266969 -0.7842469484
vn -0.1558623986 -0.5429486143 -0.8251749602
vn -0.1698670761 -0.4675404031 -0.8674970593
vn -0.09717332345 -0.3297133418 -0.9390668014
vn -0.07260470984 -0.3190007888 -0.9449693396
vn -0.1698670926 -0.4675403471 -0.8674970862
vn -0.1558623996 -0.5429486065 -0.8251749651
vn -0.09880052409 -0.3717930184 -0.9230430152
vn -0.1698670926 -0.4675403471 -0.8674970862
vn -0.09880052409 -0.3717930184 -0.9230430152
vn -0.09717331974 -0.3297133555 -0.939066797
vn -0.1642095674 0.6772967993 -0.7171500984
vn -0.4456361482 0.439950649 -0.7796485425
vn -0.185200535 0.3209287902 -0.9288193976
vn -0.4456360999 0.4399508618 -0.7796484501
vn -0.4675384008 -0.01984765049 -0.8837499163
vn -0.1852004855 0.3209288751 -0.9288193782
vn -0.1642093874 0.6772966905 -0.7171502424
vn -0.1852004335 0.3209287177 -0.9288194429
vn -0.1184396001 0.3763390183 -0.9188802993
vn -0.185200486 0.3209289147 -0.9288193644
vn -0.4675383954 -0.0198476783 -0.8837499185
vn -0.1446227635 -0.04790512317 -0.9883265429
vn -0.3627320621 -0.4037044346 -0.8399096264
vn -0.1698669798 -0.4675403747 -0.8674970935
vn -0.1032030205 -0.3482153327 -0.9317162758
vn 0.05358102955 0.7170374842 -0.6949721717
vn -0.1184393784 0.3763391049 -0.9188802924
vn 0.09974535155 0.4127761018 -0.9053544911
vn -0.1184395878 0.3763392934 -0.9188801882
vn -0.1852004032 0.3209289174 -0.92881938
vn -0.05294133518 0.07312096611 -0.995916934
vn 0.09974535942 0.412775987 -0.9053545426
vn -0.1184393997 0.3763392868 -0.9188802152
vn -0.0529412222 0.07312091392 -0.9959169438
vn -0.1852004176 0.3209289161 -0.9288193776
vn -0.1446226727 -0.04790512718 -0.988326556
vn -0.05294132152 0.07312094744 -0.9959169361
vn -0.169867061 -0.4675403634 -0.8674970837
vn -0.08392498411 -0.3506816433 -0.9327266384
vn -0.1032030157 -0.3482153342 -0.9317162758
vn -0.08392498649 -0.350681651 -0.9327266353
vn -0.07260469804 -0.3190007553 -0.9449693519
vn -0.04792080482 -0.2869701337 -0.9567401627
vn -0.1698670652 -0.4675403767 -0.8674970757
vn -0.07260469804 -0.3190007553 -0.9449693519
vn -0.08392498649 -0.350681651 -0.9327266353
vn -0.1032030104 -0.3482153142 -0.9317162839
vn 0.02949699808 -0.2916008276 -0.9560851868
vn -0.04157310858 -0.3153063165 -0.9480789015
vn -0.10320302 -0.3482153175 -0.9317162816
vn -0.08392497213 -0.350681656 -0.9327266348
vn 0.02949702897 -0.2916008122 -0.9560851906
vn -0.08392497222 -0.3506816532 -0.9327266358
vn -0.02130144199 -0.2696906506 -0.9627113802
vn 0.02949703391 -0.2916008268 -0.9560851859
vn -0.0839249859 -0.3506816594 -0.9327266323
vn -0.04792079868 -0.2869701346 -0.9567401627
vn -0.02130142165 -0.2696906442 -0.9627113824
vn 0.02949703391 -0.2916008268 -0.9560851859
vn -0.02130144199 -0.2696906506 -0.9627113802
vn 0.03612649414 -0.2412010089 -0.9698025313
vn 0.4295429801 -0.7113384635 0.5563186305
vn 0.997883522 -0.06259515374 -0.01761599202
vn 0.3902339524 -0.7115340829 0.5843258605
vn 0.9978834246 -0.06259718083 -0.01761430907
vn 0.5743135869 0.6114709607 -0.5443042974
vn 0.982761913 -0.1740752073 0.06226431152
vn -0.05280876492 0.7474768887 -0.6621854236
vn -0.008361133201 0.7518920743 -0.6592331909
vn 0.04471987425 0.7537502827 -0.6556375861
vn 0.5743139358 0.6114707566 -0.5443041584
vn 0.7825273426 0.4383544662 -0.4421496579
vn 0.9827619085 -0.1740752248 0.06226433359
vn 0.9978835142 -0.06259529565 -0.01761593082
vn 0.9827621038 -0.1740743846 0.06226360081
vn 0.3902339619 -0.7115340688 0.5843258713
vn 0.3902341476 -0.7115339909 0.5843258422
vn 0.9827620824 -0.1740744903 0.06226364348
vn 0.2649710197 -0.7891223319 0.5541446599
vn -0.008361138338 0.7518920662 -0.6592332001
vn 0.05358109547 0.7170375178 -0.694972132
vn 0.04471989007 0.7537503073 -0.6556375566
vn 0.9827619264 -0.1740751643 0.06226422135
vn 0.7825274475 0.438354387 -0.4421495509
vn 0.7215807237 0.4179887241 -0.5519118459
vn 0.04471973667 0.7537502948 -0.6556375815
vn 0.05358105623 0.7170375148 -0.6949721381
vn 0.1705579563 0.716061601 -0.6768794332
vn 0.9827619102 -0.1740752632 0.06226420035
vn 0.721580687 0.417988846 -0.5519118017
vn 0.9462846804 -0.3229340271 -0.01609092105
vn 0.9827621043 -0.174074427 0.06226347433
vn 0.9462851064 -0.3229327167 -0.01609216779
vn 0.2649708713 -0.789122315 0.5541447549
vn 0.390233996 -0.711534031 0.5843258945
vn 0.2649713778 -0.7891222842 0.5541445565
vn 0.04282646949 -0.8034417371 0.5938411139
vn 0.2649713755 -0.7891222686 0.5541445798
vn 0.19238335 -0.902945062 0.3842900748
vn 0.04282649272 -0.8034419298 0.5938408515
vn 0.1705579832 0.7160616616 -0.6768793623
vn 0.05358104872 0.7170374877 -0.6949721667
vn 0.09974529268 0.4127760771 -0.9053545089
vn 0.1705579356 0.7160616929 -0.6768793412
vn 0.09974530718 0.4127760578 -0.9053545161
vn 0.2993171694 0.3623056543 -0.8826912512
vn 0.7215806447 0.4179888857 -0.5519118269
vn 0.9493858448 -0.2076903797 -0.2356506394
vn 0.9462847185 -0.3229339071 -0.01609109121
vn 0.2649714206 -0.7891223274 0.5541444745
vn 0.2335219428 -0.8981162673 0.3726320875
vn 0.1923832423 -0.9029449973 0.3842902809
vn 0.2649708251 -0.7891224271 0.5541446173
vn 0.5268359547 -0.8079969741 0.2637892467
vn 0.2335198433 -0.8981165592 0.3726326997
vn 0.2649709021 -0.7891223085 0.5541447494
vn 0.9462851354 -0.3229326293 -0.01609221766
vn 0.6837736879 -0.7201244861 0.1177890836
vn 0.9462849987 -0.3229330586 -0.01609164096
vn 0.9493858726 -0.2076906125 -0.2356503225
vn 0.6837734094 -0.7201247066 0.1177893521
vn 0.2649709021 -0.7891223085 0.5541447494
vn 0.6837736879 -0.7201244861 0.1177890836
vn 0.5268359661 -0.8079969293 0.2637893611
vn 0.9493858726 -0.2076906125 -0.2356503225
vn 0.7727227293 -0.6344890664 0.0179779912
vn 0.6837734094 -0.7201247066 0.1177893521
vn 0.2993171449 0.3623055607 -0.8826912979
vn 0.09974531831 0.4127759177 -0.9053545788
vn 0.2903450812 0.1636181969 -0.9428302177
vn 0.9493859157 -0.2076905929 -0.2356501658
vn 0.8084172849 -0.3638366749 -0.4626925194
vn 0.7727228348 -0.634488954 0.01797742659
vn 0.2993171282 0.3623055117 -0.8826913237
vn 0.2903450603 0.1636181397 -0.9428302341
vn 0.435997079 0.2726560859 -0.8576509814
vn 0.09974535052 0.4127760361 -0.9053545212
vn -0.0529412604 0.07312096637 -0.9959169379
vn 0.2903450745 0.1636181612 -0.942830226
vn 0.2903450603 0.1636181397 -0.9428302341
vn 0.4095052839 0.1780911299 -0.8947563757
vn 0.435997079 0.2726560859 -0.8576509814
vn 0.2039884521 -0.3564683333 -0.9117669871
vn 0.153911982 -0.5062739133 -0.8485268567
vn 0.1875087058 -0.4667914417 -0.8642605135
vn 0.2039883312 -0.3564684355 -0.9117669742
vn -0.04157305711 -0.3153063452 -0.9480788942
vn 0.02949716774 -0.2916008936 -0.9560851615
vn 0.2039884077 -0.3564684166 -0.9117669645
vn 0.02949703172 -0.2916009179 -0.9560851582
vn 0.1369295136 -0.3846044125 -0.9128689688
vn 0.02949703197 -0.2916009178 -0.9560851583
vn 0.03612651477 -0.2412009645 -0.9698025416
vn 0.08846144662 -0.2805069873 -0.9557669185
vn 0.1369294758 -0.3846044363 -0.9128689644
vn 0.02949703197 -0.2916009178 -0.9560851583
vn 0.08846144662 -0.2805069873 -0.9557669185
vn 0.2039884521 -0.3564683333 -0.9117669871
vn 0.1369295883 -0.384604395 -0.912868965
vn 0.153911982 -0.5062739133 -0.8485268567
vn 0.1369295776 -0.3846044755 -0.9128689326
vn 0.1086649561 -0.5612997991 -0.820447721
vn 0.1539119431 -0.5062740645 -0.8485267735
vn 0.1369295609 -0.3846044697 -0.9128689376
vn 0.08846152169 -0.2805070169 -0.9557669029
vn 0.08865185117 -0.3034272175 -0.948721652
vn 0.1369295887 -0.3846044412 -0.9128689454
vn 0.08865181869 -0.3034272538 -0.9487216434
vn 0.06759350132 -0.3514238475 -0.9337732048
vn 0.1369295887 -0.3846044412 -0.9128689454
vn 0.06759350132 -0.3514238475 -0.9337732048
vn 0.10866495 -0.5612998074 -0.8204477161
vn 0.10866495 -0.5612998074 -0.8204477161
vn 0.06759350132 -0.3514238475 -0.9337732048
vn 0.0984556786 -0.56691683 -0.8178702753
vn 0.09845564401 -0.566916871 -0.817870251
vn 0.06759352394 -0.3514238059 -0.9337732188
vn 0.05985589381 -0.3880713931 -0.9196835683
vn 0.05985589381 -0.3880713931 -0.9196835683
vn 0.09730116772 -0.5704539507 -0.8155456902
vn 0.09845564401 -0.566916871 -0.817870251
vn 0.09711828377 -0.5736177218 -0.8133454052
vn 0.0973011723 -0.5704539542 -0.8155456873
vn 0.05985588885 -0.3880713932 -0.9196835686
vn 0.09711828157 -0.573617729 -0.8133454004
vn 0.08788462109 -0.5361388269 -0.8395424061
vn 0.09607362115 -0.570154564 -0.815900504
vn 0.09711828377 -0.5736177218 -0.8133454052
vn 0.05985588885 -0.3880713932 -0.9196835686
vn 0.06553869772 -0.4260927866 -0.9023023974
vn 0.09711828377 -0.5736177218 -0.8133454052
vn 0.06553869772 -0.4260927866 -0.9023023974
vn 0.08788462496 -0.5361388263 -0.8395424061
vn -0 0 1
vn -0 0 1
vn -0 0 1
vn -1 -0 0
vn -1 -0 0
vn -1 -0 0
vn -0 0 1
vn -0 0 1
vn -0 0 1
vn -1 -0 0
vn -1 -0 0
vn -1 -0 0
vn 0 1 0
vn 0 1 0
vn 0 1 0
vn -1 -0 -0
vn -1 -0 -0
vn -1 -0 -0
vn 0 1 0
vn 0 1 0
vn 0 1 0
vn -0 0 1
vn -0 0 1
vn -0 0 1
vn 0 1 0
vn 0 1 0
vn 0 1 0
vn -0 0 1
vn -0 0 1
vn -0 0 1
vn -0 0 1
vn -0 0 1
vn -0 0 1
vn 0 1 0
vn 0 1 0
vn 0 1 0
vn 0 1 0
vn 0 1 0
vn 0 1 0
vn -0 0 1
vn -0 0 1
vn -0 0 1
vn 0 1 0
vn 0 1 0
vn 0 1 0
vn -0 0 1
vn -0 0 1
vn -0 0 1
vn 0 0 1
vn 0 0 1
vn 0 0 1
vn -0 1 0
vn -0 1 0
vn -0 1 0
vn 0 1 0
vn 0 1 0
vn 0 1 0
vn -0 0 1
vn -0 0 1
vn -0 0 1
vn 0 0 1
vn 0 0 1
vn 0 0 1
vn 0 0 1
vn 0 0 1
vn 0 0 1
vn 0 -0 1
vn 0 -0 1
vn 0 -0 1
vn 0 0 1
vn 0 0 1
vn 0 0 1
vn 0 -0 1
vn 0 -0 1
vn 0 -0 1
vn 0 0 1
vn 0 0 1
vn 0 0 1
vn 0 0 1
vn 0 0 1
vn 0 0 1
vn 0 -0 1
vn 0 -0 1
vn 0 -0 1
vn 0 0 1
vn 0 0 1
vn 0 0 1
vn 0 -0 1
vn 0 -0 1
vn 0 -0 1
vn -0 -0 1
vn -0 -0 1
vn -0 -0 1
vn 0 0 1
vn 0 0 1
vn 0 0 1
vn 0 -0 1
vn 0 -0 1
vn 0 -0 1
vn -0 -0 1
vn -0 -0 1
vn -0 -0 1
vn 0 1 0
vn 0 1 0
vn 0 1 0
vn 0 1 0
vn 0 1 0
vn 0 1 0
vn 0 0 1
vn 0 0 1
vn 0 0 1
vn -0 0 1
vn -0 0 1
vn -0 0 1
vn 0 -0 1
vn 0 -0 1
vn 0 -0 1
vn 0 0 1
vn 0 0 1
vn 0 0 1
vn 0 -0 1
vn 0 -0 1
vn 0 -0 1
vn 0 -0 1
vn 0 -0 1
vn 0 -0 1
vn -0 0 1
vn -0 0 1
vn -0 0 1
vn 0 1 0
vn 0 1 0
vn 0 1 0
vn -0 1 -0
vn -0 1 -0
vn -0 1 -0
vn 0 1 0
vn 0 1 0
vn 0 1 0
vn 0 1 0
vn 0 1 0
vn 0 1 0
vn 0 0 1
vn 0 0 1
vn 0 0 1
vn 0 1 0
vn 0 1 0
vn 0 1 0
vn 0 1 0
vn 0 1 0
vn 0 1 0
vn 0 0 1
vn 0 0 1
vn 0 0 1
vn 0 1 0
vn 0 1 0
vn 0 1 0
vn 0 0 1
vn 0 0 1
vn 0 0 1
vn -0 1 -0
vn -0 1 -0
vn -0 1 -0
vn 0 1 0
vn 0 1 0
vn 0 1 0
vn -0 1 0
vn -0 1 0
vn -0 1 0
vn 0 1 0
vn 0 1 0
vn 0 1 0
vn 0 -0 1
vn 0 -0 1
vn 0 -0 1
vn 0 -0 1
vn 0 -0 1
vn 0 -0 1
vn 0 0 1
vn 0 0 1
vn 0 0 1
vn 0 1 0
vn 0 1 0
vn 0 1 0
vn -0 0 1
vn -0 0 1
vn -0 0 1
vn -0 0 1
vn -0 0 1
vn -0 0 1
vn -0 0 1
vn -0 0 1
vn -0 0 1
vn -0 0 1
vn -0 0 1
vn -0 0 1
vn 0 1 0
vn 0 1 0
vn 0 1 0
vn -0 0 1
vn -0 0 1
vn -0 0 1
vn 1 0 0
vn 1 0 0
vn 1 0 0
vn 0 1 0
vn 0 1 0
vn 0 1 0
vn 1 0 0
vn 1 0 0
vn 1 0 0
f 93/1/1 3/2/2 1/3/3
f 92/4/4 3/5/5 93/6/6
f 92/7/7 95/8/8 3/9/9
f 93/10/10 5/11/11 94/12/12
f 93/13/13 1/14/14 5/15/15
f 11/16/16 1/17/17 3/18/18
f 2/19/19 5/20/20 1/21/21
f 11/22/22 2/23/23 1/24/24
f 11/25/25 3/26/26 12/27/27
f 2/28/28 6/29/29 5/30/30
f 95/31/31 4/32/32 3/33/33
f 12/34/34 3/35/35 4/36/36
f 12/37/37 4/38/38 103/39/39
f 5/40/40 14/41/41 105/42/42
f 6/43/43 14/44/44 5/45/45
f 105/46/46 14/47/47 16/48/48
f 11/49/49 7/50/50 8/51/51
f 2/52/52 8/53/53 10/54/54
f 7/55/55 9/56/56 20/57/57
f 7/58/58 21/59/59 8/60/60
f 9/61/61 17/62/62 22/63/63
f 8/64/64 26/65/65 10/66/66
f 7/67/67 20/68/68 21/69/69
f 8/70/70 21/71/71 26/72/72
f 11/73/73 12/74/74 7/75/75
f 11/76/76 8/77/77 2/78/78
f 12/79/79 9/80/80 7/81/81
f 12/82/82 103/83/83 13/84/84
f 2/85/85 10/86/86 6/87/87
f 6/88/88 10/89/89 14/90/90
f 12/91/91 13/92/92 17/93/93
f 10/94/94 18/95/95 14/96/96
f 18/97/97 16/98/98 14/99/99
f 12/100/100 17/101/101 9/102/102
f 17/103/103 13/104/104 23/105/105
f 13/106/106 15/107/107 23/108/108
f 15/109/109 117/110/110 23/111/111
f 10/112/112 26/113/113 28/114/114
f 10/115/115 28/116/116 18/117/117
f 18/118/118 29/119/119 19/120/120
f 18/121/121 19/122/122 16/123/123
f 16/124/124 19/125/125 40/126/126
f 20/127/127 24/128/128 21/129/129
f 20/130/130 22/131/131 24/132/132
f 9/133/133 22/134/134 20/135/135
f 17/136/136 27/137/137 22/138/138
f 17/139/139 23/140/140 27/141/141
f 117/142/142 39/143/143 23/144/144
f 21/145/145 25/146/146 26/147/147
f 21/148/148 24/149/149 25/150/150
f 22/151/151 30/152/152 24/153/153
f 26/154/154 25/155/155 31/156/156
f 26/157/157 31/158/158 37/159/159
f 22/160/160 27/161/161 30/162/162
f 18/163/163 28/164/164 29/165/165
f 26/166/166 37/167/167 28/168/168
f 24/169/169 33/170/170 25/171/171
f 24/172/172 30/173/173 36/174/174
f 25/175/175 32/176/176 31/177/177
f 25/178/178 33/179/179 32/180/180
f 24/181/181 36/182/182 33/183/183
f 31/184/184 32/185/185 35/186/186
f 33/187/187 36/188/188 32/189/189
f 30/190/190 34/191/191 36/192/192
f 32/193/193 36/194/194 35/195/195
f 31/196/196 35/197/197 46/198/198
f 31/199/199 46/200/200 37/201/201
f 34/202/202 47/203/203 36/204/204
f 35/205/205 36/206/206 46/207/207
f 27/208/208 34/209/209 30/210/210
f 27/211/211 41/212/212 34/213/213
f 28/214/214 37/215/215 38/216/216
f 28/217/217 38/218/218 29/219/219
f 41/220/220 45/221/221 34/222/222
f 37/223/223 46/224/224 38/225/225
f 29/226/226 38/227/227 51/228/228
f 27/229/229 23/230/230 41/231/231
f 41/232/232 23/233/233 39/234/234
f 29/235/235 43/236/236 19/237/237
f 43/238/238 40/239/239 19/240/240
f 41/241/241 39/242/242 42/243/243
f 41/244/244 42/245/245 45/246/246
f 42/247/247 39/248/248 131/249/249
f 42/250/250 131/251/251 55/252/252
f 43/253/253 132/254/254 40/255/255
f 29/256/256 51/257/257 43/258/258
f 43/259/259 51/260/260 44/261/261
f 43/262/262 44/263/263 132/264/264
f 34/265/265 45/266/266 47/267/267
f 36/268/268 47/269/269 46/270/270
f 47/271/271 48/272/272 46/273/273
f 45/274/274 48/275/275 47/276/276
f 46/277/277 49/278/278 38/279/279
f 46/280/280 48/281/281 49/282/282
f 45/283/283 50/284/284 48/285/285
f 50/286/286 52/287/287 48/288/288
f 38/289/289 49/290/290 51/291/291
f 48/292/292 52/293/293 49/294/294
f 49/295/295 53/296/296 51/297/297
f 49/298/298 52/299/299 53/300/300
f 52/301/301 73/302/302 53/303/303
f 45/304/304 42/305/305 50/306/306
f 42/307/307 54/308/308 50/309/309
f 51/310/310 70/311/311 44/312/312
f 50/313/313 54/314/314 52/315/315
f 51/316/316 53/317/317 70/318/318
f 42/319/319 55/320/320 54/321/321
f 54/322/322 55/323/323 75/324/324
f 55/325/325 144/326/326 75/327/327
f 52/328/328 54/329/329 72/330/330
f 58/331/331 56/332/332 57/333/333
f 59/334/334 58/335/335 57/336/336
f 59/337/337 60/338/338 58/339/339
f 59/340/340 67/341/341 60/342/342
f 59/343/343 57/344/344 61/345/345
f 61/346/346 62/347/347 63/348/348
f 59/349/349 61/350/350 63/351/351
f 59/352/352 63/353/353 65/354/354
f 59/355/355 65/356/356 66/357/357
f 59/358/358 66/359/359 67/360/360
f 67/361/361 69/362/362 68/363/363
f 80/364/364 68/365/365 69/366/366
f 67/367/367 66/368/368 69/369/369
f 70/370/370 53/371/371 73/372/372
f 70/373/373 73/374/374 76/375/375
f 70/376/376 155/377/377 44/378/378
f 70/379/379 71/380/380 155/381/381
f 70/382/382 76/383/383 71/384/384
f 71/385/385 76/386/386 77/387/387
f 71/388/388 77/389/389 157/390/390
f 52/391/391 72/392/392 73/393/393
f 54/394/394 74/395/395 72/396/396
f 72/397/397 74/398/398 73/399/399
f 73/400/400 74/401/401 76/402/402
f 54/403/403 75/404/404 74/405/405
f 75/406/406 160/407/407 74/408/408
f 74/409/409 78/410/410 76/411/411
f 74/412/412 160/413/413 78/414/414
f 76/415/415 79/416/416 77/417/417
f 76/418/418 78/419/419 79/420/420
f 78/421/421 167/422/422 79/423/423
f 77/424/424 79/425/425 168/426/426
f 80/427/427 69/428/428 81/429/429
f 83/430/430 80/431/431 81/432/432
f 83/433/433 82/434/434 80/435/435
f 83/436/436 81/437/437 84/438/438
f 83/439/439 86/440/440 82/441/441
f 83/442/442 84/443/443 87/444/444
f 83/445/445 88/446/446 86/447/447
f 83/448/448 87/449/449 88/450/450
f 88/451/451 85/452/452 86/453/453
f 88/454/454 87/455/455 89/456/456
f 88/457/457 89/458/458 90/459/459
f 88/460/460 90/461/461 91/462/462
f 205/463/463 85/464/464 91/465/465
f 88/466/466 91/467/467 85/468/468
f 92/469/469 93/470/470 99/471/471
f 92/472/472 96/473/473 95/474/474
f 93/475/475 94/476/476 99/477/477
f 92/478/478 99/479/479 98/480/480
f 92/481/481 98/482/482 96/483/483
f 99/484/484 94/485/485 97/486/486
f 95/487/487 96/488/488 4/489/489
f 96/490/490 100/491/491 103/492/492
f 94/493/493 5/494/494 97/495/495
f 97/496/496 5/497/497 105/498/498
f 97/499/499 105/500/500 102/501/501
f 98/502/502 99/503/503 101/504/504
f 98/505/505 100/506/506 96/507/507
f 99/508/508 97/509/509 101/510/510
f 98/511/511 108/512/512 100/513/513
f 98/514/514 101/515/515 108/516/516
f 97/517/517 102/518/518 101/519/519
f 96/520/520 103/521/521 4/522/522
f 100/523/523 104/524/524 103/525/525
f 103/526/526 104/527/527 13/528/528
f 100/529/529 111/530/530 104/531/531
f 102/532/532 105/533/533 106/534/534
f 102/535/535 106/536/536 112/537/537
f 105/538/538 16/539/539 106/540/540
f 106/541/541 16/542/542 107/543/543
f 104/544/544 111/545/545 116/546/546
f 106/547/547 107/548/548 112/549/549
f 108/550/550 101/551/551 110/552/552
f 101/553/553 102/554/554 109/555/555
f 100/556/556 108/557/557 110/558/558
f 100/559/559 110/560/560 111/561/561
f 101/562/562 109/563/563 110/564/564
f 102/565/565 112/566/566 109/567/567
f 110/568/568 115/569/569 111/570/570
f 110/571/571 109/572/572 114/573/573
f 109/574/574 112/575/575 113/576/576
f 112/577/577 107/578/578 113/579/579
f 110/580/580 114/581/581 115/582/582
f 111/583/583 115/584/584 118/585/585
f 109/586/586 113/587/587 114/588/588
f 104/589/589 15/590/590 13/591/591
f 104/592/592 117/593/593 15/594/594
f 16/595/595 120/596/596 107/597/597
f 104/598/598 116/599/599 117/600/600
f 116/601/601 130/602/602 117/603/603
f 116/604/604 119/605/605 130/606/606
f 111/607/607 119/608/608 116/609/609
f 111/610/610 118/611/611 119/612/612
f 115/613/613 127/614/614 118/615/615
f 115/616/616 114/617/617 123/618/618
f 118/619/619 136/620/620 119/621/621
f 107/622/622 120/623/623 122/624/624
f 16/625/625 40/626/626 120/627/627
f 120/628/628 40/629/629 121/630/630
f 122/631/631 120/632/632 121/633/633
f 121/634/634 133/635/635 126/636/636
f 107/637/637 122/638/638 113/639/639
f 113/640/640 122/641/641 125/642/642
f 114/643/643 113/644/644 123/645/645
f 115/646/646 123/647/647 127/648/648
f 113/649/649 125/650/650 123/651/651
f 118/652/652 127/653/653 124/654/654
f 119/655/655 137/656/656 130/657/657
f 119/658/658 136/659/659 137/660/660
f 122/661/661 121/662/662 126/663/663
f 122/664/664 126/665/665 125/666/666
f 118/667/667 124/668/668 136/669/669
f 123/670/670 129/671/671 127/672/672
f 123/673/673 125/674/674 140/675/675
f 124/676/676 128/677/677 139/678/678
f 125/679/679 126/680/680 138/681/681
f 125/682/682 138/683/683 140/684/684
f 123/685/685 140/686/686 129/687/687
f 127/688/688 128/689/689 124/690/690
f 127/691/691 129/692/692 128/693/693
f 117/694/694 131/695/695 39/696/696
f 117/697/697 130/698/698 131/699/699
f 130/700/700 135/701/701 131/702/702
f 130/703/703 137/704/704 135/705/705
f 121/706/706 40/707/707 132/708/708
f 121/709/709 132/710/710 133/711/711
f 132/712/712 134/713/713 133/714/714
f 133/715/715 134/716/716 150/717/717
f 131/718/718 135/719/719 144/720/720
f 132/721/721 44/722/722 134/723/723
f 135/724/724 141/725/725 145/726/726
f 136/727/727 141/728/728 137/729/729
f 124/730/730 142/731/731 136/732/732
f 124/733/733 139/734/734 142/735/735
f 126/736/736 133/737/737 138/738/738
f 136/739/739 142/740/740 141/741/741
f 133/742/742 150/743/743 138/744/744
f 129/745/745 140/746/746 153/747/747
f 140/748/748 138/749/749 152/750/750
f 137/751/751 141/752/752 135/753/753
f 142/754/754 146/755/755 141/756/756
f 139/757/757 143/758/758 142/759/759
f 139/760/760 148/761/761 143/762/762
f 142/763/763 143/764/764 146/765/765
f 131/766/766 144/767/767 55/768/768
f 135/769/769 156/770/770 144/771/771
f 144/772/772 156/773/773 75/774/774
f 135/775/775 145/776/776 156/777/777
f 145/778/778 146/779/779 180/780/780
f 141/781/781 146/782/782 145/783/783
f 128/784/784 147/785/785 139/786/786
f 128/787/787 129/788/788 224/789/789
f 129/790/790 153/791/791 224/792/792
f 128/793/793 224/794/794 147/795/795
f 139/796/796 147/797/797 148/798/798
f 44/799/799 155/800/800 134/801/801
f 134/802/802 155/803/803 157/804/804
f 134/805/805 157/806/806 149/807/807
f 134/808/808 149/809/809 150/810/810
f 149/811/811 158/812/812 151/813/813
f 140/814/814 152/815/815 153/816/816
f 138/817/817 150/818/818 152/819/819
f 150/820/820 151/821/821 152/822/822
f 149/823/823 151/824/824 150/825/825
f 151/826/826 181/827/827 154/828/828
f 153/829/829 186/830/830 224/831/831
f 152/832/832 151/833/833 154/834/834
f 153/835/835 152/836/836 154/837/837
f 153/838/838 154/839/839 186/840/840
f 155/841/841 71/842/842 157/843/843
f 157/844/844 77/845/845 159/846/846
f 145/847/847 162/848/848 156/849/849
f 145/850/850 180/851/851 162/852/852
f 149/853/853 159/854/854 158/855/855
f 149/856/856 157/857/857 159/858/858
f 159/859/859 164/860/860 158/861/861
f 75/862/862 156/863/863 160/864/864
f 156/865/865 162/866/866 160/867/867
f 160/868/868 161/869/869 78/870/870
f 160/871/871 162/872/872 161/873/873
f 78/874/874 161/875/875 167/876/876
f 162/877/877 163/878/878 161/879/879
f 162/880/880 184/881/881 163/882/882
f 161/883/883 163/884/884 173/885/885
f 159/886/886 77/887/887 166/888/888
f 158/889/889 164/890/890 165/891/891
f 165/892/892 164/893/893 188/894/894
f 77/895/895 168/896/896 166/897/897
f 159/898/898 166/899/899 176/900/900
f 166/901/901 168/902/902 176/903/903
f 79/904/904 167/905/905 168/906/906
f 167/907/907 169/908/908 168/909/909
f 161/910/910 173/911/911 167/912/912
f 167/913/913 171/914/914 169/915/915
f 168/916/916 169/917/917 176/918/918
f 169/919/919 171/920/920 170/921/921
f 169/922/922 170/923/923 177/924/924
f 159/925/925 176/926/926 164/927/927
f 164/928/928 176/929/929 188/930/930
f 167/931/931 173/932/932 171/933/933
f 171/934/934 174/935/935 172/936/936
f 173/937/937 174/938/938 171/939/939
f 173/940/940 175/941/941 174/942/942
f 176/943/943 191/944/944 188/945/945
f 169/946/946 179/947/947 176/948/948
f 171/949/949 172/950/950 170/951/951
f 169/952/952 177/953/953 179/954/954
f 179/955/955 177/956/956 178/957/957
f 179/958/958 178/959/959 199/960/960
f 176/961/961 179/962/962 191/963/963
f 179/964/964 200/965/965 191/966/966
f 180/967/967 184/968/968 162/969/969
f 146/970/970 183/971/971 180/972/972
f 180/973/973 183/974/974 184/975/975
f 151/976/976 158/977/977 165/978/978
f 151/979/979 165/980/980 181/981/981
f 146/982/982 143/983/983 183/984/984
f 148/985/985 227/986/986 143/987/987
f 143/988/988 182/989/989 183/990/990
f 143/991/991 227/992/992 182/993/993
f 154/994/994 181/995/995 186/996/996
f 182/997/997 185/998/998 183/999/999
f 182/1000/1000 227/1001/1001 185/1002/1002
f 173/1003/1003 163/1004/1004 184/1005/1005
f 173/1006/1006 184/1007/1007 190/1008/1008
f 184/1009/1009 185/1010/1010 190/1011/1011
f 183/1012/1012 185/1013/1013 184/1014/1014
f 165/1015/1015 188/1016/1016 187/1017/1017
f 181/1018/1018 165/1019/1019 187/1020/1020
f 181/1021/1021 187/1022/1022 186/1023/1023
f 186/1024/1024 187/1025/1025 192/1026/1026
f 186/1027/1027 192/1028/1028 193/1029/1029
f 173/1030/1030 190/1031/1031 189/1032/1032
f 173/1033/1033 189/1034/1034 175/1035/1035
f 190/1036/1036 194/1037/1037 189/1038/1038
f 190/1039/1039 195/1040/1040 194/1041/1041
f 187/1042/1042 188/1043/1043 192/1044/1044
f 188/1045/1045 191/1046/1046 192/1047/1047
f 191/1048/1048 216/1049/1049 192/1050/1050
f 227/1051/1051 197/1052/1052 185/1053/1053
f 190/1054/1054 185/1055/1055 195/1056/1056
f 185/1057/1057 197/1058/1058 195/1059/1059
f 193/1060/1060 192/1061/1061 216/1062/1062
f 197/1063/1063 196/1064/1064 195/1065/1065
f 197/1066/1066 198/1067/1067 196/1068/1068
f 197/1069/1069 231/1070/1070 198/1071/1071
f 179/1072/1072 199/1073/1073 200/1074/1074
f 200/1075/1075 202/1076/1076 203/1077/1077
f 203/1078/1078 202/1079/1079 201/1080/1080
f 203/1081/1081 201/1082/1082 210/1083/1083
f 203/1084/1084 210/1085/1085 211/1086/1086
f 207/1087/1087 206/1088/1088 204/1089/1089
f 204/1090/1090 205/1091/1091 208/1092/1092
f 205/1093/1093 91/1094/1094 208/1095/1095
f 207/1096/1096 204/1097/1097 208/1098/1098
f 207/1099/1099 208/1100/1100 209/1101/1101
f 207/1102/1102 209/1103/1103 212/1104/1104
f 211/1105/1105 210/1106/1106 206/1107/1107
f 211/1108/1108 206/1109/1109 207/1110/1110
f 211/1111/1111 213/1112/1112 218/1113/1113
f 211/1114/1114 207/1115/1115 212/1116/1116
f 211/1117/1117 212/1118/1118 213/1119/1119
f 191/1120/1120 200/1121/1121 214/1122/1122
f 200/1123/1123 203/1124/1124 214/1125/1125
f 191/1126/1126 214/1127/1127 216/1128/1128
f 214/1129/1129 203/1130/1130 215/1131/1131
f 203/1132/1132 211/1133/1133 215/1134/1134
f 193/1135/1135 216/1136/1136 236/1137/1137
f 216/1138/1138 214/1139/1139 217/1140/1140
f 236/1141/1141 216/1142/1142 217/1143/1143
f 214/1144/1144 215/1145/1145 217/1146/1146
f 211/1147/1147 219/1148/1148 215/1149/1149
f 219/1150/1150 218/1151/1151 220/1152/1152
f 211/1153/1153 218/1154/1154 219/1155/1155
f 215/1156/1156 222/1157/1157 217/1158/1158
f 215/1159/1159 219/1160/1160 222/1161/1161
f 219/1162/1162 221/1163/1163 222/1164/1164
f 219/1165/1165 220/1166/1166 221/1167/1167
f 222/1168/1168 221/1169/1169 223/1170/1170
f 148/1171/1171 147/1172/1172 227/1173/1173
f 147/1174/1174 224/1175/1175 226/1176/1176
f 224/1177/1177 186/1178/1178 225/1179/1179
f 224/1180/1180 225/1181/1181 226/1182/1182
f 147/1183/1183 226/1184/1184 227/1185/1185
f 227/1186/1186 226/1187/1187 229/1188/1188
f 186/1189/1189 193/1190/1190 225/1191/1191
f 226/1192/1192 225/1193/1193 230/1194/1194
f 225/1195/1195 193/1196/1196 230/1197/1197
f 226/1198/1198 230/1199/1199 228/1200/1200
f 226/1201/1201 228/1202/1202 229/1203/1203
f 227/1204/1204 229/1205/1205 197/1206/1206
f 229/1207/1207 231/1208/1208 197/1209/1209
f 230/1210/1210 193/1211/1211 236/1212/1212
f 230/1213/1213 236/1214/1214 237/1215/1215
f 230/1216/1216 237/1217/1217 228/1218/1218
f 229/1219/1219 232/1220/1220 231/1221/1221
f 229/1222/1222 233/1223/1223 232/1224/1224
f 229/1225/1225 228/1226/1226 234/1227/1227
f 228/1228/1228 237/1229/1229 234/1230/1230
f 229/1231/1231 234/1232/1232 233/1233/1233
f 237/1234/1234 235/1235/1235 234/1236/1236
f 237/1237/1237 236/1238/1238 239/1239/1239
f 237/1240/1240 240/1241/1241 235/1242/1242
f 237/1243/1243 239/1244/1244 240/1245/1245
f 236/1246/1246 217/1247/1247 239/1248/1248
f 239/1249/1249 238/1250/1250 240/1251/1251
f 239/1252/1252 241/1253/1253 238/1254/1254
f 239/1255/1255 217/1256/1256 222/1257/1257
f 239/1258/1258 222/1259/1259 243/1260/1260
f 222/1261/1261 223/1262/1262 242/1263/1263
f 243/1264/1264 222/1265/1265 242/1266/1266
f 239/1267/1267 243/1268/1268 241/1269/1269
f 243/1270/1270 246/1271/1271 241/1272/1272
f 243/1273/1273 242/1274/1274 244/1275/1275
f 243/1276/1276 244/1277/1277 245/1278/1278
f 243/1279/1279 245/1280/1280 246/1281/1281
f 246/1282/1282 245/1283/1283 247/1284/1284
f 247/1285/1285 245/1286/1286 251/1287/1287
f 251/1288/1288 248/1289/1289 247/1290/1290
f 249/1291/1291 248/1292/1292 251/1293/1293
f 249/1294/1294 252/1295/1295 250/1296/1296
f 249/1297/1297 251/1298/1298 253/1299/1299
f 249/1300/1300 253/1301/1301 252/1302/1302
f 64/1303/1303 56/1304/1304 58/1305/1305
f 64/1306/1306 57/1307/1307 56/1308/1308
f 64/1309/1309 58/1310/1310 60/1311/1311
f 64/1312/1312 61/1313/1313 57/1314/1314
f 64/1315/1315 63/1316/1316 62/1317/1317
f 64/1318/1318 62/1319/1319 61/1320/1320
f 64/1321/1321 65/1322/1322 63/1323/1323
f 64/1324/1324 60/1325/1325 67/1326/1326
f 64/1327/1327 66/1328/1328 65/1329/1329
f 64/1330/1330 67/1331/1331 68/1332/1332
f 64/1333/1333 68/1334/1334 80/1335/1335
f 64/1336/1336 69/1337/1337 66/1338/1338
f 64/1339/1339 81/1340/1340 69/1341/1341
f 64/1342/1342 80/1343/1343 82/1344/1344
f 64/1345/1345 84/1346/1346 81/1347/1347
f 64/1348/1348 82/1349/1349 86/1350/1350
f 86/1351/1351 85/1352/1352 205/1353/1353
f 64/1354/1354 254/1355/1355 84/1356/1356
f 208/1357/1357 91/1358/1358 90/1359/1359
f 64/1360/1360 86/1361/1361 254/1362/1362
f 174/1363/1363 170/1364/1364 172/1365/1365
f 174/1366/1366 178/1367/1367 170/1368/1368
f 170/1369/1369 178/1370/1370 177/1371/1371
f 174/1372/1372 199/1373/1373 178/1374/1374
f 174/1375/1375 175/1376/1376 199/1377/1377
f 175/1378/1378 200/1379/1379 199/1380/1380
f 189/1381/1381 200/1382/1382 175/1383/1383
f 189/1384/1384 194/1385/1385 200/1386/1386
f 195/1387/1387 202/1388/1388 194/1389/1389
f 195/1390/1390 196/1391/1391 202/1392/1392
f 196/1393/1393 198/1394/1394 202/1395/1395
f 231/1396/1396 202/1397/1397 198/1398/1398
f 231/1399/1399 232/1400/1400 202/1401/1401
f 204/1402/1402 206/1403/1403 205/1404/1404
f 208/1405/1405 212/1406/1406 209/1407/1407
f 254/1408/1408 87/1409/1409 84/1410/1410
f 194/1411/1411 202/1412/1412 200/1413/1413
f 201/1414/1414 202/1415/1415 238/1416/1416
f 201/1417/1417 238/1418/1418 210/1419/1419
f 233/1420/1420 202/1421/1421 232/1422/1422
f 233/1423/1423 235/1424/1424 202/1425/1425
f 235/1426/1426 238/1427/1427 202/1428/1428
f 210/1429/1429 238/1430/1430 241/1431/1431
f 208/1432/1432 242/1433/1433 212/1434/1434
f 218/1435/1435 213/1436/1436 221/1437/1437
f 212/1438/1438 242/1439/1439 213/1440/1440
f 218/1441/1441 221/1442/1442 220/1443/1443
f 254/1444/1444 86/1445/1445 205/1446/1446
f 254/1447/1447 89/1448/1448 87/1449/1449
f 254/1450/1450 90/1451/1451 89/1452/1452
f 254/1453/1453 205/1454/1454 206/1455/1455
f 254/1456/1456 208/1457/1457 90/1458/1458
f 254/1459/1459 206/1460/1460 210/1461/1461
f 221/1462/1462 213/1463/1463 242/1464/1464
f 208/1465/1465 244/1466/1466 242/1467/1467
f 221/1468/1468 242/1469/1469 223/1470/1470
f 208/1471/1471 245/1472/1472 244/1473/1473
f 234/1474/1474 235/1475/1475 233/1476/1476
f 235/1477/1477 240/1478/1478 238/1479/1479
f 254/1480/1480 210/1481/1481 241/1482/1482
f 254/1483/1483 245/1484/1484 208/1485/1485
f 254/1486/1486 241/1487/1487 246/1488/1488
f 254/1489/1489 246/1490/1490 247/1491/1491
f 254/1492/1492 247/1493/1493 248/1494/1494
f 254/1495/1495 248/1496/1496 249/1497/1497
f 254/1498/1498 251/1499/1499 245/1500/1500
f 254/1501/1501 249/1502/1502 250/1503/1503
f 254/1504/1504 250/1505/1505 252/1506/1506
f 254/1507/1507 253/1508/1508 251/1509/1509
f 254/1510/1510 252/1511/1511 253/1512/1512
