# meters; x anterior, y left, z dorsal
mtllib fish.mtl
usemtl fish
v -0.0102802978 -0.0176922452 -0.001013320166
v -0.009675573293 -0.01745525899 -0.001029663946
v -0.01211081232 -0.01490561443 -0.0004167689413
v -0.01108114767 -0.01431723463 -0.0006700989262
v -0.01172673117 -0.01461142453 -0.0005965514511
v -0.01204543534 -0.01516711677 -0.000138922821
v -0.01069706652 -0.01807632449 -0.0007599901811
v -0.01051728401 -0.018256107 -0.000457628391
v -0.009765464548 -0.01837868768 -0.0002369859659
v -0.01040287662 -0.01391680877 -0.0006292390109
v -0.009602026749 -0.01337746124 -0.0004249408313
v -0.008245484639 -0.02056876722 -0.001111383311
v -0.008498815555 -0.02093650552 -0.0009888044961
v -0.007354743514 -0.02047070267 -0.001201275031
v -0.006374112997 -0.02242379787 -0.001307510066
v -0.006112608794 -0.02306120622 -0.001233962591
v -0.005842935029 -0.02342894452 -0.0008989132412
v -0.006374112997 -0.0203154363 -0.001266650151
v -0.008245484639 -0.02127155441 -0.0007109583758
v -0.007403775785 -0.02139413136 -0.0005230039761
v -0.00888289671 -0.01845223608 -0.0001144071512
v -0.005622293535 -0.02314292791 -0.0007191307314
v -0.006341423575 -0.02159026044 -0.0004331127212
v -0.008776660744 -0.01721827279 -0.000931600801
v -0.007951296601 -0.01679333079 -0.0007599901811
v -0.007877748195 -0.01833782869 -7.354723593e-05
v -0.008833864439 -0.01266650262 -0.0003268776864
v -0.007027867917 -0.01609871688 -0.0006047233411
v -0.006978835646 -0.01795374754 -0.0001062352613
v -0.006177983913 -0.01713655296 -4.08596762e-05
v -0.006112608794 -0.01510173979 -0.0004494565011
v -0.01142436798 -0.0151752882 0.0001225790537
v -0.01058265913 -0.01510173979 0.0003105334535
v -0.009789980683 -0.01480755175 0.000408597064
v -0.008964614678 -0.01435809362 0.0005393477685
v -0.008139250535 -0.01363896358 0.0005802076838
v -0.007444634769 -0.01256843994 0.0006374109134
v -0.01251123633 -0.0117185578 -0.0003350495764
v -0.01202909249 -0.0111873817 -0.0003677371361
v -0.01288714606 -0.01191468502 -0.000138922821
v -0.01143254127 -0.01047642308 -0.000220642186
v -0.01256844002 -0.008972787884 4.085968877e-05
v -0.01082781676 -0.009749121618 -0.0002124702961
v -0.0102067494 -0.009054507714 -8.171959152e-05
v -0.00804935928 -0.01175941865 -0.0002369859659
v -0.007101412598 -0.01074609871 -8.171959152e-05
v -0.0127972548 -0.01209446753 0.0002042984187
v -0.01229876626 -0.01211081224 0.0003677371487
v -0.01276456724 -0.009757293042 8.989149402e-05
v -0.01291983362 -0.009463103142 0.0002778458937
v -0.01287897277 -0.009487619278 0.0004331127338
v -0.01171038646 -0.01168587024 0.0004576284036
v -0.01260112758 -0.009928904128 0.0005883795738
v -0.01230693768 -0.009209774089 0.000890741131
v -0.0120781229 -0.008041185912 8.171960408e-05
v -0.01292800504 -0.007918607098 0.0004576284036
v -0.01258478473 -0.007044210684 0.0005066602088
v -0.01146522883 -0.007411947128 0.0001062352739
v -0.01267467599 -0.008147421878 0.0007926779862
v -0.01104028683 -0.01107297617 0.0005965514637
v -0.01040287662 -0.01039470511 0.0007109583884
v -0.009740950275 -0.009667401787 0.0008335376687
v -0.01094222415 -0.006766363632 0.0002369859784
v -0.01031298536 -0.006169812408 0.000326877699
v -0.00947127651 -0.008343549099 9.806338395e-05
v -0.01232328239 -0.007134101939 0.0009969763986
v -0.01181662242 -0.008319032964 0.001144071349
v -0.01126093018 -0.007706137028 0.001250306383
v -0.0118411367 -0.006447659459 0.001152243239
v -0.01055814299 -0.007313884449 0.001282994176
v -0.009994279328 -0.006602925834 0.001299338189
v -0.0120781229 -0.006128953424 0.0006047233536
v -0.01153877537 -0.005491541353 0.0005720357939
v -0.009544823054 -0.005548745048 0.0003513933688
v -0.01089319188 -0.005009397518 0.0006210671335
v -0.01009234201 -0.004461878565 0.0008417095586
v -0.009307836849 -0.003742746663 0.0008662254612
v -0.01124458547 -0.005851106372 0.001184931031
v -0.01071340937 -0.005164663893 0.001184931031
v -0.009340524409 -0.005785731253 0.001332025748
v -0.01001879546 -0.004510908973 0.001233962604
v -0.00924246173 -0.003832637918 0.001340197871
v -0.008760317895 -0.007493666959 0.000245158334
v -0.007869574908 -0.006660129529 0.000326877699
v -0.00625153232 -0.009479447853 0.0001634389691
v -0.006627440188 -0.0113181338 0.0009234289236
v -0.009079022068 -0.008866551918 0.001029664191
v -0.008417095724 -0.007885919538 0.001176758908
v -0.007550868872 -0.006937974718 0.001315681969
v -0.005810249332 -0.009904387992 0.001013320178
v -0.008776660744 -0.004805098873 0.0003595652587
v -0.007926780466 -0.004004249003 0.0004658002935
v -0.008539674539 -0.002990929064 0.0009316008135
v -0.006905287239 -0.005744872269 0.0003432214789
v -0.00595734242 -0.004747895178 0.0005066602088
v -0.006937976662 -0.003285118964 0.0006374109134
v -0.005908310149 -0.002525128078 0.0008253657788
v -0.008596878234 -0.004960365247 0.001454604796
v -0.008417095724 -0.003121679303 0.001519980381
v -0.007755167518 -0.004159515378 0.001511808491
v -0.007518183175 -0.002410720688 0.001021492301
v -0.007477324191 -0.002435236823 0.001560840063
v -0.006570238355 -0.005981858474 0.001413745113
v -0.005704011503 -0.004894990128 0.001323853859
v -0.006758194152 -0.003432213914 0.001569011953
v -0.006439488116 -0.001765138124 0.0009888045087
v -0.005450680587 -0.001037835729 0.001062351984
v -0.006455830965 -0.00174062292 0.001479120699
v -0.005761217061 -0.002615019333 0.001503636601
v -0.005246385667 -0.02284873801 -0.001601699966
v -0.00435564268 -0.024139905 -0.001552668161
v -0.004028767083 -0.02302034723 -0.001789654366
v -0.004118658338 -0.02445860731 -0.001086867641
v -0.005393478755 -0.01994769799 -0.001233962591
v -0.004559941325 -0.019105991 -0.001242134481
v -0.003105334673 -0.02426248195 -0.001683419331
v -0.003154366944 -0.02268529835 -0.001765138696
v -0.002222768698 -0.02395194921 -0.001528152491
v -0.002337172363 -0.0218190715 -0.001626215636
v -0.002909209314 -0.02455667185 -0.001160415116
v -0.002018470052 -0.02431968751 -0.001135899446
v -0.004502735767 -0.02364141646 -0.0008171938763
v -0.005230039093 -0.02168832126 -0.0005066601962
v -0.004314783696 -0.0213859618 -0.0005556915358
v -0.003595653657 -0.02033995244 -0.000302361551
v -0.003415871147 -0.02383754182 -0.0007845058509
v -0.002598676566 -0.02359238419 -0.0008008500964
v -0.001773308698 -0.02282422188 -0.000612895231
v -0.002941898737 -0.01882814395 -6.5375346e-05
v -0.00376726288 -0.01781482401 -0.001070523861
v -0.005328103635 -0.01593527908 5.720346863e-05
v -0.00512380499 -0.01385143365 -0.0002124702961
v -0.004159517322 -0.01239682886 -0.0001225790412
v -0.002901036028 -0.01626215654 -0.0007926777408
v -0.002059329036 -0.01456239226 -0.0006537551463
v -0.001389227543 -0.0231837869 -0.001462776906
v -0.001225791607 -0.02356786805 -0.0009479445808
v -0.0005393472647 -0.02164746228 -0.001274822041
v -0.00162621561 -0.0201274805 -0.001242134481
v 0.000245157894 -0.01935932192 -0.0009070851312
v -0.0003677380418 -0.02198251116 -0.000694614596
v -0.0009642874037 -0.02120617929 -0.0003677371361
v -0.0004821454321 -0.0188118011 1.634401898e-05
v 0.0005230049456 -0.01975974592 -0.000375909026
v -0.00103783581 -0.01814169961 -0.0009969763861
v -0.0003350486194 -0.01613140444 -0.0008008500964
v -0.001348368559 -0.01268284733 -0.0005475196459
v 0.0007845054234 -0.01707934926 -0.0006537551463
v 0.001233961698 -0.01731633547 -7.354723593e-05
v 0.0002533311809 -0.01403938944 -0.0005883795612
v 0.001299336817 -0.01479937847 -0.0003677371361
v 0.00174062353 -0.01494647342 3.268779884e-05
v -0.004437360648 -0.01448067429 0.0002941896736
v -0.003571137521 -0.01285445842 0.0005148320987
v -0.002255454395 -0.01694859902 0.0001470947235
v 0.0001307505036 -0.01655634458 0.0002124703086
v -0.001421916965 -0.01506905223 0.0002778458937
v -0.0007763353323 -0.01306692849 0.0004412846237
v 0.000710957017 -0.01433357934 0.0002696740038
v 0.001993954446 -0.01238865743 0.0001797827489
v -0.00340769786 -0.01071340929 -0.000138922821
v -0.002721253518 -0.008842035782 2.451590891e-05
v -0.002255454395 -0.006807224479 1.634401898e-05
v -0.0009234284197 -0.01045190881 -0.0003922528059
v -0.0006700975036 -0.008131077167 -0.0002533302114
v 0.0005802067781 -0.01158780756 -0.0003840809159
v 0.001642558988 -0.01225790719 -0.0001552666009
v 0.001569010582 -0.009348695752 4.085968877e-05
v 0.0006128962005 -0.008882896629 -0.0002042984061
v -0.0004576292967 -0.005777559828 -2.451589634e-05
v -0.005385305468 -0.008155593303 0.0003350495889
v -0.004568114612 -0.006709159937 0.000408597064
v -0.002794801924 -0.01110566373 0.0008253657788
v -0.0050093976 -0.008425267067 0.001062351984
v -0.004216719154 -0.006905287158 0.001209446701
v -0.002247281108 -0.009128054258 0.0009888045087
v -0.001765139136 -0.007085069668 0.001078695764
v -0.003808121864 -0.005181008604 0.0004167689539
v -0.005066599432 -0.003685542968 0.0005230039887
v -0.004911333058 -0.00170793536 0.0009070851437
v -0.004159517322 -0.002704910588 0.0006700989387
v -0.003611996505 -0.001920405429 0.0007926779862
v -0.003718230609 -0.0009724606094 0.0009070851437
v -0.003170713518 -0.003710059103 0.0004903164289
v -0.001887716088 -0.004821443584 0.0001552666135
v -0.002664051685 -0.002435236823 0.0005965514637
v -0.002427063618 -0.00126665051 0.0007027864985
v -0.002389516417 3.459828726e-10 0.0008040915772
v -0.002132877443 -0.000310533334 0.0007681620836
v -0.00203877661 3.459828726e-10 0.0007681620836
v -0.00482961509 -0.003816295069 0.001413745113
v -0.004551768038 -0.0003432218251 0.001135899226
v -0.003938872102 -0.002819317978 0.001405573223
v -0.004278059784 3.459828726e-10 0.001157622092
v -0.003961346779 3.459828726e-10 0.001112798002
v -0.004707034413 -0.001805998039 0.001544496284
v -0.005385305468 -0.001086868 0.001601699746
v -0.004050556306 3.459828726e-10 0.001490017173
v -0.004412844512 -0.0004412845043 0.001569011953
v -0.003971561525 3.459828726e-10 0.001639617613
v -0.003505762402 -0.005360791114 0.001299338189
v -0.002794801924 -0.003906186324 0.001307510079
v -0.00329329047 -0.002067500379 0.001389229444
v -0.003311268721 3.459828726e-10 0.00100290124
v -0.003252431486 -2.451578947e-05 0.0009888045087
v -0.003241885189 3.459828726e-10 0.0009850985433
v -0.00227997053 -0.00262319262 0.001315681969
v -0.001977607343 -0.001470949155 0.001421917236
v -0.003481246266 -0.001086868 0.001577183843
v -0.003378726277 3.459828726e-10 0.001663175185
v -0.002917382601 -0.0001879545194 0.001658903441
v -0.003025546405 3.459828726e-10 0.001692593337
v -0.002806421105 3.459828726e-10 0.001724574256
v -0.002105094228 3.459828726e-10 0.001707608119
v -0.0003922541772 -0.01076244156 0.0006210671335
v -0.0001389232611 -0.008408924219 0.0007027864985
v 0.00103783634 -0.01183296519 0.0004739721834
v 0.001993954446 -0.009463103142 0.000482144539
v 0.001609873291 -0.006431314748 0.000326877699
v 0.001078695324 -0.009128054258 0.0006782708287
v 0.001144070443 -0.006365939629 0.0008498814485
v 0.002083845701 -0.006545722139 0.0007191302783
v -0.00151180822 -0.003178882998 0.0003105334535
v -0.0005475205516 -0.003971561444 0.0002615021139
v 0.0001552666391 -0.006104437288 0.0008253657788
v -0.001127727065 -0.00188771787 0.0004412846237
v 7.431608089e-05 3.459828726e-10 0.0005021903261
v -0.001515429202 3.459828726e-10 0.0007082175061
v -0.0009234284197 -0.0007926780996 0.0006128952436
v -0.0007648912405 3.459828726e-10 0.0005552459105
v -0.0005189848279 3.459828726e-10 0.0005544859513
v 0.0007191303039 -0.006104437288 0.0001062352739
v 0.0002778473164 -0.003162540149 0.0004004247084
v 0.001291167256 -0.003587480288 0.0007599901936
v 0.001887716618 -0.003701887679 0.0009397729363
v 0.0002533311809 -0.001569011834 0.0005556915484
v 0.001111384746 -0.002010296684 0.0008825692411
v 0.0003105330134 -0.0003922531647 0.0005802076838
v 0.0003528634871 3.459828726e-10 0.0005322343267
v 0.0007523747946 3.459828726e-10 0.0006359561875
v 0.001103211459 -0.0008171933037 0.0008498814485
v 0.00123373818 3.459828726e-10 0.0007420571118
v 0.001386646446 3.459828726e-10 0.0008144695375
v -0.001381057981 -0.005099288773 0.001160415129
v -0.0009969768261 -0.003473072898 0.001217618591
v 2.451640019e-05 -0.004282096055 0.001046007971
v -0.0005556901132 -0.002149219279 0.001274822286
v -0.0003840808903 -0.001095039424 0.001421917236
v -0.001658905033 -0.0005311757592 0.001503636601
v -0.001452680412 3.459828726e-10 0.001847338636
v -0.0008989122843 3.459828726e-10 0.001863034914
v -0.000187955532 -0.000236985859 0.001732450683
v -0.0001233217453 3.459828726e-10 0.001909113263
v 0.0008335376943 -0.003448556763 0.001119555446
v 0.0008090215588 -0.00188771787 0.001135899226
v 0.0008335376943 -0.00074364676 0.001446432906
v 0.001789655801 -0.002206422974 0.001078695764
v 0.001675248411 -0.001086868 0.001176758908
v 0.001606930312 3.459828726e-10 0.001260521362
v 0.001682900157 3.459828726e-10 0.001237991039
v 0.0003988708223 3.459828726e-10 0.001826492843
v 0.001017961916 3.459828726e-10 0.00180338347
vt 0.8309999983 0.3503030278
vt 0.8460000014 0.3658181897
vt 0.8430000022 0.367757574
vt 0.8329999961 0.3483636328
vt 0.8470000057 0.3629090973
vt 0.8460000046 0.3658181879
vt 0.8260000054 0.5374545423
vt 0.8080000054 0.5490909114
vt 0.802999993 0.5471515221
vt 0.8430000023 0.3677575733
vt 0.853000005 0.3861818166
vt 0.8389999949 0.3696969682
vt 0.8470000046 0.3629090988
vt 0.8559999984 0.3842424265
vt 0.8460000038 0.3658181892
vt 0.8430000025 0.3677575734
vt 0.8560000052 0.3842424223
vt 0.8530000049 0.3861818171
vt 0.8470000039 0.3629090997
vt 0.8569999983 0.3823030253
vt 0.8560000005 0.3842424247
vt 0.8029999928 0.5471515221
vt 0.7880000038 0.5616969715
vt 0.7850000053 0.558787878
vt 0.8530000047 0.386181817
vt 0.8589999995 0.4036363677
vt 0.849000002 0.3881212119
vt 0.8490000021 0.3881212117
vt 0.8589999995 0.403636368
vt 0.8560000028 0.4075151565
vt 0.8640000002 0.400727274
vt 0.8559999992 0.3842424238
vt 0.8569999993 0.3823030255
vt 0.8620000037 0.4026666662
vt 0.8530000049 0.386181817
vt 0.8560000051 0.3842424222
vt 0.8620000037 0.4026666666
vt 0.8589999991 0.4036363675
vt 0.8530000048 0.3861818176
vt 0.8639999997 0.4007272742
vt 0.8620000005 0.4026666671
vt 0.8559999984 0.3842424242
vt 0.8460000018 0.3658181898
vt 0.8560000044 0.3842424231
vt 0.8430000021 0.3677575739
vt 0.8389999952 0.3696969679
vt 0.8530000047 0.386181817
vt 0.849000002 0.3881212119
vt 0.8389999953 0.3696969681
vt 0.845000001 0.3910303086
vt 0.8339999986 0.3716363618
vt 0.8029999929 0.5471515222
vt 0.8080000054 0.5490909115
vt 0.7880000047 0.561696971
vt 0.8080000049 0.5490909119
vt 0.8130000004 0.5519999923
vt 0.7929999974 0.5646060648
vt 0.838999995 0.3696969682
vt 0.849000002 0.3881212118
vt 0.845000001 0.3910303086
vt 0.849000002 0.3881212118
vt 0.8520000039 0.4113939444
vt 0.8450000008 0.3910303086
vt 0.8450000008 0.3910303086
vt 0.8489999966 0.416242424
vt 0.840000001 0.3949090942
vt 0.8339999986 0.3716363618
vt 0.8450000008 0.3910303087
vt 0.8400000009 0.3949090941
vt 0.8169999996 0.3309090921
vt 0.8319999969 0.3454545403
vt 0.832999998 0.3483636323
vt 0.8309999979 0.3503030281
vt 0.8430000025 0.3677575733
vt 0.8249999974 0.3512727333
vt 0.8309999982 0.3503030279
vt 0.8330000037 0.3483636285
vt 0.8460000009 0.3658181899
vt 0.8249999977 0.3512727335
vt 0.8430000024 0.3677575731
vt 0.8389999951 0.3696969679
vt 0.8190000114 0.3386666614
vt 0.8330000036 0.3483636285
vt 0.8309999981 0.3503030279
vt 0.8249999971 0.351272733
vt 0.8389999949 0.3696969676
vt 0.8180000116 0.3522424272
vt 0.8120000087 0.3367272685
vt 0.8190000082 0.338666658
vt 0.8309999981 0.3503030276
vt 0.8060000011 0.3279999918
vt 0.8179999949 0.3347878876
vt 0.8190000128 0.338666661
vt 0.8040000116 0.334787885
vt 0.8120000114 0.336727271
vt 0.8249999975 0.351272732
vt 0.8179999949 0.3347878874
vt 0.8330000047 0.3483636285
vt 0.8190000127 0.3386666614
vt 0.818000002 0.3347878842
vt 0.8169999996 0.3309090926
vt 0.832999998 0.3483636318
vt 0.8040000121 0.3347878843
vt 0.824999997 0.351272733
vt 0.8180000114 0.3522424274
vt 0.8120000117 0.3367272682
vt 0.8309999979 0.3503030282
vt 0.8249999974 0.3512727333
vt 0.8180000107 0.3522424278
vt 0.8339999986 0.3716363616
vt 0.8120000003 0.3541818278
vt 0.811999999 0.3541818288
vt 0.8280000087 0.3745454602
vt 0.8060000016 0.3599999935
vt 0.8319999968 0.3454545402
vt 0.8470000057 0.3629090975
vt 0.8329999965 0.3483636322
vt 0.830999994 0.5403636417
vt 0.8080000049 0.5490909123
vt 0.8260000052 0.5374545422
vt 0.830999994 0.5403636417
vt 0.8130000005 0.5519999921
vt 0.8080000049 0.549090912
vt 0.8309999942 0.5403636415
vt 0.8380000042 0.5423030231
vt 0.8129999998 0.551999993
vt 0.8380000038 0.5423030234
vt 0.8189999998 0.5549090863
vt 0.8129999994 0.5519999935
vt 0.8309999938 0.5403636424
vt 0.8260000054 0.5374545419
vt 0.847 0.5355151446
vt 0.8469999998 0.5335757599
vt 0.8470000003 0.5355151472
vt 0.8260000055 0.537454543
vt 0.8309999943 0.5403636418
vt 0.8469999992 0.535515146
vt 0.8380000041 0.5423030228
vt 0.8469999995 0.5355151453
vt 0.8550000139 0.5364848486
vt 0.8380000041 0.5423030221
vt 0.8380000046 0.5423030228
vt 0.8440000013 0.5452121297
vt 0.8190000006 0.5549090856
vt 0.8440000024 0.5452121312
vt 0.8229999966 0.5607272647
vt 0.819 0.5549090847
vt 0.8440000033 0.5452121304
vt 0.8489999988 0.550060597
vt 0.8229999958 0.5607272654
vt 0.8490000009 0.5500605979
vt 0.824000004 0.5675151548
vt 0.8229999978 0.5607272661
vt 0.81800001 0.352242427
vt 0.8389999952 0.3696969679
vt 0.8339999986 0.3716363616
vt 0.8119999991 0.3541818282
vt 0.8339999987 0.3716363617
vt 0.8280000089 0.3745454603
vt 0.8060000011 0.3599999946
vt 0.8280000088 0.3745454601
vt 0.8220000104 0.3784242436
vt 0.8339999984 0.3716363618
vt 0.8400000009 0.3949090942
vt 0.8280000098 0.3745454597
vt 0.8280000093 0.3745454595
vt 0.8400000009 0.3949090942
vt 0.8349999997 0.3997575794
vt 0.8280000093 0.3745454605
vt 0.8349999998 0.3997575792
vt 0.8220000107 0.3784242438
vt 0.8220000108 0.378424243
vt 0.8349999997 0.3997575795
vt 0.830000005 0.4055757545
vt 0.8220000099 0.3784242428
vt 0.8169999974 0.3852121267
vt 0.8009999979 0.3677575751
vt 0.8220000096 0.3784242425
vt 0.8300000043 0.4055757543
vt 0.8169999974 0.3852121267
vt 0.8169999969 0.3852121266
vt 0.8300000049 0.4055757544
vt 0.8239999925 0.4123636316
vt 0.816999997 0.3852121268
vt 0.8239999928 0.4123636318
vt 0.8110000009 0.3939393973
vt 0.7709999966 0.5733333317
vt 0.7850000058 0.5587878777
vt 0.7740000013 0.5752727223
vt 0.7850000051 0.558787878
vt 0.7880000036 0.5616969716
vt 0.7740000016 0.5752727223
vt 0.7880000049 0.5616969709
vt 0.7929999972 0.5646060649
vt 0.7749999988 0.5801212148
vt 0.7880000035 0.561696972
vt 0.7749999987 0.580121215
vt 0.7740000017 0.5752727221
vt 0.7929999973 0.5646060649
vt 0.7770000075 0.5849696948
vt 0.7749999988 0.5801212147
vt 0.8080000055 0.5490909112
vt 0.7929999974 0.5646060646
vt 0.7880000049 0.5616969709
vt 0.8130000007 0.5519999929
vt 0.7960000056 0.5684848457
vt 0.7929999973 0.5646060647
vt 0.7929999972 0.564606065
vt 0.7960000057 0.5684848454
vt 0.7770000068 0.5849696952
vt 0.7960000061 0.5684848458
vt 0.8000000032 0.5743030373
vt 0.7790000009 0.5907878753
vt 0.8129999996 0.5519999934
vt 0.8189999999 0.5549090862
vt 0.7960000059 0.5684848454
vt 0.8229999958 0.560727265
vt 0.8000000034 0.5743030372
vt 0.7960000058 0.5684848457
vt 0.8190000002 0.5549090847
vt 0.8229999967 0.5607272647
vt 0.7960000058 0.5684848453
vt 0.8229999978 0.560727266
vt 0.8240000039 0.5675151548
vt 0.8000000018 0.5743030364
vt 0.8240000043 0.5675151545
vt 0.8019999954 0.5801212114
vt 0.8000000023 0.5743030359
vt 0.8000000022 0.5743030359
vt 0.8019999954 0.5801212116
vt 0.7799999951 0.5975757578
vt 0.8240000046 0.5675151547
vt 0.8250000007 0.5762424189
vt 0.8019999952 0.5801212112
vt 0.8250000011 0.5762424182
vt 0.8020000019 0.5888484862
vt 0.8019999954 0.580121211
vt 0.8250000004 0.5762424182
vt 0.8260000115 0.5878787875
vt 0.8020000022 0.5888484861
vt 0.8020000021 0.5888484859
vt 0.8260000115 0.5878787875
vt 0.8030000079 0.5985454569
vt 0.8490000023 0.3881212122
vt 0.8560000029 0.4075151568
vt 0.8520000043 0.4113939451
vt 0.8589999994 0.4036363677
vt 0.8620000054 0.4152727287
vt 0.8560000029 0.4075151559
vt 0.8620000036 0.4026666665
vt 0.8620000053 0.4152727298
vt 0.858999999 0.4036363674
vt 0.8610000001 0.4201212098
vt 0.8520000049 0.4113939445
vt 0.8560000033 0.4075151562
vt 0.862000005 0.415272729
vt 0.8610000001 0.4201212095
vt 0.8560000027 0.4075151561
vt 0.8520000044 0.4113939444
vt 0.8579999958 0.4259393986
vt 0.8489999969 0.416242424
vt 0.8610000001 0.4201212095
vt 0.8579999947 0.4259393983
vt 0.8520000049 0.4113939445
vt 0.8489999965 0.4162424243
vt 0.8579999947 0.4259393993
vt 0.854000003 0.4307878799
vt 0.8489999967 0.4162424236
vt 0.8540000027 0.4307878804
vt 0.8509999988 0.4346666705
vt 0.8450000009 0.3910303086
vt 0.8520000037 0.4113939444
vt 0.8489999972 0.416242424
vt 0.8400000009 0.3949090942
vt 0.8489999965 0.416242424
vt 0.8349999997 0.3997575794
vt 0.8349999998 0.3997575794
vt 0.8489999965 0.4162424241
vt 0.8449999957 0.4210909039
vt 0.8300000042 0.4055757544
vt 0.8449999957 0.4210909038
vt 0.8410000045 0.4259393885
vt 0.8489999964 0.4162424241
vt 0.8509999986 0.4346666708
vt 0.8449999954 0.421090904
vt 0.8349999997 0.3997575794
vt 0.8449999957 0.4210909039
vt 0.830000005 0.4055757544
vt 0.830000005 0.4055757543
vt 0.8410000055 0.4259393884
vt 0.823999992 0.4123636319
vt 0.8110000009 0.3939393973
vt 0.8239999929 0.4123636318
vt 0.8190000003 0.4210909075
vt 0.8639999991 0.4007272737
vt 0.8650000013 0.417212122
vt 0.862 0.4026666665
vt 0.7709999966 0.5733333317
vt 0.7740000014 0.5752727221
vt 0.7650000008 0.5869090916
vt 0.862000002 0.4026666666
vt 0.863000001 0.4172121245
vt 0.8620000029 0.41527273
vt 0.8619999999 0.4026666665
vt 0.8650000027 0.4172121225
vt 0.8629999983 0.4172121245
vt 0.7709999963 0.5733333317
vt 0.7650000011 0.5869090917
vt 0.7610000041 0.5878787921
vt 0.7740000017 0.5752727221
vt 0.7749999988 0.5801212149
vt 0.7640000028 0.5917575744
vt 0.7650000009 0.5869090915
vt 0.7640000034 0.5917575742
vt 0.7610000032 0.5878787912
vt 0.7740000019 0.5752727227
vt 0.7640000028 0.5917575737
vt 0.7650000006 0.5869090913
vt 0.7749999991 0.5801212147
vt 0.7770000071 0.5849696947
vt 0.7639999974 0.5985454504
vt 0.7749999989 0.5801212147
vt 0.7639999977 0.5985454495
vt 0.764000003 0.5917575743
vt 0.7770000073 0.5849696952
vt 0.779000001 0.5907878754
vt 0.763999997 0.5985454496
vt 0.8620000029 0.4152727299
vt 0.862999999 0.4269090934
vt 0.8610000003 0.4201212094
vt 0.8620000029 0.4152727299
vt 0.8630000009 0.4172121247
vt 0.8629999989 0.4269090934
vt 0.8610000003 0.4201212096
vt 0.8620000057 0.4317575722
vt 0.8579999954 0.4259393986
vt 0.8629999984 0.4172121247
vt 0.8650000028 0.4172121227
vt 0.8629999988 0.4269090933
vt 0.8610000001 0.4201212097
vt 0.8629999992 0.4269090929
vt 0.8620000031 0.4317575735
vt 0.8620000057 0.4317575722
vt 0.8589999948 0.4375757568
vt 0.8579999953 0.4259393987
vt 0.8579999949 0.4259393996
vt 0.8589999945 0.4375757577
vt 0.854000003 0.4307878795
vt 0.8540000027 0.4307878798
vt 0.8589999951 0.437575757
vt 0.8559999978 0.4414545497
vt 0.854000003 0.4307878799
vt 0.8559999974 0.4414545496
vt 0.8509999987 0.4346666701
vt 0.8650000031 0.4172121231
vt 0.8659999972 0.4259393928
vt 0.8629999997 0.4269090934
vt 0.7610000032 0.5878787912
vt 0.7640000029 0.5917575742
vt 0.7579999967 0.5956363611
vt 0.8659999977 0.4259393922
vt 0.8619999987 0.431757572
vt 0.8629999991 0.4269090932
vt 0.7579999961 0.5956363601
vt 0.7640000031 0.5917575744
vt 0.7639999982 0.5985454495
vt 0.757999996 0.5956363601
vt 0.7639999981 0.5985454495
vt 0.7569999985 0.6024242382
vt 0.8659999988 0.4259393907
vt 0.8650000001 0.4336969654
vt 0.8619999999 0.4317575702
vt 0.8620000016 0.4317575704
vt 0.8630000041 0.4395151527
vt 0.8590000018 0.4375757602
vt 0.8620000021 0.4317575697
vt 0.8650000017 0.4336969652
vt 0.863000004 0.4395151517
vt 0.8590000009 0.4375757612
vt 0.8630000035 0.4395151541
vt 0.8599999956 0.4443636424
vt 0.796000006 0.5684848455
vt 0.7790000009 0.5907878755
vt 0.7770000075 0.5849696954
vt 0.7790000014 0.5907878752
vt 0.7799999951 0.597575757
vt 0.7649999986 0.6033939391
vt 0.800000002 0.5743030374
vt 0.7799999952 0.5975757568
vt 0.7790000013 0.5907878753
vt 0.8449999957 0.4210909039
vt 0.850999999 0.4346666706
vt 0.8410000046 0.4259393885
vt 0.8410000041 0.4259393886
vt 0.8509999992 0.4346666706
vt 0.8480000013 0.4385454573
vt 0.8509999991 0.4346666703
vt 0.8559999981 0.4414545498
vt 0.8480000015 0.4385454571
vt 0.8410000057 0.4259393877
vt 0.8480000014 0.4385454573
vt 0.8430000001 0.4433939429
vt 0.8410000048 0.4259393882
vt 0.8430000002 0.4433939429
vt 0.8370000049 0.4317575741
vt 0.7639999981 0.5985454498
vt 0.7649999984 0.6033939391
vt 0.7569999986 0.6024242385
vt 0.7790000013 0.5907878755
vt 0.7649999985 0.6033939393
vt 0.7639999977 0.59854545
vt 0.7649999984 0.6033939391
vt 0.7580000068 0.6082424233
vt 0.7569999982 0.602424238
vt 0.768000003 0.6072727265
vt 0.7589999999 0.6130909157
vt 0.7580000071 0.6082424228
vt 0.7649999984 0.6033939393
vt 0.7680000029 0.6072727265
vt 0.7580000069 0.6082424228
vt 0.7799999948 0.5975757574
vt 0.768000003 0.6072727266
vt 0.7649999985 0.6033939392
vt 0.7680000031 0.6072727266
vt 0.7690000029 0.6130909086
vt 0.7590000006 0.6130909163
vt 0.7799999951 0.5975757575
vt 0.781000002 0.6033939426
vt 0.7680000029 0.6072727266
vt 0.7810000021 0.6033939432
vt 0.7690000025 0.6130909086
vt 0.7680000029 0.6072727266
vt 0.781000002 0.6033939432
vt 0.7699999996 0.6198787917
vt 0.7690000025 0.6130909086
vt 0.859000001 0.4375757612
vt 0.8599999962 0.4443636416
vt 0.8559999975 0.4414545498
vt 0.8559999966 0.441454549
vt 0.8599999949 0.4443636407
vt 0.8529999974 0.4453333376
vt 0.8480000016 0.4385454574
vt 0.8559999983 0.4414545505
vt 0.8529999951 0.4453333356
vt 0.8480000015 0.4385454574
vt 0.8529999937 0.4453333356
vt 0.8430000002 0.443393943
vt 0.8430000009 0.4433939428
vt 0.8529999944 0.4453333355
vt 0.848999993 0.4501818156
vt 0.8529999958 0.4453333365
vt 0.8499999982 0.4521212131
vt 0.8489999991 0.4501818204
vt 0.8430000004 0.4433939428
vt 0.8440000005 0.4550303076
vt 0.8389999991 0.4482424268
vt 0.8430000004 0.4433939428
vt 0.848999993 0.450181815
vt 0.8440000005 0.4550303075
vt 0.8489999996 0.4501818201
vt 0.849999998 0.4521212135
vt 0.8439999974 0.4550303052
vt 0.8599999938 0.4443636416
vt 0.8549999948 0.4482424295
vt 0.8529999962 0.4453333371
vt 0.852999996 0.4453333367
vt 0.8549999949 0.4482424286
vt 0.8499999974 0.452121213
vt 0.7690000029 0.6130909086
vt 0.7600000027 0.6189090974
vt 0.7590000008 0.6130909166
vt 0.7690000028 0.6130909085
vt 0.7699999994 0.6198787917
vt 0.7600000023 0.6189090972
vt 0.7699999996 0.6198787916
vt 0.7619999982 0.6247272758
vt 0.7600000025 0.618909097
vt 0.7699999994 0.6198787914
vt 0.7639999956 0.6305454579
vt 0.7619999981 0.6247272757
vt 0.8499999981 0.4521212135
vt 0.8459999984 0.4569696979
vt 0.8439999976 0.4550303051
vt 0.8239999919 0.4123636319
vt 0.8370000053 0.4317575741
vt 0.8190000003 0.4210909075
vt 0.8019999954 0.5801212118
vt 0.781000002 0.6033939425
vt 0.779999995 0.5975757579
vt 0.8019999955 0.5801212106
vt 0.8020000018 0.5888484864
vt 0.7810000018 0.6033939435
vt 0.8020000019 0.588848486
vt 0.8030000078 0.5985454571
vt 0.7810000023 0.6033939432
vt 0.8239999921 0.4123636319
vt 0.841000005 0.4259393883
vt 0.8370000051 0.4317575741
vt 0.8370000057 0.431757574
vt 0.843 0.4433939429
vt 0.8309999931 0.4375757557
vt 0.8190000005 0.4210909074
vt 0.8370000057 0.431757574
vt 0.8309999931 0.4375757558
vt 0.8190000002 0.4210909075
vt 0.8309999939 0.4375757557
vt 0.8149999921 0.4298181851
vt 0.8309999939 0.4375757557
vt 0.8259999998 0.4443636353
vt 0.814999992 0.4298181855
vt 0.8259999999 0.4443636354
vt 0.8100000104 0.4395151559
vt 0.8149999908 0.4298181851
vt 0.8030000078 0.5985454572
vt 0.7819999992 0.6111515161
vt 0.7810000024 0.6033939433
vt 0.7810000024 0.6033939432
vt 0.7819999991 0.6111515162
vt 0.7699999997 0.6198787916
vt 0.7819999991 0.6111515161
vt 0.7709999975 0.6266666715
vt 0.7699999993 0.6198787915
vt 0.7819999991 0.6111515161
vt 0.7830000062 0.6189090966
vt 0.7709999975 0.6266666715
vt 0.8030000074 0.5985454566
vt 0.8029999894 0.608242421
vt 0.7819999992 0.6111515161
vt 0.8029999898 0.6082424207
vt 0.7830000065 0.6189090968
vt 0.7819999991 0.6111515161
vt 0.8029999884 0.6082424202
vt 0.7859999972 0.6276363607
vt 0.783000008 0.6189090974
vt 0.802999989 0.6082424208
vt 0.8029999989 0.6189090944
vt 0.7859999974 0.6276363609
vt 0.7859999977 0.627636361
vt 0.8029999987 0.6189090944
vt 0.7870000033 0.6363636418
vt 0.8430000005 0.4433939428
vt 0.8389999992 0.4482424268
vt 0.8309999933 0.4375757556
vt 0.8309999934 0.4375757561
vt 0.8389999992 0.4482424271
vt 0.8259999998 0.4443636354
vt 0.8259999998 0.4443636355
vt 0.838999999 0.448242427
vt 0.8340000071 0.4540606074
vt 0.8389999989 0.4482424269
vt 0.8440000003 0.4550303076
vt 0.8340000068 0.4540606072
vt 0.8340000067 0.4540606072
vt 0.8439999999 0.4550303073
vt 0.8389999984 0.4598787884
vt 0.8340000068 0.4540606072
vt 0.8389999985 0.4598787884
vt 0.8280000108 0.4589090889
vt 0.8280000105 0.4589090884
vt 0.8389999986 0.4598787885
vt 0.8330000049 0.464727278
vt 0.8259999998 0.4443636355
vt 0.8340000074 0.4540606076
vt 0.8199999998 0.4511515185
vt 0.8259999999 0.4443636354
vt 0.8199999997 0.4511515187
vt 0.8100000103 0.4395151559
vt 0.8340000074 0.4540606076
vt 0.8280000112 0.4589090893
vt 0.8200000001 0.4511515184
vt 0.8280000111 0.4589090893
vt 0.8149999883 0.4579394003
vt 0.8200000001 0.4511515184
vt 0.828000011 0.4589090887
vt 0.821999996 0.4647272773
vt 0.8149999885 0.4579394009
vt 0.8280000108 0.4589090889
vt 0.833000005 0.464727278
vt 0.8219999959 0.4647272773
vt 0.8330000046 0.4647272784
vt 0.826000009 0.4695757595
vt 0.8219999955 0.4647272774
vt 0.8219999958 0.4647272779
vt 0.8260000089 0.4695757589
vt 0.8159999905 0.4715151503
vt 0.7699999993 0.6198787915
vt 0.7709999975 0.6266666714
vt 0.7639999958 0.6305454578
vt 0.8459999981 0.4569696981
vt 0.8389999988 0.4598787886
vt 0.8439999971 0.4550303052
vt 0.7709999976 0.6266666715
vt 0.7659999971 0.6373333378
vt 0.7639999958 0.6305454578
vt 0.845999998 0.4569696977
vt 0.8409999965 0.4627878804
vt 0.8389999988 0.4598787887
vt 0.7830000069 0.6189090966
vt 0.773000004 0.6334545536
vt 0.7709999978 0.6266666715
vt 0.7709999977 0.6266666716
vt 0.773000004 0.6334545536
vt 0.7659999971 0.6373333379
vt 0.7730000041 0.633454554
vt 0.7689999909 0.6441212113
vt 0.7659999971 0.6373333381
vt 0.7730000051 0.6334545547
vt 0.7769999889 0.6412121138
vt 0.7689999896 0.6441212104
vt 0.8389999986 0.4598787885
vt 0.840999997 0.4627878793
vt 0.8329999996 0.4647272715
vt 0.8409999972 0.4627878804
vt 0.8350000034 0.4676363602
vt 0.8329999999 0.464727273
vt 0.783000008 0.6189090975
vt 0.7859999972 0.6276363607
vt 0.7730000049 0.6334545544
vt 0.7859999976 0.6276363609
vt 0.7870000034 0.636363642
vt 0.7730000038 0.633454554
vt 0.7769999903 0.6412121148
vt 0.7870000039 0.6363636418
vt 0.7890000007 0.6450909078
vt 0.7730000051 0.6334545547
vt 0.7870000042 0.6363636423
vt 0.7769999899 0.6412121141
vt 0.7769999905 0.6412121149
vt 0.7890000008 0.6450909079
vt 0.7799999918 0.6489696975
vt 0.8330000005 0.4647272726
vt 0.8350000042 0.4676363598
vt 0.826000005 0.4695757538
vt 0.8350000044 0.4676363613
vt 0.8280000019 0.4715151503
vt 0.8260000052 0.4695757551
vt 0.8260000048 0.469575755
vt 0.8280000018 0.4715151502
vt 0.8199999918 0.4744242487
vt 0.8260000089 0.4695757581
vt 0.8199999887 0.4744242462
vt 0.8159999905 0.4715151511
vt 0.8280000019 0.47151515
vt 0.8219999952 0.4773333381
vt 0.8199999921 0.4744242503
vt 0.7769999898 0.6412121145
vt 0.779999991 0.648969697
vt 0.76899999 0.6441212107
vt 0.7689999902 0.6441212105
vt 0.7799999913 0.6489696967
vt 0.7729999989 0.6509090889
vt 0.7799999915 0.6489696968
vt 0.777000009 0.6576969728
vt 0.7729999991 0.6509090889
vt 0.8059999983 0.3279999902
vt 0.8190000078 0.338666658
vt 0.8120000085 0.3367272686
vt 0.804000012 0.3347878855
vt 0.7979999897 0.3270303053
vt 0.8120000108 0.3367272715
vt 0.8059999992 0.3279999906
vt 0.8120000107 0.3367272695
vt 0.79799999 0.3270303073
vt 0.8060000006 0.3279999951
vt 0.7979999891 0.3270303048
vt 0.8060000101 0.3241212199
vt 0.8040000121 0.3347878844
vt 0.8119999991 0.3541818279
vt 0.7979999934 0.3367272744
vt 0.8059999968 0.3279999952
vt 0.8060000127 0.3241212228
vt 0.8180000006 0.3347878829
vt 0.8180000001 0.3347878847
vt 0.8060000123 0.3241212232
vt 0.8169999988 0.3309090929
vt 0.859999984 0.5326060652
vt 0.8550000137 0.5364848477
vt 0.8470000003 0.5335757608
vt 0.8670000008 0.5364848534
vt 0.8550000135 0.5364848488
vt 0.8599999843 0.5326060647
vt 0.8670000015 0.5364848526
vt 0.8619999922 0.539393936
vt 0.8550000137 0.5364848493
vt 0.8040000112 0.3347878846
vt 0.8180000103 0.3522424279
vt 0.8119999996 0.3541818278
vt 0.7929999872 0.342545467
vt 0.8119999987 0.3541818288
vt 0.8060000017 0.3599999935
vt 0.7979999941 0.3367272748
vt 0.8119999998 0.3541818283
vt 0.7929999891 0.3425454663
vt 0.7929999889 0.3425454649
vt 0.8060000011 0.3599999942
vt 0.800999998 0.3677575749
vt 0.8040000124 0.3347878845
vt 0.7979999935 0.3367272747
vt 0.7979999891 0.3270303071
vt 0.7979999914 0.3270303074
vt 0.7979999949 0.3367272749
vt 0.7930000093 0.3289696957
vt 0.7979999912 0.3270303089
vt 0.7930000087 0.3289696942
vt 0.7969999969 0.3241212148
vt 0.7910000106 0.3260605977
vt 0.7930000105 0.3289696946
vt 0.7869999896 0.3338181839
vt 0.7930000096 0.3289696951
vt 0.7979999948 0.3367272753
vt 0.7929999895 0.3425454667
vt 0.7930000116 0.3289696958
vt 0.7929999873 0.342545466
vt 0.7869999876 0.3338181817
vt 0.7869999891 0.3338181812
vt 0.7929999894 0.3425454654
vt 0.7880000001 0.3532121321
vt 0.7979999882 0.3270303052
vt 0.7969999968 0.3241212132
vt 0.8060000139 0.3241212161
vt 0.867000001 0.5364848526
vt 0.8709999958 0.5403636251
vt 0.8619999931 0.5393939364
vt 0.8709999947 0.5403636242
vt 0.8659999988 0.5432727232
vt 0.8619999929 0.5393939362
vt 0.7969999969 0.3241212149
vt 0.7930000115 0.3289696949
vt 0.7910000102 0.326060599
vt 0.8709999958 0.5403636246
vt 0.8729999951 0.547151512
vt 0.8659999992 0.5432727233
vt 0.7929999886 0.3425454653
vt 0.8009999979 0.367757575
vt 0.7879999999 0.3532121318
vt 0.788 0.353212132
vt 0.8009999979 0.367757575
vt 0.7839999981 0.365818193
vt 0.8470000002 0.5335757598
vt 0.855000014 0.5364848493
vt 0.8470000001 0.5355151473
vt 0.855000014 0.5364848488
vt 0.8619999924 0.5393939355
vt 0.8380000039 0.5423030221
vt 0.8619999934 0.5393939359
vt 0.8440000005 0.5452121297
vt 0.8380000056 0.5423030229
vt 0.8619999918 0.5393939355
vt 0.8489999991 0.5500605972
vt 0.8440000031 0.5452121303
vt 0.8490000008 0.5500605983
vt 0.8489999935 0.5578181797
vt 0.8240000042 0.5675151546
vt 0.8619999925 0.5393939359
vt 0.865999999 0.5432727235
vt 0.8489999997 0.5500605976
vt 0.8659999991 0.5432727235
vt 0.8680000106 0.5500606101
vt 0.8490000003 0.550060598
vt 0.8490000007 0.5500605983
vt 0.8680000104 0.55006061
vt 0.8489999933 0.5578181795
vt 0.8659999993 0.5432727234
vt 0.8729999952 0.547151512
vt 0.8680000092 0.5500606099
vt 0.8680000108 0.5500606097
vt 0.8670000114 0.5607272696
vt 0.8489999929 0.5578181796
vt 0.8670000112 0.5607272691
vt 0.8479999923 0.5684848461
vt 0.8489999929 0.5578181795
vt 0.8670000112 0.560727269
vt 0.8460000038 0.5810909072
vt 0.8479999923 0.5684848462
vt 0.806000001 0.3599999943
vt 0.8220000103 0.3784242432
vt 0.8009999978 0.367757575
vt 0.8009999979 0.367757575
vt 0.7959999885 0.3784242375
vt 0.7839999989 0.3658181937
vt 0.8009999978 0.3677575751
vt 0.816999997 0.3852121268
vt 0.7959999882 0.3784242383
vt 0.848999993 0.5578181796
vt 0.8250000007 0.5762424189
vt 0.8240000047 0.5675151546
vt 0.848999993 0.557818179
vt 0.8479999924 0.5684848456
vt 0.8250000006 0.5762424185
vt 0.816999997 0.3852121268
vt 0.811000001 0.3939393974
vt 0.7959999882 0.3784242383
vt 0.811000001 0.3939393972
vt 0.8050000071 0.4026666694
vt 0.7910000049 0.3890909119
vt 0.7839999986 0.3658181931
vt 0.7959999886 0.378424237
vt 0.7910000049 0.3890909123
vt 0.8479999924 0.5684848456
vt 0.8460000038 0.5810909075
vt 0.8250000007 0.5762424186
vt 0.7959999885 0.3784242377
vt 0.811000001 0.3939393973
vt 0.7910000049 0.389090912
vt 0.7910000049 0.3890909118
vt 0.8050000072 0.402666669
vt 0.7859999926 0.4016969688
vt 0.7910000117 0.3260605984
vt 0.7869999892 0.3338181835
vt 0.7840000052 0.3299393919
vt 0.7869999931 0.3338181847
vt 0.7809999958 0.3435151539
vt 0.777000002 0.3406060642
vt 0.7869999878 0.3338181815
vt 0.788 0.3532121321
vt 0.7809999957 0.3435151537
vt 0.7869999929 0.3338181838
vt 0.7770000018 0.3406060654
vt 0.7840000032 0.3299393917
vt 0.7880000004 0.3532121321
vt 0.7839999985 0.3658181931
vt 0.7750000014 0.3580605945
vt 0.7879999999 0.3532121321
vt 0.7750000019 0.3580605946
vt 0.7809999956 0.3435151537
vt 0.7809999966 0.3435151539
vt 0.7750000021 0.3580605945
vt 0.7770000014 0.3406060653
vt 0.8729999956 0.5471515124
vt 0.8670000088 0.5607272688
vt 0.8680000084 0.550060609
vt 0.8729999946 0.547151511
vt 0.8729999927 0.5587878802
vt 0.8670000102 0.5607272707
vt 0.7770000028 0.3406060653
vt 0.7750000017 0.3580605944
vt 0.7709999957 0.3551515103
vt 0.8670000111 0.5607272695
vt 0.8619999964 0.5762424161
vt 0.8460000038 0.5810909073
vt 0.8670000101 0.5607272705
vt 0.8729999928 0.5587878803
vt 0.8619999962 0.576242415
vt 0.8729999925 0.5587878816
vt 0.8710000076 0.573333331
vt 0.8619999959 0.5762424171
vt 0.7709999958 0.3551515099
vt 0.775000001 0.3580605938
vt 0.7670000022 0.3716363644
vt 0.8710000076 0.5733333308
vt 0.8669999942 0.5898181808
vt 0.8619999962 0.5762424163
vt 0.7839999982 0.3658181937
vt 0.7789999945 0.3793939416
vt 0.7750000016 0.3580605939
vt 0.7839999981 0.3658181936
vt 0.7910000054 0.3890909119
vt 0.7789999942 0.3793939416
vt 0.7910000049 0.3890909121
vt 0.7859999927 0.4016969684
vt 0.775999993 0.3929696925
vt 0.7910000053 0.3890909119
vt 0.7759999924 0.3929696927
vt 0.7789999947 0.3793939414
vt 0.7859999929 0.4016969685
vt 0.7740000049 0.4094545448
vt 0.775999993 0.3929696925
vt 0.7750000011 0.3580605938
vt 0.7789999954 0.3793939417
vt 0.7720000037 0.373575759
vt 0.7750000008 0.3580605936
vt 0.7720000033 0.3735757592
vt 0.7670000028 0.3716363648
vt 0.7720000038 0.3735757591
vt 0.7789999951 0.3793939413
vt 0.7680000077 0.388121215
vt 0.8619999962 0.5762424162
vt 0.8669999941 0.58981818
vt 0.8579999943 0.5898181848
vt 0.7720000033 0.3735757592
vt 0.7649999963 0.3881212152
vt 0.7670000028 0.3716363647
vt 0.7720000026 0.3735757582
vt 0.7680000045 0.3881212133
vt 0.7649999964 0.3881212156
vt 0.7789999949 0.3793939414
vt 0.775999992 0.3929696924
vt 0.7680000088 0.3881212151
vt 0.7680000088 0.388121215
vt 0.775999992 0.3929696924
vt 0.7670000022 0.4055757518
vt 0.7759999931 0.3929696928
vt 0.7740000046 0.4094545446
vt 0.7670000024 0.4055757519
vt 0.7680000046 0.3881212135
vt 0.7639999933 0.4046060623
vt 0.7649999968 0.3881212157
vt 0.7680000055 0.3881212153
vt 0.7670000007 0.4055757517
vt 0.7639999921 0.4046060601
vt 0.8460000037 0.5810909073
vt 0.8260000112 0.5878787875
vt 0.8250000004 0.5762424182
vt 0.826000011 0.5878787874
vt 0.8249999977 0.5995151456
vt 0.8030000073 0.5985454568
vt 0.8460000037 0.5810909074
vt 0.844999999 0.5936969737
vt 0.8260000111 0.5878787872
vt 0.8449999987 0.5936969737
vt 0.8249999977 0.5995151457
vt 0.8260000114 0.5878787871
vt 0.844999999 0.5936969736
vt 0.8240000062 0.6111515142
vt 0.8249999972 0.599515146
vt 0.8460000038 0.5810909074
vt 0.8619999961 0.5762424166
vt 0.844999999 0.5936969737
vt 0.8449999989 0.5936969735
vt 0.8619999967 0.5762424171
vt 0.8579999944 0.5898181854
vt 0.8449999989 0.5936969736
vt 0.8419999939 0.606303025
vt 0.8240000059 0.6111515142
vt 0.8449999989 0.5936969736
vt 0.8579999944 0.5898181855
vt 0.8419999943 0.6063030252
vt 0.8579999945 0.5898181853
vt 0.8539999944 0.6043636261
vt 0.8419999943 0.6063030241
vt 0.853999995 0.604363626
vt 0.8359999933 0.6208484818
vt 0.8419999946 0.606303024
vt 0.8669999941 0.5898181798
vt 0.853999994 0.6043636258
vt 0.8579999943 0.5898181852
vt 0.8669999941 0.5898181803
vt 0.8620000033 0.6043636412
vt 0.8539999941 0.6043636267
vt 0.8539999934 0.6043636275
vt 0.8480000004 0.6189090938
vt 0.8359999923 0.6208484828
vt 0.8620000034 0.6043636411
vt 0.8480000005 0.618909094
vt 0.8539999937 0.6043636268
vt 0.8620000028 0.604363641
vt 0.8550000085 0.6189090955
vt 0.8480000004 0.618909094
vt 0.811000001 0.3939393972
vt 0.8190000005 0.4210909075
vt 0.8050000072 0.4026666696
vt 0.8050000071 0.4026666687
vt 0.8149999916 0.4298181854
vt 0.8009999998 0.4143030361
vt 0.8050000075 0.4026666692
vt 0.8009999999 0.4143030362
vt 0.7859999926 0.4016969686
vt 0.7859999926 0.4016969685
vt 0.801 0.414303036
vt 0.7849999963 0.4162424202
vt 0.7849999967 0.4162424205
vt 0.8009999995 0.4143030357
vt 0.7969999894 0.4259393984
vt 0.7969999896 0.4259393993
vt 0.7949999975 0.4395151486
vt 0.7839999914 0.4317575812
vt 0.7859999921 0.4016969687
vt 0.7849999959 0.4162424202
vt 0.7740000051 0.4094545446
vt 0.784999996 0.4162424203
vt 0.7749999936 0.426909088
vt 0.7740000054 0.4094545447
vt 0.7849999968 0.4162424203
vt 0.7969999896 0.4259393994
vt 0.7839999914 0.4317575812
vt 0.7949999974 0.4395151488
vt 0.784000005 0.4463030302
vt 0.7839999915 0.4317575804
vt 0.7849999961 0.41624242
vt 0.7839999909 0.4317575806
vt 0.7749999938 0.4269090877
vt 0.7839999916 0.43175758
vt 0.7840000053 0.4463030305
vt 0.7760000013 0.4443636369
vt 0.7740000041 0.4094545449
vt 0.7749999947 0.4269090877
vt 0.7690000085 0.4240000053
vt 0.7670000019 0.4055757523
vt 0.7740000043 0.4094545448
vt 0.7690000089 0.4240000049
vt 0.7749999938 0.4269090877
vt 0.7839999915 0.4317575799
vt 0.7760000013 0.4443636369
vt 0.7749999947 0.4269090877
vt 0.7699999909 0.4433939403
vt 0.7690000085 0.4240000054
vt 0.7949999973 0.4395151486
vt 0.79399999 0.4521212097
vt 0.7840000051 0.4463030303
vt 0.8050000066 0.4026666692
vt 0.8190000003 0.4210909075
vt 0.8149999924 0.4298181847
vt 0.8249999975 0.5995151459
vt 0.8029999895 0.6082424209
vt 0.8030000074 0.5985454566
vt 0.8249999973 0.5995151455
vt 0.8029999989 0.6189090944
vt 0.8029999893 0.6082424204
vt 0.8249999973 0.599515146
vt 0.8240000059 0.6111515143
vt 0.802999999 0.6189090943
vt 0.8009999996 0.4143030359
vt 0.814999991 0.4298181851
vt 0.8100000103 0.4395151559
vt 0.8009999996 0.4143030357
vt 0.8100000103 0.4395151567
vt 0.796999989 0.425939398
vt 0.7969999898 0.4259393983
vt 0.8100000101 0.4395151566
vt 0.8059999935 0.4492121201
vt 0.8240000058 0.6111515143
vt 0.820000009 0.6237575812
vt 0.8029999987 0.6189090944
vt 0.8240000058 0.6111515142
vt 0.8419999943 0.6063030247
vt 0.8200000092 0.623757581
vt 0.7969999898 0.4259393994
vt 0.8059999936 0.4492121207
vt 0.7949999976 0.4395151486
vt 0.8029999987 0.6189090944
vt 0.8020000031 0.6295757598
vt 0.7870000033 0.6363636416
vt 0.8200000091 0.6237575812
vt 0.8020000031 0.62957576
vt 0.8029999987 0.6189090944
vt 0.8200000101 0.6237575813
vt 0.8169999958 0.6363636355
vt 0.8020000035 0.62957576
vt 0.8169999957 0.6363636355
vt 0.8009999932 0.6402424201
vt 0.8020000034 0.62957576
vt 0.8100000102 0.439515156
vt 0.8199999999 0.4511515186
vt 0.8059999933 0.4492121204
vt 0.8199999999 0.4511515185
vt 0.8149999887 0.4579393999
vt 0.8059999933 0.4492121205
vt 0.8059999933 0.4492121207
vt 0.8149999889 0.4579394006
vt 0.8030000114 0.4589090934
vt 0.8149999889 0.4579394013
vt 0.8100000075 0.4656969744
vt 0.8030000114 0.458909094
vt 0.8149999884 0.4579394021
vt 0.8219999959 0.4647272779
vt 0.8100000082 0.4656969731
vt 0.810000008 0.4656969732
vt 0.8219999958 0.4647272779
vt 0.8159999902 0.4715151508
vt 0.8159999902 0.4715151515
vt 0.819999988 0.4744242471
vt 0.8079999933 0.4773333347
vt 0.8100000075 0.4656969748
vt 0.8070000006 0.470545454
vt 0.8030000115 0.4589090951
vt 0.8100000082 0.4656969734
vt 0.8159999899 0.4715151504
vt 0.8079999931 0.4773333341
vt 0.8100000069 0.4656969763
vt 0.807999994 0.4773333319
vt 0.8070000006 0.470545454
vt 0.7949999975 0.4395151487
vt 0.8059999935 0.4492121207
vt 0.8030000113 0.4589090936
vt 0.7949999976 0.4395151487
vt 0.8030000114 0.458909094
vt 0.7939999903 0.4521212098
vt 0.7939999899 0.4521212101
vt 0.8030000118 0.4589090936
vt 0.8000000004 0.4676363674
vt 0.7939999899 0.4521212095
vt 0.8000000004 0.4676363673
vt 0.7919999984 0.4627878832
vt 0.7919999986 0.4627878834
vt 0.7989999877 0.4753939387
vt 0.7899999978 0.4715151497
vt 0.8030000125 0.4589090935
vt 0.8070000007 0.4705454539
vt 0.8000000005 0.4676363674
vt 0.8000000005 0.4676363674
vt 0.8079999934 0.4773333332
vt 0.7989999874 0.4753939383
vt 0.8000000004 0.4676363677
vt 0.8070000007 0.4705454537
vt 0.8079999931 0.477333334
vt 0.7989999876 0.4753939382
vt 0.8079999936 0.4773333332
vt 0.8060000023 0.4831515153
vt 0.8060000024 0.483151515
vt 0.8059302431 0.4833206495
vt 0.7998843067 0.4840090171
vt 0.7919999986 0.4627878834
vt 0.8000000005 0.4676363674
vt 0.7989999879 0.4753939384
vt 0.7899999977 0.4715151496
vt 0.7989999881 0.4753939389
vt 0.7980000112 0.4821818194
vt 0.7980000128 0.4821818212
vt 0.797232338 0.4840428563
vt 0.7932974704 0.4836609153
vt 0.7989999874 0.4753939399
vt 0.8060000023 0.483151515
vt 0.7980000118 0.4821818184
vt 0.7980000118 0.4821818189
vt 0.8060000024 0.483151515
vt 0.7998843067 0.4840090171
vt 0.7980000129 0.4821818197
vt 0.7998843075 0.4840090177
vt 0.7972323381 0.4840428546
vt 0.8020000035 0.6295757599
vt 0.7890000008 0.6450909078
vt 0.7870000041 0.6363636418
vt 0.8020000032 0.6295757598
vt 0.8009999938 0.6402424205
vt 0.7890000008 0.6450909078
vt 0.800999994 0.6402424201
vt 0.8000000043 0.6509090922
vt 0.7890000008 0.6450909078
vt 0.7890000007 0.645090908
vt 0.8000000042 0.6509090923
vt 0.7910000082 0.6528484928
vt 0.8199999885 0.4744242474
vt 0.814999991 0.4802424232
vt 0.8079999932 0.4773333347
vt 0.8199999938 0.4744242506
vt 0.8219999963 0.4773333383
vt 0.8169999938 0.4821818252
vt 0.8199999944 0.4744242516
vt 0.8169999946 0.4821818264
vt 0.8149999984 0.4802424285
vt 0.8079999922 0.4773333346
vt 0.8149999904 0.4802424231
vt 0.8102884621 0.4832509735
vt 0.8149999904 0.4802424231
vt 0.8128734076 0.4828201037
vt 0.8102884621 0.4832509735
vt 0.8079999943 0.4773333334
vt 0.8102884622 0.4832509734
vt 0.806000002 0.4831515153
vt 0.8150000019 0.480242427
vt 0.8150000012 0.4841212172
vt 0.8128734145 0.4828201061
vt 0.8150000002 0.4802424275
vt 0.8169999981 0.4821818249
vt 0.8150000006 0.4841212177
vt 0.7890000008 0.6450909078
vt 0.7830000082 0.6567272786
vt 0.7799999919 0.6489696975
vt 0.779999992 0.6489696963
vt 0.7830000082 0.6567272795
vt 0.7770000084 0.6576969733
vt 0.7890000009 0.6450909078
vt 0.7910000091 0.6528484919
vt 0.783000009 0.6567272776
vt 0.783000008 0.6567272796
vt 0.780000009 0.6644848557
vt 0.7770000084 0.6576969734
vt 0.7910000081 0.6528484928
vt 0.7869999965 0.6644848442
vt 0.7830000082 0.6567272784
vt 0.7910000087 0.6528484946
vt 0.7920000027 0.6596363641
vt 0.7869999963 0.6644848434
vt 0.7830000079 0.6567272791
vt 0.7869999965 0.664484844
vt 0.7800000088 0.6644848552
vt 0.8169999981 0.4821818249
vt 0.815559999 0.4849745469
vt 0.8150000006 0.4841212177
vt 0.7869999958 0.6644848437
vt 0.7879999948 0.6712727243
vt 0.7800000099 0.6644848555
vt 0.7800000103 0.6644848557
vt 0.7879999943 0.6712727241
vt 0.7807199993 0.6679757595
vt 0.8169999958 0.6363636354
vt 0.8000000046 0.6509090924
vt 0.8009999934 0.6402424198
vt 0.8000000042 0.6509090925
vt 0.7990000021 0.6596363602
vt 0.7910000079 0.6528484937
vt 0.8169999959 0.6363636354
vt 0.8119999962 0.6489696967
vt 0.8000000045 0.6509090924
vt 0.8119999961 0.6489696967
vt 0.7990000023 0.6596363602
vt 0.8000000047 0.6509090923
vt 0.7910000078 0.6528484939
vt 0.7990000023 0.6596363597
vt 0.7920000024 0.6596363638
vt 0.806000002 0.4831515153
vt 0.8102884622 0.4832509734
vt 0.8063749982 0.483296972
vt 0.8060000021 0.4831515152
vt 0.806374998 0.4832969721
vt 0.8059302418 0.4833206503
vt 0.7990000023 0.65963636
vt 0.7970000092 0.6673939422
vt 0.7920000024 0.6596363638
vt 0.7920000027 0.659636364
vt 0.79700001 0.6673939426
vt 0.7869999965 0.6644848438
vt 0.7879999943 0.6712727241
vt 0.7843408981 0.6702589487
vt 0.7807199993 0.6679757595
vt 0.7879999939 0.6712727237
vt 0.7866980977 0.6719039374
vt 0.7843408977 0.6702589484
vt 0.7869999959 0.6644848441
vt 0.7959999899 0.6732121169
vt 0.7879999948 0.6712727248
vt 0.7879999956 0.671272725
vt 0.7877228876 0.6726162835
vt 0.7866981015 0.6719039403
vt 0.7879999951 0.671272725
vt 0.7913199827 0.6747248407
vt 0.7877228875 0.6726162835
vt 0.7970000101 0.6673939425
vt 0.7959999895 0.6732121166
vt 0.786999996 0.6644848441
vt 0.7879999951 0.671272725
vt 0.7959999905 0.673212117
vt 0.7913199827 0.6747248407
vt 0.7959999889 0.673212116
vt 0.7952353031 0.6776613271
vt 0.7913199797 0.6747248386
vt 0.8200000093 0.6237575818
vt 0.8419999943 0.6063030241
vt 0.835999993 0.620848482
vt 0.8480000004 0.6189090939
vt 0.8299999996 0.634424239
vt 0.8359999924 0.6208484828
vt 0.8200000102 0.6237575813
vt 0.8359999925 0.6208484823
vt 0.8169999957 0.6363636355
vt 0.8169999961 0.6363636355
vt 0.8359999933 0.6208484823
vt 0.8299999999 0.6344242389
vt 0.8169999962 0.6363636354
vt 0.8300000001 0.6344242387
vt 0.8119999965 0.6489696967
vt 0.8119999962 0.6489696969
vt 0.8299999999 0.6344242389
vt 0.8239999987 0.6479999999
vt 0.7670000004 0.4055757523
vt 0.7649999923 0.4240000029
vt 0.7639999922 0.4046060593
vt 0.8550000084 0.6189090958
vt 0.8389999978 0.634424241
vt 0.8480000003 0.6189090942
vt 0.7670000003 0.4055757523
vt 0.769000007 0.4240000044
vt 0.7649999921 0.4240000046
vt 0.8550000106 0.6189090957
vt 0.8460000086 0.6353939478
vt 0.8389999972 0.6344242411
vt 0.8480000001 0.618909094
vt 0.8389999976 0.634424241
vt 0.8299999999 0.6344242387
vt 0.7749999942 0.4269090887
vt 0.7760000011 0.4443636367
vt 0.7699999902 0.4433939418
vt 0.764999992 0.4240000048
vt 0.769000007 0.4240000042
vt 0.7659999938 0.4424242423
vt 0.7690000076 0.4240000062
vt 0.7699999915 0.4433939393
vt 0.7659999929 0.4424242405
vt 0.8389999976 0.634424241
vt 0.8239999988 0.6479999999
vt 0.8299999998 0.6344242388
vt 0.8389999973 0.634424241
vt 0.8309999957 0.6499393897
vt 0.8239999987 0.6479999999
vt 0.8460000086 0.6353939476
vt 0.8309999957 0.64993939
vt 0.8389999972 0.6344242411
vt 0.8460000075 0.6353939458
vt 0.8370000098 0.6509090934
vt 0.8309999963 0.6499393909
vt 0.7939999897 0.4521212097
vt 0.7919999986 0.4627878833
vt 0.7840000053 0.4463030302
vt 0.7919999994 0.4627878832
vt 0.7860000042 0.4579393953
vt 0.7840000044 0.4463030303
vt 0.7840000052 0.4463030304
vt 0.7809999906 0.4637575736
vt 0.7760000013 0.4443636369
vt 0.7840000054 0.4463030299
vt 0.7860000052 0.4579393949
vt 0.78099999 0.4637575745
vt 0.7919999987 0.4627878835
vt 0.7809999912 0.4637575741
vt 0.7860000045 0.4579393951
vt 0.7919999989 0.4627878835
vt 0.789999998 0.4715151497
vt 0.7809999911 0.4637575742
vt 0.789999998 0.4715151497
vt 0.7889999968 0.4783030293
vt 0.7809999912 0.4637575737
vt 0.7899999976 0.4715151495
vt 0.7980000127 0.482181821
vt 0.7889999961 0.4783030289
vt 0.7889999961 0.4783030289
vt 0.7980000128 0.4821818212
vt 0.7932974704 0.4836609153
vt 0.7889999964 0.4783030291
vt 0.7932974705 0.4836609153
vt 0.7881181678 0.4834336104
vt 0.7889999965 0.4783030295
vt 0.788118168 0.4834336117
vt 0.7865081955 0.4835012442
vt 0.7889999964 0.4783030293
vt 0.7809999923 0.4734545463
vt 0.7809999902 0.4637575736
vt 0.7889999965 0.4783030295
vt 0.7865081955 0.4835012442
vt 0.781000004 0.48121212
vt 0.7889999965 0.4783030294
vt 0.781000004 0.48121212
vt 0.7809999927 0.4734545469
vt 0.7810000041 0.4812121198
vt 0.7865081955 0.4835012444
vt 0.782591153 0.483783696
vt 0.7760000012 0.444363637
vt 0.7809999909 0.4637575729
vt 0.772999993 0.4608484863
vt 0.7699999901 0.4433939416
vt 0.7760000011 0.4443636368
vt 0.7729999934 0.4608484875
vt 0.8309999957 0.6499393898
vt 0.8199999976 0.6644848534
vt 0.8239999987 0.6479999999
vt 0.7699999916 0.4433939391
vt 0.7690000042 0.4608484858
vt 0.7659999929 0.4424242403
vt 0.8370000099 0.6509090934
vt 0.8199999976 0.6644848532
vt 0.8309999962 0.6499393909
vt 0.7699999902 0.4433939415
vt 0.7729999935 0.4608484875
vt 0.7690000056 0.4608484845
vt 0.83700001 0.6509090953
vt 0.8269999943 0.6664242396
vt 0.8199999977 0.6644848537
vt 0.7729999935 0.4608484877
vt 0.7749999926 0.4705454554
vt 0.7690000056 0.4608484844
vt 0.7809999907 0.4637575731
vt 0.7809999929 0.4734545459
vt 0.7729999924 0.4608484861
vt 0.7729999939 0.4608484861
vt 0.7809999943 0.4734545459
vt 0.774999993 0.4705454537
vt 0.7809999939 0.4734545466
vt 0.7810000033 0.4812121202
vt 0.7749999927 0.4705454543
vt 0.7810000042 0.4812121206
vt 0.7825911525 0.4837836946
vt 0.7806546733 0.4835561385
vt 0.7810000042 0.4812121203
vt 0.780654673 0.4835561387
vt 0.777617799 0.48337998
vt 0.7810000042 0.4812121203
vt 0.777617799 0.48337998
vt 0.7750000008 0.478303033
vt 0.7750000008 0.4783030331
vt 0.7776177992 0.4833799805
vt 0.7743055388 0.4836902403
vt 0.781000004 0.4812121202
vt 0.7750000009 0.4783030333
vt 0.7749999915 0.4705454541
vt 0.7690000062 0.4608484851
vt 0.7749999918 0.4705454543
vt 0.7699999903 0.4695757586
vt 0.7749999934 0.470545454
vt 0.7750000007 0.4783030333
vt 0.7709999939 0.4763636342
vt 0.7750000007 0.4783030332
vt 0.7743055413 0.4836902389
vt 0.7732542235 0.4836500632
vt 0.7709999935 0.4763636349
vt 0.7750000007 0.4783030332
vt 0.7732542235 0.4836500632
vt 0.8119999959 0.6489696967
vt 0.8180000061 0.6576969675
vt 0.8089999956 0.6586666682
vt 0.8119999961 0.6489696969
vt 0.8089999957 0.6586666684
vt 0.7990000024 0.6596363603
vt 0.8119999962 0.6489696968
vt 0.8239999987 0.6479999999
vt 0.8180000055 0.6576969672
vt 0.8089999956 0.6586666683
vt 0.818000006 0.6576969675
vt 0.8080000096 0.6673939466
vt 0.8180000057 0.6576969673
vt 0.8199999976 0.6644848534
vt 0.8080000084 0.6673939458
vt 0.8089999959 0.6586666685
vt 0.808000009 0.667393946
vt 0.7990000021 0.6596363601
vt 0.7990000025 0.6596363599
vt 0.808000009 0.6673939459
vt 0.7970000107 0.6673939416
vt 0.7970000105 0.6673939416
vt 0.8080000085 0.6673939459
vt 0.8050000002 0.67418182
vt 0.8080000082 0.6673939464
vt 0.8149999997 0.6732121186
vt 0.8050000001 0.67418182
vt 0.8149999995 0.6732121186
vt 0.8029999933 0.6799999985
vt 0.8050000002 0.6741818201
vt 0.79700001 0.6673939421
vt 0.8050000003 0.6741818198
vt 0.7959999897 0.673212117
vt 0.7959999899 0.6732121168
vt 0.8050000002 0.6741818201
vt 0.8029999936 0.6799999984
vt 0.79599999 0.6732121171
vt 0.79826531 0.6794261018
vt 0.7952353023 0.6776613261
vt 0.79599999 0.6732121171
vt 0.8029999939 0.6799999984
vt 0.79826531 0.6794261018
vt 0.8029999939 0.6799999984
vt 0.8024727275 0.681789534
vt 0.79826531 0.6794261014
vt 0.8029999938 0.6799999983
vt 0.8057619186 0.6831245879
vt 0.8024727277 0.6817895341
vt 0.8239999988 0.648
vt 0.8199999978 0.6644848535
vt 0.8180000054 0.6576969671
vt 0.8199999972 0.6644848535
vt 0.8269999944 0.6664242396
vt 0.8210000076 0.6741818237
vt 0.8199999976 0.6644848537
vt 0.8149999995 0.6732121188
vt 0.8080000083 0.6673939463
vt 0.8199999975 0.6644848537
vt 0.821000007 0.6741818233
vt 0.8149999996 0.6732121188
vt 0.8210000067 0.6741818233
vt 0.8110000018 0.6799999977
vt 0.8149999998 0.6732121187
vt 0.8149999996 0.6732121187
vt 0.8110000018 0.6799999977
vt 0.8029999935 0.6799999988
vt 0.7699999903 0.4695757587
vt 0.7749999918 0.4705454544
vt 0.7709999921 0.4763636346
vt 0.7709999964 0.4763636333
vt 0.7732542294 0.4836500594
vt 0.7700633835 0.4827213007
vt 0.8210000075 0.6741818222
vt 0.8170000076 0.6800000009
vt 0.8110000017 0.6799999977
vt 0.8170000078 0.680000001
vt 0.8146400024 0.6861769729
vt 0.8110000012 0.6799999976
vt 0.8170000078 0.680000001
vt 0.8151267538 0.6863576608
vt 0.8146400024 0.6861769729
vt 0.8110000016 0.679999998
vt 0.8057619187 0.683124588
vt 0.8029999934 0.6799999985
vt 0.8110000016 0.679999998
vt 0.8095439986 0.6849415781
vt 0.8057619187 0.683124588
vt 0.8110000008 0.6799999978
vt 0.814640002 0.6861769731
vt 0.8095439984 0.6849415779
vt 0.2578125 0.02272727273
vt 0.2578125 0.02272727273
vt 0.2578125 0.02272727273
vt 0.2578125 0.02272727273
vt 0.2578125 0.02272727273
vt 0.2578125 0.02272727273
vt 0.2578125 0.02272727273
vt 0.2578125 0.02272727273
vt 0.2578125 0.02272727273
vt 0.2578125 0.02272727273
vt 0.2578125 0.02272727273
vt 0.2578125 0.02272727273
vt 0.2578125 0.02272727273
vt 0.2578125 0.02272727273
vt 0.2578125 0.02272727273
vt 0.2578125 0.02272727273
vt 0.2578125 0.02272727273
vt 0.2578125 0.02272727273
vt 0.2578125 0.02272727273
vt 0.2578125 0.02272727273
vt 0.2578125 0.02272727273
vt 0.2578125 0.02272727273
vt 0.2578125 0.02272727273
vt 0.2578125 0.02272727273
vt 0.2578125 0.02272727273
vt 0.2578125 0.02272727273
vt 0.2578125 0.02272727273
vt 0.2578125 0.02272727273
vt 0.2578125 0.02272727273
vt 0.2578125 0.02272727273
vt 0.2578125 0.02272727273
vt 0.2578125 0.02272727273
vt 0.2578125 0.02272727273
vt 0.2578125 0.02272727273
vt 0.2578125 0.02272727273
vt 0.2578125 0.02272727273
vt 0.2578125 0.02272727273
vt 0.2578125 0.02272727273
vt 0.2578125 0.02272727273
vt 0.2578125 0.02272727273
vt 0.2578125 0.02272727273
vt 0.2578125 0.02272727273
vt 0.2578125 0.02272727273
vt 0.2578125 0.02272727273
vt 0.2578125 0.02272727273
vt 0.2578125 0.02272727273
vt 0.2578125 0.02272727273
vt 0.2578125 0.02272727273
vt 0.2578125 0.02272727273
vt 0.2578125 0.02272727273
vt 0.2578125 0.02272727273
vt 0.2578125 0.02272727273
vt 0.2578125 0.02272727273
vt 0.2578125 0.02272727273
vt 0.2578125 0.02272727273
vt 0.2578125 0.02272727273
vt 0.2578125 0.02272727273
vt 0.2578125 0.02272727273
vt 0.2578125 0.02272727273
vt 0.2578125 0.02272727273
vt 0.2578125 0.02272727273
vt 0.2578125 0.02272727273
vt 0.2578125 0.02272727273
vt 0.2578125 0.02272727273
vt 0.2578125 0.02272727273
vt 0.2578125 0.02272727273
vt 0.2578125 0.02272727273
vt 0.2578125 0.02272727273
vt 0.2578125 0.02272727273
vt 0.2578125 0.02272727273
vt 0.2578125 0.02272727273
vt 0.2578125 0.02272727273
vt 0.2578125 0.02272727273
vt 0.2578125 0.02272727273
vt 0.2578125 0.02272727273
vn -0.1933957157 -0.08433168011 -0.9774897774
vn -0.8020625456 -0.4165388072 -0.4280082886
vn -0.243441489 -0.04998756106 -0.9686265974
vn -0.6414105048 -0.482892752 -0.5961603429
vn -0.8197254054 -0.5548306594 0.1421731309
vn -0.8020628243 -0.4165389914 -0.428007587
vn -0.2534230321 -0.3010235224 0.9193267133
vn -0.2377144662 -0.253414491 0.9376955414
vn -0.3161568216 -0.2781085449 0.9070283906
vn -0.243441141 -0.04998735999 -0.9686266952
vn -0.2776507091 0.00634040076 -0.9606611697
vn -0.003906858223 0.09090262002 -0.9958521226
vn -0.8197254492 -0.5548306442 0.1421729374
vn -0.8106685287 -0.2049057848 -0.5484798592
vn -0.8020627769 -0.4165389246 -0.4280077408
vn -0.243441533 -0.0499874672 -0.9686265912
vn -0.8106693003 -0.2049062307 -0.5484785522
vn -0.2776512614 0.006340283716 -0.9606610109
vn -0.8197255029 -0.5548306287 0.1421726885
vn -0.9194414833 -0.3703345769 -0.1322106652
vn -0.8106688099 -0.204906002 -0.5484793625
vn -0.3161568536 -0.2781085423 0.9070283803
vn -0.2917367044 -0.198011701 0.9357783186
vn -0.3769897951 -0.2203362618 0.8996280488
vn -0.2776506621 0.006340484216 -0.9606611828
vn -0.3339542925 0.07054134891 -0.9399459818
vn -0.07094403989 0.0821554053 -0.9940912597
vn -0.07094407461 0.08215540823 -0.994091257
vn -0.3339542465 0.07054134558 -0.9399459983
vn -0.08215063437 0.1362951393 -0.9872562526
vn -0.9710185727 -0.1820930998 0.1548064421
vn -0.8106687015 -0.2049059245 -0.5484795516
vn -0.9194414748 -0.3703345902 -0.132210687
vn -0.9031215624 -0.06494362844 -0.424445248
vn -0.2776513271 0.006340271752 -0.960660992
vn -0.8106693238 -0.2049062353 -0.5484785157
vn -0.9031216244 -0.06494356331 -0.4244451262
vn -0.3339539118 0.07054139578 -0.9399461135
vn -0.2776514395 0.006340366829 -0.9606609589
vn -0.9710185902 -0.182093097 0.1548063352
vn -0.9031213326 -0.06494345229 -0.424445764
vn -0.8106686217 -0.2049058942 -0.5484796808
vn -0.8020626269 -0.4165388144 -0.4280081291
vn -0.8106692495 -0.2049063694 -0.5484785754
vn -0.2434414783 -0.04998755768 -0.9686266002
vn -0.003906900403 0.09090256817 -0.9958521272
vn -0.2776506549 0.00634048306 -0.9606611849
vn -0.07094403458 0.08215540435 -0.9940912601
vn -0.003907012124 0.09090256018 -0.9958521275
vn 0.06494305293 0.1267954345 -0.9898006454
vn 0.08445144374 0.1602247428 -0.9834612272
vn -0.3161568522 -0.2781085417 0.907028381
vn -0.2377144669 -0.2534144909 0.9376955412
vn -0.2917367171 -0.1980116985 0.9357783152
vn -0.2377144183 -0.2534144482 0.9376955651
vn -0.09277325994 -0.1754874063 0.9801006542
vn -0.1420763631 -0.1445172896 0.9792492329
vn -0.003906955768 0.09090254649 -0.995852129
vn -0.07094400063 0.08215541747 -0.9940912615
vn 0.06494305966 0.1267954324 -0.9898006452
vn -0.07094400555 0.08215541655 -0.9940912612
vn -0.03660757722 0.1243582478 -0.9915618546
vn 0.06494303216 0.1267954276 -0.9898006477
vn 0.06494301213 0.126795414 -0.9898006507
vn -0.003260504533 0.1070622264 -0.9942469757
vn 0.09969169761 0.1167293286 -0.9881476758
vn 0.08445144128 0.1602247389 -0.9834612281
vn 0.06494303397 0.1267954076 -0.9898006501
vn 0.09969171182 0.1167293244 -0.9881476749
vn -0.5381067773 -0.7481499215 -0.3882174535
vn -0.692028571 -0.6924366569 -0.2040292456
vn -0.6414107469 -0.4828931371 -0.5961597704
vn -0.1933957011 -0.08433166518 -0.9774897816
vn -0.2434410347 -0.04998733724 -0.9686267231
vn -0.08957063681 0.03875135891 -0.9952263226
vn -0.1933956923 -0.08433168008 -0.977489782
vn -0.6414113929 -0.4828936167 -0.596158687
vn -0.8020625846 -0.4165386303 -0.4280083875
vn -0.0895704009 0.03875141672 -0.9952263416
vn -0.2434411646 -0.04998736977 -0.9686266888
vn -0.003906928434 0.09090259236 -0.9958521249
vn -0.3129522088 -0.2312953538 -0.9211749966
vn -0.641411471 -0.4828936686 -0.5961585608
vn -0.1933958104 -0.08433175884 -0.9774897518
vn -0.08957066349 0.0387513037 -0.9952263224
vn -0.003907061169 0.09090253595 -0.9958521295
vn -0.04329010344 0.1086576363 -0.9931361865
vn -0.2334900188 -0.1254308433 -0.9642351968
vn -0.3129505989 -0.2312941327 -0.9211758501
vn -0.1933957631 -0.08433172878 -0.9774897638
vn -0.3260252184 -0.589951773 -0.7386910467
vn -0.5240478391 -0.5465621473 -0.6531796701
vn -0.3129514342 -0.2312948696 -0.9211753813
vn -0.08317001068 -0.03427016392 -0.9959459349
vn -0.233490067 -0.125430694 -0.9642352045
vn -0.08957049719 0.03875139772 -0.9952263337
vn -0.5240477559 -0.5465619123 -0.6531799335
vn -0.641411217 -0.4828938354 -0.5961586991
vn -0.3129517259 -0.231295442 -0.9211751385
vn -0.5240484758 -0.5465627347 -0.6531786678
vn -0.5381068209 -0.7481499688 -0.3882173018
vn -0.6414106633 -0.4828930601 -0.5961599228
vn -0.08316993731 -0.03427013958 -0.9959459418
vn -0.08957067228 0.03875133303 -0.9952263204
vn -0.04329010993 0.1086576637 -0.9931361833
vn -0.233489956 -0.1254307464 -0.9642352246
vn -0.1933957337 -0.08433169089 -0.9774897729
vn -0.08957055793 0.03875142148 -0.9952263273
vn -0.04329002767 0.1086577142 -0.9931361813
vn 0.08445142472 0.1602247306 -0.9834612308
vn -0.04620896597 0.1173577999 -0.9920140514
vn -0.04620898676 0.1173577856 -0.9920140522
vn 0.06841437309 0.1731957139 -0.9825083808
vn -0.05117025928 0.1172214865 -0.9917866342
vn -0.692028565 -0.6924366205 -0.2040293896
vn -0.8197254308 -0.5548306379 0.1421730682
vn -0.6414105712 -0.4828928595 -0.5961601843
vn -0.1903334787 -0.2758374101 0.9421713698
vn -0.2377144907 -0.2534144939 0.9376955344
vn -0.2534230359 -0.3010235238 0.9193267118
vn -0.1903334276 -0.2758373784 0.9421713894
vn -0.09277331085 -0.1754874332 0.9801006446
vn -0.2377144179 -0.253414448 0.9376955652
vn -0.1903334278 -0.2758373712 0.9421713915
vn -0.03484690013 -0.1596505436 0.9865583599
vn -0.09277330738 -0.1754874682 0.9801006387
vn -0.03484683945 -0.1596504711 0.9865583738
vn 0.02411626386 -0.1085117391 0.9938026003
vn -0.09277322889 -0.175487377 0.9801006624
vn -0.1903334941 -0.2758373843 0.9421713743
vn -0.2534230246 -0.3010235413 0.9193267092
vn -0.1117490213 -0.3143806435 0.9426966465
vn -0.1898137965 -0.3987894295 0.8971832107
vn -0.1117491308 -0.314380773 0.9426965903
vn -0.2534230722 -0.301023597 0.9193266778
vn -0.1903334208 -0.2758373047 0.9421714123
vn -0.1117491336 -0.3143807634 0.9426965931
vn -0.03484691004 -0.1596506281 0.9865583459
vn -0.1117490511 -0.3143806993 0.9426966243
vn -0.07720756232 -0.3143089375 0.9461759266
vn -0.03484685321 -0.1596505831 0.9865583552
vn -0.03484683334 -0.1596504849 0.9865583718
vn 0.06700217735 -0.07446318981 0.994970322
vn 0.02411626854 -0.1085117558 0.9938025983
vn 0.06700205792 -0.07446332518 0.9949703199
vn 0.05452051872 -0.1056839544 0.992904031
vn 0.02411633677 -0.1085116793 0.993802605
vn 0.06700192178 -0.07446339101 0.9949703241
vn -0.003187565212 -0.1190596061 0.9928819918
vn 0.05452064095 -0.1056838957 0.9929040306
vn -0.003187630982 -0.119059653 0.992881986
vn 0.03355801503 -0.1170483159 0.9925590921
vn 0.05452057889 -0.1056839405 0.9929040292
vn -0.04329013772 0.108657639 -0.9931361848
vn -0.003907043668 0.09090253955 -0.9958521292
vn 0.08445142181 0.1602247288 -0.9834612314
vn -0.04620899117 0.1173578034 -0.9920140499
vn 0.08445142712 0.1602247305 -0.9834612306
vn 0.06841437579 0.1731957051 -0.9825083821
vn -0.05117022903 0.1172214983 -0.9917866343
vn 0.06841437435 0.1731957143 -0.9825083806
vn 0.02043616741 0.1565220493 -0.9874630176
vn 0.08445143313 0.1602247424 -0.9834612282
vn 0.09969171257 0.1167293241 -0.9881476749
vn 0.06841435236 0.17319566 -0.9825083917
vn 0.06841439347 0.1731956909 -0.9825083834
vn 0.09969170548 0.1167293192 -0.9881476762
vn 0.03457659158 0.08855107154 -0.9954713291
vn 0.06841436448 0.1731956765 -0.9825083879
vn 0.03457659687 0.08855107401 -0.9954713287
vn 0.02043616011 0.1565220226 -0.987463022
vn 0.0204360962 0.1565219891 -0.9874630286
vn 0.03457661176 0.08855108199 -0.9954713275
vn 0.04136031279 0.09526353931 -0.9945924706
vn 0.02043610896 0.1565220231 -0.987463023
vn 0.01766067053 0.1509059954 -0.9883903486
vn -0.002786501533 0.1600719224 -0.9871014209
vn 0.02043611039 0.1565220082 -0.9874630253
vn 0.04136032068 0.09526355014 -0.9945924692
vn 0.0176606708 0.1509059932 -0.988390349
vn 0.01766069547 0.1509060101 -0.9883903459
vn 0.04136029491 0.09526353247 -0.994592472
vn 0.07696298828 0.1160363085 -0.9902586902
vn 0.01766066117 0.1509059898 -0.9883903497
vn 0.07696294156 0.1160362809 -0.9902586971
vn -0.005183090184 0.1346623753 -0.9908779845
vn -0.3270414044 -0.1554652251 0.9321343699
vn -0.3769897506 -0.2203362697 0.8996280655
vn -0.2066144717 -0.1472701288 0.9672755395
vn -0.3769898101 -0.2203362562 0.8996280438
vn -0.2917367078 -0.1980116988 0.935778318
vn -0.2066144446 -0.1472701326 0.9672755447
vn -0.2917366779 -0.1980116796 0.9357783314
vn -0.1420763577 -0.1445173142 0.97924923
vn -0.07534968127 -0.1373341562 0.987654674
vn -0.2917366776 -0.1980117211 0.9357783227
vn -0.07534967762 -0.1373341607 0.9876546737
vn -0.2066144661 -0.1472701197 0.967275542
vn -0.142076395 -0.1445173295 0.9792492223
vn -0.05516744213 -0.1382462743 0.9888602131
vn -0.0753497124 -0.1373341693 0.9876546698
vn -0.2377144166 -0.2534144754 0.9376955582
vn -0.142076366 -0.1445172961 0.9792492315
vn -0.2917366769 -0.1980116853 0.9357783305
vn -0.09277316792 -0.1754873221 0.980100678
vn -0.07055495487 -0.1283203999 0.9892198306
vn -0.1420763928 -0.1445173176 0.9792492244
vn -0.1420763887 -0.1445173276 0.9792492235
vn -0.07055496022 -0.1283203867 0.989219832
vn -0.05516739057 -0.1382462579 0.9888602182
vn -0.07055496289 -0.1283203908 0.9892198312
vn -0.02460682128 -0.1246911805 0.9918904243
vn -0.03669945914 -0.1341917026 0.9902755862
vn -0.09277319448 -0.1754873617 0.9801006684
vn 0.0241162893 -0.1085117272 0.9938026009
vn -0.07055494575 -0.1283203847 0.9892198333
vn 0.0545205001 -0.1056839576 0.9929040317
vn -0.02460682242 -0.1246911806 0.9918904243
vn -0.07055495417 -0.1283203894 0.989219832
vn 0.02411634711 -0.1085116808 0.9938026046
vn 0.05452052392 -0.1056839551 0.9929040307
vn -0.07055495237 -0.1283203891 0.9892198322
vn 0.05452057305 -0.1056839417 0.9929040294
vn 0.03355803161 -0.1170483124 0.992559092
vn -0.02460688681 -0.1246911941 0.991890421
vn 0.03355809075 -0.1170482896 0.9925590927
vn 0.0471465536 -0.1005435934 0.9938149668
vn -0.02460679846 -0.1246911606 0.9918904274
vn -0.02460679724 -0.12469116 0.9918904275
vn 0.04714652884 -0.1005436057 0.9938149668
vn -0.05924987299 -0.1479826672 0.9872135447
vn 0.03355801402 -0.1170483127 0.9925590925
vn 0.00120714649 -0.1223555405 0.9924855991
vn 0.04714660135 -0.1005435789 0.993814966
vn 0.001207152541 -0.1223555183 0.9924856019
vn 0.01085899363 -0.1376539148 0.990420861
vn 0.04714660336 -0.1005435716 0.9938149667
vn 0.001207134671 -0.1223555335 0.9924856
vn -0.009148579175 -0.139656005 0.9901578176
vn 0.01085900166 -0.1376539079 0.9904208619
vn 0.01085899991 -0.137653906 0.9904208622
vn -0.009148579342 -0.1396560049 0.9901578176
vn -0.01396854046 -0.1379068775 0.9903466933
vn -0.07094396368 0.08215544595 -0.9940912618
vn -0.08215058735 0.1362951549 -0.9872562544
vn -0.03660750964 0.1243582941 -0.9915618513
vn -0.3339543127 0.07054133929 -0.9399459753
vn -0.5638716618 0.09410765431 -0.8204830885
vn -0.08215081391 0.1362951285 -0.9872562391
vn -0.9031216334 -0.06494356608 -0.4244451065
vn -0.5638722766 0.09410756591 -0.820482676
vn -0.3339540116 0.0705413833 -0.939946079
vn -0.369876277 0.1217179776 -0.9210734355
vn -0.03660767318 0.1243582707 -0.9915618482
vn -0.08215071904 0.1362951354 -0.9872562461
vn -0.5638717307 0.09410767515 -0.8204830387
vn -0.3698763702 0.1217179644 -0.9210733999
vn -0.08215077666 0.1362951273 -0.9872562424
vn -0.03660758813 0.1243583041 -0.9915618471
vn -0.2069160317 0.1766800993 -0.9622732971
vn -0.003260475221 0.107062208 -0.9942469778
vn -0.3698763252 0.121717956 -0.921073419
vn -0.2069158271 0.176680181 -0.9622733261
vn -0.03660766638 0.1243582732 -0.9915618481
vn -0.00326044085 0.1070622214 -0.9942469765
vn -0.2069159314 0.1766801408 -0.9622733111
vn -0.08652315798 0.1925369652 -0.9774677796
vn -0.003260455796 0.1070622039 -0.9942469783
vn -0.08652314403 0.1925369771 -0.9774677785
vn -0.006774652625 0.1845466691 -0.9828004024
vn 0.06494301076 0.1267954144 -0.9898006508
vn -0.03660753564 0.1243582749 -0.9915618527
vn -0.003260497542 0.1070622205 -0.9942469764
vn 0.09969169152 0.1167293272 -0.9881476766
vn -0.003260551016 0.1070622176 -0.9942469765
vn 0.03457658032 0.08855107796 -0.9954713289
vn 0.03457663556 0.08855110083 -0.995471325
vn -0.003260495251 0.1070622409 -0.9942469742
vn 0.07324499526 0.1382051412 -0.9876915053
vn 0.04136032335 0.09526355823 -0.9945924684
vn 0.07324497528 0.1382051347 -0.9876915077
vn 0.0680796077 0.1313964443 -0.9889894547
vn -0.003260470206 0.1070622385 -0.9942469746
vn -0.006774658914 0.1845466865 -0.9828003991
vn 0.0732450552 0.1382051352 -0.9876915017
vn 0.03457661401 0.08855109291 -0.9954713264
vn 0.07324497439 0.1382051337 -0.9876915079
vn 0.04136031463 0.09526354843 -0.9945924697
vn 0.04136029432 0.09526353816 -0.9945924715
vn 0.06807957125 0.1313964192 -0.9889894605
vn 0.07696299159 0.1160362756 -0.9902586938
vn -0.005183090895 0.1346623767 -0.9908779844
vn 0.07696293964 0.1160362851 -0.9902586967
vn 0.05292383612 0.1119767726 -0.9923004938
vn -0.9710186053 -0.1820930913 0.1548062472
vn -0.9592851098 -0.04427905264 0.2789470267
vn -0.903121297 -0.0649434404 -0.4244458416
vn -0.3270414185 -0.155465226 0.9321343648
vn -0.2066143196 -0.1472701177 0.9672755736
vn -0.5442170592 -0.1189369831 0.8304708222
vn -0.9031219296 -0.06494361185 -0.4244444693
vn -0.9655043501 0.02250358506 -0.2594126802
vn -0.5638729608 0.09410756151 -0.8204822064
vn -0.9031212857 -0.06494343564 -0.4244458664
vn -0.9592850075 -0.04427907641 0.2789473745
vn -0.965504071 0.02250372635 -0.2594137068
vn -0.3270412992 -0.1554652094 0.9321344095
vn -0.5442170861 -0.1189369873 0.830470804
vn -0.5890916977 -0.1030420546 0.8014694671
vn -0.206614388 -0.1472701085 0.9672755605
vn -0.07534972954 -0.1373341693 0.9876546685
vn -0.3660537714 -0.1488165507 0.9186175867
vn -0.544217045 -0.1189369944 0.8304708299
vn -0.3660538528 -0.1488165607 0.9186175527
vn -0.5890915011 -0.1030420913 0.8014696069
vn -0.2066144294 -0.1472700959 0.9672755535
vn -0.3660536698 -0.1488165739 0.9186176235
vn -0.544216995 -0.1189369999 0.8304708619
vn -0.07534973275 -0.1373341664 0.9876546687
vn -0.05516736216 -0.138246286 0.9888602159
vn -0.1833199409 -0.1039524679 0.9775416532
vn -0.07534971252 -0.1373341607 0.987654671
vn -0.1833201821 -0.1039525251 0.9775416019
vn -0.3660537449 -0.1488165411 0.9186175989
vn -0.05516736111 -0.138246283 0.9888602164
vn -0.03669943575 -0.1341917076 0.9902755864
vn -0.1833199432 -0.103952472 0.9775416523
vn -0.563872224 0.09410787466 -0.8204826768
vn -0.9545261344 0.255579404 -0.1534895014
vn -0.3698763312 0.1217179464 -0.9210734179
vn -0.5638728656 0.09410751845 -0.8204822767
vn -0.9655043475 0.02250361801 -0.2594126869
vn -0.9545260127 0.2555796192 -0.1534898997
vn -0.3698762411 0.1217179159 -0.9210734581
vn -0.8551923675 0.4192222916 -0.3047928556
vn -0.2069156688 0.1766800809 -0.9622733785
vn -0.9655040912 0.02250377952 -0.2594136269
vn -0.959284997 -0.04427905243 0.2789474145
vn -0.9545261155 0.2555794355 -0.153489566
vn -0.3698762671 0.1217179002 -0.9210734497
vn -0.9545261283 0.2555794511 -0.1534894608
vn -0.8551925703 0.4192221424 -0.3047924917
vn -0.8551923486 0.4192222264 -0.3047929984
vn -0.7862524986 0.566723074 -0.2462355902
vn -0.2069157754 0.1766801959 -0.9622733345
vn -0.2069159091 0.1766801258 -0.9622733186
vn -0.7862526005 0.566722978 -0.2462354858
vn -0.086523375 0.192537111 -0.9774677317
vn -0.08652340039 0.1925370754 -0.9774677364
vn -0.7862525268 0.5667230558 -0.2462355421
vn -0.6165123111 0.7137541931 -0.3323665478
vn -0.08652336283 0.1925371933 -0.9774677165
vn -0.6165124068 0.7137541096 -0.3323665497
vn -0.00677471583 0.18454674 -0.9828003887
vn -0.9592849637 -0.04427912797 0.2789475172
vn -0.7905952485 0.08071471506 0.6069961184
vn -0.9545261551 0.2555794196 -0.1534893465
vn -0.5890914972 -0.1030420969 0.801469609
vn -0.3660538251 -0.1488165929 0.9186175585
vn -0.4271602597 -0.06564472448 0.9017898218
vn -0.790595226 0.08071466537 0.6069961543
vn -0.8551920926 0.4192222296 -0.304793712
vn -0.9545261275 0.2555794482 -0.1534894708
vn -0.4271602595 -0.06564475761 0.9017898195
vn -0.3660538169 -0.1488165913 0.918617562
vn -0.1833201046 -0.1039524896 0.9775416202
vn -0.4271602597 -0.06564475329 0.9017898197
vn -0.183320104 -0.103952479 0.9775416214
vn -0.2824055399 -0.02794517587 0.9588879904
vn -0.7905950193 0.08071455408 0.6069964384
vn -0.8064938829 0.3299401927 0.4906190845
vn -0.8551921576 0.4192222448 -0.304793509
vn -0.8551921379 0.419222234 -0.304793579
vn -0.6840413908 0.4719890557 0.5561597855
vn -0.7862528468 0.5667230456 -0.2462345436
vn -0.8551922093 0.4192222005 -0.3047934248
vn -0.806493903 0.3299401646 0.4906190704
vn -0.6840414079 0.4719889755 0.5561598325
vn -0.7862528231 0.5667230638 -0.2462345774
vn -0.684041356 0.4719890743 0.5561598124
vn -0.600234312 0.5725983937 0.5584351799
vn -0.07055497551 -0.1283203899 0.9892198305
vn -0.03669945358 -0.1341917029 0.9902755864
vn -0.05516742527 -0.1382462653 0.9888602153
vn -0.03669943489 -0.134191706 0.9902755866
vn -0.05924981511 -0.1479826187 0.9872135554
vn -0.07334859338 -0.06922926483 0.9949006447
vn -0.02460689445 -0.1246911994 0.9918904201
vn -0.05924980747 -0.1479826409 0.9872135525
vn -0.03669943777 -0.1341916971 0.9902755878
vn 0.07324502295 0.1382051217 -0.987691506
vn -0.00677470265 0.184546668 -0.9828004023
vn 0.06807960697 0.1313964446 -0.9889894547
vn 0.06807966662 0.1313964776 -0.9889894462
vn -0.006774733727 0.1845466508 -0.9828004053
vn -0.05447757776 0.154092704 -0.9865534107
vn -0.006774830686 0.1845467609 -0.982800384
vn -0.6165125119 0.7137540604 -0.3323664604
vn -0.05447777066 0.1540929059 -0.9865533685
vn 0.06807963233 0.131396418 -0.9889894565
vn -0.05447757676 0.1540927055 -0.9865534105
vn -0.07611874749 0.1684008797 -0.982775193
vn 0.06807960468 0.1313964849 -0.9889894495
vn -0.07611874624 0.1684008768 -0.9827751936
vn 0.05751875992 0.09235625927 -0.9940633348
vn -0.1833200437 -0.1039524989 0.9775416306
vn -0.0733486387 -0.06922926653 0.9949006412
vn -0.2824054873 -0.02794519432 0.9588880054
vn -0.03669948114 -0.134191723 0.9902755826
vn -0.07334862611 -0.06922927664 0.9949006414
vn -0.1833200433 -0.1039525045 0.9775416301
vn -0.07334863978 -0.06922926647 0.9949006411
vn -0.1420185062 0.006327356444 0.9898437798
vn -0.2824055182 -0.02794518981 0.9588879964
vn -0.00252875267 -0.05926210615 0.998239254
vn -0.071490507 0.03796254029 0.9967185927
vn -0.1420185613 0.00632735184 0.9898437719
vn -0.07334861868 -0.06922926483 0.9949006428
vn -0.002528751439 -0.05926210519 0.998239254
vn -0.1420185593 0.006327353322 0.9898437722
vn -0.05924985228 -0.147982631 0.9872135513
vn -0.002528779706 -0.05926209637 0.9982392545
vn -0.07334860649 -0.06922926927 0.9949006434
vn -0.002528766759 -0.05926210761 0.9982392539
vn -0.003499308398 -0.02699969615 0.9996293169
vn -0.07149058766 0.03796253229 0.9967185872
vn -0.0592498013 -0.1479826241 0.9872135554
vn -0.05458243636 -0.1345490778 0.9894024981
vn -0.002528800175 -0.05926209933 0.9982392543
vn -0.0545824401 -0.1345490632 0.9894024999
vn -0.003499338469 -0.02699968725 0.9996293171
vn -0.002528800307 -0.05926209886 0.9982392543
vn -0.05458248861 -0.1345490966 0.9894024927
vn -0.07275196698 -0.0372557006 0.9966539841
vn -0.003499352156 -0.02699969674 0.9996293168
vn -0.7862528338 0.5667230556 -0.2462345621
vn -0.6002342042 0.5725984626 0.5584352252
vn -0.6165122796 0.7137542199 -0.3323665486
vn -0.6165123491 0.7137540594 -0.3323667645
vn -0.60023445 0.5725984088 0.5584350161
vn -0.5461958095 0.708553109 -0.4467914831
vn -0.05447773599 0.1540929295 -0.9865533667
vn -0.6165124144 0.7137541144 -0.3323665252
vn -0.5461956928 0.7085530052 -0.4467917904
vn -0.05447774329 0.1540929317 -0.986553366
vn -0.546195782 0.7085530128 -0.4467916693
vn -0.0761188941 0.1684010773 -0.9827751478
vn -0.07611886349 0.168401079 -0.9827751499
vn -0.5461957588 0.7085530241 -0.4467916797
vn -0.517113387 0.7282391661 -0.4497348797
vn -0.546195678 0.7085530111 -0.4467917992
vn -0.6407893546 0.7278089951 0.2443011863
vn -0.517113667 0.7282394367 -0.4497341195
vn -0.07611888147 0.1684010393 -0.9827751553
vn -0.589175103 0.6594683527 -0.4668770608
vn -0.1192618614 0.1828886224 -0.9758731271
vn -0.07611888159 0.1684010427 -0.9827751547
vn -0.5171134352 0.7282391231 -0.4497348937
vn -0.5891751023 0.6594683553 -0.466877058
vn -0.5171137385 0.7282394535 -0.4497340101
vn -0.6407893847 0.7278089298 0.2443013018
vn -0.5891749932 0.6594682029 -0.4668774108
vn -0.6002345007 0.5725982675 0.5584351065
vn -0.6881231782 0.6130133926 0.3882023599
vn -0.5461959246 0.7085530704 -0.4467914036
vn -0.5461957812 0.708553129 -0.446791486
vn -0.6881230748 0.6130135499 0.3882022947
vn -0.6407893273 0.7278090277 0.2443011609
vn -0.003499307584 -0.02699969318 0.999629317
vn -0.08180402688 0.03609395131 0.9959946425
vn -0.0714905993 0.03796248946 0.996718588
vn -0.003499317394 -0.02699969446 0.9996293169
vn -0.07275198004 -0.03725570094 0.9966539832
vn -0.08180408696 0.03609394374 0.9959946378
vn -0.07275196577 -0.03725570619 0.996653984
vn -0.1197778677 0.01263515412 0.9927203107
vn -0.081804065 0.03609393579 0.9959946399
vn -0.07275197384 -0.03725570272 0.9966539835
vn -0.1781663955 -0.007001122397 0.9839754671
vn -0.1197778726 0.01263515605 0.9927203101
vn -0.6407893798 0.7278089434 0.2443012745
vn -0.670879656 0.7025028046 0.2375085194
vn -0.589174958 0.6594682021 -0.4668774564
vn 0.07696297922 0.1160362871 -0.9902586934
vn 0.0575187974 0.09235620462 -0.9940633377
vn 0.05292383883 0.1119767727 -0.9923004936
vn 0.04714656385 -0.1005436013 0.9938149656
vn -0.0545824244 -0.1345490661 0.9894025004
vn -0.0592498425 -0.147982664 0.987213547
vn 0.04714659129 -0.1005435639 0.993814968
vn 0.01085899868 -0.1376539178 0.9904208606
vn -0.05458245052 -0.1345491011 0.9894024942
vn 0.01085900396 -0.1376539061 0.9904208621
vn -0.01396852435 -0.137906878 0.9903466935
vn -0.05458244109 -0.1345490786 0.9894024978
vn 0.07696298355 0.1160362641 -0.9902586958
vn 0.06807961263 0.1313964786 -0.9889894498
vn 0.05751879201 0.09235623357 -0.9940633353
vn 0.05751878734 0.09235625837 -0.9940633333
vn -0.07611875407 0.1684008773 -0.9827751929
vn 0.01760853522 0.04351361869 -0.9988976446
vn 0.05292384341 0.1119767825 -0.9923004923
vn 0.05751880897 0.09235623043 -0.9940633347
vn 0.01760848532 0.04351368264 -0.9988976427
vn 0.05292384537 0.1119767776 -0.9923004927
vn 0.01760847717 0.04351369853 -0.9988976422
vn -0.01598168104 0.0805603582 -0.9966216005
vn 0.01760848676 0.04351370294 -0.9988976418
vn 0.03470461724 0.05700130626 -0.9977707355
vn -0.01598161828 0.08056038716 -0.9966215992
vn 0.03470462044 0.05700130783 -0.9977707353
vn -0.0485672015 0.06230510386 -0.9968747669
vn -0.01598167566 0.08056035945 -0.9966216005
vn -0.01396851135 -0.1379068612 0.990346696
vn -0.04997366955 -0.1039870175 0.9933223709
vn -0.05458242795 -0.1345490617 0.9894025008
vn -0.0545824275 -0.1345490678 0.9894025
vn -0.04997366979 -0.1039870143 0.9933223712
vn -0.07275193813 -0.03725568684 0.9966539867
vn -0.04997367066 -0.1039870158 0.993322371
vn -0.08532466524 -0.04367418015 0.9953955332
vn -0.07275194601 -0.03725570001 0.9966539857
vn -0.04997367168 -0.1039870162 0.9933223709
vn -0.02617854617 -0.09775475522 0.9948661677
vn -0.08532465996 -0.04367417823 0.9953955337
vn -0.01396846627 -0.1379068564 0.9903466973
vn 0.05839760016 -0.08898342078 0.9943197027
vn -0.04997366611 -0.1039870169 0.9933223711
vn 0.05839762639 -0.08898339984 0.994319703
vn -0.026178549 -0.09775473074 0.99486617
vn -0.04997367101 -0.1039870207 0.9933223705
vn 0.05839756538 -0.08898343749 0.9943197032
vn 0.06319724254 -0.05288612257 0.9965987992
vn -0.02617848523 -0.09775469191 0.9948661755
vn 0.05839771076 -0.08898336673 0.994319701
vn 0.04684087427 -0.08810540109 0.9950092315
vn 0.06319729389 -0.05288609755 0.9965987973
vn 0.06319729485 -0.05288609188 0.9965987975
vn 0.04684087352 -0.0881054053 0.9950092312
vn 0.04852797397 -0.06960431506 0.9963936346
vn -0.07611875738 0.1684009033 -0.9827751882
vn -0.1192618118 0.1828885697 -0.975873143
vn 0.01760853444 0.04351362954 -0.9988976442
vn 0.01760857245 0.04351362734 -0.9988976436
vn -0.1192617918 0.1828885688 -0.9758731457
vn 0.03470462766 0.05700129702 -0.9977707357
vn 0.03470462214 0.05700129294 -0.9977707361
vn -0.1192617727 0.1828885845 -0.9758731451
vn -0.05820186193 0.2318600781 -0.9710064096
vn -0.119261823 0.1828886309 -0.9758731302
vn -0.5891750737 0.6594683718 -0.4668770706
vn -0.05820216892 0.2318603904 -0.9710063166
vn -0.05820217049 0.2318604 -0.9710063142
vn -0.5891750586 0.6594684052 -0.4668770425
vn -0.5139312771 0.7452354078 -0.4248515381
vn -0.05820211094 0.231860415 -0.9710063142
vn -0.5139312962 0.745235398 -0.4248515322
vn -0.03854393302 0.2512248451 -0.967161022
vn -0.03854395013 0.2512248329 -0.9671610245
vn -0.5139312912 0.7452353998 -0.4248515351
vn -0.4195764312 0.7397289055 -0.526076767
vn 0.0347046267 0.05700129518 -0.9977707358
vn -0.0582018155 0.2318601013 -0.9710064068
vn 0.01323786981 0.07653512219 -0.9969790037
vn 0.03470461874 0.05700130432 -0.9977707356
vn 0.01323789376 0.07653509464 -0.9969790055
vn -0.04856719949 0.06230510861 -0.9968747667
vn -0.05820181548 0.2318601011 -0.9710064069
vn -0.03854363733 0.2512245194 -0.9671611184
vn 0.01323788501 0.07653513346 -0.9969790027
vn -0.03854357314 0.2512245276 -0.9671611188
vn -0.03503136298 0.1231846507 -0.9917652673
vn 0.01323786871 0.07653513169 -0.996979003
vn -0.03854357954 0.2512245497 -0.9671611128
vn -0.05908944483 0.2127097936 -0.975327115
vn -0.0350313401 0.1231845807 -0.9917652768
vn -0.0385438746 0.2512249409 -0.9671609994
vn -0.4195764281 0.7397289077 -0.5260767664
vn -0.05908946554 0.2127098197 -0.975327108
vn -0.4195764502 0.7397288621 -0.5260768129
vn -0.4101748001 0.6113427348 -0.6767693063
vn -0.05908948996 0.2127097911 -0.9753271128
vn -0.05908945932 0.2127098026 -0.9753271121
vn -0.4101748106 0.6113427057 -0.6767693263
vn -0.07998725905 0.1670779978 -0.9826937372
vn -0.07275195989 -0.03725570008 0.9966539847
vn -0.08532469993 -0.04367418123 0.9953955302
vn -0.178166422 -0.007001127351 0.9839754622
vn -0.6708796185 0.7025028294 0.2375085517
vn -0.5139312789 0.7452354013 -0.4248515473
vn -0.5891749206 0.6594682751 -0.4668774005
vn -0.08532465156 -0.04367418374 0.9953955342
vn -0.07221254618 -0.0237215038 0.9971071349
vn -0.1781664089 -0.007001128178 0.9839754646
vn -0.6708796294 0.7025028422 0.2375084831
vn -0.5881227477 0.7657707692 0.2602052319
vn -0.5139312778 0.7452353995 -0.4248515518
vn -0.02617847562 -0.09775476825 0.9948661682
vn -0.004815026974 -0.05061517148 0.9987066236
vn -0.0853246361 -0.04367418275 0.9953955356
vn -0.08532464889 -0.04367418441 0.9953955344
vn -0.004815021729 -0.05061517064 0.9987066236
vn -0.07221254182 -0.02372150519 0.9971071352
vn -0.004815042478 -0.05061511249 0.9987066265
vn 0.001987766471 0.01125809764 0.9999346499
vn -0.07221254777 -0.02372148844 0.9971071351
vn -0.004815101767 -0.05061515561 0.998706624
vn 0.02637884364 -0.04807269367 0.9984954545
vn 0.001987842665 0.01125815291 0.9999346491
vn -0.513931277 0.7452353876 -0.4248515736
vn -0.5881227725 0.7657707513 0.2602052285
vn -0.4195761192 0.739728563 -0.5260774974
vn -0.5881227599 0.7657707169 0.2602053582
vn -0.5573509213 0.8278926117 0.06287904306
vn -0.4195761866 0.7397286517 -0.5260773189
vn -0.02617848259 -0.09775469627 0.9948661751
vn 0.06319724157 -0.05288612122 0.9965987993
vn -0.004815033003 -0.05061510707 0.9987066268
vn 0.06319728281 -0.05288609534 0.9965987981
vn 0.04852799015 -0.06960431029 0.9963936341
vn -0.004815142752 -0.05061517571 0.9987066228
vn 0.02637889276 -0.04807272783 0.9984954516
vn 0.04852798759 -0.06960429684 0.9963936352
vn 0.04129995955 -0.06274305917 0.9971748201
vn -0.00481510206 -0.05061515402 0.9987066241
vn 0.04852801552 -0.06960429669 0.9963936339
vn 0.02637885073 -0.04807272798 0.9984954527
vn 0.02637889389 -0.04807273895 0.998495451
vn 0.04129996007 -0.06274306422 0.9971748198
vn 0.02015203174 -0.0214434917 0.9995669424
vn -0.4195761906 0.7397286607 -0.5260773031
vn -0.5573508539 0.8278926622 0.06287897572
vn -0.4101744892 0.6113424195 -0.6767697796
vn -0.5573508903 0.8278926293 0.06287908622
vn -0.5702395525 0.8207705677 -0.03409586591
vn -0.4101745418 0.6113424193 -0.6767697478
vn -0.4101745724 0.6113424085 -0.676769739
vn -0.5702395635 0.8207705601 -0.03409586166
vn -0.431444092 0.6895922164 -0.5816515887
vn -0.4101748212 0.6113427901 -0.6767692435
vn -0.431443911 0.6895919561 -0.5816520315
vn -0.07998723982 0.1670778985 -0.9826937556
vn -0.570239565 0.8207705593 -0.03409585788
vn -0.5364708848 0.8321117502 0.1406734694
vn -0.4314441164 0.6895922787 -0.5816514967
vn 0.02637888783 -0.04807271777 0.9984954522
vn 0.02015202475 -0.02144346696 0.999566943
vn 0.001987863916 0.01125814128 0.9999346492
vn 0.001987853823 0.01125813066 0.9999346493
vn 0.0201520116 -0.02144348105 0.999566943
vn -0.02036611157 0.01185090545 0.9997223502
vn 0.02015199628 -0.02144346333 0.9995669437
vn 0.005780902398 -0.04444801763 0.9989949724
vn -0.02036612489 0.01185092122 0.9997223498
vn -0.3260247638 -0.5899516092 -0.7386913782
vn -0.3129505485 -0.2312945767 -0.9211757558
vn -0.2334899849 -0.1254310984 -0.9642351718
vn -0.0831701566 -0.03426990856 -0.9959459315
vn 0.08072869812 -0.545633977 -0.8341261538
vn -0.2334898916 -0.125430924 -0.9642352171
vn -0.3260249965 -0.5899514788 -0.7386913796
vn -0.2334904929 -0.1254307963 -0.9642350881
vn 0.08072930456 -0.545633998 -0.8341260814
vn -0.3260246389 -0.5899514359 -0.7386915717
vn 0.08072902488 -0.5456340778 -0.8341260563
vn -0.2718554547 -0.8559559288 -0.439811391
vn -0.08317011502 -0.03427017884 -0.9959459256
vn -0.0462088836 0.1173578954 -0.992014044
vn 0.07310053423 0.04956751888 -0.9960920504
vn -0.3260245705 -0.5899512923 -0.7386917165
vn -0.2718551307 -0.8559561182 -0.4398112227
vn -0.5240485426 -0.5465627097 -0.6531786351
vn -0.5240484031 -0.5465626138 -0.6531788273
vn -0.2718551343 -0.8559560893 -0.4398112768
vn -0.538106787 -0.7481499645 -0.3882173573
vn 0.0003260285804 -0.3132392293 0.9496741962
vn -0.07720739844 -0.3143088123 0.9461759816
vn -0.1898138845 -0.3987894926 0.8971831641
vn 0.04272759199 -0.4160972308 0.9083157201
vn -0.07720746732 -0.314309031 0.9461759033
vn 0.0003260810209 -0.3132390611 0.9496742517
vn 0.0427276281 -0.416097108 0.9083157747
vn -0.0114350339 -0.3219334588 0.9466932387
vn -0.07720746471 -0.3143090135 0.9461759093
vn -0.08316988763 -0.03427007021 -0.9959459484
vn -0.0432900513 0.1086577445 -0.993136177
vn -0.04620899884 0.1173578407 -0.9920140451
vn 0.1416758329 0.09429647255 -0.9854116569
vn -0.04620907737 0.1173577768 -0.992014049
vn -0.05117021275 0.117221491 -0.991786636
vn 0.07310043953 0.04956745836 -0.9960920604
vn -0.04620898934 0.1173578295 -0.9920140469
vn 0.1416759901 0.09429656416 -0.9854116256
vn 0.1416759603 0.09429654194 -0.985411632
vn -0.05117025051 0.11722147 -0.9917866365
vn -0.00278647254 0.1600719256 -0.9871014204
vn -0.08317022345 -0.03426969598 -0.9959459332
vn 0.07310053664 0.04956751585 -0.9960920504
vn 0.08072882251 -0.5456343137 -0.8341259215
vn 0.08072892451 -0.545634154 -0.8341260161
vn 0.07310058972 0.04956761345 -0.9960920417
vn 0.3045645244 -0.3766915137 -0.8748393875
vn 0.08072891607 -0.5456339498 -0.8341261505
vn 0.3045645327 -0.3766915573 -0.8748393659
vn 0.1415971955 -0.8117720579 -0.5665477563
vn 0.387387279 -0.5870685011 -0.7108316756
vn 0.3045645291 -0.3766911586 -0.8748395388
vn 0.4926929469 -0.2444197527 -0.8351722245
vn 0.3045646948 -0.3766910983 -0.8748395071
vn 0.07310048541 0.04956735774 -0.9960920621
vn 0.1416759852 0.09429656655 -0.9854116261
vn 0.3045644603 -0.3766912861 -0.8748395078
vn 0.141676227 0.09429679237 -0.9854115697
vn 0.4926930241 -0.2444196667 -0.8351722041
vn 0.4926928868 -0.2444199404 -0.835172205
vn 0.141676013 0.09429633742 -0.985411644
vn 0.1199203074 0.1234805176 -0.9850744549
vn 0.08072904462 -0.5456340769 -0.8341260549
vn 0.1415971887 -0.8117720969 -0.5665477021
vn -0.2718555036 -0.8559560154 -0.4398111922
vn 0.04272764411 -0.4160970911 0.9083157817
vn 0.1038050262 -0.360001157 0.9271589311
vn -0.01143505569 -0.3219334809 0.9466932309
vn 0.1038049819 -0.3600012158 0.9271589132
vn 0.05740804094 -0.2509442774 0.9662977215
vn -0.01143506457 -0.3219334924 0.9466932269
vn 0.1415971899 -0.8117720332 -0.5665477931
vn 0.3045644993 -0.3766916753 -0.8748393267
vn 0.3873872544 -0.5870690485 -0.710831237
vn 0.1038050245 -0.3600010188 0.9271589849
vn 0.1483874104 -0.3099803126 0.9390917858
vn 0.05740805365 -0.2509442141 0.9662977371
vn 0.1416758508 0.09429650284 -0.9854116515
vn -0.00278648613 0.1600719207 -0.9871014212
vn 0.1199204673 0.1234803623 -0.9850744549
vn 0.1199204607 0.1234803196 -0.985074461
vn -0.002786487113 0.1600719144 -0.9871014222
vn 0.07640311691 0.08889738376 -0.9931061468
vn -0.1898137958 -0.3987894311 0.8971832102
vn -0.07720757622 -0.3143089489 0.9461759217
vn -0.1117491329 -0.3143807733 0.9426965899
vn -0.07720755442 -0.3143089807 0.9461759129
vn -0.01143504452 -0.3219334632 0.946693237
vn -0.03484685983 -0.1596505186 0.9865583654
vn -0.01143508014 -0.3219335582 0.9466932043
vn 0.06700224191 -0.07446303148 0.9949703295
vn -0.0348469152 -0.1596506796 0.9865583374
vn -0.01143487641 -0.3219333805 0.9466932672
vn -0.003187576499 -0.1190596872 0.992881982
vn 0.06700192982 -0.07446332904 0.9949703282
vn -0.003187592244 -0.1190596342 0.9928819883
vn -0.06590340179 -0.151063016 0.9863248485
vn 0.03355798158 -0.1170483323 0.9925590913
vn -0.01143505258 -0.3219335241 0.9466932162
vn 0.0574080313 -0.250944249 0.9662977294
vn -0.003187735896 -0.1190598245 0.992881965
vn 0.05740806653 -0.2509441902 0.9662977426
vn 0.07582823817 -0.2339965321 0.9692758644
vn -0.00318766038 -0.1190597005 0.9928819802
vn -0.003187583842 -0.1190596364 0.9928819881
vn 0.07582819943 -0.2339965646 0.9692758596
vn -0.06590347452 -0.1510629931 0.9863248472
vn 0.05740807071 -0.2509441935 0.9662977415
vn 0.1483874126 -0.30998031 0.9390917864
vn 0.07582831054 -0.2339965734 0.9692758487
vn 0.07582830752 -0.2339964962 0.9692758676
vn 0.1173884871 -0.1840367336 0.9758844316
vn -0.06590354154 -0.1510630343 0.9863248364
vn 0.1173884899 -0.1840367271 0.9758844325
vn -0.03920685365 -0.1172379094 0.9923296303
vn -0.06590354098 -0.151063033 0.9863248366
vn 0.1173884886 -0.1840367283 0.9758844324
vn -0.02604556933 -0.08869553616 0.9957181982
vn -0.03920684846 -0.117237903 0.9923296313
vn -0.05117027802 0.1172214685 -0.9917866353
vn 0.02043608767 0.156522002 -0.9874630267
vn -0.002786499755 0.1600719242 -0.9871014206
vn -0.002786487031 0.1600719133 -0.9871014224
vn -0.02746780743 0.144345507 -0.9891460429
vn 0.07640311658 0.08889740835 -0.9931061447
vn -0.002786504065 0.1600719216 -0.987101421
vn 0.01766065756 0.1509059913 -0.9883903495
vn -0.02746790087 0.1443455526 -0.9891460336
vn -0.06590342212 -0.1510630325 0.9863248447
vn 0.001207143074 -0.1223555412 0.9924855991
vn 0.03355800279 -0.1170483151 0.9925590926
vn -0.06590346524 -0.1510630622 0.9863248372
vn -0.0392067713 -0.1172379408 0.9923296299
vn 0.001207115608 -0.1223555606 0.9924855967
vn 0.01766065872 0.1509059899 -0.9883903497
vn -0.005183098518 0.1346623755 -0.9908779845
vn -0.02746790101 0.1443455526 -0.9891460336
vn -0.005183116503 0.1346623705 -0.9908779851
vn -0.09248038271 0.08916545282 -0.9917141225
vn -0.05698626676 0.1029115608 -0.9930567839
vn 0.07640311631 0.08889738654 -0.9931061466
vn -0.02746780752 0.1443454963 -0.9891460445
vn -0.056986301 0.1029115834 -0.9930567796
vn -0.03920676249 -0.1172379359 0.9923296308
vn -0.02604560688 -0.08869552191 0.9957181985
vn 0.001207124546 -0.1223555555 0.9924855973
vn -0.02746790319 0.1443455432 -0.989146035
vn -0.005183099504 0.1346623723 -0.9908779849
vn -0.05698625744 0.1029115618 -0.9930567843
vn -0.0569862802 0.1029115577 -0.9930567834
vn -0.09248041272 0.08916544622 -0.9917141203
vn -0.04347807796 0.07595150693 -0.996163152
vn 0.3873870703 -0.5870685315 -0.7108317643
vn 0.4926931597 -0.2444196228 -0.835172137
vn 0.7031752402 -0.4445671039 -0.5548915856
vn 0.4926929085 -0.2444197494 -0.8351722481
vn 0.5649491553 -0.1315113039 -0.8145779453
vn 0.8302962802 -0.3187760028 -0.457154183
vn 0.4926930102 -0.2444197297 -0.8351721939
vn 0.1199203175 0.1234805243 -0.9850744528
vn 0.5649490887 -0.1315112565 -0.8145779991
vn 0.4926929268 -0.2444197856 -0.8351722267
vn 0.8302963021 -0.3187759674 -0.457154168
vn 0.7031753501 -0.4445669987 -0.5548915305
vn 0.1199203241 0.1234803585 -0.9850744728
vn 0.07640304584 0.0888974049 -0.9931061504
vn 0.5324331021 -0.06315274987 -0.8441129794
vn 0.11992031 0.1234804592 -0.9850744619
vn 0.532433117 -0.06315285536 -0.8441129621
vn 0.5649490805 -0.1315113046 -0.814577997
vn 0.5649491265 -0.1315113336 -0.8145779604
vn 0.5324331973 -0.063152898 -0.8441129083
vn 0.8302962845 -0.3187760225 -0.4571541615
vn 0.1483873814 -0.3099802995 0.9390917947
vn 0.1173885318 -0.1840368243 0.9758844091
vn 0.0758283546 -0.2339965902 0.9692758412
vn 0.1483873729 -0.309980336 0.939091784
vn 0.2007112024 -0.2377644495 0.9503594477
vn 0.1173885444 -0.1840367774 0.9758844164
vn 0.8302962554 -0.3187760252 -0.4571542125
vn 0.5324332291 -0.06315291817 -0.8441128867
vn 0.7950766372 -0.2053498709 -0.5706878057
vn 0.1173884585 -0.1840367334 0.9758844351
vn 0.06630360997 -0.1504184973 0.9863965262
vn -0.02604557729 -0.08869553725 0.9957181979
vn 0.1173885375 -0.1840367847 0.9758844159
vn 0.2007112067 -0.2377644438 0.9503594482
vn 0.06630354791 -0.1504184564 0.9863965366
vn 0.2007112077 -0.2377644692 0.9503594416
vn 0.1881302802 -0.1985319661 0.9618690431
vn 0.06630355188 -0.1504184965 0.9863965303
vn 0.7950766252 -0.2053498626 -0.5706878253
vn 0.5324331573 -0.06315286606 -0.8441129359
vn 0.7655403377 -0.1263296201 -0.6308635498
vn 0.1881302796 -0.1985319662 0.9618690432
vn 0.183214181 -0.1198283699 0.9757426534
vn 0.06630353396 -0.1504185145 0.9863965287
vn 0.0764030757 0.08889743195 -0.9931061457
vn 0.09783983056 0.08036526842 -0.9919520105
vn 0.5324330793 -0.06315277859 -0.8441129916
vn 0.07640315447 0.08889740445 -0.9931061421
vn -0.05698633283 0.1029115683 -0.9930567793
vn 0.097839694 0.08036531753 -0.99195202
vn -0.05698634808 0.1029115672 -0.9930567786
vn -0.04347799037 0.07595149426 -0.9961631568
vn 0.1340392129 0.05967789536 -0.9891774554
vn -0.05698633507 0.1029115695 -0.9930567791
vn 0.1340391937 0.05967789242 -0.9891774581
vn 0.0978397037 0.08036531217 -0.9919520195
vn -0.04347797483 0.07595150266 -0.9961631568
vn 0.1546203274 0.06473031959 -0.9858511754
vn 0.1340392177 0.059677898 -0.9891774546
vn 0.5324330751 -0.06315279374 -0.8441129931
vn 0.09783983456 0.08036529153 -0.9919520083
vn 0.5005038229 -0.02442080049 -0.8653898241
vn 0.5324331079 -0.06315281062 -0.8441129712
vn 0.5005037901 -0.02442077598 -0.8653898438
vn 0.7655403301 -0.126329632 -0.6308635566
vn 0.5005038224 -0.02442079937 -0.8653898245
vn 0.0978398352 0.08036528774 -0.9919520085
vn 0.467110665 0.003629997438 -0.8841914101
vn 0.0663035369 -0.1504185154 0.9863965284
vn 0.1832141968 -0.1198283742 0.9757426499
vn 0.08663340772 -0.08517060573 0.9925928776
vn 0.5005037895 -0.02442077569 -0.8653898442
vn 0.6748620168 -0.0484350608 -0.736352703
vn 0.7655403299 -0.1263296322 -0.6308635569
vn 0.5005037863 -0.02442079628 -0.8653898454
vn 0.4671106607 0.003629984542 -0.8841914124
vn 0.6748620323 -0.04843505373 -0.7363526892
vn 0.0978398226 0.08036529607 -0.9919520091
vn 0.1340394367 0.05967785688 -0.9891774274
vn 0.4671106987 0.003629961251 -0.8841913925
vn 0.4671106879 0.003629955088 -0.8841913982
vn 0.1340394376 0.05967785772 -0.9891774272
vn 0.4974814868 0.04191024931 -0.8664615983
vn 0.1340394466 0.05967789083 -0.989177424
vn 0.1546201905 0.06473032361 -0.9858511966
vn 0.4974814886 0.04191025478 -0.866461597
vn 0.4671106758 0.003629985289 -0.8841914045
vn 0.6917101699 0.01576680098 -0.7220030809
vn 0.6748620651 -0.04843505268 -0.7363526592
vn 0.4671106267 0.003629950971 -0.8841914306
vn 0.4974815328 0.04191024049 -0.8664615723
vn 0.6917102238 0.01576684455 -0.7220030283
vn -0.02604560265 -0.08869551166 0.9957181995
vn -0.009148581698 -0.1396559812 0.9901578209
vn 0.001207134448 -0.1223555315 0.9924856003
vn -0.009148564742 -0.1396560058 0.9901578176
vn -0.003378791211 -0.1420377558 0.9898554741
vn -0.01396852281 -0.1379068786 0.9903466934
vn -0.02604560362 -0.08869551264 0.9957181994
vn -0.01002079486 -0.0856923403 0.9962712515
vn -0.009148575067 -0.1396559744 0.990157822
vn -0.01002079798 -0.08569234304 0.9962712512
vn -0.00337878938 -0.1420377642 0.989855473
vn -0.009148572084 -0.1396559717 0.9901578224
vn -0.01002079665 -0.08569233485 0.9962712519
vn 0.007062368103 -0.1210720358 0.9926186
vn -0.003378791737 -0.1420377786 0.9898554709
vn -0.02604557931 -0.08869553651 0.9957181979
vn 0.06630357778 -0.1504184858 0.9863965302
vn -0.01002079938 -0.08569233586 0.9962712518
vn -0.0100207946 -0.08569232104 0.9962712531
vn 0.06630355873 -0.1504185443 0.9863965225
vn 0.0866334211 -0.08517062887 0.9925928744
vn -0.0100207788 -0.08569234112 0.9962712515
vn 0.06169687499 -0.08978326144 0.9940485207
vn 0.007062391226 -0.1210720448 0.9926185988
vn -0.01002077991 -0.08569234076 0.9962712516
vn 0.08663342917 -0.08517063962 0.9925928728
vn 0.0616968441 -0.08978324822 0.9940485238
vn 0.08663343762 -0.08517064225 0.9925928718
vn 0.1211806287 -0.07683946715 0.9896519345
vn 0.06169688462 -0.08978326249 0.99404852
vn 0.121180625 -0.07683947708 0.9896519342
vn 0.09247099579 -0.07134480996 0.993156097
vn 0.06169688206 -0.08978326889 0.9940485196
vn 0.1832141948 -0.1198283664 0.9757426512
vn 0.1211805786 -0.0768394225 0.9896519441
vn 0.0866334116 -0.08517061818 0.9925928762
vn 0.1832142202 -0.1198283854 0.9757426441
vn 0.1819217094 -0.08695295858 0.9794609102
vn 0.12118063 -0.07683946089 0.9896519349
vn 0.1211806351 -0.07683944254 0.9896519357
vn 0.1442418262 -0.07883911373 0.9863968216
vn 0.09247100191 -0.07134478897 0.9931560979
vn 0.1819217212 -0.08695297069 0.979460907
vn 0.1442418322 -0.07883911494 0.9863968207
vn 0.1211806063 -0.07683943643 0.9896519397
vn 0.1819217648 -0.08695296344 0.9794608995
vn 0.243797017 -0.08128854441 0.9664135694
vn 0.1442418535 -0.07883911188 0.9863968178
vn -0.005183090745 0.1346623767 -0.9908779844
vn 0.05292384416 0.1119767771 -0.9923004928
vn -0.09248031031 0.08916547116 -0.9917141276
vn -0.09248033541 0.08916544563 -0.9917141276
vn -0.01598169522 0.08056036438 -0.9966215998
vn -0.1288689943 0.08372757194 -0.9881206789
vn -0.09248042172 0.08916544955 -0.9917141192
vn -0.1288690144 0.08372757279 -0.9881206762
vn -0.04347807512 0.07595150605 -0.9961631522
vn -0.04347805342 0.0759515081 -0.9961631529
vn -0.12886899 0.08372757532 -0.9881206791
vn -0.03307460094 0.07830679465 -0.996380508
vn -0.03307459561 0.07830679367 -0.9963805082
vn -0.1288689968 0.08372757656 -0.9881206781
vn -0.122201713 0.08767306281 -0.9886253969
vn -0.1222016907 0.08767305537 -0.9886254003
vn -0.1449171923 0.06732005833 -0.9871509596
vn -0.01779271524 0.07680793839 -0.996887135
vn -0.04347796525 0.07595150336 -0.9961631572
vn -0.03307455104 0.07830679195 -0.9963805098
vn 0.1546203236 0.06473031932 -0.985851176
vn -0.03307455674 0.07830679133 -0.9963805097
vn 0.1788208719 0.07716096273 -0.9808513045
vn 0.1546203077 0.06473031786 -0.9858511786
vn -0.03307459853 0.07830679431 -0.9963805081
vn -0.1222016883 0.08767305638 -0.9886254005
vn -0.01779270905 0.07680794059 -0.9968871349
vn -0.1449171987 0.06732005467 -0.9871509589
vn 0.04004444746 0.105990466 -0.9935604981
vn -0.01779263815 0.07680797657 -0.9968871334
vn -0.03307453637 0.07830679799 -0.9963805099
vn -0.01779258576 0.07680794899 -0.9968871365
vn 0.1788208953 0.0771609701 -0.9808512997
vn -0.01779256583 0.07680798193 -0.9968871343
vn 0.04004439656 0.1059904616 -0.9935605006
vn 0.2203064148 0.1239263307 -0.967526407
vn 0.1546201581 0.06473031782 -0.9858512021
vn 0.1788210631 0.07716096296 -0.9808512697
vn 0.5128430657 0.06365826709 -0.8561189257
vn 0.4974814468 0.04191025225 -0.8664616211
vn 0.1546201683 0.06473032187 -0.9858512002
vn 0.5128430961 0.06365827655 -0.8561189068
vn 0.1788208957 0.07716097049 -0.9808512996
vn -0.01779256131 0.07680797444 -0.9968871349
vn 0.2203064139 0.123926333 -0.9675264069
vn 0.1788210652 0.07716096179 -0.9808512694
vn 0.4693662733 0.110613906 -0.876047867
vn 0.512843062 0.06365826949 -0.8561189278
vn -0.1449171862 0.06732005123 -0.987150961
vn -0.1119473851 0.1044261891 -0.9882119985
vn 0.04004443844 0.1059904684 -0.9935604982
vn -0.09248031458 0.08916546708 -0.9917141276
vn 0.05292384184 0.1119767754 -0.9923004932
vn -0.0159817288 0.08056033153 -0.9966216019
vn -0.003378829018 -0.1420377843 0.9898554699
vn 0.05839766366 -0.08898340153 0.9943197007
vn -0.01396851067 -0.1379068694 0.9903466949
vn -0.003378771844 -0.1420377517 0.9898554748
vn 0.04684087609 -0.08810540076 0.9950092315
vn 0.05839772887 -0.08898336354 0.9943197002
vn -0.003378786954 -0.1420377646 0.9898554729
vn 0.007062359181 -0.1210720619 0.9926185969
vn 0.04684088063 -0.08810539676 0.9950092316
vn -0.1288689916 0.08372756656 -0.9881206797
vn -0.01598168988 0.08056035254 -0.9966216008
vn -0.04856717496 0.06230511577 -0.9968747675
vn -0.128868983 0.08372757365 -0.9881206802
vn -0.0485672063 0.06230509034 -0.9968747676
vn -0.1222018047 0.08767308223 -0.9886253838
vn -0.1222018478 0.08767307938 -0.9886253788
vn -0.04856719063 0.06230509127 -0.9968747683
vn -0.08880489568 0.06556732668 -0.9938886337
vn 0.007062364835 -0.12107206 0.9926185971
vn 0.06911072064 -0.08088213746 0.9943247901
vn 0.04684089381 -0.08810539224 0.9950092314
vn 0.007062390956 -0.1210720425 0.992618599
vn 0.0616968778 -0.08978328928 0.994048518
vn 0.06911077217 -0.08088210225 0.9943247893
vn -0.122201835 0.08767304694 -0.9886253832
vn -0.08880488852 0.06556731004 -0.9938886354
vn -0.1449172357 0.06732005577 -0.9871509534
vn 0.04684086736 -0.08810540015 0.9950092319
vn 0.005373248156 -0.07789197751 0.9969473246
vn 0.04852794912 -0.06960429243 0.9963936374
vn 0.06911069605 -0.08088214362 0.9943247913
vn 0.005373271401 -0.07789197652 0.9969473246
vn 0.04684086078 -0.08810540045 0.9950092322
vn 0.06911076932 -0.08088214001 0.9943247865
vn 0.110256036 -0.06465942209 0.9917977443
vn 0.005373301294 -0.07789197516 0.9969473245
vn 0.1102560355 -0.06465942127 0.9917977444
vn 0.04697160846 -0.05509701 0.9973755499
vn 0.005373300917 -0.07789197446 0.9969473246
vn -0.04856718389 0.06230511922 -0.9968747668
vn 0.01323788664 0.07653508939 -0.996979006
vn -0.08880490048 0.06556731051 -0.9938886343
vn 0.01323788528 0.0765351102 -0.9969790044
vn -0.03503141012 0.123184711 -0.9917652582
vn -0.08880490059 0.06556731162 -0.9938886342
vn -0.08880488428 0.06556730829 -0.9938886359
vn -0.03503136186 0.123184701 -0.9917652611
vn -0.09180088119 0.1208661731 -0.9884148756
vn -0.03503134985 0.123184709 -0.9917652605
vn -0.03747637289 0.1693195774 -0.9848484158
vn -0.09180087376 0.1208661786 -0.9884148757
vn -0.03503130622 0.12318469 -0.9917652644
vn -0.0590894287 0.2127098444 -0.9753271049
vn -0.0374764449 0.1693196076 -0.9848484079
vn -0.03747645921 0.1693195556 -0.9848484163
vn -0.05908944546 0.2127097841 -0.975327117
vn -0.07998768599 0.1670785516 -0.9826936082
vn -0.07998727482 0.1670778766 -0.9826937565
vn -0.4314439632 0.6895918969 -0.581652063
vn -0.1140634349 0.1535242063 -0.981539531
vn -0.03747636722 0.1693196009 -0.984848412
vn -0.05386259269 0.1236331378 -0.9908651111
vn -0.09180085622 0.1208662536 -0.9884148681
vn -0.03747645364 0.1693195443 -0.9848484185
vn -0.07998769757 0.1670785748 -0.9826936034
vn -0.1140636504 0.1535245505 -0.9815394521
vn -0.03747652483 0.1693196787 -0.9848483926
vn -0.1140635957 0.1535244473 -0.9815394746
vn -0.05386259604 0.1236331392 -0.9908651107
vn -0.1449172375 0.067320052 -0.9871509534
vn -0.08880487937 0.06556733989 -0.9938886343
vn -0.0918008887 0.1208661162 -0.9884148819
vn -0.1449172324 0.06732004686 -0.9871509545
vn -0.09180092826 0.1208661553 -0.9884148735
vn -0.1119475496 0.1044261737 -0.9882119815
vn -0.1119475879 0.1044261636 -0.9882119782
vn -0.09180088609 0.1208661663 -0.988414876
vn -0.1460151205 0.1254372554 -0.9812976508
vn -0.1119474274 0.1044261763 -0.9882119951
vn -0.1460151023 0.125437257 -0.9812976534
vn -0.06210836982 0.1208298006 -0.9907283733
vn -0.06210836893 0.1208297991 -0.9907283735
vn -0.1412757621 0.1214062847 -0.9824976708
vn -0.01530401714 0.1300844556 -0.9913847999
vn -0.09180077001 0.1208661461 -0.9884148893
vn -0.05386258541 0.1236331295 -0.9908651125
vn -0.1460151054 0.1254372529 -0.9812976534
vn -0.1460151015 0.1254372533 -0.9812976539
vn -0.114063668 0.1535245335 -0.9815394527
vn -0.1412759778 0.1214062227 -0.9824976474
vn -0.1460151466 0.1254372699 -0.9812976451
vn -0.05386257358 0.1236331245 -0.9908651138
vn -0.1140637811 0.1535245752 -0.9815394331
vn -0.1412759952 0.1214062019 -0.9824976475
vn -0.1140636828 0.1535245161 -0.9815394537
vn -0.1894547816 0.05457229593 -0.9803717408
vn -0.189454799 0.0545722919 -0.9803717377
vn -0.1930666953 0.04903709069 -0.9799594966
vn -0.1830566247 0.01408827329 -0.9830014205
vn -0.06210838821 0.1208297905 -0.9907283734
vn -0.1460151138 0.1254372504 -0.9812976525
vn -0.14127582 0.1214062588 -0.9824976656
vn -0.01530401385 0.130084463 -0.991384799
vn -0.1412757796 0.1214062463 -0.982497673
vn -0.1326558882 0.0684690146 -0.9887944222
vn -0.1326558143 0.0684691294 -0.9887944242
vn -0.1601828888 -0.03700444264 -0.9863934881
vn -0.1433319179 -0.1044363297 -0.9841488782
vn -0.1412758512 0.1214062736 -0.9824976593
vn -0.1894548081 0.05457228249 -0.9803717365
vn -0.1326558198 0.06846898796 -0.9887944332
vn -0.1326558034 0.06846900061 -0.9887944345
vn -0.189454799 0.0545722919 -0.9803717377
vn -0.1830566247 0.01408827329 -0.9830014205
vn -0.1326558763 0.06846916064 -0.9887944137
vn -0.1830566761 0.01408838936 -0.9830014093
vn -0.1601829615 -0.03700440659 -0.9863934776
vn 0.005373262188 -0.07789197795 0.9969473245
vn 0.04129995483 -0.06274305776 0.9971748204
vn 0.04852797489 -0.06960429315 0.9963936361
vn 0.00537328896 -0.07789196925 0.996947325
vn 0.04697163183 -0.05509702009 0.9973755482
vn 0.04129995343 -0.0627430582 0.9971748204
vn 0.0469716468 -0.05509701795 0.9973755476
vn 0.06335928728 -0.03638372896 0.9973273409
vn 0.04129995572 -0.06274305782 0.9971748204
vn 0.0412999525 -0.06274305388 0.9971748207
vn 0.06335928543 -0.03638372668 0.9973273411
vn 0.07160576923 -0.06254040965 0.9954703968
vn -0.4314440097 0.6895918764 -0.5816520527
vn -0.5749702128 0.6628139282 -0.4796737965
vn -0.1140634364 0.1535242184 -0.9815395289
vn -0.4314444363 0.6895922575 -0.5816512845
vn -0.5364710117 0.8321116359 0.1406736611
vn -0.6408498931 0.6920184278 0.3322979237
vn -0.4314444491 0.6895923251 -0.5816511948
vn -0.6408498431 0.6920184542 0.3322979653
vn -0.5749706449 0.6628143391 -0.4796727107
vn -0.1140634423 0.1535240006 -0.9815395623
vn -0.5749702534 0.6628138326 -0.47967388
vn -0.6819530292 0.400305343 -0.612123924
vn -0.5749702534 0.6628138326 -0.47967388
vn -0.6970578557 0.5489559783 -0.4612566311
vn -0.6819530292 0.400305343 -0.612123924
vn -0.1140630306 0.1535240794 -0.9815395978
vn -0.6819530154 0.4003053496 -0.6121239351
vn -0.1894550313 0.05457244103 -0.9803716845
vn -0.5749707306 0.6628144128 -0.4796725061
vn -0.7897169865 0.5766538862 0.2093260062
vn -0.6970581232 0.548956314 -0.4612558273
vn -0.5749707047 0.6628143028 -0.4796726892
vn -0.6408499508 0.6920182332 0.3322982177
vn -0.7897170008 0.5766538742 0.209325985
vn 0.04129995867 -0.06274305755 0.9971748203
vn 0.02878473534 -0.06400592012 0.9975343008
vn 0.02015202704 -0.02144346943 0.9995669429
vn 0.02015201639 -0.02144348193 0.9995669429
vn 0.0287847429 -0.06400591125 0.9975343011
vn 0.005780878536 -0.04444799562 0.9989949735
vn 0.04129995971 -0.0627430564 0.9971748203
vn 0.0716058131 -0.06254042532 0.9954703927
vn 0.02878478363 -0.06400585117 0.9975343038
vn 0.02878471111 -0.06400587122 0.9975343046
vn -0.01308488588 -0.04757943903 0.9987817493
vn 0.005780858809 -0.04444797081 0.9989949747
vn 0.07160575627 -0.06254046925 0.995470394
vn 0.02943075954 -0.09906747885 0.9946453966
vn 0.02878473779 -0.06400588659 0.9975343028
vn 0.07160590033 -0.06254056343 0.9954703777
vn 0.1013875302 -0.1130049538 0.9884080378
vn 0.02943069519 -0.09906743656 0.9946454027
vn 0.0287847432 -0.06400591556 0.9975343008
vn 0.02943075789 -0.09906747149 0.9946453974
vn -0.0130848508 -0.04757948759 0.9987817475
vn -0.6408499508 0.6920182332 0.3322982177
vn -0.7252188734 0.5045326871 0.468512917
vn -0.7897170008 0.5766538742 0.209325985
vn 0.02943077345 -0.09906740343 0.9946454037
vn -0.01256178041 -0.1997304007 0.9797703653
vn -0.01308487389 -0.04757958802 0.9987817424
vn -0.0130848672 -0.04757957914 0.9987817429
vn -0.01256178771 -0.1997304101 0.9797703633
vn -0.04417752609 -0.1289214096 0.9906702864
vn 0.1102560403 -0.06465942063 0.991797744
vn 0.06335930382 -0.03638373564 0.9973273396
vn 0.04697162263 -0.05509700826 0.9973755493
vn 0.06335927136 -0.03638373199 0.9973273418
vn 0.04679591238 -0.06218098745 0.9969672349
vn 0.07160570961 -0.06254043223 0.9954703997
vn 0.1102560467 -0.06465940784 0.9917977441
vn 0.1019045128 -0.06567576309 0.9926238786
vn 0.06335929623 -0.03638375095 0.9973273396
vn 0.1019045145 -0.06567576098 0.9926238786
vn 0.04679592061 -0.06218099711 0.9969672339
vn 0.06335929195 -0.03638375612 0.9973273397
vn 0.07160572741 -0.0625404468 0.9954703975
vn 0.04679586855 -0.06218095152 0.9969672392
vn 0.1013874679 -0.1130049117 0.988408049
vn -0.1894550313 0.05457244103 -0.9803716845
vn -0.6819530154 0.4003053496 -0.6121239351
vn -0.2411781286 0.08558243509 -0.9666999312
vn -0.189455025 0.05457245275 -0.9803716851
vn -0.2411781508 0.08558238987 -0.9666999297
vn -0.1930677607 0.04903784485 -0.9799592489
vn 0.04679589779 -0.06218096629 0.9969672369
vn 0.04686874559 -0.1159354362 0.9921503391
vn 0.1013874665 -0.1130049113 0.9884080492
vn 0.1013874947 -0.1130049327 0.9884080438
vn 0.04686883748 -0.1159355058 0.9921503266
vn 0.02943079597 -0.09906749774 0.9946453937
vn -0.01256178771 -0.1997304101 0.9797703633
vn -0.03537654736 -0.179190843 0.9831780824
vn -0.04417752609 -0.1289214096 0.9906702864
vn -0.01256174804 -0.1997303485 0.9797703763
vn -0.05208746131 -0.2426146272 0.9687234069
vn -0.03537651407 -0.1791907922 0.9831780928
vn 0.02943078871 -0.09906740733 0.9946454029
vn -0.01569645259 -0.288394413 0.9573830393
vn -0.0125617596 -0.1997304038 0.9797703649
vn -0.01256179344 -0.1997303047 0.9797703847
vn -0.05156301485 -0.296835594 0.9535354664
vn -0.05208756356 -0.2426145144 0.9687234296
vn -0.01256173666 -0.199730344 0.9797703774
vn -0.08678943597 -0.4209119526 0.9029400434
vn -0.05156296901 -0.2968356264 0.9535354588
vn 0.04686883904 -0.1159355107 0.992150326
vn -0.01569647102 -0.2883944871 0.9573830167
vn 0.02943079008 -0.09906740107 0.9946454035
vn -0.01256173666 -0.199730344 0.9797703774
vn -0.01569641334 -0.2883943116 0.9573830705
vn -0.08678943597 -0.4209119526 0.9029400434
vn -0.01569650447 -0.2883944051 0.9573830408
vn -0.08971991856 -0.5220013028 0.848212813
vn -0.08678959703 -0.4209120961 0.902939961
vn 0.0691107309 -0.08088213207 0.9943247898
vn 0.06169691098 -0.08978326534 0.9940485182
vn 0.09247102465 -0.07134480624 0.9931560946
vn 0.1442418209 -0.07883911024 0.9863968227
vn 0.08879694424 -0.05812412838 0.9943523965
vn 0.0924710083 -0.07134479286 0.9931560971
vn 0.06911073735 -0.08088213322 0.9943247892
vn 0.0924710213 -0.07134480559 0.9931560949
vn 0.1102560483 -0.06465942473 0.9917977428
vn 0.1102560688 -0.06465942346 0.9917977406
vn 0.09247106178 -0.07134480307 0.9931560914
vn 0.088796956 -0.05812413057 0.9943523953
vn 0.1102560692 -0.06465942175 0.9917977407
vn 0.08879695699 -0.05812412641 0.9943523955
vn 0.1019045327 -0.06567577537 0.9926238758
vn 0.1019045416 -0.06567576672 0.9926238754
vn 0.08879696717 -0.05812411653 0.9943523951
vn 0.05638874021 -0.08380392798 0.9948855269
vn 0.4974815053 0.04191024668 -0.8664615878
vn 0.7245481222 0.05058157828 -0.6873656397
vn 0.6917102239 0.01576684219 -0.7220030283
vn 0.2437969856 -0.08128854478 0.9664135772
vn 0.08307440267 -0.07299288204 0.9938665317
vn 0.1442418323 -0.07883911194 0.9863968209
vn 0.4974815113 0.04191024701 -0.8664615843
vn 0.5128431127 0.06365826446 -0.8561188977
vn 0.7245480671 0.0505816172 -0.6873656948
vn 0.2437969854 -0.08128857124 0.9664135751
vn 0.1720341179 -0.0889946362 0.9810627997
vn 0.0830744025 -0.07299287497 0.9938665322
vn 0.1442418005 -0.07883911422 0.9863968254
vn 0.08307444763 -0.07299287819 0.9938665282
vn 0.08879696837 -0.05812412361 0.9943523946
vn 0.1788210042 0.07716095828 -0.9808512808
vn 0.2203063948 0.1239263351 -0.967526411
vn 0.469366195 0.1106139035 -0.8760479093
vn 0.7245480371 0.0505816204 -0.6873657263
vn 0.5128430764 0.06365826635 -0.8561189194
vn 0.6528945045 0.08040468902 -0.7531692054
vn 0.5128431239 0.06365830692 -0.8561188879
vn 0.4693662097 0.110613868 -0.8760479059
vn 0.6528944819 0.08040465326 -0.7531692289
vn 0.08307444516 -0.07299287534 0.9938665286
vn 0.05638873551 -0.08380392816 0.9948855271
vn 0.08879696179 -0.05812411617 0.9943523956
vn 0.08307444621 -0.07299288536 0.9938665278
vn 0.04540886579 -0.07772241583 0.9959403903
vn 0.05638873583 -0.08380393161 0.9948855268
vn 0.1720341277 -0.08899463459 0.9810627982
vn 0.04540878307 -0.07772239683 0.9959403955
vn 0.08307440122 -0.07299287518 0.9938665323
vn 0.1720341126 -0.08899460661 0.9810628033
vn 0.1250915951 -0.08036309334 0.9888851632
vn 0.04540879038 -0.07772241058 0.9959403941
vn -0.1119473807 0.1044261846 -0.9882119995
vn -0.06210836922 0.1208298011 -0.9907283733
vn 0.0400444341 0.1059904724 -0.9935604979
vn -0.06210836787 0.1208298215 -0.9907283709
vn 0.04737420972 0.1484376767 -0.987786384
vn 0.04004442356 0.1059904382 -0.993560502
vn 0.04004439479 0.1059904635 -0.9935605005
vn 0.2116865301 0.1176637029 -0.970228873
vn 0.2203064153 0.1239263304 -0.9675264069
vn 0.04004437206 0.1059905216 -0.9935604952
vn 0.04737416125 0.148437751 -0.9877863751
vn 0.2116865795 0.1176635915 -0.9702288757
vn -0.06210833503 0.1208297703 -0.9907283792
vn 0.2116865162 0.1176636907 -0.9702288775
vn 0.04737419493 0.1484376986 -0.9877863814
vn -0.06210837265 0.1208297987 -0.9907283734
vn -0.01530399475 0.1300844523 -0.9913848007
vn 0.2116865367 0.1176636752 -0.9702288749
vn -0.01530399467 0.1300844524 -0.9913848007
vn -0.04843428792 0.05915446868 -0.9970731511
vn 0.2116864979 0.1176636197 -0.9702288901
vn -0.015304018 0.1300844609 -0.9913847992
vn -0.1326558379 0.06846903712 -0.9887944274
vn -0.04843432065 0.05915448153 -0.9970731487
vn -0.04843432373 0.05915446859 -0.9970731493
vn -0.1326558143 0.0684691294 -0.9887944242
vn -0.1433319179 -0.1044363297 -0.9841488782
vn -0.04843432128 0.05915449937 -0.9970731476
vn -0.1433319177 -0.1044363293 -0.9841488782
vn -0.1136869447 -0.1427721061 -0.9832046604
vn -0.04843423861 0.05915450453 -0.9970731513
vn -0.1136866418 -0.1427720978 -0.9832046967
vn -0.06747372347 -0.1531914231 -0.9858903005
vn -0.04843425434 0.05915448213 -0.9970731519
vn 0.1850990561 0.05836636824 -0.9809850695
vn 0.2116865894 0.117663655 -0.9702288659
vn -0.04843423861 0.05915450453 -0.9970731513
vn -0.06747372347 -0.1531914231 -0.9858903005
vn 0.1359549346 -0.08913205274 -0.9866973867
vn -0.0484342608 0.05915446592 -0.9970731526
vn 0.1359549356 -0.08913204979 -0.9866973868
vn 0.1850990267 0.05836629122 -0.9809850796
vn 0.1359548948 -0.08913199541 -0.9866973974
vn -0.06747369417 -0.1531914806 -0.9858902935
vn 0.06689459117 -0.215564808 -0.9741955282
vn 0.2203064242 0.1239263301 -0.9675264049
vn 0.2116864746 0.1176637069 -0.9702288846
vn 0.3421995862 0.1366039259 -0.9296444539
vn 0.4693661787 0.1106138977 -0.8760479188
vn 0.2203063948 0.1239263349 -0.967526411
vn 0.3421997305 0.1366038988 -0.9296444047
vn 0.0454088544 -0.07772241808 0.9959403906
vn 0.07831388978 -0.07140119532 0.9943685453
vn 0.05638873666 -0.08380393144 0.9948855268
vn 0.4693661887 0.1106138683 -0.8760479171
vn 0.3360464825 0.143383423 -0.9308673136
vn 0.6528944856 0.08040465248 -0.7531692257
vn 0.1250916014 -0.08036309351 0.9888851624
vn 0.07831390569 -0.07140119677 0.994368544
vn 0.04540877352 -0.07772241002 0.9959403949
vn 0.4693657668 0.1106139429 -0.8760481337
vn 0.3421994274 0.1366039248 -0.9296445125
vn 0.3360467072 0.1433833899 -0.9308672376
vn 0.1250915755 -0.08036309038 0.988885166
vn 0.1507563907 -0.07234398177 0.9859203107
vn 0.07831389865 -0.07140119588 0.9943685446
vn 0.3421994536 0.1366039043 -0.9296445059
vn 0.3639224696 0.07908441363 -0.9280657798
vn 0.3360467039 0.1433833932 -0.9308672383
vn 0.2116864736 0.117663703 -0.9702288853
vn 0.185098962 0.05836640306 -0.9809850851
vn 0.3421995694 0.1366039016 -0.9296444636
vn 0.3421996731 0.1366039034 -0.9296444252
vn 0.1850990544 0.05836640636 -0.9809850675
vn 0.3639227025 0.07908441327 -0.9280656885
vn 0.1850990132 0.05836634794 -0.9809850788
vn 0.1359549439 -0.08913207729 -0.9866973832
vn 0.3639226731 0.07908436778 -0.9280657039
vn 0.1359549682 -0.08913204036 -0.9866973832
vn 0.06689446218 -0.2155647211 -0.9741955563
vn 0.104086137 -0.2221450515 -0.9694419282
vn 0.1359549166 -0.08913195532 -0.986697398
vn 0.1040861782 -0.2221451183 -0.9694419085
vn 0.1994076442 -0.2972724123 -0.9337374922
vn 0.1359549166 -0.08913195532 -0.986697398
vn 0.1994076442 -0.2972724123 -0.9337374922
vn 0.3637524451 -0.09645797493 -0.9264880019
vn 0.3637524575 -0.09645796127 -0.9264879985
vn 0.1994077226 -0.2972723479 -0.933737496
vn 0.387436469 -0.3067553905 -0.8693642004
vn 0.1359548756 -0.08913204557 -0.9866973955
vn 0.3637524724 -0.09645790755 -0.9264879982
vn 0.363922789 0.07908430966 -0.9280656634
vn 0.3360467734 0.1433833646 -0.9308672176
vn 0.3639223777 0.07908445272 -0.9280658125
vn 0.3053933473 0.11034081 -0.9458117197
vn 0.3639226913 0.07908445717 -0.9280656892
vn 0.3637524794 -0.09645792196 -0.926487994
vn 0.492010373 -0.02821904849 -0.870131874
vn 0.3637524877 -0.0964579632 -0.9264879864
vn 0.3874360591 -0.3067554183 -0.8693643733
vn 0.4226383768 -0.3077650036 -0.8524420831
vn 0.4920103894 -0.02821908897 -0.8701318634
vn 0.3637524877 -0.0964579632 -0.9264879864
vn 0.4226383768 -0.3077650036 -0.8524420831
vn 0.1019045291 -0.06567575525 0.9926238775
vn 0.07252922579 -0.09938477885 0.9924022255
vn 0.07537249591 -0.06082250773 0.9952987538
vn 0.1019045155 -0.06567577428 0.9926238776
vn 0.07537248293 -0.06082252568 0.9952987537
vn 0.04679592106 -0.06218100302 0.9969672335
vn 0.1019045404 -0.06567576656 0.9926238756
vn 0.0563887395 -0.08380392797 0.9948855269
vn 0.0725292038 -0.0993847569 0.9924022293
vn 0.07537249847 -0.06082251266 0.9952987534
vn 0.07252922228 -0.09938477192 0.9924022264
vn 0.07116904168 -0.09874600308 0.9925644535
vn 0.07252922618 -0.0993847441 0.9924022289
vn 0.07831388239 -0.07140118989 0.9943685463
vn 0.07116905952 -0.09874587545 0.9925644649
vn 0.07537248566 -0.06082253273 0.9952987531
vn 0.07116907351 -0.09874595284 0.9925644562
vn 0.04679591477 -0.06218098664 0.9969672348
vn 0.04679591149 -0.06218097308 0.9969672358
vn 0.07116907279 -0.09874595004 0.9925644566
vn 0.04686884783 -0.1159354867 0.9921503283
vn 0.0468688298 -0.1159355189 0.9921503254
vn 0.07116902033 -0.09874604342 0.992564451
vn 0.0139473038 -0.2432451092 0.9698645728
vn 0.07116902758 -0.09874598469 0.9925644564
vn 0.0538168052 -0.1493527537 0.987318341
vn 0.01394730444 -0.2432451043 0.969864574
vn 0.05381678417 -0.1493527028 0.9873183498
vn 0.007882775892 -0.4677264456 0.8838381266
vn 0.01394731867 -0.2432451427 0.9698645642
vn 0.04686883886 -0.115935486 0.9921503289
vn 0.01394730187 -0.2432451164 0.969864571
vn -0.0156964709 -0.2883945128 0.9573830089
vn -0.01569650138 -0.288394478 0.9573830189
vn 0.01394731787 -0.2432451403 0.9698645648
vn 0.007882782297 -0.4677264656 0.8838381159
vn -0.01569657884 -0.2883945671 0.9573829908
vn -0.06286155126 -0.5402140249 0.8391765206
vn -0.08971985142 -0.5220011708 0.8482129013
vn -0.01569657884 -0.2883945671 0.9573829908
vn 0.007882724782 -0.4677265212 0.883838087
vn -0.06286155126 -0.5402140249 0.8391765206
vn 0.007882719072 -0.4677265133 0.8838380912
vn -0.01279662349 -0.5779916526 0.8159423361
vn -0.06286152657 -0.5402140338 0.8391765167
vn 0.007882500724 -0.4677264652 0.8838381186
vn 0.1544232608 -0.5965171045 0.7876044696
vn -0.01279658123 -0.5779916599 0.8159423317
vn 0.05638873542 -0.08380393811 0.9948855263
vn 0.07831388865 -0.07140120059 0.9943685451
vn 0.07252921569 -0.09938472608 0.9924022315
vn 0.07831385594 -0.0714012089 0.994368547
vn 0.1507563998 -0.07234397893 0.9859203095
vn 0.09502415115 -0.08959088737 0.9914352645
vn 0.07831386656 -0.07140124501 0.9943685436
vn 0.05381679531 -0.1493527764 0.9873183381
vn 0.07116902878 -0.09874598153 0.9925644566
vn 0.07831387012 -0.07140123942 0.9943685437
vn 0.09502412128 -0.08959082173 0.9914352732
vn 0.05381678322 -0.1493527949 0.987318336
vn 0.09502421471 -0.08959086081 0.9914352608
vn 0.2066193845 -0.276823104 0.9384441374
vn 0.05381672699 -0.1493527702 0.9873183428
vn 0.05381668386 -0.1493527961 0.9873183412
vn 0.2066193936 -0.2768230975 0.9384441373
vn 0.007882596331 -0.4677265999 0.8838380465
vn 0.3053934467 0.1103407598 -0.9458116934
vn 0.3639224236 0.07908442861 -0.9280657966
vn 0.492010098 -0.02821908128 -0.8701320285
vn 0.4920104691 -0.02821899903 -0.8701318213
vn 0.4226387343 -0.3077648087 -0.8524419762
vn 0.7066443596 -0.2470139694 -0.6630519195
vn 0.09502433342 -0.08959047805 0.991435284
vn 0.2841616843 -0.05520195826 0.9571859177
vn 0.2066193614 -0.2768231592 0.9384441262
vn 0.2841616935 -0.05520202811 0.9571859109
vn 0.4944532036 -0.4301566374 0.7553021228
vn 0.2066193514 -0.2768229903 0.9384441782
vn 0.2841616935 -0.05520202811 0.9571859109
vn 0.5081511737 -0.4207496989 0.7514998839
vn 0.4944532036 -0.4301566374 0.7553021228
vn 0.2066194157 -0.2768229817 0.9384441666
vn 0.1544231282 -0.5965170969 0.7876045014
vn 0.007882602845 -0.4677265139 0.883838092
vn 0.2066194157 -0.2768229817 0.9384441666
vn 0.2957604121 -0.611565832 0.733834458
vn 0.1544231282 -0.5965170969 0.7876045014
vn 0.2066193923 -0.2768229853 0.9384441707
vn 0.4944532029 -0.4301566618 0.7553021094
vn 0.295760393 -0.6115658494 0.7338344512
vn -0 1 0
vn -0 1 0
vn -0 1 0
vn -0 1 0
vn -0 1 0
vn -0 1 0
vn -0 1 0
vn -0 1 0
vn -0 1 0
vn -0 1 0
vn -0 1 0
vn -0 1 0
vn 0 1 -0
vn 0 1 -0
vn 0 1 -0
vn -0 1 0
vn -0 1 0
vn -0 1 0
vn 0 1 -0
vn 0 1 -0
vn 0 1 -0
vn 0 1 -0
vn 0 1 -0
vn 0 1 -0
vn -0 1 -0
vn -0 1 -0
vn -0 1 -0
vn 0 1 -0
vn 0 1 -0
vn 0 1 -0
vn 0 1 -0
vn 0 1 -0
vn 0 1 -0
vn 0 1 0
vn 0 1 0
vn 0 1 0
vn -0 1 0
vn -0 1 0
vn -0 1 0
vn -0 1 0
vn -0 1 0
vn -0 1 0
vn -0 1 -0
vn -0 1 -0
vn -0 1 -0
vn -0 1 0
vn -0 1 0
vn -0 1 0
vn 0 1 -0
vn 0 1 -0
vn 0 1 -0
vn 0 1 0
vn 0 1 0
vn 0 1 0
vn -0 1 0
vn -0 1 0
vn -0 1 0
vn -0 1 0
vn -0 1 0
vn -0 1 0
vn -0 1 -0
vn -0 1 -0
vn -0 1 -0
vn -0 1 -0
vn -0 1 -0
vn -0 1 -0
vn -0 1 -0
vn -0 1 -0
vn -0 1 -0
vn 0 1 -0
vn 0 1 -0
vn 0 1 -0
vn 0 1 0
vn 0 1 0
vn 0 1 0
f 12/1/1 7/2/2 1/3/3
f 13/4/4 8/5/5 7/6/6
f 19/7/7 9/8/8 8/9/9
f 1/10/10 5/11/11 2/12/12
f 8/13/13 3/14/14 7/15/15
f 1/16/16 3/17/17 5/18/18
f 8/19/19 6/20/20 3/21/21
f 8/22/22 32/23/23 6/24/24
f 5/25/25 38/26/26 4/27/27
f 4/28/28 38/29/29 39/30/30
f 47/31/31 3/32/32 6/33/33
f 40/34/34 5/35/35 3/36/36
f 40/37/37 38/38/38 5/39/39
f 47/40/40 40/41/41 3/42/42
f 7/43/43 3/44/44 1/45/45
f 2/46/46 5/47/47 4/48/48
f 2/49/49 10/50/50 24/51/51
f 8/52/52 9/53/53 32/54/54
f 9/55/55 21/56/56 33/57/57
f 2/58/58 4/59/59 10/60/60
f 4/61/61 41/62/62 10/63/63
f 10/64/64 43/65/65 11/66/66
f 24/67/67 10/68/68 11/69/69
f 17/70/70 19/71/71 13/72/72
f 12/73/73 1/74/74 14/75/75
f 12/76/76 13/77/77 7/78/78
f 14/79/79 1/80/80 2/81/81
f 15/82/82 13/83/83 12/84/84
f 14/85/85 2/86/86 18/87/87
f 110/88/88 15/89/89 12/90/90
f 111/91/91 16/92/92 15/93/93
f 112/94/94 110/95/95 14/96/96
f 16/97/97 13/98/98 15/99/99
f 16/100/100 17/101/101 13/102/102
f 112/103/103 14/104/104 18/105/105
f 110/106/106 12/107/107 14/108/108
f 18/109/109 24/110/110 114/111/111
f 114/112/112 25/113/113 115/114/114
f 19/115/115 8/116/116 13/117/117
f 20/118/118 9/119/119 19/120/120
f 20/121/121 21/122/122 9/123/123
f 20/124/124 23/125/125 21/126/126
f 23/127/127 26/128/128 21/129/129
f 20/130/130 19/131/131 22/132/132
f 17/133/133 22/134/134 19/135/135
f 20/136/136 22/137/137 23/138/138
f 22/139/139 122/140/140 23/141/141
f 23/142/142 123/143/143 26/144/144
f 123/145/145 29/146/146 26/147/147
f 123/148/148 124/149/149 29/150/150
f 124/151/151 30/152/152 29/153/153
f 18/154/154 2/155/155 24/156/156
f 114/157/157 24/158/158 25/159/159
f 115/160/160 25/161/161 28/162/162
f 24/163/163 11/164/164 25/165/165
f 25/166/166 11/167/167 27/168/168
f 25/169/169 27/170/170 28/171/171
f 28/172/172 27/173/173 45/174/174
f 28/175/175 31/176/176 130/177/177
f 28/178/178 45/179/179 31/180/180
f 31/181/181 45/182/182 46/183/183
f 31/184/184 46/185/185 132/186/186
f 47/187/187 6/188/188 48/189/189
f 6/190/190 32/191/191 48/192/192
f 32/193/193 33/194/194 52/195/195
f 32/196/196 52/197/197 48/198/198
f 33/199/199 60/200/200 52/201/201
f 9/202/202 33/203/203 32/204/204
f 21/205/205 34/206/206 33/207/207
f 33/208/208 34/209/209 60/210/210
f 34/211/211 35/212/212 61/213/213
f 21/214/214 26/215/215 34/216/216
f 29/217/217 35/218/218 34/219/219
f 26/220/220 29/221/221 34/222/222
f 29/223/223 30/224/224 35/225/225
f 30/226/226 36/227/227 35/228/228
f 35/229/229 36/230/230 62/231/231
f 30/232/232 131/233/233 36/234/234
f 131/235/235 37/236/236 36/237/237
f 131/238/238 153/239/239 37/240/240
f 37/241/241 153/242/242 86/243/243
f 4/244/244 39/245/245 41/246/246
f 38/247/247 49/248/248 39/249/249
f 40/250/250 49/251/251 38/252/252
f 42/253/253 41/254/254 39/255/255
f 49/256/256 42/257/257 39/258/258
f 41/259/259 55/260/260 43/261/261
f 42/262/262 55/263/263 41/264/264
f 43/265/265 55/266/266 58/267/267
f 43/268/268 58/269/269 63/270/270
f 10/271/271 41/272/272 43/273/273
f 11/274/274 43/275/275 27/276/276
f 27/277/277 43/278/278 44/279/279
f 45/280/280 44/281/281 65/282/282
f 43/283/283 63/284/284 44/285/285
f 27/286/286 44/287/287 45/288/288
f 45/289/289 65/290/290 46/291/291
f 132/292/292 46/293/293 85/294/294
f 47/295/295 51/296/296 40/297/297
f 47/298/298 48/299/299 53/300/300
f 40/301/301 50/302/302 49/303/303
f 40/304/304 51/305/305 50/306/306
f 47/307/307 53/308/308 51/309/309
f 48/310/310 52/311/311 54/312/312
f 53/313/313 54/314/314 51/315/315
f 48/316/316 54/317/317 53/318/318
f 52/319/319 60/320/320 67/321/321
f 52/322/322 67/323/323 54/324/324
f 60/325/325 61/326/326 67/327/327
f 49/328/328 56/329/329 42/330/330
f 49/331/331 50/332/332 56/333/333
f 42/334/334 57/335/335 55/336/336
f 50/337/337 51/338/338 56/339/339
f 42/340/340 56/341/341 57/342/342
f 57/343/343 72/344/344 55/345/345
f 55/346/346 72/347/347 58/348/348
f 58/349/349 72/350/350 73/351/351
f 58/352/352 73/353/353 63/354/354
f 51/355/355 59/356/356 56/357/357
f 51/358/358 54/359/359 59/360/360
f 59/361/361 57/362/362 56/363/363
f 59/364/364 54/365/365 67/366/366
f 59/367/367 67/368/368 66/369/369
f 59/370/370 66/371/371 57/372/372
f 57/373/373 69/374/374 72/375/375
f 57/376/376 66/377/377 69/378/378
f 72/379/379 69/380/380 78/381/381
f 34/382/382 61/383/383 60/384/384
f 61/385/385 62/386/386 68/387/387
f 35/388/388 62/389/389 61/390/390
f 44/391/391 63/392/392 65/393/393
f 65/394/394 63/395/395 64/396/396
f 63/397/397 73/398/398 64/399/399
f 65/400/400 64/401/401 74/402/402
f 65/403/403 74/404/404 83/405/405
f 67/406/406 68/407/407 66/408/408
f 61/409/409 68/410/410 67/411/411
f 68/412/412 69/413/413 66/414/414
f 70/415/415 78/416/416 69/417/417
f 68/418/418 70/419/419 69/420/420
f 62/421/421 70/422/422 68/423/423
f 70/424/424 71/425/425 78/426/426
f 62/427/427 87/428/428 70/429/429
f 87/430/430 71/431/431 70/432/432
f 87/433/433 80/434/434 71/435/435
f 72/436/436 78/437/437 73/438/438
f 73/439/439 78/440/440 75/441/441
f 64/442/442 73/443/443 75/444/444
f 64/445/445 75/446/446 74/447/447
f 74/448/448 75/449/449 76/450/450
f 75/451/451 81/452/452 76/453/453
f 74/454/454 77/455/455 91/456/456
f 74/457/457 76/458/458 77/459/459
f 76/460/460 81/461/461 77/462/462
f 78/463/463 79/464/464 75/465/465
f 75/466/466 79/467/467 81/468/468
f 71/469/469 79/470/470 78/471/471
f 71/472/472 80/473/473 79/474/474
f 80/475/475 81/476/476 79/477/477
f 80/478/478 82/479/479 81/480/480
f 81/481/481 82/482/482 77/483/483
f 46/484/484 83/485/485 85/486/486
f 36/487/487 87/488/488 62/489/489
f 36/490/490 37/491/491 87/492/492
f 37/493/493 86/494/494 87/495/495
f 46/496/496 65/497/497 83/498/498
f 83/499/499 74/500/500 84/501/501
f 85/502/502 83/503/503 84/504/504
f 85/505/505 84/506/506 171/507/507
f 84/508/508 94/509/509 171/510/510
f 94/511/511 172/512/512 171/513/513
f 86/514/514 88/515/515 87/516/516
f 87/517/517 88/518/518 80/519/519
f 88/520/520 98/521/521 80/522/522
f 88/523/523 89/524/524 98/525/525
f 86/526/526 90/527/527 88/528/528
f 90/529/529 89/530/530 88/531/531
f 90/532/532 103/533/533 89/534/534
f 90/535/535 174/536/536 103/537/537
f 103/538/538 174/539/539 104/540/540
f 74/541/541 91/542/542 84/543/543
f 84/544/544 91/545/545 94/546/546
f 94/547/547 91/548/548 92/549/549
f 91/550/550 77/551/551 92/552/552
f 92/553/553 77/554/554 93/555/555
f 92/556/556 93/557/557 96/558/558
f 96/559/559 93/560/560 101/561/561
f 94/562/562 92/563/563 95/564/564
f 94/565/565 95/566/566 172/567/567
f 92/568/568 96/569/569 95/570/570
f 96/571/571 179/572/572 95/573/573
f 96/574/574 97/575/575 179/576/576
f 96/577/577 101/578/578 97/579/579
f 101/580/580 106/581/581 97/582/582
f 97/583/583 106/584/584 180/585/585
f 80/586/586 98/587/587 82/588/588
f 82/589/589 93/590/590 77/591/591
f 98/592/592 99/593/593 82/594/594
f 82/595/595 99/596/596 93/597/597
f 89/598/598 100/599/599 98/600/600
f 98/601/601 100/602/602 99/603/603
f 100/604/604 102/605/605 99/606/606
f 100/607/607 105/608/608 102/609/609
f 93/610/610 99/611/611 101/612/612
f 99/613/613 102/614/614 101/615/615
f 89/616/616 103/617/617 100/618/618
f 103/619/619 104/620/620 100/621/621
f 105/622/622 104/623/623 191/624/624
f 100/625/625 104/626/626 105/627/627
f 105/628/628 191/629/629 109/630/630
f 101/631/631 102/632/632 106/633/633
f 102/634/634 108/635/635 106/636/636
f 106/637/637 108/638/638 107/639/639
f 106/640/640 107/641/641 180/642/642
f 108/643/643 197/644/644 107/645/645
f 105/646/646 109/647/647 102/648/648
f 102/649/649 109/650/650 108/651/651
f 109/652/652 197/653/653 108/654/654
f 111/655/655 15/656/656 110/657/657
f 112/658/658 116/659/659 110/660/660
f 111/661/661 110/662/662 116/663/663
f 111/664/664 116/665/665 113/666/666
f 112/667/667 114/668/668 117/669/669
f 111/670/670 113/671/671 16/672/672
f 16/673/673 113/674/674 17/675/675
f 113/676/676 122/677/677 17/678/678
f 120/679/679 122/680/680 113/681/681
f 120/682/682 126/683/683 122/684/684
f 112/685/685 18/686/686 114/687/687
f 119/688/688 114/689/689 115/690/690
f 117/691/691 114/692/692 119/693/693
f 119/694/694 115/695/695 130/696/696
f 112/697/697 117/698/698 116/699/699
f 116/700/700 117/701/701 118/702/702
f 116/703/703 118/704/704 120/705/705
f 121/706/706 118/707/707 136/708/708
f 118/709/709 117/710/710 119/711/711
f 118/712/712 119/713/713 136/714/714
f 136/715/715 119/716/716 139/717/717
f 116/718/718 120/719/719 113/720/720
f 120/721/721 121/722/722 126/723/723
f 121/724/724 127/725/725 126/726/726
f 120/727/727 118/728/728 121/729/729
f 121/730/730 137/731/731 127/732/732
f 119/733/733 130/734/734 139/735/735
f 139/736/736 130/737/737 145/738/738
f 17/739/739 122/740/740 22/741/741
f 122/742/742 126/743/743 23/744/744
f 126/745/745 123/746/746 23/747/747
f 126/748/748 124/749/749 123/750/750
f 124/751/751 125/752/752 30/753/753
f 126/754/754 127/755/755 124/756/756
f 127/757/757 128/758/758 124/759/759
f 124/760/760 128/761/761 125/762/762
f 127/763/763 137/764/764 128/765/765
f 128/766/766 142/767/767 125/768/768
f 142/769/769 129/770/770 125/771/771
f 142/772/772 155/773/773 129/774/774
f 115/775/775 28/776/776 130/777/777
f 130/778/778 134/779/779 145/780/780
f 130/781/781 31/782/782 134/783/783
f 125/784/784 131/785/785 30/786/786
f 125/787/787 129/788/788 131/789/789
f 31/790/790 132/791/791 134/792/792
f 132/793/793 133/794/794 135/795/795
f 145/796/796 134/797/797 135/798/798
f 129/799/799 155/800/800 131/801/801
f 134/802/802 132/803/803 135/804/804
f 135/805/805 133/806/806 147/807/807
f 121/808/808 136/809/809 137/810/810
f 136/811/811 138/812/812 141/813/813
f 136/814/814 139/815/815 138/816/816
f 136/817/817 141/818/818 137/819/819
f 139/820/820 145/821/821 140/822/822
f 139/823/823 140/824/824 138/825/825
f 138/826/826 140/827/827 141/828/828
f 137/829/829 142/830/830 128/831/831
f 137/832/832 141/833/833 142/834/834
f 141/835/835 140/836/836 144/837/837
f 142/838/838 143/839/839 155/840/840
f 142/841/841 141/842/842 143/843/843
f 141/844/844 144/845/845 143/846/846
f 144/847/847 140/848/848 149/849/849
f 144/850/850 149/851/851 143/852/852
f 145/853/853 146/854/854 140/855/855
f 145/856/856 135/857/857 146/858/858
f 135/859/859 147/860/860 150/861/861
f 135/862/862 150/863/863 146/864/864
f 147/865/865 166/866/866 150/867/867
f 140/868/868 146/869/869 148/870/870
f 140/871/871 148/872/872 149/873/873
f 148/874/874 146/875/875 151/876/876
f 143/877/877 149/878/878 156/879/879
f 148/880/880 152/881/881 149/882/882
f 148/883/883 151/884/884 152/885/885
f 146/886/886 150/887/887 151/888/888
f 151/889/889 150/890/890 167/891/891
f 150/892/892 166/893/893 167/894/894
f 151/895/895 160/896/896 152/897/897
f 151/898/898 167/899/899 160/900/900
f 155/901/901 153/902/902 131/903/903
f 153/904/904 154/905/905 86/906/906
f 155/907/907 157/908/908 153/909/909
f 157/910/910 154/911/911 153/912/912
f 157/913/913 173/914/914 154/915/915
f 155/916/916 143/917/917 157/918/918
f 157/919/919 143/920/920 156/921/921
f 157/922/922 158/923/923 173/924/924
f 157/925/925 156/926/926 158/927/927
f 156/928/928 159/929/929 158/930/930
f 159/931/931 215/932/932 158/933/933
f 149/934/934 159/935/935 156/936/936
f 149/937/937 152/938/938 159/939/939
f 159/940/940 217/941/941 215/942/942
f 152/943/943 217/944/944 159/945/945
f 152/946/946 160/947/947 217/948/948
f 132/949/949 85/950/950 133/951/951
f 133/952/952 171/953/953 161/954/954
f 133/955/955 161/956/956 147/957/957
f 147/958/958 161/959/959 164/960/960
f 164/961/961 161/962/962 162/963/963
f 162/964/964 163/965/965 165/966/966
f 147/967/967 164/968/968 166/969/969
f 164/970/970 169/971/971 166/972/972
f 164/973/973 162/974/974 165/975/975
f 163/976/976 170/977/977 165/978/978
f 164/979/979 165/980/980 169/981/981
f 165/982/982 170/983/983 232/984/984
f 166/985/985 169/986/986 168/987/987
f 167/988/988 166/989/989 168/990/990
f 169/991/991 165/992/992 232/993/993
f 169/994/994 219/995/995 168/996/996
f 163/997/997 185/998/998 170/999/999
f 133/1000/1000 85/1001/1001 171/1002/1002
f 154/1003/1003 90/1004/1004 86/1005/1005
f 154/1006/1006 174/1007/1007 90/1008/1008
f 154/1009/1009 173/1010/1010 174/1011/1011
f 161/1012/1012 171/1013/1013 172/1014/1014
f 161/1015/1015 172/1016/1016 162/1017/1017
f 162/1018/1018 172/1019/1019 178/1020/1020
f 173/1021/1021 176/1022/1022 174/1023/1023
f 173/1024/1024 158/1025/1025 176/1026/1026
f 162/1027/1027 178/1028/1028 163/1029/1029
f 174/1030/1030 175/1031/1031 104/1032/1032
f 176/1033/1033 175/1034/1034 174/1035/1035
f 176/1036/1036 177/1037/1037 175/1038/1038
f 177/1039/1039 201/1040/1040 175/1041/1041
f 172/1042/1042 95/1043/1043 178/1044/1044
f 95/1045/1045 179/1046/1046 178/1047/1047
f 178/1048/1048 179/1049/1049 184/1050/1050
f 179/1051/1051 181/1052/1052 184/1053/1053
f 179/1054/1054 97/1055/1055 181/1056/1056
f 181/1057/1057 97/1058/1058 180/1059/1059
f 180/1060/1060 107/1061/1061 183/1062/1062
f 181/1063/1063 182/1064/1064 184/1065/1065
f 181/1066/1066 180/1067/1067 183/1068/1068
f 181/1069/1069 183/1070/1070 182/1071/1071
f 163/1072/1072 178/1073/1073 184/1074/1074
f 163/1075/1075 184/1076/1076 185/1077/1077
f 185/1078/1078 184/1079/1079 186/1080/1080
f 185/1081/1081 186/1082/1082 223/1083/1083
f 223/1084/1084 187/1085/1085 226/1086/1086
f 184/1087/1087 182/1088/1088 186/1089/1089
f 186/1090/1090 183/1091/1091 187/1092/1092
f 186/1093/1093 182/1094/1094 183/1095/1095
f 187/1096/1096 183/1097/1097 205/1098/1098
f 205/1099/1099 206/1100/1100 188/1101/1101
f 223/1102/1102 186/1103/1103 187/1104/1104
f 226/1105/1105 187/1106/1106 189/1107/1107
f 189/1108/1108 190/1109/1109 228/1110/1110
f 187/1111/1111 205/1112/1112 189/1113/1113
f 189/1114/1114 205/1115/1115 188/1116/1116
f 189/1117/1117 188/1118/1118 190/1119/1119
f 175/1120/1120 191/1121/1121 104/1122/1122
f 175/1123/1123 201/1124/1124 191/1125/1125
f 201/1126/1126 202/1127/1127 191/1128/1128
f 191/1129/1129 202/1130/1130 193/1131/1131
f 107/1132/1132 192/1133/1133 183/1134/1134
f 107/1135/1135 197/1136/1136 199/1137/1137
f 107/1138/1138 199/1139/1139 192/1140/1140
f 183/1141/1141 192/1142/1142 195/1143/1143
f 192/1144/1144 194/1145/1145 195/1146/1146
f 183/1147/1147 195/1148/1148 205/1149/1149
f 192/1150/1150 198/1151/1151 194/1152/1152
f 192/1153/1153 199/1154/1154 198/1155/1155
f 191/1156/1156 196/1157/1157 109/1158/1158
f 109/1159/1159 196/1160/1160 197/1161/1161
f 191/1162/1162 193/1163/1163 196/1164/1164
f 196/1165/1165 199/1166/1166 197/1167/1167
f 193/1168/1168 209/1169/1169 196/1170/1170
f 193/1171/1171 203/1172/1172 209/1173/1173
f 196/1174/1174 209/1175/1175 199/1176/1176
f 199/1177/1177 200/1178/1178 198/1179/1179
f 209/1180/1180 211/1181/1181 199/1182/1182
f 199/1183/1183 211/1184/1184 200/1185/1185
f 177/1186/1186 202/1187/1187 201/1188/1188
f 202/1189/1189 207/1190/1190 193/1191/1191
f 177/1192/1192 244/1193/1193 202/1194/1194
f 244/1195/1195 207/1196/1196 202/1197/1197
f 193/1198/1198 207/1199/1199 203/1200/1200
f 205/1201/1201 195/1202/1202 204/1203/1203
f 205/1204/1204 204/1205/1205 206/1206/1206
f 207/1207/1207 208/1208/1208 203/1209/1209
f 203/1210/1210 208/1211/1211 209/1212/1212
f 211/1213/1213 210/1214/1214 200/1215/1215
f 211/1216/1216 212/1217/1217 210/1218/1218
f 209/1219/1219 249/1220/1220 211/1221/1221
f 211/1222/1222 213/1223/1223 212/1224/1224
f 211/1225/1225 214/1226/1226 213/1227/1227
f 208/1228/1228 249/1229/1229 209/1230/1230
f 211/1231/1231 249/1232/1232 214/1233/1233
f 249/1234/1234 250/1235/1235 214/1236/1236
f 176/1237/1237 158/1238/1238 215/1239/1239
f 217/1240/1240 216/1241/1241 215/1242/1242
f 176/1243/1243 215/1244/1244 177/1245/1245
f 177/1246/1246 215/1247/1247 216/1248/1248
f 177/1249/1249 216/1250/1250 244/1251/1251
f 244/1252/1252 216/1253/1253 225/1254/1254
f 167/1255/1255 218/1256/1256 160/1257/1257
f 160/1258/1258 220/1259/1259 217/1260/1260
f 167/1261/1261 168/1262/1262 218/1263/1263
f 160/1264/1264 218/1265/1265 220/1266/1266
f 217/1267/1267 220/1268/1268 216/1269/1269
f 169/1270/1270 232/1271/1271 219/1272/1272
f 218/1273/1273 168/1274/1274 222/1275/1275
f 168/1276/1276 219/1277/1277 222/1278/1278
f 220/1279/1279 225/1280/1280 216/1281/1281
f 220/1282/1282 221/1283/1283 225/1284/1284
f 218/1285/1285 221/1286/1286 220/1287/1287
f 218/1288/1288 222/1289/1289 221/1290/1290
f 185/1291/1291 223/1292/1292 170/1293/1293
f 223/1294/1294 224/1295/1295 170/1296/1296
f 170/1297/1297 233/1298/1298 232/1299/1299
f 170/1300/1300 224/1301/1301 233/1302/1302
f 223/1303/1303 233/1304/1304 224/1305/1305
f 223/1306/1306 226/1307/1307 233/1308/1308
f 226/1309/1309 229/1310/1310 233/1311/1311
f 226/1312/1312 189/1313/1313 229/1314/1314
f 229/1315/1315 189/1316/1316 228/1317/1317
f 229/1318/1318 228/1319/1319 230/1320/1320
f 229/1321/1321 230/1322/1322 231/1323/1323
f 229/1324/1324 236/1325/1325 233/1326/1326
f 229/1327/1327 231/1328/1328 238/1329/1329
f 229/1330/1330 238/1331/1331 236/1332/1332
f 238/1333/1333 231/1334/1334 227/1335/1335
f 232/1336/1336 233/1337/1337 234/1338/1338
f 219/1339/1339 232/1340/1340 234/1341/1341
f 221/1342/1342 254/1343/1343 225/1344/1344
f 219/1345/1345 235/1346/1346 222/1347/1347
f 222/1348/1348 254/1349/1349 221/1350/1350
f 219/1351/1351 234/1352/1352 235/1353/1353
f 222/1354/1354 235/1355/1355 254/1356/1356
f 234/1357/1357 237/1358/1358 235/1359/1359
f 233/1360/1360 236/1361/1361 234/1362/1362
f 234/1363/1363 236/1364/1364 237/1365/1365
f 236/1366/1366 238/1367/1367 237/1368/1368
f 238/1369/1369 227/1370/1370 239/1371/1371
f 238/1372/1372 239/1373/1373 240/1374/1374
f 238/1375/1375 240/1376/1376 241/1377/1377
f 241/1378/1378 240/1379/1379 242/1380/1380
f 238/1381/1381 241/1382/1382 237/1383/1383
f 235/1384/1384 237/1385/1385 257/1386/1386
f 237/1387/1387 241/1388/1388 258/1389/1389
f 241/1390/1390 242/1391/1391 243/1392/1392
f 258/1393/1393 241/1394/1394 243/1395/1395
f 244/1396/1396 246/1397/1397 245/1398/1398
f 244/1399/1399 245/1400/1400 207/1401/1401
f 244/1402/1402 225/1403/1403 246/1404/1404
f 245/1405/1405 246/1406/1406 247/1407/1407
f 246/1408/1408 254/1409/1409 247/1410/1410
f 245/1411/1411 247/1412/1412 207/1413/1413
f 207/1414/1414 247/1415/1415 208/1416/1416
f 208/1417/1417 247/1418/1418 248/1419/1419
f 247/1420/1420 255/1421/1421 248/1422/1422
f 255/1423/1423 252/1424/1424 248/1425/1425
f 208/1426/1426 248/1427/1427 249/1428/1428
f 249/1429/1429 248/1430/1430 252/1431/1431
f 249/1432/1432 251/1433/1433 250/1434/1434
f 249/1435/1435 252/1436/1436 251/1437/1437
f 252/1438/1438 253/1439/1439 251/1440/1440
f 252/1441/1441 261/1442/1442 253/1443/1443
f 225/1444/1444 254/1445/1445 246/1446/1446
f 254/1447/1447 235/1448/1448 257/1449/1449
f 254/1450/1450 255/1451/1451 247/1452/1452
f 254/1453/1453 257/1454/1454 255/1455/1455
f 257/1456/1456 256/1457/1457 255/1458/1458
f 255/1459/1459 256/1460/1460 252/1461/1461
f 257/1462/1462 237/1463/1463 258/1464/1464
f 258/1465/1465 243/1466/1466 260/1467/1467
f 257/1468/1468 258/1469/1469 256/1470/1470
f 258/1471/1471 259/1472/1472 256/1473/1473
f 258/1474/1474 260/1475/1475 259/1476/1476
f 256/1477/1477 261/1478/1478 252/1479/1479
f 256/1480/1480 262/1481/1481 261/1482/1482
f 256/1483/1483 259/1484/1484 262/1485/1485
f 194/1486/1486 198/1487/1487 195/1488/1488
f 195/1489/1489 210/1490/1490 204/1491/1491
f 198/1492/1492 210/1493/1493 195/1494/1494
f 200/1495/1495 210/1496/1496 198/1497/1497
f 188/1498/1498 206/1499/1499 212/1500/1500
f 204/1501/1501 212/1502/1502 206/1503/1503
f 188/1504/1504 212/1505/1505 213/1506/1506
f 190/1507/1507 188/1508/1508 214/1509/1509
f 188/1510/1510 213/1511/1511 214/1512/1512
f 190/1513/1513 214/1514/1514 250/1515/1515
f 204/1516/1516 210/1517/1517 212/1518/1518
f 239/1519/1519 227/1520/1520 253/1521/1521
f 190/1522/1522 250/1523/1523 228/1524/1524
f 228/1525/1525 251/1526/1526 230/1527/1527
f 230/1528/1528 251/1529/1529 231/1530/1530
f 231/1531/1531 253/1532/1532 227/1533/1533
f 231/1534/1534 251/1535/1535 253/1536/1536
f 228/1537/1537 250/1538/1538 251/1539/1539
f 239/1540/1540 261/1541/1541 240/1542/1542
f 240/1543/1543 262/1544/1544 242/1545/1545
f 239/1546/1546 253/1547/1547 261/1548/1548
f 240/1549/1549 261/1550/1550 262/1551/1551
f 242/1552/1552 262/1553/1553 243/1554/1554
f 260/1555/1555 243/1556/1556 259/1557/1557
f 262/1558/1558 259/1559/1559 243/1560/1560
